version 1
nodes
0 "root" -1
end
skeleton
time 0
0 0 0 0 0 0 0
end
triangles
cl_navy
0 3.40000 3.78000 0.30000 0.11749 0.99307 0.00000 0.68000 0.06000 1 0 1.0
0 3.40000 3.78000 0.60000 0.11749 0.99307 0.00000 0.68000 0.12000 1 0 1.0
0 4.20108 3.68523 0.60000 0.11749 0.99307 0.00000 0.84022 0.12000 1 0 1.0
cl_navy
0 3.40000 3.78000 0.30000 0.11749 0.99307 0.00000 0.68000 0.06000 1 0 1.0
0 4.20108 3.68523 0.60000 0.11749 0.99307 0.00000 0.84022 0.12000 1 0 1.0
0 4.20108 3.68523 0.30000 0.11749 0.99307 0.00000 0.84022 0.06000 1 0 1.0
cl_navy
0 4.20108 3.68523 0.30000 0.34487 0.93865 0.00000 0.84022 0.06000 1 0 1.0
0 4.20108 3.68523 0.60000 0.34487 0.93865 0.00000 0.84022 0.12000 1 0 1.0
0 4.96198 3.40566 0.60000 0.34487 0.93865 0.00000 0.99240 0.12000 1 0 1.0
cl_navy
0 4.20108 3.68523 0.30000 0.34487 0.93865 0.00000 0.84022 0.06000 1 0 1.0
0 4.96198 3.40566 0.60000 0.34487 0.93865 0.00000 0.99240 0.12000 1 0 1.0
0 4.96198 3.40566 0.30000 0.34487 0.93865 0.00000 0.99240 0.06000 1 0 1.0
cl_navy
0 4.96198 3.40566 0.30000 0.55070 0.83470 0.00000 0.99240 0.06000 1 0 1.0
0 4.96198 3.40566 0.60000 0.55070 0.83470 0.00000 0.99240 0.12000 1 0 1.0
0 5.64456 2.95532 0.60000 0.55070 0.83470 0.00000 1.12891 0.12000 1 0 1.0
cl_navy
0 4.96198 3.40566 0.30000 0.55070 0.83470 0.00000 0.99240 0.06000 1 0 1.0
0 5.64456 2.95532 0.60000 0.55070 0.83470 0.00000 1.12891 0.12000 1 0 1.0
0 5.64456 2.95532 0.30000 0.55070 0.83470 0.00000 1.12891 0.06000 1 0 1.0
cl_navy
0 5.64456 2.95532 0.30000 0.72414 0.68966 0.00000 0.59106 0.06000 1 0 1.0
0 5.64456 2.95532 0.60000 0.72414 0.68966 0.00000 0.59106 0.12000 1 0 1.0
0 6.21459 2.35679 0.60000 0.72414 0.68966 0.00000 0.47136 0.12000 1 0 1.0
cl_navy
0 5.64456 2.95532 0.30000 0.72414 0.68966 0.00000 0.59106 0.06000 1 0 1.0
0 6.21459 2.35679 0.60000 0.72414 0.68966 0.00000 0.47136 0.12000 1 0 1.0
0 6.21459 2.35679 0.30000 0.72414 0.68966 0.00000 0.47136 0.06000 1 0 1.0
cl_navy
0 6.21459 2.35679 0.30000 0.85809 0.51350 0.00000 0.47136 0.06000 1 0 1.0
0 6.21459 2.35679 0.60000 0.85809 0.51350 0.00000 0.47136 0.12000 1 0 1.0
0 6.64349 1.64008 0.60000 0.85809 0.51350 0.00000 0.32802 0.12000 1 0 1.0
cl_navy
0 6.21459 2.35679 0.30000 0.85809 0.51350 0.00000 0.47136 0.06000 1 0 1.0
0 6.64349 1.64008 0.60000 0.85809 0.51350 0.00000 0.32802 0.12000 1 0 1.0
0 6.64349 1.64008 0.30000 0.85809 0.51350 0.00000 0.32802 0.06000 1 0 1.0
cl_navy
0 6.64349 1.64008 0.30000 0.94871 0.31616 0.00000 0.32802 0.06000 1 0 1.0
0 6.64349 1.64008 0.60000 0.94871 0.31616 0.00000 0.32802 0.12000 1 0 1.0
0 6.90974 0.84113 0.60000 0.94871 0.31616 0.00000 0.16823 0.12000 1 0 1.0
cl_navy
0 6.64349 1.64008 0.30000 0.94871 0.31616 0.00000 0.32802 0.06000 1 0 1.0
0 6.90974 0.84113 0.60000 0.94871 0.31616 0.00000 0.16823 0.12000 1 0 1.0
0 6.90974 0.84113 0.30000 0.94871 0.31616 0.00000 0.16823 0.06000 1 0 1.0
cl_navy
0 6.90974 0.84113 0.30000 0.99429 0.10670 0.00000 0.16823 0.06000 1 0 1.0
0 6.90974 0.84113 0.60000 0.99429 0.10670 0.00000 0.16823 0.12000 1 0 1.0
0 7.00000 0.00000 0.60000 0.99429 0.10670 0.00000 0.00000 0.12000 1 0 1.0
cl_navy
0 6.90974 0.84113 0.30000 0.99429 0.10670 0.00000 0.16823 0.06000 1 0 1.0
0 7.00000 0.00000 0.60000 0.99429 0.10670 0.00000 0.00000 0.12000 1 0 1.0
0 7.00000 0.00000 0.30000 0.99429 0.10670 0.00000 0.00000 0.06000 1 0 1.0
cl_navy
0 7.00000 0.00000 0.30000 0.99429 -0.10670 0.00000 0.00000 0.06000 1 0 1.0
0 7.00000 0.00000 0.60000 0.99429 -0.10670 0.00000 0.00000 0.12000 1 0 1.0
0 6.90974 -0.84113 0.60000 0.99429 -0.10670 0.00000 -0.16823 0.12000 1 0 1.0
cl_navy
0 7.00000 0.00000 0.30000 0.99429 -0.10670 0.00000 0.00000 0.06000 1 0 1.0
0 6.90974 -0.84113 0.60000 0.99429 -0.10670 0.00000 -0.16823 0.12000 1 0 1.0
0 6.90974 -0.84113 0.30000 0.99429 -0.10670 0.00000 -0.16823 0.06000 1 0 1.0
cl_navy
0 6.90974 -0.84113 0.30000 0.94871 -0.31616 0.00000 -0.16823 0.06000 1 0 1.0
0 6.90974 -0.84113 0.60000 0.94871 -0.31616 0.00000 -0.16823 0.12000 1 0 1.0
0 6.64349 -1.64008 0.60000 0.94871 -0.31616 0.00000 -0.32802 0.12000 1 0 1.0
cl_navy
0 6.90974 -0.84113 0.30000 0.94871 -0.31616 0.00000 -0.16823 0.06000 1 0 1.0
0 6.64349 -1.64008 0.60000 0.94871 -0.31616 0.00000 -0.32802 0.12000 1 0 1.0
0 6.64349 -1.64008 0.30000 0.94871 -0.31616 0.00000 -0.32802 0.06000 1 0 1.0
cl_navy
0 6.64349 -1.64008 0.30000 0.85809 -0.51350 0.00000 -0.32802 0.06000 1 0 1.0
0 6.64349 -1.64008 0.60000 0.85809 -0.51350 0.00000 -0.32802 0.12000 1 0 1.0
0 6.21459 -2.35679 0.60000 0.85809 -0.51350 0.00000 -0.47136 0.12000 1 0 1.0
cl_navy
0 6.64349 -1.64008 0.30000 0.85809 -0.51350 0.00000 -0.32802 0.06000 1 0 1.0
0 6.21459 -2.35679 0.60000 0.85809 -0.51350 0.00000 -0.47136 0.12000 1 0 1.0
0 6.21459 -2.35679 0.30000 0.85809 -0.51350 0.00000 -0.47136 0.06000 1 0 1.0
cl_navy
0 6.21459 -2.35679 0.30000 0.72414 -0.68966 0.00000 -0.47136 0.06000 1 0 1.0
0 6.21459 -2.35679 0.60000 0.72414 -0.68966 0.00000 -0.47136 0.12000 1 0 1.0
0 5.64456 -2.95532 0.60000 0.72414 -0.68966 0.00000 -0.59106 0.12000 1 0 1.0
cl_navy
0 6.21459 -2.35679 0.30000 0.72414 -0.68966 0.00000 -0.47136 0.06000 1 0 1.0
0 5.64456 -2.95532 0.60000 0.72414 -0.68966 0.00000 -0.59106 0.12000 1 0 1.0
0 5.64456 -2.95532 0.30000 0.72414 -0.68966 0.00000 -0.59106 0.06000 1 0 1.0
cl_navy
0 5.64456 -2.95532 0.30000 0.55070 -0.83470 0.00000 1.12891 0.06000 1 0 1.0
0 5.64456 -2.95532 0.60000 0.55070 -0.83470 0.00000 1.12891 0.12000 1 0 1.0
0 4.96198 -3.40566 0.60000 0.55070 -0.83470 0.00000 0.99240 0.12000 1 0 1.0
cl_navy
0 5.64456 -2.95532 0.30000 0.55070 -0.83470 0.00000 1.12891 0.06000 1 0 1.0
0 4.96198 -3.40566 0.60000 0.55070 -0.83470 0.00000 0.99240 0.12000 1 0 1.0
0 4.96198 -3.40566 0.30000 0.55070 -0.83470 0.00000 0.99240 0.06000 1 0 1.0
cl_navy
0 4.96198 -3.40566 0.30000 0.34487 -0.93865 0.00000 0.99240 0.06000 1 0 1.0
0 4.96198 -3.40566 0.60000 0.34487 -0.93865 0.00000 0.99240 0.12000 1 0 1.0
0 4.20108 -3.68523 0.60000 0.34487 -0.93865 0.00000 0.84022 0.12000 1 0 1.0
cl_navy
0 4.96198 -3.40566 0.30000 0.34487 -0.93865 0.00000 0.99240 0.06000 1 0 1.0
0 4.20108 -3.68523 0.60000 0.34487 -0.93865 0.00000 0.84022 0.12000 1 0 1.0
0 4.20108 -3.68523 0.30000 0.34487 -0.93865 0.00000 0.84022 0.06000 1 0 1.0
cl_navy
0 4.20108 -3.68523 0.30000 0.11749 -0.99307 0.00000 0.84022 0.06000 1 0 1.0
0 4.20108 -3.68523 0.60000 0.11749 -0.99307 0.00000 0.84022 0.12000 1 0 1.0
0 3.40000 -3.78000 0.60000 0.11749 -0.99307 0.00000 0.68000 0.12000 1 0 1.0
cl_navy
0 4.20108 -3.68523 0.30000 0.11749 -0.99307 0.00000 0.84022 0.06000 1 0 1.0
0 3.40000 -3.78000 0.60000 0.11749 -0.99307 0.00000 0.68000 0.12000 1 0 1.0
0 3.40000 -3.78000 0.30000 0.11749 -0.99307 0.00000 0.68000 0.06000 1 0 1.0
cl_navy
0 3.40000 -3.78000 0.30000 -0.11749 -0.99307 0.00000 0.68000 0.06000 1 0 1.0
0 3.40000 -3.78000 0.60000 -0.11749 -0.99307 0.00000 0.68000 0.12000 1 0 1.0
0 2.59892 -3.68523 0.60000 -0.11749 -0.99307 0.00000 0.51978 0.12000 1 0 1.0
cl_navy
0 3.40000 -3.78000 0.30000 -0.11749 -0.99307 0.00000 0.68000 0.06000 1 0 1.0
0 2.59892 -3.68523 0.60000 -0.11749 -0.99307 0.00000 0.51978 0.12000 1 0 1.0
0 2.59892 -3.68523 0.30000 -0.11749 -0.99307 0.00000 0.51978 0.06000 1 0 1.0
cl_navy
0 2.59892 -3.68523 0.30000 -0.34487 -0.93865 0.00000 0.51978 0.06000 1 0 1.0
0 2.59892 -3.68523 0.60000 -0.34487 -0.93865 0.00000 0.51978 0.12000 1 0 1.0
0 1.83802 -3.40566 0.60000 -0.34487 -0.93865 0.00000 0.36760 0.12000 1 0 1.0
cl_navy
0 2.59892 -3.68523 0.30000 -0.34487 -0.93865 0.00000 0.51978 0.06000 1 0 1.0
0 1.83802 -3.40566 0.60000 -0.34487 -0.93865 0.00000 0.36760 0.12000 1 0 1.0
0 1.83802 -3.40566 0.30000 -0.34487 -0.93865 0.00000 0.36760 0.06000 1 0 1.0
cl_navy
0 1.83802 -3.40566 0.30000 -0.55070 -0.83470 0.00000 0.36760 0.06000 1 0 1.0
0 1.83802 -3.40566 0.60000 -0.55070 -0.83470 0.00000 0.36760 0.12000 1 0 1.0
0 1.15544 -2.95532 0.60000 -0.55070 -0.83470 0.00000 0.23109 0.12000 1 0 1.0
cl_navy
0 1.83802 -3.40566 0.30000 -0.55070 -0.83470 0.00000 0.36760 0.06000 1 0 1.0
0 1.15544 -2.95532 0.60000 -0.55070 -0.83470 0.00000 0.23109 0.12000 1 0 1.0
0 1.15544 -2.95532 0.30000 -0.55070 -0.83470 0.00000 0.23109 0.06000 1 0 1.0
cl_navy
0 1.15544 -2.95532 0.30000 -0.72414 -0.68966 0.00000 -0.59106 0.06000 1 0 1.0
0 1.15544 -2.95532 0.60000 -0.72414 -0.68966 0.00000 -0.59106 0.12000 1 0 1.0
0 0.58541 -2.35679 0.60000 -0.72414 -0.68966 0.00000 -0.47136 0.12000 1 0 1.0
cl_navy
0 1.15544 -2.95532 0.30000 -0.72414 -0.68966 0.00000 -0.59106 0.06000 1 0 1.0
0 0.58541 -2.35679 0.60000 -0.72414 -0.68966 0.00000 -0.47136 0.12000 1 0 1.0
0 0.58541 -2.35679 0.30000 -0.72414 -0.68966 0.00000 -0.47136 0.06000 1 0 1.0
cl_navy
0 0.58541 -2.35679 0.30000 -0.85809 -0.51350 0.00000 -0.47136 0.06000 1 0 1.0
0 0.58541 -2.35679 0.60000 -0.85809 -0.51350 0.00000 -0.47136 0.12000 1 0 1.0
0 0.15651 -1.64008 0.60000 -0.85809 -0.51350 0.00000 -0.32802 0.12000 1 0 1.0
cl_navy
0 0.58541 -2.35679 0.30000 -0.85809 -0.51350 0.00000 -0.47136 0.06000 1 0 1.0
0 0.15651 -1.64008 0.60000 -0.85809 -0.51350 0.00000 -0.32802 0.12000 1 0 1.0
0 0.15651 -1.64008 0.30000 -0.85809 -0.51350 0.00000 -0.32802 0.06000 1 0 1.0
cl_navy
0 0.15651 -1.64008 0.30000 -0.94871 -0.31616 0.00000 -0.32802 0.06000 1 0 1.0
0 0.15651 -1.64008 0.60000 -0.94871 -0.31616 0.00000 -0.32802 0.12000 1 0 1.0
0 -0.10974 -0.84113 0.60000 -0.94871 -0.31616 0.00000 -0.16823 0.12000 1 0 1.0
cl_navy
0 0.15651 -1.64008 0.30000 -0.94871 -0.31616 0.00000 -0.32802 0.06000 1 0 1.0
0 -0.10974 -0.84113 0.60000 -0.94871 -0.31616 0.00000 -0.16823 0.12000 1 0 1.0
0 -0.10974 -0.84113 0.30000 -0.94871 -0.31616 0.00000 -0.16823 0.06000 1 0 1.0
cl_navy
0 -0.10974 -0.84113 0.30000 -0.99429 -0.10670 0.00000 -0.16823 0.06000 1 0 1.0
0 -0.10974 -0.84113 0.60000 -0.99429 -0.10670 0.00000 -0.16823 0.12000 1 0 1.0
0 -0.20000 0.00000 0.60000 -0.99429 -0.10670 0.00000 0.00000 0.12000 1 0 1.0
cl_navy
0 -0.10974 -0.84113 0.30000 -0.99429 -0.10670 0.00000 -0.16823 0.06000 1 0 1.0
0 -0.20000 0.00000 0.60000 -0.99429 -0.10670 0.00000 0.00000 0.12000 1 0 1.0
0 -0.20000 0.00000 0.30000 -0.99429 -0.10670 0.00000 0.00000 0.06000 1 0 1.0
cl_navy
0 -0.20000 0.00000 0.30000 -0.99429 0.10670 0.00000 0.00000 0.06000 1 0 1.0
0 -0.20000 0.00000 0.60000 -0.99429 0.10670 0.00000 0.00000 0.12000 1 0 1.0
0 -0.10974 0.84113 0.60000 -0.99429 0.10670 0.00000 0.16823 0.12000 1 0 1.0
cl_navy
0 -0.20000 0.00000 0.30000 -0.99429 0.10670 0.00000 0.00000 0.06000 1 0 1.0
0 -0.10974 0.84113 0.60000 -0.99429 0.10670 0.00000 0.16823 0.12000 1 0 1.0
0 -0.10974 0.84113 0.30000 -0.99429 0.10670 0.00000 0.16823 0.06000 1 0 1.0
cl_navy
0 -0.10974 0.84113 0.30000 -0.94871 0.31616 0.00000 0.16823 0.06000 1 0 1.0
0 -0.10974 0.84113 0.60000 -0.94871 0.31616 0.00000 0.16823 0.12000 1 0 1.0
0 0.15651 1.64008 0.60000 -0.94871 0.31616 0.00000 0.32802 0.12000 1 0 1.0
cl_navy
0 -0.10974 0.84113 0.30000 -0.94871 0.31616 0.00000 0.16823 0.06000 1 0 1.0
0 0.15651 1.64008 0.60000 -0.94871 0.31616 0.00000 0.32802 0.12000 1 0 1.0
0 0.15651 1.64008 0.30000 -0.94871 0.31616 0.00000 0.32802 0.06000 1 0 1.0
cl_navy
0 0.15651 1.64008 0.30000 -0.85809 0.51350 0.00000 0.32802 0.06000 1 0 1.0
0 0.15651 1.64008 0.60000 -0.85809 0.51350 0.00000 0.32802 0.12000 1 0 1.0
0 0.58541 2.35679 0.60000 -0.85809 0.51350 0.00000 0.47136 0.12000 1 0 1.0
cl_navy
0 0.15651 1.64008 0.30000 -0.85809 0.51350 0.00000 0.32802 0.06000 1 0 1.0
0 0.58541 2.35679 0.60000 -0.85809 0.51350 0.00000 0.47136 0.12000 1 0 1.0
0 0.58541 2.35679 0.30000 -0.85809 0.51350 0.00000 0.47136 0.06000 1 0 1.0
cl_navy
0 0.58541 2.35679 0.30000 -0.72414 0.68966 0.00000 0.47136 0.06000 1 0 1.0
0 0.58541 2.35679 0.60000 -0.72414 0.68966 0.00000 0.47136 0.12000 1 0 1.0
0 1.15544 2.95532 0.60000 -0.72414 0.68966 0.00000 0.59106 0.12000 1 0 1.0
cl_navy
0 0.58541 2.35679 0.30000 -0.72414 0.68966 0.00000 0.47136 0.06000 1 0 1.0
0 1.15544 2.95532 0.60000 -0.72414 0.68966 0.00000 0.59106 0.12000 1 0 1.0
0 1.15544 2.95532 0.30000 -0.72414 0.68966 0.00000 0.59106 0.06000 1 0 1.0
cl_navy
0 1.15544 2.95532 0.30000 -0.55070 0.83470 0.00000 0.23109 0.06000 1 0 1.0
0 1.15544 2.95532 0.60000 -0.55070 0.83470 0.00000 0.23109 0.12000 1 0 1.0
0 1.83802 3.40566 0.60000 -0.55070 0.83470 0.00000 0.36760 0.12000 1 0 1.0
cl_navy
0 1.15544 2.95532 0.30000 -0.55070 0.83470 0.00000 0.23109 0.06000 1 0 1.0
0 1.83802 3.40566 0.60000 -0.55070 0.83470 0.00000 0.36760 0.12000 1 0 1.0
0 1.83802 3.40566 0.30000 -0.55070 0.83470 0.00000 0.36760 0.06000 1 0 1.0
cl_navy
0 4.96198 3.40566 0.60000 0.00000 0.00000 1.00000 0.99240 0.68113 1 0 1.0
0 4.20108 3.68523 0.60000 0.00000 0.00000 1.00000 0.84022 0.73705 1 0 1.0
0 3.40000 3.78000 0.60000 0.00000 0.00000 1.00000 0.68000 0.75600 1 0 1.0
cl_navy
0 3.40000 3.78000 0.60000 0.00000 0.00000 1.00000 0.68000 0.75600 1 0 1.0
0 2.59892 3.68523 0.60000 0.00000 0.00000 1.00000 0.51978 0.73705 1 0 1.0
0 1.83802 3.40566 0.60000 0.00000 0.00000 1.00000 0.36760 0.68113 1 0 1.0
cl_navy
0 1.83802 3.40566 0.60000 0.00000 0.00000 1.00000 0.36760 0.68113 1 0 1.0
0 1.15544 2.95532 0.60000 0.00000 0.00000 1.00000 0.23109 0.59106 1 0 1.0
0 0.58541 2.35679 0.60000 0.00000 0.00000 1.00000 0.11708 0.47136 1 0 1.0
cl_navy
0 0.58541 2.35679 0.60000 0.00000 0.00000 1.00000 0.11708 0.47136 1 0 1.0
0 0.15651 1.64008 0.60000 0.00000 0.00000 1.00000 0.03130 0.32802 1 0 1.0
0 -0.10974 0.84113 0.60000 0.00000 0.00000 1.00000 -0.02195 0.16823 1 0 1.0
cl_navy
0 -0.10974 0.84113 0.60000 0.00000 0.00000 1.00000 -0.02195 0.16823 1 0 1.0
0 -0.20000 0.00000 0.60000 0.00000 0.00000 1.00000 -0.04000 0.00000 1 0 1.0
0 -0.10974 -0.84113 0.60000 0.00000 0.00000 1.00000 -0.02195 -0.16823 1 0 1.0
cl_navy
0 -0.10974 -0.84113 0.60000 0.00000 0.00000 1.00000 -0.02195 -0.16823 1 0 1.0
0 0.15651 -1.64008 0.60000 0.00000 0.00000 1.00000 0.03130 -0.32802 1 0 1.0
0 0.58541 -2.35679 0.60000 0.00000 0.00000 1.00000 0.11708 -0.47136 1 0 1.0
cl_navy
0 0.58541 -2.35679 0.60000 0.00000 0.00000 1.00000 0.11708 -0.47136 1 0 1.0
0 1.15544 -2.95532 0.60000 0.00000 0.00000 1.00000 0.23109 -0.59106 1 0 1.0
0 1.83802 -3.40566 0.60000 0.00000 0.00000 1.00000 0.36760 -0.68113 1 0 1.0
cl_navy
0 1.83802 -3.40566 0.60000 0.00000 0.00000 1.00000 0.36760 -0.68113 1 0 1.0
0 2.59892 -3.68523 0.60000 0.00000 0.00000 1.00000 0.51978 -0.73705 1 0 1.0
0 3.40000 -3.78000 0.60000 0.00000 0.00000 1.00000 0.68000 -0.75600 1 0 1.0
cl_navy
0 3.40000 -3.78000 0.60000 0.00000 0.00000 1.00000 0.68000 -0.75600 1 0 1.0
0 4.20108 -3.68523 0.60000 0.00000 0.00000 1.00000 0.84022 -0.73705 1 0 1.0
0 4.96198 -3.40566 0.60000 0.00000 0.00000 1.00000 0.99240 -0.68113 1 0 1.0
cl_navy
0 4.96198 -3.40566 0.60000 0.00000 0.00000 1.00000 0.99240 -0.68113 1 0 1.0
0 5.64456 -2.95532 0.60000 0.00000 0.00000 1.00000 1.12891 -0.59106 1 0 1.0
0 6.21459 -2.35679 0.60000 0.00000 0.00000 1.00000 1.24292 -0.47136 1 0 1.0
cl_navy
0 6.21459 -2.35679 0.60000 0.00000 0.00000 1.00000 1.24292 -0.47136 1 0 1.0
0 6.64349 -1.64008 0.60000 0.00000 0.00000 1.00000 1.32870 -0.32802 1 0 1.0
0 6.90974 -0.84113 0.60000 0.00000 0.00000 1.00000 1.38195 -0.16823 1 0 1.0
cl_navy
0 6.90974 -0.84113 0.60000 0.00000 0.00000 1.00000 1.38195 -0.16823 1 0 1.0
0 7.00000 0.00000 0.60000 0.00000 0.00000 1.00000 1.40000 0.00000 1 0 1.0
0 6.90974 0.84113 0.60000 0.00000 0.00000 1.00000 1.38195 0.16823 1 0 1.0
cl_navy
0 6.90974 0.84113 0.60000 0.00000 0.00000 1.00000 1.38195 0.16823 1 0 1.0
0 6.64349 1.64008 0.60000 0.00000 0.00000 1.00000 1.32870 0.32802 1 0 1.0
0 6.21459 2.35679 0.60000 0.00000 0.00000 1.00000 1.24292 0.47136 1 0 1.0
cl_navy
0 6.21459 2.35679 0.60000 0.00000 0.00000 1.00000 1.24292 0.47136 1 0 1.0
0 5.64456 2.95532 0.60000 0.00000 0.00000 1.00000 1.12891 0.59106 1 0 1.0
0 4.96198 3.40566 0.60000 0.00000 0.00000 1.00000 0.99240 0.68113 1 0 1.0
cl_navy
0 4.96198 3.40566 0.60000 0.00000 0.00000 1.00000 0.99240 0.68113 1 0 1.0
0 3.40000 3.78000 0.60000 0.00000 0.00000 1.00000 0.68000 0.75600 1 0 1.0
0 1.83802 3.40566 0.60000 0.00000 0.00000 1.00000 0.36760 0.68113 1 0 1.0
cl_navy
0 1.83802 3.40566 0.60000 0.00000 0.00000 1.00000 0.36760 0.68113 1 0 1.0
0 0.58541 2.35679 0.60000 0.00000 0.00000 1.00000 0.11708 0.47136 1 0 1.0
0 -0.10974 0.84113 0.60000 0.00000 0.00000 1.00000 -0.02195 0.16823 1 0 1.0
cl_navy
0 -0.10974 0.84113 0.60000 0.00000 0.00000 1.00000 -0.02195 0.16823 1 0 1.0
0 -0.10974 -0.84113 0.60000 0.00000 0.00000 1.00000 -0.02195 -0.16823 1 0 1.0
0 0.58541 -2.35679 0.60000 0.00000 0.00000 1.00000 0.11708 -0.47136 1 0 1.0
cl_navy
0 0.58541 -2.35679 0.60000 0.00000 0.00000 1.00000 0.11708 -0.47136 1 0 1.0
0 1.83802 -3.40566 0.60000 0.00000 0.00000 1.00000 0.36760 -0.68113 1 0 1.0
0 3.40000 -3.78000 0.60000 0.00000 0.00000 1.00000 0.68000 -0.75600 1 0 1.0
cl_navy
0 3.40000 -3.78000 0.60000 0.00000 0.00000 1.00000 0.68000 -0.75600 1 0 1.0
0 4.96198 -3.40566 0.60000 0.00000 0.00000 1.00000 0.99240 -0.68113 1 0 1.0
0 6.21459 -2.35679 0.60000 0.00000 0.00000 1.00000 1.24292 -0.47136 1 0 1.0
cl_navy
0 6.21459 -2.35679 0.60000 0.00000 0.00000 1.00000 1.24292 -0.47136 1 0 1.0
0 6.90974 -0.84113 0.60000 0.00000 0.00000 1.00000 1.38195 -0.16823 1 0 1.0
0 6.90974 0.84113 0.60000 0.00000 0.00000 1.00000 1.38195 0.16823 1 0 1.0
cl_navy
0 6.90974 0.84113 0.60000 0.00000 0.00000 1.00000 1.38195 0.16823 1 0 1.0
0 6.21459 2.35679 0.60000 0.00000 0.00000 1.00000 1.24292 0.47136 1 0 1.0
0 4.96198 3.40566 0.60000 0.00000 0.00000 1.00000 0.99240 0.68113 1 0 1.0
cl_navy
0 4.96198 3.40566 0.60000 0.00000 0.00000 1.00000 0.99240 0.68113 1 0 1.0
0 1.83802 3.40566 0.60000 0.00000 0.00000 1.00000 0.36760 0.68113 1 0 1.0
0 -0.10974 0.84113 0.60000 0.00000 0.00000 1.00000 -0.02195 0.16823 1 0 1.0
cl_navy
0 -0.10974 0.84113 0.60000 0.00000 0.00000 1.00000 -0.02195 0.16823 1 0 1.0
0 0.58541 -2.35679 0.60000 0.00000 0.00000 1.00000 0.11708 -0.47136 1 0 1.0
0 3.40000 -3.78000 0.60000 0.00000 0.00000 1.00000 0.68000 -0.75600 1 0 1.0
cl_navy
0 3.40000 -3.78000 0.60000 0.00000 0.00000 1.00000 0.68000 -0.75600 1 0 1.0
0 6.21459 -2.35679 0.60000 0.00000 0.00000 1.00000 1.24292 -0.47136 1 0 1.0
0 6.90974 0.84113 0.60000 0.00000 0.00000 1.00000 1.38195 0.16823 1 0 1.0
cl_navy
0 6.90974 0.84113 0.60000 0.00000 0.00000 1.00000 1.38195 0.16823 1 0 1.0
0 4.96198 3.40566 0.60000 0.00000 0.00000 1.00000 0.99240 0.68113 1 0 1.0
0 -0.10974 0.84113 0.60000 0.00000 0.00000 1.00000 -0.02195 0.16823 1 0 1.0
cl_navy
0 -0.10974 0.84113 0.60000 0.00000 0.00000 1.00000 -0.02195 0.16823 1 0 1.0
0 3.40000 -3.78000 0.60000 0.00000 0.00000 1.00000 0.68000 -0.75600 1 0 1.0
0 6.90974 0.84113 0.60000 0.00000 0.00000 1.00000 1.38195 0.16823 1 0 1.0
cl_navy
0 1.83802 3.40566 0.30000 -0.34487 0.93865 0.00000 0.36760 0.06000 1 0 1.0
0 1.83802 3.40566 0.60000 -0.34487 0.93865 0.00000 0.36760 0.12000 1 0 1.0
0 2.59892 3.68523 0.60000 -0.34487 0.93865 0.00000 0.51978 0.12000 1 0 1.0
cl_navy
0 1.83802 3.40566 0.30000 -0.34487 0.93865 0.00000 0.36760 0.06000 1 0 1.0
0 2.59892 3.68523 0.60000 -0.34487 0.93865 0.00000 0.51978 0.12000 1 0 1.0
0 2.59892 3.68523 0.30000 -0.34487 0.93865 0.00000 0.51978 0.06000 1 0 1.0
cl_navy
0 2.59892 3.68523 0.30000 -0.11749 0.99307 0.00000 0.51978 0.06000 1 0 1.0
0 2.59892 3.68523 0.60000 -0.11749 0.99307 0.00000 0.51978 0.12000 1 0 1.0
0 3.40000 3.78000 0.60000 -0.11749 0.99307 0.00000 0.68000 0.12000 1 0 1.0
cl_navy
0 2.59892 3.68523 0.30000 -0.11749 0.99307 0.00000 0.51978 0.06000 1 0 1.0
0 3.40000 3.78000 0.60000 -0.11749 0.99307 0.00000 0.68000 0.12000 1 0 1.0
0 3.40000 3.78000 0.30000 -0.11749 0.99307 0.00000 0.68000 0.06000 1 0 1.0
cl_navy
0 2.59892 3.68523 0.30000 0.00000 0.00000 -1.00000 0.51978 0.73705 1 0 1.0
0 3.40000 3.78000 0.30000 0.00000 0.00000 -1.00000 0.68000 0.75600 1 0 1.0
0 4.20108 3.68523 0.30000 0.00000 0.00000 -1.00000 0.84022 0.73705 1 0 1.0
cl_navy
0 4.20108 3.68523 0.30000 0.00000 0.00000 -1.00000 0.84022 0.73705 1 0 1.0
0 4.96198 3.40566 0.30000 0.00000 0.00000 -1.00000 0.99240 0.68113 1 0 1.0
0 5.64456 2.95532 0.30000 0.00000 0.00000 -1.00000 1.12891 0.59106 1 0 1.0
cl_navy
0 5.64456 2.95532 0.30000 0.00000 0.00000 -1.00000 1.12891 0.59106 1 0 1.0
0 6.21459 2.35679 0.30000 0.00000 0.00000 -1.00000 1.24292 0.47136 1 0 1.0
0 6.64349 1.64008 0.30000 0.00000 0.00000 -1.00000 1.32870 0.32802 1 0 1.0
cl_navy
0 6.64349 1.64008 0.30000 0.00000 0.00000 -1.00000 1.32870 0.32802 1 0 1.0
0 6.90974 0.84113 0.30000 0.00000 0.00000 -1.00000 1.38195 0.16823 1 0 1.0
0 7.00000 0.00000 0.30000 0.00000 0.00000 -1.00000 1.40000 0.00000 1 0 1.0
cl_navy
0 7.00000 0.00000 0.30000 0.00000 0.00000 -1.00000 1.40000 0.00000 1 0 1.0
0 6.90974 -0.84113 0.30000 0.00000 0.00000 -1.00000 1.38195 -0.16823 1 0 1.0
0 6.64349 -1.64008 0.30000 0.00000 0.00000 -1.00000 1.32870 -0.32802 1 0 1.0
cl_navy
0 6.64349 -1.64008 0.30000 0.00000 0.00000 -1.00000 1.32870 -0.32802 1 0 1.0
0 6.21459 -2.35679 0.30000 0.00000 0.00000 -1.00000 1.24292 -0.47136 1 0 1.0
0 5.64456 -2.95532 0.30000 0.00000 0.00000 -1.00000 1.12891 -0.59106 1 0 1.0
cl_navy
0 5.64456 -2.95532 0.30000 0.00000 0.00000 -1.00000 1.12891 -0.59106 1 0 1.0
0 4.96198 -3.40566 0.30000 0.00000 0.00000 -1.00000 0.99240 -0.68113 1 0 1.0
0 4.20108 -3.68523 0.30000 0.00000 0.00000 -1.00000 0.84022 -0.73705 1 0 1.0
cl_navy
0 4.20108 -3.68523 0.30000 0.00000 0.00000 -1.00000 0.84022 -0.73705 1 0 1.0
0 3.40000 -3.78000 0.30000 0.00000 0.00000 -1.00000 0.68000 -0.75600 1 0 1.0
0 2.59892 -3.68523 0.30000 0.00000 0.00000 -1.00000 0.51978 -0.73705 1 0 1.0
cl_navy
0 2.59892 -3.68523 0.30000 0.00000 0.00000 -1.00000 0.51978 -0.73705 1 0 1.0
0 1.83802 -3.40566 0.30000 0.00000 0.00000 -1.00000 0.36760 -0.68113 1 0 1.0
0 1.15544 -2.95532 0.30000 0.00000 0.00000 -1.00000 0.23109 -0.59106 1 0 1.0
cl_navy
0 1.15544 -2.95532 0.30000 0.00000 0.00000 -1.00000 0.23109 -0.59106 1 0 1.0
0 0.58541 -2.35679 0.30000 0.00000 0.00000 -1.00000 0.11708 -0.47136 1 0 1.0
0 0.15651 -1.64008 0.30000 0.00000 0.00000 -1.00000 0.03130 -0.32802 1 0 1.0
cl_navy
0 0.15651 -1.64008 0.30000 0.00000 0.00000 -1.00000 0.03130 -0.32802 1 0 1.0
0 -0.10974 -0.84113 0.30000 0.00000 0.00000 -1.00000 -0.02195 -0.16823 1 0 1.0
0 -0.20000 0.00000 0.30000 0.00000 0.00000 -1.00000 -0.04000 0.00000 1 0 1.0
cl_navy
0 -0.20000 0.00000 0.30000 0.00000 0.00000 -1.00000 -0.04000 0.00000 1 0 1.0
0 -0.10974 0.84113 0.30000 0.00000 0.00000 -1.00000 -0.02195 0.16823 1 0 1.0
0 0.15651 1.64008 0.30000 0.00000 0.00000 -1.00000 0.03130 0.32802 1 0 1.0
cl_navy
0 0.15651 1.64008 0.30000 0.00000 0.00000 -1.00000 0.03130 0.32802 1 0 1.0
0 0.58541 2.35679 0.30000 0.00000 0.00000 -1.00000 0.11708 0.47136 1 0 1.0
0 1.15544 2.95532 0.30000 0.00000 0.00000 -1.00000 0.23109 0.59106 1 0 1.0
cl_navy
0 1.15544 2.95532 0.30000 0.00000 0.00000 -1.00000 0.23109 0.59106 1 0 1.0
0 1.83802 3.40566 0.30000 0.00000 0.00000 -1.00000 0.36760 0.68113 1 0 1.0
0 2.59892 3.68523 0.30000 0.00000 0.00000 -1.00000 0.51978 0.73705 1 0 1.0
cl_navy
0 2.59892 3.68523 0.30000 0.00000 0.00000 -1.00000 0.51978 0.73705 1 0 1.0
0 4.20108 3.68523 0.30000 0.00000 0.00000 -1.00000 0.84022 0.73705 1 0 1.0
0 5.64456 2.95532 0.30000 0.00000 0.00000 -1.00000 1.12891 0.59106 1 0 1.0
cl_navy
0 5.64456 2.95532 0.30000 0.00000 0.00000 -1.00000 1.12891 0.59106 1 0 1.0
0 6.64349 1.64008 0.30000 0.00000 0.00000 -1.00000 1.32870 0.32802 1 0 1.0
0 7.00000 0.00000 0.30000 0.00000 0.00000 -1.00000 1.40000 0.00000 1 0 1.0
cl_navy
0 7.00000 0.00000 0.30000 0.00000 0.00000 -1.00000 1.40000 0.00000 1 0 1.0
0 6.64349 -1.64008 0.30000 0.00000 0.00000 -1.00000 1.32870 -0.32802 1 0 1.0
0 5.64456 -2.95532 0.30000 0.00000 0.00000 -1.00000 1.12891 -0.59106 1 0 1.0
cl_navy
0 5.64456 -2.95532 0.30000 0.00000 0.00000 -1.00000 1.12891 -0.59106 1 0 1.0
0 4.20108 -3.68523 0.30000 0.00000 0.00000 -1.00000 0.84022 -0.73705 1 0 1.0
0 2.59892 -3.68523 0.30000 0.00000 0.00000 -1.00000 0.51978 -0.73705 1 0 1.0
cl_navy
0 2.59892 -3.68523 0.30000 0.00000 0.00000 -1.00000 0.51978 -0.73705 1 0 1.0
0 1.15544 -2.95532 0.30000 0.00000 0.00000 -1.00000 0.23109 -0.59106 1 0 1.0
0 0.15651 -1.64008 0.30000 0.00000 0.00000 -1.00000 0.03130 -0.32802 1 0 1.0
cl_navy
0 0.15651 -1.64008 0.30000 0.00000 0.00000 -1.00000 0.03130 -0.32802 1 0 1.0
0 -0.20000 0.00000 0.30000 0.00000 0.00000 -1.00000 -0.04000 0.00000 1 0 1.0
0 0.15651 1.64008 0.30000 0.00000 0.00000 -1.00000 0.03130 0.32802 1 0 1.0
cl_navy
0 0.15651 1.64008 0.30000 0.00000 0.00000 -1.00000 0.03130 0.32802 1 0 1.0
0 1.15544 2.95532 0.30000 0.00000 0.00000 -1.00000 0.23109 0.59106 1 0 1.0
0 2.59892 3.68523 0.30000 0.00000 0.00000 -1.00000 0.51978 0.73705 1 0 1.0
cl_navy
0 2.59892 3.68523 0.30000 0.00000 0.00000 -1.00000 0.51978 0.73705 1 0 1.0
0 5.64456 2.95532 0.30000 0.00000 0.00000 -1.00000 1.12891 0.59106 1 0 1.0
0 7.00000 0.00000 0.30000 0.00000 0.00000 -1.00000 1.40000 0.00000 1 0 1.0
cl_navy
0 7.00000 0.00000 0.30000 0.00000 0.00000 -1.00000 1.40000 0.00000 1 0 1.0
0 5.64456 -2.95532 0.30000 0.00000 0.00000 -1.00000 1.12891 -0.59106 1 0 1.0
0 2.59892 -3.68523 0.30000 0.00000 0.00000 -1.00000 0.51978 -0.73705 1 0 1.0
cl_navy
0 2.59892 -3.68523 0.30000 0.00000 0.00000 -1.00000 0.51978 -0.73705 1 0 1.0
0 0.15651 -1.64008 0.30000 0.00000 0.00000 -1.00000 0.03130 -0.32802 1 0 1.0
0 0.15651 1.64008 0.30000 0.00000 0.00000 -1.00000 0.03130 0.32802 1 0 1.0
cl_navy
0 0.15651 1.64008 0.30000 0.00000 0.00000 -1.00000 0.03130 0.32802 1 0 1.0
0 2.59892 3.68523 0.30000 0.00000 0.00000 -1.00000 0.51978 0.73705 1 0 1.0
0 7.00000 0.00000 0.30000 0.00000 0.00000 -1.00000 1.40000 0.00000 1 0 1.0
cl_navy
0 7.00000 0.00000 0.30000 0.00000 0.00000 -1.00000 1.40000 0.00000 1 0 1.0
0 2.59892 -3.68523 0.30000 0.00000 0.00000 -1.00000 0.51978 -0.73705 1 0 1.0
0 0.15651 1.64008 0.30000 0.00000 0.00000 -1.00000 0.03130 0.32802 1 0 1.0
cl_navy
0 0.00000 0.22500 3.06029 0.22392 0.68915 -0.68915 0.00000 0.61206 1 0 1.0
0 -0.00000 0.38971 3.22500 0.22392 0.68915 -0.68915 -0.00000 0.64500 1 0 1.0
0 0.22907 0.31528 3.22500 0.22392 0.68915 -0.68915 0.04581 0.64500 1 0 1.0
cl_navy
0 0.00000 0.22500 3.06029 0.22392 0.68915 -0.68915 0.00000 0.61206 1 0 1.0
0 0.22907 0.31528 3.22500 0.22392 0.68915 -0.68915 0.04581 0.64500 1 0 1.0
0 0.13225 0.18203 3.06029 0.22392 0.68915 -0.68915 0.02645 0.61206 1 0 1.0
cl_navy
0 0.00000 0.45000 3.45000 0.29945 0.92160 0.24694 0.00000 0.69000 1 0 1.0
0 -0.00000 0.38971 3.67500 0.29945 0.92160 0.24694 -0.00000 0.73500 1 0 1.0
0 0.22907 0.31528 3.67500 0.29945 0.92160 0.24694 0.04581 0.73500 1 0 1.0
cl_navy
0 0.00000 0.45000 3.45000 0.29945 0.92160 0.24694 0.00000 0.69000 1 0 1.0
0 0.22907 0.31528 3.67500 0.29945 0.92160 0.24694 0.04581 0.73500 1 0 1.0
0 0.26450 0.36406 3.45000 0.29945 0.92160 0.24694 0.05290 0.69000 1 0 1.0
cl_navy
0 0.00000 0.22500 3.83971 0.08380 0.25791 0.96253 0.00000 0.04500 1 0 1.0
0 0.00000 0.00000 3.90000 0.08380 0.25791 0.96253 0.00000 0.00000 1 0 1.0
0 0.13225 0.18203 3.83971 0.08380 0.25791 0.96253 0.02645 0.03641 1 0 1.0
cl_navy
0 0.00000 0.00000 3.00000 0.08380 0.25791 -0.96253 0.00000 0.00000 1 0 1.0
0 0.00000 0.22500 3.06029 0.08380 0.25791 -0.96253 0.00000 0.04500 1 0 1.0
0 0.13225 0.18203 3.06029 0.08380 0.25791 -0.96253 0.02645 0.03641 1 0 1.0
cl_navy
0 -0.00000 0.38971 3.22500 0.29945 0.92160 -0.24694 -0.00000 0.64500 1 0 1.0
0 0.00000 0.45000 3.45000 0.29945 0.92160 -0.24694 0.00000 0.69000 1 0 1.0
0 0.26450 0.36406 3.45000 0.29945 0.92160 -0.24694 0.05290 0.69000 1 0 1.0
cl_navy
0 -0.00000 0.38971 3.22500 0.29945 0.92160 -0.24694 -0.00000 0.64500 1 0 1.0
0 0.26450 0.36406 3.45000 0.29945 0.92160 -0.24694 0.05290 0.69000 1 0 1.0
0 0.22907 0.31528 3.22500 0.29945 0.92160 -0.24694 0.04581 0.64500 1 0 1.0
cl_navy
0 -0.00000 0.38971 3.67500 0.22392 0.68915 0.68915 -0.00000 0.73500 1 0 1.0
0 0.00000 0.22500 3.83971 0.22392 0.68915 0.68915 0.00000 0.76794 1 0 1.0
0 0.13225 0.18203 3.83971 0.22392 0.68915 0.68915 0.02645 0.76794 1 0 1.0
cl_navy
0 -0.00000 0.38971 3.67500 0.22392 0.68915 0.68915 -0.00000 0.73500 1 0 1.0
0 0.13225 0.18203 3.83971 0.22392 0.68915 0.68915 0.02645 0.76794 1 0 1.0
0 0.22907 0.31528 3.67500 0.22392 0.68915 0.68915 0.04581 0.73500 1 0 1.0
cl_navy
0 0.26450 0.36406 3.45000 0.78396 0.56958 0.24694 0.07281 0.69000 1 0 1.0
0 0.22907 0.31528 3.67500 0.78396 0.56958 0.24694 0.06306 0.73500 1 0 1.0
0 0.37064 0.12043 3.67500 0.78396 0.56958 0.24694 0.02409 0.73500 1 0 1.0
cl_navy
0 0.26450 0.36406 3.45000 0.78396 0.56958 0.24694 0.07281 0.69000 1 0 1.0
0 0.37064 0.12043 3.67500 0.78396 0.56958 0.24694 0.02409 0.73500 1 0 1.0
0 0.42798 0.13906 3.45000 0.78396 0.56958 0.24694 0.02781 0.69000 1 0 1.0
cl_navy
0 0.13225 0.18203 3.83971 0.21939 0.15940 0.96253 0.02645 0.03641 1 0 1.0
0 0.00000 0.00000 3.90000 0.21939 0.15940 0.96253 0.00000 0.00000 1 0 1.0
0 0.21399 0.06953 3.83971 0.21939 0.15940 0.96253 0.04280 0.01391 1 0 1.0
cl_navy
0 0.00000 0.00000 3.00000 0.21939 0.15940 -0.96253 0.00000 0.00000 1 0 1.0
0 0.13225 0.18203 3.06029 0.21939 0.15940 -0.96253 0.02645 0.03641 1 0 1.0
0 0.21399 0.06953 3.06029 0.21939 0.15940 -0.96253 0.04280 0.01391 1 0 1.0
cl_navy
0 0.22907 0.31528 3.22500 0.78396 0.56958 -0.24694 0.06306 0.64500 1 0 1.0
0 0.26450 0.36406 3.45000 0.78396 0.56958 -0.24694 0.07281 0.69000 1 0 1.0
0 0.42798 0.13906 3.45000 0.78396 0.56958 -0.24694 0.02781 0.69000 1 0 1.0
cl_navy
0 0.22907 0.31528 3.22500 0.78396 0.56958 -0.24694 0.06306 0.64500 1 0 1.0
0 0.42798 0.13906 3.45000 0.78396 0.56958 -0.24694 0.02781 0.69000 1 0 1.0
0 0.37064 0.12043 3.22500 0.78396 0.56958 -0.24694 0.02409 0.64500 1 0 1.0
cl_navy
0 0.22907 0.31528 3.67500 0.58623 0.42592 0.68915 0.04581 0.06306 1 0 1.0
0 0.13225 0.18203 3.83971 0.58623 0.42592 0.68915 0.02645 0.03641 1 0 1.0
0 0.21399 0.06953 3.83971 0.58623 0.42592 0.68915 0.04280 0.01391 1 0 1.0
cl_navy
0 0.22907 0.31528 3.67500 0.58623 0.42592 0.68915 0.04581 0.06306 1 0 1.0
0 0.21399 0.06953 3.83971 0.58623 0.42592 0.68915 0.04280 0.01391 1 0 1.0
0 0.37064 0.12043 3.67500 0.58623 0.42592 0.68915 0.07413 0.02409 1 0 1.0
cl_navy
0 0.13225 0.18203 3.06029 0.58623 0.42592 -0.68915 0.02645 0.03641 1 0 1.0
0 0.22907 0.31528 3.22500 0.58623 0.42592 -0.68915 0.04581 0.06306 1 0 1.0
0 0.37064 0.12043 3.22500 0.58623 0.42592 -0.68915 0.07413 0.02409 1 0 1.0
cl_navy
0 0.13225 0.18203 3.06029 0.58623 0.42592 -0.68915 0.02645 0.03641 1 0 1.0
0 0.37064 0.12043 3.22500 0.58623 0.42592 -0.68915 0.07413 0.02409 1 0 1.0
0 0.21399 0.06953 3.06029 0.58623 0.42592 -0.68915 0.04280 0.01391 1 0 1.0
cl_navy
0 0.21399 0.06953 3.83971 0.27118 0.00000 0.96253 0.04280 0.01391 1 0 1.0
0 0.00000 0.00000 3.90000 0.27118 0.00000 0.96253 0.00000 0.00000 1 0 1.0
0 0.21399 -0.06953 3.83971 0.27118 0.00000 0.96253 0.04280 -0.01391 1 0 1.0
cl_navy
0 0.00000 0.00000 3.00000 0.27118 0.00000 -0.96253 0.00000 0.00000 1 0 1.0
0 0.21399 0.06953 3.06029 0.27118 0.00000 -0.96253 0.04280 0.01391 1 0 1.0
0 0.21399 -0.06953 3.06029 0.27118 0.00000 -0.96253 0.04280 -0.01391 1 0 1.0
cl_navy
0 0.37064 0.12043 3.22500 0.96903 0.00000 -0.24694 0.02409 0.64500 1 0 1.0
0 0.42798 0.13906 3.45000 0.96903 0.00000 -0.24694 0.02781 0.69000 1 0 1.0
0 0.42798 -0.13906 3.45000 0.96903 0.00000 -0.24694 -0.02781 0.69000 1 0 1.0
cl_navy
0 0.37064 0.12043 3.22500 0.96903 0.00000 -0.24694 0.02409 0.64500 1 0 1.0
0 0.42798 -0.13906 3.45000 0.96903 0.00000 -0.24694 -0.02781 0.69000 1 0 1.0
0 0.37064 -0.12043 3.22500 0.96903 0.00000 -0.24694 -0.02409 0.64500 1 0 1.0
cl_navy
0 0.37064 0.12043 3.67500 0.72462 0.00000 0.68915 0.02409 0.73500 1 0 1.0
0 0.21399 0.06953 3.83971 0.72462 0.00000 0.68915 0.01391 0.76794 1 0 1.0
0 0.21399 -0.06953 3.83971 0.72462 0.00000 0.68915 -0.01391 0.76794 1 0 1.0
cl_navy
0 0.37064 0.12043 3.67500 0.72462 0.00000 0.68915 0.02409 0.73500 1 0 1.0
0 0.21399 -0.06953 3.83971 0.72462 0.00000 0.68915 -0.01391 0.76794 1 0 1.0
0 0.37064 -0.12043 3.67500 0.72462 0.00000 0.68915 -0.02409 0.73500 1 0 1.0
cl_navy
0 0.21399 0.06953 3.06029 0.72462 0.00000 -0.68915 0.01391 0.61206 1 0 1.0
0 0.37064 0.12043 3.22500 0.72462 0.00000 -0.68915 0.02409 0.64500 1 0 1.0
0 0.37064 -0.12043 3.22500 0.72462 0.00000 -0.68915 -0.02409 0.64500 1 0 1.0
cl_navy
0 0.21399 0.06953 3.06029 0.72462 0.00000 -0.68915 0.01391 0.61206 1 0 1.0
0 0.37064 -0.12043 3.22500 0.72462 0.00000 -0.68915 -0.02409 0.64500 1 0 1.0
0 0.21399 -0.06953 3.06029 0.72462 0.00000 -0.68915 -0.01391 0.61206 1 0 1.0
cl_navy
0 0.42798 0.13906 3.45000 0.96903 0.00000 0.24694 0.02781 0.69000 1 0 1.0
0 0.37064 0.12043 3.67500 0.96903 0.00000 0.24694 0.02409 0.73500 1 0 1.0
0 0.37064 -0.12043 3.67500 0.96903 0.00000 0.24694 -0.02409 0.73500 1 0 1.0
cl_navy
0 0.42798 0.13906 3.45000 0.96903 0.00000 0.24694 0.02781 0.69000 1 0 1.0
0 0.37064 -0.12043 3.67500 0.96903 0.00000 0.24694 -0.02409 0.73500 1 0 1.0
0 0.42798 -0.13906 3.45000 0.96903 0.00000 0.24694 -0.02781 0.69000 1 0 1.0
cl_navy
0 0.00000 0.00000 3.00000 0.21939 -0.15940 -0.96253 0.00000 0.00000 1 0 1.0
0 0.21399 -0.06953 3.06029 0.21939 -0.15940 -0.96253 0.04280 -0.01391 1 0 1.0
0 0.13225 -0.18203 3.06029 0.21939 -0.15940 -0.96253 0.02645 -0.03641 1 0 1.0
cl_navy
0 0.37064 -0.12043 3.22500 0.78396 -0.56958 -0.24694 -0.02409 0.64500 1 0 1.0
0 0.42798 -0.13906 3.45000 0.78396 -0.56958 -0.24694 -0.02781 0.69000 1 0 1.0
0 0.26450 -0.36406 3.45000 0.78396 -0.56958 -0.24694 -0.07281 0.69000 1 0 1.0
cl_navy
0 0.37064 -0.12043 3.22500 0.78396 -0.56958 -0.24694 -0.02409 0.64500 1 0 1.0
0 0.26450 -0.36406 3.45000 0.78396 -0.56958 -0.24694 -0.07281 0.69000 1 0 1.0
0 0.22907 -0.31528 3.22500 0.78396 -0.56958 -0.24694 -0.06306 0.64500 1 0 1.0
cl_navy
0 0.37064 -0.12043 3.67500 0.58623 -0.42592 0.68915 0.07413 -0.02409 1 0 1.0
0 0.21399 -0.06953 3.83971 0.58623 -0.42592 0.68915 0.04280 -0.01391 1 0 1.0
0 0.13225 -0.18203 3.83971 0.58623 -0.42592 0.68915 0.02645 -0.03641 1 0 1.0
cl_navy
0 0.37064 -0.12043 3.67500 0.58623 -0.42592 0.68915 0.07413 -0.02409 1 0 1.0
0 0.13225 -0.18203 3.83971 0.58623 -0.42592 0.68915 0.02645 -0.03641 1 0 1.0
0 0.22907 -0.31528 3.67500 0.58623 -0.42592 0.68915 0.04581 -0.06306 1 0 1.0
cl_navy
0 0.21399 -0.06953 3.06029 0.58623 -0.42592 -0.68915 0.04280 -0.01391 1 0 1.0
0 0.37064 -0.12043 3.22500 0.58623 -0.42592 -0.68915 0.07413 -0.02409 1 0 1.0
0 0.22907 -0.31528 3.22500 0.58623 -0.42592 -0.68915 0.04581 -0.06306 1 0 1.0
cl_navy
0 0.21399 -0.06953 3.06029 0.58623 -0.42592 -0.68915 0.04280 -0.01391 1 0 1.0
0 0.22907 -0.31528 3.22500 0.58623 -0.42592 -0.68915 0.04581 -0.06306 1 0 1.0
0 0.13225 -0.18203 3.06029 0.58623 -0.42592 -0.68915 0.02645 -0.03641 1 0 1.0
cl_navy
0 0.42798 -0.13906 3.45000 0.78396 -0.56958 0.24694 -0.02781 0.69000 1 0 1.0
0 0.37064 -0.12043 3.67500 0.78396 -0.56958 0.24694 -0.02409 0.73500 1 0 1.0
0 0.22907 -0.31528 3.67500 0.78396 -0.56958 0.24694 -0.06306 0.73500 1 0 1.0
cl_navy
0 0.42798 -0.13906 3.45000 0.78396 -0.56958 0.24694 -0.02781 0.69000 1 0 1.0
0 0.22907 -0.31528 3.67500 0.78396 -0.56958 0.24694 -0.06306 0.73500 1 0 1.0
0 0.26450 -0.36406 3.45000 0.78396 -0.56958 0.24694 -0.07281 0.69000 1 0 1.0
cl_navy
0 0.21399 -0.06953 3.83971 0.21939 -0.15940 0.96253 0.04280 -0.01391 1 0 1.0
0 0.00000 0.00000 3.90000 0.21939 -0.15940 0.96253 0.00000 0.00000 1 0 1.0
0 0.13225 -0.18203 3.83971 0.21939 -0.15940 0.96253 0.02645 -0.03641 1 0 1.0
cl_navy
0 0.00000 0.00000 3.00000 0.08380 -0.25791 -0.96253 0.00000 0.00000 1 0 1.0
0 0.13225 -0.18203 3.06029 0.08380 -0.25791 -0.96253 0.02645 -0.03641 1 0 1.0
0 -0.00000 -0.22500 3.06029 0.08380 -0.25791 -0.96253 -0.00000 -0.04500 1 0 1.0
cl_navy
0 0.22907 -0.31528 3.22500 0.29945 -0.92160 -0.24694 0.04581 0.64500 1 0 1.0
0 0.26450 -0.36406 3.45000 0.29945 -0.92160 -0.24694 0.05290 0.69000 1 0 1.0
0 -0.00000 -0.45000 3.45000 0.29945 -0.92160 -0.24694 -0.00000 0.69000 1 0 1.0
cl_navy
0 0.22907 -0.31528 3.22500 0.29945 -0.92160 -0.24694 0.04581 0.64500 1 0 1.0
0 -0.00000 -0.45000 3.45000 0.29945 -0.92160 -0.24694 -0.00000 0.69000 1 0 1.0
0 0.00000 -0.38971 3.22500 0.29945 -0.92160 -0.24694 0.00000 0.64500 1 0 1.0
cl_navy
0 0.22907 -0.31528 3.67500 0.22392 -0.68915 0.68915 0.04581 0.73500 1 0 1.0
0 0.13225 -0.18203 3.83971 0.22392 -0.68915 0.68915 0.02645 0.76794 1 0 1.0
0 -0.00000 -0.22500 3.83971 0.22392 -0.68915 0.68915 -0.00000 0.76794 1 0 1.0
cl_navy
0 0.22907 -0.31528 3.67500 0.22392 -0.68915 0.68915 0.04581 0.73500 1 0 1.0
0 -0.00000 -0.22500 3.83971 0.22392 -0.68915 0.68915 -0.00000 0.76794 1 0 1.0
0 0.00000 -0.38971 3.67500 0.22392 -0.68915 0.68915 0.00000 0.73500 1 0 1.0
cl_navy
0 0.13225 -0.18203 3.06029 0.22392 -0.68915 -0.68915 0.02645 0.61206 1 0 1.0
0 0.22907 -0.31528 3.22500 0.22392 -0.68915 -0.68915 0.04581 0.64500 1 0 1.0
0 0.00000 -0.38971 3.22500 0.22392 -0.68915 -0.68915 0.00000 0.64500 1 0 1.0
cl_navy
0 0.13225 -0.18203 3.06029 0.22392 -0.68915 -0.68915 0.02645 0.61206 1 0 1.0
0 0.00000 -0.38971 3.22500 0.22392 -0.68915 -0.68915 0.00000 0.64500 1 0 1.0
0 -0.00000 -0.22500 3.06029 0.22392 -0.68915 -0.68915 -0.00000 0.61206 1 0 1.0
cl_navy
0 0.26450 -0.36406 3.45000 0.29945 -0.92160 0.24694 0.05290 0.69000 1 0 1.0
0 0.22907 -0.31528 3.67500 0.29945 -0.92160 0.24694 0.04581 0.73500 1 0 1.0
0 0.00000 -0.38971 3.67500 0.29945 -0.92160 0.24694 0.00000 0.73500 1 0 1.0
cl_navy
0 0.26450 -0.36406 3.45000 0.29945 -0.92160 0.24694 0.05290 0.69000 1 0 1.0
0 0.00000 -0.38971 3.67500 0.29945 -0.92160 0.24694 0.00000 0.73500 1 0 1.0
0 -0.00000 -0.45000 3.45000 0.29945 -0.92160 0.24694 -0.00000 0.69000 1 0 1.0
cl_navy
0 0.13225 -0.18203 3.83971 0.08380 -0.25791 0.96253 0.02645 -0.03641 1 0 1.0
0 0.00000 0.00000 3.90000 0.08380 -0.25791 0.96253 0.00000 0.00000 1 0 1.0
0 -0.00000 -0.22500 3.83971 0.08380 -0.25791 0.96253 -0.00000 -0.04500 1 0 1.0
cl_navy
0 0.00000 0.00000 3.00000 -0.08380 -0.25791 -0.96253 0.00000 0.00000 1 0 1.0
0 -0.00000 -0.22500 3.06029 -0.08380 -0.25791 -0.96253 -0.00000 -0.04500 1 0 1.0
0 -0.13225 -0.18203 3.06029 -0.08380 -0.25791 -0.96253 -0.02645 -0.03641 1 0 1.0
cl_navy
0 0.00000 -0.38971 3.22500 -0.29945 -0.92160 -0.24694 0.00000 0.64500 1 0 1.0
0 -0.00000 -0.45000 3.45000 -0.29945 -0.92160 -0.24694 -0.00000 0.69000 1 0 1.0
0 -0.26450 -0.36406 3.45000 -0.29945 -0.92160 -0.24694 -0.05290 0.69000 1 0 1.0
cl_navy
0 0.00000 -0.38971 3.22500 -0.29945 -0.92160 -0.24694 0.00000 0.64500 1 0 1.0
0 -0.26450 -0.36406 3.45000 -0.29945 -0.92160 -0.24694 -0.05290 0.69000 1 0 1.0
0 -0.22907 -0.31528 3.22500 -0.29945 -0.92160 -0.24694 -0.04581 0.64500 1 0 1.0
cl_navy
0 0.00000 -0.38971 3.67500 -0.22392 -0.68915 0.68915 0.00000 0.73500 1 0 1.0
0 -0.00000 -0.22500 3.83971 -0.22392 -0.68915 0.68915 -0.00000 0.76794 1 0 1.0
0 -0.13225 -0.18203 3.83971 -0.22392 -0.68915 0.68915 -0.02645 0.76794 1 0 1.0
cl_navy
0 0.00000 -0.38971 3.67500 -0.22392 -0.68915 0.68915 0.00000 0.73500 1 0 1.0
0 -0.13225 -0.18203 3.83971 -0.22392 -0.68915 0.68915 -0.02645 0.76794 1 0 1.0
0 -0.22907 -0.31528 3.67500 -0.22392 -0.68915 0.68915 -0.04581 0.73500 1 0 1.0
cl_navy
0 -0.00000 -0.22500 3.06029 -0.22392 -0.68915 -0.68915 -0.00000 0.61206 1 0 1.0
0 0.00000 -0.38971 3.22500 -0.22392 -0.68915 -0.68915 0.00000 0.64500 1 0 1.0
0 -0.22907 -0.31528 3.22500 -0.22392 -0.68915 -0.68915 -0.04581 0.64500 1 0 1.0
cl_navy
0 -0.00000 -0.22500 3.06029 -0.22392 -0.68915 -0.68915 -0.00000 0.61206 1 0 1.0
0 -0.22907 -0.31528 3.22500 -0.22392 -0.68915 -0.68915 -0.04581 0.64500 1 0 1.0
0 -0.13225 -0.18203 3.06029 -0.22392 -0.68915 -0.68915 -0.02645 0.61206 1 0 1.0
cl_navy
0 -0.00000 -0.45000 3.45000 -0.29945 -0.92160 0.24694 -0.00000 0.69000 1 0 1.0
0 0.00000 -0.38971 3.67500 -0.29945 -0.92160 0.24694 0.00000 0.73500 1 0 1.0
0 -0.22907 -0.31528 3.67500 -0.29945 -0.92160 0.24694 -0.04581 0.73500 1 0 1.0
cl_navy
0 -0.00000 -0.45000 3.45000 -0.29945 -0.92160 0.24694 -0.00000 0.69000 1 0 1.0
0 -0.22907 -0.31528 3.67500 -0.29945 -0.92160 0.24694 -0.04581 0.73500 1 0 1.0
0 -0.26450 -0.36406 3.45000 -0.29945 -0.92160 0.24694 -0.05290 0.69000 1 0 1.0
cl_navy
0 -0.00000 -0.22500 3.83971 -0.08380 -0.25791 0.96253 -0.00000 -0.04500 1 0 1.0
0 0.00000 0.00000 3.90000 -0.08380 -0.25791 0.96253 0.00000 0.00000 1 0 1.0
0 -0.13225 -0.18203 3.83971 -0.08380 -0.25791 0.96253 -0.02645 -0.03641 1 0 1.0
cl_navy
0 -0.22907 -0.31528 3.22500 -0.78396 -0.56958 -0.24694 -0.06306 0.64500 1 0 1.0
0 -0.26450 -0.36406 3.45000 -0.78396 -0.56958 -0.24694 -0.07281 0.69000 1 0 1.0
0 -0.42798 -0.13906 3.45000 -0.78396 -0.56958 -0.24694 -0.02781 0.69000 1 0 1.0
cl_navy
0 -0.22907 -0.31528 3.22500 -0.78396 -0.56958 -0.24694 -0.06306 0.64500 1 0 1.0
0 -0.42798 -0.13906 3.45000 -0.78396 -0.56958 -0.24694 -0.02781 0.69000 1 0 1.0
0 -0.37064 -0.12043 3.22500 -0.78396 -0.56958 -0.24694 -0.02409 0.64500 1 0 1.0
cl_navy
0 -0.22907 -0.31528 3.67500 -0.58623 -0.42592 0.68915 -0.04581 -0.06306 1 0 1.0
0 -0.13225 -0.18203 3.83971 -0.58623 -0.42592 0.68915 -0.02645 -0.03641 1 0 1.0
0 -0.21399 -0.06953 3.83971 -0.58623 -0.42592 0.68915 -0.04280 -0.01391 1 0 1.0
cl_navy
0 -0.22907 -0.31528 3.67500 -0.58623 -0.42592 0.68915 -0.04581 -0.06306 1 0 1.0
0 -0.21399 -0.06953 3.83971 -0.58623 -0.42592 0.68915 -0.04280 -0.01391 1 0 1.0
0 -0.37064 -0.12043 3.67500 -0.58623 -0.42592 0.68915 -0.07413 -0.02409 1 0 1.0
cl_navy
0 -0.13225 -0.18203 3.06029 -0.58623 -0.42592 -0.68915 -0.02645 -0.03641 1 0 1.0
0 -0.22907 -0.31528 3.22500 -0.58623 -0.42592 -0.68915 -0.04581 -0.06306 1 0 1.0
0 -0.37064 -0.12043 3.22500 -0.58623 -0.42592 -0.68915 -0.07413 -0.02409 1 0 1.0
cl_navy
0 -0.13225 -0.18203 3.06029 -0.58623 -0.42592 -0.68915 -0.02645 -0.03641 1 0 1.0
0 -0.37064 -0.12043 3.22500 -0.58623 -0.42592 -0.68915 -0.07413 -0.02409 1 0 1.0
0 -0.21399 -0.06953 3.06029 -0.58623 -0.42592 -0.68915 -0.04280 -0.01391 1 0 1.0
cl_navy
0 -0.26450 -0.36406 3.45000 -0.78396 -0.56958 0.24694 -0.07281 0.69000 1 0 1.0
0 -0.22907 -0.31528 3.67500 -0.78396 -0.56958 0.24694 -0.06306 0.73500 1 0 1.0
0 -0.37064 -0.12043 3.67500 -0.78396 -0.56958 0.24694 -0.02409 0.73500 1 0 1.0
cl_navy
0 -0.26450 -0.36406 3.45000 -0.78396 -0.56958 0.24694 -0.07281 0.69000 1 0 1.0
0 -0.37064 -0.12043 3.67500 -0.78396 -0.56958 0.24694 -0.02409 0.73500 1 0 1.0
0 -0.42798 -0.13906 3.45000 -0.78396 -0.56958 0.24694 -0.02781 0.69000 1 0 1.0
cl_navy
0 -0.13225 -0.18203 3.83971 -0.21939 -0.15940 0.96253 -0.02645 -0.03641 1 0 1.0
0 0.00000 0.00000 3.90000 -0.21939 -0.15940 0.96253 0.00000 0.00000 1 0 1.0
0 -0.21399 -0.06953 3.83971 -0.21939 -0.15940 0.96253 -0.04280 -0.01391 1 0 1.0
cl_navy
0 0.00000 0.00000 3.00000 -0.21939 -0.15940 -0.96253 0.00000 0.00000 1 0 1.0
0 -0.13225 -0.18203 3.06029 -0.21939 -0.15940 -0.96253 -0.02645 -0.03641 1 0 1.0
0 -0.21399 -0.06953 3.06029 -0.21939 -0.15940 -0.96253 -0.04280 -0.01391 1 0 1.0
cl_navy
0 -0.37064 -0.12043 3.67500 -0.72462 0.00000 0.68915 -0.02409 0.73500 1 0 1.0
0 -0.21399 -0.06953 3.83971 -0.72462 0.00000 0.68915 -0.01391 0.76794 1 0 1.0
0 -0.21399 0.06953 3.83971 -0.72462 0.00000 0.68915 0.01391 0.76794 1 0 1.0
cl_navy
0 -0.37064 -0.12043 3.67500 -0.72462 0.00000 0.68915 -0.02409 0.73500 1 0 1.0
0 -0.21399 0.06953 3.83971 -0.72462 0.00000 0.68915 0.01391 0.76794 1 0 1.0
0 -0.37064 0.12043 3.67500 -0.72462 0.00000 0.68915 0.02409 0.73500 1 0 1.0
cl_navy
0 -0.21399 -0.06953 3.06029 -0.72462 0.00000 -0.68915 -0.01391 0.61206 1 0 1.0
0 -0.37064 -0.12043 3.22500 -0.72462 0.00000 -0.68915 -0.02409 0.64500 1 0 1.0
0 -0.37064 0.12043 3.22500 -0.72462 0.00000 -0.68915 0.02409 0.64500 1 0 1.0
cl_navy
0 -0.21399 -0.06953 3.06029 -0.72462 0.00000 -0.68915 -0.01391 0.61206 1 0 1.0
0 -0.37064 0.12043 3.22500 -0.72462 0.00000 -0.68915 0.02409 0.64500 1 0 1.0
0 -0.21399 0.06953 3.06029 -0.72462 0.00000 -0.68915 0.01391 0.61206 1 0 1.0
cl_navy
0 -0.42798 -0.13906 3.45000 -0.96903 0.00000 0.24694 -0.02781 0.69000 1 0 1.0
0 -0.37064 -0.12043 3.67500 -0.96903 0.00000 0.24694 -0.02409 0.73500 1 0 1.0
0 -0.37064 0.12043 3.67500 -0.96903 0.00000 0.24694 0.02409 0.73500 1 0 1.0
cl_navy
0 -0.42798 -0.13906 3.45000 -0.96903 0.00000 0.24694 -0.02781 0.69000 1 0 1.0
0 -0.37064 0.12043 3.67500 -0.96903 0.00000 0.24694 0.02409 0.73500 1 0 1.0
0 -0.42798 0.13906 3.45000 -0.96903 0.00000 0.24694 0.02781 0.69000 1 0 1.0
cl_navy
0 -0.21399 -0.06953 3.83971 -0.27118 0.00000 0.96253 -0.04280 -0.01391 1 0 1.0
0 0.00000 0.00000 3.90000 -0.27118 0.00000 0.96253 0.00000 0.00000 1 0 1.0
0 -0.21399 0.06953 3.83971 -0.27118 0.00000 0.96253 -0.04280 0.01391 1 0 1.0
cl_navy
0 0.00000 0.00000 3.00000 -0.27118 0.00000 -0.96253 0.00000 0.00000 1 0 1.0
0 -0.21399 -0.06953 3.06029 -0.27118 0.00000 -0.96253 -0.04280 -0.01391 1 0 1.0
0 -0.21399 0.06953 3.06029 -0.27118 0.00000 -0.96253 -0.04280 0.01391 1 0 1.0
cl_navy
0 -0.37064 -0.12043 3.22500 -0.96903 0.00000 -0.24694 -0.02409 0.64500 1 0 1.0
0 -0.42798 -0.13906 3.45000 -0.96903 0.00000 -0.24694 -0.02781 0.69000 1 0 1.0
0 -0.42798 0.13906 3.45000 -0.96903 0.00000 -0.24694 0.02781 0.69000 1 0 1.0
cl_navy
0 -0.37064 -0.12043 3.22500 -0.96903 0.00000 -0.24694 -0.02409 0.64500 1 0 1.0
0 -0.42798 0.13906 3.45000 -0.96903 0.00000 -0.24694 0.02781 0.69000 1 0 1.0
0 -0.37064 0.12043 3.22500 -0.96903 0.00000 -0.24694 0.02409 0.64500 1 0 1.0
cl_navy
0 -0.21399 0.06953 3.06029 -0.58623 0.42592 -0.68915 -0.04280 0.01391 1 0 1.0
0 -0.37064 0.12043 3.22500 -0.58623 0.42592 -0.68915 -0.07413 0.02409 1 0 1.0
0 -0.22907 0.31528 3.22500 -0.58623 0.42592 -0.68915 -0.04581 0.06306 1 0 1.0
cl_navy
0 -0.21399 0.06953 3.06029 -0.58623 0.42592 -0.68915 -0.04280 0.01391 1 0 1.0
0 -0.22907 0.31528 3.22500 -0.58623 0.42592 -0.68915 -0.04581 0.06306 1 0 1.0
0 -0.13225 0.18203 3.06029 -0.58623 0.42592 -0.68915 -0.02645 0.03641 1 0 1.0
cl_navy
0 -0.42798 0.13906 3.45000 -0.78396 0.56958 0.24694 0.02781 0.69000 1 0 1.0
0 -0.37064 0.12043 3.67500 -0.78396 0.56958 0.24694 0.02409 0.73500 1 0 1.0
0 -0.22907 0.31528 3.67500 -0.78396 0.56958 0.24694 0.06306 0.73500 1 0 1.0
cl_navy
0 -0.42798 0.13906 3.45000 -0.78396 0.56958 0.24694 0.02781 0.69000 1 0 1.0
0 -0.22907 0.31528 3.67500 -0.78396 0.56958 0.24694 0.06306 0.73500 1 0 1.0
0 -0.26450 0.36406 3.45000 -0.78396 0.56958 0.24694 0.07281 0.69000 1 0 1.0
cl_navy
0 -0.21399 0.06953 3.83971 -0.21939 0.15940 0.96253 -0.04280 0.01391 1 0 1.0
0 0.00000 0.00000 3.90000 -0.21939 0.15940 0.96253 0.00000 0.00000 1 0 1.0
0 -0.13225 0.18203 3.83971 -0.21939 0.15940 0.96253 -0.02645 0.03641 1 0 1.0
cl_navy
0 0.00000 0.00000 3.00000 -0.21939 0.15940 -0.96253 0.00000 0.00000 1 0 1.0
0 -0.21399 0.06953 3.06029 -0.21939 0.15940 -0.96253 -0.04280 0.01391 1 0 1.0
0 -0.13225 0.18203 3.06029 -0.21939 0.15940 -0.96253 -0.02645 0.03641 1 0 1.0
cl_navy
0 -0.37064 0.12043 3.22500 -0.78396 0.56958 -0.24694 0.02409 0.64500 1 0 1.0
0 -0.42798 0.13906 3.45000 -0.78396 0.56958 -0.24694 0.02781 0.69000 1 0 1.0
0 -0.26450 0.36406 3.45000 -0.78396 0.56958 -0.24694 0.07281 0.69000 1 0 1.0
cl_navy
0 -0.37064 0.12043 3.22500 -0.78396 0.56958 -0.24694 0.02409 0.64500 1 0 1.0
0 -0.26450 0.36406 3.45000 -0.78396 0.56958 -0.24694 0.07281 0.69000 1 0 1.0
0 -0.22907 0.31528 3.22500 -0.78396 0.56958 -0.24694 0.06306 0.64500 1 0 1.0
cl_navy
0 -0.37064 0.12043 3.67500 -0.58623 0.42592 0.68915 -0.07413 0.02409 1 0 1.0
0 -0.21399 0.06953 3.83971 -0.58623 0.42592 0.68915 -0.04280 0.01391 1 0 1.0
0 -0.13225 0.18203 3.83971 -0.58623 0.42592 0.68915 -0.02645 0.03641 1 0 1.0
cl_navy
0 -0.37064 0.12043 3.67500 -0.58623 0.42592 0.68915 -0.07413 0.02409 1 0 1.0
0 -0.13225 0.18203 3.83971 -0.58623 0.42592 0.68915 -0.02645 0.03641 1 0 1.0
0 -0.22907 0.31528 3.67500 -0.58623 0.42592 0.68915 -0.04581 0.06306 1 0 1.0
cl_navy
0 -0.13225 0.18203 3.06029 -0.22392 0.68915 -0.68915 -0.02645 0.61206 1 0 1.0
0 -0.22907 0.31528 3.22500 -0.22392 0.68915 -0.68915 -0.04581 0.64500 1 0 1.0
0 -0.00000 0.38971 3.22500 -0.22392 0.68915 -0.68915 -0.00000 0.64500 1 0 1.0
cl_navy
0 -0.13225 0.18203 3.06029 -0.22392 0.68915 -0.68915 -0.02645 0.61206 1 0 1.0
0 -0.00000 0.38971 3.22500 -0.22392 0.68915 -0.68915 -0.00000 0.64500 1 0 1.0
0 0.00000 0.22500 3.06029 -0.22392 0.68915 -0.68915 0.00000 0.61206 1 0 1.0
cl_navy
0 -0.26450 0.36406 3.45000 -0.29945 0.92160 0.24694 -0.05290 0.69000 1 0 1.0
0 -0.22907 0.31528 3.67500 -0.29945 0.92160 0.24694 -0.04581 0.73500 1 0 1.0
0 -0.00000 0.38971 3.67500 -0.29945 0.92160 0.24694 -0.00000 0.73500 1 0 1.0
cl_navy
0 -0.26450 0.36406 3.45000 -0.29945 0.92160 0.24694 -0.05290 0.69000 1 0 1.0
0 -0.00000 0.38971 3.67500 -0.29945 0.92160 0.24694 -0.00000 0.73500 1 0 1.0
0 0.00000 0.45000 3.45000 -0.29945 0.92160 0.24694 0.00000 0.69000 1 0 1.0
cl_navy
0 -0.13225 0.18203 3.83971 -0.08380 0.25791 0.96253 -0.02645 0.03641 1 0 1.0
0 0.00000 0.00000 3.90000 -0.08380 0.25791 0.96253 0.00000 0.00000 1 0 1.0
0 0.00000 0.22500 3.83971 -0.08380 0.25791 0.96253 0.00000 0.04500 1 0 1.0
cl_navy
0 0.00000 0.00000 3.00000 -0.08380 0.25791 -0.96253 0.00000 0.00000 1 0 1.0
0 -0.13225 0.18203 3.06029 -0.08380 0.25791 -0.96253 -0.02645 0.03641 1 0 1.0
0 0.00000 0.22500 3.06029 -0.08380 0.25791 -0.96253 0.00000 0.04500 1 0 1.0
cl_navy
0 -0.22907 0.31528 3.22500 -0.29945 0.92160 -0.24694 -0.04581 0.64500 1 0 1.0
0 -0.26450 0.36406 3.45000 -0.29945 0.92160 -0.24694 -0.05290 0.69000 1 0 1.0
0 0.00000 0.45000 3.45000 -0.29945 0.92160 -0.24694 0.00000 0.69000 1 0 1.0
cl_navy
0 -0.22907 0.31528 3.22500 -0.29945 0.92160 -0.24694 -0.04581 0.64500 1 0 1.0
0 0.00000 0.45000 3.45000 -0.29945 0.92160 -0.24694 0.00000 0.69000 1 0 1.0
0 -0.00000 0.38971 3.22500 -0.29945 0.92160 -0.24694 -0.00000 0.64500 1 0 1.0
cl_navy
0 -0.22907 0.31528 3.67500 -0.22392 0.68915 0.68915 -0.04581 0.73500 1 0 1.0
0 -0.13225 0.18203 3.83971 -0.22392 0.68915 0.68915 -0.02645 0.76794 1 0 1.0
0 0.00000 0.22500 3.83971 -0.22392 0.68915 0.68915 0.00000 0.76794 1 0 1.0
cl_navy
0 -0.22907 0.31528 3.67500 -0.22392 0.68915 0.68915 -0.04581 0.73500 1 0 1.0
0 0.00000 0.22500 3.83971 -0.22392 0.68915 0.68915 0.00000 0.76794 1 0 1.0
0 -0.00000 0.38971 3.67500 -0.22392 0.68915 0.68915 -0.00000 0.73500 1 0 1.0
cl_navy
0 0.00000 3.46410 1.86000 0.09344 0.70975 0.69823 0.00000 0.37200 1 0 1.0
0 0.00000 2.82842 2.50617 0.09344 0.70975 0.69823 0.00000 0.50123 1 0 1.0
0 0.73205 2.73205 2.50617 0.09344 0.70975 0.69823 0.14641 0.50123 1 0 1.0
cl_navy
0 0.00000 3.46410 1.86000 0.09344 0.70976 0.69822 0.00000 0.37200 1 0 1.0
0 0.73205 2.73205 2.50617 0.09344 0.70976 0.69822 0.14641 0.50123 1 0 1.0
0 0.89658 3.34607 1.86000 0.09344 0.70976 0.69822 0.17932 0.37200 1 0 1.0
cl_navy
0 0.00000 1.03528 3.31369 0.01345 0.10214 0.99468 0.00000 0.20706 1 0 1.0
0 0.00000 0.00000 3.42000 0.01345 0.10214 0.99468 0.00000 0.00000 1 0 1.0
0 0.26795 1.00000 3.31369 0.01345 0.10214 0.99468 0.05359 0.20000 1 0 1.0
cl_navy
0 0.00000 3.86370 1.10752 0.11550 0.87728 0.46587 0.00000 0.22150 1 0 1.0
0 0.00000 3.46410 1.86000 0.11550 0.87728 0.46587 0.00000 0.37200 1 0 1.0
0 0.89658 3.34607 1.86000 0.11550 0.87728 0.46587 0.17932 0.37200 1 0 1.0
cl_navy
0 0.00000 3.86370 1.10752 0.11550 0.87728 0.46587 0.00000 0.22150 1 0 1.0
0 0.89658 3.34607 1.86000 0.11550 0.87728 0.46587 0.17932 0.37200 1 0 1.0
0 1.00000 3.73205 1.10752 0.11550 0.87728 0.46587 0.20000 0.22150 1 0 1.0
cl_navy
0 0.00000 2.00000 3.00200 0.04044 0.30719 0.95079 0.00000 0.40000 1 0 1.0
0 0.00000 1.03528 3.31369 0.04044 0.30719 0.95079 0.00000 0.20706 1 0 1.0
0 0.26795 1.00000 3.31369 0.04044 0.30719 0.95079 0.05359 0.20000 1 0 1.0
cl_navy
0 0.00000 2.00000 3.00200 0.04044 0.30719 0.95079 0.00000 0.40000 1 0 1.0
0 0.26795 1.00000 3.31369 0.04044 0.30719 0.95079 0.05359 0.20000 1 0 1.0
0 0.51764 1.93185 3.00200 0.04044 0.30719 0.95079 0.10353 0.38637 1 0 1.0
cl_navy
0 0.00000 4.00000 0.30000 0.12874 0.97785 0.16505 0.00000 0.06000 1 0 1.0
0 0.00000 3.86370 1.10752 0.12874 0.97785 0.16505 0.00000 0.22150 1 0 1.0
0 1.00000 3.73205 1.10752 0.12874 0.97785 0.16505 0.20000 0.22150 1 0 1.0
cl_navy
0 0.00000 4.00000 0.30000 0.12874 0.97785 0.16505 0.00000 0.06000 1 0 1.0
0 1.00000 3.73205 1.10752 0.12874 0.97785 0.16505 0.20000 0.22150 1 0 1.0
0 1.03528 3.86370 0.30000 0.12874 0.97785 0.16505 0.20706 0.06000 1 0 1.0
cl_navy
0 0.00000 2.82842 2.50617 0.06746 0.51239 0.85610 0.00000 0.56568 1 0 1.0
0 0.00000 2.00000 3.00200 0.06746 0.51239 0.85610 0.00000 0.40000 1 0 1.0
0 0.51764 1.93185 3.00200 0.06746 0.51239 0.85610 0.10353 0.38637 1 0 1.0
cl_navy
0 0.00000 2.82842 2.50617 0.06746 0.51239 0.85610 0.00000 0.56568 1 0 1.0
0 0.51764 1.93185 3.00200 0.06746 0.51239 0.85610 0.10353 0.38637 1 0 1.0
0 0.73205 2.73205 2.50617 0.06746 0.51239 0.85610 0.14641 0.54641 1 0 1.0
cl_navy
0 1.00000 3.73205 1.10752 0.33862 0.81750 0.46587 0.20000 0.22150 1 0 1.0
0 0.89658 3.34607 1.86000 0.33862 0.81750 0.46587 0.17932 0.37200 1 0 1.0
0 1.73205 3.00000 1.86000 0.33862 0.81750 0.46587 0.34641 0.37200 1 0 1.0
cl_navy
0 1.00000 3.73205 1.10752 0.33862 0.81750 0.46587 0.20000 0.22150 1 0 1.0
0 1.73205 3.00000 1.86000 0.33862 0.81750 0.46587 0.34641 0.37200 1 0 1.0
0 1.93185 3.34607 1.10752 0.33862 0.81750 0.46587 0.38637 0.22150 1 0 1.0
cl_navy
0 0.51764 1.93185 3.00200 0.11857 0.28625 0.95079 0.10353 0.38637 1 0 1.0
0 0.26795 1.00000 3.31369 0.11857 0.28625 0.95079 0.05359 0.20000 1 0 1.0
0 0.51764 0.89658 3.31369 0.11857 0.28625 0.95079 0.10353 0.17932 1 0 1.0
cl_navy
0 0.51764 1.93185 3.00200 0.11857 0.28625 0.95079 0.10353 0.38637 1 0 1.0
0 0.51764 0.89658 3.31369 0.11857 0.28625 0.95079 0.10353 0.17932 1 0 1.0
0 1.00000 1.73205 3.00200 0.11857 0.28625 0.95079 0.20000 0.34641 1 0 1.0
cl_navy
0 1.03528 3.86370 0.30000 0.37744 0.91121 0.16505 0.20706 0.06000 1 0 1.0
0 1.00000 3.73205 1.10752 0.37744 0.91121 0.16505 0.20000 0.22150 1 0 1.0
0 1.93185 3.34607 1.10752 0.37744 0.91121 0.16505 0.38637 0.22150 1 0 1.0
cl_navy
0 1.03528 3.86370 0.30000 0.37744 0.91121 0.16505 0.20706 0.06000 1 0 1.0
0 1.93185 3.34607 1.10752 0.37744 0.91121 0.16505 0.38637 0.22150 1 0 1.0
0 2.00000 3.46410 0.30000 0.37744 0.91121 0.16505 0.40000 0.06000 1 0 1.0
cl_navy
0 0.73205 2.73205 2.50617 0.19777 0.47747 0.85610 0.14641 0.54641 1 0 1.0
0 0.51764 1.93185 3.00200 0.19777 0.47747 0.85610 0.10353 0.38637 1 0 1.0
0 1.00000 1.73205 3.00200 0.19777 0.47747 0.85610 0.20000 0.34641 1 0 1.0
cl_navy
0 0.73205 2.73205 2.50617 0.19777 0.47747 0.85610 0.14641 0.54641 1 0 1.0
0 1.00000 1.73205 3.00200 0.19777 0.47747 0.85610 0.20000 0.34641 1 0 1.0
0 1.41421 2.44949 2.50617 0.19777 0.47747 0.85610 0.28284 0.48990 1 0 1.0
cl_navy
0 0.89658 3.34607 1.86000 0.27396 0.66139 0.69822 0.17932 0.66921 1 0 1.0
0 0.73205 2.73205 2.50617 0.27396 0.66139 0.69822 0.14641 0.54641 1 0 1.0
0 1.41421 2.44949 2.50617 0.27396 0.66139 0.69822 0.28284 0.48990 1 0 1.0
cl_navy
0 0.89658 3.34607 1.86000 0.27396 0.66139 0.69822 0.17932 0.66921 1 0 1.0
0 1.41421 2.44949 2.50617 0.27396 0.66139 0.69822 0.28284 0.48990 1 0 1.0
0 1.73205 3.00000 1.86000 0.27396 0.66139 0.69822 0.34641 0.60000 1 0 1.0
cl_navy
0 0.26795 1.00000 3.31369 0.03943 0.09518 0.99468 0.05359 0.20000 1 0 1.0
0 0.00000 0.00000 3.42000 0.03943 0.09518 0.99468 0.00000 0.00000 1 0 1.0
0 0.51764 0.89658 3.31369 0.03943 0.09518 0.99468 0.10353 0.17932 1 0 1.0
cl_navy
0 1.73205 3.00000 1.86000 0.43580 0.56795 0.69822 0.34641 0.60000 1 0 1.0
0 1.41421 2.44949 2.50617 0.43580 0.56795 0.69822 0.28284 0.48990 1 0 1.0
0 2.00000 2.00000 2.50617 0.43580 0.56795 0.69822 0.40000 0.40000 1 0 1.0
cl_navy
0 1.73205 3.00000 1.86000 0.43580 0.56795 0.69822 0.34641 0.60000 1 0 1.0
0 2.00000 2.00000 2.50617 0.43580 0.56795 0.69822 0.40000 0.40000 1 0 1.0
0 2.44949 2.44949 1.86000 0.43580 0.56795 0.69822 0.48990 0.48990 1 0 1.0
cl_navy
0 0.51764 0.89658 3.31369 0.06272 0.08173 0.99468 0.10353 0.17932 1 0 1.0
0 0.00000 0.00000 3.42000 0.06272 0.08173 0.99468 0.00000 0.00000 1 0 1.0
0 0.73205 0.73205 3.31369 0.06272 0.08173 0.99468 0.14641 0.14641 1 0 1.0
cl_navy
0 1.93185 3.34607 1.10752 0.53866 0.70200 0.46587 0.38637 0.22150 1 0 1.0
0 1.73205 3.00000 1.86000 0.53866 0.70200 0.46587 0.34641 0.37200 1 0 1.0
0 2.44949 2.44949 1.86000 0.53866 0.70200 0.46587 0.48990 0.37200 1 0 1.0
cl_navy
0 1.93185 3.34607 1.10752 0.53866 0.70200 0.46587 0.38637 0.22150 1 0 1.0
0 2.44949 2.44949 1.86000 0.53866 0.70200 0.46587 0.48990 0.37200 1 0 1.0
0 2.73205 2.73205 1.10752 0.53866 0.70200 0.46587 0.54641 0.22150 1 0 1.0
cl_navy
0 1.00000 1.73205 3.00200 0.18862 0.24581 0.95079 0.20000 0.34641 1 0 1.0
0 0.51764 0.89658 3.31369 0.18862 0.24581 0.95079 0.10353 0.17932 1 0 1.0
0 0.73205 0.73205 3.31369 0.18862 0.24581 0.95079 0.14641 0.14641 1 0 1.0
cl_navy
0 1.00000 1.73205 3.00200 0.18862 0.24581 0.95079 0.20000 0.34641 1 0 1.0
0 0.73205 0.73205 3.31369 0.18862 0.24581 0.95079 0.14641 0.14641 1 0 1.0
0 1.41421 1.41421 3.00200 0.18862 0.24581 0.95079 0.28284 0.28284 1 0 1.0
cl_navy
0 2.00000 3.46410 0.30000 0.60041 0.78247 0.16505 0.40000 0.06000 1 0 1.0
0 1.93185 3.34607 1.10752 0.60041 0.78247 0.16505 0.38637 0.22150 1 0 1.0
0 2.73205 2.73205 1.10752 0.60041 0.78247 0.16505 0.54641 0.22150 1 0 1.0
cl_navy
0 2.00000 3.46410 0.30000 0.60041 0.78247 0.16505 0.40000 0.06000 1 0 1.0
0 2.73205 2.73205 1.10752 0.60041 0.78247 0.16505 0.54641 0.22150 1 0 1.0
0 2.82843 2.82843 0.30000 0.60041 0.78247 0.16505 0.56569 0.06000 1 0 1.0
cl_navy
0 1.41421 2.44949 2.50617 0.31461 0.41001 0.85610 0.28284 0.48990 1 0 1.0
0 1.00000 1.73205 3.00200 0.31461 0.41001 0.85610 0.20000 0.34641 1 0 1.0
0 1.41421 1.41421 3.00200 0.31461 0.41001 0.85610 0.28284 0.28284 1 0 1.0
cl_navy
0 1.41421 2.44949 2.50617 0.31461 0.41001 0.85610 0.28284 0.48990 1 0 1.0
0 1.41421 1.41421 3.00200 0.31461 0.41001 0.85610 0.28284 0.28284 1 0 1.0
0 2.00000 2.00000 2.50617 0.31461 0.41001 0.85610 0.40000 0.40000 1 0 1.0
cl_navy
0 2.82843 2.82843 0.30000 0.78247 0.60041 0.16505 0.56569 0.06000 1 0 1.0
0 2.73205 2.73205 1.10752 0.78247 0.60041 0.16505 0.54641 0.22150 1 0 1.0
0 3.34607 1.93185 1.10752 0.78247 0.60041 0.16505 0.38637 0.22150 1 0 1.0
cl_navy
0 2.82843 2.82843 0.30000 0.78247 0.60041 0.16505 0.56569 0.06000 1 0 1.0
0 3.34607 1.93185 1.10752 0.78247 0.60041 0.16505 0.38637 0.22150 1 0 1.0
0 3.46410 2.00000 0.30000 0.78247 0.60041 0.16505 0.40000 0.06000 1 0 1.0
cl_navy
0 2.00000 2.00000 2.50617 0.41001 0.31461 0.85610 0.40000 0.40000 1 0 1.0
0 1.41421 1.41421 3.00200 0.41001 0.31461 0.85610 0.28284 0.28284 1 0 1.0
0 1.73205 1.00000 3.00200 0.41001 0.31461 0.85610 0.34641 0.20000 1 0 1.0
cl_navy
0 2.00000 2.00000 2.50617 0.41001 0.31461 0.85610 0.40000 0.40000 1 0 1.0
0 1.73205 1.00000 3.00200 0.41001 0.31461 0.85610 0.34641 0.20000 1 0 1.0
0 2.44949 1.41421 2.50617 0.41001 0.31461 0.85610 0.48990 0.28284 1 0 1.0
cl_navy
0 2.44949 2.44949 1.86000 0.56795 0.43580 0.69822 0.48990 0.48990 1 0 1.0
0 2.00000 2.00000 2.50617 0.56795 0.43580 0.69822 0.40000 0.40000 1 0 1.0
0 2.44949 1.41421 2.50617 0.56795 0.43580 0.69822 0.48990 0.28284 1 0 1.0
cl_navy
0 2.44949 2.44949 1.86000 0.56795 0.43580 0.69822 0.48990 0.48990 1 0 1.0
0 2.44949 1.41421 2.50617 0.56795 0.43580 0.69822 0.48990 0.28284 1 0 1.0
0 3.00000 1.73205 1.86000 0.56795 0.43580 0.69822 0.60000 0.34641 1 0 1.0
cl_navy
0 0.73205 0.73205 3.31369 0.08173 0.06272 0.99468 0.14641 0.14641 1 0 1.0
0 0.00000 0.00000 3.42000 0.08173 0.06272 0.99468 0.00000 0.00000 1 0 1.0
0 0.89658 0.51764 3.31369 0.08173 0.06272 0.99468 0.17932 0.10353 1 0 1.0
cl_navy
0 2.73205 2.73205 1.10752 0.70200 0.53866 0.46587 0.54641 0.22150 1 0 1.0
0 2.44949 2.44949 1.86000 0.70200 0.53866 0.46587 0.48990 0.37200 1 0 1.0
0 3.00000 1.73205 1.86000 0.70200 0.53866 0.46587 0.34641 0.37200 1 0 1.0
cl_navy
0 2.73205 2.73205 1.10752 0.70200 0.53866 0.46587 0.54641 0.22150 1 0 1.0
0 3.00000 1.73205 1.86000 0.70200 0.53866 0.46587 0.34641 0.37200 1 0 1.0
0 3.34607 1.93185 1.10752 0.70200 0.53866 0.46587 0.38637 0.22150 1 0 1.0
cl_navy
0 1.41421 1.41421 3.00200 0.24581 0.18862 0.95079 0.28284 0.28284 1 0 1.0
0 0.73205 0.73205 3.31369 0.24581 0.18862 0.95079 0.14641 0.14641 1 0 1.0
0 0.89658 0.51764 3.31369 0.24581 0.18862 0.95079 0.17932 0.10353 1 0 1.0
cl_navy
0 1.41421 1.41421 3.00200 0.24581 0.18862 0.95079 0.28284 0.28284 1 0 1.0
0 0.89658 0.51764 3.31369 0.24581 0.18862 0.95079 0.17932 0.10353 1 0 1.0
0 1.73205 1.00000 3.00200 0.24581 0.18862 0.95079 0.34641 0.20000 1 0 1.0
cl_navy
0 3.34607 1.93185 1.10752 0.81750 0.33862 0.46587 0.38637 0.22150 1 0 1.0
0 3.00000 1.73205 1.86000 0.81750 0.33862 0.46587 0.34641 0.37200 1 0 1.0
0 3.34607 0.89658 1.86000 0.81750 0.33862 0.46587 0.17932 0.37200 1 0 1.0
cl_navy
0 3.34607 1.93185 1.10752 0.81750 0.33862 0.46587 0.38637 0.22150 1 0 1.0
0 3.34607 0.89658 1.86000 0.81750 0.33862 0.46587 0.17932 0.37200 1 0 1.0
0 3.73205 1.00000 1.10752 0.81750 0.33862 0.46587 0.20000 0.22150 1 0 1.0
cl_navy
0 1.73205 1.00000 3.00200 0.28625 0.11857 0.95079 0.34641 0.20000 1 0 1.0
0 0.89658 0.51764 3.31369 0.28625 0.11857 0.95079 0.17932 0.10353 1 0 1.0
0 1.00000 0.26795 3.31369 0.28625 0.11857 0.95079 0.20000 0.05359 1 0 1.0
cl_navy
0 1.73205 1.00000 3.00200 0.28625 0.11857 0.95079 0.34641 0.20000 1 0 1.0
0 1.00000 0.26795 3.31369 0.28625 0.11857 0.95079 0.20000 0.05359 1 0 1.0
0 1.93185 0.51764 3.00200 0.28625 0.11857 0.95079 0.38637 0.10353 1 0 1.0
cl_navy
0 3.46410 2.00000 0.30000 0.91121 0.37744 0.16505 0.40000 0.06000 1 0 1.0
0 3.34607 1.93185 1.10752 0.91121 0.37744 0.16505 0.38637 0.22150 1 0 1.0
0 3.73205 1.00000 1.10752 0.91121 0.37744 0.16505 0.20000 0.22150 1 0 1.0
cl_navy
0 3.46410 2.00000 0.30000 0.91121 0.37744 0.16505 0.40000 0.06000 1 0 1.0
0 3.73205 1.00000 1.10752 0.91121 0.37744 0.16505 0.20000 0.22150 1 0 1.0
0 3.86370 1.03528 0.30000 0.91121 0.37744 0.16505 0.20706 0.06000 1 0 1.0
cl_navy
0 2.44949 1.41421 2.50617 0.47747 0.19777 0.85610 0.48990 0.28284 1 0 1.0
0 1.73205 1.00000 3.00200 0.47747 0.19777 0.85610 0.34641 0.20000 1 0 1.0
0 1.93185 0.51764 3.00200 0.47747 0.19777 0.85610 0.38637 0.10353 1 0 1.0
cl_navy
0 2.44949 1.41421 2.50617 0.47747 0.19777 0.85610 0.48990 0.28284 1 0 1.0
0 1.93185 0.51764 3.00200 0.47747 0.19777 0.85610 0.38637 0.10353 1 0 1.0
0 2.73205 0.73205 2.50617 0.47747 0.19777 0.85610 0.54641 0.14641 1 0 1.0
cl_navy
0 3.00000 1.73205 1.86000 0.66139 0.27396 0.69822 0.60000 0.34641 1 0 1.0
0 2.44949 1.41421 2.50617 0.66139 0.27396 0.69822 0.48990 0.28284 1 0 1.0
0 2.73205 0.73205 2.50617 0.66139 0.27396 0.69822 0.54641 0.14641 1 0 1.0
cl_navy
0 3.00000 1.73205 1.86000 0.66139 0.27396 0.69822 0.60000 0.34641 1 0 1.0
0 2.73205 0.73205 2.50617 0.66139 0.27396 0.69822 0.54641 0.14641 1 0 1.0
0 3.34607 0.89658 1.86000 0.66139 0.27396 0.69822 0.66921 0.17932 1 0 1.0
cl_navy
0 0.89658 0.51764 3.31369 0.09518 0.03943 0.99468 0.17932 0.10353 1 0 1.0
0 0.00000 0.00000 3.42000 0.09518 0.03943 0.99468 0.00000 0.00000 1 0 1.0
0 1.00000 0.26795 3.31369 0.09518 0.03943 0.99468 0.20000 0.05359 1 0 1.0
cl_navy
0 3.34607 0.89658 1.86000 0.70976 0.09344 0.69822 0.17932 0.37200 1 0 1.0
0 2.73205 0.73205 2.50617 0.70976 0.09344 0.69822 0.14641 0.50123 1 0 1.0
0 2.82843 0.00000 2.50617 0.70976 0.09344 0.69822 0.00000 0.50123 1 0 1.0
cl_navy
0 3.34607 0.89658 1.86000 0.70976 0.09344 0.69822 0.17932 0.37200 1 0 1.0
0 2.82843 0.00000 2.50617 0.70976 0.09344 0.69822 0.00000 0.50123 1 0 1.0
0 3.46410 -0.00000 1.86000 0.70976 0.09344 0.69822 -0.00000 0.37200 1 0 1.0
cl_navy
0 1.00000 0.26795 3.31369 0.10214 0.01345 0.99468 0.20000 0.05359 1 0 1.0
0 0.00000 0.00000 3.42000 0.10214 0.01345 0.99468 0.00000 0.00000 1 0 1.0
0 1.03528 0.00000 3.31369 0.10214 0.01345 0.99468 0.20706 0.00000 1 0 1.0
cl_navy
0 3.73205 1.00000 1.10752 0.87728 0.11550 0.46587 0.20000 0.22150 1 0 1.0
0 3.34607 0.89658 1.86000 0.87728 0.11550 0.46587 0.17932 0.37200 1 0 1.0
0 3.46410 -0.00000 1.86000 0.87728 0.11550 0.46587 -0.00000 0.37200 1 0 1.0
cl_navy
0 3.73205 1.00000 1.10752 0.87728 0.11550 0.46587 0.20000 0.22150 1 0 1.0
0 3.46410 -0.00000 1.86000 0.87728 0.11550 0.46587 -0.00000 0.37200 1 0 1.0
0 3.86370 -0.00000 1.10752 0.87728 0.11550 0.46587 -0.00000 0.22150 1 0 1.0
cl_navy
0 1.93185 0.51764 3.00200 0.30719 0.04044 0.95079 0.38637 0.10353 1 0 1.0
0 1.00000 0.26795 3.31369 0.30719 0.04044 0.95079 0.20000 0.05359 1 0 1.0
0 1.03528 0.00000 3.31369 0.30719 0.04044 0.95079 0.20706 0.00000 1 0 1.0
cl_navy
0 1.93185 0.51764 3.00200 0.30719 0.04044 0.95079 0.38637 0.10353 1 0 1.0
0 1.03528 0.00000 3.31369 0.30719 0.04044 0.95079 0.20706 0.00000 1 0 1.0
0 2.00000 -0.00000 3.00200 0.30719 0.04044 0.95079 0.40000 -0.00000 1 0 1.0
cl_navy
0 3.86370 1.03528 0.30000 0.97785 0.12874 0.16505 0.20706 0.06000 1 0 1.0
0 3.73205 1.00000 1.10752 0.97785 0.12874 0.16505 0.20000 0.22150 1 0 1.0
0 3.86370 -0.00000 1.10752 0.97785 0.12874 0.16505 -0.00000 0.22150 1 0 1.0
cl_navy
0 3.86370 1.03528 0.30000 0.97785 0.12874 0.16505 0.20706 0.06000 1 0 1.0
0 3.86370 -0.00000 1.10752 0.97785 0.12874 0.16505 -0.00000 0.22150 1 0 1.0
0 4.00000 -0.00000 0.30000 0.97785 0.12874 0.16505 -0.00000 0.06000 1 0 1.0
cl_navy
0 2.73205 0.73205 2.50617 0.51239 0.06746 0.85610 0.54641 0.14641 1 0 1.0
0 1.93185 0.51764 3.00200 0.51239 0.06746 0.85610 0.38637 0.10353 1 0 1.0
0 2.00000 -0.00000 3.00200 0.51239 0.06746 0.85610 0.40000 -0.00000 1 0 1.0
cl_navy
0 2.73205 0.73205 2.50617 0.51239 0.06746 0.85610 0.54641 0.14641 1 0 1.0
0 2.00000 -0.00000 3.00200 0.51239 0.06746 0.85610 0.40000 -0.00000 1 0 1.0
0 2.82843 0.00000 2.50617 0.51239 0.06746 0.85610 0.56569 0.00000 1 0 1.0
cl_navy
0 4.00000 -0.00000 0.30000 0.97785 -0.12874 0.16505 -0.00000 0.06000 1 0 1.0
0 3.86370 -0.00000 1.10752 0.97785 -0.12874 0.16505 -0.00000 0.22150 1 0 1.0
0 3.73205 -1.00000 1.10752 0.97785 -0.12874 0.16505 -0.20000 0.22150 1 0 1.0
cl_navy
0 4.00000 -0.00000 0.30000 0.97785 -0.12874 0.16505 -0.00000 0.06000 1 0 1.0
0 3.73205 -1.00000 1.10752 0.97785 -0.12874 0.16505 -0.20000 0.22150 1 0 1.0
0 3.86370 -1.03528 0.30000 0.97785 -0.12874 0.16505 -0.20706 0.06000 1 0 1.0
cl_navy
0 2.82843 0.00000 2.50617 0.51239 -0.06746 0.85610 0.56569 0.00000 1 0 1.0
0 2.00000 -0.00000 3.00200 0.51239 -0.06746 0.85610 0.40000 -0.00000 1 0 1.0
0 1.93185 -0.51764 3.00200 0.51239 -0.06746 0.85610 0.38637 -0.10353 1 0 1.0
cl_navy
0 2.82843 0.00000 2.50617 0.51239 -0.06746 0.85610 0.56569 0.00000 1 0 1.0
0 1.93185 -0.51764 3.00200 0.51239 -0.06746 0.85610 0.38637 -0.10353 1 0 1.0
0 2.73205 -0.73205 2.50617 0.51239 -0.06746 0.85610 0.54641 -0.14641 1 0 1.0
cl_navy
0 3.46410 -0.00000 1.86000 0.70976 -0.09344 0.69822 -0.00000 0.37200 1 0 1.0
0 2.82843 0.00000 2.50617 0.70976 -0.09344 0.69822 0.00000 0.50123 1 0 1.0
0 2.73205 -0.73205 2.50617 0.70976 -0.09344 0.69822 -0.14641 0.50123 1 0 1.0
cl_navy
0 3.46410 -0.00000 1.86000 0.70976 -0.09344 0.69822 -0.00000 0.37200 1 0 1.0
0 2.73205 -0.73205 2.50617 0.70976 -0.09344 0.69822 -0.14641 0.50123 1 0 1.0
0 3.34606 -0.89658 1.86000 0.70976 -0.09344 0.69822 -0.17932 0.37200 1 0 1.0
cl_navy
0 1.03528 0.00000 3.31369 0.10214 -0.01345 0.99468 0.20706 0.00000 1 0 1.0
0 0.00000 0.00000 3.42000 0.10214 -0.01345 0.99468 0.00000 0.00000 1 0 1.0
0 1.00000 -0.26795 3.31369 0.10214 -0.01345 0.99468 0.20000 -0.05359 1 0 1.0
cl_navy
0 3.86370 -0.00000 1.10752 0.87728 -0.11550 0.46587 -0.00000 0.22150 1 0 1.0
0 3.46410 -0.00000 1.86000 0.87728 -0.11550 0.46587 -0.00000 0.37200 1 0 1.0
0 3.34606 -0.89658 1.86000 0.87728 -0.11550 0.46587 -0.17932 0.37200 1 0 1.0
cl_navy
0 3.86370 -0.00000 1.10752 0.87728 -0.11550 0.46587 -0.00000 0.22150 1 0 1.0
0 3.34606 -0.89658 1.86000 0.87728 -0.11550 0.46587 -0.17932 0.37200 1 0 1.0
0 3.73205 -1.00000 1.10752 0.87728 -0.11550 0.46587 -0.20000 0.22150 1 0 1.0
cl_navy
0 2.00000 -0.00000 3.00200 0.30719 -0.04044 0.95079 0.40000 -0.00000 1 0 1.0
0 1.03528 0.00000 3.31369 0.30719 -0.04044 0.95079 0.20706 0.00000 1 0 1.0
0 1.00000 -0.26795 3.31369 0.30719 -0.04044 0.95079 0.20000 -0.05359 1 0 1.0
cl_navy
0 2.00000 -0.00000 3.00200 0.30719 -0.04044 0.95079 0.40000 -0.00000 1 0 1.0
0 1.00000 -0.26795 3.31369 0.30719 -0.04044 0.95079 0.20000 -0.05359 1 0 1.0
0 1.93185 -0.51764 3.00200 0.30719 -0.04044 0.95079 0.38637 -0.10353 1 0 1.0
cl_navy
0 3.73205 -1.00000 1.10752 0.81750 -0.33862 0.46587 -0.20000 0.22150 1 0 1.0
0 3.34606 -0.89658 1.86000 0.81750 -0.33862 0.46587 -0.17932 0.37200 1 0 1.0
0 3.00000 -1.73205 1.86000 0.81750 -0.33862 0.46587 -0.34641 0.37200 1 0 1.0
cl_navy
0 3.73205 -1.00000 1.10752 0.81750 -0.33862 0.46587 -0.20000 0.22150 1 0 1.0
0 3.00000 -1.73205 1.86000 0.81750 -0.33862 0.46587 -0.34641 0.37200 1 0 1.0
0 3.34607 -1.93185 1.10752 0.81750 -0.33862 0.46587 -0.38637 0.22150 1 0 1.0
cl_navy
0 1.93185 -0.51764 3.00200 0.28625 -0.11857 0.95079 0.38637 -0.10353 1 0 1.0
0 1.00000 -0.26795 3.31369 0.28625 -0.11857 0.95079 0.20000 -0.05359 1 0 1.0
0 0.89658 -0.51764 3.31369 0.28625 -0.11857 0.95079 0.17932 -0.10353 1 0 1.0
cl_navy
0 1.93185 -0.51764 3.00200 0.28625 -0.11857 0.95079 0.38637 -0.10353 1 0 1.0
0 0.89658 -0.51764 3.31369 0.28625 -0.11857 0.95079 0.17932 -0.10353 1 0 1.0
0 1.73205 -1.00000 3.00200 0.28625 -0.11857 0.95079 0.34641 -0.20000 1 0 1.0
cl_navy
0 3.86370 -1.03528 0.30000 0.91121 -0.37744 0.16505 -0.20706 0.06000 1 0 1.0
0 3.73205 -1.00000 1.10752 0.91121 -0.37744 0.16505 -0.20000 0.22150 1 0 1.0
0 3.34607 -1.93185 1.10752 0.91121 -0.37744 0.16505 -0.38637 0.22150 1 0 1.0
cl_navy
0 3.86370 -1.03528 0.30000 0.91121 -0.37744 0.16505 -0.20706 0.06000 1 0 1.0
0 3.34607 -1.93185 1.10752 0.91121 -0.37744 0.16505 -0.38637 0.22150 1 0 1.0
0 3.46410 -2.00000 0.30000 0.91121 -0.37744 0.16505 -0.40000 0.06000 1 0 1.0
cl_navy
0 2.73205 -0.73205 2.50617 0.47747 -0.19777 0.85610 0.54641 -0.14641 1 0 1.0
0 1.93185 -0.51764 3.00200 0.47747 -0.19777 0.85610 0.38637 -0.10353 1 0 1.0
0 1.73205 -1.00000 3.00200 0.47747 -0.19777 0.85610 0.34641 -0.20000 1 0 1.0
cl_navy
0 2.73205 -0.73205 2.50617 0.47747 -0.19777 0.85610 0.54641 -0.14641 1 0 1.0
0 1.73205 -1.00000 3.00200 0.47747 -0.19777 0.85610 0.34641 -0.20000 1 0 1.0
0 2.44949 -1.41421 2.50617 0.47747 -0.19777 0.85610 0.48990 -0.28284 1 0 1.0
cl_navy
0 3.34606 -0.89658 1.86000 0.66139 -0.27396 0.69822 0.66921 -0.17932 1 0 1.0
0 2.73205 -0.73205 2.50617 0.66139 -0.27396 0.69822 0.54641 -0.14641 1 0 1.0
0 2.44949 -1.41421 2.50617 0.66139 -0.27396 0.69822 0.48990 -0.28284 1 0 1.0
cl_navy
0 3.34606 -0.89658 1.86000 0.66139 -0.27396 0.69822 0.66921 -0.17932 1 0 1.0
0 2.44949 -1.41421 2.50617 0.66139 -0.27396 0.69822 0.48990 -0.28284 1 0 1.0
0 3.00000 -1.73205 1.86000 0.66139 -0.27396 0.69822 0.60000 -0.34641 1 0 1.0
cl_navy
0 1.00000 -0.26795 3.31369 0.09518 -0.03943 0.99468 0.20000 -0.05359 1 0 1.0
0 0.00000 0.00000 3.42000 0.09518 -0.03943 0.99468 0.00000 0.00000 1 0 1.0
0 0.89658 -0.51764 3.31369 0.09518 -0.03943 0.99468 0.17932 -0.10353 1 0 1.0
cl_navy
0 3.00000 -1.73205 1.86000 0.56795 -0.43580 0.69822 0.60000 -0.34641 1 0 1.0
0 2.44949 -1.41421 2.50617 0.56795 -0.43580 0.69822 0.48990 -0.28284 1 0 1.0
0 2.00000 -2.00000 2.50617 0.56795 -0.43580 0.69822 0.40000 -0.40000 1 0 1.0
cl_navy
0 3.00000 -1.73205 1.86000 0.56795 -0.43580 0.69822 0.60000 -0.34641 1 0 1.0
0 2.00000 -2.00000 2.50617 0.56795 -0.43580 0.69822 0.40000 -0.40000 1 0 1.0
0 2.44949 -2.44949 1.86000 0.56795 -0.43580 0.69822 0.48990 -0.48990 1 0 1.0
cl_navy
0 0.89658 -0.51764 3.31369 0.08173 -0.06272 0.99468 0.17932 -0.10353 1 0 1.0
0 0.00000 0.00000 3.42000 0.08173 -0.06272 0.99468 0.00000 0.00000 1 0 1.0
0 0.73205 -0.73205 3.31369 0.08173 -0.06272 0.99468 0.14641 -0.14641 1 0 1.0
cl_navy
0 3.34607 -1.93185 1.10752 0.70200 -0.53866 0.46587 -0.38637 0.22150 1 0 1.0
0 3.00000 -1.73205 1.86000 0.70200 -0.53866 0.46587 -0.34641 0.37200 1 0 1.0
0 2.44949 -2.44949 1.86000 0.70200 -0.53866 0.46587 -0.48990 0.37200 1 0 1.0
cl_navy
0 3.34607 -1.93185 1.10752 0.70200 -0.53866 0.46587 -0.38637 0.22150 1 0 1.0
0 2.44949 -2.44949 1.86000 0.70200 -0.53866 0.46587 -0.48990 0.37200 1 0 1.0
0 2.73205 -2.73205 1.10752 0.70200 -0.53866 0.46587 -0.54641 0.22150 1 0 1.0
cl_navy
0 1.73205 -1.00000 3.00200 0.24581 -0.18862 0.95079 0.34641 -0.20000 1 0 1.0
0 0.89658 -0.51764 3.31369 0.24581 -0.18862 0.95079 0.17932 -0.10353 1 0 1.0
0 0.73205 -0.73205 3.31369 0.24581 -0.18862 0.95079 0.14641 -0.14641 1 0 1.0
cl_navy
0 1.73205 -1.00000 3.00200 0.24581 -0.18862 0.95079 0.34641 -0.20000 1 0 1.0
0 0.73205 -0.73205 3.31369 0.24581 -0.18862 0.95079 0.14641 -0.14641 1 0 1.0
0 1.41421 -1.41421 3.00200 0.24581 -0.18862 0.95079 0.28284 -0.28284 1 0 1.0
cl_navy
0 3.46410 -2.00000 0.30000 0.78247 -0.60041 0.16505 -0.40000 0.06000 1 0 1.0
0 3.34607 -1.93185 1.10752 0.78247 -0.60041 0.16505 -0.38637 0.22150 1 0 1.0
0 2.73205 -2.73205 1.10752 0.78247 -0.60041 0.16505 -0.54641 0.22150 1 0 1.0
cl_navy
0 3.46410 -2.00000 0.30000 0.78247 -0.60041 0.16505 -0.40000 0.06000 1 0 1.0
0 2.73205 -2.73205 1.10752 0.78247 -0.60041 0.16505 -0.54641 0.22150 1 0 1.0
0 2.82843 -2.82843 0.30000 0.78247 -0.60041 0.16505 -0.56569 0.06000 1 0 1.0
cl_navy
0 2.44949 -1.41421 2.50617 0.41001 -0.31461 0.85610 0.48990 -0.28284 1 0 1.0
0 1.73205 -1.00000 3.00200 0.41001 -0.31461 0.85610 0.34641 -0.20000 1 0 1.0
0 1.41421 -1.41421 3.00200 0.41001 -0.31461 0.85610 0.28284 -0.28284 1 0 1.0
cl_navy
0 2.44949 -1.41421 2.50617 0.41001 -0.31461 0.85610 0.48990 -0.28284 1 0 1.0
0 1.41421 -1.41421 3.00200 0.41001 -0.31461 0.85610 0.28284 -0.28284 1 0 1.0
0 2.00000 -2.00000 2.50617 0.41001 -0.31461 0.85610 0.40000 -0.40000 1 0 1.0
cl_navy
0 2.82843 -2.82843 0.30000 0.60041 -0.78247 0.16505 0.56569 0.06000 1 0 1.0
0 2.73205 -2.73205 1.10752 0.60041 -0.78247 0.16505 0.54641 0.22150 1 0 1.0
0 1.93185 -3.34607 1.10752 0.60041 -0.78247 0.16505 0.38637 0.22150 1 0 1.0
cl_navy
0 2.82843 -2.82843 0.30000 0.60041 -0.78247 0.16505 0.56569 0.06000 1 0 1.0
0 1.93185 -3.34607 1.10752 0.60041 -0.78247 0.16505 0.38637 0.22150 1 0 1.0
0 2.00000 -3.46410 0.30000 0.60041 -0.78247 0.16505 0.40000 0.06000 1 0 1.0
cl_navy
0 2.00000 -2.00000 2.50617 0.31461 -0.41001 0.85610 0.40000 -0.40000 1 0 1.0
0 1.41421 -1.41421 3.00200 0.31461 -0.41001 0.85610 0.28284 -0.28284 1 0 1.0
0 1.00000 -1.73205 3.00200 0.31461 -0.41001 0.85610 0.20000 -0.34641 1 0 1.0
cl_navy
0 2.00000 -2.00000 2.50617 0.31461 -0.41001 0.85610 0.40000 -0.40000 1 0 1.0
0 1.00000 -1.73205 3.00200 0.31461 -0.41001 0.85610 0.20000 -0.34641 1 0 1.0
0 1.41421 -2.44949 2.50617 0.31461 -0.41001 0.85610 0.28284 -0.48990 1 0 1.0
cl_navy
0 2.44949 -2.44949 1.86000 0.43580 -0.56795 0.69822 0.48990 -0.48990 1 0 1.0
0 2.00000 -2.00000 2.50617 0.43580 -0.56795 0.69822 0.40000 -0.40000 1 0 1.0
0 1.41421 -2.44949 2.50617 0.43580 -0.56795 0.69822 0.28284 -0.48990 1 0 1.0
cl_navy
0 2.44949 -2.44949 1.86000 0.43580 -0.56795 0.69822 0.48990 -0.48990 1 0 1.0
0 1.41421 -2.44949 2.50617 0.43580 -0.56795 0.69822 0.28284 -0.48990 1 0 1.0
0 1.73205 -3.00000 1.86000 0.43580 -0.56795 0.69822 0.34641 -0.60000 1 0 1.0
cl_navy
0 0.73205 -0.73205 3.31369 0.06272 -0.08173 0.99468 0.14641 -0.14641 1 0 1.0
0 0.00000 0.00000 3.42000 0.06272 -0.08173 0.99468 0.00000 0.00000 1 0 1.0
0 0.51764 -0.89658 3.31369 0.06272 -0.08173 0.99468 0.10353 -0.17932 1 0 1.0
cl_navy
0 2.73205 -2.73205 1.10752 0.53866 -0.70200 0.46587 0.54641 0.22150 1 0 1.0
0 2.44949 -2.44949 1.86000 0.53866 -0.70200 0.46587 0.48990 0.37200 1 0 1.0
0 1.73205 -3.00000 1.86000 0.53866 -0.70200 0.46587 0.34641 0.37200 1 0 1.0
cl_navy
0 2.73205 -2.73205 1.10752 0.53866 -0.70200 0.46587 0.54641 0.22150 1 0 1.0
0 1.73205 -3.00000 1.86000 0.53866 -0.70200 0.46587 0.34641 0.37200 1 0 1.0
0 1.93185 -3.34607 1.10752 0.53866 -0.70200 0.46587 0.38637 0.22150 1 0 1.0
cl_navy
0 1.41421 -1.41421 3.00200 0.18862 -0.24581 0.95079 0.28284 -0.28284 1 0 1.0
0 0.73205 -0.73205 3.31369 0.18862 -0.24581 0.95079 0.14641 -0.14641 1 0 1.0
0 0.51764 -0.89658 3.31369 0.18862 -0.24581 0.95079 0.10353 -0.17932 1 0 1.0
cl_navy
0 1.41421 -1.41421 3.00200 0.18862 -0.24581 0.95079 0.28284 -0.28284 1 0 1.0
0 0.51764 -0.89658 3.31369 0.18862 -0.24581 0.95079 0.10353 -0.17932 1 0 1.0
0 1.00000 -1.73205 3.00200 0.18862 -0.24581 0.95079 0.20000 -0.34641 1 0 1.0
cl_navy
0 0.51764 -0.89658 3.31369 0.03943 -0.09518 0.99468 0.10353 -0.17932 1 0 1.0
0 0.00000 0.00000 3.42000 0.03943 -0.09518 0.99468 0.00000 0.00000 1 0 1.0
0 0.26795 -1.00000 3.31369 0.03943 -0.09518 0.99468 0.05359 -0.20000 1 0 1.0
cl_navy
0 1.93185 -3.34607 1.10752 0.33862 -0.81750 0.46587 0.38637 0.22150 1 0 1.0
0 1.73205 -3.00000 1.86000 0.33862 -0.81750 0.46587 0.34641 0.37200 1 0 1.0
0 0.89658 -3.34606 1.86000 0.33862 -0.81750 0.46587 0.17932 0.37200 1 0 1.0
cl_navy
0 1.93185 -3.34607 1.10752 0.33862 -0.81750 0.46587 0.38637 0.22150 1 0 1.0
0 0.89658 -3.34606 1.86000 0.33862 -0.81750 0.46587 0.17932 0.37200 1 0 1.0
0 1.00000 -3.73205 1.10752 0.33862 -0.81750 0.46587 0.20000 0.22150 1 0 1.0
cl_navy
0 1.00000 -1.73205 3.00200 0.11857 -0.28625 0.95079 0.20000 -0.34641 1 0 1.0
0 0.51764 -0.89658 3.31369 0.11857 -0.28625 0.95079 0.10353 -0.17932 1 0 1.0
0 0.26795 -1.00000 3.31369 0.11857 -0.28625 0.95079 0.05359 -0.20000 1 0 1.0
cl_navy
0 1.00000 -1.73205 3.00200 0.11857 -0.28625 0.95079 0.20000 -0.34641 1 0 1.0
0 0.26795 -1.00000 3.31369 0.11857 -0.28625 0.95079 0.05359 -0.20000 1 0 1.0
0 0.51764 -1.93185 3.00200 0.11857 -0.28625 0.95079 0.10353 -0.38637 1 0 1.0
cl_navy
0 2.00000 -3.46410 0.30000 0.37744 -0.91121 0.16505 0.40000 0.06000 1 0 1.0
0 1.93185 -3.34607 1.10752 0.37744 -0.91121 0.16505 0.38637 0.22150 1 0 1.0
0 1.00000 -3.73205 1.10752 0.37744 -0.91121 0.16505 0.20000 0.22150 1 0 1.0
cl_navy
0 2.00000 -3.46410 0.30000 0.37744 -0.91121 0.16505 0.40000 0.06000 1 0 1.0
0 1.00000 -3.73205 1.10752 0.37744 -0.91121 0.16505 0.20000 0.22150 1 0 1.0
0 1.03528 -3.86370 0.30000 0.37744 -0.91121 0.16505 0.20706 0.06000 1 0 1.0
cl_navy
0 1.41421 -2.44949 2.50617 0.19777 -0.47747 0.85610 0.28284 -0.48990 1 0 1.0
0 1.00000 -1.73205 3.00200 0.19777 -0.47747 0.85610 0.20000 -0.34641 1 0 1.0
0 0.51764 -1.93185 3.00200 0.19777 -0.47747 0.85610 0.10353 -0.38637 1 0 1.0
cl_navy
0 1.41421 -2.44949 2.50617 0.19777 -0.47747 0.85610 0.28284 -0.48990 1 0 1.0
0 0.51764 -1.93185 3.00200 0.19777 -0.47747 0.85610 0.10353 -0.38637 1 0 1.0
0 0.73205 -2.73205 2.50617 0.19777 -0.47747 0.85610 0.14641 -0.54641 1 0 1.0
cl_navy
0 1.73205 -3.00000 1.86000 0.27396 -0.66139 0.69822 0.34641 -0.60000 1 0 1.0
0 1.41421 -2.44949 2.50617 0.27396 -0.66139 0.69822 0.28284 -0.48990 1 0 1.0
0 0.73205 -2.73205 2.50617 0.27396 -0.66139 0.69822 0.14641 -0.54641 1 0 1.0
cl_navy
0 1.73205 -3.00000 1.86000 0.27396 -0.66139 0.69822 0.34641 -0.60000 1 0 1.0
0 0.73205 -2.73205 2.50617 0.27396 -0.66139 0.69822 0.14641 -0.54641 1 0 1.0
0 0.89658 -3.34606 1.86000 0.27396 -0.66139 0.69822 0.17932 -0.66921 1 0 1.0
cl_navy
0 0.89658 -3.34606 1.86000 0.09344 -0.70975 0.69822 0.17932 0.37200 1 0 1.0
0 0.73205 -2.73205 2.50617 0.09344 -0.70975 0.69822 0.14641 0.50123 1 0 1.0
0 0.00000 -2.82843 2.50617 0.09344 -0.70975 0.69822 0.00000 0.50123 1 0 1.0
cl_navy
0 0.89658 -3.34606 1.86000 0.09344 -0.70975 0.69822 0.17932 0.37200 1 0 1.0
0 0.00000 -2.82843 2.50617 0.09344 -0.70975 0.69822 0.00000 0.50123 1 0 1.0
0 -0.00000 -3.46410 1.86000 0.09344 -0.70975 0.69822 -0.00000 0.37200 1 0 1.0
cl_navy
0 0.26795 -1.00000 3.31369 0.01345 -0.10214 0.99468 0.05359 -0.20000 1 0 1.0
0 0.00000 0.00000 3.42000 0.01345 -0.10214 0.99468 0.00000 0.00000 1 0 1.0
0 0.00000 -1.03528 3.31369 0.01345 -0.10214 0.99468 0.00000 -0.20706 1 0 1.0
cl_navy
0 1.00000 -3.73205 1.10752 0.11550 -0.87728 0.46587 0.20000 0.22150 1 0 1.0
0 0.89658 -3.34606 1.86000 0.11550 -0.87728 0.46587 0.17932 0.37200 1 0 1.0
0 -0.00000 -3.46410 1.86000 0.11550 -0.87728 0.46587 -0.00000 0.37200 1 0 1.0
cl_navy
0 1.00000 -3.73205 1.10752 0.11550 -0.87728 0.46587 0.20000 0.22150 1 0 1.0
0 -0.00000 -3.46410 1.86000 0.11550 -0.87728 0.46587 -0.00000 0.37200 1 0 1.0
0 -0.00000 -3.86370 1.10752 0.11550 -0.87728 0.46587 -0.00000 0.22150 1 0 1.0
cl_navy
0 0.51764 -1.93185 3.00200 0.04044 -0.30719 0.95079 0.10353 -0.38637 1 0 1.0
0 0.26795 -1.00000 3.31369 0.04044 -0.30719 0.95079 0.05359 -0.20000 1 0 1.0
0 0.00000 -1.03528 3.31369 0.04044 -0.30719 0.95079 0.00000 -0.20706 1 0 1.0
cl_navy
0 0.51764 -1.93185 3.00200 0.04044 -0.30719 0.95079 0.10353 -0.38637 1 0 1.0
0 0.00000 -1.03528 3.31369 0.04044 -0.30719 0.95079 0.00000 -0.20706 1 0 1.0
0 -0.00000 -2.00000 3.00200 0.04044 -0.30719 0.95079 -0.00000 -0.40000 1 0 1.0
cl_navy
0 1.03528 -3.86370 0.30000 0.12874 -0.97785 0.16505 0.20706 0.06000 1 0 1.0
0 1.00000 -3.73205 1.10752 0.12874 -0.97785 0.16505 0.20000 0.22150 1 0 1.0
0 -0.00000 -3.86370 1.10752 0.12874 -0.97785 0.16505 -0.00000 0.22150 1 0 1.0
cl_navy
0 1.03528 -3.86370 0.30000 0.12874 -0.97785 0.16504 0.20706 0.06000 1 0 1.0
0 -0.00000 -3.86370 1.10752 0.12874 -0.97785 0.16504 -0.00000 0.22150 1 0 1.0
0 -0.00000 -4.00000 0.30000 0.12874 -0.97785 0.16504 -0.00000 0.06000 1 0 1.0
cl_navy
0 0.73205 -2.73205 2.50617 0.06746 -0.51239 0.85610 0.14641 -0.54641 1 0 1.0
0 0.51764 -1.93185 3.00200 0.06746 -0.51239 0.85610 0.10353 -0.38637 1 0 1.0
0 -0.00000 -2.00000 3.00200 0.06746 -0.51239 0.85610 -0.00000 -0.40000 1 0 1.0
cl_navy
0 0.73205 -2.73205 2.50617 0.06746 -0.51239 0.85610 0.14641 -0.54641 1 0 1.0
0 -0.00000 -2.00000 3.00200 0.06746 -0.51239 0.85610 -0.00000 -0.40000 1 0 1.0
0 0.00000 -2.82843 2.50617 0.06746 -0.51239 0.85610 0.00000 -0.56569 1 0 1.0
cl_navy
0 -0.00000 -2.00000 3.00200 -0.04044 -0.30719 0.95079 -0.00000 -0.40000 1 0 1.0
0 0.00000 -1.03528 3.31369 -0.04044 -0.30719 0.95079 0.00000 -0.20706 1 0 1.0
0 -0.26795 -1.00000 3.31369 -0.04044 -0.30719 0.95079 -0.05359 -0.20000 1 0 1.0
cl_navy
0 -0.00000 -2.00000 3.00200 -0.04044 -0.30719 0.95079 -0.00000 -0.40000 1 0 1.0
0 -0.26795 -1.00000 3.31369 -0.04044 -0.30719 0.95079 -0.05359 -0.20000 1 0 1.0
0 -0.51764 -1.93185 3.00200 -0.04044 -0.30719 0.95079 -0.10353 -0.38637 1 0 1.0
cl_navy
0 -0.00000 -4.00000 0.30000 -0.12874 -0.97785 0.16505 -0.00000 0.06000 1 0 1.0
0 -0.00000 -3.86370 1.10752 -0.12874 -0.97785 0.16505 -0.00000 0.22150 1 0 1.0
0 -1.00000 -3.73205 1.10752 -0.12874 -0.97785 0.16505 -0.20000 0.22150 1 0 1.0
cl_navy
0 -0.00000 -4.00000 0.30000 -0.12874 -0.97785 0.16505 -0.00000 0.06000 1 0 1.0
0 -1.00000 -3.73205 1.10752 -0.12874 -0.97785 0.16505 -0.20000 0.22150 1 0 1.0
0 -1.03528 -3.86370 0.30000 -0.12874 -0.97785 0.16505 -0.20706 0.06000 1 0 1.0
cl_navy
0 0.00000 -2.82843 2.50617 -0.06746 -0.51239 0.85610 0.00000 -0.56569 1 0 1.0
0 -0.00000 -2.00000 3.00200 -0.06746 -0.51239 0.85610 -0.00000 -0.40000 1 0 1.0
0 -0.51764 -1.93185 3.00200 -0.06746 -0.51239 0.85610 -0.10353 -0.38637 1 0 1.0
cl_navy
0 0.00000 -2.82843 2.50617 -0.06746 -0.51239 0.85610 0.00000 -0.56569 1 0 1.0
0 -0.51764 -1.93185 3.00200 -0.06746 -0.51239 0.85610 -0.10353 -0.38637 1 0 1.0
0 -0.73205 -2.73205 2.50617 -0.06746 -0.51239 0.85610 -0.14641 -0.54641 1 0 1.0
cl_navy
0 -0.00000 -3.46410 1.86000 -0.09344 -0.70975 0.69822 -0.00000 0.37200 1 0 1.0
0 0.00000 -2.82843 2.50617 -0.09344 -0.70975 0.69822 0.00000 0.50123 1 0 1.0
0 -0.73205 -2.73205 2.50617 -0.09344 -0.70975 0.69822 -0.14641 0.50123 1 0 1.0
cl_navy
0 -0.00000 -3.46410 1.86000 -0.09344 -0.70975 0.69822 -0.00000 0.37200 1 0 1.0
0 -0.73205 -2.73205 2.50617 -0.09344 -0.70975 0.69822 -0.14641 0.50123 1 0 1.0
0 -0.89658 -3.34606 1.86000 -0.09344 -0.70975 0.69822 -0.17932 0.37200 1 0 1.0
cl_navy
0 0.00000 -1.03528 3.31369 -0.01345 -0.10214 0.99468 0.00000 -0.20706 1 0 1.0
0 0.00000 0.00000 3.42000 -0.01345 -0.10214 0.99468 0.00000 0.00000 1 0 1.0
0 -0.26795 -1.00000 3.31369 -0.01345 -0.10214 0.99468 -0.05359 -0.20000 1 0 1.0
cl_navy
0 -0.00000 -3.86370 1.10752 -0.11550 -0.87728 0.46587 -0.00000 0.22150 1 0 1.0
0 -0.00000 -3.46410 1.86000 -0.11550 -0.87728 0.46587 -0.00000 0.37200 1 0 1.0
0 -0.89658 -3.34606 1.86000 -0.11550 -0.87728 0.46587 -0.17932 0.37200 1 0 1.0
cl_navy
0 -0.00000 -3.86370 1.10752 -0.11550 -0.87728 0.46587 -0.00000 0.22150 1 0 1.0
0 -0.89658 -3.34606 1.86000 -0.11550 -0.87728 0.46587 -0.17932 0.37200 1 0 1.0
0 -1.00000 -3.73205 1.10752 -0.11550 -0.87728 0.46587 -0.20000 0.22150 1 0 1.0
cl_navy
0 -0.26795 -1.00000 3.31369 -0.03943 -0.09518 0.99468 -0.05359 -0.20000 1 0 1.0
0 0.00000 0.00000 3.42000 -0.03943 -0.09518 0.99468 0.00000 0.00000 1 0 1.0
0 -0.51764 -0.89658 3.31369 -0.03943 -0.09518 0.99468 -0.10353 -0.17932 1 0 1.0
cl_navy
0 -1.00000 -3.73205 1.10752 -0.33862 -0.81750 0.46587 -0.20000 0.22150 1 0 1.0
0 -0.89658 -3.34606 1.86000 -0.33862 -0.81750 0.46587 -0.17932 0.37200 1 0 1.0
0 -1.73205 -3.00000 1.86000 -0.33862 -0.81750 0.46587 -0.34641 0.37200 1 0 1.0
cl_navy
0 -1.00000 -3.73205 1.10752 -0.33862 -0.81750 0.46587 -0.20000 0.22150 1 0 1.0
0 -1.73205 -3.00000 1.86000 -0.33862 -0.81750 0.46587 -0.34641 0.37200 1 0 1.0
0 -1.93185 -3.34607 1.10752 -0.33862 -0.81750 0.46587 -0.38637 0.22150 1 0 1.0
cl_navy
0 -0.51764 -1.93185 3.00200 -0.11857 -0.28625 0.95079 -0.10353 -0.38637 1 0 1.0
0 -0.26795 -1.00000 3.31369 -0.11857 -0.28625 0.95079 -0.05359 -0.20000 1 0 1.0
0 -0.51764 -0.89658 3.31369 -0.11857 -0.28625 0.95079 -0.10353 -0.17932 1 0 1.0
cl_navy
0 -0.51764 -1.93185 3.00200 -0.11857 -0.28625 0.95079 -0.10353 -0.38637 1 0 1.0
0 -0.51764 -0.89658 3.31369 -0.11857 -0.28625 0.95079 -0.10353 -0.17932 1 0 1.0
0 -1.00000 -1.73205 3.00200 -0.11857 -0.28625 0.95079 -0.20000 -0.34641 1 0 1.0
cl_navy
0 -1.03528 -3.86370 0.30000 -0.37744 -0.91121 0.16505 -0.20706 0.06000 1 0 1.0
0 -1.00000 -3.73205 1.10752 -0.37744 -0.91121 0.16505 -0.20000 0.22150 1 0 1.0
0 -1.93185 -3.34607 1.10752 -0.37744 -0.91121 0.16505 -0.38637 0.22150 1 0 1.0
cl_navy
0 -1.03528 -3.86370 0.30000 -0.37744 -0.91121 0.16504 -0.20706 0.06000 1 0 1.0
0 -1.93185 -3.34607 1.10752 -0.37744 -0.91121 0.16504 -0.38637 0.22150 1 0 1.0
0 -2.00000 -3.46410 0.30000 -0.37744 -0.91121 0.16504 -0.40000 0.06000 1 0 1.0
cl_navy
0 -0.73205 -2.73205 2.50617 -0.19777 -0.47747 0.85610 -0.14641 -0.54641 1 0 1.0
0 -0.51764 -1.93185 3.00200 -0.19777 -0.47747 0.85610 -0.10353 -0.38637 1 0 1.0
0 -1.00000 -1.73205 3.00200 -0.19777 -0.47747 0.85610 -0.20000 -0.34641 1 0 1.0
cl_navy
0 -0.73205 -2.73205 2.50617 -0.19777 -0.47747 0.85610 -0.14641 -0.54641 1 0 1.0
0 -1.00000 -1.73205 3.00200 -0.19777 -0.47747 0.85610 -0.20000 -0.34641 1 0 1.0
0 -1.41421 -2.44949 2.50617 -0.19777 -0.47747 0.85610 -0.28284 -0.48990 1 0 1.0
cl_navy
0 -0.89658 -3.34606 1.86000 -0.27396 -0.66139 0.69822 -0.17932 -0.66921 1 0 1.0
0 -0.73205 -2.73205 2.50617 -0.27396 -0.66139 0.69822 -0.14641 -0.54641 1 0 1.0
0 -1.41421 -2.44949 2.50617 -0.27396 -0.66139 0.69822 -0.28284 -0.48990 1 0 1.0
cl_navy
0 -0.89658 -3.34606 1.86000 -0.27396 -0.66139 0.69822 -0.17932 -0.66921 1 0 1.0
0 -1.41421 -2.44949 2.50617 -0.27396 -0.66139 0.69822 -0.28284 -0.48990 1 0 1.0
0 -1.73205 -3.00000 1.86000 -0.27396 -0.66139 0.69822 -0.34641 -0.60000 1 0 1.0
cl_navy
0 -1.41421 -2.44949 2.50617 -0.31461 -0.41001 0.85610 -0.28284 -0.48990 1 0 1.0
0 -1.00000 -1.73205 3.00200 -0.31461 -0.41001 0.85610 -0.20000 -0.34641 1 0 1.0
0 -1.41421 -1.41421 3.00200 -0.31461 -0.41001 0.85610 -0.28284 -0.28284 1 0 1.0
cl_navy
0 -1.41421 -2.44949 2.50617 -0.31461 -0.41001 0.85610 -0.28284 -0.48990 1 0 1.0
0 -1.41421 -1.41421 3.00200 -0.31461 -0.41001 0.85610 -0.28284 -0.28284 1 0 1.0
0 -2.00000 -2.00000 2.50617 -0.31461 -0.41001 0.85610 -0.40000 -0.40000 1 0 1.0
cl_navy
0 -1.73205 -3.00000 1.86000 -0.43580 -0.56795 0.69822 -0.34641 -0.60000 1 0 1.0
0 -1.41421 -2.44949 2.50617 -0.43580 -0.56795 0.69822 -0.28284 -0.48990 1 0 1.0
0 -2.00000 -2.00000 2.50617 -0.43580 -0.56795 0.69822 -0.40000 -0.40000 1 0 1.0
cl_navy
0 -1.73205 -3.00000 1.86000 -0.43580 -0.56795 0.69822 -0.34641 -0.60000 1 0 1.0
0 -2.00000 -2.00000 2.50617 -0.43580 -0.56795 0.69822 -0.40000 -0.40000 1 0 1.0
0 -2.44949 -2.44949 1.86000 -0.43580 -0.56795 0.69822 -0.48990 -0.48990 1 0 1.0
cl_navy
0 -0.51764 -0.89658 3.31369 -0.06272 -0.08173 0.99468 -0.10353 -0.17932 1 0 1.0
0 0.00000 0.00000 3.42000 -0.06272 -0.08173 0.99468 0.00000 0.00000 1 0 1.0
0 -0.73205 -0.73205 3.31369 -0.06272 -0.08173 0.99468 -0.14641 -0.14641 1 0 1.0
cl_navy
0 -1.93185 -3.34607 1.10752 -0.53866 -0.70200 0.46587 -0.38637 0.22150 1 0 1.0
0 -1.73205 -3.00000 1.86000 -0.53866 -0.70200 0.46587 -0.34641 0.37200 1 0 1.0
0 -2.44949 -2.44949 1.86000 -0.53866 -0.70200 0.46587 -0.48990 0.37200 1 0 1.0
cl_navy
0 -1.93185 -3.34607 1.10752 -0.53866 -0.70200 0.46587 -0.38637 0.22150 1 0 1.0
0 -2.44949 -2.44949 1.86000 -0.53866 -0.70200 0.46587 -0.48990 0.37200 1 0 1.0
0 -2.73205 -2.73205 1.10752 -0.53866 -0.70200 0.46587 -0.54641 0.22150 1 0 1.0
cl_navy
0 -1.00000 -1.73205 3.00200 -0.18862 -0.24581 0.95079 -0.20000 -0.34641 1 0 1.0
0 -0.51764 -0.89658 3.31369 -0.18862 -0.24581 0.95079 -0.10353 -0.17932 1 0 1.0
0 -0.73205 -0.73205 3.31369 -0.18862 -0.24581 0.95079 -0.14641 -0.14641 1 0 1.0
cl_navy
0 -1.00000 -1.73205 3.00200 -0.18862 -0.24581 0.95079 -0.20000 -0.34641 1 0 1.0
0 -0.73205 -0.73205 3.31369 -0.18862 -0.24581 0.95079 -0.14641 -0.14641 1 0 1.0
0 -1.41421 -1.41421 3.00200 -0.18862 -0.24581 0.95079 -0.28284 -0.28284 1 0 1.0
cl_navy
0 -2.00000 -3.46410 0.30000 -0.60041 -0.78247 0.16505 -0.40000 0.06000 1 0 1.0
0 -1.93185 -3.34607 1.10752 -0.60041 -0.78247 0.16505 -0.38637 0.22150 1 0 1.0
0 -2.73205 -2.73205 1.10752 -0.60041 -0.78247 0.16505 -0.54641 0.22150 1 0 1.0
cl_navy
0 -2.00000 -3.46410 0.30000 -0.60041 -0.78247 0.16504 -0.40000 0.06000 1 0 1.0
0 -2.73205 -2.73205 1.10752 -0.60041 -0.78247 0.16504 -0.54641 0.22150 1 0 1.0
0 -2.82843 -2.82843 0.30000 -0.60041 -0.78247 0.16504 -0.56569 0.06000 1 0 1.0
cl_navy
0 -1.41421 -1.41421 3.00200 -0.24581 -0.18862 0.95079 -0.28284 -0.28284 1 0 1.0
0 -0.73205 -0.73205 3.31369 -0.24581 -0.18862 0.95079 -0.14641 -0.14641 1 0 1.0
0 -0.89658 -0.51764 3.31369 -0.24581 -0.18862 0.95079 -0.17932 -0.10353 1 0 1.0
cl_navy
0 -1.41421 -1.41421 3.00200 -0.24581 -0.18862 0.95079 -0.28284 -0.28284 1 0 1.0
0 -0.89658 -0.51764 3.31369 -0.24581 -0.18862 0.95079 -0.17932 -0.10353 1 0 1.0
0 -1.73205 -1.00000 3.00200 -0.24581 -0.18862 0.95079 -0.34641 -0.20000 1 0 1.0
cl_navy
0 -2.82843 -2.82843 0.30000 -0.78247 -0.60041 0.16504 -0.56569 0.06000 1 0 1.0
0 -2.73205 -2.73205 1.10752 -0.78247 -0.60041 0.16504 -0.54641 0.22150 1 0 1.0
0 -3.34607 -1.93185 1.10752 -0.78247 -0.60041 0.16504 -0.38637 0.22150 1 0 1.0
cl_navy
0 -2.82843 -2.82843 0.30000 -0.78247 -0.60041 0.16504 -0.56569 0.06000 1 0 1.0
0 -3.34607 -1.93185 1.10752 -0.78247 -0.60041 0.16504 -0.38637 0.22150 1 0 1.0
0 -3.46410 -2.00000 0.30000 -0.78247 -0.60041 0.16504 -0.40000 0.06000 1 0 1.0
cl_navy
0 -2.00000 -2.00000 2.50617 -0.41001 -0.31461 0.85610 -0.40000 -0.40000 1 0 1.0
0 -1.41421 -1.41421 3.00200 -0.41001 -0.31461 0.85610 -0.28284 -0.28284 1 0 1.0
0 -1.73205 -1.00000 3.00200 -0.41001 -0.31461 0.85610 -0.34641 -0.20000 1 0 1.0
cl_navy
0 -2.00000 -2.00000 2.50617 -0.41001 -0.31461 0.85610 -0.40000 -0.40000 1 0 1.0
0 -1.73205 -1.00000 3.00200 -0.41001 -0.31461 0.85610 -0.34641 -0.20000 1 0 1.0
0 -2.44949 -1.41421 2.50617 -0.41001 -0.31461 0.85610 -0.48990 -0.28284 1 0 1.0
cl_navy
0 -2.44949 -2.44949 1.86000 -0.56795 -0.43580 0.69822 -0.48990 -0.48990 1 0 1.0
0 -2.00000 -2.00000 2.50617 -0.56795 -0.43580 0.69822 -0.40000 -0.40000 1 0 1.0
0 -2.44949 -1.41421 2.50617 -0.56795 -0.43580 0.69822 -0.48990 -0.28284 1 0 1.0
cl_navy
0 -2.44949 -2.44949 1.86000 -0.56795 -0.43580 0.69822 -0.48990 -0.48990 1 0 1.0
0 -2.44949 -1.41421 2.50617 -0.56795 -0.43580 0.69822 -0.48990 -0.28284 1 0 1.0
0 -3.00000 -1.73205 1.86000 -0.56795 -0.43580 0.69822 -0.60000 -0.34641 1 0 1.0
cl_navy
0 -0.73205 -0.73205 3.31369 -0.08173 -0.06272 0.99468 -0.14641 -0.14641 1 0 1.0
0 0.00000 0.00000 3.42000 -0.08173 -0.06272 0.99468 0.00000 0.00000 1 0 1.0
0 -0.89658 -0.51764 3.31369 -0.08173 -0.06272 0.99468 -0.17932 -0.10353 1 0 1.0
cl_navy
0 -2.73205 -2.73205 1.10752 -0.70200 -0.53866 0.46587 -0.54641 0.22150 1 0 1.0
0 -2.44949 -2.44949 1.86000 -0.70200 -0.53866 0.46587 -0.48990 0.37200 1 0 1.0
0 -3.00000 -1.73205 1.86000 -0.70200 -0.53866 0.46587 -0.34641 0.37200 1 0 1.0
cl_navy
0 -2.73205 -2.73205 1.10752 -0.70200 -0.53866 0.46587 -0.54641 0.22150 1 0 1.0
0 -3.00000 -1.73205 1.86000 -0.70200 -0.53866 0.46587 -0.34641 0.37200 1 0 1.0
0 -3.34607 -1.93185 1.10752 -0.70200 -0.53866 0.46587 -0.38637 0.22150 1 0 1.0
cl_navy
0 -3.00000 -1.73205 1.86000 -0.66139 -0.27396 0.69822 -0.60000 -0.34641 1 0 1.0
0 -2.44949 -1.41421 2.50617 -0.66139 -0.27396 0.69822 -0.48990 -0.28284 1 0 1.0
0 -2.73205 -0.73205 2.50617 -0.66139 -0.27396 0.69822 -0.54641 -0.14641 1 0 1.0
cl_navy
0 -3.00000 -1.73205 1.86000 -0.66139 -0.27395 0.69822 -0.60000 -0.34641 1 0 1.0
0 -2.73205 -0.73205 2.50617 -0.66139 -0.27395 0.69822 -0.54641 -0.14641 1 0 1.0
0 -3.34606 -0.89657 1.86000 -0.66139 -0.27395 0.69822 -0.66921 -0.17931 1 0 1.0
cl_navy
0 -0.89658 -0.51764 3.31369 -0.09518 -0.03943 0.99468 -0.17932 -0.10353 1 0 1.0
0 0.00000 0.00000 3.42000 -0.09518 -0.03943 0.99468 0.00000 0.00000 1 0 1.0
0 -1.00000 -0.26795 3.31369 -0.09518 -0.03943 0.99468 -0.20000 -0.05359 1 0 1.0
cl_navy
0 -3.34607 -1.93185 1.10752 -0.81750 -0.33862 0.46587 -0.38637 0.22150 1 0 1.0
0 -3.00000 -1.73205 1.86000 -0.81750 -0.33862 0.46587 -0.34641 0.37200 1 0 1.0
0 -3.34606 -0.89657 1.86000 -0.81750 -0.33862 0.46587 -0.17931 0.37200 1 0 1.0
cl_navy
0 -3.34607 -1.93185 1.10752 -0.81750 -0.33862 0.46587 -0.38637 0.22150 1 0 1.0
0 -3.34606 -0.89657 1.86000 -0.81750 -0.33862 0.46587 -0.17931 0.37200 1 0 1.0
0 -3.73205 -1.00000 1.10752 -0.81750 -0.33862 0.46587 -0.20000 0.22150 1 0 1.0
cl_navy
0 -1.73205 -1.00000 3.00200 -0.28625 -0.11857 0.95079 -0.34641 -0.20000 1 0 1.0
0 -0.89658 -0.51764 3.31369 -0.28625 -0.11857 0.95079 -0.17932 -0.10353 1 0 1.0
0 -1.00000 -0.26795 3.31369 -0.28625 -0.11857 0.95079 -0.20000 -0.05359 1 0 1.0
cl_navy
0 -1.73205 -1.00000 3.00200 -0.28625 -0.11857 0.95079 -0.34641 -0.20000 1 0 1.0
0 -1.00000 -0.26795 3.31369 -0.28625 -0.11857 0.95079 -0.20000 -0.05359 1 0 1.0
0 -1.93185 -0.51764 3.00200 -0.28625 -0.11857 0.95079 -0.38637 -0.10353 1 0 1.0
cl_navy
0 -3.46410 -2.00000 0.30000 -0.91121 -0.37744 0.16504 -0.40000 0.06000 1 0 1.0
0 -3.34607 -1.93185 1.10752 -0.91121 -0.37744 0.16504 -0.38637 0.22150 1 0 1.0
0 -3.73205 -1.00000 1.10752 -0.91121 -0.37744 0.16504 -0.20000 0.22150 1 0 1.0
cl_navy
0 -3.46410 -2.00000 0.30000 -0.91121 -0.37744 0.16504 -0.40000 0.06000 1 0 1.0
0 -3.73205 -1.00000 1.10752 -0.91121 -0.37744 0.16504 -0.20000 0.22150 1 0 1.0
0 -3.86370 -1.03528 0.30000 -0.91121 -0.37744 0.16504 -0.20706 0.06000 1 0 1.0
cl_navy
0 -2.44949 -1.41421 2.50617 -0.47747 -0.19777 0.85610 -0.48990 -0.28284 1 0 1.0
0 -1.73205 -1.00000 3.00200 -0.47747 -0.19777 0.85610 -0.34641 -0.20000 1 0 1.0
0 -1.93185 -0.51764 3.00200 -0.47747 -0.19777 0.85610 -0.38637 -0.10353 1 0 1.0
cl_navy
0 -2.44949 -1.41421 2.50617 -0.47747 -0.19777 0.85610 -0.48990 -0.28284 1 0 1.0
0 -1.93185 -0.51764 3.00200 -0.47747 -0.19777 0.85610 -0.38637 -0.10353 1 0 1.0
0 -2.73205 -0.73205 2.50617 -0.47747 -0.19777 0.85610 -0.54641 -0.14641 1 0 1.0
cl_navy
0 -2.73205 -0.73205 2.50617 -0.51239 -0.06746 0.85610 -0.54641 -0.14641 1 0 1.0
0 -1.93185 -0.51764 3.00200 -0.51239 -0.06746 0.85610 -0.38637 -0.10353 1 0 1.0
0 -2.00000 0.00000 3.00200 -0.51239 -0.06746 0.85610 -0.40000 0.00000 1 0 1.0
cl_navy
0 -2.73205 -0.73205 2.50617 -0.51239 -0.06746 0.85610 -0.54641 -0.14641 1 0 1.0
0 -2.00000 0.00000 3.00200 -0.51239 -0.06746 0.85610 -0.40000 0.00000 1 0 1.0
0 -2.82843 -0.00000 2.50617 -0.51239 -0.06746 0.85610 -0.56569 -0.00000 1 0 1.0
cl_navy
0 -3.34606 -0.89657 1.86000 -0.70975 -0.09344 0.69822 -0.17931 0.37200 1 0 1.0
0 -2.73205 -0.73205 2.50617 -0.70975 -0.09344 0.69822 -0.14641 0.50123 1 0 1.0
0 -2.82843 -0.00000 2.50617 -0.70975 -0.09344 0.69822 -0.00000 0.50123 1 0 1.0
cl_navy
0 -3.34606 -0.89657 1.86000 -0.70975 -0.09344 0.69822 -0.17931 0.37200 1 0 1.0
0 -2.82843 -0.00000 2.50617 -0.70975 -0.09344 0.69822 -0.00000 0.50123 1 0 1.0
0 -3.46410 0.00000 1.86000 -0.70975 -0.09344 0.69822 0.00000 0.37200 1 0 1.0
cl_navy
0 -1.00000 -0.26795 3.31369 -0.10214 -0.01345 0.99468 -0.20000 -0.05359 1 0 1.0
0 0.00000 0.00000 3.42000 -0.10214 -0.01345 0.99468 0.00000 0.00000 1 0 1.0
0 -1.03528 0.00000 3.31369 -0.10214 -0.01345 0.99468 -0.20706 0.00000 1 0 1.0
cl_navy
0 -3.73205 -1.00000 1.10752 -0.87728 -0.11550 0.46587 -0.20000 0.22150 1 0 1.0
0 -3.34606 -0.89657 1.86000 -0.87728 -0.11550 0.46587 -0.17931 0.37200 1 0 1.0
0 -3.46410 0.00000 1.86000 -0.87728 -0.11550 0.46587 0.00000 0.37200 1 0 1.0
cl_navy
0 -3.73205 -1.00000 1.10752 -0.87728 -0.11550 0.46587 -0.20000 0.22150 1 0 1.0
0 -3.46410 0.00000 1.86000 -0.87728 -0.11550 0.46587 0.00000 0.37200 1 0 1.0
0 -3.86370 0.00000 1.10752 -0.87728 -0.11550 0.46587 0.00000 0.22150 1 0 1.0
cl_navy
0 -1.93185 -0.51764 3.00200 -0.30719 -0.04044 0.95079 -0.38637 -0.10353 1 0 1.0
0 -1.00000 -0.26795 3.31369 -0.30719 -0.04044 0.95079 -0.20000 -0.05359 1 0 1.0
0 -1.03528 0.00000 3.31369 -0.30719 -0.04044 0.95079 -0.20706 0.00000 1 0 1.0
cl_navy
0 -1.93185 -0.51764 3.00200 -0.30719 -0.04044 0.95079 -0.38637 -0.10353 1 0 1.0
0 -1.03528 0.00000 3.31369 -0.30719 -0.04044 0.95079 -0.20706 0.00000 1 0 1.0
0 -2.00000 0.00000 3.00200 -0.30719 -0.04044 0.95079 -0.40000 0.00000 1 0 1.0
cl_navy
0 -3.86370 -1.03528 0.30000 -0.97785 -0.12874 0.16504 -0.20706 0.06000 1 0 1.0
0 -3.73205 -1.00000 1.10752 -0.97785 -0.12874 0.16504 -0.20000 0.22150 1 0 1.0
0 -3.86370 0.00000 1.10752 -0.97785 -0.12874 0.16504 0.00000 0.22150 1 0 1.0
cl_navy
0 -3.86370 -1.03528 0.30000 -0.97785 -0.12874 0.16504 -0.20706 0.06000 1 0 1.0
0 -3.86370 0.00000 1.10752 -0.97785 -0.12874 0.16504 0.00000 0.22150 1 0 1.0
0 -4.00000 0.00000 0.30000 -0.97785 -0.12874 0.16504 0.00000 0.06000 1 0 1.0
cl_navy
0 -3.86370 0.00000 1.10752 -0.87728 0.11550 0.46587 0.00000 0.22150 1 0 1.0
0 -3.46410 0.00000 1.86000 -0.87728 0.11550 0.46587 0.00000 0.37200 1 0 1.0
0 -3.34606 0.89658 1.86000 -0.87728 0.11550 0.46587 0.17932 0.37200 1 0 1.0
cl_navy
0 -3.86370 0.00000 1.10752 -0.87728 0.11550 0.46587 0.00000 0.22150 1 0 1.0
0 -3.34606 0.89658 1.86000 -0.87728 0.11550 0.46587 0.17932 0.37200 1 0 1.0
0 -3.73205 1.00000 1.10752 -0.87728 0.11550 0.46587 0.20000 0.22150 1 0 1.0
cl_navy
0 -2.00000 0.00000 3.00200 -0.30719 0.04044 0.95079 -0.40000 0.00000 1 0 1.0
0 -1.03528 0.00000 3.31369 -0.30719 0.04044 0.95079 -0.20706 0.00000 1 0 1.0
0 -1.00000 0.26795 3.31369 -0.30719 0.04044 0.95079 -0.20000 0.05359 1 0 1.0
cl_navy
0 -2.00000 0.00000 3.00200 -0.30719 0.04044 0.95079 -0.40000 0.00000 1 0 1.0
0 -1.00000 0.26795 3.31369 -0.30719 0.04044 0.95079 -0.20000 0.05359 1 0 1.0
0 -1.93185 0.51764 3.00200 -0.30719 0.04044 0.95079 -0.38637 0.10353 1 0 1.0
cl_navy
0 -4.00000 0.00000 0.30000 -0.97785 0.12874 0.16504 0.00000 0.06000 1 0 1.0
0 -3.86370 0.00000 1.10752 -0.97785 0.12874 0.16504 0.00000 0.22150 1 0 1.0
0 -3.73205 1.00000 1.10752 -0.97785 0.12874 0.16504 0.20000 0.22150 1 0 1.0
cl_navy
0 -4.00000 0.00000 0.30000 -0.97785 0.12874 0.16504 0.00000 0.06000 1 0 1.0
0 -3.73205 1.00000 1.10752 -0.97785 0.12874 0.16504 0.20000 0.22150 1 0 1.0
0 -3.86370 1.03528 0.30000 -0.97785 0.12874 0.16504 0.20706 0.06000 1 0 1.0
cl_navy
0 -2.82843 -0.00000 2.50617 -0.51239 0.06746 0.85610 -0.56569 -0.00000 1 0 1.0
0 -2.00000 0.00000 3.00200 -0.51239 0.06746 0.85610 -0.40000 0.00000 1 0 1.0
0 -1.93185 0.51764 3.00200 -0.51239 0.06746 0.85610 -0.38637 0.10353 1 0 1.0
cl_navy
0 -2.82843 -0.00000 2.50617 -0.51239 0.06746 0.85610 -0.56569 -0.00000 1 0 1.0
0 -1.93185 0.51764 3.00200 -0.51239 0.06746 0.85610 -0.38637 0.10353 1 0 1.0
0 -2.73205 0.73205 2.50617 -0.51239 0.06746 0.85610 -0.54641 0.14641 1 0 1.0
cl_navy
0 -3.46410 0.00000 1.86000 -0.70975 0.09344 0.69822 0.00000 0.37200 1 0 1.0
0 -2.82843 -0.00000 2.50617 -0.70975 0.09344 0.69822 -0.00000 0.50123 1 0 1.0
0 -2.73205 0.73205 2.50617 -0.70975 0.09344 0.69822 0.14641 0.50123 1 0 1.0
cl_navy
0 -3.46410 0.00000 1.86000 -0.70975 0.09344 0.69822 0.00000 0.37200 1 0 1.0
0 -2.73205 0.73205 2.50617 -0.70975 0.09344 0.69822 0.14641 0.50123 1 0 1.0
0 -3.34606 0.89658 1.86000 -0.70975 0.09344 0.69822 0.17932 0.37200 1 0 1.0
cl_navy
0 -1.03528 0.00000 3.31369 -0.10214 0.01345 0.99468 -0.20706 0.00000 1 0 1.0
0 0.00000 0.00000 3.42000 -0.10214 0.01345 0.99468 0.00000 0.00000 1 0 1.0
0 -1.00000 0.26795 3.31369 -0.10214 0.01345 0.99468 -0.20000 0.05359 1 0 1.0
cl_navy
0 -3.34606 0.89658 1.86000 -0.66139 0.27396 0.69822 -0.66921 0.17932 1 0 1.0
0 -2.73205 0.73205 2.50617 -0.66139 0.27396 0.69822 -0.54641 0.14641 1 0 1.0
0 -2.44949 1.41421 2.50617 -0.66139 0.27396 0.69822 -0.48990 0.28284 1 0 1.0
cl_navy
0 -3.34606 0.89658 1.86000 -0.66139 0.27396 0.69822 -0.66921 0.17932 1 0 1.0
0 -2.44949 1.41421 2.50617 -0.66139 0.27396 0.69822 -0.48990 0.28284 1 0 1.0
0 -3.00000 1.73205 1.86000 -0.66139 0.27396 0.69822 -0.60000 0.34641 1 0 1.0
cl_navy
0 -1.00000 0.26795 3.31369 -0.09518 0.03943 0.99468 -0.20000 0.05359 1 0 1.0
0 0.00000 0.00000 3.42000 -0.09518 0.03943 0.99468 0.00000 0.00000 1 0 1.0
0 -0.89658 0.51764 3.31369 -0.09518 0.03943 0.99468 -0.17932 0.10353 1 0 1.0
cl_navy
0 -3.73205 1.00000 1.10752 -0.81750 0.33862 0.46587 0.20000 0.22150 1 0 1.0
0 -3.34606 0.89658 1.86000 -0.81750 0.33862 0.46587 0.17932 0.37200 1 0 1.0
0 -3.00000 1.73205 1.86000 -0.81750 0.33862 0.46587 0.34641 0.37200 1 0 1.0
cl_navy
0 -3.73205 1.00000 1.10752 -0.81750 0.33862 0.46587 0.20000 0.22150 1 0 1.0
0 -3.00000 1.73205 1.86000 -0.81750 0.33862 0.46587 0.34641 0.37200 1 0 1.0
0 -3.34607 1.93185 1.10752 -0.81750 0.33862 0.46587 0.38637 0.22150 1 0 1.0
cl_navy
0 -1.93185 0.51764 3.00200 -0.28625 0.11857 0.95079 -0.38637 0.10353 1 0 1.0
0 -1.00000 0.26795 3.31369 -0.28625 0.11857 0.95079 -0.20000 0.05359 1 0 1.0
0 -0.89658 0.51764 3.31369 -0.28625 0.11857 0.95079 -0.17932 0.10353 1 0 1.0
cl_navy
0 -1.93185 0.51764 3.00200 -0.28625 0.11857 0.95079 -0.38637 0.10353 1 0 1.0
0 -0.89658 0.51764 3.31369 -0.28625 0.11857 0.95079 -0.17932 0.10353 1 0 1.0
0 -1.73205 1.00000 3.00200 -0.28625 0.11857 0.95079 -0.34641 0.20000 1 0 1.0
cl_navy
0 -3.86370 1.03528 0.30000 -0.91121 0.37744 0.16504 0.20706 0.06000 1 0 1.0
0 -3.73205 1.00000 1.10752 -0.91121 0.37744 0.16504 0.20000 0.22150 1 0 1.0
0 -3.34607 1.93185 1.10752 -0.91121 0.37744 0.16504 0.38637 0.22150 1 0 1.0
cl_navy
0 -3.86370 1.03528 0.30000 -0.91121 0.37744 0.16504 0.20706 0.06000 1 0 1.0
0 -3.34607 1.93185 1.10752 -0.91121 0.37744 0.16504 0.38637 0.22150 1 0 1.0
0 -3.46410 2.00000 0.30000 -0.91121 0.37744 0.16504 0.40000 0.06000 1 0 1.0
cl_navy
0 -2.73205 0.73205 2.50617 -0.47747 0.19777 0.85610 -0.54641 0.14641 1 0 1.0
0 -1.93185 0.51764 3.00200 -0.47747 0.19777 0.85610 -0.38637 0.10353 1 0 1.0
0 -1.73205 1.00000 3.00200 -0.47747 0.19777 0.85610 -0.34641 0.20000 1 0 1.0
cl_navy
0 -2.73205 0.73205 2.50617 -0.47747 0.19777 0.85610 -0.54641 0.14641 1 0 1.0
0 -1.73205 1.00000 3.00200 -0.47747 0.19777 0.85610 -0.34641 0.20000 1 0 1.0
0 -2.44949 1.41421 2.50617 -0.47747 0.19777 0.85610 -0.48990 0.28284 1 0 1.0
cl_navy
0 -3.46410 2.00000 0.30000 -0.78247 0.60041 0.16504 0.40000 0.06000 1 0 1.0
0 -3.34607 1.93185 1.10752 -0.78247 0.60041 0.16504 0.38637 0.22150 1 0 1.0
0 -2.73205 2.73205 1.10752 -0.78247 0.60041 0.16504 0.54641 0.22150 1 0 1.0
cl_navy
0 -3.46410 2.00000 0.30000 -0.78247 0.60041 0.16504 0.40000 0.06000 1 0 1.0
0 -2.73205 2.73205 1.10752 -0.78247 0.60041 0.16504 0.54641 0.22150 1 0 1.0
0 -2.82843 2.82843 0.30000 -0.78247 0.60041 0.16504 0.56569 0.06000 1 0 1.0
cl_navy
0 -2.44949 1.41421 2.50617 -0.41001 0.31461 0.85610 -0.48990 0.28284 1 0 1.0
0 -1.73205 1.00000 3.00200 -0.41001 0.31461 0.85610 -0.34641 0.20000 1 0 1.0
0 -1.41421 1.41421 3.00200 -0.41001 0.31461 0.85610 -0.28284 0.28284 1 0 1.0
cl_navy
0 -2.44949 1.41421 2.50617 -0.41001 0.31461 0.85610 -0.48990 0.28284 1 0 1.0
0 -1.41421 1.41421 3.00200 -0.41001 0.31461 0.85610 -0.28284 0.28284 1 0 1.0
0 -2.00000 2.00000 2.50617 -0.41001 0.31461 0.85610 -0.40000 0.40000 1 0 1.0
cl_navy
0 -3.00000 1.73205 1.86000 -0.56795 0.43580 0.69822 -0.60000 0.34641 1 0 1.0
0 -2.44949 1.41421 2.50617 -0.56795 0.43580 0.69822 -0.48990 0.28284 1 0 1.0
0 -2.00000 2.00000 2.50617 -0.56795 0.43580 0.69822 -0.40000 0.40000 1 0 1.0
cl_navy
0 -3.00000 1.73205 1.86000 -0.56795 0.43580 0.69822 -0.60000 0.34641 1 0 1.0
0 -2.00000 2.00000 2.50617 -0.56795 0.43580 0.69822 -0.40000 0.40000 1 0 1.0
0 -2.44949 2.44949 1.86000 -0.56795 0.43580 0.69822 -0.48990 0.48990 1 0 1.0
cl_navy
0 -0.89658 0.51764 3.31369 -0.08173 0.06272 0.99468 -0.17932 0.10353 1 0 1.0
0 0.00000 0.00000 3.42000 -0.08173 0.06272 0.99468 0.00000 0.00000 1 0 1.0
0 -0.73205 0.73205 3.31369 -0.08173 0.06272 0.99468 -0.14641 0.14641 1 0 1.0
cl_navy
0 -3.34607 1.93185 1.10752 -0.70200 0.53866 0.46587 0.38637 0.22150 1 0 1.0
0 -3.00000 1.73205 1.86000 -0.70200 0.53866 0.46587 0.34641 0.37200 1 0 1.0
0 -2.44949 2.44949 1.86000 -0.70200 0.53866 0.46587 0.48990 0.37200 1 0 1.0
cl_navy
0 -3.34607 1.93185 1.10752 -0.70200 0.53866 0.46587 0.38637 0.22150 1 0 1.0
0 -2.44949 2.44949 1.86000 -0.70200 0.53866 0.46587 0.48990 0.37200 1 0 1.0
0 -2.73205 2.73205 1.10752 -0.70200 0.53866 0.46587 0.54641 0.22150 1 0 1.0
cl_navy
0 -1.73205 1.00000 3.00200 -0.24581 0.18862 0.95079 -0.34641 0.20000 1 0 1.0
0 -0.89658 0.51764 3.31369 -0.24581 0.18862 0.95079 -0.17932 0.10353 1 0 1.0
0 -0.73205 0.73205 3.31369 -0.24581 0.18862 0.95079 -0.14641 0.14641 1 0 1.0
cl_navy
0 -1.73205 1.00000 3.00200 -0.24581 0.18862 0.95079 -0.34641 0.20000 1 0 1.0
0 -0.73205 0.73205 3.31369 -0.24581 0.18862 0.95079 -0.14641 0.14641 1 0 1.0
0 -1.41421 1.41421 3.00200 -0.24581 0.18862 0.95079 -0.28284 0.28284 1 0 1.0
cl_navy
0 -2.73205 2.73205 1.10752 -0.53866 0.70200 0.46587 -0.54641 0.22150 1 0 1.0
0 -2.44949 2.44949 1.86000 -0.53866 0.70200 0.46587 -0.48990 0.37200 1 0 1.0
0 -1.73205 3.00000 1.86000 -0.53866 0.70200 0.46587 -0.34641 0.37200 1 0 1.0
cl_navy
0 -2.73205 2.73205 1.10752 -0.53866 0.70200 0.46587 -0.54641 0.22150 1 0 1.0
0 -1.73205 3.00000 1.86000 -0.53866 0.70200 0.46587 -0.34641 0.37200 1 0 1.0
0 -1.93185 3.34607 1.10752 -0.53866 0.70200 0.46587 -0.38637 0.22150 1 0 1.0
cl_navy
0 -1.41421 1.41421 3.00200 -0.18862 0.24581 0.95079 -0.28284 0.28284 1 0 1.0
0 -0.73205 0.73205 3.31369 -0.18862 0.24581 0.95079 -0.14641 0.14641 1 0 1.0
0 -0.51764 0.89658 3.31369 -0.18862 0.24581 0.95079 -0.10353 0.17932 1 0 1.0
cl_navy
0 -1.41421 1.41421 3.00200 -0.18862 0.24581 0.95079 -0.28284 0.28284 1 0 1.0
0 -0.51764 0.89658 3.31369 -0.18862 0.24581 0.95079 -0.10353 0.17932 1 0 1.0
0 -1.00000 1.73205 3.00200 -0.18862 0.24581 0.95079 -0.20000 0.34641 1 0 1.0
cl_navy
0 -2.82843 2.82843 0.30000 -0.60041 0.78247 0.16504 -0.56569 0.06000 1 0 1.0
0 -2.73205 2.73205 1.10752 -0.60041 0.78247 0.16504 -0.54641 0.22150 1 0 1.0
0 -1.93185 3.34607 1.10752 -0.60041 0.78247 0.16504 -0.38637 0.22150 1 0 1.0
cl_navy
0 -2.82843 2.82843 0.30000 -0.60041 0.78247 0.16504 -0.56569 0.06000 1 0 1.0
0 -1.93185 3.34607 1.10752 -0.60041 0.78247 0.16504 -0.38637 0.22150 1 0 1.0
0 -2.00000 3.46410 0.30000 -0.60041 0.78247 0.16504 -0.40000 0.06000 1 0 1.0
cl_navy
0 -2.00000 2.00000 2.50617 -0.31461 0.41001 0.85610 -0.40000 0.40000 1 0 1.0
0 -1.41421 1.41421 3.00200 -0.31461 0.41001 0.85610 -0.28284 0.28284 1 0 1.0
0 -1.00000 1.73205 3.00200 -0.31461 0.41001 0.85610 -0.20000 0.34641 1 0 1.0
cl_navy
0 -2.00000 2.00000 2.50617 -0.31461 0.41001 0.85610 -0.40000 0.40000 1 0 1.0
0 -1.00000 1.73205 3.00200 -0.31461 0.41001 0.85610 -0.20000 0.34641 1 0 1.0
0 -1.41421 2.44949 2.50617 -0.31461 0.41001 0.85610 -0.28284 0.48990 1 0 1.0
cl_navy
0 -2.44949 2.44949 1.86000 -0.43580 0.56795 0.69822 -0.48990 0.48990 1 0 1.0
0 -2.00000 2.00000 2.50617 -0.43580 0.56795 0.69822 -0.40000 0.40000 1 0 1.0
0 -1.41421 2.44949 2.50617 -0.43580 0.56795 0.69822 -0.28284 0.48990 1 0 1.0
cl_navy
0 -2.44949 2.44949 1.86000 -0.43580 0.56795 0.69822 -0.48990 0.48990 1 0 1.0
0 -1.41421 2.44949 2.50617 -0.43580 0.56795 0.69822 -0.28284 0.48990 1 0 1.0
0 -1.73205 3.00000 1.86000 -0.43580 0.56795 0.69822 -0.34641 0.60000 1 0 1.0
cl_navy
0 -0.73205 0.73205 3.31369 -0.06272 0.08173 0.99468 -0.14641 0.14641 1 0 1.0
0 0.00000 0.00000 3.42000 -0.06272 0.08173 0.99468 0.00000 0.00000 1 0 1.0
0 -0.51764 0.89658 3.31369 -0.06272 0.08173 0.99468 -0.10353 0.17932 1 0 1.0
cl_navy
0 -1.73205 3.00000 1.86000 -0.27395 0.66139 0.69822 -0.34641 0.60000 1 0 1.0
0 -1.41421 2.44949 2.50617 -0.27395 0.66139 0.69822 -0.28284 0.48990 1 0 1.0
0 -0.73205 2.73205 2.50617 -0.27395 0.66139 0.69822 -0.14641 0.54641 1 0 1.0
cl_navy
0 -1.73205 3.00000 1.86000 -0.27395 0.66139 0.69822 -0.34641 0.60000 1 0 1.0
0 -0.73205 2.73205 2.50617 -0.27395 0.66139 0.69822 -0.14641 0.54641 1 0 1.0
0 -0.89657 3.34606 1.86000 -0.27395 0.66139 0.69822 -0.17931 0.66921 1 0 1.0
cl_navy
0 -0.51764 0.89658 3.31369 -0.03943 0.09518 0.99468 -0.10353 0.17932 1 0 1.0
0 0.00000 0.00000 3.42000 -0.03943 0.09518 0.99468 0.00000 0.00000 1 0 1.0
0 -0.26795 1.00000 3.31369 -0.03943 0.09518 0.99468 -0.05359 0.20000 1 0 1.0
cl_navy
0 -1.93185 3.34607 1.10752 -0.33862 0.81750 0.46587 -0.38637 0.22150 1 0 1.0
0 -1.73205 3.00000 1.86000 -0.33862 0.81750 0.46587 -0.34641 0.37200 1 0 1.0
0 -0.89657 3.34606 1.86000 -0.33862 0.81750 0.46587 -0.17931 0.37200 1 0 1.0
cl_navy
0 -1.93185 3.34607 1.10752 -0.33862 0.81750 0.46587 -0.38637 0.22150 1 0 1.0
0 -0.89657 3.34606 1.86000 -0.33862 0.81750 0.46587 -0.17931 0.37200 1 0 1.0
0 -1.00000 3.73205 1.10752 -0.33862 0.81750 0.46587 -0.20000 0.22150 1 0 1.0
cl_navy
0 -1.00000 1.73205 3.00200 -0.11857 0.28625 0.95079 -0.20000 0.34641 1 0 1.0
0 -0.51764 0.89658 3.31369 -0.11857 0.28625 0.95079 -0.10353 0.17932 1 0 1.0
0 -0.26795 1.00000 3.31369 -0.11857 0.28625 0.95079 -0.05359 0.20000 1 0 1.0
cl_navy
0 -1.00000 1.73205 3.00200 -0.11857 0.28625 0.95079 -0.20000 0.34641 1 0 1.0
0 -0.26795 1.00000 3.31369 -0.11857 0.28625 0.95079 -0.05359 0.20000 1 0 1.0
0 -0.51764 1.93185 3.00200 -0.11857 0.28625 0.95079 -0.10353 0.38637 1 0 1.0
cl_navy
0 -2.00000 3.46410 0.30000 -0.37744 0.91121 0.16504 -0.40000 0.06000 1 0 1.0
0 -1.93185 3.34607 1.10752 -0.37744 0.91121 0.16504 -0.38637 0.22150 1 0 1.0
0 -1.00000 3.73205 1.10752 -0.37744 0.91121 0.16504 -0.20000 0.22150 1 0 1.0
cl_navy
0 -2.00000 3.46410 0.30000 -0.37744 0.91121 0.16504 -0.40000 0.06000 1 0 1.0
0 -1.00000 3.73205 1.10752 -0.37744 0.91121 0.16504 -0.20000 0.22150 1 0 1.0
0 -1.03528 3.86370 0.30000 -0.37744 0.91121 0.16504 -0.20706 0.06000 1 0 1.0
cl_navy
0 -1.41421 2.44949 2.50617 -0.19777 0.47747 0.85610 -0.28284 0.48990 1 0 1.0
0 -1.00000 1.73205 3.00200 -0.19777 0.47747 0.85610 -0.20000 0.34641 1 0 1.0
0 -0.51764 1.93185 3.00200 -0.19777 0.47747 0.85610 -0.10353 0.38637 1 0 1.0
cl_navy
0 -1.41421 2.44949 2.50617 -0.19777 0.47747 0.85610 -0.28284 0.48990 1 0 1.0
0 -0.51764 1.93185 3.00200 -0.19777 0.47747 0.85610 -0.10353 0.38637 1 0 1.0
0 -0.73205 2.73205 2.50617 -0.19777 0.47747 0.85610 -0.14641 0.54641 1 0 1.0
cl_navy
0 -1.03528 3.86370 0.30000 -0.12874 0.97785 0.16504 -0.20706 0.06000 1 0 1.0
0 -1.00000 3.73205 1.10752 -0.12874 0.97785 0.16504 -0.20000 0.22150 1 0 1.0
0 0.00000 3.86370 1.10752 -0.12874 0.97785 0.16504 0.00000 0.22150 1 0 1.0
cl_navy
0 -1.03528 3.86370 0.30000 -0.12874 0.97785 0.16505 -0.20706 0.06000 1 0 1.0
0 0.00000 3.86370 1.10752 -0.12874 0.97785 0.16505 0.00000 0.22150 1 0 1.0
0 0.00000 4.00000 0.30000 -0.12874 0.97785 0.16505 0.00000 0.06000 1 0 1.0
cl_navy
0 -0.73205 2.73205 2.50617 -0.06746 0.51239 0.85610 -0.14641 0.54641 1 0 1.0
0 -0.51764 1.93185 3.00200 -0.06746 0.51239 0.85610 -0.10353 0.38637 1 0 1.0
0 0.00000 2.00000 3.00200 -0.06746 0.51239 0.85610 0.00000 0.40000 1 0 1.0
cl_navy
0 -0.73205 2.73205 2.50617 -0.06746 0.51239 0.85610 -0.14641 0.54641 1 0 1.0
0 0.00000 2.00000 3.00200 -0.06746 0.51239 0.85610 0.00000 0.40000 1 0 1.0
0 0.00000 2.82842 2.50617 -0.06746 0.51239 0.85610 0.00000 0.56568 1 0 1.0
cl_navy
0 -0.89657 3.34606 1.86000 -0.09344 0.70975 0.69822 -0.17931 0.37200 1 0 1.0
0 -0.73205 2.73205 2.50617 -0.09344 0.70975 0.69822 -0.14641 0.50123 1 0 1.0
0 0.00000 2.82842 2.50617 -0.09344 0.70975 0.69822 0.00000 0.50123 1 0 1.0
cl_navy
0 -0.89657 3.34606 1.86000 -0.09344 0.70975 0.69822 -0.17931 0.37200 1 0 1.0
0 0.00000 2.82842 2.50617 -0.09344 0.70975 0.69822 0.00000 0.50123 1 0 1.0
0 0.00000 3.46410 1.86000 -0.09344 0.70975 0.69822 0.00000 0.37200 1 0 1.0
cl_navy
0 -0.26795 1.00000 3.31369 -0.01345 0.10214 0.99468 -0.05359 0.20000 1 0 1.0
0 0.00000 0.00000 3.42000 -0.01345 0.10214 0.99468 0.00000 0.00000 1 0 1.0
0 0.00000 1.03528 3.31369 -0.01345 0.10214 0.99468 0.00000 0.20706 1 0 1.0
cl_navy
0 -1.00000 3.73205 1.10752 -0.11550 0.87728 0.46587 -0.20000 0.22150 1 0 1.0
0 -0.89657 3.34606 1.86000 -0.11550 0.87728 0.46587 -0.17931 0.37200 1 0 1.0
0 0.00000 3.46410 1.86000 -0.11550 0.87728 0.46587 0.00000 0.37200 1 0 1.0
cl_navy
0 -1.00000 3.73205 1.10752 -0.11550 0.87728 0.46587 -0.20000 0.22150 1 0 1.0
0 0.00000 3.46410 1.86000 -0.11550 0.87728 0.46587 0.00000 0.37200 1 0 1.0
0 0.00000 3.86370 1.10752 -0.11550 0.87728 0.46587 0.00000 0.22150 1 0 1.0
cl_navy
0 -0.51764 1.93185 3.00200 -0.04044 0.30719 0.95079 -0.10353 0.38637 1 0 1.0
0 -0.26795 1.00000 3.31369 -0.04044 0.30719 0.95079 -0.05359 0.20000 1 0 1.0
0 0.00000 1.03528 3.31369 -0.04044 0.30719 0.95079 0.00000 0.20706 1 0 1.0
cl_navy
0 -0.51764 1.93185 3.00200 -0.04044 0.30719 0.95079 -0.10353 0.38637 1 0 1.0
0 0.00000 1.03528 3.31369 -0.04044 0.30719 0.95079 0.00000 0.20706 1 0 1.0
0 0.00000 2.00000 3.00200 -0.04044 0.30719 0.95079 0.00000 0.40000 1 0 1.0
cl_navy
0 -2.00000 3.46410 0.30000 0.00000 0.00000 0.00000 -0.40000 0.69282 1 0 1.0
0 -2.00000 3.46410 0.30000 0.00000 0.00000 0.00000 -0.40000 0.69282 1 0 1.0
0 -1.03528 3.86370 0.30000 0.00000 0.00000 0.00000 -0.20706 0.77274 1 0 1.0
cl_navy
0 -2.00000 3.46410 0.30000 0.00000 0.00000 0.00000 -0.40000 0.69282 1 0 1.0
0 -1.03528 3.86370 0.30000 0.00000 0.00000 0.00000 -0.20706 0.77274 1 0 1.0
0 -1.03528 3.86370 0.30000 0.00000 0.00000 0.00000 -0.20706 0.77274 1 0 1.0
cl_navy
0 -2.82843 2.82843 0.30000 0.00000 0.00000 0.00000 -0.56569 0.56569 1 0 1.0
0 -2.82843 2.82843 0.30000 0.00000 0.00000 0.00000 -0.56569 0.56569 1 0 1.0
0 -2.00000 3.46410 0.30000 0.00000 0.00000 0.00000 -0.40000 0.69282 1 0 1.0
cl_navy
0 -2.82843 2.82843 0.30000 0.00000 0.00000 0.00000 -0.56569 0.56569 1 0 1.0
0 -2.00000 3.46410 0.30000 0.00000 0.00000 0.00000 -0.40000 0.69282 1 0 1.0
0 -2.00000 3.46410 0.30000 0.00000 0.00000 0.00000 -0.40000 0.69282 1 0 1.0
cl_navy
0 -3.46410 2.00000 0.30000 0.00000 0.00000 0.00000 -0.69282 0.40000 1 0 1.0
0 -3.46410 2.00000 0.30000 0.00000 0.00000 0.00000 -0.69282 0.40000 1 0 1.0
0 -2.82843 2.82843 0.30000 0.00000 0.00000 0.00000 -0.56569 0.56569 1 0 1.0
cl_navy
0 -3.46410 2.00000 0.30000 0.00000 0.00000 0.00000 -0.69282 0.40000 1 0 1.0
0 -2.82843 2.82843 0.30000 0.00000 0.00000 0.00000 -0.56569 0.56569 1 0 1.0
0 -2.82843 2.82843 0.30000 0.00000 0.00000 0.00000 -0.56569 0.56569 1 0 1.0
cl_navy
0 -3.86370 1.03528 0.30000 0.00000 0.00000 0.00000 -0.77274 0.20706 1 0 1.0
0 -3.86370 1.03528 0.30000 0.00000 0.00000 0.00000 -0.77274 0.20706 1 0 1.0
0 -3.46410 2.00000 0.30000 0.00000 0.00000 0.00000 -0.69282 0.40000 1 0 1.0
cl_navy
0 -3.86370 1.03528 0.30000 0.00000 0.00000 0.00000 -0.77274 0.20706 1 0 1.0
0 -3.46410 2.00000 0.30000 0.00000 0.00000 0.00000 -0.69282 0.40000 1 0 1.0
0 -3.46410 2.00000 0.30000 0.00000 0.00000 0.00000 -0.69282 0.40000 1 0 1.0
cl_navy
0 -4.00000 0.00000 0.30000 0.00000 0.00000 0.00000 -0.80000 0.00000 1 0 1.0
0 -4.00000 0.00000 0.30000 0.00000 0.00000 0.00000 -0.80000 0.00000 1 0 1.0
0 -3.86370 1.03528 0.30000 0.00000 0.00000 0.00000 -0.77274 0.20706 1 0 1.0
cl_navy
0 -4.00000 0.00000 0.30000 0.00000 0.00000 0.00000 -0.80000 0.00000 1 0 1.0
0 -3.86370 1.03528 0.30000 0.00000 0.00000 0.00000 -0.77274 0.20706 1 0 1.0
0 -3.86370 1.03528 0.30000 0.00000 0.00000 0.00000 -0.77274 0.20706 1 0 1.0
cl_navy
0 -3.86370 -1.03528 0.30000 0.00000 0.00000 0.00000 -0.77274 -0.20706 1 0 1.0
0 -3.86370 -1.03528 0.30000 0.00000 0.00000 0.00000 -0.77274 -0.20706 1 0 1.0
0 -4.00000 0.00000 0.30000 0.00000 0.00000 0.00000 -0.80000 0.00000 1 0 1.0
cl_navy
0 -3.86370 -1.03528 0.30000 0.00000 0.00000 0.00000 -0.77274 -0.20706 1 0 1.0
0 -4.00000 0.00000 0.30000 0.00000 0.00000 0.00000 -0.80000 0.00000 1 0 1.0
0 -4.00000 0.00000 0.30000 0.00000 0.00000 0.00000 -0.80000 0.00000 1 0 1.0
cl_navy
0 -3.46410 -2.00000 0.30000 0.00000 0.00000 0.00000 -0.69282 -0.40000 1 0 1.0
0 -3.46410 -2.00000 0.30000 0.00000 0.00000 0.00000 -0.69282 -0.40000 1 0 1.0
0 -3.86370 -1.03528 0.30000 0.00000 0.00000 0.00000 -0.77274 -0.20706 1 0 1.0
cl_navy
0 -3.46410 -2.00000 0.30000 0.00000 0.00000 0.00000 -0.69282 -0.40000 1 0 1.0
0 -3.86370 -1.03528 0.30000 0.00000 0.00000 0.00000 -0.77274 -0.20706 1 0 1.0
0 -3.86370 -1.03528 0.30000 0.00000 0.00000 0.00000 -0.77274 -0.20706 1 0 1.0
cl_navy
0 -2.82843 -2.82843 0.30000 0.00000 0.00000 0.00000 -0.56569 -0.56569 1 0 1.0
0 -2.82843 -2.82843 0.30000 0.00000 0.00000 0.00000 -0.56569 -0.56569 1 0 1.0
0 -3.46410 -2.00000 0.30000 0.00000 0.00000 0.00000 -0.69282 -0.40000 1 0 1.0
cl_navy
0 -2.82843 -2.82843 0.30000 0.00000 0.00000 0.00000 -0.56569 -0.56569 1 0 1.0
0 -3.46410 -2.00000 0.30000 0.00000 0.00000 0.00000 -0.69282 -0.40000 1 0 1.0
0 -3.46410 -2.00000 0.30000 0.00000 0.00000 0.00000 -0.69282 -0.40000 1 0 1.0
cl_navy
0 -2.00000 -3.46410 0.30000 0.00000 0.00000 0.00000 -0.40000 -0.69282 1 0 1.0
0 -2.00000 -3.46410 0.30000 0.00000 0.00000 0.00000 -0.40000 -0.69282 1 0 1.0
0 -2.82843 -2.82843 0.30000 0.00000 0.00000 0.00000 -0.56569 -0.56569 1 0 1.0
cl_navy
0 -2.00000 -3.46410 0.30000 0.00000 0.00000 0.00000 -0.40000 -0.69282 1 0 1.0
0 -2.82843 -2.82843 0.30000 0.00000 0.00000 0.00000 -0.56569 -0.56569 1 0 1.0
0 -2.82843 -2.82843 0.30000 0.00000 0.00000 0.00000 -0.56569 -0.56569 1 0 1.0
cl_navy
0 -1.03528 -3.86370 0.30000 0.00000 0.00000 0.00000 -0.20706 -0.77274 1 0 1.0
0 -1.03528 -3.86370 0.30000 0.00000 0.00000 0.00000 -0.20706 -0.77274 1 0 1.0
0 -2.00000 -3.46410 0.30000 0.00000 0.00000 0.00000 -0.40000 -0.69282 1 0 1.0
cl_navy
0 -1.03528 -3.86370 0.30000 0.00000 0.00000 0.00000 -0.20706 -0.77274 1 0 1.0
0 -2.00000 -3.46410 0.30000 0.00000 0.00000 0.00000 -0.40000 -0.69282 1 0 1.0
0 -2.00000 -3.46410 0.30000 0.00000 0.00000 0.00000 -0.40000 -0.69282 1 0 1.0
cl_navy
0 -0.00000 -4.00000 0.30000 0.00000 0.00000 0.00000 -0.00000 -0.80000 1 0 1.0
0 -0.00000 -4.00000 0.30000 0.00000 0.00000 0.00000 -0.00000 -0.80000 1 0 1.0
0 -1.03528 -3.86370 0.30000 0.00000 0.00000 0.00000 -0.20706 -0.77274 1 0 1.0
cl_navy
0 -0.00000 -4.00000 0.30000 0.00000 0.00000 0.00000 -0.00000 -0.80000 1 0 1.0
0 -1.03528 -3.86370 0.30000 0.00000 0.00000 0.00000 -0.20706 -0.77274 1 0 1.0
0 -1.03528 -3.86370 0.30000 0.00000 0.00000 0.00000 -0.20706 -0.77274 1 0 1.0
cl_navy
0 1.03528 -3.86370 0.30000 0.00000 0.00000 0.00000 0.20706 -0.77274 1 0 1.0
0 1.03528 -3.86370 0.30000 0.00000 0.00000 0.00000 0.20706 -0.77274 1 0 1.0
0 -0.00000 -4.00000 0.30000 0.00000 0.00000 0.00000 -0.00000 -0.80000 1 0 1.0
cl_navy
0 1.03528 -3.86370 0.30000 0.00000 0.00000 0.00000 0.20706 -0.77274 1 0 1.0
0 -0.00000 -4.00000 0.30000 0.00000 0.00000 0.00000 -0.00000 -0.80000 1 0 1.0
0 -0.00000 -4.00000 0.30000 0.00000 0.00000 0.00000 -0.00000 -0.80000 1 0 1.0
cl_navy
0 2.00000 -3.46410 0.30000 0.00000 0.00000 0.00000 0.40000 -0.69282 1 0 1.0
0 2.00000 -3.46410 0.30000 0.00000 0.00000 0.00000 0.40000 -0.69282 1 0 1.0
0 1.03528 -3.86370 0.30000 0.00000 0.00000 0.00000 0.20706 -0.77274 1 0 1.0
cl_navy
0 2.00000 -3.46410 0.30000 0.00000 0.00000 0.00000 0.40000 -0.69282 1 0 1.0
0 1.03528 -3.86370 0.30000 0.00000 0.00000 0.00000 0.20706 -0.77274 1 0 1.0
0 1.03528 -3.86370 0.30000 0.00000 0.00000 0.00000 0.20706 -0.77274 1 0 1.0
cl_navy
0 2.82843 -2.82843 0.30000 0.00000 0.00000 0.00000 0.56569 -0.56569 1 0 1.0
0 2.82843 -2.82843 0.30000 0.00000 0.00000 0.00000 0.56569 -0.56569 1 0 1.0
0 2.00000 -3.46410 0.30000 0.00000 0.00000 0.00000 0.40000 -0.69282 1 0 1.0
cl_navy
0 2.82843 -2.82843 0.30000 0.00000 0.00000 0.00000 0.56569 -0.56569 1 0 1.0
0 2.00000 -3.46410 0.30000 0.00000 0.00000 0.00000 0.40000 -0.69282 1 0 1.0
0 2.00000 -3.46410 0.30000 0.00000 0.00000 0.00000 0.40000 -0.69282 1 0 1.0
cl_navy
0 3.46410 -2.00000 0.30000 0.00000 0.00000 0.00000 0.69282 -0.40000 1 0 1.0
0 3.46410 -2.00000 0.30000 0.00000 0.00000 0.00000 0.69282 -0.40000 1 0 1.0
0 2.82843 -2.82843 0.30000 0.00000 0.00000 0.00000 0.56569 -0.56569 1 0 1.0
cl_navy
0 3.46410 -2.00000 0.30000 0.00000 0.00000 0.00000 0.69282 -0.40000 1 0 1.0
0 2.82843 -2.82843 0.30000 0.00000 0.00000 0.00000 0.56569 -0.56569 1 0 1.0
0 2.82843 -2.82843 0.30000 0.00000 0.00000 0.00000 0.56569 -0.56569 1 0 1.0
cl_navy
0 3.86370 -1.03528 0.30000 0.00000 0.00000 0.00000 0.77274 -0.20706 1 0 1.0
0 3.86370 -1.03528 0.30000 0.00000 0.00000 0.00000 0.77274 -0.20706 1 0 1.0
0 3.46410 -2.00000 0.30000 0.00000 0.00000 0.00000 0.69282 -0.40000 1 0 1.0
cl_navy
0 3.86370 -1.03528 0.30000 0.00000 0.00000 0.00000 0.77274 -0.20706 1 0 1.0
0 3.46410 -2.00000 0.30000 0.00000 0.00000 0.00000 0.69282 -0.40000 1 0 1.0
0 3.46410 -2.00000 0.30000 0.00000 0.00000 0.00000 0.69282 -0.40000 1 0 1.0
cl_navy
0 4.00000 -0.00000 0.30000 0.00000 0.00000 0.00000 0.80000 -0.00000 1 0 1.0
0 4.00000 -0.00000 0.30000 0.00000 0.00000 0.00000 0.80000 -0.00000 1 0 1.0
0 3.86370 -1.03528 0.30000 0.00000 0.00000 0.00000 0.77274 -0.20706 1 0 1.0
cl_navy
0 4.00000 -0.00000 0.30000 0.00000 0.00000 0.00000 0.80000 -0.00000 1 0 1.0
0 3.86370 -1.03528 0.30000 0.00000 0.00000 0.00000 0.77274 -0.20706 1 0 1.0
0 3.86370 -1.03528 0.30000 0.00000 0.00000 0.00000 0.77274 -0.20706 1 0 1.0
cl_navy
0 3.86370 1.03528 0.30000 0.00000 0.00000 0.00000 0.77274 0.20706 1 0 1.0
0 3.86370 1.03528 0.30000 0.00000 0.00000 0.00000 0.77274 0.20706 1 0 1.0
0 4.00000 -0.00000 0.30000 0.00000 0.00000 0.00000 0.80000 -0.00000 1 0 1.0
cl_navy
0 3.86370 1.03528 0.30000 0.00000 0.00000 0.00000 0.77274 0.20706 1 0 1.0
0 4.00000 -0.00000 0.30000 0.00000 0.00000 0.00000 0.80000 -0.00000 1 0 1.0
0 4.00000 -0.00000 0.30000 0.00000 0.00000 0.00000 0.80000 -0.00000 1 0 1.0
cl_navy
0 3.46410 2.00000 0.30000 0.00000 0.00000 0.00000 0.69282 0.40000 1 0 1.0
0 3.46410 2.00000 0.30000 0.00000 0.00000 0.00000 0.69282 0.40000 1 0 1.0
0 3.86370 1.03528 0.30000 0.00000 0.00000 0.00000 0.77274 0.20706 1 0 1.0
cl_navy
0 3.46410 2.00000 0.30000 0.00000 0.00000 0.00000 0.69282 0.40000 1 0 1.0
0 3.86370 1.03528 0.30000 0.00000 0.00000 0.00000 0.77274 0.20706 1 0 1.0
0 3.86370 1.03528 0.30000 0.00000 0.00000 0.00000 0.77274 0.20706 1 0 1.0
cl_navy
0 2.82843 2.82843 0.30000 0.00000 0.00000 0.00000 0.56569 0.56569 1 0 1.0
0 2.82843 2.82843 0.30000 0.00000 0.00000 0.00000 0.56569 0.56569 1 0 1.0
0 3.46410 2.00000 0.30000 0.00000 0.00000 0.00000 0.69282 0.40000 1 0 1.0
cl_navy
0 2.82843 2.82843 0.30000 0.00000 0.00000 0.00000 0.56569 0.56569 1 0 1.0
0 3.46410 2.00000 0.30000 0.00000 0.00000 0.00000 0.69282 0.40000 1 0 1.0
0 3.46410 2.00000 0.30000 0.00000 0.00000 0.00000 0.69282 0.40000 1 0 1.0
cl_navy
0 2.00000 3.46410 0.30000 0.00000 0.00000 0.00000 0.40000 0.69282 1 0 1.0
0 2.00000 3.46410 0.30000 0.00000 0.00000 0.00000 0.40000 0.69282 1 0 1.0
0 2.82843 2.82843 0.30000 0.00000 0.00000 0.00000 0.56569 0.56569 1 0 1.0
cl_navy
0 2.00000 3.46410 0.30000 0.00000 0.00000 0.00000 0.40000 0.69282 1 0 1.0
0 2.82843 2.82843 0.30000 0.00000 0.00000 0.00000 0.56569 0.56569 1 0 1.0
0 2.82843 2.82843 0.30000 0.00000 0.00000 0.00000 0.56569 0.56569 1 0 1.0
cl_navy
0 1.03528 3.86370 0.30000 0.00000 0.00000 0.00000 0.20706 0.77274 1 0 1.0
0 1.03528 3.86370 0.30000 0.00000 0.00000 0.00000 0.20706 0.77274 1 0 1.0
0 2.00000 3.46410 0.30000 0.00000 0.00000 0.00000 0.40000 0.69282 1 0 1.0
cl_navy
0 1.03528 3.86370 0.30000 0.00000 0.00000 0.00000 0.20706 0.77274 1 0 1.0
0 2.00000 3.46410 0.30000 0.00000 0.00000 0.00000 0.40000 0.69282 1 0 1.0
0 2.00000 3.46410 0.30000 0.00000 0.00000 0.00000 0.40000 0.69282 1 0 1.0
cl_navy
0 0.00000 4.00000 0.30000 0.00000 0.00000 0.00000 0.00000 0.80000 1 0 1.0
0 0.00000 4.00000 0.30000 0.00000 0.00000 0.00000 0.00000 0.80000 1 0 1.0
0 1.03528 3.86370 0.30000 0.00000 0.00000 0.00000 0.20706 0.77274 1 0 1.0
cl_navy
0 0.00000 4.00000 0.30000 0.00000 0.00000 0.00000 0.00000 0.80000 1 0 1.0
0 1.03528 3.86370 0.30000 0.00000 0.00000 0.00000 0.20706 0.77274 1 0 1.0
0 1.03528 3.86370 0.30000 0.00000 0.00000 0.00000 0.20706 0.77274 1 0 1.0
cl_navy
0 -1.03528 3.86370 0.30000 0.00000 0.00000 0.00000 -0.20706 0.77274 1 0 1.0
0 -1.03528 3.86370 0.30000 0.00000 0.00000 0.00000 -0.20706 0.77274 1 0 1.0
0 0.00000 4.00000 0.30000 0.00000 0.00000 0.00000 0.00000 0.80000 1 0 1.0
cl_navy
0 -1.03528 3.86370 0.30000 0.00000 0.00000 0.00000 -0.20706 0.77274 1 0 1.0
0 0.00000 4.00000 0.30000 0.00000 0.00000 0.00000 0.00000 0.80000 1 0 1.0
0 0.00000 4.00000 0.30000 0.00000 0.00000 0.00000 0.00000 0.80000 1 0 1.0
cl_accent
0 3.68788 -0.94000 1.10257 -0.09951 -0.57735 -0.81041 0.73758 -0.18800 1 0 1.0
0 3.65094 -1.00000 1.14985 -0.09951 -0.57735 -0.81041 0.73019 -0.20000 1 0 1.0
0 3.60366 -0.94000 1.11291 -0.09951 -0.57735 -0.81041 0.72073 -0.18800 1 0 1.0
cl_accent
0 2.98602 -1.00000 2.00090 -0.81041 -0.57735 0.09951 -0.20000 0.40018 1 0 1.0
0 2.94908 -0.94000 2.04818 -0.81041 -0.57735 0.09951 -0.18800 0.40964 1 0 1.0
0 2.93874 -0.94000 1.96396 -0.81041 -0.57735 0.09951 -0.18800 0.39279 1 0 1.0
cl_accent
0 3.68788 0.94000 1.10257 -0.09951 0.57735 -0.81041 0.73758 0.18800 1 0 1.0
0 3.60366 0.94000 1.11291 -0.09951 0.57735 -0.81041 0.72073 0.18800 1 0 1.0
0 3.65094 1.00000 1.14985 -0.09951 0.57735 -0.81041 0.73019 0.20000 1 0 1.0
cl_accent
0 2.94908 0.94000 2.04818 -0.81041 0.57735 0.09951 0.18800 0.40964 1 0 1.0
0 2.98602 1.00000 2.00090 -0.81041 0.57735 0.09951 0.20000 0.40018 1 0 1.0
0 2.93874 0.94000 1.96396 -0.81041 0.57735 0.09951 0.18800 0.39279 1 0 1.0
cl_accent
0 3.75092 -0.94000 1.15182 0.81041 -0.57735 -0.09951 -0.18800 0.23036 1 0 1.0
0 3.76126 -0.94000 1.23604 0.81041 -0.57735 -0.09951 -0.18800 0.24721 1 0 1.0
0 3.71398 -1.00000 1.19910 0.81041 -0.57735 -0.09951 -0.20000 0.23982 1 0 1.0
cl_accent
0 3.01212 -0.94000 2.09743 0.09951 -0.57735 0.81041 0.60242 -0.18800 1 0 1.0
0 3.04906 -1.00000 2.05015 0.09951 -0.57735 0.81041 0.60981 -0.20000 1 0 1.0
0 3.09634 -0.94000 2.08709 0.09951 -0.57735 0.81041 0.61927 -0.18800 1 0 1.0
cl_accent
0 3.75092 0.94000 1.15182 0.81041 0.57735 -0.09951 0.18800 0.23036 1 0 1.0
0 3.71398 1.00000 1.19910 0.81041 0.57735 -0.09951 0.20000 0.23982 1 0 1.0
0 3.76126 0.94000 1.23604 0.81041 0.57735 -0.09951 0.18800 0.24721 1 0 1.0
cl_accent
0 3.01212 0.94000 2.09743 0.09951 0.57735 0.81041 0.60242 0.18800 1 0 1.0
0 3.09634 0.94000 2.08709 0.09951 0.57735 0.81041 0.61927 0.18800 1 0 1.0
0 3.04906 1.00000 2.05015 0.09951 0.57735 0.81041 0.60981 0.20000 1 0 1.0
cl_accent
0 3.68788 0.94000 1.10257 -0.12187 0.00000 -0.99255 0.73758 0.18800 1 0 1.0
0 3.68788 -0.94000 1.10257 -0.12187 0.00000 -0.99255 0.73758 -0.18800 1 0 1.0
0 3.60366 -0.94000 1.11291 -0.12187 0.00000 -0.99255 0.72073 -0.18800 1 0 1.0
cl_accent
0 3.68788 0.94000 1.10257 -0.12187 0.00000 -0.99255 0.73758 0.18800 1 0 1.0
0 3.60366 -0.94000 1.11291 -0.12187 0.00000 -0.99255 0.72073 -0.18800 1 0 1.0
0 3.60366 0.94000 1.11291 -0.12187 0.00000 -0.99255 0.72073 0.18800 1 0 1.0
cl_accent
0 3.65094 -1.00000 1.14985 -0.55721 -0.70711 -0.43534 0.73019 0.22997 1 0 1.0
0 2.98602 -1.00000 2.00090 -0.55721 -0.70711 -0.43534 0.59720 0.40018 1 0 1.0
0 2.93874 -0.94000 1.96396 -0.55721 -0.70711 -0.43534 0.58775 0.39279 1 0 1.0
cl_accent
0 3.65094 -1.00000 1.14985 -0.55721 -0.70711 -0.43534 0.73019 0.22997 1 0 1.0
0 2.93874 -0.94000 1.96396 -0.55721 -0.70711 -0.43534 0.58775 0.39279 1 0 1.0
0 3.60366 -0.94000 1.11291 -0.55721 -0.70711 -0.43534 0.72073 0.22258 1 0 1.0
cl_accent
0 2.94908 -0.94000 2.04818 -0.99255 0.00000 0.12187 -0.18800 0.40964 1 0 1.0
0 2.94908 0.94000 2.04818 -0.99255 0.00000 0.12187 0.18800 0.40964 1 0 1.0
0 2.93874 0.94000 1.96396 -0.99255 0.00000 0.12187 0.18800 0.39279 1 0 1.0
cl_accent
0 2.94908 -0.94000 2.04818 -0.99255 0.00000 0.12187 -0.18800 0.40964 1 0 1.0
0 2.93874 0.94000 1.96396 -0.99255 0.00000 0.12187 0.18800 0.39279 1 0 1.0
0 2.93874 -0.94000 1.96396 -0.99255 0.00000 0.12187 -0.18800 0.39279 1 0 1.0
cl_accent
0 2.98602 1.00000 2.00090 -0.55721 0.70711 -0.43534 0.59720 0.40018 1 0 1.0
0 3.65094 1.00000 1.14985 -0.55721 0.70711 -0.43534 0.73019 0.22997 1 0 1.0
0 3.60366 0.94000 1.11291 -0.55721 0.70711 -0.43534 0.72073 0.22258 1 0 1.0
cl_accent
0 2.98602 1.00000 2.00090 -0.55721 0.70711 -0.43534 0.59720 0.40018 1 0 1.0
0 3.60366 0.94000 1.11291 -0.55721 0.70711 -0.43534 0.72073 0.22258 1 0 1.0
0 2.93874 0.94000 1.96396 -0.55721 0.70711 -0.43534 0.58775 0.39279 1 0 1.0
cl_accent
0 3.75092 0.94000 1.15182 0.43534 0.70711 -0.55721 0.75018 0.23036 1 0 1.0
0 3.68788 0.94000 1.10257 0.43534 0.70711 -0.55721 0.73758 0.22051 1 0 1.0
0 3.65094 1.00000 1.14985 0.43534 0.70711 -0.55721 0.73019 0.22997 1 0 1.0
cl_accent
0 3.75092 0.94000 1.15182 0.43534 0.70711 -0.55721 0.75018 0.23036 1 0 1.0
0 3.65094 1.00000 1.14985 0.43534 0.70711 -0.55721 0.73019 0.22997 1 0 1.0
0 3.71398 1.00000 1.19910 0.43534 0.70711 -0.55721 0.74280 0.23982 1 0 1.0
cl_accent
0 2.94908 0.94000 2.04818 -0.43534 0.70711 0.55721 0.58982 0.40964 1 0 1.0
0 3.01212 0.94000 2.09743 -0.43534 0.70711 0.55721 0.60242 0.41949 1 0 1.0
0 3.04906 1.00000 2.05015 -0.43534 0.70711 0.55721 0.60981 0.41003 1 0 1.0
cl_accent
0 2.94908 0.94000 2.04818 -0.43534 0.70711 0.55721 0.58982 0.40964 1 0 1.0
0 3.04906 1.00000 2.05015 -0.43534 0.70711 0.55721 0.60981 0.41003 1 0 1.0
0 2.98602 1.00000 2.00090 -0.43534 0.70711 0.55721 0.59720 0.40018 1 0 1.0
cl_accent
0 3.09634 0.94000 2.08709 0.55721 0.70711 0.43534 0.61927 0.41742 1 0 1.0
0 3.76126 0.94000 1.23604 0.55721 0.70711 0.43534 0.75225 0.24721 1 0 1.0
0 3.71398 1.00000 1.19910 0.55721 0.70711 0.43534 0.74280 0.23982 1 0 1.0
cl_accent
0 3.09634 0.94000 2.08709 0.55721 0.70711 0.43534 0.61927 0.41742 1 0 1.0
0 3.71398 1.00000 1.19910 0.55721 0.70711 0.43534 0.74280 0.23982 1 0 1.0
0 3.04906 1.00000 2.05015 0.55721 0.70711 0.43534 0.60981 0.41003 1 0 1.0
cl_accent
0 3.75092 -0.94000 1.15182 0.99255 0.00000 -0.12187 -0.18800 0.23036 1 0 1.0
0 3.75092 0.94000 1.15182 0.99255 0.00000 -0.12187 0.18800 0.23036 1 0 1.0
0 3.76126 0.94000 1.23604 0.99255 0.00000 -0.12187 0.18800 0.24721 1 0 1.0
cl_accent
0 3.75092 -0.94000 1.15182 0.99255 0.00000 -0.12187 -0.18800 0.23036 1 0 1.0
0 3.76126 0.94000 1.23604 0.99255 0.00000 -0.12187 0.18800 0.24721 1 0 1.0
0 3.76126 -0.94000 1.23604 0.99255 0.00000 -0.12187 -0.18800 0.24721 1 0 1.0
cl_accent
0 3.01212 0.94000 2.09743 0.12187 0.00000 0.99255 0.60242 0.18800 1 0 1.0
0 3.01212 -0.94000 2.09743 0.12187 0.00000 0.99255 0.60242 -0.18800 1 0 1.0
0 3.09634 -0.94000 2.08709 0.12187 0.00000 0.99255 0.61927 -0.18800 1 0 1.0
cl_accent
0 3.01212 0.94000 2.09743 0.12187 0.00000 0.99255 0.60242 0.18800 1 0 1.0
0 3.09634 -0.94000 2.08709 0.12187 0.00000 0.99255 0.61927 -0.18800 1 0 1.0
0 3.09634 0.94000 2.08709 0.12187 0.00000 0.99255 0.61927 0.18800 1 0 1.0
cl_accent
0 3.04906 -1.00000 2.05015 0.55721 -0.70711 0.43534 0.60981 0.41003 1 0 1.0
0 3.71398 -1.00000 1.19910 0.55721 -0.70711 0.43534 0.74280 0.23982 1 0 1.0
0 3.76126 -0.94000 1.23604 0.55721 -0.70711 0.43534 0.75225 0.24721 1 0 1.0
cl_accent
0 3.04906 -1.00000 2.05015 0.55721 -0.70711 0.43534 0.60981 0.41003 1 0 1.0
0 3.76126 -0.94000 1.23604 0.55721 -0.70711 0.43534 0.75225 0.24721 1 0 1.0
0 3.09634 -0.94000 2.08709 0.55721 -0.70711 0.43534 0.61927 0.41742 1 0 1.0
cl_accent
0 3.68788 -0.94000 1.10257 0.43534 -0.70711 -0.55721 0.73758 0.22051 1 0 1.0
0 3.75092 -0.94000 1.15182 0.43534 -0.70711 -0.55721 0.75018 0.23036 1 0 1.0
0 3.71398 -1.00000 1.19910 0.43534 -0.70711 -0.55721 0.74280 0.23982 1 0 1.0
cl_accent
0 3.68788 -0.94000 1.10257 0.43534 -0.70711 -0.55721 0.73758 0.22051 1 0 1.0
0 3.71398 -1.00000 1.19910 0.43534 -0.70711 -0.55721 0.74280 0.23982 1 0 1.0
0 3.65094 -1.00000 1.14985 0.43534 -0.70711 -0.55721 0.73019 0.22997 1 0 1.0
cl_accent
0 3.01212 -0.94000 2.09743 -0.43534 -0.70711 0.55721 0.60242 0.41949 1 0 1.0
0 2.94908 -0.94000 2.04818 -0.43534 -0.70711 0.55721 0.58982 0.40964 1 0 1.0
0 2.98602 -1.00000 2.00090 -0.43534 -0.70711 0.55721 0.59720 0.40018 1 0 1.0
cl_accent
0 3.01212 -0.94000 2.09743 -0.43534 -0.70711 0.55721 0.60242 0.41949 1 0 1.0
0 2.98602 -1.00000 2.00090 -0.43534 -0.70711 0.55721 0.59720 0.40018 1 0 1.0
0 3.04906 -1.00000 2.05015 -0.43534 -0.70711 0.55721 0.60981 0.41003 1 0 1.0
cl_accent
0 3.68788 0.94000 1.10257 0.61566 0.00000 -0.78801 0.73758 0.18800 1 0 1.0
0 3.75092 0.94000 1.15182 0.61566 0.00000 -0.78801 0.75018 0.18800 1 0 1.0
0 3.75092 -0.94000 1.15182 0.61566 0.00000 -0.78801 0.75018 -0.18800 1 0 1.0
cl_accent
0 3.68788 0.94000 1.10257 0.61566 0.00000 -0.78801 0.73758 0.18800 1 0 1.0
0 3.75092 -0.94000 1.15182 0.61566 0.00000 -0.78801 0.75018 -0.18800 1 0 1.0
0 3.68788 -0.94000 1.10257 0.61566 0.00000 -0.78801 0.73758 -0.18800 1 0 1.0
cl_accent
0 3.60366 -0.94000 1.11291 -0.78801 0.00000 -0.61566 -0.18800 0.22258 1 0 1.0
0 2.93874 -0.94000 1.96396 -0.78801 0.00000 -0.61566 -0.18800 0.39279 1 0 1.0
0 2.93874 0.94000 1.96396 -0.78801 0.00000 -0.61566 0.18800 0.39279 1 0 1.0
cl_accent
0 3.60366 -0.94000 1.11291 -0.78801 0.00000 -0.61566 -0.18800 0.22258 1 0 1.0
0 2.93874 0.94000 1.96396 -0.78801 0.00000 -0.61566 0.18800 0.39279 1 0 1.0
0 3.60366 0.94000 1.11291 -0.78801 0.00000 -0.61566 0.18800 0.22258 1 0 1.0
cl_accent
0 3.71398 -1.00000 1.19910 0.00000 -1.00000 0.00000 0.74280 0.23982 1 0 1.0
0 3.04906 -1.00000 2.05015 0.00000 -1.00000 0.00000 0.60981 0.41003 1 0 1.0
0 2.98602 -1.00000 2.00090 0.00000 -1.00000 0.00000 0.59720 0.40018 1 0 1.0
cl_accent
0 3.71398 -1.00000 1.19910 0.00000 -1.00000 0.00000 0.74280 0.23982 1 0 1.0
0 2.98602 -1.00000 2.00090 0.00000 -1.00000 0.00000 0.59720 0.40018 1 0 1.0
0 3.65094 -1.00000 1.14985 0.00000 -1.00000 0.00000 0.73019 0.22997 1 0 1.0
cl_accent
0 3.01212 0.94000 2.09743 -0.61566 0.00000 0.78801 0.60242 0.18800 1 0 1.0
0 2.94908 0.94000 2.04818 -0.61566 0.00000 0.78801 0.58982 0.18800 1 0 1.0
0 2.94908 -0.94000 2.04818 -0.61566 0.00000 0.78801 0.58982 -0.18800 1 0 1.0
cl_accent
0 3.01212 0.94000 2.09743 -0.61566 0.00000 0.78801 0.60242 0.18800 1 0 1.0
0 2.94908 -0.94000 2.04818 -0.61566 0.00000 0.78801 0.58982 -0.18800 1 0 1.0
0 3.01212 -0.94000 2.09743 -0.61566 0.00000 0.78801 0.60242 -0.18800 1 0 1.0
cl_accent
0 3.65094 1.00000 1.14985 0.00000 1.00000 0.00000 0.73019 0.22997 1 0 1.0
0 2.98602 1.00000 2.00090 0.00000 1.00000 0.00000 0.59720 0.40018 1 0 1.0
0 3.04906 1.00000 2.05015 0.00000 1.00000 0.00000 0.60981 0.41003 1 0 1.0
cl_accent
0 3.65094 1.00000 1.14985 0.00000 1.00000 0.00000 0.73019 0.22997 1 0 1.0
0 3.04906 1.00000 2.05015 0.00000 1.00000 0.00000 0.60981 0.41003 1 0 1.0
0 3.71398 1.00000 1.19910 0.00000 1.00000 0.00000 0.74280 0.23982 1 0 1.0
cl_accent
0 3.76126 0.94000 1.23604 0.78801 0.00000 0.61566 0.18800 0.24721 1 0 1.0
0 3.09634 0.94000 2.08709 0.78801 0.00000 0.61566 0.18800 0.41742 1 0 1.0
0 3.09634 -0.94000 2.08709 0.78801 0.00000 0.61566 -0.18800 0.41742 1 0 1.0
cl_accent
0 3.76126 0.94000 1.23604 0.78801 0.00000 0.61566 0.18800 0.24721 1 0 1.0
0 3.09634 -0.94000 2.08709 0.78801 0.00000 0.61566 -0.18800 0.41742 1 0 1.0
0 3.76126 -0.94000 1.23604 0.78801 0.00000 0.61566 -0.18800 0.24721 1 0 1.0
end
