version 1
nodes
0 "root" -1
end
skeleton
time 0
0 0 0 0 0 0 0
end
triangles
cl_black
0 -1.23328 -3.58414 0.05000 -0.22790 -0.40282 -0.88645 -0.24666 -0.71683 1 0 1.0
0 -1.19392 -3.86423 0.16716 -0.22790 -0.40282 -0.88645 -0.23878 -0.77285 1 0 1.0
0 -1.42984 -3.84497 0.21906 -0.22790 -0.40282 -0.88645 -0.28597 -0.76899 1 0 1.0
cl_black
0 -1.23328 -3.58414 0.05000 -0.32440 -0.33011 -0.88645 -0.24666 -0.71683 1 0 1.0
0 -1.42984 -3.84497 0.21906 -0.32440 -0.33011 -0.88645 -0.28597 -0.76899 1 0 1.0
0 -1.51338 -3.62350 0.16716 -0.32440 -0.33011 -0.88645 -0.30268 -0.72470 1 0 1.0
cl_black
0 -1.17762 -3.98024 0.45000 -0.24024 -0.92893 -0.28175 -0.23552 0.09000 1 0 1.0
0 -1.47401 -3.90359 0.45000 -0.24024 -0.92893 -0.28175 -0.29480 0.09000 1 0 1.0
0 -1.42984 -3.84497 0.21906 -0.24024 -0.92893 -0.28175 -0.28597 0.04381 1 0 1.0
cl_black
0 -1.17762 -3.98024 0.45000 -0.15564 -0.91704 -0.36718 -0.23552 0.09000 1 0 1.0
0 -1.42984 -3.84497 0.21906 -0.15564 -0.91704 -0.36718 -0.28597 0.04381 1 0 1.0
0 -1.19392 -3.86423 0.16716 -0.15564 -0.91704 -0.36718 -0.23878 0.03343 1 0 1.0
cl_black
0 -1.62939 -3.63981 0.45000 -0.83861 -0.40238 -0.36718 -0.72796 0.09000 1 0 1.0
0 -1.51338 -3.62350 0.16716 -0.83861 -0.40238 -0.36718 -0.72470 0.03343 1 0 1.0
0 -1.42984 -3.84497 0.21906 -0.83861 -0.40238 -0.36718 -0.76899 0.04381 1 0 1.0
cl_black
0 -1.62939 -3.63981 0.45000 -0.82672 -0.48698 -0.28175 -0.72796 0.09000 1 0 1.0
0 -1.42984 -3.84497 0.21906 -0.82672 -0.48698 -0.28175 -0.76899 0.04381 1 0 1.0
0 -1.47401 -3.90359 0.45000 -0.82672 -0.48698 -0.28175 -0.78072 0.09000 1 0 1.0
cl_black
0 -1.17762 -3.98024 0.55000 -0.15564 -0.91704 0.36718 -0.23552 0.11000 1 0 1.0
0 -1.19392 -3.86423 0.83284 -0.15564 -0.91704 0.36718 -0.23878 0.16657 1 0 1.0
0 -1.42984 -3.84497 0.78094 -0.15564 -0.91704 0.36718 -0.28597 0.15619 1 0 1.0
cl_black
0 -1.17762 -3.98024 0.55000 -0.24024 -0.92893 0.28175 -0.23552 0.11000 1 0 1.0
0 -1.42984 -3.84497 0.78094 -0.24024 -0.92893 0.28175 -0.28597 0.15619 1 0 1.0
0 -1.47401 -3.90359 0.55000 -0.24024 -0.92893 0.28175 -0.29480 0.11000 1 0 1.0
cl_black
0 -1.23328 -3.58414 0.95000 -0.32440 -0.33011 0.88645 -0.24666 -0.71683 1 0 1.0
0 -1.51338 -3.62350 0.83284 -0.32440 -0.33011 0.88645 -0.30268 -0.72470 1 0 1.0
0 -1.42984 -3.84497 0.78094 -0.32440 -0.33011 0.88645 -0.28597 -0.76899 1 0 1.0
cl_black
0 -1.23328 -3.58414 0.95000 -0.22790 -0.40282 0.88645 -0.24666 -0.71683 1 0 1.0
0 -1.42984 -3.84497 0.78094 -0.22790 -0.40282 0.88645 -0.28597 -0.76899 1 0 1.0
0 -1.19392 -3.86423 0.83284 -0.22790 -0.40282 0.88645 -0.23878 -0.77285 1 0 1.0
cl_black
0 -1.62939 -3.63981 0.55000 -0.82672 -0.48698 0.28175 -0.72796 0.11000 1 0 1.0
0 -1.47401 -3.90359 0.55000 -0.82672 -0.48698 0.28175 -0.78072 0.11000 1 0 1.0
0 -1.42984 -3.84497 0.78094 -0.82672 -0.48698 0.28175 -0.76899 0.15619 1 0 1.0
cl_black
0 -1.62939 -3.63981 0.55000 -0.83861 -0.40238 0.36718 -0.72796 0.11000 1 0 1.0
0 -1.42984 -3.84497 0.78094 -0.83861 -0.40238 0.36718 -0.76899 0.15619 1 0 1.0
0 -1.51338 -3.62350 0.83284 -0.83861 -0.40238 0.36718 -0.72470 0.16657 1 0 1.0
cl_black
0 -1.53947 -1.40555 0.05000 -0.40282 0.22790 -0.88645 -0.30789 -0.28111 1 0 1.0
0 -1.81956 -1.44491 0.16716 -0.40282 0.22790 -0.88645 -0.36391 -0.28898 1 0 1.0
0 -1.80030 -1.20900 0.21906 -0.40282 0.22790 -0.88645 -0.36006 -0.24180 1 0 1.0
cl_black
0 -1.53947 -1.40555 0.05000 -0.33011 0.32440 -0.88645 -0.30789 -0.28111 1 0 1.0
0 -1.80030 -1.20900 0.21906 -0.33011 0.32440 -0.88645 -0.36006 -0.24180 1 0 1.0
0 -1.57883 -1.12546 0.16716 -0.33011 0.32440 -0.88645 -0.31577 -0.22509 1 0 1.0
cl_black
0 -1.93557 -1.46122 0.45000 -0.92893 0.24024 -0.28175 -0.29224 0.09000 1 0 1.0
0 -1.85892 -1.16482 0.45000 -0.92893 0.24024 -0.28175 -0.23296 0.09000 1 0 1.0
0 -1.80030 -1.20900 0.21906 -0.92893 0.24024 -0.28175 -0.24180 0.04381 1 0 1.0
cl_black
0 -1.93557 -1.46122 0.45000 -0.91704 0.15564 -0.36718 -0.29224 0.09000 1 0 1.0
0 -1.80030 -1.20900 0.21906 -0.91704 0.15564 -0.36718 -0.24180 0.04381 1 0 1.0
0 -1.81956 -1.44491 0.16716 -0.91704 0.15564 -0.36718 -0.28898 0.03343 1 0 1.0
cl_black
0 -1.59513 -1.00944 0.45000 -0.40238 0.83861 -0.36718 -0.31903 0.09000 1 0 1.0
0 -1.57883 -1.12546 0.16716 -0.40238 0.83861 -0.36718 -0.31577 0.03343 1 0 1.0
0 -1.80030 -1.20900 0.21906 -0.40238 0.83861 -0.36718 -0.36006 0.04381 1 0 1.0
cl_black
0 -1.59513 -1.00944 0.45000 -0.48698 0.82672 -0.28175 -0.31903 0.09000 1 0 1.0
0 -1.80030 -1.20900 0.21906 -0.48698 0.82672 -0.28175 -0.36006 0.04381 1 0 1.0
0 -1.85892 -1.16482 0.45000 -0.48698 0.82672 -0.28175 -0.37178 0.09000 1 0 1.0
cl_black
0 -1.53947 -1.40555 0.95000 -0.33011 0.32440 0.88645 -0.30789 -0.28111 1 0 1.0
0 -1.57883 -1.12546 0.83284 -0.33011 0.32440 0.88645 -0.31577 -0.22509 1 0 1.0
0 -1.80030 -1.20900 0.78094 -0.33011 0.32440 0.88645 -0.36006 -0.24180 1 0 1.0
cl_black
0 -1.53947 -1.40555 0.95000 -0.40282 0.22790 0.88645 -0.30789 -0.28111 1 0 1.0
0 -1.80030 -1.20900 0.78094 -0.40282 0.22790 0.88645 -0.36006 -0.24180 1 0 1.0
0 -1.81956 -1.44491 0.83284 -0.40282 0.22790 0.88645 -0.36391 -0.28898 1 0 1.0
cl_black
0 -1.59513 -1.00944 0.55000 -0.48698 0.82672 0.28175 -0.31903 0.11000 1 0 1.0
0 -1.85892 -1.16482 0.55000 -0.48698 0.82672 0.28175 -0.37178 0.11000 1 0 1.0
0 -1.80030 -1.20900 0.78094 -0.48698 0.82672 0.28175 -0.36006 0.15619 1 0 1.0
cl_black
0 -1.59513 -1.00944 0.55000 -0.40238 0.83861 0.36718 -0.31903 0.11000 1 0 1.0
0 -1.80030 -1.20900 0.78094 -0.40238 0.83861 0.36718 -0.36006 0.15619 1 0 1.0
0 -1.57883 -1.12546 0.83284 -0.40238 0.83861 0.36718 -0.31577 0.16657 1 0 1.0
cl_black
0 -1.93557 -1.46122 0.55000 -0.91704 0.15564 0.36718 -0.29224 0.11000 1 0 1.0
0 -1.81956 -1.44491 0.83284 -0.91704 0.15564 0.36718 -0.28898 0.16657 1 0 1.0
0 -1.80030 -1.20900 0.78094 -0.91704 0.15564 0.36718 -0.24180 0.15619 1 0 1.0
cl_black
0 -1.93557 -1.46122 0.55000 -0.92893 0.24024 0.28175 -0.29224 0.11000 1 0 1.0
0 -1.80030 -1.20900 0.78094 -0.92893 0.24024 0.28175 -0.24180 0.15619 1 0 1.0
0 -1.85892 -1.16482 0.55000 -0.92893 0.24024 0.28175 -0.23296 0.11000 1 0 1.0
cl_black
0 1.53947 -3.19445 0.05000 0.40282 -0.22790 -0.88645 0.30789 -0.63889 1 0 1.0
0 1.81956 -3.15509 0.16716 0.40282 -0.22790 -0.88645 0.36391 -0.63102 1 0 1.0
0 1.80030 -3.39100 0.21906 0.40282 -0.22790 -0.88645 0.36006 -0.67820 1 0 1.0
cl_black
0 1.53947 -3.19445 0.05000 0.33011 -0.32440 -0.88645 0.30789 -0.63889 1 0 1.0
0 1.80030 -3.39100 0.21906 0.33011 -0.32440 -0.88645 0.36006 -0.67820 1 0 1.0
0 1.57883 -3.47454 0.16716 0.33011 -0.32440 -0.88645 0.31577 -0.69491 1 0 1.0
cl_black
0 1.93557 -3.13878 0.45000 0.92893 -0.24024 -0.28175 -0.62776 0.09000 1 0 1.0
0 1.85892 -3.43518 0.45000 0.92893 -0.24024 -0.28175 -0.68704 0.09000 1 0 1.0
0 1.80030 -3.39100 0.21906 0.92893 -0.24024 -0.28175 -0.67820 0.04381 1 0 1.0
cl_black
0 1.93557 -3.13878 0.45000 0.91704 -0.15564 -0.36718 -0.62776 0.09000 1 0 1.0
0 1.80030 -3.39100 0.21906 0.91704 -0.15564 -0.36718 -0.67820 0.04381 1 0 1.0
0 1.81956 -3.15509 0.16716 0.91704 -0.15564 -0.36718 -0.63102 0.03343 1 0 1.0
cl_black
0 1.59513 -3.59056 0.45000 0.40238 -0.83861 -0.36718 0.31903 0.09000 1 0 1.0
0 1.57883 -3.47454 0.16716 0.40238 -0.83861 -0.36718 0.31577 0.03343 1 0 1.0
0 1.80030 -3.39100 0.21906 0.40238 -0.83861 -0.36718 0.36006 0.04381 1 0 1.0
cl_black
0 1.59513 -3.59056 0.45000 0.48698 -0.82672 -0.28175 0.31903 0.09000 1 0 1.0
0 1.80030 -3.39100 0.21906 0.48698 -0.82672 -0.28175 0.36006 0.04381 1 0 1.0
0 1.85892 -3.43518 0.45000 0.48698 -0.82672 -0.28175 0.37178 0.09000 1 0 1.0
cl_black
0 1.53947 -3.19445 0.95000 0.33011 -0.32440 0.88645 0.30789 -0.63889 1 0 1.0
0 1.57883 -3.47454 0.83284 0.33011 -0.32440 0.88645 0.31577 -0.69491 1 0 1.0
0 1.80030 -3.39100 0.78094 0.33011 -0.32440 0.88645 0.36006 -0.67820 1 0 1.0
cl_black
0 1.53947 -3.19445 0.95000 0.40282 -0.22790 0.88645 0.30789 -0.63889 1 0 1.0
0 1.80030 -3.39100 0.78094 0.40282 -0.22790 0.88645 0.36006 -0.67820 1 0 1.0
0 1.81956 -3.15509 0.83284 0.40282 -0.22790 0.88645 0.36391 -0.63102 1 0 1.0
cl_black
0 1.59513 -3.59056 0.55000 0.48698 -0.82672 0.28175 0.31903 0.11000 1 0 1.0
0 1.85892 -3.43518 0.55000 0.48698 -0.82672 0.28175 0.37178 0.11000 1 0 1.0
0 1.80030 -3.39100 0.78094 0.48698 -0.82672 0.28175 0.36006 0.15619 1 0 1.0
cl_black
0 1.59513 -3.59056 0.55000 0.40238 -0.83861 0.36718 0.31903 0.11000 1 0 1.0
0 1.80030 -3.39100 0.78094 0.40238 -0.83861 0.36718 0.36006 0.15619 1 0 1.0
0 1.57883 -3.47454 0.83284 0.40238 -0.83861 0.36718 0.31577 0.16657 1 0 1.0
cl_black
0 1.93557 -3.13878 0.55000 0.91704 -0.15564 0.36718 -0.62776 0.11000 1 0 1.0
0 1.81956 -3.15509 0.83284 0.91704 -0.15564 0.36718 -0.63102 0.16657 1 0 1.0
0 1.80030 -3.39100 0.78094 0.91704 -0.15564 0.36718 -0.67820 0.15619 1 0 1.0
cl_black
0 1.93557 -3.13878 0.55000 0.92893 -0.24024 0.28175 -0.62776 0.11000 1 0 1.0
0 1.80030 -3.39100 0.78094 0.92893 -0.24024 0.28175 -0.67820 0.15619 1 0 1.0
0 1.85892 -3.43518 0.55000 0.92893 -0.24024 0.28175 -0.68704 0.11000 1 0 1.0
cl_black
0 1.23328 -1.01586 0.05000 0.22790 0.40282 -0.88645 0.24666 -0.20317 1 0 1.0
0 1.19392 -0.73577 0.16716 0.22790 0.40282 -0.88645 0.23878 -0.14715 1 0 1.0
0 1.42984 -0.75503 0.21906 0.22790 0.40282 -0.88645 0.28597 -0.15101 1 0 1.0
cl_black
0 1.23328 -1.01586 0.05000 0.32440 0.33011 -0.88645 0.24666 -0.20317 1 0 1.0
0 1.42984 -0.75503 0.21906 0.32440 0.33011 -0.88645 0.28597 -0.15101 1 0 1.0
0 1.51338 -0.97650 0.16716 0.32440 0.33011 -0.88645 0.30268 -0.19530 1 0 1.0
cl_black
0 1.17762 -0.61976 0.45000 0.24024 0.92893 -0.28175 0.23552 0.09000 1 0 1.0
0 1.47401 -0.69641 0.45000 0.24024 0.92893 -0.28175 0.29480 0.09000 1 0 1.0
0 1.42984 -0.75503 0.21906 0.24024 0.92893 -0.28175 0.28597 0.04381 1 0 1.0
cl_black
0 1.17762 -0.61976 0.45000 0.15564 0.91704 -0.36718 0.23552 0.09000 1 0 1.0
0 1.42984 -0.75503 0.21906 0.15564 0.91704 -0.36718 0.28597 0.04381 1 0 1.0
0 1.19392 -0.73577 0.16716 0.15564 0.91704 -0.36718 0.23878 0.03343 1 0 1.0
cl_black
0 1.62939 -0.96019 0.45000 0.83861 0.40238 -0.36718 -0.19204 0.09000 1 0 1.0
0 1.51338 -0.97650 0.16716 0.83861 0.40238 -0.36718 -0.19530 0.03343 1 0 1.0
0 1.42984 -0.75503 0.21906 0.83861 0.40238 -0.36718 -0.15101 0.04381 1 0 1.0
cl_black
0 1.62939 -0.96019 0.45000 0.82672 0.48698 -0.28175 -0.19204 0.09000 1 0 1.0
0 1.42984 -0.75503 0.21906 0.82672 0.48698 -0.28175 -0.15101 0.04381 1 0 1.0
0 1.47401 -0.69641 0.45000 0.82672 0.48698 -0.28175 -0.13928 0.09000 1 0 1.0
cl_black
0 1.23328 -1.01586 0.95000 0.32440 0.33011 0.88645 0.24666 -0.20317 1 0 1.0
0 1.51338 -0.97650 0.83284 0.32440 0.33011 0.88645 0.30268 -0.19530 1 0 1.0
0 1.42984 -0.75503 0.78094 0.32440 0.33011 0.88645 0.28597 -0.15101 1 0 1.0
cl_black
0 1.23328 -1.01586 0.95000 0.22790 0.40282 0.88645 0.24666 -0.20317 1 0 1.0
0 1.42984 -0.75503 0.78094 0.22790 0.40282 0.88645 0.28597 -0.15101 1 0 1.0
0 1.19392 -0.73577 0.83284 0.22790 0.40282 0.88645 0.23878 -0.14715 1 0 1.0
cl_black
0 1.62939 -0.96019 0.55000 0.82672 0.48698 0.28175 -0.19204 0.11000 1 0 1.0
0 1.47401 -0.69641 0.55000 0.82672 0.48698 0.28175 -0.13928 0.11000 1 0 1.0
0 1.42984 -0.75503 0.78094 0.82672 0.48698 0.28175 -0.15101 0.15619 1 0 1.0
cl_black
0 1.62939 -0.96019 0.55000 0.83861 0.40238 0.36718 -0.19204 0.11000 1 0 1.0
0 1.42984 -0.75503 0.78094 0.83861 0.40238 0.36718 -0.15101 0.15619 1 0 1.0
0 1.51338 -0.97650 0.83284 0.83861 0.40238 0.36718 -0.19530 0.16657 1 0 1.0
cl_black
0 1.17762 -0.61976 0.55000 0.15564 0.91704 0.36718 0.23552 0.11000 1 0 1.0
0 1.19392 -0.73577 0.83284 0.15564 0.91704 0.36718 0.23878 0.16657 1 0 1.0
0 1.42984 -0.75503 0.78094 0.15564 0.91704 0.36718 0.28597 0.15619 1 0 1.0
cl_black
0 1.17762 -0.61976 0.55000 0.24024 0.92893 0.28175 0.23552 0.11000 1 0 1.0
0 1.42984 -0.75503 0.78094 0.24024 0.92893 0.28175 0.28597 0.15619 1 0 1.0
0 1.47401 -0.69641 0.55000 0.24024 0.92893 0.28175 0.29480 0.11000 1 0 1.0
cl_black
0 -1.53947 -1.40555 0.05000 -0.37896 -0.05326 -0.92388 -0.30789 -0.28111 1 0 1.0
0 -1.23328 -3.58414 0.05000 -0.37896 -0.05326 -0.92388 -0.24666 -0.71683 1 0 1.0
0 -1.51338 -3.62350 0.16716 -0.37896 -0.05326 -0.92388 -0.30268 -0.72470 1 0 1.0
cl_black
0 -1.53947 -1.40555 0.05000 -0.37896 -0.05326 -0.92388 -0.30789 -0.28111 1 0 1.0
0 -1.51338 -3.62350 0.16716 -0.37896 -0.05326 -0.92388 -0.30268 -0.72470 1 0 1.0
0 -1.81956 -1.44491 0.16716 -0.37896 -0.05326 -0.92388 -0.36391 -0.28898 1 0 1.0
cl_black
0 -1.81956 -1.44491 0.16716 -0.91489 -0.12858 -0.38268 -0.28898 0.03343 1 0 1.0
0 -1.51338 -3.62350 0.16716 -0.91489 -0.12858 -0.38268 -0.72470 0.03343 1 0 1.0
0 -1.62939 -3.63981 0.45000 -0.91489 -0.12858 -0.38268 -0.72796 0.09000 1 0 1.0
cl_black
0 -1.81956 -1.44491 0.16716 -0.91489 -0.12858 -0.38268 -0.28898 0.03343 1 0 1.0
0 -1.62939 -3.63981 0.45000 -0.91489 -0.12858 -0.38268 -0.72796 0.09000 1 0 1.0
0 -1.93557 -1.46122 0.45000 -0.91489 -0.12858 -0.38268 -0.29224 0.09000 1 0 1.0
cl_black
0 -1.17762 -3.98024 0.45000 -0.25038 -0.96815 0.00000 -0.23552 0.09000 1 0 1.0
0 -1.17762 -3.98024 0.55000 -0.25038 -0.96815 0.00000 -0.23552 0.11000 1 0 1.0
0 -1.47401 -3.90359 0.55000 -0.25038 -0.96815 0.00000 -0.29480 0.11000 1 0 1.0
cl_black
0 -1.17762 -3.98024 0.45000 -0.25038 -0.96815 0.00000 -0.23552 0.09000 1 0 1.0
0 -1.47401 -3.90359 0.55000 -0.25038 -0.96815 0.00000 -0.29480 0.11000 1 0 1.0
0 -1.47401 -3.90359 0.45000 -0.25038 -0.96815 0.00000 -0.29480 0.09000 1 0 1.0
cl_black
0 -1.47401 -3.90359 0.45000 -0.86163 -0.50754 0.00000 -0.78072 0.09000 1 0 1.0
0 -1.47401 -3.90359 0.55000 -0.86163 -0.50754 0.00000 -0.78072 0.11000 1 0 1.0
0 -1.62939 -3.63981 0.55000 -0.86163 -0.50754 0.00000 -0.72796 0.11000 1 0 1.0
cl_black
0 -1.47401 -3.90359 0.45000 -0.86163 -0.50754 0.00000 -0.78072 0.09000 1 0 1.0
0 -1.62939 -3.63981 0.55000 -0.86163 -0.50754 0.00000 -0.72796 0.11000 1 0 1.0
0 -1.62939 -3.63981 0.45000 -0.86163 -0.50754 0.00000 -0.72796 0.09000 1 0 1.0
cl_black
0 -1.23328 -3.58414 0.95000 -0.37896 -0.05326 0.92388 -0.24666 -0.71683 1 0 1.0
0 -1.53947 -1.40555 0.95000 -0.37896 -0.05326 0.92388 -0.30789 -0.28111 1 0 1.0
0 -1.81956 -1.44491 0.83284 -0.37896 -0.05326 0.92388 -0.36391 -0.28898 1 0 1.0
cl_black
0 -1.23328 -3.58414 0.95000 -0.37896 -0.05326 0.92388 -0.24666 -0.71683 1 0 1.0
0 -1.81956 -1.44491 0.83284 -0.37896 -0.05326 0.92388 -0.36391 -0.28898 1 0 1.0
0 -1.51338 -3.62350 0.83284 -0.37896 -0.05326 0.92388 -0.30268 -0.72470 1 0 1.0
cl_black
0 -1.51338 -3.62350 0.83284 -0.91489 -0.12858 0.38268 -0.72470 0.16657 1 0 1.0
0 -1.81956 -1.44491 0.83284 -0.91489 -0.12858 0.38268 -0.28898 0.16657 1 0 1.0
0 -1.93557 -1.46122 0.55000 -0.91489 -0.12858 0.38268 -0.29224 0.11000 1 0 1.0
cl_black
0 -1.51338 -3.62350 0.83284 -0.91489 -0.12858 0.38268 -0.72470 0.16657 1 0 1.0
0 -1.93557 -1.46122 0.55000 -0.91489 -0.12858 0.38268 -0.29224 0.11000 1 0 1.0
0 -1.62939 -3.63981 0.55000 -0.91489 -0.12858 0.38268 -0.72796 0.11000 1 0 1.0
cl_black
0 -1.59513 -1.00944 0.55000 -0.50754 0.86163 0.00000 -0.31903 0.11000 1 0 1.0
0 -1.59513 -1.00944 0.45000 -0.50754 0.86163 0.00000 -0.31903 0.09000 1 0 1.0
0 -1.85892 -1.16482 0.45000 -0.50754 0.86163 0.00000 -0.37178 0.09000 1 0 1.0
cl_black
0 -1.59513 -1.00944 0.55000 -0.50754 0.86163 0.00000 -0.31903 0.11000 1 0 1.0
0 -1.85892 -1.16482 0.45000 -0.50754 0.86163 0.00000 -0.37178 0.09000 1 0 1.0
0 -1.85892 -1.16482 0.55000 -0.50754 0.86163 0.00000 -0.37178 0.11000 1 0 1.0
cl_black
0 -1.85892 -1.16482 0.55000 -0.96815 0.25038 0.00000 -0.23296 0.11000 1 0 1.0
0 -1.85892 -1.16482 0.45000 -0.96815 0.25038 0.00000 -0.23296 0.09000 1 0 1.0
0 -1.93557 -1.46122 0.45000 -0.96815 0.25038 0.00000 -0.29224 0.09000 1 0 1.0
cl_black
0 -1.85892 -1.16482 0.55000 -0.96815 0.25038 0.00000 -0.23296 0.11000 1 0 1.0
0 -1.93557 -1.46122 0.45000 -0.96815 0.25038 0.00000 -0.29224 0.09000 1 0 1.0
0 -1.93557 -1.46122 0.55000 -0.96815 0.25038 0.00000 -0.29224 0.11000 1 0 1.0
cl_black
0 1.23328 -1.01586 0.05000 -0.05326 0.37896 -0.92388 0.24666 -0.20317 1 0 1.0
0 -1.53947 -1.40555 0.05000 -0.05326 0.37896 -0.92388 -0.30789 -0.28111 1 0 1.0
0 -1.57883 -1.12546 0.16716 -0.05326 0.37896 -0.92388 -0.31577 -0.22509 1 0 1.0
cl_black
0 1.23328 -1.01586 0.05000 -0.05326 0.37896 -0.92388 0.24666 -0.20317 1 0 1.0
0 -1.57883 -1.12546 0.16716 -0.05326 0.37896 -0.92388 -0.31577 -0.22509 1 0 1.0
0 1.19392 -0.73577 0.16716 -0.05326 0.37896 -0.92388 0.23878 -0.14715 1 0 1.0
cl_black
0 1.19392 -0.73577 0.16716 -0.12858 0.91489 -0.38268 0.23878 0.03343 1 0 1.0
0 -1.57883 -1.12546 0.16716 -0.12858 0.91489 -0.38268 -0.31577 0.03343 1 0 1.0
0 -1.59513 -1.00944 0.45000 -0.12858 0.91489 -0.38268 -0.31903 0.09000 1 0 1.0
cl_black
0 1.19392 -0.73577 0.16716 -0.12858 0.91489 -0.38268 0.23878 0.03343 1 0 1.0
0 -1.59513 -1.00944 0.45000 -0.12858 0.91489 -0.38268 -0.31903 0.09000 1 0 1.0
0 1.17762 -0.61976 0.45000 -0.12858 0.91489 -0.38268 0.23552 0.09000 1 0 1.0
cl_black
0 -1.53947 -1.40555 0.95000 -0.05326 0.37896 0.92388 -0.30789 -0.28111 1 0 1.0
0 1.23328 -1.01586 0.95000 -0.05326 0.37896 0.92388 0.24666 -0.20317 1 0 1.0
0 1.19392 -0.73577 0.83284 -0.05326 0.37896 0.92388 0.23878 -0.14715 1 0 1.0
cl_black
0 -1.53947 -1.40555 0.95000 -0.05326 0.37896 0.92388 -0.30789 -0.28111 1 0 1.0
0 1.19392 -0.73577 0.83284 -0.05326 0.37896 0.92388 0.23878 -0.14715 1 0 1.0
0 -1.57883 -1.12546 0.83284 -0.05326 0.37896 0.92388 -0.31577 -0.22509 1 0 1.0
cl_black
0 -1.57883 -1.12546 0.83284 -0.12858 0.91489 0.38268 -0.31577 0.16657 1 0 1.0
0 1.19392 -0.73577 0.83284 -0.12858 0.91489 0.38268 0.23878 0.16657 1 0 1.0
0 1.17762 -0.61976 0.55000 -0.12858 0.91489 0.38268 0.23552 0.11000 1 0 1.0
cl_black
0 -1.57883 -1.12546 0.83284 -0.12858 0.91489 0.38268 -0.31577 0.16657 1 0 1.0
0 1.17762 -0.61976 0.55000 -0.12858 0.91489 0.38268 0.23552 0.11000 1 0 1.0
0 -1.59513 -1.00944 0.55000 -0.12858 0.91489 0.38268 -0.31903 0.11000 1 0 1.0
cl_black
0 1.62939 -0.96019 0.55000 0.86163 0.50754 0.00000 -0.19204 0.11000 1 0 1.0
0 1.62939 -0.96019 0.45000 0.86163 0.50754 0.00000 -0.19204 0.09000 1 0 1.0
0 1.47401 -0.69641 0.45000 0.86163 0.50754 0.00000 -0.13928 0.09000 1 0 1.0
cl_black
0 1.62939 -0.96019 0.55000 0.86163 0.50754 -0.00000 -0.19204 0.11000 1 0 1.0
0 1.47401 -0.69641 0.45000 0.86163 0.50754 -0.00000 -0.13928 0.09000 1 0 1.0
0 1.47401 -0.69641 0.55000 0.86163 0.50754 -0.00000 -0.13928 0.11000 1 0 1.0
cl_black
0 1.47401 -0.69641 0.55000 0.25038 0.96815 -0.00000 0.29480 0.11000 1 0 1.0
0 1.47401 -0.69641 0.45000 0.25038 0.96815 -0.00000 0.29480 0.09000 1 0 1.0
0 1.17762 -0.61976 0.45000 0.25038 0.96815 -0.00000 0.23552 0.09000 1 0 1.0
cl_black
0 1.47401 -0.69641 0.55000 0.25038 0.96815 0.00000 0.29480 0.11000 1 0 1.0
0 1.17762 -0.61976 0.45000 0.25038 0.96815 0.00000 0.23552 0.09000 1 0 1.0
0 1.17762 -0.61976 0.55000 0.25038 0.96815 0.00000 0.23552 0.11000 1 0 1.0
cl_black
0 1.53947 -3.19445 0.05000 0.37896 0.05326 -0.92388 0.30789 -0.63889 1 0 1.0
0 1.23328 -1.01586 0.05000 0.37896 0.05326 -0.92388 0.24666 -0.20317 1 0 1.0
0 1.51338 -0.97650 0.16716 0.37896 0.05326 -0.92388 0.30268 -0.19530 1 0 1.0
cl_black
0 1.53947 -3.19445 0.05000 0.37896 0.05326 -0.92388 0.30789 -0.63889 1 0 1.0
0 1.51338 -0.97650 0.16716 0.37896 0.05326 -0.92388 0.30268 -0.19530 1 0 1.0
0 1.81956 -3.15509 0.16716 0.37896 0.05326 -0.92388 0.36391 -0.63102 1 0 1.0
cl_black
0 1.81956 -3.15509 0.16716 0.91489 0.12858 -0.38268 -0.63102 0.03343 1 0 1.0
0 1.51338 -0.97650 0.16716 0.91489 0.12858 -0.38268 -0.19530 0.03343 1 0 1.0
0 1.62939 -0.96019 0.45000 0.91489 0.12858 -0.38268 -0.19204 0.09000 1 0 1.0
cl_black
0 1.81956 -3.15509 0.16716 0.91489 0.12858 -0.38268 -0.63102 0.03343 1 0 1.0
0 1.62939 -0.96019 0.45000 0.91489 0.12858 -0.38268 -0.19204 0.09000 1 0 1.0
0 1.93557 -3.13878 0.45000 0.91489 0.12858 -0.38268 -0.62776 0.09000 1 0 1.0
cl_black
0 1.23328 -1.01586 0.95000 0.37896 0.05326 0.92388 0.24666 -0.20317 1 0 1.0
0 1.53947 -3.19445 0.95000 0.37896 0.05326 0.92388 0.30789 -0.63889 1 0 1.0
0 1.81956 -3.15509 0.83284 0.37896 0.05326 0.92388 0.36391 -0.63102 1 0 1.0
cl_black
0 1.23328 -1.01586 0.95000 0.37896 0.05326 0.92388 0.24666 -0.20317 1 0 1.0
0 1.81956 -3.15509 0.83284 0.37896 0.05326 0.92388 0.36391 -0.63102 1 0 1.0
0 1.51338 -0.97650 0.83284 0.37896 0.05326 0.92388 0.30268 -0.19530 1 0 1.0
cl_black
0 1.51338 -0.97650 0.83284 0.91489 0.12858 0.38268 -0.19530 0.16657 1 0 1.0
0 1.81956 -3.15509 0.83284 0.91489 0.12858 0.38268 -0.63102 0.16657 1 0 1.0
0 1.93557 -3.13878 0.55000 0.91489 0.12858 0.38268 -0.62776 0.11000 1 0 1.0
cl_black
0 1.51338 -0.97650 0.83284 0.91489 0.12858 0.38268 -0.19530 0.16657 1 0 1.0
0 1.93557 -3.13878 0.55000 0.91489 0.12858 0.38268 -0.62776 0.11000 1 0 1.0
0 1.62939 -0.96019 0.55000 0.91489 0.12858 0.38268 -0.19204 0.11000 1 0 1.0
cl_black
0 1.59513 -3.59056 0.55000 0.50754 -0.86163 0.00000 0.31903 0.11000 1 0 1.0
0 1.59513 -3.59056 0.45000 0.50754 -0.86163 0.00000 0.31903 0.09000 1 0 1.0
0 1.85892 -3.43518 0.45000 0.50754 -0.86163 0.00000 0.37178 0.09000 1 0 1.0
cl_black
0 1.59513 -3.59056 0.55000 0.50754 -0.86163 0.00000 0.31903 0.11000 1 0 1.0
0 1.85892 -3.43518 0.45000 0.50754 -0.86163 0.00000 0.37178 0.09000 1 0 1.0
0 1.85892 -3.43518 0.55000 0.50754 -0.86163 0.00000 0.37178 0.11000 1 0 1.0
cl_black
0 1.85892 -3.43518 0.55000 0.96815 -0.25038 0.00000 -0.68704 0.11000 1 0 1.0
0 1.85892 -3.43518 0.45000 0.96815 -0.25038 0.00000 -0.68704 0.09000 1 0 1.0
0 1.93557 -3.13878 0.45000 0.96815 -0.25038 0.00000 -0.62776 0.09000 1 0 1.0
cl_black
0 1.85892 -3.43518 0.55000 0.96815 -0.25038 0.00000 -0.68704 0.11000 1 0 1.0
0 1.93557 -3.13878 0.45000 0.96815 -0.25038 0.00000 -0.62776 0.09000 1 0 1.0
0 1.93557 -3.13878 0.55000 0.96815 -0.25038 0.00000 -0.62776 0.11000 1 0 1.0
cl_black
0 -1.23328 -3.58414 0.05000 0.05326 -0.37896 -0.92388 -0.24666 -0.71683 1 0 1.0
0 1.53947 -3.19445 0.05000 0.05326 -0.37896 -0.92388 0.30789 -0.63889 1 0 1.0
0 1.57883 -3.47454 0.16716 0.05326 -0.37896 -0.92388 0.31577 -0.69491 1 0 1.0
cl_black
0 -1.23328 -3.58414 0.05000 0.05326 -0.37896 -0.92388 -0.24666 -0.71683 1 0 1.0
0 1.57883 -3.47454 0.16716 0.05326 -0.37896 -0.92388 0.31577 -0.69491 1 0 1.0
0 -1.19392 -3.86423 0.16716 0.05326 -0.37896 -0.92388 -0.23878 -0.77285 1 0 1.0
cl_black
0 -1.19392 -3.86423 0.16716 0.12858 -0.91489 -0.38268 -0.23878 0.03343 1 0 1.0
0 1.57883 -3.47454 0.16716 0.12858 -0.91489 -0.38268 0.31577 0.03343 1 0 1.0
0 1.59513 -3.59056 0.45000 0.12858 -0.91489 -0.38268 0.31903 0.09000 1 0 1.0
cl_black
0 -1.19392 -3.86423 0.16716 0.12858 -0.91489 -0.38268 -0.23878 0.03343 1 0 1.0
0 1.59513 -3.59056 0.45000 0.12858 -0.91489 -0.38268 0.31903 0.09000 1 0 1.0
0 -1.17762 -3.98024 0.45000 0.12858 -0.91489 -0.38268 -0.23552 0.09000 1 0 1.0
cl_black
0 1.53947 -3.19445 0.95000 0.05326 -0.37896 0.92388 0.30789 -0.63889 1 0 1.0
0 -1.23328 -3.58414 0.95000 0.05326 -0.37896 0.92388 -0.24666 -0.71683 1 0 1.0
0 -1.19392 -3.86423 0.83284 0.05326 -0.37896 0.92388 -0.23878 -0.77285 1 0 1.0
cl_black
0 1.53947 -3.19445 0.95000 0.05326 -0.37896 0.92388 0.30789 -0.63889 1 0 1.0
0 -1.19392 -3.86423 0.83284 0.05326 -0.37896 0.92388 -0.23878 -0.77285 1 0 1.0
0 1.57883 -3.47454 0.83284 0.05326 -0.37896 0.92388 0.31577 -0.69491 1 0 1.0
cl_black
0 1.57883 -3.47454 0.83284 0.12858 -0.91489 0.38268 0.31577 0.16657 1 0 1.0
0 -1.19392 -3.86423 0.83284 0.12858 -0.91489 0.38268 -0.23878 0.16657 1 0 1.0
0 -1.17762 -3.98024 0.55000 0.12858 -0.91489 0.38268 -0.23552 0.11000 1 0 1.0
cl_black
0 1.57883 -3.47454 0.83284 0.12858 -0.91489 0.38268 0.31577 0.16657 1 0 1.0
0 -1.17762 -3.98024 0.55000 0.12858 -0.91489 0.38268 -0.23552 0.11000 1 0 1.0
0 1.59513 -3.59056 0.55000 0.12858 -0.91489 0.38268 0.31903 0.11000 1 0 1.0
cl_black
0 -1.53947 -1.40555 0.05000 0.00000 0.00000 -1.00000 -0.30789 -0.28111 1 0 1.0
0 1.23328 -1.01586 0.05000 0.00000 0.00000 -1.00000 0.24666 -0.20317 1 0 1.0
0 1.53947 -3.19445 0.05000 0.00000 0.00000 -1.00000 0.30789 -0.63889 1 0 1.0
cl_black
0 -1.53947 -1.40555 0.05000 0.00000 0.00000 -1.00000 -0.30789 -0.28111 1 0 1.0
0 1.53947 -3.19445 0.05000 0.00000 0.00000 -1.00000 0.30789 -0.63889 1 0 1.0
0 -1.23328 -3.58414 0.05000 0.00000 0.00000 -1.00000 -0.24666 -0.71683 1 0 1.0
cl_black
0 -1.62939 -3.63981 0.45000 -0.99027 -0.13917 0.00000 -0.72796 0.09000 1 0 1.0
0 -1.62939 -3.63981 0.55000 -0.99027 -0.13917 0.00000 -0.72796 0.11000 1 0 1.0
0 -1.93557 -1.46122 0.55000 -0.99027 -0.13917 0.00000 -0.29224 0.11000 1 0 1.0
cl_black
0 -1.62939 -3.63981 0.45000 -0.99027 -0.13917 0.00000 -0.72796 0.09000 1 0 1.0
0 -1.93557 -1.46122 0.55000 -0.99027 -0.13917 0.00000 -0.29224 0.11000 1 0 1.0
0 -1.93557 -1.46122 0.45000 -0.99027 -0.13917 0.00000 -0.29224 0.09000 1 0 1.0
cl_black
0 1.59513 -3.59056 0.45000 0.13917 -0.99027 0.00000 0.31903 0.09000 1 0 1.0
0 1.59513 -3.59056 0.55000 0.13917 -0.99027 0.00000 0.31903 0.11000 1 0 1.0
0 -1.17762 -3.98024 0.55000 0.13917 -0.99027 0.00000 -0.23552 0.11000 1 0 1.0
cl_black
0 1.59513 -3.59056 0.45000 0.13917 -0.99027 0.00000 0.31903 0.09000 1 0 1.0
0 -1.17762 -3.98024 0.55000 0.13917 -0.99027 0.00000 -0.23552 0.11000 1 0 1.0
0 -1.17762 -3.98024 0.45000 0.13917 -0.99027 0.00000 -0.23552 0.09000 1 0 1.0
cl_black
0 1.23328 -1.01586 0.95000 0.00000 0.00000 1.00000 0.24666 -0.20317 1 0 1.0
0 -1.53947 -1.40555 0.95000 0.00000 0.00000 1.00000 -0.30789 -0.28111 1 0 1.0
0 -1.23328 -3.58414 0.95000 0.00000 0.00000 1.00000 -0.24666 -0.71683 1 0 1.0
cl_black
0 1.23328 -1.01586 0.95000 0.00000 0.00000 1.00000 0.24666 -0.20317 1 0 1.0
0 -1.23328 -3.58414 0.95000 0.00000 0.00000 1.00000 -0.24666 -0.71683 1 0 1.0
0 1.53947 -3.19445 0.95000 0.00000 0.00000 1.00000 0.30789 -0.63889 1 0 1.0
cl_black
0 -1.59513 -1.00944 0.45000 -0.13917 0.99027 0.00000 -0.31903 0.09000 1 0 1.0
0 -1.59513 -1.00944 0.55000 -0.13917 0.99027 0.00000 -0.31903 0.11000 1 0 1.0
0 1.17762 -0.61976 0.55000 -0.13917 0.99027 0.00000 0.23552 0.11000 1 0 1.0
cl_black
0 -1.59513 -1.00944 0.45000 -0.13917 0.99027 0.00000 -0.31903 0.09000 1 0 1.0
0 1.17762 -0.61976 0.55000 -0.13917 0.99027 0.00000 0.23552 0.11000 1 0 1.0
0 1.17762 -0.61976 0.45000 -0.13917 0.99027 0.00000 0.23552 0.09000 1 0 1.0
cl_black
0 1.62939 -0.96019 0.45000 0.99027 0.13917 0.00000 -0.19204 0.09000 1 0 1.0
0 1.62939 -0.96019 0.55000 0.99027 0.13917 0.00000 -0.19204 0.11000 1 0 1.0
0 1.93557 -3.13878 0.55000 0.99027 0.13917 0.00000 -0.62776 0.11000 1 0 1.0
cl_black
0 1.62939 -0.96019 0.45000 0.99027 0.13917 0.00000 -0.19204 0.09000 1 0 1.0
0 1.93557 -3.13878 0.55000 0.99027 0.13917 0.00000 -0.62776 0.11000 1 0 1.0
0 1.93557 -3.13878 0.45000 0.99027 0.13917 0.00000 -0.62776 0.09000 1 0 1.0
cl_black
0 2.11846 -3.09288 0.15000 -0.22790 -0.40282 -0.88645 0.42369 -0.61858 1 0 1.0
0 2.14602 -3.28895 0.23201 -0.22790 -0.40282 -0.88645 0.42920 -0.65779 1 0 1.0
0 1.98088 -3.27547 0.26834 -0.22790 -0.40282 -0.88645 0.39618 -0.65509 1 0 1.0
cl_black
0 2.11846 -3.09288 0.15000 -0.32440 -0.33011 -0.88645 0.42369 -0.61858 1 0 1.0
0 1.98088 -3.27547 0.26834 -0.32440 -0.33011 -0.88645 0.39618 -0.65509 1 0 1.0
0 1.92240 -3.12044 0.23201 -0.32440 -0.33011 -0.88645 0.38448 -0.62409 1 0 1.0
cl_black
0 2.15743 -3.37016 0.43000 -0.24024 -0.92893 -0.28175 0.43149 0.08600 1 0 1.0
0 1.94996 -3.31650 0.43000 -0.24024 -0.92893 -0.28175 0.38999 0.08600 1 0 1.0
0 1.98088 -3.27547 0.26834 -0.24024 -0.92893 -0.28175 0.39618 0.05367 1 0 1.0
cl_black
0 2.15743 -3.37016 0.43000 -0.15564 -0.91704 -0.36718 0.43149 0.08600 1 0 1.0
0 1.98088 -3.27547 0.26834 -0.15564 -0.91704 -0.36718 0.39618 0.05367 1 0 1.0
0 2.14602 -3.28895 0.23201 -0.15564 -0.91704 -0.36718 0.42920 0.04640 1 0 1.0
cl_black
0 1.84119 -3.13185 0.43000 -0.83861 -0.40238 -0.36718 -0.62637 0.08600 1 0 1.0
0 1.92240 -3.12044 0.23201 -0.83861 -0.40238 -0.36718 -0.62409 0.04640 1 0 1.0
0 1.98088 -3.27547 0.26834 -0.83861 -0.40238 -0.36718 -0.65509 0.05367 1 0 1.0
cl_black
0 1.84119 -3.13185 0.43000 -0.82672 -0.48698 -0.28175 -0.62637 0.08600 1 0 1.0
0 1.98088 -3.27547 0.26834 -0.82672 -0.48698 -0.28175 -0.65509 0.05367 1 0 1.0
0 1.94996 -3.31650 0.43000 -0.82672 -0.48698 -0.28175 -0.66330 0.08600 1 0 1.0
cl_black
0 2.15743 -3.37016 0.57000 -0.15564 -0.91704 0.36718 0.43149 0.11400 1 0 1.0
0 2.14602 -3.28895 0.76799 -0.15564 -0.91704 0.36718 0.42920 0.15360 1 0 1.0
0 1.98088 -3.27547 0.73166 -0.15564 -0.91704 0.36718 0.39618 0.14633 1 0 1.0
cl_black
0 2.15743 -3.37016 0.57000 -0.24024 -0.92893 0.28175 0.43149 0.11400 1 0 1.0
0 1.98088 -3.27547 0.73166 -0.24024 -0.92893 0.28175 0.39618 0.14633 1 0 1.0
0 1.94996 -3.31650 0.57000 -0.24024 -0.92893 0.28175 0.38999 0.11400 1 0 1.0
cl_black
0 2.11846 -3.09288 0.85000 -0.32440 -0.33011 0.88645 0.42369 -0.61858 1 0 1.0
0 1.92240 -3.12044 0.76799 -0.32440 -0.33011 0.88645 0.38448 -0.62409 1 0 1.0
0 1.98088 -3.27547 0.73166 -0.32440 -0.33011 0.88645 0.39618 -0.65509 1 0 1.0
cl_black
0 2.11846 -3.09288 0.85000 -0.22790 -0.40282 0.88645 0.42369 -0.61858 1 0 1.0
0 1.98088 -3.27547 0.73166 -0.22790 -0.40282 0.88645 0.39618 -0.65509 1 0 1.0
0 2.14602 -3.28895 0.76799 -0.22790 -0.40282 0.88645 0.42920 -0.65779 1 0 1.0
cl_black
0 1.84119 -3.13185 0.57000 -0.82672 -0.48698 0.28175 -0.62637 0.11400 1 0 1.0
0 1.94996 -3.31650 0.57000 -0.82672 -0.48698 0.28175 -0.66330 0.11400 1 0 1.0
0 1.98088 -3.27547 0.73166 -0.82672 -0.48698 0.28175 -0.65509 0.14633 1 0 1.0
cl_black
0 1.84119 -3.13185 0.57000 -0.83861 -0.40238 0.36718 -0.62637 0.11400 1 0 1.0
0 1.98088 -3.27547 0.73166 -0.83861 -0.40238 0.36718 -0.65509 0.14633 1 0 1.0
0 1.92240 -3.12044 0.76799 -0.83861 -0.40238 0.36718 -0.62409 0.15360 1 0 1.0
cl_black
0 2.11011 -3.03347 0.15000 -0.40282 0.22790 -0.88645 0.42202 -0.60669 1 0 1.0
0 1.91405 -3.06102 0.23201 -0.40282 0.22790 -0.88645 0.38281 -0.61220 1 0 1.0
0 1.92753 -2.89588 0.26834 -0.40282 0.22790 -0.88645 0.38551 -0.57918 1 0 1.0
cl_black
0 2.11011 -3.03347 0.15000 -0.33011 0.32440 -0.88645 0.42202 -0.60669 1 0 1.0
0 1.92753 -2.89588 0.26834 -0.33011 0.32440 -0.88645 0.38551 -0.57918 1 0 1.0
0 2.08256 -2.83740 0.23201 -0.33011 0.32440 -0.88645 0.41651 -0.56748 1 0 1.0
cl_black
0 1.83284 -3.07244 0.43000 -0.92893 0.24024 -0.28175 -0.61449 0.08600 1 0 1.0
0 1.88650 -2.86496 0.43000 -0.92893 0.24024 -0.28175 -0.57299 0.08600 1 0 1.0
0 1.92753 -2.89588 0.26834 -0.92893 0.24024 -0.28175 -0.57918 0.05367 1 0 1.0
cl_black
0 1.83284 -3.07244 0.43000 -0.91704 0.15564 -0.36718 -0.61449 0.08600 1 0 1.0
0 1.92753 -2.89588 0.26834 -0.91704 0.15564 -0.36718 -0.57918 0.05367 1 0 1.0
0 1.91405 -3.06102 0.23201 -0.91704 0.15564 -0.36718 -0.61220 0.04640 1 0 1.0
cl_black
0 2.07115 -2.75619 0.43000 -0.40238 0.83861 -0.36718 0.41423 0.08600 1 0 1.0
0 2.08256 -2.83740 0.23201 -0.40238 0.83861 -0.36718 0.41651 0.04640 1 0 1.0
0 1.92753 -2.89588 0.26834 -0.40238 0.83861 -0.36718 0.38551 0.05367 1 0 1.0
cl_black
0 2.07115 -2.75619 0.43000 -0.48698 0.82672 -0.28175 0.41423 0.08600 1 0 1.0
0 1.92753 -2.89588 0.26834 -0.48698 0.82672 -0.28175 0.38551 0.05367 1 0 1.0
0 1.88650 -2.86496 0.43000 -0.48698 0.82672 -0.28175 0.37730 0.08600 1 0 1.0
cl_black
0 2.11011 -3.03347 0.85000 -0.33011 0.32440 0.88645 0.42202 -0.60669 1 0 1.0
0 2.08256 -2.83740 0.76799 -0.33011 0.32440 0.88645 0.41651 -0.56748 1 0 1.0
0 1.92753 -2.89588 0.73166 -0.33011 0.32440 0.88645 0.38551 -0.57918 1 0 1.0
cl_black
0 2.11011 -3.03347 0.85000 -0.40282 0.22790 0.88645 0.42202 -0.60669 1 0 1.0
0 1.92753 -2.89588 0.73166 -0.40282 0.22790 0.88645 0.38551 -0.57918 1 0 1.0
0 1.91405 -3.06102 0.76799 -0.40282 0.22790 0.88645 0.38281 -0.61220 1 0 1.0
cl_black
0 2.07115 -2.75619 0.57000 -0.48698 0.82672 0.28175 0.41423 0.11400 1 0 1.0
0 1.88650 -2.86496 0.57000 -0.48698 0.82672 0.28175 0.37730 0.11400 1 0 1.0
0 1.92753 -2.89588 0.73166 -0.48698 0.82672 0.28175 0.38551 0.14633 1 0 1.0
cl_black
0 2.07115 -2.75619 0.57000 -0.40238 0.83861 0.36718 0.41423 0.11400 1 0 1.0
0 1.92753 -2.89588 0.73166 -0.40238 0.83861 0.36718 0.38551 0.14633 1 0 1.0
0 2.08256 -2.83740 0.76799 -0.40238 0.83861 0.36718 0.41651 0.15360 1 0 1.0
cl_black
0 1.83284 -3.07244 0.57000 -0.91704 0.15564 0.36718 -0.61449 0.11400 1 0 1.0
0 1.91405 -3.06102 0.76799 -0.91704 0.15564 0.36718 -0.61220 0.15360 1 0 1.0
0 1.92753 -2.89588 0.73166 -0.91704 0.15564 0.36718 -0.57918 0.14633 1 0 1.0
cl_black
0 1.83284 -3.07244 0.57000 -0.92893 0.24024 0.28175 -0.61449 0.11400 1 0 1.0
0 1.92753 -2.89588 0.73166 -0.92893 0.24024 0.28175 -0.57918 0.14633 1 0 1.0
0 1.88650 -2.86496 0.57000 -0.92893 0.24024 0.28175 -0.57299 0.11400 1 0 1.0
cl_black
0 3.37115 -2.91683 0.15000 0.40282 -0.22790 -0.88645 0.67423 -0.58337 1 0 1.0
0 3.56722 -2.88927 0.23201 0.40282 -0.22790 -0.88645 0.71344 -0.57785 1 0 1.0
0 3.55374 -3.05442 0.26834 0.40282 -0.22790 -0.88645 0.71075 -0.61088 1 0 1.0
cl_black
0 3.37115 -2.91683 0.15000 0.33011 -0.32439 -0.88645 0.67423 -0.58337 1 0 1.0
0 3.55374 -3.05442 0.26834 0.33011 -0.32439 -0.88645 0.71075 -0.61088 1 0 1.0
0 3.39871 -3.11289 0.23201 0.33011 -0.32439 -0.88645 0.67974 -0.62258 1 0 1.0
cl_black
0 3.64843 -2.87786 0.43000 0.92893 -0.24024 -0.28175 -0.57557 0.08600 1 0 1.0
0 3.59477 -3.08534 0.43000 0.92893 -0.24024 -0.28175 -0.61707 0.08600 1 0 1.0
0 3.55374 -3.05442 0.26834 0.92893 -0.24024 -0.28175 -0.61088 0.05367 1 0 1.0
cl_black
0 3.64843 -2.87786 0.43000 0.91704 -0.15564 -0.36718 -0.57557 0.08600 1 0 1.0
0 3.55374 -3.05442 0.26834 0.91704 -0.15564 -0.36718 -0.61088 0.05367 1 0 1.0
0 3.56722 -2.88927 0.23201 0.91704 -0.15564 -0.36718 -0.57785 0.04640 1 0 1.0
cl_black
0 3.41012 -3.19410 0.43000 0.40238 -0.83861 -0.36718 0.68202 0.08600 1 0 1.0
0 3.39871 -3.11289 0.23201 0.40238 -0.83861 -0.36718 0.67974 0.04640 1 0 1.0
0 3.55374 -3.05442 0.26834 0.40238 -0.83861 -0.36718 0.71075 0.05367 1 0 1.0
cl_black
0 3.41012 -3.19410 0.43000 0.48698 -0.82672 -0.28175 0.68202 0.08600 1 0 1.0
0 3.55374 -3.05442 0.26834 0.48698 -0.82672 -0.28175 0.71075 0.05367 1 0 1.0
0 3.59477 -3.08534 0.43000 0.48698 -0.82672 -0.28175 0.71895 0.08600 1 0 1.0
cl_black
0 3.37115 -2.91683 0.85000 0.33011 -0.32440 0.88645 0.67423 -0.58337 1 0 1.0
0 3.39871 -3.11289 0.76799 0.33011 -0.32440 0.88645 0.67974 -0.62258 1 0 1.0
0 3.55374 -3.05442 0.73166 0.33011 -0.32440 0.88645 0.71075 -0.61088 1 0 1.0
cl_black
0 3.37115 -2.91683 0.85000 0.40282 -0.22790 0.88645 0.67423 -0.58337 1 0 1.0
0 3.55374 -3.05442 0.73166 0.40282 -0.22790 0.88645 0.71075 -0.61088 1 0 1.0
0 3.56722 -2.88927 0.76799 0.40282 -0.22790 0.88645 0.71344 -0.57785 1 0 1.0
cl_black
0 3.41012 -3.19410 0.57000 0.48698 -0.82672 0.28175 0.68202 0.11400 1 0 1.0
0 3.59477 -3.08534 0.57000 0.48698 -0.82672 0.28175 0.71895 0.11400 1 0 1.0
0 3.55374 -3.05442 0.73166 0.48698 -0.82672 0.28175 0.71075 0.14633 1 0 1.0
cl_black
0 3.41012 -3.19410 0.57000 0.40238 -0.83861 0.36718 0.68202 0.11400 1 0 1.0
0 3.55374 -3.05442 0.73166 0.40238 -0.83861 0.36718 0.71075 0.14633 1 0 1.0
0 3.39871 -3.11289 0.76799 0.40238 -0.83861 0.36718 0.67974 0.15360 1 0 1.0
cl_black
0 3.64843 -2.87786 0.57000 0.91704 -0.15564 0.36718 -0.57557 0.11400 1 0 1.0
0 3.56722 -2.88927 0.76799 0.91704 -0.15564 0.36718 -0.57785 0.15360 1 0 1.0
0 3.55374 -3.05442 0.73166 0.91704 -0.15564 0.36718 -0.61088 0.14633 1 0 1.0
cl_black
0 3.64843 -2.87786 0.57000 0.92893 -0.24024 0.28175 -0.57557 0.11400 1 0 1.0
0 3.55374 -3.05442 0.73166 0.92893 -0.24024 0.28175 -0.61088 0.14633 1 0 1.0
0 3.59477 -3.08534 0.57000 0.92893 -0.24024 0.28175 -0.61707 0.11400 1 0 1.0
cl_black
0 3.36280 -2.85741 0.15000 0.22790 0.40282 -0.88645 0.67256 -0.57148 1 0 1.0
0 3.33525 -2.66135 0.23201 0.22790 0.40282 -0.88645 0.66705 -0.53227 1 0 1.0
0 3.50039 -2.67483 0.26834 0.22790 0.40282 -0.88645 0.70008 -0.53497 1 0 1.0
cl_black
0 3.36280 -2.85741 0.15000 0.32440 0.33011 -0.88645 0.67256 -0.57148 1 0 1.0
0 3.50039 -2.67483 0.26834 0.32440 0.33011 -0.88645 0.70008 -0.53497 1 0 1.0
0 3.55887 -2.82986 0.23201 0.32440 0.33011 -0.88645 0.71177 -0.56597 1 0 1.0
cl_black
0 3.32383 -2.58014 0.43000 0.24024 0.92893 -0.28175 0.66477 0.08600 1 0 1.0
0 3.53131 -2.63379 0.43000 0.24024 0.92893 -0.28175 0.70626 0.08600 1 0 1.0
0 3.50039 -2.67483 0.26834 0.24024 0.92893 -0.28175 0.70008 0.05367 1 0 1.0
cl_black
0 3.32383 -2.58014 0.43000 0.15563 0.91704 -0.36718 0.66477 0.08600 1 0 1.0
0 3.50039 -2.67483 0.26834 0.15563 0.91704 -0.36718 0.70008 0.05367 1 0 1.0
0 3.33525 -2.66135 0.23201 0.15563 0.91704 -0.36718 0.66705 0.04640 1 0 1.0
cl_black
0 3.64008 -2.81844 0.43000 0.83861 0.40238 -0.36718 -0.56369 0.08600 1 0 1.0
0 3.55887 -2.82986 0.23201 0.83861 0.40238 -0.36718 -0.56597 0.04640 1 0 1.0
0 3.50039 -2.67483 0.26834 0.83861 0.40238 -0.36718 -0.53497 0.05367 1 0 1.0
cl_black
0 3.64008 -2.81844 0.43000 0.82672 0.48698 -0.28175 -0.56369 0.08600 1 0 1.0
0 3.50039 -2.67483 0.26834 0.82672 0.48698 -0.28175 -0.53497 0.05367 1 0 1.0
0 3.53131 -2.63379 0.43000 0.82672 0.48698 -0.28175 -0.52676 0.08600 1 0 1.0
cl_black
0 3.36280 -2.85741 0.85000 0.32440 0.33011 0.88645 0.67256 -0.57148 1 0 1.0
0 3.55887 -2.82986 0.76799 0.32440 0.33011 0.88645 0.71177 -0.56597 1 0 1.0
0 3.50039 -2.67483 0.73166 0.32440 0.33011 0.88645 0.70008 -0.53497 1 0 1.0
cl_black
0 3.36280 -2.85741 0.85000 0.22790 0.40282 0.88645 0.67256 -0.57148 1 0 1.0
0 3.50039 -2.67483 0.73166 0.22790 0.40282 0.88645 0.70008 -0.53497 1 0 1.0
0 3.33525 -2.66135 0.76799 0.22790 0.40282 0.88645 0.66705 -0.53227 1 0 1.0
cl_black
0 3.64008 -2.81844 0.57000 0.82672 0.48698 0.28175 -0.56369 0.11400 1 0 1.0
0 3.53131 -2.63379 0.57000 0.82672 0.48698 0.28175 -0.52676 0.11400 1 0 1.0
0 3.50039 -2.67483 0.73166 0.82672 0.48698 0.28175 -0.53497 0.14633 1 0 1.0
cl_black
0 3.64008 -2.81844 0.57000 0.83861 0.40238 0.36718 -0.56369 0.11400 1 0 1.0
0 3.50039 -2.67483 0.73166 0.83861 0.40238 0.36718 -0.53497 0.14633 1 0 1.0
0 3.55887 -2.82986 0.76799 0.83861 0.40238 0.36718 -0.56597 0.15360 1 0 1.0
cl_black
0 3.32383 -2.58014 0.57000 0.15563 0.91704 0.36718 0.66477 0.11400 1 0 1.0
0 3.33525 -2.66135 0.76799 0.15563 0.91704 0.36718 0.66705 0.15360 1 0 1.0
0 3.50039 -2.67483 0.73166 0.15563 0.91704 0.36718 0.70008 0.14633 1 0 1.0
cl_black
0 3.32383 -2.58014 0.57000 0.24024 0.92893 0.28175 0.66477 0.11400 1 0 1.0
0 3.50039 -2.67483 0.73166 0.24024 0.92893 0.28175 0.70008 0.14633 1 0 1.0
0 3.53131 -2.63379 0.57000 0.24024 0.92893 0.28175 0.70626 0.11400 1 0 1.0
cl_black
0 2.11011 -3.03347 0.15000 -0.37896 -0.05326 -0.92388 0.42202 -0.60669 1 0 1.0
0 2.11846 -3.09288 0.15000 -0.37896 -0.05326 -0.92388 0.42369 -0.61858 1 0 1.0
0 1.92240 -3.12044 0.23201 -0.37896 -0.05326 -0.92388 0.38448 -0.62409 1 0 1.0
cl_black
0 2.11011 -3.03347 0.15000 -0.37896 -0.05326 -0.92388 0.42202 -0.60669 1 0 1.0
0 1.92240 -3.12044 0.23201 -0.37896 -0.05326 -0.92388 0.38448 -0.62409 1 0 1.0
0 1.91405 -3.06102 0.23201 -0.37896 -0.05326 -0.92388 0.38281 -0.61220 1 0 1.0
cl_black
0 1.91405 -3.06102 0.23201 -0.91489 -0.12858 -0.38268 -0.61220 0.04640 1 0 1.0
0 1.92240 -3.12044 0.23201 -0.91489 -0.12858 -0.38268 -0.62409 0.04640 1 0 1.0
0 1.84119 -3.13185 0.43000 -0.91489 -0.12858 -0.38268 -0.62637 0.08600 1 0 1.0
cl_black
0 1.91405 -3.06102 0.23201 -0.91489 -0.12858 -0.38268 -0.61220 0.04640 1 0 1.0
0 1.84119 -3.13185 0.43000 -0.91489 -0.12858 -0.38268 -0.62637 0.08600 1 0 1.0
0 1.83284 -3.07244 0.43000 -0.91489 -0.12858 -0.38268 -0.61449 0.08600 1 0 1.0
cl_black
0 2.15743 -3.37016 0.43000 -0.25038 -0.96815 0.00000 0.43149 0.08600 1 0 1.0
0 2.15743 -3.37016 0.57000 -0.25038 -0.96815 0.00000 0.43149 0.11400 1 0 1.0
0 1.94996 -3.31650 0.57000 -0.25038 -0.96815 0.00000 0.38999 0.11400 1 0 1.0
cl_black
0 2.15743 -3.37016 0.43000 -0.25038 -0.96815 0.00000 0.43149 0.08600 1 0 1.0
0 1.94996 -3.31650 0.57000 -0.25038 -0.96815 0.00000 0.38999 0.11400 1 0 1.0
0 1.94996 -3.31650 0.43000 -0.25038 -0.96815 0.00000 0.38999 0.08600 1 0 1.0
cl_black
0 1.94996 -3.31650 0.43000 -0.86163 -0.50754 0.00000 -0.66330 0.08600 1 0 1.0
0 1.94996 -3.31650 0.57000 -0.86163 -0.50754 0.00000 -0.66330 0.11400 1 0 1.0
0 1.84119 -3.13185 0.57000 -0.86163 -0.50754 0.00000 -0.62637 0.11400 1 0 1.0
cl_black
0 1.94996 -3.31650 0.43000 -0.86163 -0.50754 0.00000 -0.66330 0.08600 1 0 1.0
0 1.84119 -3.13185 0.57000 -0.86163 -0.50754 0.00000 -0.62637 0.11400 1 0 1.0
0 1.84119 -3.13185 0.43000 -0.86163 -0.50754 0.00000 -0.62637 0.08600 1 0 1.0
cl_black
0 2.11846 -3.09288 0.85000 -0.37896 -0.05326 0.92388 0.42369 -0.61858 1 0 1.0
0 2.11011 -3.03347 0.85000 -0.37896 -0.05326 0.92388 0.42202 -0.60669 1 0 1.0
0 1.91405 -3.06102 0.76799 -0.37896 -0.05326 0.92388 0.38281 -0.61220 1 0 1.0
cl_black
0 2.11846 -3.09288 0.85000 -0.37896 -0.05326 0.92388 0.42369 -0.61858 1 0 1.0
0 1.91405 -3.06102 0.76799 -0.37896 -0.05326 0.92388 0.38281 -0.61220 1 0 1.0
0 1.92240 -3.12044 0.76799 -0.37896 -0.05326 0.92388 0.38448 -0.62409 1 0 1.0
cl_black
0 1.92240 -3.12044 0.76799 -0.91489 -0.12858 0.38268 -0.62409 0.15360 1 0 1.0
0 1.91405 -3.06102 0.76799 -0.91489 -0.12858 0.38268 -0.61220 0.15360 1 0 1.0
0 1.83284 -3.07244 0.57000 -0.91489 -0.12858 0.38268 -0.61449 0.11400 1 0 1.0
cl_black
0 1.92240 -3.12044 0.76799 -0.91489 -0.12858 0.38268 -0.62409 0.15360 1 0 1.0
0 1.83284 -3.07244 0.57000 -0.91489 -0.12858 0.38268 -0.61449 0.11400 1 0 1.0
0 1.84119 -3.13185 0.57000 -0.91489 -0.12858 0.38268 -0.62637 0.11400 1 0 1.0
cl_black
0 2.07115 -2.75619 0.57000 -0.50754 0.86163 0.00000 0.41423 0.11400 1 0 1.0
0 2.07115 -2.75619 0.43000 -0.50754 0.86163 0.00000 0.41423 0.08600 1 0 1.0
0 1.88650 -2.86496 0.43000 -0.50754 0.86163 0.00000 0.37730 0.08600 1 0 1.0
cl_black
0 2.07115 -2.75619 0.57000 -0.50754 0.86163 0.00000 0.41423 0.11400 1 0 1.0
0 1.88650 -2.86496 0.43000 -0.50754 0.86163 0.00000 0.37730 0.08600 1 0 1.0
0 1.88650 -2.86496 0.57000 -0.50754 0.86163 0.00000 0.37730 0.11400 1 0 1.0
cl_black
0 1.88650 -2.86496 0.57000 -0.96815 0.25038 0.00000 -0.57299 0.11400 1 0 1.0
0 1.88650 -2.86496 0.43000 -0.96815 0.25038 0.00000 -0.57299 0.08600 1 0 1.0
0 1.83284 -3.07244 0.43000 -0.96815 0.25038 0.00000 -0.61449 0.08600 1 0 1.0
cl_black
0 1.88650 -2.86496 0.57000 -0.96815 0.25038 0.00000 -0.57299 0.11400 1 0 1.0
0 1.83284 -3.07244 0.43000 -0.96815 0.25038 0.00000 -0.61449 0.08600 1 0 1.0
0 1.83284 -3.07244 0.57000 -0.96815 0.25038 0.00000 -0.61449 0.11400 1 0 1.0
cl_black
0 3.36280 -2.85741 0.15000 -0.05326 0.37896 -0.92388 0.67256 -0.57148 1 0 1.0
0 2.11011 -3.03347 0.15000 -0.05326 0.37896 -0.92388 0.42202 -0.60669 1 0 1.0
0 2.08256 -2.83740 0.23201 -0.05326 0.37896 -0.92388 0.41651 -0.56748 1 0 1.0
cl_black
0 3.36280 -2.85741 0.15000 -0.05326 0.37896 -0.92388 0.67256 -0.57148 1 0 1.0
0 2.08256 -2.83740 0.23201 -0.05326 0.37896 -0.92388 0.41651 -0.56748 1 0 1.0
0 3.33525 -2.66135 0.23201 -0.05326 0.37896 -0.92388 0.66705 -0.53227 1 0 1.0
cl_black
0 3.33525 -2.66135 0.23201 -0.12858 0.91489 -0.38268 0.66705 0.04640 1 0 1.0
0 2.08256 -2.83740 0.23201 -0.12858 0.91489 -0.38268 0.41651 0.04640 1 0 1.0
0 2.07115 -2.75619 0.43000 -0.12858 0.91489 -0.38268 0.41423 0.08600 1 0 1.0
cl_black
0 3.33525 -2.66135 0.23201 -0.12858 0.91489 -0.38268 0.66705 0.04640 1 0 1.0
0 2.07115 -2.75619 0.43000 -0.12858 0.91489 -0.38268 0.41423 0.08600 1 0 1.0
0 3.32383 -2.58014 0.43000 -0.12858 0.91489 -0.38268 0.66477 0.08600 1 0 1.0
cl_black
0 2.11011 -3.03347 0.85000 -0.05326 0.37896 0.92388 0.42202 -0.60669 1 0 1.0
0 3.36280 -2.85741 0.85000 -0.05326 0.37896 0.92388 0.67256 -0.57148 1 0 1.0
0 3.33525 -2.66135 0.76799 -0.05326 0.37896 0.92388 0.66705 -0.53227 1 0 1.0
cl_black
0 2.11011 -3.03347 0.85000 -0.05326 0.37896 0.92388 0.42202 -0.60669 1 0 1.0
0 3.33525 -2.66135 0.76799 -0.05326 0.37896 0.92388 0.66705 -0.53227 1 0 1.0
0 2.08256 -2.83740 0.76799 -0.05326 0.37896 0.92388 0.41651 -0.56748 1 0 1.0
cl_black
0 2.08256 -2.83740 0.76799 -0.12858 0.91489 0.38268 0.41651 0.15360 1 0 1.0
0 3.33525 -2.66135 0.76799 -0.12858 0.91489 0.38268 0.66705 0.15360 1 0 1.0
0 3.32383 -2.58014 0.57000 -0.12858 0.91489 0.38268 0.66477 0.11400 1 0 1.0
cl_black
0 2.08256 -2.83740 0.76799 -0.12858 0.91489 0.38268 0.41651 0.15360 1 0 1.0
0 3.32383 -2.58014 0.57000 -0.12858 0.91489 0.38268 0.66477 0.11400 1 0 1.0
0 2.07115 -2.75619 0.57000 -0.12858 0.91489 0.38268 0.41423 0.11400 1 0 1.0
cl_black
0 3.64008 -2.81844 0.57000 0.86163 0.50754 0.00000 -0.56369 0.11400 1 0 1.0
0 3.64008 -2.81844 0.43000 0.86163 0.50754 0.00000 -0.56369 0.08600 1 0 1.0
0 3.53131 -2.63379 0.43000 0.86163 0.50754 0.00000 -0.52676 0.08600 1 0 1.0
cl_black
0 3.64008 -2.81844 0.57000 0.86163 0.50754 0.00000 -0.56369 0.11400 1 0 1.0
0 3.53131 -2.63379 0.43000 0.86163 0.50754 0.00000 -0.52676 0.08600 1 0 1.0
0 3.53131 -2.63379 0.57000 0.86163 0.50754 0.00000 -0.52676 0.11400 1 0 1.0
cl_black
0 3.53131 -2.63379 0.57000 0.25038 0.96815 0.00000 0.70626 0.11400 1 0 1.0
0 3.53131 -2.63379 0.43000 0.25038 0.96815 0.00000 0.70626 0.08600 1 0 1.0
0 3.32383 -2.58014 0.43000 0.25038 0.96815 0.00000 0.66477 0.08600 1 0 1.0
cl_black
0 3.53131 -2.63379 0.57000 0.25038 0.96815 0.00000 0.70626 0.11400 1 0 1.0
0 3.32383 -2.58014 0.43000 0.25038 0.96815 0.00000 0.66477 0.08600 1 0 1.0
0 3.32383 -2.58014 0.57000 0.25038 0.96815 0.00000 0.66477 0.11400 1 0 1.0
cl_black
0 3.37115 -2.91683 0.15000 0.37896 0.05326 -0.92388 0.67423 -0.58337 1 0 1.0
0 3.36280 -2.85741 0.15000 0.37896 0.05326 -0.92388 0.67256 -0.57148 1 0 1.0
0 3.55887 -2.82986 0.23201 0.37896 0.05326 -0.92388 0.71177 -0.56597 1 0 1.0
cl_black
0 3.37115 -2.91683 0.15000 0.37896 0.05326 -0.92388 0.67423 -0.58337 1 0 1.0
0 3.55887 -2.82986 0.23201 0.37896 0.05326 -0.92388 0.71177 -0.56597 1 0 1.0
0 3.56722 -2.88927 0.23201 0.37896 0.05326 -0.92388 0.71344 -0.57785 1 0 1.0
cl_black
0 3.56722 -2.88927 0.23201 0.91489 0.12858 -0.38268 -0.57785 0.04640 1 0 1.0
0 3.55887 -2.82986 0.23201 0.91489 0.12858 -0.38268 -0.56597 0.04640 1 0 1.0
0 3.64008 -2.81844 0.43000 0.91489 0.12858 -0.38268 -0.56369 0.08600 1 0 1.0
cl_black
0 3.56722 -2.88927 0.23201 0.91489 0.12858 -0.38268 -0.57785 0.04640 1 0 1.0
0 3.64008 -2.81844 0.43000 0.91489 0.12858 -0.38268 -0.56369 0.08600 1 0 1.0
0 3.64843 -2.87786 0.43000 0.91489 0.12858 -0.38268 -0.57557 0.08600 1 0 1.0
cl_black
0 3.36280 -2.85741 0.85000 0.37896 0.05326 0.92388 0.67256 -0.57148 1 0 1.0
0 3.37115 -2.91683 0.85000 0.37896 0.05326 0.92388 0.67423 -0.58337 1 0 1.0
0 3.56722 -2.88927 0.76799 0.37896 0.05326 0.92388 0.71344 -0.57785 1 0 1.0
cl_black
0 3.36280 -2.85741 0.85000 0.37896 0.05326 0.92388 0.67256 -0.57148 1 0 1.0
0 3.56722 -2.88927 0.76799 0.37896 0.05326 0.92388 0.71344 -0.57785 1 0 1.0
0 3.55887 -2.82986 0.76799 0.37896 0.05326 0.92388 0.71177 -0.56597 1 0 1.0
cl_black
0 3.55887 -2.82986 0.76799 0.91489 0.12858 0.38268 -0.56597 0.15360 1 0 1.0
0 3.56722 -2.88927 0.76799 0.91489 0.12858 0.38268 -0.57785 0.15360 1 0 1.0
0 3.64843 -2.87786 0.57000 0.91489 0.12858 0.38268 -0.57557 0.11400 1 0 1.0
cl_black
0 3.55887 -2.82986 0.76799 0.91489 0.12858 0.38268 -0.56597 0.15360 1 0 1.0
0 3.64843 -2.87786 0.57000 0.91489 0.12858 0.38268 -0.57557 0.11400 1 0 1.0
0 3.64008 -2.81844 0.57000 0.91489 0.12858 0.38268 -0.56369 0.11400 1 0 1.0
cl_black
0 3.41012 -3.19410 0.57000 0.50754 -0.86163 0.00000 0.68202 0.11400 1 0 1.0
0 3.41012 -3.19410 0.43000 0.50754 -0.86163 0.00000 0.68202 0.08600 1 0 1.0
0 3.59477 -3.08534 0.43000 0.50754 -0.86163 0.00000 0.71895 0.08600 1 0 1.0
cl_black
0 3.41012 -3.19410 0.57000 0.50754 -0.86163 0.00000 0.68202 0.11400 1 0 1.0
0 3.59477 -3.08534 0.43000 0.50754 -0.86163 0.00000 0.71895 0.08600 1 0 1.0
0 3.59477 -3.08534 0.57000 0.50754 -0.86163 0.00000 0.71895 0.11400 1 0 1.0
cl_black
0 3.59477 -3.08534 0.57000 0.96815 -0.25038 0.00000 -0.61707 0.11400 1 0 1.0
0 3.59477 -3.08534 0.43000 0.96815 -0.25038 0.00000 -0.61707 0.08600 1 0 1.0
0 3.64843 -2.87786 0.43000 0.96815 -0.25038 0.00000 -0.57557 0.08600 1 0 1.0
cl_black
0 3.59477 -3.08534 0.57000 0.96815 -0.25038 0.00000 -0.61707 0.11400 1 0 1.0
0 3.64843 -2.87786 0.43000 0.96815 -0.25038 0.00000 -0.57557 0.08600 1 0 1.0
0 3.64843 -2.87786 0.57000 0.96815 -0.25038 0.00000 -0.57557 0.11400 1 0 1.0
cl_black
0 2.11846 -3.09288 0.15000 0.05326 -0.37896 -0.92388 0.42369 -0.61858 1 0 1.0
0 3.37115 -2.91683 0.15000 0.05326 -0.37896 -0.92388 0.67423 -0.58337 1 0 1.0
0 3.39871 -3.11289 0.23201 0.05326 -0.37896 -0.92388 0.67974 -0.62258 1 0 1.0
cl_black
0 2.11846 -3.09288 0.15000 0.05326 -0.37896 -0.92388 0.42369 -0.61858 1 0 1.0
0 3.39871 -3.11289 0.23201 0.05326 -0.37896 -0.92388 0.67974 -0.62258 1 0 1.0
0 2.14602 -3.28895 0.23201 0.05326 -0.37896 -0.92388 0.42920 -0.65779 1 0 1.0
cl_black
0 2.14602 -3.28895 0.23201 0.12858 -0.91489 -0.38268 0.42920 0.04640 1 0 1.0
0 3.39871 -3.11289 0.23201 0.12858 -0.91489 -0.38268 0.67974 0.04640 1 0 1.0
0 3.41012 -3.19410 0.43000 0.12858 -0.91489 -0.38268 0.68202 0.08600 1 0 1.0
cl_black
0 2.14602 -3.28895 0.23201 0.12858 -0.91489 -0.38268 0.42920 0.04640 1 0 1.0
0 3.41012 -3.19410 0.43000 0.12858 -0.91489 -0.38268 0.68202 0.08600 1 0 1.0
0 2.15743 -3.37016 0.43000 0.12858 -0.91489 -0.38268 0.43149 0.08600 1 0 1.0
cl_black
0 3.37115 -2.91683 0.85000 0.05326 -0.37896 0.92388 0.67423 -0.58337 1 0 1.0
0 2.11846 -3.09288 0.85000 0.05326 -0.37896 0.92388 0.42369 -0.61858 1 0 1.0
0 2.14602 -3.28895 0.76799 0.05326 -0.37896 0.92388 0.42920 -0.65779 1 0 1.0
cl_black
0 3.37115 -2.91683 0.85000 0.05326 -0.37896 0.92388 0.67423 -0.58337 1 0 1.0
0 2.14602 -3.28895 0.76799 0.05326 -0.37896 0.92388 0.42920 -0.65779 1 0 1.0
0 3.39871 -3.11289 0.76799 0.05326 -0.37896 0.92388 0.67974 -0.62258 1 0 1.0
cl_black
0 3.39871 -3.11289 0.76799 0.12858 -0.91489 0.38268 0.67974 0.15360 1 0 1.0
0 2.14602 -3.28895 0.76799 0.12858 -0.91489 0.38268 0.42920 0.15360 1 0 1.0
0 2.15743 -3.37016 0.57000 0.12858 -0.91489 0.38268 0.43149 0.11400 1 0 1.0
cl_black
0 3.39871 -3.11289 0.76799 0.12858 -0.91489 0.38268 0.67974 0.15360 1 0 1.0
0 2.15743 -3.37016 0.57000 0.12858 -0.91489 0.38268 0.43149 0.11400 1 0 1.0
0 3.41012 -3.19410 0.57000 0.12858 -0.91489 0.38268 0.68202 0.11400 1 0 1.0
cl_black
0 2.11011 -3.03347 0.15000 0.00000 0.00000 -1.00000 0.42202 -0.60669 1 0 1.0
0 3.36280 -2.85741 0.15000 0.00000 0.00000 -1.00000 0.67256 -0.57148 1 0 1.0
0 3.37115 -2.91683 0.15000 0.00000 0.00000 -1.00000 0.67423 -0.58337 1 0 1.0
cl_black
0 2.11011 -3.03347 0.15000 0.00000 0.00000 -1.00000 0.42202 -0.60669 1 0 1.0
0 3.37115 -2.91683 0.15000 0.00000 0.00000 -1.00000 0.67423 -0.58337 1 0 1.0
0 2.11846 -3.09288 0.15000 0.00000 0.00000 -1.00000 0.42369 -0.61858 1 0 1.0
cl_black
0 1.84119 -3.13185 0.43000 -0.99027 -0.13917 0.00000 -0.62637 0.08600 1 0 1.0
0 1.84119 -3.13185 0.57000 -0.99027 -0.13917 0.00000 -0.62637 0.11400 1 0 1.0
0 1.83284 -3.07244 0.57000 -0.99027 -0.13917 0.00000 -0.61449 0.11400 1 0 1.0
cl_black
0 1.84119 -3.13185 0.43000 -0.99027 -0.13917 0.00000 -0.62637 0.08600 1 0 1.0
0 1.83284 -3.07244 0.57000 -0.99027 -0.13917 0.00000 -0.61449 0.11400 1 0 1.0
0 1.83284 -3.07244 0.43000 -0.99027 -0.13917 0.00000 -0.61449 0.08600 1 0 1.0
cl_black
0 3.41012 -3.19410 0.43000 0.13917 -0.99027 0.00000 0.68202 0.08600 1 0 1.0
0 3.41012 -3.19410 0.57000 0.13917 -0.99027 0.00000 0.68202 0.11400 1 0 1.0
0 2.15743 -3.37016 0.57000 0.13917 -0.99027 0.00000 0.43149 0.11400 1 0 1.0
cl_black
0 3.41012 -3.19410 0.43000 0.13917 -0.99027 0.00000 0.68202 0.08600 1 0 1.0
0 2.15743 -3.37016 0.57000 0.13917 -0.99027 0.00000 0.43149 0.11400 1 0 1.0
0 2.15743 -3.37016 0.43000 0.13917 -0.99027 0.00000 0.43149 0.08600 1 0 1.0
cl_black
0 3.36280 -2.85741 0.85000 0.00000 0.00000 1.00000 0.67256 -0.57148 1 0 1.0
0 2.11011 -3.03347 0.85000 0.00000 0.00000 1.00000 0.42202 -0.60669 1 0 1.0
0 2.11846 -3.09288 0.85000 0.00000 0.00000 1.00000 0.42369 -0.61858 1 0 1.0
cl_black
0 3.36280 -2.85741 0.85000 0.00000 0.00000 1.00000 0.67256 -0.57148 1 0 1.0
0 2.11846 -3.09288 0.85000 0.00000 0.00000 1.00000 0.42369 -0.61858 1 0 1.0
0 3.37115 -2.91683 0.85000 0.00000 0.00000 1.00000 0.67423 -0.58337 1 0 1.0
cl_black
0 2.07115 -2.75619 0.43000 -0.13917 0.99027 0.00000 0.41423 0.08600 1 0 1.0
0 2.07115 -2.75619 0.57000 -0.13917 0.99027 0.00000 0.41423 0.11400 1 0 1.0
0 3.32383 -2.58014 0.57000 -0.13917 0.99027 0.00000 0.66477 0.11400 1 0 1.0
cl_black
0 2.07115 -2.75619 0.43000 -0.13917 0.99027 0.00000 0.41423 0.08600 1 0 1.0
0 3.32383 -2.58014 0.57000 -0.13917 0.99027 0.00000 0.66477 0.11400 1 0 1.0
0 3.32383 -2.58014 0.43000 -0.13917 0.99027 0.00000 0.66477 0.08600 1 0 1.0
cl_black
0 3.64008 -2.81844 0.43000 0.99027 0.13917 0.00000 -0.56369 0.08600 1 0 1.0
0 3.64008 -2.81844 0.57000 0.99027 0.13917 0.00000 -0.56369 0.11400 1 0 1.0
0 3.64843 -2.87786 0.57000 0.99027 0.13917 0.00000 -0.57557 0.11400 1 0 1.0
cl_black
0 3.64008 -2.81844 0.43000 0.99027 0.13917 0.00000 -0.56369 0.08600 1 0 1.0
0 3.64843 -2.87786 0.57000 0.99027 0.13917 0.00000 -0.57557 0.11400 1 0 1.0
0 3.64843 -2.87786 0.43000 0.99027 0.13917 0.00000 -0.57557 0.08600 1 0 1.0
cl_black
0 2.01609 -2.40039 0.15000 -0.22790 -0.40282 -0.88645 0.40322 -0.48008 1 0 1.0
0 2.04365 -2.59645 0.23201 -0.22790 -0.40282 -0.88645 0.40873 -0.51929 1 0 1.0
0 1.87851 -2.58297 0.26834 -0.22790 -0.40282 -0.88645 0.37570 -0.51659 1 0 1.0
cl_black
0 2.01609 -2.40039 0.15000 -0.32440 -0.33011 -0.88645 0.40322 -0.48008 1 0 1.0
0 1.87851 -2.58297 0.26834 -0.32440 -0.33011 -0.88645 0.37570 -0.51659 1 0 1.0
0 1.82003 -2.42795 0.23201 -0.32440 -0.33011 -0.88645 0.36401 -0.48559 1 0 1.0
cl_black
0 2.05506 -2.67767 0.43000 -0.24024 -0.92893 -0.28175 0.41101 0.08600 1 0 1.0
0 1.84758 -2.62401 0.43000 -0.24024 -0.92893 -0.28175 0.36952 0.08600 1 0 1.0
0 1.87851 -2.58297 0.26834 -0.24024 -0.92893 -0.28175 0.37570 0.05367 1 0 1.0
cl_black
0 2.05506 -2.67767 0.43000 -0.15563 -0.91704 -0.36718 0.41101 0.08600 1 0 1.0
0 1.87851 -2.58297 0.26834 -0.15563 -0.91704 -0.36718 0.37570 0.05367 1 0 1.0
0 2.04365 -2.59645 0.23201 -0.15563 -0.91704 -0.36718 0.40873 0.04640 1 0 1.0
cl_black
0 1.73882 -2.43936 0.43000 -0.83861 -0.40238 -0.36718 -0.48787 0.08600 1 0 1.0
0 1.82003 -2.42795 0.23201 -0.83861 -0.40238 -0.36718 -0.48559 0.04640 1 0 1.0
0 1.87851 -2.58297 0.26834 -0.83861 -0.40238 -0.36718 -0.51659 0.05367 1 0 1.0
cl_black
0 1.73882 -2.43936 0.43000 -0.82672 -0.48698 -0.28175 -0.48787 0.08600 1 0 1.0
0 1.87851 -2.58297 0.26834 -0.82672 -0.48698 -0.28175 -0.51659 0.05367 1 0 1.0
0 1.84758 -2.62401 0.43000 -0.82672 -0.48698 -0.28175 -0.52480 0.08600 1 0 1.0
cl_black
0 2.05506 -2.67767 0.57000 -0.15563 -0.91704 0.36718 0.41101 0.11400 1 0 1.0
0 2.04365 -2.59645 0.76799 -0.15563 -0.91704 0.36718 0.40873 0.15360 1 0 1.0
0 1.87851 -2.58297 0.73166 -0.15563 -0.91704 0.36718 0.37570 0.14633 1 0 1.0
cl_black
0 2.05506 -2.67767 0.57000 -0.24024 -0.92893 0.28175 0.41101 0.11400 1 0 1.0
0 1.87851 -2.58297 0.73166 -0.24024 -0.92893 0.28175 0.37570 0.14633 1 0 1.0
0 1.84758 -2.62401 0.57000 -0.24024 -0.92893 0.28175 0.36952 0.11400 1 0 1.0
cl_black
0 2.01609 -2.40039 0.85000 -0.32440 -0.33011 0.88645 0.40322 -0.48008 1 0 1.0
0 1.82003 -2.42795 0.76799 -0.32440 -0.33011 0.88645 0.36401 -0.48559 1 0 1.0
0 1.87851 -2.58297 0.73166 -0.32440 -0.33011 0.88645 0.37570 -0.51659 1 0 1.0
cl_black
0 2.01609 -2.40039 0.85000 -0.22790 -0.40282 0.88645 0.40322 -0.48008 1 0 1.0
0 1.87851 -2.58297 0.73166 -0.22790 -0.40282 0.88645 0.37570 -0.51659 1 0 1.0
0 2.04365 -2.59645 0.76799 -0.22790 -0.40282 0.88645 0.40873 -0.51929 1 0 1.0
cl_black
0 1.73882 -2.43936 0.57000 -0.82672 -0.48698 0.28175 -0.48787 0.11400 1 0 1.0
0 1.84758 -2.62401 0.57000 -0.82672 -0.48698 0.28175 -0.52480 0.11400 1 0 1.0
0 1.87851 -2.58297 0.73166 -0.82672 -0.48698 0.28175 -0.51659 0.14633 1 0 1.0
cl_black
0 1.73882 -2.43936 0.57000 -0.83861 -0.40238 0.36718 -0.48787 0.11400 1 0 1.0
0 1.87851 -2.58297 0.73166 -0.83861 -0.40238 0.36718 -0.51659 0.14633 1 0 1.0
0 1.82003 -2.42795 0.76799 -0.83861 -0.40238 0.36718 -0.48559 0.15360 1 0 1.0
cl_black
0 2.00774 -2.34098 0.15000 -0.40282 0.22790 -0.88645 0.40155 -0.46820 1 0 1.0
0 1.81168 -2.36853 0.23201 -0.40282 0.22790 -0.88645 0.36234 -0.47371 1 0 1.0
0 1.82516 -2.20339 0.26834 -0.40282 0.22790 -0.88645 0.36503 -0.44068 1 0 1.0
cl_black
0 2.00774 -2.34098 0.15000 -0.33011 0.32440 -0.88645 0.40155 -0.46820 1 0 1.0
0 1.82516 -2.20339 0.26834 -0.33011 0.32440 -0.88645 0.36503 -0.44068 1 0 1.0
0 1.98019 -2.14491 0.23201 -0.33011 0.32440 -0.88645 0.39604 -0.42898 1 0 1.0
cl_black
0 1.73047 -2.37994 0.43000 -0.92893 0.24024 -0.28175 -0.47599 0.08600 1 0 1.0
0 1.78412 -2.17247 0.43000 -0.92893 0.24024 -0.28175 -0.43449 0.08600 1 0 1.0
0 1.82516 -2.20339 0.26834 -0.92893 0.24024 -0.28175 -0.44068 0.05367 1 0 1.0
cl_black
0 1.73047 -2.37994 0.43000 -0.91704 0.15564 -0.36718 -0.47599 0.08600 1 0 1.0
0 1.82516 -2.20339 0.26834 -0.91704 0.15564 -0.36718 -0.44068 0.05367 1 0 1.0
0 1.81168 -2.36853 0.23201 -0.91704 0.15564 -0.36718 -0.47371 0.04640 1 0 1.0
cl_black
0 1.96877 -2.06370 0.43000 -0.40238 0.83861 -0.36718 0.39375 0.08600 1 0 1.0
0 1.98019 -2.14491 0.23201 -0.40238 0.83861 -0.36718 0.39604 0.04640 1 0 1.0
0 1.82516 -2.20339 0.26834 -0.40238 0.83861 -0.36718 0.36503 0.05367 1 0 1.0
cl_black
0 1.96877 -2.06370 0.43000 -0.48698 0.82672 -0.28175 0.39375 0.08600 1 0 1.0
0 1.82516 -2.20339 0.26834 -0.48698 0.82672 -0.28175 0.36503 0.05367 1 0 1.0
0 1.78412 -2.17247 0.43000 -0.48698 0.82672 -0.28175 0.35682 0.08600 1 0 1.0
cl_black
0 2.00774 -2.34098 0.85000 -0.33011 0.32440 0.88645 0.40155 -0.46820 1 0 1.0
0 1.98019 -2.14491 0.76799 -0.33011 0.32440 0.88645 0.39604 -0.42898 1 0 1.0
0 1.82516 -2.20339 0.73166 -0.33011 0.32440 0.88645 0.36503 -0.44068 1 0 1.0
cl_black
0 2.00774 -2.34098 0.85000 -0.40282 0.22790 0.88645 0.40155 -0.46820 1 0 1.0
0 1.82516 -2.20339 0.73166 -0.40282 0.22790 0.88645 0.36503 -0.44068 1 0 1.0
0 1.81168 -2.36853 0.76799 -0.40282 0.22790 0.88645 0.36234 -0.47371 1 0 1.0
cl_black
0 1.96877 -2.06370 0.57000 -0.48698 0.82672 0.28175 0.39375 0.11400 1 0 1.0
0 1.78412 -2.17247 0.57000 -0.48698 0.82672 0.28175 0.35682 0.11400 1 0 1.0
0 1.82516 -2.20339 0.73166 -0.48698 0.82672 0.28175 0.36503 0.14633 1 0 1.0
cl_black
0 1.96877 -2.06370 0.57000 -0.40238 0.83861 0.36718 0.39375 0.11400 1 0 1.0
0 1.82516 -2.20339 0.73166 -0.40238 0.83861 0.36718 0.36503 0.14633 1 0 1.0
0 1.98019 -2.14491 0.76799 -0.40238 0.83861 0.36718 0.39604 0.15360 1 0 1.0
cl_black
0 1.73047 -2.37994 0.57000 -0.91704 0.15563 0.36718 -0.47599 0.11400 1 0 1.0
0 1.81168 -2.36853 0.76799 -0.91704 0.15563 0.36718 -0.47371 0.15360 1 0 1.0
0 1.82516 -2.20339 0.73166 -0.91704 0.15563 0.36718 -0.44068 0.14633 1 0 1.0
cl_black
0 1.73047 -2.37994 0.57000 -0.92893 0.24024 0.28175 -0.47599 0.11400 1 0 1.0
0 1.82516 -2.20339 0.73166 -0.92893 0.24024 0.28175 -0.44068 0.14633 1 0 1.0
0 1.78412 -2.17247 0.57000 -0.92893 0.24024 0.28175 -0.43449 0.11400 1 0 1.0
cl_black
0 3.51635 -2.18954 0.15000 0.40282 -0.22790 -0.88645 0.70327 -0.43791 1 0 1.0
0 3.71241 -2.16199 0.23201 0.40282 -0.22790 -0.88645 0.74248 -0.43240 1 0 1.0
0 3.69893 -2.32713 0.26834 0.40282 -0.22790 -0.88645 0.73979 -0.46543 1 0 1.0
cl_black
0 3.51635 -2.18954 0.15000 0.33011 -0.32440 -0.88645 0.70327 -0.43791 1 0 1.0
0 3.69893 -2.32713 0.26834 0.33011 -0.32440 -0.88645 0.73979 -0.46543 1 0 1.0
0 3.54390 -2.38561 0.23201 0.33011 -0.32440 -0.88645 0.70878 -0.47712 1 0 1.0
cl_black
0 3.79362 -2.15058 0.43000 0.92893 -0.24023 -0.28175 -0.43012 0.08600 1 0 1.0
0 3.73997 -2.35805 0.43000 0.92893 -0.24023 -0.28175 -0.47161 0.08600 1 0 1.0
0 3.69893 -2.32713 0.26834 0.92893 -0.24023 -0.28175 -0.46543 0.05367 1 0 1.0
cl_black
0 3.79362 -2.15058 0.43000 0.91704 -0.15564 -0.36718 -0.43012 0.08600 1 0 1.0
0 3.69893 -2.32713 0.26834 0.91704 -0.15564 -0.36718 -0.46543 0.05367 1 0 1.0
0 3.71241 -2.16199 0.23201 0.91704 -0.15564 -0.36718 -0.43240 0.04640 1 0 1.0
cl_black
0 3.55532 -2.46682 0.43000 0.40237 -0.83861 -0.36718 0.71106 0.08600 1 0 1.0
0 3.54390 -2.38561 0.23201 0.40237 -0.83861 -0.36718 0.70878 0.04640 1 0 1.0
0 3.69893 -2.32713 0.26834 0.40237 -0.83861 -0.36718 0.73979 0.05367 1 0 1.0
cl_black
0 3.55532 -2.46682 0.43000 0.48698 -0.82672 -0.28175 0.71106 0.08600 1 0 1.0
0 3.69893 -2.32713 0.26834 0.48698 -0.82672 -0.28175 0.73979 0.05367 1 0 1.0
0 3.73997 -2.35805 0.43000 0.48698 -0.82672 -0.28175 0.74799 0.08600 1 0 1.0
cl_black
0 3.51635 -2.18954 0.85000 0.33011 -0.32439 0.88645 0.70327 -0.43791 1 0 1.0
0 3.54390 -2.38561 0.76799 0.33011 -0.32439 0.88645 0.70878 -0.47712 1 0 1.0
0 3.69893 -2.32713 0.73166 0.33011 -0.32439 0.88645 0.73979 -0.46543 1 0 1.0
cl_black
0 3.51635 -2.18954 0.85000 0.40282 -0.22790 0.88645 0.70327 -0.43791 1 0 1.0
0 3.69893 -2.32713 0.73166 0.40282 -0.22790 0.88645 0.73979 -0.46543 1 0 1.0
0 3.71241 -2.16199 0.76799 0.40282 -0.22790 0.88645 0.74248 -0.43240 1 0 1.0
cl_black
0 3.55532 -2.46682 0.57000 0.48698 -0.82672 0.28175 0.71106 0.11400 1 0 1.0
0 3.73997 -2.35805 0.57000 0.48698 -0.82672 0.28175 0.74799 0.11400 1 0 1.0
0 3.69893 -2.32713 0.73166 0.48698 -0.82672 0.28175 0.73979 0.14633 1 0 1.0
cl_black
0 3.55532 -2.46682 0.57000 0.40238 -0.83861 0.36718 0.71106 0.11400 1 0 1.0
0 3.69893 -2.32713 0.73166 0.40238 -0.83861 0.36718 0.73979 0.14633 1 0 1.0
0 3.54390 -2.38561 0.76799 0.40238 -0.83861 0.36718 0.70878 0.15360 1 0 1.0
cl_black
0 3.79362 -2.15058 0.57000 0.91704 -0.15564 0.36718 -0.43012 0.11400 1 0 1.0
0 3.71241 -2.16199 0.76799 0.91704 -0.15564 0.36718 -0.43240 0.15360 1 0 1.0
0 3.69893 -2.32713 0.73166 0.91704 -0.15564 0.36718 -0.46543 0.14633 1 0 1.0
cl_black
0 3.79362 -2.15058 0.57000 0.92893 -0.24023 0.28175 -0.43012 0.11400 1 0 1.0
0 3.69893 -2.32713 0.73166 0.92893 -0.24023 0.28175 -0.46543 0.14633 1 0 1.0
0 3.73997 -2.35805 0.57000 0.92893 -0.24023 0.28175 -0.47161 0.11400 1 0 1.0
cl_black
0 3.50800 -2.13013 0.15000 0.22790 0.40282 -0.88645 0.70160 -0.42603 1 0 1.0
0 3.48044 -1.93406 0.23201 0.22790 0.40282 -0.88645 0.69609 -0.38681 1 0 1.0
0 3.64558 -1.94754 0.26834 0.22790 0.40282 -0.88645 0.72912 -0.38951 1 0 1.0
cl_black
0 3.50800 -2.13013 0.15000 0.32439 0.33011 -0.88645 0.70160 -0.42603 1 0 1.0
0 3.64558 -1.94754 0.26834 0.32439 0.33011 -0.88645 0.72912 -0.38951 1 0 1.0
0 3.70406 -2.10257 0.23201 0.32439 0.33011 -0.88645 0.74081 -0.42051 1 0 1.0
cl_black
0 3.46903 -1.85285 0.43000 0.24024 0.92893 -0.28175 0.69381 0.08600 1 0 1.0
0 3.67651 -1.90651 0.43000 0.24024 0.92893 -0.28175 0.73530 0.08600 1 0 1.0
0 3.64558 -1.94754 0.26834 0.24024 0.92893 -0.28175 0.72912 0.05367 1 0 1.0
cl_black
0 3.46903 -1.85285 0.43000 0.15563 0.91704 -0.36718 0.69381 0.08600 1 0 1.0
0 3.64558 -1.94754 0.26834 0.15563 0.91704 -0.36718 0.72912 0.05367 1 0 1.0
0 3.48044 -1.93406 0.23201 0.15563 0.91704 -0.36718 0.69609 0.04640 1 0 1.0
cl_black
0 3.78527 -2.09116 0.43000 0.83861 0.40238 -0.36718 -0.41823 0.08600 1 0 1.0
0 3.70406 -2.10257 0.23201 0.83861 0.40238 -0.36718 -0.42051 0.04640 1 0 1.0
0 3.64558 -1.94754 0.26834 0.83861 0.40238 -0.36718 -0.38951 0.05367 1 0 1.0
cl_black
0 3.78527 -2.09116 0.43000 0.82672 0.48698 -0.28175 -0.41823 0.08600 1 0 1.0
0 3.64558 -1.94754 0.26834 0.82672 0.48698 -0.28175 -0.38951 0.05367 1 0 1.0
0 3.67651 -1.90651 0.43000 0.82672 0.48698 -0.28175 -0.38130 0.08600 1 0 1.0
cl_black
0 3.50800 -2.13013 0.85000 0.32439 0.33011 0.88645 0.70160 -0.42603 1 0 1.0
0 3.70406 -2.10257 0.76799 0.32439 0.33011 0.88645 0.74081 -0.42051 1 0 1.0
0 3.64558 -1.94754 0.73166 0.32439 0.33011 0.88645 0.72912 -0.38951 1 0 1.0
cl_black
0 3.50800 -2.13013 0.85000 0.22790 0.40282 0.88645 0.70160 -0.42603 1 0 1.0
0 3.64558 -1.94754 0.73166 0.22790 0.40282 0.88645 0.72912 -0.38951 1 0 1.0
0 3.48044 -1.93406 0.76799 0.22790 0.40282 0.88645 0.69609 -0.38681 1 0 1.0
cl_black
0 3.78527 -2.09116 0.57000 0.82672 0.48698 0.28175 -0.41823 0.11400 1 0 1.0
0 3.67651 -1.90651 0.57000 0.82672 0.48698 0.28175 -0.38130 0.11400 1 0 1.0
0 3.64558 -1.94754 0.73166 0.82672 0.48698 0.28175 -0.38951 0.14633 1 0 1.0
cl_black
0 3.78527 -2.09116 0.57000 0.83861 0.40238 0.36718 -0.41823 0.11400 1 0 1.0
0 3.64558 -1.94754 0.73166 0.83861 0.40238 0.36718 -0.38951 0.14633 1 0 1.0
0 3.70406 -2.10257 0.76799 0.83861 0.40238 0.36718 -0.42051 0.15360 1 0 1.0
cl_black
0 3.46903 -1.85285 0.57000 0.15563 0.91704 0.36718 0.69381 0.11400 1 0 1.0
0 3.48044 -1.93406 0.76799 0.15563 0.91704 0.36718 0.69609 0.15360 1 0 1.0
0 3.64558 -1.94754 0.73166 0.15563 0.91704 0.36718 0.72912 0.14633 1 0 1.0
cl_black
0 3.46903 -1.85285 0.57000 0.24024 0.92893 0.28175 0.69381 0.11400 1 0 1.0
0 3.64558 -1.94754 0.73166 0.24024 0.92893 0.28175 0.72912 0.14633 1 0 1.0
0 3.67651 -1.90651 0.57000 0.24024 0.92893 0.28175 0.73530 0.11400 1 0 1.0
cl_black
0 2.00774 -2.34098 0.15000 -0.37896 -0.05326 -0.92388 0.40155 -0.46820 1 0 1.0
0 2.01609 -2.40039 0.15000 -0.37896 -0.05326 -0.92388 0.40322 -0.48008 1 0 1.0
0 1.82003 -2.42795 0.23201 -0.37896 -0.05326 -0.92388 0.36401 -0.48559 1 0 1.0
cl_black
0 2.00774 -2.34098 0.15000 -0.37896 -0.05326 -0.92388 0.40155 -0.46820 1 0 1.0
0 1.82003 -2.42795 0.23201 -0.37896 -0.05326 -0.92388 0.36401 -0.48559 1 0 1.0
0 1.81168 -2.36853 0.23201 -0.37896 -0.05326 -0.92388 0.36234 -0.47371 1 0 1.0
cl_black
0 1.81168 -2.36853 0.23201 -0.91489 -0.12858 -0.38268 -0.47371 0.04640 1 0 1.0
0 1.82003 -2.42795 0.23201 -0.91489 -0.12858 -0.38268 -0.48559 0.04640 1 0 1.0
0 1.73882 -2.43936 0.43000 -0.91489 -0.12858 -0.38268 -0.48787 0.08600 1 0 1.0
cl_black
0 1.81168 -2.36853 0.23201 -0.91489 -0.12858 -0.38268 -0.47371 0.04640 1 0 1.0
0 1.73882 -2.43936 0.43000 -0.91489 -0.12858 -0.38268 -0.48787 0.08600 1 0 1.0
0 1.73047 -2.37994 0.43000 -0.91489 -0.12858 -0.38268 -0.47599 0.08600 1 0 1.0
cl_black
0 2.05506 -2.67767 0.43000 -0.25038 -0.96815 0.00000 0.41101 0.08600 1 0 1.0
0 2.05506 -2.67767 0.57000 -0.25038 -0.96815 0.00000 0.41101 0.11400 1 0 1.0
0 1.84758 -2.62401 0.57000 -0.25038 -0.96815 0.00000 0.36952 0.11400 1 0 1.0
cl_black
0 2.05506 -2.67767 0.43000 -0.25038 -0.96815 0.00000 0.41101 0.08600 1 0 1.0
0 1.84758 -2.62401 0.57000 -0.25038 -0.96815 0.00000 0.36952 0.11400 1 0 1.0
0 1.84758 -2.62401 0.43000 -0.25038 -0.96815 0.00000 0.36952 0.08600 1 0 1.0
cl_black
0 1.84758 -2.62401 0.43000 -0.86163 -0.50754 0.00000 -0.52480 0.08600 1 0 1.0
0 1.84758 -2.62401 0.57000 -0.86163 -0.50754 0.00000 -0.52480 0.11400 1 0 1.0
0 1.73882 -2.43936 0.57000 -0.86163 -0.50754 0.00000 -0.48787 0.11400 1 0 1.0
cl_black
0 1.84758 -2.62401 0.43000 -0.86163 -0.50754 0.00000 -0.52480 0.08600 1 0 1.0
0 1.73882 -2.43936 0.57000 -0.86163 -0.50754 0.00000 -0.48787 0.11400 1 0 1.0
0 1.73882 -2.43936 0.43000 -0.86163 -0.50754 0.00000 -0.48787 0.08600 1 0 1.0
cl_black
0 2.01609 -2.40039 0.85000 -0.37896 -0.05326 0.92388 0.40322 -0.48008 1 0 1.0
0 2.00774 -2.34098 0.85000 -0.37896 -0.05326 0.92388 0.40155 -0.46820 1 0 1.0
0 1.81168 -2.36853 0.76799 -0.37896 -0.05326 0.92388 0.36234 -0.47371 1 0 1.0
cl_black
0 2.01609 -2.40039 0.85000 -0.37896 -0.05326 0.92388 0.40322 -0.48008 1 0 1.0
0 1.81168 -2.36853 0.76799 -0.37896 -0.05326 0.92388 0.36234 -0.47371 1 0 1.0
0 1.82003 -2.42795 0.76799 -0.37896 -0.05326 0.92388 0.36401 -0.48559 1 0 1.0
cl_black
0 1.82003 -2.42795 0.76799 -0.91489 -0.12858 0.38268 -0.48559 0.15360 1 0 1.0
0 1.81168 -2.36853 0.76799 -0.91489 -0.12858 0.38268 -0.47371 0.15360 1 0 1.0
0 1.73047 -2.37994 0.57000 -0.91489 -0.12858 0.38268 -0.47599 0.11400 1 0 1.0
cl_black
0 1.82003 -2.42795 0.76799 -0.91489 -0.12858 0.38268 -0.48559 0.15360 1 0 1.0
0 1.73047 -2.37994 0.57000 -0.91489 -0.12858 0.38268 -0.47599 0.11400 1 0 1.0
0 1.73882 -2.43936 0.57000 -0.91489 -0.12858 0.38268 -0.48787 0.11400 1 0 1.0
cl_black
0 1.96877 -2.06370 0.57000 -0.50754 0.86163 0.00000 0.39375 0.11400 1 0 1.0
0 1.96877 -2.06370 0.43000 -0.50754 0.86163 0.00000 0.39375 0.08600 1 0 1.0
0 1.78412 -2.17247 0.43000 -0.50754 0.86163 0.00000 0.35682 0.08600 1 0 1.0
cl_black
0 1.96877 -2.06370 0.57000 -0.50754 0.86163 0.00000 0.39375 0.11400 1 0 1.0
0 1.78412 -2.17247 0.43000 -0.50754 0.86163 0.00000 0.35682 0.08600 1 0 1.0
0 1.78412 -2.17247 0.57000 -0.50754 0.86163 0.00000 0.35682 0.11400 1 0 1.0
cl_black
0 1.78412 -2.17247 0.57000 -0.96815 0.25038 0.00000 -0.43449 0.11400 1 0 1.0
0 1.78412 -2.17247 0.43000 -0.96815 0.25038 0.00000 -0.43449 0.08600 1 0 1.0
0 1.73047 -2.37994 0.43000 -0.96815 0.25038 0.00000 -0.47599 0.08600 1 0 1.0
cl_black
0 1.78412 -2.17247 0.57000 -0.96815 0.25038 0.00000 -0.43449 0.11400 1 0 1.0
0 1.73047 -2.37994 0.43000 -0.96815 0.25038 0.00000 -0.47599 0.08600 1 0 1.0
0 1.73047 -2.37994 0.57000 -0.96815 0.25038 0.00000 -0.47599 0.11400 1 0 1.0
cl_black
0 3.50800 -2.13013 0.15000 -0.05326 0.37896 -0.92388 0.70160 -0.42603 1 0 1.0
0 2.00774 -2.34098 0.15000 -0.05326 0.37896 -0.92388 0.40155 -0.46820 1 0 1.0
0 1.98019 -2.14491 0.23201 -0.05326 0.37896 -0.92388 0.39604 -0.42898 1 0 1.0
cl_black
0 3.50800 -2.13013 0.15000 -0.05326 0.37896 -0.92388 0.70160 -0.42603 1 0 1.0
0 1.98019 -2.14491 0.23201 -0.05326 0.37896 -0.92388 0.39604 -0.42898 1 0 1.0
0 3.48044 -1.93406 0.23201 -0.05326 0.37896 -0.92388 0.69609 -0.38681 1 0 1.0
cl_black
0 3.48044 -1.93406 0.23201 -0.12858 0.91489 -0.38268 0.69609 0.04640 1 0 1.0
0 1.98019 -2.14491 0.23201 -0.12858 0.91489 -0.38268 0.39604 0.04640 1 0 1.0
0 1.96877 -2.06370 0.43000 -0.12858 0.91489 -0.38268 0.39375 0.08600 1 0 1.0
cl_black
0 3.48044 -1.93406 0.23201 -0.12858 0.91489 -0.38268 0.69609 0.04640 1 0 1.0
0 1.96877 -2.06370 0.43000 -0.12858 0.91489 -0.38268 0.39375 0.08600 1 0 1.0
0 3.46903 -1.85285 0.43000 -0.12858 0.91489 -0.38268 0.69381 0.08600 1 0 1.0
cl_black
0 2.00774 -2.34098 0.85000 -0.05326 0.37896 0.92388 0.40155 -0.46820 1 0 1.0
0 3.50800 -2.13013 0.85000 -0.05326 0.37896 0.92388 0.70160 -0.42603 1 0 1.0
0 3.48044 -1.93406 0.76799 -0.05326 0.37896 0.92388 0.69609 -0.38681 1 0 1.0
cl_black
0 2.00774 -2.34098 0.85000 -0.05326 0.37896 0.92388 0.40155 -0.46820 1 0 1.0
0 3.48044 -1.93406 0.76799 -0.05326 0.37896 0.92388 0.69609 -0.38681 1 0 1.0
0 1.98019 -2.14491 0.76799 -0.05326 0.37896 0.92388 0.39604 -0.42898 1 0 1.0
cl_black
0 1.98019 -2.14491 0.76799 -0.12858 0.91489 0.38268 0.39604 0.15360 1 0 1.0
0 3.48044 -1.93406 0.76799 -0.12858 0.91489 0.38268 0.69609 0.15360 1 0 1.0
0 3.46903 -1.85285 0.57000 -0.12858 0.91489 0.38268 0.69381 0.11400 1 0 1.0
cl_black
0 1.98019 -2.14491 0.76799 -0.12858 0.91489 0.38268 0.39604 0.15360 1 0 1.0
0 3.46903 -1.85285 0.57000 -0.12858 0.91489 0.38268 0.69381 0.11400 1 0 1.0
0 1.96877 -2.06370 0.57000 -0.12858 0.91489 0.38268 0.39375 0.11400 1 0 1.0
cl_black
0 3.78527 -2.09116 0.57000 0.86163 0.50754 0.00000 -0.41823 0.11400 1 0 1.0
0 3.78527 -2.09116 0.43000 0.86163 0.50754 0.00000 -0.41823 0.08600 1 0 1.0
0 3.67651 -1.90651 0.43000 0.86163 0.50754 0.00000 -0.38130 0.08600 1 0 1.0
cl_black
0 3.78527 -2.09116 0.57000 0.86163 0.50754 0.00000 -0.41823 0.11400 1 0 1.0
0 3.67651 -1.90651 0.43000 0.86163 0.50754 0.00000 -0.38130 0.08600 1 0 1.0
0 3.67651 -1.90651 0.57000 0.86163 0.50754 0.00000 -0.38130 0.11400 1 0 1.0
cl_black
0 3.67651 -1.90651 0.57000 0.25038 0.96815 0.00000 0.73530 0.11400 1 0 1.0
0 3.67651 -1.90651 0.43000 0.25038 0.96815 0.00000 0.73530 0.08600 1 0 1.0
0 3.46903 -1.85285 0.43000 0.25038 0.96815 0.00000 0.69381 0.08600 1 0 1.0
cl_black
0 3.67651 -1.90651 0.57000 0.25038 0.96815 0.00000 0.73530 0.11400 1 0 1.0
0 3.46903 -1.85285 0.43000 0.25038 0.96815 0.00000 0.69381 0.08600 1 0 1.0
0 3.46903 -1.85285 0.57000 0.25038 0.96815 0.00000 0.69381 0.11400 1 0 1.0
cl_black
0 3.51635 -2.18954 0.15000 0.37896 0.05326 -0.92388 0.70327 -0.43791 1 0 1.0
0 3.50800 -2.13013 0.15000 0.37896 0.05326 -0.92388 0.70160 -0.42603 1 0 1.0
0 3.70406 -2.10257 0.23201 0.37896 0.05326 -0.92388 0.74081 -0.42051 1 0 1.0
cl_black
0 3.51635 -2.18954 0.15000 0.37896 0.05326 -0.92388 0.70327 -0.43791 1 0 1.0
0 3.70406 -2.10257 0.23201 0.37896 0.05326 -0.92388 0.74081 -0.42051 1 0 1.0
0 3.71241 -2.16199 0.23201 0.37896 0.05326 -0.92388 0.74248 -0.43240 1 0 1.0
cl_black
0 3.71241 -2.16199 0.23201 0.91489 0.12858 -0.38268 -0.43240 0.04640 1 0 1.0
0 3.70406 -2.10257 0.23201 0.91489 0.12858 -0.38268 -0.42051 0.04640 1 0 1.0
0 3.78527 -2.09116 0.43000 0.91489 0.12858 -0.38268 -0.41823 0.08600 1 0 1.0
cl_black
0 3.71241 -2.16199 0.23201 0.91489 0.12858 -0.38268 -0.43240 0.04640 1 0 1.0
0 3.78527 -2.09116 0.43000 0.91489 0.12858 -0.38268 -0.41823 0.08600 1 0 1.0
0 3.79362 -2.15058 0.43000 0.91489 0.12858 -0.38268 -0.43012 0.08600 1 0 1.0
cl_black
0 3.50800 -2.13013 0.85000 0.37896 0.05326 0.92388 0.70160 -0.42603 1 0 1.0
0 3.51635 -2.18954 0.85000 0.37896 0.05326 0.92388 0.70327 -0.43791 1 0 1.0
0 3.71241 -2.16199 0.76799 0.37896 0.05326 0.92388 0.74248 -0.43240 1 0 1.0
cl_black
0 3.50800 -2.13013 0.85000 0.37896 0.05326 0.92388 0.70160 -0.42603 1 0 1.0
0 3.71241 -2.16199 0.76799 0.37896 0.05326 0.92388 0.74248 -0.43240 1 0 1.0
0 3.70406 -2.10257 0.76799 0.37896 0.05326 0.92388 0.74081 -0.42051 1 0 1.0
cl_black
0 3.70406 -2.10257 0.76799 0.91489 0.12858 0.38268 -0.42051 0.15360 1 0 1.0
0 3.71241 -2.16199 0.76799 0.91489 0.12858 0.38268 -0.43240 0.15360 1 0 1.0
0 3.79362 -2.15058 0.57000 0.91489 0.12858 0.38268 -0.43012 0.11400 1 0 1.0
cl_black
0 3.70406 -2.10257 0.76799 0.91489 0.12858 0.38268 -0.42051 0.15360 1 0 1.0
0 3.79362 -2.15058 0.57000 0.91489 0.12858 0.38268 -0.43012 0.11400 1 0 1.0
0 3.78527 -2.09116 0.57000 0.91489 0.12858 0.38268 -0.41823 0.11400 1 0 1.0
cl_black
0 3.55532 -2.46682 0.57000 0.50754 -0.86163 0.00000 0.71106 0.11400 1 0 1.0
0 3.55532 -2.46682 0.43000 0.50754 -0.86163 0.00000 0.71106 0.08600 1 0 1.0
0 3.73997 -2.35805 0.43000 0.50754 -0.86163 0.00000 0.74799 0.08600 1 0 1.0
cl_black
0 3.55532 -2.46682 0.57000 0.50754 -0.86163 0.00000 0.71106 0.11400 1 0 1.0
0 3.73997 -2.35805 0.43000 0.50754 -0.86163 0.00000 0.74799 0.08600 1 0 1.0
0 3.73997 -2.35805 0.57000 0.50754 -0.86163 0.00000 0.74799 0.11400 1 0 1.0
cl_black
0 3.73997 -2.35805 0.57000 0.96815 -0.25038 0.00000 -0.47161 0.11400 1 0 1.0
0 3.73997 -2.35805 0.43000 0.96815 -0.25038 0.00000 -0.47161 0.08600 1 0 1.0
0 3.79362 -2.15058 0.43000 0.96815 -0.25038 0.00000 -0.43012 0.08600 1 0 1.0
cl_black
0 3.73997 -2.35805 0.57000 0.96815 -0.25038 0.00000 -0.47161 0.11400 1 0 1.0
0 3.79362 -2.15058 0.43000 0.96815 -0.25038 0.00000 -0.43012 0.08600 1 0 1.0
0 3.79362 -2.15058 0.57000 0.96815 -0.25038 0.00000 -0.43012 0.11400 1 0 1.0
cl_black
0 2.01609 -2.40039 0.15000 0.05326 -0.37896 -0.92388 0.40322 -0.48008 1 0 1.0
0 3.51635 -2.18954 0.15000 0.05326 -0.37896 -0.92388 0.70327 -0.43791 1 0 1.0
0 3.54390 -2.38561 0.23201 0.05326 -0.37896 -0.92388 0.70878 -0.47712 1 0 1.0
cl_black
0 2.01609 -2.40039 0.15000 0.05326 -0.37896 -0.92388 0.40322 -0.48008 1 0 1.0
0 3.54390 -2.38561 0.23201 0.05326 -0.37896 -0.92388 0.70878 -0.47712 1 0 1.0
0 2.04365 -2.59645 0.23201 0.05326 -0.37896 -0.92388 0.40873 -0.51929 1 0 1.0
cl_black
0 2.04365 -2.59645 0.23201 0.12858 -0.91489 -0.38268 0.40873 0.04640 1 0 1.0
0 3.54390 -2.38561 0.23201 0.12858 -0.91489 -0.38268 0.70878 0.04640 1 0 1.0
0 3.55532 -2.46682 0.43000 0.12858 -0.91489 -0.38268 0.71106 0.08600 1 0 1.0
cl_black
0 2.04365 -2.59645 0.23201 0.12858 -0.91489 -0.38268 0.40873 0.04640 1 0 1.0
0 3.55532 -2.46682 0.43000 0.12858 -0.91489 -0.38268 0.71106 0.08600 1 0 1.0
0 2.05506 -2.67767 0.43000 0.12858 -0.91489 -0.38268 0.41101 0.08600 1 0 1.0
cl_black
0 3.51635 -2.18954 0.85000 0.05326 -0.37896 0.92388 0.70327 -0.43791 1 0 1.0
0 2.01609 -2.40039 0.85000 0.05326 -0.37896 0.92388 0.40322 -0.48008 1 0 1.0
0 2.04365 -2.59645 0.76799 0.05326 -0.37896 0.92388 0.40873 -0.51929 1 0 1.0
cl_black
0 3.51635 -2.18954 0.85000 0.05326 -0.37896 0.92388 0.70327 -0.43791 1 0 1.0
0 2.04365 -2.59645 0.76799 0.05326 -0.37896 0.92388 0.40873 -0.51929 1 0 1.0
0 3.54390 -2.38561 0.76799 0.05326 -0.37896 0.92388 0.70878 -0.47712 1 0 1.0
cl_black
0 3.54390 -2.38561 0.76799 0.12858 -0.91489 0.38268 0.70878 0.15360 1 0 1.0
0 2.04365 -2.59645 0.76799 0.12858 -0.91489 0.38268 0.40873 0.15360 1 0 1.0
0 2.05506 -2.67767 0.57000 0.12858 -0.91489 0.38268 0.41101 0.11400 1 0 1.0
cl_black
0 3.54390 -2.38561 0.76799 0.12858 -0.91489 0.38268 0.70878 0.15360 1 0 1.0
0 2.05506 -2.67767 0.57000 0.12858 -0.91489 0.38268 0.41101 0.11400 1 0 1.0
0 3.55532 -2.46682 0.57000 0.12858 -0.91489 0.38268 0.71106 0.11400 1 0 1.0
cl_black
0 2.00774 -2.34098 0.15000 0.00000 0.00000 -1.00000 0.40155 -0.46820 1 0 1.0
0 3.50800 -2.13013 0.15000 0.00000 0.00000 -1.00000 0.70160 -0.42603 1 0 1.0
0 3.51635 -2.18954 0.15000 0.00000 0.00000 -1.00000 0.70327 -0.43791 1 0 1.0
cl_black
0 2.00774 -2.34098 0.15000 0.00000 0.00000 -1.00000 0.40155 -0.46820 1 0 1.0
0 3.51635 -2.18954 0.15000 0.00000 0.00000 -1.00000 0.70327 -0.43791 1 0 1.0
0 2.01609 -2.40039 0.15000 0.00000 0.00000 -1.00000 0.40322 -0.48008 1 0 1.0
cl_black
0 1.73882 -2.43936 0.43000 -0.99027 -0.13917 0.00000 -0.48787 0.08600 1 0 1.0
0 1.73882 -2.43936 0.57000 -0.99027 -0.13917 0.00000 -0.48787 0.11400 1 0 1.0
0 1.73047 -2.37994 0.57000 -0.99027 -0.13917 0.00000 -0.47599 0.11400 1 0 1.0
cl_black
0 1.73882 -2.43936 0.43000 -0.99027 -0.13917 0.00000 -0.48787 0.08600 1 0 1.0
0 1.73047 -2.37994 0.57000 -0.99027 -0.13917 0.00000 -0.47599 0.11400 1 0 1.0
0 1.73047 -2.37994 0.43000 -0.99027 -0.13917 0.00000 -0.47599 0.08600 1 0 1.0
cl_black
0 3.55532 -2.46682 0.43000 0.13917 -0.99027 0.00000 0.71106 0.08600 1 0 1.0
0 3.55532 -2.46682 0.57000 0.13917 -0.99027 0.00000 0.71106 0.11400 1 0 1.0
0 2.05506 -2.67767 0.57000 0.13917 -0.99027 0.00000 0.41101 0.11400 1 0 1.0
cl_black
0 3.55532 -2.46682 0.43000 0.13917 -0.99027 0.00000 0.71106 0.08600 1 0 1.0
0 2.05506 -2.67767 0.57000 0.13917 -0.99027 0.00000 0.41101 0.11400 1 0 1.0
0 2.05506 -2.67767 0.43000 0.13917 -0.99027 0.00000 0.41101 0.08600 1 0 1.0
cl_black
0 3.50800 -2.13013 0.85000 0.00000 0.00000 1.00000 0.70160 -0.42603 1 0 1.0
0 2.00774 -2.34098 0.85000 0.00000 0.00000 1.00000 0.40155 -0.46820 1 0 1.0
0 2.01609 -2.40039 0.85000 0.00000 0.00000 1.00000 0.40322 -0.48008 1 0 1.0
cl_black
0 3.50800 -2.13013 0.85000 0.00000 0.00000 1.00000 0.70160 -0.42603 1 0 1.0
0 2.01609 -2.40039 0.85000 0.00000 0.00000 1.00000 0.40322 -0.48008 1 0 1.0
0 3.51635 -2.18954 0.85000 0.00000 0.00000 1.00000 0.70327 -0.43791 1 0 1.0
cl_black
0 1.96877 -2.06370 0.43000 -0.13917 0.99027 0.00000 0.39375 0.08600 1 0 1.0
0 1.96877 -2.06370 0.57000 -0.13917 0.99027 0.00000 0.39375 0.11400 1 0 1.0
0 3.46903 -1.85285 0.57000 -0.13917 0.99027 0.00000 0.69381 0.11400 1 0 1.0
cl_black
0 1.96877 -2.06370 0.43000 -0.13917 0.99027 0.00000 0.39375 0.08600 1 0 1.0
0 3.46903 -1.85285 0.57000 -0.13917 0.99027 0.00000 0.69381 0.11400 1 0 1.0
0 3.46903 -1.85285 0.43000 -0.13917 0.99027 0.00000 0.69381 0.08600 1 0 1.0
cl_black
0 3.78527 -2.09116 0.43000 0.99027 0.13917 0.00000 -0.41823 0.08600 1 0 1.0
0 3.78527 -2.09116 0.57000 0.99027 0.13917 0.00000 -0.41823 0.11400 1 0 1.0
0 3.79362 -2.15058 0.57000 0.99027 0.13917 0.00000 -0.43012 0.11400 1 0 1.0
cl_black
0 3.78527 -2.09116 0.43000 0.99027 0.13917 0.00000 -0.41823 0.08600 1 0 1.0
0 3.79362 -2.15058 0.57000 0.99027 0.13917 0.00000 -0.43012 0.11400 1 0 1.0
0 3.79362 -2.15058 0.43000 0.99027 0.13917 0.00000 -0.43012 0.08600 1 0 1.0
cl_black
0 1.91867 -1.70720 0.15000 -0.22790 -0.40282 -0.88645 0.38373 -0.34144 1 0 1.0
0 1.94623 -1.90327 0.23201 -0.22790 -0.40282 -0.88645 0.38925 -0.38065 1 0 1.0
0 1.78108 -1.88979 0.26834 -0.22790 -0.40282 -0.88645 0.35622 -0.37796 1 0 1.0
cl_black
0 1.91867 -1.70720 0.15000 -0.32440 -0.33011 -0.88645 0.38373 -0.34144 1 0 1.0
0 1.78108 -1.88979 0.26834 -0.32440 -0.33011 -0.88645 0.35622 -0.37796 1 0 1.0
0 1.72261 -1.73476 0.23201 -0.32440 -0.33011 -0.88645 0.34452 -0.34695 1 0 1.0
cl_black
0 1.95764 -1.98448 0.43000 -0.24024 -0.92893 -0.28175 0.39153 0.08600 1 0 1.0
0 1.75016 -1.93082 0.43000 -0.24024 -0.92893 -0.28175 0.35003 0.08600 1 0 1.0
0 1.78108 -1.88979 0.26834 -0.24024 -0.92893 -0.28175 0.35622 0.05367 1 0 1.0
cl_black
0 1.95764 -1.98448 0.43000 -0.15564 -0.91704 -0.36718 0.39153 0.08600 1 0 1.0
0 1.78108 -1.88979 0.26834 -0.15564 -0.91704 -0.36718 0.35622 0.05367 1 0 1.0
0 1.94623 -1.90327 0.23201 -0.15564 -0.91704 -0.36718 0.38925 0.04640 1 0 1.0
cl_black
0 1.64140 -1.74617 0.43000 -0.83861 -0.40238 -0.36718 -0.34923 0.08600 1 0 1.0
0 1.72261 -1.73476 0.23201 -0.83861 -0.40238 -0.36718 -0.34695 0.04640 1 0 1.0
0 1.78108 -1.88979 0.26834 -0.83861 -0.40238 -0.36718 -0.37796 0.05367 1 0 1.0
cl_black
0 1.64140 -1.74617 0.43000 -0.82672 -0.48698 -0.28175 -0.34923 0.08600 1 0 1.0
0 1.78108 -1.88979 0.26834 -0.82672 -0.48698 -0.28175 -0.37796 0.05367 1 0 1.0
0 1.75016 -1.93082 0.43000 -0.82672 -0.48698 -0.28175 -0.38616 0.08600 1 0 1.0
cl_black
0 1.95764 -1.98448 0.57000 -0.15564 -0.91704 0.36718 0.39153 0.11400 1 0 1.0
0 1.94623 -1.90327 0.76799 -0.15564 -0.91704 0.36718 0.38925 0.15360 1 0 1.0
0 1.78108 -1.88979 0.73166 -0.15564 -0.91704 0.36718 0.35622 0.14633 1 0 1.0
cl_black
0 1.95764 -1.98448 0.57000 -0.24024 -0.92893 0.28175 0.39153 0.11400 1 0 1.0
0 1.78108 -1.88979 0.73166 -0.24024 -0.92893 0.28175 0.35622 0.14633 1 0 1.0
0 1.75016 -1.93082 0.57000 -0.24024 -0.92893 0.28175 0.35003 0.11400 1 0 1.0
cl_black
0 1.91867 -1.70720 0.85000 -0.32440 -0.33011 0.88645 0.38373 -0.34144 1 0 1.0
0 1.72261 -1.73476 0.76799 -0.32440 -0.33011 0.88645 0.34452 -0.34695 1 0 1.0
0 1.78108 -1.88979 0.73166 -0.32440 -0.33011 0.88645 0.35622 -0.37796 1 0 1.0
cl_black
0 1.91867 -1.70720 0.85000 -0.22790 -0.40282 0.88645 0.38373 -0.34144 1 0 1.0
0 1.78108 -1.88979 0.73166 -0.22790 -0.40282 0.88645 0.35622 -0.37796 1 0 1.0
0 1.94623 -1.90327 0.76799 -0.22790 -0.40282 0.88645 0.38925 -0.38065 1 0 1.0
cl_black
0 1.64140 -1.74617 0.57000 -0.82672 -0.48698 0.28175 -0.34923 0.11400 1 0 1.0
0 1.75016 -1.93082 0.57000 -0.82672 -0.48698 0.28175 -0.38616 0.11400 1 0 1.0
0 1.78108 -1.88979 0.73166 -0.82672 -0.48698 0.28175 -0.37796 0.14633 1 0 1.0
cl_black
0 1.64140 -1.74617 0.57000 -0.83861 -0.40238 0.36718 -0.34923 0.11400 1 0 1.0
0 1.78108 -1.88979 0.73166 -0.83861 -0.40238 0.36718 -0.37796 0.14633 1 0 1.0
0 1.72261 -1.73476 0.76799 -0.83861 -0.40238 0.36718 -0.34695 0.15360 1 0 1.0
cl_black
0 1.91032 -1.64779 0.15000 -0.40282 0.22790 -0.88645 0.38206 -0.32956 1 0 1.0
0 1.71426 -1.67534 0.23201 -0.40282 0.22790 -0.88645 0.34285 -0.33507 1 0 1.0
0 1.72774 -1.51020 0.26834 -0.40282 0.22790 -0.88645 0.34555 -0.30204 1 0 1.0
cl_black
0 1.91032 -1.64779 0.15000 -0.33011 0.32440 -0.88645 0.38206 -0.32956 1 0 1.0
0 1.72774 -1.51020 0.26834 -0.33011 0.32440 -0.88645 0.34555 -0.30204 1 0 1.0
0 1.88277 -1.45172 0.23201 -0.33011 0.32440 -0.88645 0.37655 -0.29034 1 0 1.0
cl_black
0 1.63305 -1.68676 0.43000 -0.92893 0.24024 -0.28175 -0.33735 0.08600 1 0 1.0
0 1.68670 -1.47928 0.43000 -0.92893 0.24024 -0.28175 -0.29586 0.08600 1 0 1.0
0 1.72774 -1.51020 0.26834 -0.92893 0.24024 -0.28175 -0.30204 0.05367 1 0 1.0
cl_black
0 1.63305 -1.68676 0.43000 -0.91704 0.15563 -0.36718 -0.33735 0.08600 1 0 1.0
0 1.72774 -1.51020 0.26834 -0.91704 0.15563 -0.36718 -0.30204 0.05367 1 0 1.0
0 1.71426 -1.67534 0.23201 -0.91704 0.15563 -0.36718 -0.33507 0.04640 1 0 1.0
cl_black
0 1.87135 -1.37051 0.43000 -0.40238 0.83861 -0.36718 0.37427 0.08600 1 0 1.0
0 1.88277 -1.45172 0.23201 -0.40238 0.83861 -0.36718 0.37655 0.04640 1 0 1.0
0 1.72774 -1.51020 0.26834 -0.40238 0.83861 -0.36718 0.34555 0.05367 1 0 1.0
cl_black
0 1.87135 -1.37051 0.43000 -0.48698 0.82672 -0.28175 0.37427 0.08600 1 0 1.0
0 1.72774 -1.51020 0.26834 -0.48698 0.82672 -0.28175 0.34555 0.05367 1 0 1.0
0 1.68670 -1.47928 0.43000 -0.48698 0.82672 -0.28175 0.33734 0.08600 1 0 1.0
cl_black
0 1.91032 -1.64779 0.85000 -0.33011 0.32440 0.88645 0.38206 -0.32956 1 0 1.0
0 1.88277 -1.45172 0.76799 -0.33011 0.32440 0.88645 0.37655 -0.29034 1 0 1.0
0 1.72774 -1.51020 0.73166 -0.33011 0.32440 0.88645 0.34555 -0.30204 1 0 1.0
cl_black
0 1.91032 -1.64779 0.85000 -0.40282 0.22790 0.88645 0.38206 -0.32956 1 0 1.0
0 1.72774 -1.51020 0.73166 -0.40282 0.22790 0.88645 0.34555 -0.30204 1 0 1.0
0 1.71426 -1.67534 0.76799 -0.40282 0.22790 0.88645 0.34285 -0.33507 1 0 1.0
cl_black
0 1.87135 -1.37051 0.57000 -0.48698 0.82672 0.28175 0.37427 0.11400 1 0 1.0
0 1.68670 -1.47928 0.57000 -0.48698 0.82672 0.28175 0.33734 0.11400 1 0 1.0
0 1.72774 -1.51020 0.73166 -0.48698 0.82672 0.28175 0.34555 0.14633 1 0 1.0
cl_black
0 1.87135 -1.37051 0.57000 -0.40238 0.83861 0.36718 0.37427 0.11400 1 0 1.0
0 1.72774 -1.51020 0.73166 -0.40238 0.83861 0.36718 0.34555 0.14633 1 0 1.0
0 1.88277 -1.45172 0.76799 -0.40238 0.83861 0.36718 0.37655 0.15360 1 0 1.0
cl_black
0 1.63305 -1.68676 0.57000 -0.91704 0.15563 0.36718 -0.33735 0.11400 1 0 1.0
0 1.71426 -1.67534 0.76799 -0.91704 0.15563 0.36718 -0.33507 0.15360 1 0 1.0
0 1.72774 -1.51020 0.73166 -0.91704 0.15563 0.36718 -0.30204 0.14633 1 0 1.0
cl_black
0 1.63305 -1.68676 0.57000 -0.92893 0.24024 0.28175 -0.33735 0.11400 1 0 1.0
0 1.72774 -1.51020 0.73166 -0.92893 0.24024 0.28175 -0.30204 0.14633 1 0 1.0
0 1.68670 -1.47928 0.57000 -0.92893 0.24024 0.28175 -0.29586 0.11400 1 0 1.0
cl_black
0 3.41893 -1.49636 0.15000 0.40282 -0.22790 -0.88645 0.68379 -0.29927 1 0 1.0
0 3.61499 -1.46880 0.23201 0.40282 -0.22790 -0.88645 0.72300 -0.29376 1 0 1.0
0 3.60151 -1.63394 0.26834 0.40282 -0.22790 -0.88645 0.72030 -0.32679 1 0 1.0
cl_black
0 3.41893 -1.49636 0.15000 0.33011 -0.32439 -0.88645 0.68379 -0.29927 1 0 1.0
0 3.60151 -1.63394 0.26834 0.33011 -0.32439 -0.88645 0.72030 -0.32679 1 0 1.0
0 3.44648 -1.69242 0.23201 0.33011 -0.32439 -0.88645 0.68930 -0.33848 1 0 1.0
cl_black
0 3.69620 -1.45739 0.43000 0.92893 -0.24023 -0.28175 -0.29148 0.08600 1 0 1.0
0 3.64255 -1.66486 0.43000 0.92893 -0.24023 -0.28175 -0.33297 0.08600 1 0 1.0
0 3.60151 -1.63394 0.26834 0.92893 -0.24023 -0.28175 -0.32679 0.05367 1 0 1.0
cl_black
0 3.69620 -1.45739 0.43000 0.91704 -0.15564 -0.36718 -0.29148 0.08600 1 0 1.0
0 3.60151 -1.63394 0.26834 0.91704 -0.15564 -0.36718 -0.32679 0.05367 1 0 1.0
0 3.61499 -1.46880 0.23201 0.91704 -0.15564 -0.36718 -0.29376 0.04640 1 0 1.0
cl_black
0 3.45790 -1.77363 0.43000 0.40238 -0.83861 -0.36718 0.69158 0.08600 1 0 1.0
0 3.44648 -1.69242 0.23201 0.40238 -0.83861 -0.36718 0.68930 0.04640 1 0 1.0
0 3.60151 -1.63394 0.26834 0.40238 -0.83861 -0.36718 0.72030 0.05367 1 0 1.0
cl_black
0 3.45790 -1.77363 0.43000 0.48698 -0.82672 -0.28175 0.69158 0.08600 1 0 1.0
0 3.60151 -1.63394 0.26834 0.48698 -0.82672 -0.28175 0.72030 0.05367 1 0 1.0
0 3.64255 -1.66486 0.43000 0.48698 -0.82672 -0.28175 0.72851 0.08600 1 0 1.0
cl_black
0 3.41893 -1.49636 0.85000 0.33011 -0.32440 0.88645 0.68379 -0.29927 1 0 1.0
0 3.44648 -1.69242 0.76799 0.33011 -0.32440 0.88645 0.68930 -0.33848 1 0 1.0
0 3.60151 -1.63394 0.73166 0.33011 -0.32440 0.88645 0.72030 -0.32679 1 0 1.0
cl_black
0 3.41893 -1.49636 0.85000 0.40282 -0.22790 0.88645 0.68379 -0.29927 1 0 1.0
0 3.60151 -1.63394 0.73166 0.40282 -0.22790 0.88645 0.72030 -0.32679 1 0 1.0
0 3.61499 -1.46880 0.76799 0.40282 -0.22790 0.88645 0.72300 -0.29376 1 0 1.0
cl_black
0 3.45790 -1.77363 0.57000 0.48698 -0.82672 0.28175 0.69158 0.11400 1 0 1.0
0 3.64255 -1.66486 0.57000 0.48698 -0.82672 0.28175 0.72851 0.11400 1 0 1.0
0 3.60151 -1.63394 0.73166 0.48698 -0.82672 0.28175 0.72030 0.14633 1 0 1.0
cl_black
0 3.45790 -1.77363 0.57000 0.40238 -0.83861 0.36718 0.69158 0.11400 1 0 1.0
0 3.60151 -1.63394 0.73166 0.40238 -0.83861 0.36718 0.72030 0.14633 1 0 1.0
0 3.44648 -1.69242 0.76799 0.40238 -0.83861 0.36718 0.68930 0.15360 1 0 1.0
cl_black
0 3.69620 -1.45739 0.57000 0.91704 -0.15564 0.36718 -0.29148 0.11400 1 0 1.0
0 3.61499 -1.46880 0.76799 0.91704 -0.15564 0.36718 -0.29376 0.15360 1 0 1.0
0 3.60151 -1.63394 0.73166 0.91704 -0.15564 0.36718 -0.32679 0.14633 1 0 1.0
cl_black
0 3.69620 -1.45739 0.57000 0.92893 -0.24023 0.28175 -0.29148 0.11400 1 0 1.0
0 3.60151 -1.63394 0.73166 0.92893 -0.24023 0.28175 -0.32679 0.14633 1 0 1.0
0 3.64255 -1.66486 0.57000 0.92893 -0.24023 0.28175 -0.33297 0.11400 1 0 1.0
cl_black
0 3.41058 -1.43694 0.15000 0.22790 0.40282 -0.88645 0.68212 -0.28739 1 0 1.0
0 3.38302 -1.24088 0.23201 0.22790 0.40282 -0.88645 0.67660 -0.24818 1 0 1.0
0 3.54816 -1.25436 0.26834 0.22790 0.40282 -0.88645 0.70963 -0.25087 1 0 1.0
cl_black
0 3.41058 -1.43694 0.15000 0.32439 0.33011 -0.88645 0.68212 -0.28739 1 0 1.0
0 3.54816 -1.25436 0.26834 0.32439 0.33011 -0.88645 0.70963 -0.25087 1 0 1.0
0 3.60664 -1.40939 0.23201 0.32439 0.33011 -0.88645 0.72133 -0.28188 1 0 1.0
cl_black
0 3.37161 -1.15967 0.43000 0.24024 0.92893 -0.28175 0.67432 0.08600 1 0 1.0
0 3.57909 -1.21332 0.43000 0.24024 0.92893 -0.28175 0.71582 0.08600 1 0 1.0
0 3.54816 -1.25436 0.26834 0.24024 0.92893 -0.28175 0.70963 0.05367 1 0 1.0
cl_black
0 3.37161 -1.15967 0.43000 0.15564 0.91704 -0.36718 0.67432 0.08600 1 0 1.0
0 3.54816 -1.25436 0.26834 0.15564 0.91704 -0.36718 0.70963 0.05367 1 0 1.0
0 3.38302 -1.24088 0.23201 0.15564 0.91704 -0.36718 0.67660 0.04640 1 0 1.0
cl_black
0 3.68785 -1.39797 0.43000 0.83861 0.40238 -0.36718 -0.27959 0.08600 1 0 1.0
0 3.60664 -1.40939 0.23201 0.83861 0.40238 -0.36718 -0.28188 0.04640 1 0 1.0
0 3.54816 -1.25436 0.26834 0.83861 0.40238 -0.36718 -0.25087 0.05367 1 0 1.0
cl_black
0 3.68785 -1.39797 0.43000 0.82672 0.48698 -0.28175 -0.27959 0.08600 1 0 1.0
0 3.54816 -1.25436 0.26834 0.82672 0.48698 -0.28175 -0.25087 0.05367 1 0 1.0
0 3.57909 -1.21332 0.43000 0.82672 0.48698 -0.28175 -0.24266 0.08600 1 0 1.0
cl_black
0 3.41058 -1.43694 0.85000 0.32439 0.33011 0.88645 0.68212 -0.28739 1 0 1.0
0 3.60664 -1.40939 0.76799 0.32439 0.33011 0.88645 0.72133 -0.28188 1 0 1.0
0 3.54816 -1.25436 0.73166 0.32439 0.33011 0.88645 0.70963 -0.25087 1 0 1.0
cl_black
0 3.41058 -1.43694 0.85000 0.22790 0.40282 0.88645 0.68212 -0.28739 1 0 1.0
0 3.54816 -1.25436 0.73166 0.22790 0.40282 0.88645 0.70963 -0.25087 1 0 1.0
0 3.38302 -1.24088 0.76799 0.22790 0.40282 0.88645 0.67660 -0.24818 1 0 1.0
cl_black
0 3.68785 -1.39797 0.57000 0.82672 0.48698 0.28175 -0.27959 0.11400 1 0 1.0
0 3.57909 -1.21332 0.57000 0.82672 0.48698 0.28175 -0.24266 0.11400 1 0 1.0
0 3.54816 -1.25436 0.73166 0.82672 0.48698 0.28175 -0.25087 0.14633 1 0 1.0
cl_black
0 3.68785 -1.39797 0.57000 0.83861 0.40238 0.36718 -0.27959 0.11400 1 0 1.0
0 3.54816 -1.25436 0.73166 0.83861 0.40238 0.36718 -0.25087 0.14633 1 0 1.0
0 3.60664 -1.40939 0.76799 0.83861 0.40238 0.36718 -0.28188 0.15360 1 0 1.0
cl_black
0 3.37161 -1.15967 0.57000 0.15563 0.91704 0.36718 0.67432 0.11400 1 0 1.0
0 3.38302 -1.24088 0.76799 0.15563 0.91704 0.36718 0.67660 0.15360 1 0 1.0
0 3.54816 -1.25436 0.73166 0.15563 0.91704 0.36718 0.70963 0.14633 1 0 1.0
cl_black
0 3.37161 -1.15967 0.57000 0.24024 0.92893 0.28175 0.67432 0.11400 1 0 1.0
0 3.54816 -1.25436 0.73166 0.24024 0.92893 0.28175 0.70963 0.14633 1 0 1.0
0 3.57909 -1.21332 0.57000 0.24024 0.92893 0.28175 0.71582 0.11400 1 0 1.0
cl_black
0 1.91032 -1.64779 0.15000 -0.37896 -0.05326 -0.92388 0.38206 -0.32956 1 0 1.0
0 1.91867 -1.70720 0.15000 -0.37896 -0.05326 -0.92388 0.38373 -0.34144 1 0 1.0
0 1.72261 -1.73476 0.23201 -0.37896 -0.05326 -0.92388 0.34452 -0.34695 1 0 1.0
cl_black
0 1.91032 -1.64779 0.15000 -0.37896 -0.05326 -0.92388 0.38206 -0.32956 1 0 1.0
0 1.72261 -1.73476 0.23201 -0.37896 -0.05326 -0.92388 0.34452 -0.34695 1 0 1.0
0 1.71426 -1.67534 0.23201 -0.37896 -0.05326 -0.92388 0.34285 -0.33507 1 0 1.0
cl_black
0 1.71426 -1.67534 0.23201 -0.91489 -0.12858 -0.38268 -0.33507 0.04640 1 0 1.0
0 1.72261 -1.73476 0.23201 -0.91489 -0.12858 -0.38268 -0.34695 0.04640 1 0 1.0
0 1.64140 -1.74617 0.43000 -0.91489 -0.12858 -0.38268 -0.34923 0.08600 1 0 1.0
cl_black
0 1.71426 -1.67534 0.23201 -0.91489 -0.12858 -0.38268 -0.33507 0.04640 1 0 1.0
0 1.64140 -1.74617 0.43000 -0.91489 -0.12858 -0.38268 -0.34923 0.08600 1 0 1.0
0 1.63305 -1.68676 0.43000 -0.91489 -0.12858 -0.38268 -0.33735 0.08600 1 0 1.0
cl_black
0 1.95764 -1.98448 0.43000 -0.25038 -0.96815 0.00000 0.39153 0.08600 1 0 1.0
0 1.95764 -1.98448 0.57000 -0.25038 -0.96815 0.00000 0.39153 0.11400 1 0 1.0
0 1.75016 -1.93082 0.57000 -0.25038 -0.96815 0.00000 0.35003 0.11400 1 0 1.0
cl_black
0 1.95764 -1.98448 0.43000 -0.25038 -0.96815 0.00000 0.39153 0.08600 1 0 1.0
0 1.75016 -1.93082 0.57000 -0.25038 -0.96815 0.00000 0.35003 0.11400 1 0 1.0
0 1.75016 -1.93082 0.43000 -0.25038 -0.96815 0.00000 0.35003 0.08600 1 0 1.0
cl_black
0 1.75016 -1.93082 0.43000 -0.86163 -0.50754 0.00000 -0.38616 0.08600 1 0 1.0
0 1.75016 -1.93082 0.57000 -0.86163 -0.50754 0.00000 -0.38616 0.11400 1 0 1.0
0 1.64140 -1.74617 0.57000 -0.86163 -0.50754 0.00000 -0.34923 0.11400 1 0 1.0
cl_black
0 1.75016 -1.93082 0.43000 -0.86163 -0.50754 0.00000 -0.38616 0.08600 1 0 1.0
0 1.64140 -1.74617 0.57000 -0.86163 -0.50754 0.00000 -0.34923 0.11400 1 0 1.0
0 1.64140 -1.74617 0.43000 -0.86163 -0.50754 0.00000 -0.34923 0.08600 1 0 1.0
cl_black
0 1.91867 -1.70720 0.85000 -0.37896 -0.05326 0.92388 0.38373 -0.34144 1 0 1.0
0 1.91032 -1.64779 0.85000 -0.37896 -0.05326 0.92388 0.38206 -0.32956 1 0 1.0
0 1.71426 -1.67534 0.76799 -0.37896 -0.05326 0.92388 0.34285 -0.33507 1 0 1.0
cl_black
0 1.91867 -1.70720 0.85000 -0.37896 -0.05326 0.92388 0.38373 -0.34144 1 0 1.0
0 1.71426 -1.67534 0.76799 -0.37896 -0.05326 0.92388 0.34285 -0.33507 1 0 1.0
0 1.72261 -1.73476 0.76799 -0.37896 -0.05326 0.92388 0.34452 -0.34695 1 0 1.0
cl_black
0 1.72261 -1.73476 0.76799 -0.91489 -0.12858 0.38268 -0.34695 0.15360 1 0 1.0
0 1.71426 -1.67534 0.76799 -0.91489 -0.12858 0.38268 -0.33507 0.15360 1 0 1.0
0 1.63305 -1.68676 0.57000 -0.91489 -0.12858 0.38268 -0.33735 0.11400 1 0 1.0
cl_black
0 1.72261 -1.73476 0.76799 -0.91489 -0.12858 0.38268 -0.34695 0.15360 1 0 1.0
0 1.63305 -1.68676 0.57000 -0.91489 -0.12858 0.38268 -0.33735 0.11400 1 0 1.0
0 1.64140 -1.74617 0.57000 -0.91489 -0.12858 0.38268 -0.34923 0.11400 1 0 1.0
cl_black
0 1.87135 -1.37051 0.57000 -0.50754 0.86163 0.00000 0.37427 0.11400 1 0 1.0
0 1.87135 -1.37051 0.43000 -0.50754 0.86163 0.00000 0.37427 0.08600 1 0 1.0
0 1.68670 -1.47928 0.43000 -0.50754 0.86163 0.00000 0.33734 0.08600 1 0 1.0
cl_black
0 1.87135 -1.37051 0.57000 -0.50754 0.86163 -0.00000 0.37427 0.11400 1 0 1.0
0 1.68670 -1.47928 0.43000 -0.50754 0.86163 -0.00000 0.33734 0.08600 1 0 1.0
0 1.68670 -1.47928 0.57000 -0.50754 0.86163 -0.00000 0.33734 0.11400 1 0 1.0
cl_black
0 1.68670 -1.47928 0.57000 -0.96815 0.25038 -0.00000 -0.29586 0.11400 1 0 1.0
0 1.68670 -1.47928 0.43000 -0.96815 0.25038 -0.00000 -0.29586 0.08600 1 0 1.0
0 1.63305 -1.68676 0.43000 -0.96815 0.25038 -0.00000 -0.33735 0.08600 1 0 1.0
cl_black
0 1.68670 -1.47928 0.57000 -0.96815 0.25038 0.00000 -0.29586 0.11400 1 0 1.0
0 1.63305 -1.68676 0.43000 -0.96815 0.25038 0.00000 -0.33735 0.08600 1 0 1.0
0 1.63305 -1.68676 0.57000 -0.96815 0.25038 0.00000 -0.33735 0.11400 1 0 1.0
cl_black
0 3.41058 -1.43694 0.15000 -0.05326 0.37896 -0.92388 0.68212 -0.28739 1 0 1.0
0 1.91032 -1.64779 0.15000 -0.05326 0.37896 -0.92388 0.38206 -0.32956 1 0 1.0
0 1.88277 -1.45172 0.23201 -0.05326 0.37896 -0.92388 0.37655 -0.29034 1 0 1.0
cl_black
0 3.41058 -1.43694 0.15000 -0.05326 0.37896 -0.92388 0.68212 -0.28739 1 0 1.0
0 1.88277 -1.45172 0.23201 -0.05326 0.37896 -0.92388 0.37655 -0.29034 1 0 1.0
0 3.38302 -1.24088 0.23201 -0.05326 0.37896 -0.92388 0.67660 -0.24818 1 0 1.0
cl_black
0 3.38302 -1.24088 0.23201 -0.12858 0.91489 -0.38268 0.67660 0.04640 1 0 1.0
0 1.88277 -1.45172 0.23201 -0.12858 0.91489 -0.38268 0.37655 0.04640 1 0 1.0
0 1.87135 -1.37051 0.43000 -0.12858 0.91489 -0.38268 0.37427 0.08600 1 0 1.0
cl_black
0 3.38302 -1.24088 0.23201 -0.12858 0.91489 -0.38268 0.67660 0.04640 1 0 1.0
0 1.87135 -1.37051 0.43000 -0.12858 0.91489 -0.38268 0.37427 0.08600 1 0 1.0
0 3.37161 -1.15967 0.43000 -0.12858 0.91489 -0.38268 0.67432 0.08600 1 0 1.0
cl_black
0 1.91032 -1.64779 0.85000 -0.05326 0.37896 0.92388 0.38206 -0.32956 1 0 1.0
0 3.41058 -1.43694 0.85000 -0.05326 0.37896 0.92388 0.68212 -0.28739 1 0 1.0
0 3.38302 -1.24088 0.76799 -0.05326 0.37896 0.92388 0.67660 -0.24818 1 0 1.0
cl_black
0 1.91032 -1.64779 0.85000 -0.05326 0.37896 0.92388 0.38206 -0.32956 1 0 1.0
0 3.38302 -1.24088 0.76799 -0.05326 0.37896 0.92388 0.67660 -0.24818 1 0 1.0
0 1.88277 -1.45172 0.76799 -0.05326 0.37896 0.92388 0.37655 -0.29034 1 0 1.0
cl_black
0 1.88277 -1.45172 0.76799 -0.12858 0.91489 0.38268 0.37655 0.15360 1 0 1.0
0 3.38302 -1.24088 0.76799 -0.12858 0.91489 0.38268 0.67660 0.15360 1 0 1.0
0 3.37161 -1.15967 0.57000 -0.12858 0.91489 0.38268 0.67432 0.11400 1 0 1.0
cl_black
0 1.88277 -1.45172 0.76799 -0.12858 0.91489 0.38268 0.37655 0.15360 1 0 1.0
0 3.37161 -1.15967 0.57000 -0.12858 0.91489 0.38268 0.67432 0.11400 1 0 1.0
0 1.87135 -1.37051 0.57000 -0.12858 0.91489 0.38268 0.37427 0.11400 1 0 1.0
cl_black
0 3.68785 -1.39797 0.57000 0.86163 0.50754 0.00000 -0.27959 0.11400 1 0 1.0
0 3.68785 -1.39797 0.43000 0.86163 0.50754 0.00000 -0.27959 0.08600 1 0 1.0
0 3.57909 -1.21332 0.43000 0.86163 0.50754 0.00000 -0.24266 0.08600 1 0 1.0
cl_black
0 3.68785 -1.39797 0.57000 0.86163 0.50754 0.00000 -0.27959 0.11400 1 0 1.0
0 3.57909 -1.21332 0.43000 0.86163 0.50754 0.00000 -0.24266 0.08600 1 0 1.0
0 3.57909 -1.21332 0.57000 0.86163 0.50754 0.00000 -0.24266 0.11400 1 0 1.0
cl_black
0 3.57909 -1.21332 0.57000 0.25038 0.96815 0.00000 0.71582 0.11400 1 0 1.0
0 3.57909 -1.21332 0.43000 0.25038 0.96815 0.00000 0.71582 0.08600 1 0 1.0
0 3.37161 -1.15967 0.43000 0.25038 0.96815 0.00000 0.67432 0.08600 1 0 1.0
cl_black
0 3.57909 -1.21332 0.57000 0.25038 0.96815 0.00000 0.71582 0.11400 1 0 1.0
0 3.37161 -1.15967 0.43000 0.25038 0.96815 0.00000 0.67432 0.08600 1 0 1.0
0 3.37161 -1.15967 0.57000 0.25038 0.96815 0.00000 0.67432 0.11400 1 0 1.0
cl_black
0 3.41893 -1.49636 0.15000 0.37896 0.05326 -0.92388 0.68379 -0.29927 1 0 1.0
0 3.41058 -1.43694 0.15000 0.37896 0.05326 -0.92388 0.68212 -0.28739 1 0 1.0
0 3.60664 -1.40939 0.23201 0.37896 0.05326 -0.92388 0.72133 -0.28188 1 0 1.0
cl_black
0 3.41893 -1.49636 0.15000 0.37896 0.05326 -0.92388 0.68379 -0.29927 1 0 1.0
0 3.60664 -1.40939 0.23201 0.37896 0.05326 -0.92388 0.72133 -0.28188 1 0 1.0
0 3.61499 -1.46880 0.23201 0.37896 0.05326 -0.92388 0.72300 -0.29376 1 0 1.0
cl_black
0 3.61499 -1.46880 0.23201 0.91489 0.12858 -0.38268 -0.29376 0.04640 1 0 1.0
0 3.60664 -1.40939 0.23201 0.91489 0.12858 -0.38268 -0.28188 0.04640 1 0 1.0
0 3.68785 -1.39797 0.43000 0.91489 0.12858 -0.38268 -0.27959 0.08600 1 0 1.0
cl_black
0 3.61499 -1.46880 0.23201 0.91489 0.12858 -0.38268 -0.29376 0.04640 1 0 1.0
0 3.68785 -1.39797 0.43000 0.91489 0.12858 -0.38268 -0.27959 0.08600 1 0 1.0
0 3.69620 -1.45739 0.43000 0.91489 0.12858 -0.38268 -0.29148 0.08600 1 0 1.0
cl_black
0 3.41058 -1.43694 0.85000 0.37896 0.05326 0.92388 0.68212 -0.28739 1 0 1.0
0 3.41893 -1.49636 0.85000 0.37896 0.05326 0.92388 0.68379 -0.29927 1 0 1.0
0 3.61499 -1.46880 0.76799 0.37896 0.05326 0.92388 0.72300 -0.29376 1 0 1.0
cl_black
0 3.41058 -1.43694 0.85000 0.37896 0.05326 0.92388 0.68212 -0.28739 1 0 1.0
0 3.61499 -1.46880 0.76799 0.37896 0.05326 0.92388 0.72300 -0.29376 1 0 1.0
0 3.60664 -1.40939 0.76799 0.37896 0.05326 0.92388 0.72133 -0.28188 1 0 1.0
cl_black
0 3.60664 -1.40939 0.76799 0.91489 0.12858 0.38268 -0.28188 0.15360 1 0 1.0
0 3.61499 -1.46880 0.76799 0.91489 0.12858 0.38268 -0.29376 0.15360 1 0 1.0
0 3.69620 -1.45739 0.57000 0.91489 0.12858 0.38268 -0.29148 0.11400 1 0 1.0
cl_black
0 3.60664 -1.40939 0.76799 0.91489 0.12858 0.38268 -0.28188 0.15360 1 0 1.0
0 3.69620 -1.45739 0.57000 0.91489 0.12858 0.38268 -0.29148 0.11400 1 0 1.0
0 3.68785 -1.39797 0.57000 0.91489 0.12858 0.38268 -0.27959 0.11400 1 0 1.0
cl_black
0 3.45790 -1.77363 0.57000 0.50754 -0.86163 0.00000 0.69158 0.11400 1 0 1.0
0 3.45790 -1.77363 0.43000 0.50754 -0.86163 0.00000 0.69158 0.08600 1 0 1.0
0 3.64255 -1.66486 0.43000 0.50754 -0.86163 0.00000 0.72851 0.08600 1 0 1.0
cl_black
0 3.45790 -1.77363 0.57000 0.50754 -0.86163 0.00000 0.69158 0.11400 1 0 1.0
0 3.64255 -1.66486 0.43000 0.50754 -0.86163 0.00000 0.72851 0.08600 1 0 1.0
0 3.64255 -1.66486 0.57000 0.50754 -0.86163 0.00000 0.72851 0.11400 1 0 1.0
cl_black
0 3.64255 -1.66486 0.57000 0.96815 -0.25038 0.00000 -0.33297 0.11400 1 0 1.0
0 3.64255 -1.66486 0.43000 0.96815 -0.25038 0.00000 -0.33297 0.08600 1 0 1.0
0 3.69620 -1.45739 0.43000 0.96815 -0.25038 0.00000 -0.29148 0.08600 1 0 1.0
cl_black
0 3.64255 -1.66486 0.57000 0.96815 -0.25038 0.00000 -0.33297 0.11400 1 0 1.0
0 3.69620 -1.45739 0.43000 0.96815 -0.25038 0.00000 -0.29148 0.08600 1 0 1.0
0 3.69620 -1.45739 0.57000 0.96815 -0.25038 0.00000 -0.29148 0.11400 1 0 1.0
cl_black
0 1.91867 -1.70720 0.15000 0.05326 -0.37896 -0.92388 0.38373 -0.34144 1 0 1.0
0 3.41893 -1.49636 0.15000 0.05326 -0.37896 -0.92388 0.68379 -0.29927 1 0 1.0
0 3.44648 -1.69242 0.23201 0.05326 -0.37896 -0.92388 0.68930 -0.33848 1 0 1.0
cl_black
0 1.91867 -1.70720 0.15000 0.05326 -0.37896 -0.92388 0.38373 -0.34144 1 0 1.0
0 3.44648 -1.69242 0.23201 0.05326 -0.37896 -0.92388 0.68930 -0.33848 1 0 1.0
0 1.94623 -1.90327 0.23201 0.05326 -0.37896 -0.92388 0.38925 -0.38065 1 0 1.0
cl_black
0 1.94623 -1.90327 0.23201 0.12858 -0.91489 -0.38268 0.38925 0.04640 1 0 1.0
0 3.44648 -1.69242 0.23201 0.12858 -0.91489 -0.38268 0.68930 0.04640 1 0 1.0
0 3.45790 -1.77363 0.43000 0.12858 -0.91489 -0.38268 0.69158 0.08600 1 0 1.0
cl_black
0 1.94623 -1.90327 0.23201 0.12858 -0.91489 -0.38268 0.38925 0.04640 1 0 1.0
0 3.45790 -1.77363 0.43000 0.12858 -0.91489 -0.38268 0.69158 0.08600 1 0 1.0
0 1.95764 -1.98448 0.43000 0.12858 -0.91489 -0.38268 0.39153 0.08600 1 0 1.0
cl_black
0 3.41893 -1.49636 0.85000 0.05326 -0.37896 0.92388 0.68379 -0.29927 1 0 1.0
0 1.91867 -1.70720 0.85000 0.05326 -0.37896 0.92388 0.38373 -0.34144 1 0 1.0
0 1.94623 -1.90327 0.76799 0.05326 -0.37896 0.92388 0.38925 -0.38065 1 0 1.0
cl_black
0 3.41893 -1.49636 0.85000 0.05326 -0.37896 0.92388 0.68379 -0.29927 1 0 1.0
0 1.94623 -1.90327 0.76799 0.05326 -0.37896 0.92388 0.38925 -0.38065 1 0 1.0
0 3.44648 -1.69242 0.76799 0.05326 -0.37896 0.92388 0.68930 -0.33848 1 0 1.0
cl_black
0 3.44648 -1.69242 0.76799 0.12858 -0.91489 0.38268 0.68930 0.15360 1 0 1.0
0 1.94623 -1.90327 0.76799 0.12858 -0.91489 0.38268 0.38925 0.15360 1 0 1.0
0 1.95764 -1.98448 0.57000 0.12858 -0.91489 0.38268 0.39153 0.11400 1 0 1.0
cl_black
0 3.44648 -1.69242 0.76799 0.12858 -0.91489 0.38268 0.68930 0.15360 1 0 1.0
0 1.95764 -1.98448 0.57000 0.12858 -0.91489 0.38268 0.39153 0.11400 1 0 1.0
0 3.45790 -1.77363 0.57000 0.12858 -0.91489 0.38268 0.69158 0.11400 1 0 1.0
cl_black
0 1.91032 -1.64779 0.15000 0.00000 0.00000 -1.00000 0.38206 -0.32956 1 0 1.0
0 3.41058 -1.43694 0.15000 0.00000 0.00000 -1.00000 0.68212 -0.28739 1 0 1.0
0 3.41893 -1.49636 0.15000 0.00000 0.00000 -1.00000 0.68379 -0.29927 1 0 1.0
cl_black
0 1.91032 -1.64779 0.15000 0.00000 0.00000 -1.00000 0.38206 -0.32956 1 0 1.0
0 3.41893 -1.49636 0.15000 0.00000 0.00000 -1.00000 0.68379 -0.29927 1 0 1.0
0 1.91867 -1.70720 0.15000 0.00000 0.00000 -1.00000 0.38373 -0.34144 1 0 1.0
cl_black
0 1.64140 -1.74617 0.43000 -0.99027 -0.13917 0.00000 -0.34923 0.08600 1 0 1.0
0 1.64140 -1.74617 0.57000 -0.99027 -0.13917 0.00000 -0.34923 0.11400 1 0 1.0
0 1.63305 -1.68676 0.57000 -0.99027 -0.13917 0.00000 -0.33735 0.11400 1 0 1.0
cl_black
0 1.64140 -1.74617 0.43000 -0.99027 -0.13917 0.00000 -0.34923 0.08600 1 0 1.0
0 1.63305 -1.68676 0.57000 -0.99027 -0.13917 0.00000 -0.33735 0.11400 1 0 1.0
0 1.63305 -1.68676 0.43000 -0.99027 -0.13917 0.00000 -0.33735 0.08600 1 0 1.0
cl_black
0 3.45790 -1.77363 0.43000 0.13917 -0.99027 0.00000 0.69158 0.08600 1 0 1.0
0 3.45790 -1.77363 0.57000 0.13917 -0.99027 0.00000 0.69158 0.11400 1 0 1.0
0 1.95764 -1.98448 0.57000 0.13917 -0.99027 0.00000 0.39153 0.11400 1 0 1.0
cl_black
0 3.45790 -1.77363 0.43000 0.13917 -0.99027 0.00000 0.69158 0.08600 1 0 1.0
0 1.95764 -1.98448 0.57000 0.13917 -0.99027 0.00000 0.39153 0.11400 1 0 1.0
0 1.95764 -1.98448 0.43000 0.13917 -0.99027 0.00000 0.39153 0.08600 1 0 1.0
cl_black
0 3.41058 -1.43694 0.85000 0.00000 0.00000 1.00000 0.68212 -0.28739 1 0 1.0
0 1.91032 -1.64779 0.85000 0.00000 0.00000 1.00000 0.38206 -0.32956 1 0 1.0
0 1.91867 -1.70720 0.85000 0.00000 0.00000 1.00000 0.38373 -0.34144 1 0 1.0
cl_black
0 3.41058 -1.43694 0.85000 0.00000 0.00000 1.00000 0.68212 -0.28739 1 0 1.0
0 1.91867 -1.70720 0.85000 0.00000 0.00000 1.00000 0.38373 -0.34144 1 0 1.0
0 3.41893 -1.49636 0.85000 0.00000 0.00000 1.00000 0.68379 -0.29927 1 0 1.0
cl_black
0 1.87135 -1.37051 0.43000 -0.13917 0.99027 0.00000 0.37427 0.08600 1 0 1.0
0 1.87135 -1.37051 0.57000 -0.13917 0.99027 0.00000 0.37427 0.11400 1 0 1.0
0 3.37161 -1.15967 0.57000 -0.13917 0.99027 0.00000 0.67432 0.11400 1 0 1.0
cl_black
0 1.87135 -1.37051 0.43000 -0.13917 0.99027 0.00000 0.37427 0.08600 1 0 1.0
0 3.37161 -1.15967 0.57000 -0.13917 0.99027 0.00000 0.67432 0.11400 1 0 1.0
0 3.37161 -1.15967 0.43000 -0.13917 0.99027 0.00000 0.67432 0.08600 1 0 1.0
cl_black
0 3.68785 -1.39797 0.43000 0.99027 0.13917 0.00000 -0.27959 0.08600 1 0 1.0
0 3.68785 -1.39797 0.57000 0.99027 0.13917 0.00000 -0.27959 0.11400 1 0 1.0
0 3.69620 -1.45739 0.57000 0.99027 0.13917 0.00000 -0.29148 0.11400 1 0 1.0
cl_black
0 3.68785 -1.39797 0.43000 0.99027 0.13917 0.00000 -0.27959 0.08600 1 0 1.0
0 3.69620 -1.45739 0.57000 0.99027 0.13917 0.00000 -0.29148 0.11400 1 0 1.0
0 3.69620 -1.45739 0.43000 0.99027 0.13917 0.00000 -0.29148 0.08600 1 0 1.0
cl_black
0 1.82620 -1.01332 0.15000 -0.22790 -0.40282 -0.88645 0.36524 -0.20266 1 0 1.0
0 1.85376 -1.20938 0.23201 -0.22790 -0.40282 -0.88645 0.37075 -0.24188 1 0 1.0
0 1.68861 -1.19590 0.26834 -0.22790 -0.40282 -0.88645 0.33772 -0.23918 1 0 1.0
cl_black
0 1.82620 -1.01332 0.15000 -0.32440 -0.33011 -0.88645 0.36524 -0.20266 1 0 1.0
0 1.68861 -1.19590 0.26834 -0.32440 -0.33011 -0.88645 0.33772 -0.23918 1 0 1.0
0 1.63014 -1.04087 0.23201 -0.32440 -0.33011 -0.88645 0.32603 -0.20817 1 0 1.0
cl_black
0 1.86517 -1.29060 0.43000 -0.24024 -0.92893 -0.28175 0.37303 0.08600 1 0 1.0
0 1.65769 -1.23694 0.43000 -0.24024 -0.92893 -0.28175 0.33154 0.08600 1 0 1.0
0 1.68861 -1.19590 0.26834 -0.24024 -0.92893 -0.28175 0.33772 0.05367 1 0 1.0
cl_black
0 1.86517 -1.29060 0.43000 -0.15564 -0.91704 -0.36718 0.37303 0.08600 1 0 1.0
0 1.68861 -1.19590 0.26834 -0.15564 -0.91704 -0.36718 0.33772 0.05367 1 0 1.0
0 1.85376 -1.20938 0.23201 -0.15564 -0.91704 -0.36718 0.37075 0.04640 1 0 1.0
cl_black
0 1.54893 -1.05229 0.43000 -0.83861 -0.40238 -0.36718 -0.21046 0.08600 1 0 1.0
0 1.63014 -1.04087 0.23201 -0.83861 -0.40238 -0.36718 -0.20817 0.04640 1 0 1.0
0 1.68861 -1.19590 0.26834 -0.83861 -0.40238 -0.36718 -0.23918 0.05367 1 0 1.0
cl_black
0 1.54893 -1.05229 0.43000 -0.82672 -0.48698 -0.28175 -0.21046 0.08600 1 0 1.0
0 1.68861 -1.19590 0.26834 -0.82672 -0.48698 -0.28175 -0.23918 0.05367 1 0 1.0
0 1.65769 -1.23694 0.43000 -0.82672 -0.48698 -0.28175 -0.24739 0.08600 1 0 1.0
cl_black
0 1.86517 -1.29060 0.57000 -0.15564 -0.91704 0.36718 0.37303 0.11400 1 0 1.0
0 1.85376 -1.20938 0.76799 -0.15564 -0.91704 0.36718 0.37075 0.15360 1 0 1.0
0 1.68861 -1.19590 0.73166 -0.15564 -0.91704 0.36718 0.33772 0.14633 1 0 1.0
cl_black
0 1.86517 -1.29060 0.57000 -0.24024 -0.92893 0.28175 0.37303 0.11400 1 0 1.0
0 1.68861 -1.19590 0.73166 -0.24024 -0.92893 0.28175 0.33772 0.14633 1 0 1.0
0 1.65769 -1.23694 0.57000 -0.24024 -0.92893 0.28175 0.33154 0.11400 1 0 1.0
cl_black
0 1.82620 -1.01332 0.85000 -0.32440 -0.33011 0.88645 0.36524 -0.20266 1 0 1.0
0 1.63014 -1.04087 0.76799 -0.32440 -0.33011 0.88645 0.32603 -0.20817 1 0 1.0
0 1.68861 -1.19590 0.73166 -0.32440 -0.33011 0.88645 0.33772 -0.23918 1 0 1.0
cl_black
0 1.82620 -1.01332 0.85000 -0.22790 -0.40282 0.88645 0.36524 -0.20266 1 0 1.0
0 1.68861 -1.19590 0.73166 -0.22790 -0.40282 0.88645 0.33772 -0.23918 1 0 1.0
0 1.85376 -1.20938 0.76799 -0.22790 -0.40282 0.88645 0.37075 -0.24188 1 0 1.0
cl_black
0 1.54893 -1.05229 0.57000 -0.82672 -0.48698 0.28175 -0.21046 0.11400 1 0 1.0
0 1.65769 -1.23694 0.57000 -0.82672 -0.48698 0.28175 -0.24739 0.11400 1 0 1.0
0 1.68861 -1.19590 0.73166 -0.82672 -0.48698 0.28175 -0.23918 0.14633 1 0 1.0
cl_black
0 1.54893 -1.05229 0.57000 -0.83861 -0.40238 0.36718 -0.21046 0.11400 1 0 1.0
0 1.68861 -1.19590 0.73166 -0.83861 -0.40238 0.36718 -0.23918 0.14633 1 0 1.0
0 1.63014 -1.04087 0.76799 -0.83861 -0.40238 0.36718 -0.20817 0.15360 1 0 1.0
cl_black
0 1.81785 -0.95390 0.15000 -0.40282 0.22790 -0.88645 0.36357 -0.19078 1 0 1.0
0 1.62179 -0.98146 0.23201 -0.40282 0.22790 -0.88645 0.32436 -0.19629 1 0 1.0
0 1.63527 -0.81632 0.26834 -0.40282 0.22790 -0.88645 0.32705 -0.16326 1 0 1.0
cl_black
0 1.81785 -0.95390 0.15000 -0.33011 0.32439 -0.88645 0.36357 -0.19078 1 0 1.0
0 1.63527 -0.81632 0.26834 -0.33011 0.32439 -0.88645 0.32705 -0.16326 1 0 1.0
0 1.79030 -0.75784 0.23201 -0.33011 0.32439 -0.88645 0.35806 -0.15157 1 0 1.0
cl_black
0 1.54058 -0.99287 0.43000 -0.92893 0.24024 -0.28175 -0.19857 0.08600 1 0 1.0
0 1.59423 -0.78540 0.43000 -0.92893 0.24024 -0.28175 -0.15708 0.08600 1 0 1.0
0 1.63527 -0.81632 0.26834 -0.92893 0.24024 -0.28175 -0.16326 0.05367 1 0 1.0
cl_black
0 1.54058 -0.99287 0.43000 -0.91704 0.15564 -0.36718 -0.19857 0.08600 1 0 1.0
0 1.63527 -0.81632 0.26834 -0.91704 0.15564 -0.36718 -0.16326 0.05367 1 0 1.0
0 1.62179 -0.98146 0.23201 -0.91704 0.15564 -0.36718 -0.19629 0.04640 1 0 1.0
cl_black
0 1.77888 -0.67663 0.43000 -0.40238 0.83861 -0.36718 0.35578 0.08600 1 0 1.0
0 1.79030 -0.75784 0.23201 -0.40238 0.83861 -0.36718 0.35806 0.04640 1 0 1.0
0 1.63527 -0.81632 0.26834 -0.40238 0.83861 -0.36718 0.32705 0.05367 1 0 1.0
cl_black
0 1.77888 -0.67663 0.43000 -0.48698 0.82672 -0.28175 0.35578 0.08600 1 0 1.0
0 1.63527 -0.81632 0.26834 -0.48698 0.82672 -0.28175 0.32705 0.05367 1 0 1.0
0 1.59423 -0.78540 0.43000 -0.48698 0.82672 -0.28175 0.31885 0.08600 1 0 1.0
cl_black
0 1.81785 -0.95390 0.85000 -0.33011 0.32440 0.88645 0.36357 -0.19078 1 0 1.0
0 1.79030 -0.75784 0.76799 -0.33011 0.32440 0.88645 0.35806 -0.15157 1 0 1.0
0 1.63527 -0.81632 0.73166 -0.33011 0.32440 0.88645 0.32705 -0.16326 1 0 1.0
cl_black
0 1.81785 -0.95390 0.85000 -0.40282 0.22790 0.88645 0.36357 -0.19078 1 0 1.0
0 1.63527 -0.81632 0.73166 -0.40282 0.22790 0.88645 0.32705 -0.16326 1 0 1.0
0 1.62179 -0.98146 0.76799 -0.40282 0.22790 0.88645 0.32436 -0.19629 1 0 1.0
cl_black
0 1.77888 -0.67663 0.57000 -0.48698 0.82672 0.28175 0.35578 0.11400 1 0 1.0
0 1.59423 -0.78540 0.57000 -0.48698 0.82672 0.28175 0.31885 0.11400 1 0 1.0
0 1.63527 -0.81632 0.73166 -0.48698 0.82672 0.28175 0.32705 0.14633 1 0 1.0
cl_black
0 1.77888 -0.67663 0.57000 -0.40238 0.83861 0.36718 0.35578 0.11400 1 0 1.0
0 1.63527 -0.81632 0.73166 -0.40238 0.83861 0.36718 0.32705 0.14633 1 0 1.0
0 1.79030 -0.75784 0.76799 -0.40238 0.83861 0.36718 0.35806 0.15360 1 0 1.0
cl_black
0 1.54058 -0.99287 0.57000 -0.91704 0.15564 0.36718 -0.19857 0.11400 1 0 1.0
0 1.62179 -0.98146 0.76799 -0.91704 0.15564 0.36718 -0.19629 0.15360 1 0 1.0
0 1.63527 -0.81632 0.73166 -0.91704 0.15564 0.36718 -0.16326 0.14633 1 0 1.0
cl_black
0 1.54058 -0.99287 0.57000 -0.92893 0.24024 0.28175 -0.19857 0.11400 1 0 1.0
0 1.63527 -0.81632 0.73166 -0.92893 0.24024 0.28175 -0.16326 0.14633 1 0 1.0
0 1.59423 -0.78540 0.57000 -0.92893 0.24024 0.28175 -0.15708 0.11400 1 0 1.0
cl_black
0 3.07889 -0.83727 0.15000 0.40282 -0.22790 -0.88645 0.61578 -0.16745 1 0 1.0
0 3.27495 -0.80971 0.23201 0.40282 -0.22790 -0.88645 0.65499 -0.16194 1 0 1.0
0 3.26147 -0.97485 0.26834 0.40282 -0.22790 -0.88645 0.65229 -0.19497 1 0 1.0
cl_black
0 3.07889 -0.83727 0.15000 0.33011 -0.32439 -0.88645 0.61578 -0.16745 1 0 1.0
0 3.26147 -0.97485 0.26834 0.33011 -0.32439 -0.88645 0.65229 -0.19497 1 0 1.0
0 3.10645 -1.03333 0.23201 0.33011 -0.32439 -0.88645 0.62129 -0.20667 1 0 1.0
cl_black
0 3.35617 -0.79830 0.43000 0.92893 -0.24024 -0.28175 -0.15966 0.08600 1 0 1.0
0 3.30251 -1.00577 0.43000 0.92893 -0.24024 -0.28175 -0.20115 0.08600 1 0 1.0
0 3.26147 -0.97485 0.26834 0.92893 -0.24024 -0.28175 -0.19497 0.05367 1 0 1.0
cl_black
0 3.35617 -0.79830 0.43000 0.91704 -0.15564 -0.36718 -0.15966 0.08600 1 0 1.0
0 3.26147 -0.97485 0.26834 0.91704 -0.15564 -0.36718 -0.19497 0.05367 1 0 1.0
0 3.27495 -0.80971 0.23201 0.91704 -0.15564 -0.36718 -0.16194 0.04640 1 0 1.0
cl_black
0 3.11786 -1.11454 0.43000 0.40238 -0.83861 -0.36718 0.62357 0.08600 1 0 1.0
0 3.10645 -1.03333 0.23201 0.40238 -0.83861 -0.36718 0.62129 0.04640 1 0 1.0
0 3.26147 -0.97485 0.26834 0.40238 -0.83861 -0.36718 0.65229 0.05367 1 0 1.0
cl_black
0 3.11786 -1.11454 0.43000 0.48698 -0.82672 -0.28175 0.62357 0.08600 1 0 1.0
0 3.26147 -0.97485 0.26834 0.48698 -0.82672 -0.28175 0.65229 0.05367 1 0 1.0
0 3.30251 -1.00577 0.43000 0.48698 -0.82672 -0.28175 0.66050 0.08600 1 0 1.0
cl_black
0 3.07889 -0.83727 0.85000 0.33011 -0.32439 0.88645 0.61578 -0.16745 1 0 1.0
0 3.10645 -1.03333 0.76799 0.33011 -0.32439 0.88645 0.62129 -0.20667 1 0 1.0
0 3.26147 -0.97485 0.73166 0.33011 -0.32439 0.88645 0.65229 -0.19497 1 0 1.0
cl_black
0 3.07889 -0.83727 0.85000 0.40282 -0.22790 0.88645 0.61578 -0.16745 1 0 1.0
0 3.26147 -0.97485 0.73166 0.40282 -0.22790 0.88645 0.65229 -0.19497 1 0 1.0
0 3.27495 -0.80971 0.76799 0.40282 -0.22790 0.88645 0.65499 -0.16194 1 0 1.0
cl_black
0 3.11786 -1.11454 0.57000 0.48698 -0.82672 0.28175 0.62357 0.11400 1 0 1.0
0 3.30251 -1.00577 0.57000 0.48698 -0.82672 0.28175 0.66050 0.11400 1 0 1.0
0 3.26147 -0.97485 0.73166 0.48698 -0.82672 0.28175 0.65229 0.14633 1 0 1.0
cl_black
0 3.11786 -1.11454 0.57000 0.40238 -0.83861 0.36718 0.62357 0.11400 1 0 1.0
0 3.26147 -0.97485 0.73166 0.40238 -0.83861 0.36718 0.65229 0.14633 1 0 1.0
0 3.10645 -1.03333 0.76799 0.40238 -0.83861 0.36718 0.62129 0.15360 1 0 1.0
cl_black
0 3.35617 -0.79830 0.57000 0.91704 -0.15564 0.36718 -0.15966 0.11400 1 0 1.0
0 3.27495 -0.80971 0.76799 0.91704 -0.15564 0.36718 -0.16194 0.15360 1 0 1.0
0 3.26147 -0.97485 0.73166 0.91704 -0.15564 0.36718 -0.19497 0.14633 1 0 1.0
cl_black
0 3.35617 -0.79830 0.57000 0.92893 -0.24024 0.28175 -0.15966 0.11400 1 0 1.0
0 3.26147 -0.97485 0.73166 0.92893 -0.24024 0.28175 -0.19497 0.14633 1 0 1.0
0 3.30251 -1.00577 0.57000 0.92893 -0.24024 0.28175 -0.20115 0.11400 1 0 1.0
cl_black
0 3.07054 -0.77785 0.15000 0.22790 0.40282 -0.88645 0.61411 -0.15557 1 0 1.0
0 3.04298 -0.58179 0.23201 0.22790 0.40282 -0.88645 0.60860 -0.11636 1 0 1.0
0 3.20813 -0.59527 0.26834 0.22790 0.40282 -0.88645 0.64163 -0.11905 1 0 1.0
cl_black
0 3.07054 -0.77785 0.15000 0.32440 0.33011 -0.88645 0.61411 -0.15557 1 0 1.0
0 3.20813 -0.59527 0.26834 0.32440 0.33011 -0.88645 0.64163 -0.11905 1 0 1.0
0 3.26660 -0.75030 0.23201 0.32440 0.33011 -0.88645 0.65332 -0.15006 1 0 1.0
cl_black
0 3.03157 -0.50058 0.43000 0.24024 0.92893 -0.28175 0.60631 0.08600 1 0 1.0
0 3.23905 -0.55423 0.43000 0.24024 0.92893 -0.28175 0.64781 0.08600 1 0 1.0
0 3.20813 -0.59527 0.26834 0.24024 0.92893 -0.28175 0.64163 0.05367 1 0 1.0
cl_black
0 3.03157 -0.50058 0.43000 0.15564 0.91704 -0.36718 0.60631 0.08600 1 0 1.0
0 3.20813 -0.59527 0.26834 0.15564 0.91704 -0.36718 0.64163 0.05367 1 0 1.0
0 3.04298 -0.58179 0.23201 0.15564 0.91704 -0.36718 0.60860 0.04640 1 0 1.0
cl_black
0 3.34781 -0.73888 0.43000 0.83861 0.40238 -0.36718 -0.14778 0.08600 1 0 1.0
0 3.26660 -0.75030 0.23201 0.83861 0.40238 -0.36718 -0.15006 0.04640 1 0 1.0
0 3.20813 -0.59527 0.26834 0.83861 0.40238 -0.36718 -0.11905 0.05367 1 0 1.0
cl_black
0 3.34781 -0.73888 0.43000 0.82672 0.48698 -0.28175 -0.14778 0.08600 1 0 1.0
0 3.20813 -0.59527 0.26834 0.82672 0.48698 -0.28175 -0.11905 0.05367 1 0 1.0
0 3.23905 -0.55423 0.43000 0.82672 0.48698 -0.28175 -0.11085 0.08600 1 0 1.0
cl_black
0 3.07054 -0.77785 0.85000 0.32440 0.33011 0.88645 0.61411 -0.15557 1 0 1.0
0 3.26660 -0.75030 0.76799 0.32440 0.33011 0.88645 0.65332 -0.15006 1 0 1.0
0 3.20813 -0.59527 0.73166 0.32440 0.33011 0.88645 0.64163 -0.11905 1 0 1.0
cl_black
0 3.07054 -0.77785 0.85000 0.22790 0.40282 0.88645 0.61411 -0.15557 1 0 1.0
0 3.20813 -0.59527 0.73166 0.22790 0.40282 0.88645 0.64163 -0.11905 1 0 1.0
0 3.04298 -0.58179 0.76799 0.22790 0.40282 0.88645 0.60860 -0.11636 1 0 1.0
cl_black
0 3.34781 -0.73888 0.57000 0.82672 0.48698 0.28175 -0.14778 0.11400 1 0 1.0
0 3.23905 -0.55423 0.57000 0.82672 0.48698 0.28175 -0.11085 0.11400 1 0 1.0
0 3.20813 -0.59527 0.73166 0.82672 0.48698 0.28175 -0.11905 0.14633 1 0 1.0
cl_black
0 3.34781 -0.73888 0.57000 0.83861 0.40238 0.36718 -0.14778 0.11400 1 0 1.0
0 3.20813 -0.59527 0.73166 0.83861 0.40238 0.36718 -0.11905 0.14633 1 0 1.0
0 3.26660 -0.75030 0.76799 0.83861 0.40238 0.36718 -0.15006 0.15360 1 0 1.0
cl_black
0 3.03157 -0.50058 0.57000 0.15564 0.91704 0.36718 0.60631 0.11400 1 0 1.0
0 3.04298 -0.58179 0.76799 0.15564 0.91704 0.36718 0.60860 0.15360 1 0 1.0
0 3.20813 -0.59527 0.73166 0.15564 0.91704 0.36718 0.64163 0.14633 1 0 1.0
cl_black
0 3.03157 -0.50058 0.57000 0.24024 0.92893 0.28175 0.60631 0.11400 1 0 1.0
0 3.20813 -0.59527 0.73166 0.24024 0.92893 0.28175 0.64163 0.14633 1 0 1.0
0 3.23905 -0.55423 0.57000 0.24024 0.92893 0.28175 0.64781 0.11400 1 0 1.0
cl_black
0 1.81785 -0.95390 0.15000 -0.37896 -0.05326 -0.92388 0.36357 -0.19078 1 0 1.0
0 1.82620 -1.01332 0.15000 -0.37896 -0.05326 -0.92388 0.36524 -0.20266 1 0 1.0
0 1.63014 -1.04087 0.23201 -0.37896 -0.05326 -0.92388 0.32603 -0.20817 1 0 1.0
cl_black
0 1.81785 -0.95390 0.15000 -0.37896 -0.05326 -0.92388 0.36357 -0.19078 1 0 1.0
0 1.63014 -1.04087 0.23201 -0.37896 -0.05326 -0.92388 0.32603 -0.20817 1 0 1.0
0 1.62179 -0.98146 0.23201 -0.37896 -0.05326 -0.92388 0.32436 -0.19629 1 0 1.0
cl_black
0 1.62179 -0.98146 0.23201 -0.91489 -0.12858 -0.38268 -0.19629 0.04640 1 0 1.0
0 1.63014 -1.04087 0.23201 -0.91489 -0.12858 -0.38268 -0.20817 0.04640 1 0 1.0
0 1.54893 -1.05229 0.43000 -0.91489 -0.12858 -0.38268 -0.21046 0.08600 1 0 1.0
cl_black
0 1.62179 -0.98146 0.23201 -0.91489 -0.12858 -0.38268 -0.19629 0.04640 1 0 1.0
0 1.54893 -1.05229 0.43000 -0.91489 -0.12858 -0.38268 -0.21046 0.08600 1 0 1.0
0 1.54058 -0.99287 0.43000 -0.91489 -0.12858 -0.38268 -0.19857 0.08600 1 0 1.0
cl_black
0 1.86517 -1.29060 0.43000 -0.25038 -0.96815 0.00000 0.37303 0.08600 1 0 1.0
0 1.86517 -1.29060 0.57000 -0.25038 -0.96815 0.00000 0.37303 0.11400 1 0 1.0
0 1.65769 -1.23694 0.57000 -0.25038 -0.96815 0.00000 0.33154 0.11400 1 0 1.0
cl_black
0 1.86517 -1.29060 0.43000 -0.25038 -0.96815 0.00000 0.37303 0.08600 1 0 1.0
0 1.65769 -1.23694 0.57000 -0.25038 -0.96815 0.00000 0.33154 0.11400 1 0 1.0
0 1.65769 -1.23694 0.43000 -0.25038 -0.96815 0.00000 0.33154 0.08600 1 0 1.0
cl_black
0 1.65769 -1.23694 0.43000 -0.86163 -0.50754 0.00000 -0.24739 0.08600 1 0 1.0
0 1.65769 -1.23694 0.57000 -0.86163 -0.50754 0.00000 -0.24739 0.11400 1 0 1.0
0 1.54893 -1.05229 0.57000 -0.86163 -0.50754 0.00000 -0.21046 0.11400 1 0 1.0
cl_black
0 1.65769 -1.23694 0.43000 -0.86163 -0.50754 0.00000 -0.24739 0.08600 1 0 1.0
0 1.54893 -1.05229 0.57000 -0.86163 -0.50754 0.00000 -0.21046 0.11400 1 0 1.0
0 1.54893 -1.05229 0.43000 -0.86163 -0.50754 0.00000 -0.21046 0.08600 1 0 1.0
cl_black
0 1.82620 -1.01332 0.85000 -0.37896 -0.05326 0.92388 0.36524 -0.20266 1 0 1.0
0 1.81785 -0.95390 0.85000 -0.37896 -0.05326 0.92388 0.36357 -0.19078 1 0 1.0
0 1.62179 -0.98146 0.76799 -0.37896 -0.05326 0.92388 0.32436 -0.19629 1 0 1.0
cl_black
0 1.82620 -1.01332 0.85000 -0.37896 -0.05326 0.92388 0.36524 -0.20266 1 0 1.0
0 1.62179 -0.98146 0.76799 -0.37896 -0.05326 0.92388 0.32436 -0.19629 1 0 1.0
0 1.63014 -1.04087 0.76799 -0.37896 -0.05326 0.92388 0.32603 -0.20817 1 0 1.0
cl_black
0 1.63014 -1.04087 0.76799 -0.91489 -0.12858 0.38268 -0.20817 0.15360 1 0 1.0
0 1.62179 -0.98146 0.76799 -0.91489 -0.12858 0.38268 -0.19629 0.15360 1 0 1.0
0 1.54058 -0.99287 0.57000 -0.91489 -0.12858 0.38268 -0.19857 0.11400 1 0 1.0
cl_black
0 1.63014 -1.04087 0.76799 -0.91489 -0.12858 0.38268 -0.20817 0.15360 1 0 1.0
0 1.54058 -0.99287 0.57000 -0.91489 -0.12858 0.38268 -0.19857 0.11400 1 0 1.0
0 1.54893 -1.05229 0.57000 -0.91489 -0.12858 0.38268 -0.21046 0.11400 1 0 1.0
cl_black
0 1.77888 -0.67663 0.57000 -0.50754 0.86163 0.00000 0.35578 0.11400 1 0 1.0
0 1.77888 -0.67663 0.43000 -0.50754 0.86163 0.00000 0.35578 0.08600 1 0 1.0
0 1.59423 -0.78540 0.43000 -0.50754 0.86163 0.00000 0.31885 0.08600 1 0 1.0
cl_black
0 1.77888 -0.67663 0.57000 -0.50754 0.86163 0.00000 0.35578 0.11400 1 0 1.0
0 1.59423 -0.78540 0.43000 -0.50754 0.86163 0.00000 0.31885 0.08600 1 0 1.0
0 1.59423 -0.78540 0.57000 -0.50754 0.86163 0.00000 0.31885 0.11400 1 0 1.0
cl_black
0 1.59423 -0.78540 0.57000 -0.96815 0.25038 0.00000 -0.15708 0.11400 1 0 1.0
0 1.59423 -0.78540 0.43000 -0.96815 0.25038 0.00000 -0.15708 0.08600 1 0 1.0
0 1.54058 -0.99287 0.43000 -0.96815 0.25038 0.00000 -0.19857 0.08600 1 0 1.0
cl_black
0 1.59423 -0.78540 0.57000 -0.96815 0.25038 0.00000 -0.15708 0.11400 1 0 1.0
0 1.54058 -0.99287 0.43000 -0.96815 0.25038 0.00000 -0.19857 0.08600 1 0 1.0
0 1.54058 -0.99287 0.57000 -0.96815 0.25038 0.00000 -0.19857 0.11400 1 0 1.0
cl_black
0 3.07054 -0.77785 0.15000 -0.05326 0.37896 -0.92388 0.61411 -0.15557 1 0 1.0
0 1.81785 -0.95390 0.15000 -0.05326 0.37896 -0.92388 0.36357 -0.19078 1 0 1.0
0 1.79030 -0.75784 0.23201 -0.05326 0.37896 -0.92388 0.35806 -0.15157 1 0 1.0
cl_black
0 3.07054 -0.77785 0.15000 -0.05326 0.37896 -0.92388 0.61411 -0.15557 1 0 1.0
0 1.79030 -0.75784 0.23201 -0.05326 0.37896 -0.92388 0.35806 -0.15157 1 0 1.0
0 3.04298 -0.58179 0.23201 -0.05326 0.37896 -0.92388 0.60860 -0.11636 1 0 1.0
cl_black
0 3.04298 -0.58179 0.23201 -0.12858 0.91489 -0.38268 0.60860 0.04640 1 0 1.0
0 1.79030 -0.75784 0.23201 -0.12858 0.91489 -0.38268 0.35806 0.04640 1 0 1.0
0 1.77888 -0.67663 0.43000 -0.12858 0.91489 -0.38268 0.35578 0.08600 1 0 1.0
cl_black
0 3.04298 -0.58179 0.23201 -0.12858 0.91489 -0.38268 0.60860 0.04640 1 0 1.0
0 1.77888 -0.67663 0.43000 -0.12858 0.91489 -0.38268 0.35578 0.08600 1 0 1.0
0 3.03157 -0.50058 0.43000 -0.12858 0.91489 -0.38268 0.60631 0.08600 1 0 1.0
cl_black
0 1.81785 -0.95390 0.85000 -0.05326 0.37896 0.92388 0.36357 -0.19078 1 0 1.0
0 3.07054 -0.77785 0.85000 -0.05326 0.37896 0.92388 0.61411 -0.15557 1 0 1.0
0 3.04298 -0.58179 0.76799 -0.05326 0.37896 0.92388 0.60860 -0.11636 1 0 1.0
cl_black
0 1.81785 -0.95390 0.85000 -0.05326 0.37896 0.92388 0.36357 -0.19078 1 0 1.0
0 3.04298 -0.58179 0.76799 -0.05326 0.37896 0.92388 0.60860 -0.11636 1 0 1.0
0 1.79030 -0.75784 0.76799 -0.05326 0.37896 0.92388 0.35806 -0.15157 1 0 1.0
cl_black
0 1.79030 -0.75784 0.76799 -0.12858 0.91489 0.38268 0.35806 0.15360 1 0 1.0
0 3.04298 -0.58179 0.76799 -0.12858 0.91489 0.38268 0.60860 0.15360 1 0 1.0
0 3.03157 -0.50058 0.57000 -0.12858 0.91489 0.38268 0.60631 0.11400 1 0 1.0
cl_black
0 1.79030 -0.75784 0.76799 -0.12858 0.91489 0.38268 0.35806 0.15360 1 0 1.0
0 3.03157 -0.50058 0.57000 -0.12858 0.91489 0.38268 0.60631 0.11400 1 0 1.0
0 1.77888 -0.67663 0.57000 -0.12858 0.91489 0.38268 0.35578 0.11400 1 0 1.0
cl_black
0 3.34781 -0.73888 0.57000 0.86163 0.50754 0.00000 -0.14778 0.11400 1 0 1.0
0 3.34781 -0.73888 0.43000 0.86163 0.50754 0.00000 -0.14778 0.08600 1 0 1.0
0 3.23905 -0.55423 0.43000 0.86163 0.50754 0.00000 -0.11085 0.08600 1 0 1.0
cl_black
0 3.34781 -0.73888 0.57000 0.86163 0.50754 0.00000 -0.14778 0.11400 1 0 1.0
0 3.23905 -0.55423 0.43000 0.86163 0.50754 0.00000 -0.11085 0.08600 1 0 1.0
0 3.23905 -0.55423 0.57000 0.86163 0.50754 0.00000 -0.11085 0.11400 1 0 1.0
cl_black
0 3.23905 -0.55423 0.57000 0.25038 0.96815 0.00000 0.64781 0.11400 1 0 1.0
0 3.23905 -0.55423 0.43000 0.25038 0.96815 0.00000 0.64781 0.08600 1 0 1.0
0 3.03157 -0.50058 0.43000 0.25038 0.96815 0.00000 0.60631 0.08600 1 0 1.0
cl_black
0 3.23905 -0.55423 0.57000 0.25038 0.96815 0.00000 0.64781 0.11400 1 0 1.0
0 3.03157 -0.50058 0.43000 0.25038 0.96815 0.00000 0.60631 0.08600 1 0 1.0
0 3.03157 -0.50058 0.57000 0.25038 0.96815 0.00000 0.60631 0.11400 1 0 1.0
cl_black
0 3.07889 -0.83727 0.15000 0.37896 0.05326 -0.92388 0.61578 -0.16745 1 0 1.0
0 3.07054 -0.77785 0.15000 0.37896 0.05326 -0.92388 0.61411 -0.15557 1 0 1.0
0 3.26660 -0.75030 0.23201 0.37896 0.05326 -0.92388 0.65332 -0.15006 1 0 1.0
cl_black
0 3.07889 -0.83727 0.15000 0.37896 0.05326 -0.92388 0.61578 -0.16745 1 0 1.0
0 3.26660 -0.75030 0.23201 0.37896 0.05326 -0.92388 0.65332 -0.15006 1 0 1.0
0 3.27495 -0.80971 0.23201 0.37896 0.05326 -0.92388 0.65499 -0.16194 1 0 1.0
cl_black
0 3.27495 -0.80971 0.23201 0.91489 0.12858 -0.38268 -0.16194 0.04640 1 0 1.0
0 3.26660 -0.75030 0.23201 0.91489 0.12858 -0.38268 -0.15006 0.04640 1 0 1.0
0 3.34781 -0.73888 0.43000 0.91489 0.12858 -0.38268 -0.14778 0.08600 1 0 1.0
cl_black
0 3.27495 -0.80971 0.23201 0.91489 0.12858 -0.38268 -0.16194 0.04640 1 0 1.0
0 3.34781 -0.73888 0.43000 0.91489 0.12858 -0.38268 -0.14778 0.08600 1 0 1.0
0 3.35617 -0.79830 0.43000 0.91489 0.12858 -0.38268 -0.15966 0.08600 1 0 1.0
cl_black
0 3.07054 -0.77785 0.85000 0.37896 0.05326 0.92388 0.61411 -0.15557 1 0 1.0
0 3.07889 -0.83727 0.85000 0.37896 0.05326 0.92388 0.61578 -0.16745 1 0 1.0
0 3.27495 -0.80971 0.76799 0.37896 0.05326 0.92388 0.65499 -0.16194 1 0 1.0
cl_black
0 3.07054 -0.77785 0.85000 0.37896 0.05326 0.92388 0.61411 -0.15557 1 0 1.0
0 3.27495 -0.80971 0.76799 0.37896 0.05326 0.92388 0.65499 -0.16194 1 0 1.0
0 3.26660 -0.75030 0.76799 0.37896 0.05326 0.92388 0.65332 -0.15006 1 0 1.0
cl_black
0 3.26660 -0.75030 0.76799 0.91489 0.12858 0.38268 -0.15006 0.15360 1 0 1.0
0 3.27495 -0.80971 0.76799 0.91489 0.12858 0.38268 -0.16194 0.15360 1 0 1.0
0 3.35617 -0.79830 0.57000 0.91489 0.12858 0.38268 -0.15966 0.11400 1 0 1.0
cl_black
0 3.26660 -0.75030 0.76799 0.91489 0.12858 0.38268 -0.15006 0.15360 1 0 1.0
0 3.35617 -0.79830 0.57000 0.91489 0.12858 0.38268 -0.15966 0.11400 1 0 1.0
0 3.34781 -0.73888 0.57000 0.91489 0.12858 0.38268 -0.14778 0.11400 1 0 1.0
cl_black
0 3.11786 -1.11454 0.57000 0.50754 -0.86163 0.00000 0.62357 0.11400 1 0 1.0
0 3.11786 -1.11454 0.43000 0.50754 -0.86163 0.00000 0.62357 0.08600 1 0 1.0
0 3.30251 -1.00577 0.43000 0.50754 -0.86163 0.00000 0.66050 0.08600 1 0 1.0
cl_black
0 3.11786 -1.11454 0.57000 0.50754 -0.86163 0.00000 0.62357 0.11400 1 0 1.0
0 3.30251 -1.00577 0.43000 0.50754 -0.86163 0.00000 0.66050 0.08600 1 0 1.0
0 3.30251 -1.00577 0.57000 0.50754 -0.86163 0.00000 0.66050 0.11400 1 0 1.0
cl_black
0 3.30251 -1.00577 0.57000 0.96815 -0.25038 0.00000 -0.20115 0.11400 1 0 1.0
0 3.30251 -1.00577 0.43000 0.96815 -0.25038 0.00000 -0.20115 0.08600 1 0 1.0
0 3.35617 -0.79830 0.43000 0.96815 -0.25038 0.00000 -0.15966 0.08600 1 0 1.0
cl_black
0 3.30251 -1.00577 0.57000 0.96815 -0.25038 0.00000 -0.20115 0.11400 1 0 1.0
0 3.35617 -0.79830 0.43000 0.96815 -0.25038 0.00000 -0.15966 0.08600 1 0 1.0
0 3.35617 -0.79830 0.57000 0.96815 -0.25038 0.00000 -0.15966 0.11400 1 0 1.0
cl_black
0 1.82620 -1.01332 0.15000 0.05326 -0.37896 -0.92388 0.36524 -0.20266 1 0 1.0
0 3.07889 -0.83727 0.15000 0.05326 -0.37896 -0.92388 0.61578 -0.16745 1 0 1.0
0 3.10645 -1.03333 0.23201 0.05326 -0.37896 -0.92388 0.62129 -0.20667 1 0 1.0
cl_black
0 1.82620 -1.01332 0.15000 0.05326 -0.37896 -0.92388 0.36524 -0.20266 1 0 1.0
0 3.10645 -1.03333 0.23201 0.05326 -0.37896 -0.92388 0.62129 -0.20667 1 0 1.0
0 1.85376 -1.20938 0.23201 0.05326 -0.37896 -0.92388 0.37075 -0.24188 1 0 1.0
cl_black
0 1.85376 -1.20938 0.23201 0.12858 -0.91489 -0.38268 0.37075 0.04640 1 0 1.0
0 3.10645 -1.03333 0.23201 0.12858 -0.91489 -0.38268 0.62129 0.04640 1 0 1.0
0 3.11786 -1.11454 0.43000 0.12858 -0.91489 -0.38268 0.62357 0.08600 1 0 1.0
cl_black
0 1.85376 -1.20938 0.23201 0.12858 -0.91489 -0.38268 0.37075 0.04640 1 0 1.0
0 3.11786 -1.11454 0.43000 0.12858 -0.91489 -0.38268 0.62357 0.08600 1 0 1.0
0 1.86517 -1.29060 0.43000 0.12858 -0.91489 -0.38268 0.37303 0.08600 1 0 1.0
cl_black
0 3.07889 -0.83727 0.85000 0.05326 -0.37896 0.92388 0.61578 -0.16745 1 0 1.0
0 1.82620 -1.01332 0.85000 0.05326 -0.37896 0.92388 0.36524 -0.20266 1 0 1.0
0 1.85376 -1.20938 0.76799 0.05326 -0.37896 0.92388 0.37075 -0.24188 1 0 1.0
cl_black
0 3.07889 -0.83727 0.85000 0.05326 -0.37896 0.92388 0.61578 -0.16745 1 0 1.0
0 1.85376 -1.20938 0.76799 0.05326 -0.37896 0.92388 0.37075 -0.24188 1 0 1.0
0 3.10645 -1.03333 0.76799 0.05326 -0.37896 0.92388 0.62129 -0.20667 1 0 1.0
cl_black
0 3.10645 -1.03333 0.76799 0.12858 -0.91489 0.38268 0.62129 0.15360 1 0 1.0
0 1.85376 -1.20938 0.76799 0.12858 -0.91489 0.38268 0.37075 0.15360 1 0 1.0
0 1.86517 -1.29060 0.57000 0.12858 -0.91489 0.38268 0.37303 0.11400 1 0 1.0
cl_black
0 3.10645 -1.03333 0.76799 0.12858 -0.91489 0.38268 0.62129 0.15360 1 0 1.0
0 1.86517 -1.29060 0.57000 0.12858 -0.91489 0.38268 0.37303 0.11400 1 0 1.0
0 3.11786 -1.11454 0.57000 0.12858 -0.91489 0.38268 0.62357 0.11400 1 0 1.0
cl_black
0 1.81785 -0.95390 0.15000 0.00000 0.00000 -1.00000 0.36357 -0.19078 1 0 1.0
0 3.07054 -0.77785 0.15000 0.00000 0.00000 -1.00000 0.61411 -0.15557 1 0 1.0
0 3.07889 -0.83727 0.15000 0.00000 0.00000 -1.00000 0.61578 -0.16745 1 0 1.0
cl_black
0 1.81785 -0.95390 0.15000 0.00000 0.00000 -1.00000 0.36357 -0.19078 1 0 1.0
0 3.07889 -0.83727 0.15000 0.00000 0.00000 -1.00000 0.61578 -0.16745 1 0 1.0
0 1.82620 -1.01332 0.15000 0.00000 0.00000 -1.00000 0.36524 -0.20266 1 0 1.0
cl_black
0 1.54893 -1.05229 0.43000 -0.99027 -0.13917 0.00000 -0.21046 0.08600 1 0 1.0
0 1.54893 -1.05229 0.57000 -0.99027 -0.13917 0.00000 -0.21046 0.11400 1 0 1.0
0 1.54058 -0.99287 0.57000 -0.99027 -0.13917 0.00000 -0.19857 0.11400 1 0 1.0
cl_black
0 1.54893 -1.05229 0.43000 -0.99027 -0.13917 0.00000 -0.21046 0.08600 1 0 1.0
0 1.54058 -0.99287 0.57000 -0.99027 -0.13917 0.00000 -0.19857 0.11400 1 0 1.0
0 1.54058 -0.99287 0.43000 -0.99027 -0.13917 0.00000 -0.19857 0.08600 1 0 1.0
cl_black
0 3.11786 -1.11454 0.43000 0.13917 -0.99027 0.00000 0.62357 0.08600 1 0 1.0
0 3.11786 -1.11454 0.57000 0.13917 -0.99027 0.00000 0.62357 0.11400 1 0 1.0
0 1.86517 -1.29060 0.57000 0.13917 -0.99027 0.00000 0.37303 0.11400 1 0 1.0
cl_black
0 3.11786 -1.11454 0.43000 0.13917 -0.99027 0.00000 0.62357 0.08600 1 0 1.0
0 1.86517 -1.29060 0.57000 0.13917 -0.99027 0.00000 0.37303 0.11400 1 0 1.0
0 1.86517 -1.29060 0.43000 0.13917 -0.99027 0.00000 0.37303 0.08600 1 0 1.0
cl_black
0 3.07054 -0.77785 0.85000 0.00000 0.00000 1.00000 0.61411 -0.15557 1 0 1.0
0 1.81785 -0.95390 0.85000 0.00000 0.00000 1.00000 0.36357 -0.19078 1 0 1.0
0 1.82620 -1.01332 0.85000 0.00000 0.00000 1.00000 0.36524 -0.20266 1 0 1.0
cl_black
0 3.07054 -0.77785 0.85000 0.00000 0.00000 1.00000 0.61411 -0.15557 1 0 1.0
0 1.82620 -1.01332 0.85000 0.00000 0.00000 1.00000 0.36524 -0.20266 1 0 1.0
0 3.07889 -0.83727 0.85000 0.00000 0.00000 1.00000 0.61578 -0.16745 1 0 1.0
cl_black
0 1.77888 -0.67663 0.43000 -0.13917 0.99027 0.00000 0.35578 0.08600 1 0 1.0
0 1.77888 -0.67663 0.57000 -0.13917 0.99027 0.00000 0.35578 0.11400 1 0 1.0
0 3.03157 -0.50058 0.57000 -0.13917 0.99027 0.00000 0.60631 0.11400 1 0 1.0
cl_black
0 1.77888 -0.67663 0.43000 -0.13917 0.99027 0.00000 0.35578 0.08600 1 0 1.0
0 3.03157 -0.50058 0.57000 -0.13917 0.99027 0.00000 0.60631 0.11400 1 0 1.0
0 3.03157 -0.50058 0.43000 -0.13917 0.99027 0.00000 0.60631 0.08600 1 0 1.0
cl_black
0 3.34781 -0.73888 0.43000 0.99027 0.13917 0.00000 -0.14778 0.08600 1 0 1.0
0 3.34781 -0.73888 0.57000 0.99027 0.13917 0.00000 -0.14778 0.11400 1 0 1.0
0 3.35617 -0.79830 0.57000 0.99027 0.13917 0.00000 -0.15966 0.11400 1 0 1.0
cl_black
0 3.34781 -0.73888 0.43000 0.99027 0.13917 0.00000 -0.14778 0.08600 1 0 1.0
0 3.35617 -0.79830 0.57000 0.99027 0.13917 0.00000 -0.15966 0.11400 1 0 1.0
0 3.35617 -0.79830 0.43000 0.99027 0.13917 0.00000 -0.15966 0.08600 1 0 1.0
cl_black
0 0.02259 -0.44884 0.15000 -0.22790 -0.40282 -0.88645 0.00452 -0.08977 1 0 1.0
0 0.05014 -0.64490 0.23201 -0.22790 -0.40282 -0.88645 0.01003 -0.12898 1 0 1.0
0 -0.11500 -0.63142 0.26834 -0.22790 -0.40282 -0.88645 -0.02300 -0.12628 1 0 1.0
cl_black
0 0.02259 -0.44884 0.15000 -0.32440 -0.33011 -0.88645 0.00452 -0.08977 1 0 1.0
0 -0.11500 -0.63142 0.26834 -0.32440 -0.33011 -0.88645 -0.02300 -0.12628 1 0 1.0
0 -0.17347 -0.47640 0.23201 -0.32440 -0.33011 -0.88645 -0.03469 -0.09528 1 0 1.0
cl_black
0 0.06156 -0.72612 0.43000 -0.24024 -0.92893 -0.28175 0.01231 0.08600 1 0 1.0
0 -0.14592 -0.67246 0.43000 -0.24024 -0.92893 -0.28175 -0.02918 0.08600 1 0 1.0
0 -0.11500 -0.63142 0.26834 -0.24024 -0.92893 -0.28175 -0.02300 0.05367 1 0 1.0
cl_black
0 0.06156 -0.72612 0.43000 -0.15564 -0.91704 -0.36718 0.01231 0.08600 1 0 1.0
0 -0.11500 -0.63142 0.26834 -0.15564 -0.91704 -0.36718 -0.02300 0.05367 1 0 1.0
0 0.05014 -0.64490 0.23201 -0.15564 -0.91704 -0.36718 0.01003 0.04640 1 0 1.0
cl_black
0 -0.25469 -0.48781 0.43000 -0.83861 -0.40238 -0.36718 -0.09756 0.08600 1 0 1.0
0 -0.17347 -0.47640 0.23201 -0.83861 -0.40238 -0.36718 -0.09528 0.04640 1 0 1.0
0 -0.11500 -0.63142 0.26834 -0.83861 -0.40238 -0.36718 -0.12628 0.05367 1 0 1.0
cl_black
0 -0.25469 -0.48781 0.43000 -0.82672 -0.48698 -0.28175 -0.09756 0.08600 1 0 1.0
0 -0.11500 -0.63142 0.26834 -0.82672 -0.48698 -0.28175 -0.12628 0.05367 1 0 1.0
0 -0.14592 -0.67246 0.43000 -0.82672 -0.48698 -0.28175 -0.13449 0.08600 1 0 1.0
cl_black
0 0.06156 -0.72612 0.57000 -0.15564 -0.91704 0.36718 0.01231 0.11400 1 0 1.0
0 0.05014 -0.64490 0.76799 -0.15564 -0.91704 0.36718 0.01003 0.15360 1 0 1.0
0 -0.11500 -0.63142 0.73166 -0.15564 -0.91704 0.36718 -0.02300 0.14633 1 0 1.0
cl_black
0 0.06156 -0.72612 0.57000 -0.24024 -0.92893 0.28175 0.01231 0.11400 1 0 1.0
0 -0.11500 -0.63142 0.73166 -0.24024 -0.92893 0.28175 -0.02300 0.14633 1 0 1.0
0 -0.14592 -0.67246 0.57000 -0.24024 -0.92893 0.28175 -0.02918 0.11400 1 0 1.0
cl_black
0 0.02259 -0.44884 0.85000 -0.32440 -0.33011 0.88645 0.00452 -0.08977 1 0 1.0
0 -0.17347 -0.47640 0.76799 -0.32440 -0.33011 0.88645 -0.03469 -0.09528 1 0 1.0
0 -0.11500 -0.63142 0.73166 -0.32440 -0.33011 0.88645 -0.02300 -0.12628 1 0 1.0
cl_black
0 0.02259 -0.44884 0.85000 -0.22790 -0.40282 0.88645 0.00452 -0.08977 1 0 1.0
0 -0.11500 -0.63142 0.73166 -0.22790 -0.40282 0.88645 -0.02300 -0.12628 1 0 1.0
0 0.05014 -0.64490 0.76799 -0.22790 -0.40282 0.88645 0.01003 -0.12898 1 0 1.0
cl_black
0 -0.25469 -0.48781 0.57000 -0.82672 -0.48698 0.28175 -0.09756 0.11400 1 0 1.0
0 -0.14592 -0.67246 0.57000 -0.82672 -0.48698 0.28175 -0.13449 0.11400 1 0 1.0
0 -0.11500 -0.63142 0.73166 -0.82672 -0.48698 0.28175 -0.12628 0.14633 1 0 1.0
cl_black
0 -0.25469 -0.48781 0.57000 -0.83861 -0.40238 0.36718 -0.09756 0.11400 1 0 1.0
0 -0.11500 -0.63142 0.73166 -0.83861 -0.40238 0.36718 -0.12628 0.14633 1 0 1.0
0 -0.17347 -0.47640 0.76799 -0.83861 -0.40238 0.36718 -0.09528 0.15360 1 0 1.0
cl_black
0 0.00310 -0.31020 0.15000 -0.40282 0.22790 -0.88645 0.00062 -0.06204 1 0 1.0
0 -0.19296 -0.33776 0.23201 -0.40282 0.22790 -0.88645 -0.03859 -0.06755 1 0 1.0
0 -0.17948 -0.17262 0.26834 -0.40282 0.22790 -0.88645 -0.03590 -0.03452 1 0 1.0
cl_black
0 0.00310 -0.31020 0.15000 -0.33011 0.32440 -0.88645 0.00062 -0.06204 1 0 1.0
0 -0.17948 -0.17262 0.26834 -0.33011 0.32440 -0.88645 -0.03590 -0.03452 1 0 1.0
0 -0.02445 -0.11414 0.23201 -0.33011 0.32440 -0.88645 -0.00489 -0.02283 1 0 1.0
cl_black
0 -0.27417 -0.34917 0.43000 -0.92893 0.24024 -0.28175 -0.06983 0.08600 1 0 1.0
0 -0.22051 -0.14170 0.43000 -0.92893 0.24024 -0.28175 -0.02834 0.08600 1 0 1.0
0 -0.17948 -0.17262 0.26834 -0.92893 0.24024 -0.28175 -0.03452 0.05367 1 0 1.0
cl_black
0 -0.27417 -0.34917 0.43000 -0.91704 0.15564 -0.36718 -0.06983 0.08600 1 0 1.0
0 -0.17948 -0.17262 0.26834 -0.91704 0.15564 -0.36718 -0.03452 0.05367 1 0 1.0
0 -0.19296 -0.33776 0.23201 -0.91704 0.15564 -0.36718 -0.06755 0.04640 1 0 1.0
cl_black
0 -0.03586 -0.03293 0.43000 -0.40238 0.83861 -0.36718 -0.00717 0.08600 1 0 1.0
0 -0.02445 -0.11414 0.23201 -0.40238 0.83861 -0.36718 -0.00489 0.04640 1 0 1.0
0 -0.17948 -0.17262 0.26834 -0.40238 0.83861 -0.36718 -0.03590 0.05367 1 0 1.0
cl_black
0 -0.03586 -0.03293 0.43000 -0.48698 0.82672 -0.28175 -0.00717 0.08600 1 0 1.0
0 -0.17948 -0.17262 0.26834 -0.48698 0.82672 -0.28175 -0.03590 0.05367 1 0 1.0
0 -0.22051 -0.14170 0.43000 -0.48698 0.82672 -0.28175 -0.04410 0.08600 1 0 1.0
cl_black
0 0.00310 -0.31020 0.85000 -0.33011 0.32439 0.88645 0.00062 -0.06204 1 0 1.0
0 -0.02445 -0.11414 0.76799 -0.33011 0.32439 0.88645 -0.00489 -0.02283 1 0 1.0
0 -0.17948 -0.17262 0.73166 -0.33011 0.32439 0.88645 -0.03590 -0.03452 1 0 1.0
cl_black
0 0.00310 -0.31020 0.85000 -0.40282 0.22790 0.88645 0.00062 -0.06204 1 0 1.0
0 -0.17948 -0.17262 0.73166 -0.40282 0.22790 0.88645 -0.03590 -0.03452 1 0 1.0
0 -0.19296 -0.33776 0.76799 -0.40282 0.22790 0.88645 -0.03859 -0.06755 1 0 1.0
cl_black
0 -0.03586 -0.03293 0.57000 -0.48698 0.82672 0.28175 -0.00717 0.11400 1 0 1.0
0 -0.22051 -0.14170 0.57000 -0.48698 0.82672 0.28175 -0.04410 0.11400 1 0 1.0
0 -0.17948 -0.17262 0.73166 -0.48698 0.82672 0.28175 -0.03590 0.14633 1 0 1.0
cl_black
0 -0.03586 -0.03293 0.57000 -0.40238 0.83861 0.36718 -0.00717 0.11400 1 0 1.0
0 -0.17948 -0.17262 0.73166 -0.40238 0.83861 0.36718 -0.03590 0.14633 1 0 1.0
0 -0.02445 -0.11414 0.76799 -0.40238 0.83861 0.36718 -0.00489 0.15360 1 0 1.0
cl_black
0 -0.27417 -0.34917 0.57000 -0.91704 0.15564 0.36718 -0.06983 0.11400 1 0 1.0
0 -0.19296 -0.33776 0.76799 -0.91704 0.15564 0.36718 -0.06755 0.15360 1 0 1.0
0 -0.17948 -0.17262 0.73166 -0.91704 0.15564 0.36718 -0.03452 0.14633 1 0 1.0
cl_black
0 -0.27417 -0.34917 0.57000 -0.92893 0.24024 0.28175 -0.06983 0.11400 1 0 1.0
0 -0.17948 -0.17262 0.73166 -0.92893 0.24024 0.28175 -0.03452 0.14633 1 0 1.0
0 -0.22051 -0.14170 0.57000 -0.92893 0.24024 0.28175 -0.02834 0.11400 1 0 1.0
cl_black
0 1.25052 -0.27627 0.15000 0.40282 -0.22790 -0.88645 0.25010 -0.05525 1 0 1.0
0 1.44658 -0.24871 0.23201 0.40282 -0.22790 -0.88645 0.28932 -0.04974 1 0 1.0
0 1.43310 -0.41385 0.26834 0.40282 -0.22790 -0.88645 0.28662 -0.08277 1 0 1.0
cl_black
0 1.25052 -0.27627 0.15000 0.33011 -0.32440 -0.88645 0.25010 -0.05525 1 0 1.0
0 1.43310 -0.41385 0.26834 0.33011 -0.32440 -0.88645 0.28662 -0.08277 1 0 1.0
0 1.27808 -0.47233 0.23201 0.33011 -0.32440 -0.88645 0.25562 -0.09447 1 0 1.0
cl_black
0 1.52780 -0.23730 0.43000 0.92893 -0.24024 -0.28175 -0.04746 0.08600 1 0 1.0
0 1.47414 -0.44477 0.43000 0.92893 -0.24024 -0.28175 -0.08895 0.08600 1 0 1.0
0 1.43310 -0.41385 0.26834 0.92893 -0.24024 -0.28175 -0.08277 0.05367 1 0 1.0
cl_black
0 1.52780 -0.23730 0.43000 0.91704 -0.15564 -0.36718 -0.04746 0.08600 1 0 1.0
0 1.43310 -0.41385 0.26834 0.91704 -0.15564 -0.36718 -0.08277 0.05367 1 0 1.0
0 1.44658 -0.24871 0.23201 0.91704 -0.15564 -0.36718 -0.04974 0.04640 1 0 1.0
cl_black
0 1.28949 -0.55354 0.43000 0.40238 -0.83861 -0.36718 0.25790 0.08600 1 0 1.0
0 1.27808 -0.47233 0.23201 0.40238 -0.83861 -0.36718 0.25562 0.04640 1 0 1.0
0 1.43310 -0.41385 0.26834 0.40238 -0.83861 -0.36718 0.28662 0.05367 1 0 1.0
cl_black
0 1.28949 -0.55354 0.43000 0.48698 -0.82672 -0.28175 0.25790 0.08600 1 0 1.0
0 1.43310 -0.41385 0.26834 0.48698 -0.82672 -0.28175 0.28662 0.05367 1 0 1.0
0 1.47414 -0.44477 0.43000 0.48698 -0.82672 -0.28175 0.29483 0.08600 1 0 1.0
cl_black
0 1.25052 -0.27627 0.85000 0.33011 -0.32440 0.88645 0.25010 -0.05525 1 0 1.0
0 1.27808 -0.47233 0.76799 0.33011 -0.32440 0.88645 0.25562 -0.09447 1 0 1.0
0 1.43310 -0.41385 0.73166 0.33011 -0.32440 0.88645 0.28662 -0.08277 1 0 1.0
cl_black
0 1.25052 -0.27627 0.85000 0.40282 -0.22790 0.88645 0.25010 -0.05525 1 0 1.0
0 1.43310 -0.41385 0.73166 0.40282 -0.22790 0.88645 0.28662 -0.08277 1 0 1.0
0 1.44658 -0.24871 0.76799 0.40282 -0.22790 0.88645 0.28932 -0.04974 1 0 1.0
cl_black
0 1.28949 -0.55354 0.57000 0.48698 -0.82672 0.28175 0.25790 0.11400 1 0 1.0
0 1.47414 -0.44477 0.57000 0.48698 -0.82672 0.28175 0.29483 0.11400 1 0 1.0
0 1.43310 -0.41385 0.73166 0.48698 -0.82672 0.28175 0.28662 0.14633 1 0 1.0
cl_black
0 1.28949 -0.55354 0.57000 0.40238 -0.83861 0.36718 0.25790 0.11400 1 0 1.0
0 1.43310 -0.41385 0.73166 0.40238 -0.83861 0.36718 0.28662 0.14633 1 0 1.0
0 1.27808 -0.47233 0.76799 0.40238 -0.83861 0.36718 0.25562 0.15360 1 0 1.0
cl_black
0 1.52780 -0.23730 0.57000 0.91704 -0.15564 0.36718 -0.04746 0.11400 1 0 1.0
0 1.44658 -0.24871 0.76799 0.91704 -0.15564 0.36718 -0.04974 0.15360 1 0 1.0
0 1.43310 -0.41385 0.73166 0.91704 -0.15564 0.36718 -0.08277 0.14633 1 0 1.0
cl_black
0 1.52780 -0.23730 0.57000 0.92893 -0.24024 0.28175 -0.04746 0.11400 1 0 1.0
0 1.43310 -0.41385 0.73166 0.92893 -0.24024 0.28175 -0.08277 0.14633 1 0 1.0
0 1.47414 -0.44477 0.57000 0.92893 -0.24024 0.28175 -0.08895 0.11400 1 0 1.0
cl_black
0 1.23104 -0.13763 0.15000 0.22790 0.40282 -0.88645 0.24621 -0.02753 1 0 1.0
0 1.20348 0.05843 0.23201 0.22790 0.40282 -0.88645 0.24070 0.01169 1 0 1.0
0 1.36862 0.04495 0.26834 0.22790 0.40282 -0.88645 0.27372 0.00899 1 0 1.0
cl_black
0 1.23104 -0.13763 0.15000 0.32439 0.33011 -0.88645 0.24621 -0.02753 1 0 1.0
0 1.36862 0.04495 0.26834 0.32439 0.33011 -0.88645 0.27372 0.00899 1 0 1.0
0 1.42710 -0.11007 0.23201 0.32439 0.33011 -0.88645 0.28542 -0.02201 1 0 1.0
cl_black
0 1.19207 0.13965 0.43000 0.24024 0.92893 -0.28175 0.23841 0.08600 1 0 1.0
0 1.39954 0.08599 0.43000 0.24024 0.92893 -0.28175 0.27991 0.08600 1 0 1.0
0 1.36862 0.04495 0.26834 0.24024 0.92893 -0.28175 0.27372 0.05367 1 0 1.0
cl_black
0 1.19207 0.13965 0.43000 0.15563 0.91704 -0.36718 0.23841 0.08600 1 0 1.0
0 1.36862 0.04495 0.26834 0.15563 0.91704 -0.36718 0.27372 0.05367 1 0 1.0
0 1.20348 0.05843 0.23201 0.15563 0.91704 -0.36718 0.24070 0.04640 1 0 1.0
cl_black
0 1.50831 -0.09866 0.43000 0.83861 0.40238 -0.36718 -0.01973 0.08600 1 0 1.0
0 1.42710 -0.11007 0.23201 0.83861 0.40238 -0.36718 -0.02201 0.04640 1 0 1.0
0 1.36862 0.04495 0.26834 0.83861 0.40238 -0.36718 0.00899 0.05367 1 0 1.0
cl_black
0 1.50831 -0.09866 0.43000 0.82672 0.48698 -0.28175 -0.01973 0.08600 1 0 1.0
0 1.36862 0.04495 0.26834 0.82672 0.48698 -0.28175 0.00899 0.05367 1 0 1.0
0 1.39954 0.08599 0.43000 0.82672 0.48698 -0.28175 0.01720 0.08600 1 0 1.0
cl_black
0 1.23104 -0.13763 0.85000 0.32440 0.33011 0.88645 0.24621 -0.02753 1 0 1.0
0 1.42710 -0.11007 0.76799 0.32440 0.33011 0.88645 0.28542 -0.02201 1 0 1.0
0 1.36862 0.04495 0.73166 0.32440 0.33011 0.88645 0.27372 0.00899 1 0 1.0
cl_black
0 1.23104 -0.13763 0.85000 0.22790 0.40282 0.88645 0.24621 -0.02753 1 0 1.0
0 1.36862 0.04495 0.73166 0.22790 0.40282 0.88645 0.27372 0.00899 1 0 1.0
0 1.20348 0.05843 0.76799 0.22790 0.40282 0.88645 0.24070 0.01169 1 0 1.0
cl_black
0 1.50831 -0.09866 0.57000 0.82672 0.48698 0.28175 -0.01973 0.11400 1 0 1.0
0 1.39954 0.08599 0.57000 0.82672 0.48698 0.28175 0.01720 0.11400 1 0 1.0
0 1.36862 0.04495 0.73166 0.82672 0.48698 0.28175 0.00899 0.14633 1 0 1.0
cl_black
0 1.50831 -0.09866 0.57000 0.83861 0.40238 0.36718 -0.01973 0.11400 1 0 1.0
0 1.36862 0.04495 0.73166 0.83861 0.40238 0.36718 0.00899 0.14633 1 0 1.0
0 1.42710 -0.11007 0.76799 0.83861 0.40238 0.36718 -0.02201 0.15360 1 0 1.0
cl_black
0 1.19207 0.13965 0.57000 0.15563 0.91704 0.36718 0.23841 0.11400 1 0 1.0
0 1.20348 0.05843 0.76799 0.15563 0.91704 0.36718 0.24070 0.15360 1 0 1.0
0 1.36862 0.04495 0.73166 0.15563 0.91704 0.36718 0.27372 0.14633 1 0 1.0
cl_black
0 1.19207 0.13965 0.57000 0.24024 0.92893 0.28175 0.23841 0.11400 1 0 1.0
0 1.36862 0.04495 0.73166 0.24024 0.92893 0.28175 0.27372 0.14633 1 0 1.0
0 1.39954 0.08599 0.57000 0.24024 0.92893 0.28175 0.27991 0.11400 1 0 1.0
cl_black
0 0.00310 -0.31020 0.15000 -0.37896 -0.05326 -0.92388 0.00062 -0.06204 1 0 1.0
0 0.02259 -0.44884 0.15000 -0.37896 -0.05326 -0.92388 0.00452 -0.08977 1 0 1.0
0 -0.17347 -0.47640 0.23201 -0.37896 -0.05326 -0.92388 -0.03469 -0.09528 1 0 1.0
cl_black
0 0.00310 -0.31020 0.15000 -0.37896 -0.05326 -0.92388 0.00062 -0.06204 1 0 1.0
0 -0.17347 -0.47640 0.23201 -0.37896 -0.05326 -0.92388 -0.03469 -0.09528 1 0 1.0
0 -0.19296 -0.33776 0.23201 -0.37896 -0.05326 -0.92388 -0.03859 -0.06755 1 0 1.0
cl_black
0 -0.19296 -0.33776 0.23201 -0.91489 -0.12858 -0.38268 -0.06755 0.04640 1 0 1.0
0 -0.17347 -0.47640 0.23201 -0.91489 -0.12858 -0.38268 -0.09528 0.04640 1 0 1.0
0 -0.25469 -0.48781 0.43000 -0.91489 -0.12858 -0.38268 -0.09756 0.08600 1 0 1.0
cl_black
0 -0.19296 -0.33776 0.23201 -0.91489 -0.12858 -0.38268 -0.06755 0.04640 1 0 1.0
0 -0.25469 -0.48781 0.43000 -0.91489 -0.12858 -0.38268 -0.09756 0.08600 1 0 1.0
0 -0.27417 -0.34917 0.43000 -0.91489 -0.12858 -0.38268 -0.06983 0.08600 1 0 1.0
cl_black
0 0.06156 -0.72612 0.43000 -0.25038 -0.96815 0.00000 0.01231 0.08600 1 0 1.0
0 0.06156 -0.72612 0.57000 -0.25038 -0.96815 0.00000 0.01231 0.11400 1 0 1.0
0 -0.14592 -0.67246 0.57000 -0.25038 -0.96815 0.00000 -0.02918 0.11400 1 0 1.0
cl_black
0 0.06156 -0.72612 0.43000 -0.25038 -0.96815 0.00000 0.01231 0.08600 1 0 1.0
0 -0.14592 -0.67246 0.57000 -0.25038 -0.96815 0.00000 -0.02918 0.11400 1 0 1.0
0 -0.14592 -0.67246 0.43000 -0.25038 -0.96815 0.00000 -0.02918 0.08600 1 0 1.0
cl_black
0 -0.14592 -0.67246 0.43000 -0.86163 -0.50754 0.00000 -0.13449 0.08600 1 0 1.0
0 -0.14592 -0.67246 0.57000 -0.86163 -0.50754 0.00000 -0.13449 0.11400 1 0 1.0
0 -0.25469 -0.48781 0.57000 -0.86163 -0.50754 0.00000 -0.09756 0.11400 1 0 1.0
cl_black
0 -0.14592 -0.67246 0.43000 -0.86163 -0.50754 0.00000 -0.13449 0.08600 1 0 1.0
0 -0.25469 -0.48781 0.57000 -0.86163 -0.50754 0.00000 -0.09756 0.11400 1 0 1.0
0 -0.25469 -0.48781 0.43000 -0.86163 -0.50754 0.00000 -0.09756 0.08600 1 0 1.0
cl_black
0 0.02259 -0.44884 0.85000 -0.37896 -0.05326 0.92388 0.00452 -0.08977 1 0 1.0
0 0.00310 -0.31020 0.85000 -0.37896 -0.05326 0.92388 0.00062 -0.06204 1 0 1.0
0 -0.19296 -0.33776 0.76799 -0.37896 -0.05326 0.92388 -0.03859 -0.06755 1 0 1.0
cl_black
0 0.02259 -0.44884 0.85000 -0.37896 -0.05326 0.92388 0.00452 -0.08977 1 0 1.0
0 -0.19296 -0.33776 0.76799 -0.37896 -0.05326 0.92388 -0.03859 -0.06755 1 0 1.0
0 -0.17347 -0.47640 0.76799 -0.37896 -0.05326 0.92388 -0.03469 -0.09528 1 0 1.0
cl_black
0 -0.17347 -0.47640 0.76799 -0.91489 -0.12858 0.38268 -0.09528 0.15360 1 0 1.0
0 -0.19296 -0.33776 0.76799 -0.91489 -0.12858 0.38268 -0.06755 0.15360 1 0 1.0
0 -0.27417 -0.34917 0.57000 -0.91489 -0.12858 0.38268 -0.06983 0.11400 1 0 1.0
cl_black
0 -0.17347 -0.47640 0.76799 -0.91489 -0.12858 0.38268 -0.09528 0.15360 1 0 1.0
0 -0.27417 -0.34917 0.57000 -0.91489 -0.12858 0.38268 -0.06983 0.11400 1 0 1.0
0 -0.25469 -0.48781 0.57000 -0.91489 -0.12858 0.38268 -0.09756 0.11400 1 0 1.0
cl_black
0 -0.03586 -0.03293 0.57000 -0.50754 0.86163 -0.00000 -0.00717 0.11400 1 0 1.0
0 -0.03586 -0.03293 0.43000 -0.50754 0.86163 -0.00000 -0.00717 0.08600 1 0 1.0
0 -0.22051 -0.14170 0.43000 -0.50754 0.86163 -0.00000 -0.04410 0.08600 1 0 1.0
cl_black
0 -0.03586 -0.03293 0.57000 -0.50754 0.86163 -0.00000 -0.00717 0.11400 1 0 1.0
0 -0.22051 -0.14170 0.43000 -0.50754 0.86163 -0.00000 -0.04410 0.08600 1 0 1.0
0 -0.22051 -0.14170 0.57000 -0.50754 0.86163 -0.00000 -0.04410 0.11400 1 0 1.0
cl_black
0 -0.22051 -0.14170 0.57000 -0.96815 0.25038 -0.00000 -0.02834 0.11400 1 0 1.0
0 -0.22051 -0.14170 0.43000 -0.96815 0.25038 -0.00000 -0.02834 0.08600 1 0 1.0
0 -0.27417 -0.34917 0.43000 -0.96815 0.25038 -0.00000 -0.06983 0.08600 1 0 1.0
cl_black
0 -0.22051 -0.14170 0.57000 -0.96815 0.25038 0.00000 -0.02834 0.11400 1 0 1.0
0 -0.27417 -0.34917 0.43000 -0.96815 0.25038 0.00000 -0.06983 0.08600 1 0 1.0
0 -0.27417 -0.34917 0.57000 -0.96815 0.25038 0.00000 -0.06983 0.11400 1 0 1.0
cl_black
0 1.23104 -0.13763 0.15000 -0.05326 0.37896 -0.92388 0.24621 -0.02753 1 0 1.0
0 0.00310 -0.31020 0.15000 -0.05326 0.37896 -0.92388 0.00062 -0.06204 1 0 1.0
0 -0.02445 -0.11414 0.23201 -0.05326 0.37896 -0.92388 -0.00489 -0.02283 1 0 1.0
cl_black
0 1.23104 -0.13763 0.15000 -0.05326 0.37896 -0.92388 0.24621 -0.02753 1 0 1.0
0 -0.02445 -0.11414 0.23201 -0.05326 0.37896 -0.92388 -0.00489 -0.02283 1 0 1.0
0 1.20348 0.05843 0.23201 -0.05326 0.37896 -0.92388 0.24070 0.01169 1 0 1.0
cl_black
0 1.20348 0.05843 0.23201 -0.12858 0.91489 -0.38268 0.24070 0.04640 1 0 1.0
0 -0.02445 -0.11414 0.23201 -0.12858 0.91489 -0.38268 -0.00489 0.04640 1 0 1.0
0 -0.03586 -0.03293 0.43000 -0.12858 0.91489 -0.38268 -0.00717 0.08600 1 0 1.0
cl_black
0 1.20348 0.05843 0.23201 -0.12858 0.91489 -0.38268 0.24070 0.04640 1 0 1.0
0 -0.03586 -0.03293 0.43000 -0.12858 0.91489 -0.38268 -0.00717 0.08600 1 0 1.0
0 1.19207 0.13965 0.43000 -0.12858 0.91489 -0.38268 0.23841 0.08600 1 0 1.0
cl_black
0 0.00310 -0.31020 0.85000 -0.05326 0.37896 0.92388 0.00062 -0.06204 1 0 1.0
0 1.23104 -0.13763 0.85000 -0.05326 0.37896 0.92388 0.24621 -0.02753 1 0 1.0
0 1.20348 0.05843 0.76799 -0.05326 0.37896 0.92388 0.24070 0.01169 1 0 1.0
cl_black
0 0.00310 -0.31020 0.85000 -0.05326 0.37896 0.92388 0.00062 -0.06204 1 0 1.0
0 1.20348 0.05843 0.76799 -0.05326 0.37896 0.92388 0.24070 0.01169 1 0 1.0
0 -0.02445 -0.11414 0.76799 -0.05326 0.37896 0.92388 -0.00489 -0.02283 1 0 1.0
cl_black
0 -0.02445 -0.11414 0.76799 -0.12858 0.91489 0.38268 -0.00489 0.15360 1 0 1.0
0 1.20348 0.05843 0.76799 -0.12858 0.91489 0.38268 0.24070 0.15360 1 0 1.0
0 1.19207 0.13965 0.57000 -0.12858 0.91489 0.38268 0.23841 0.11400 1 0 1.0
cl_black
0 -0.02445 -0.11414 0.76799 -0.12858 0.91489 0.38268 -0.00489 0.15360 1 0 1.0
0 1.19207 0.13965 0.57000 -0.12858 0.91489 0.38268 0.23841 0.11400 1 0 1.0
0 -0.03586 -0.03293 0.57000 -0.12858 0.91489 0.38268 -0.00717 0.11400 1 0 1.0
cl_black
0 1.50831 -0.09866 0.57000 0.86163 0.50754 0.00000 -0.01973 0.11400 1 0 1.0
0 1.50831 -0.09866 0.43000 0.86163 0.50754 0.00000 -0.01973 0.08600 1 0 1.0
0 1.39954 0.08599 0.43000 0.86163 0.50754 0.00000 0.01720 0.08600 1 0 1.0
cl_black
0 1.50831 -0.09866 0.57000 0.86163 0.50754 0.00000 -0.01973 0.11400 1 0 1.0
0 1.39954 0.08599 0.43000 0.86163 0.50754 0.00000 0.01720 0.08600 1 0 1.0
0 1.39954 0.08599 0.57000 0.86163 0.50754 0.00000 0.01720 0.11400 1 0 1.0
cl_black
0 1.39954 0.08599 0.57000 0.25038 0.96815 0.00000 0.27991 0.11400 1 0 1.0
0 1.39954 0.08599 0.43000 0.25038 0.96815 0.00000 0.27991 0.08600 1 0 1.0
0 1.19207 0.13965 0.43000 0.25038 0.96815 0.00000 0.23841 0.08600 1 0 1.0
cl_black
0 1.39954 0.08599 0.57000 0.25038 0.96815 0.00000 0.27991 0.11400 1 0 1.0
0 1.19207 0.13965 0.43000 0.25038 0.96815 0.00000 0.23841 0.08600 1 0 1.0
0 1.19207 0.13965 0.57000 0.25038 0.96815 0.00000 0.23841 0.11400 1 0 1.0
cl_black
0 1.25052 -0.27627 0.15000 0.37896 0.05326 -0.92388 0.25010 -0.05525 1 0 1.0
0 1.23104 -0.13763 0.15000 0.37896 0.05326 -0.92388 0.24621 -0.02753 1 0 1.0
0 1.42710 -0.11007 0.23201 0.37896 0.05326 -0.92388 0.28542 -0.02201 1 0 1.0
cl_black
0 1.25052 -0.27627 0.15000 0.37896 0.05326 -0.92388 0.25010 -0.05525 1 0 1.0
0 1.42710 -0.11007 0.23201 0.37896 0.05326 -0.92388 0.28542 -0.02201 1 0 1.0
0 1.44658 -0.24871 0.23201 0.37896 0.05326 -0.92388 0.28932 -0.04974 1 0 1.0
cl_black
0 1.44658 -0.24871 0.23201 0.91489 0.12858 -0.38268 -0.04974 0.04640 1 0 1.0
0 1.42710 -0.11007 0.23201 0.91489 0.12858 -0.38268 -0.02201 0.04640 1 0 1.0
0 1.50831 -0.09866 0.43000 0.91489 0.12858 -0.38268 -0.01973 0.08600 1 0 1.0
cl_black
0 1.44658 -0.24871 0.23201 0.91489 0.12858 -0.38268 -0.04974 0.04640 1 0 1.0
0 1.50831 -0.09866 0.43000 0.91489 0.12858 -0.38268 -0.01973 0.08600 1 0 1.0
0 1.52780 -0.23730 0.43000 0.91489 0.12858 -0.38268 -0.04746 0.08600 1 0 1.0
cl_black
0 1.23104 -0.13763 0.85000 0.37896 0.05326 0.92388 0.24621 -0.02753 1 0 1.0
0 1.25052 -0.27627 0.85000 0.37896 0.05326 0.92388 0.25010 -0.05525 1 0 1.0
0 1.44658 -0.24871 0.76799 0.37896 0.05326 0.92388 0.28932 -0.04974 1 0 1.0
cl_black
0 1.23104 -0.13763 0.85000 0.37896 0.05326 0.92388 0.24621 -0.02753 1 0 1.0
0 1.44658 -0.24871 0.76799 0.37896 0.05326 0.92388 0.28932 -0.04974 1 0 1.0
0 1.42710 -0.11007 0.76799 0.37896 0.05326 0.92388 0.28542 -0.02201 1 0 1.0
cl_black
0 1.42710 -0.11007 0.76799 0.91489 0.12858 0.38268 -0.02201 0.15360 1 0 1.0
0 1.44658 -0.24871 0.76799 0.91489 0.12858 0.38268 -0.04974 0.15360 1 0 1.0
0 1.52780 -0.23730 0.57000 0.91489 0.12858 0.38268 -0.04746 0.11400 1 0 1.0
cl_black
0 1.42710 -0.11007 0.76799 0.91489 0.12858 0.38268 -0.02201 0.15360 1 0 1.0
0 1.52780 -0.23730 0.57000 0.91489 0.12858 0.38268 -0.04746 0.11400 1 0 1.0
0 1.50831 -0.09866 0.57000 0.91489 0.12858 0.38268 -0.01973 0.11400 1 0 1.0
cl_black
0 1.28949 -0.55354 0.57000 0.50754 -0.86163 0.00000 0.25790 0.11400 1 0 1.0
0 1.28949 -0.55354 0.43000 0.50754 -0.86163 0.00000 0.25790 0.08600 1 0 1.0
0 1.47414 -0.44477 0.43000 0.50754 -0.86163 0.00000 0.29483 0.08600 1 0 1.0
cl_black
0 1.28949 -0.55354 0.57000 0.50754 -0.86163 0.00000 0.25790 0.11400 1 0 1.0
0 1.47414 -0.44477 0.43000 0.50754 -0.86163 0.00000 0.29483 0.08600 1 0 1.0
0 1.47414 -0.44477 0.57000 0.50754 -0.86163 0.00000 0.29483 0.11400 1 0 1.0
cl_black
0 1.47414 -0.44477 0.57000 0.96815 -0.25038 0.00000 -0.08895 0.11400 1 0 1.0
0 1.47414 -0.44477 0.43000 0.96815 -0.25038 0.00000 -0.08895 0.08600 1 0 1.0
0 1.52780 -0.23730 0.43000 0.96815 -0.25038 0.00000 -0.04746 0.08600 1 0 1.0
cl_black
0 1.47414 -0.44477 0.57000 0.96815 -0.25038 0.00000 -0.08895 0.11400 1 0 1.0
0 1.52780 -0.23730 0.43000 0.96815 -0.25038 0.00000 -0.04746 0.08600 1 0 1.0
0 1.52780 -0.23730 0.57000 0.96815 -0.25038 0.00000 -0.04746 0.11400 1 0 1.0
cl_black
0 0.02259 -0.44884 0.15000 0.05326 -0.37896 -0.92388 0.00452 -0.08977 1 0 1.0
0 1.25052 -0.27627 0.15000 0.05326 -0.37896 -0.92388 0.25010 -0.05525 1 0 1.0
0 1.27808 -0.47233 0.23201 0.05326 -0.37896 -0.92388 0.25562 -0.09447 1 0 1.0
cl_black
0 0.02259 -0.44884 0.15000 0.05326 -0.37896 -0.92388 0.00452 -0.08977 1 0 1.0
0 1.27808 -0.47233 0.23201 0.05326 -0.37896 -0.92388 0.25562 -0.09447 1 0 1.0
0 0.05014 -0.64490 0.23201 0.05326 -0.37896 -0.92388 0.01003 -0.12898 1 0 1.0
cl_black
0 0.05014 -0.64490 0.23201 0.12858 -0.91489 -0.38268 0.01003 0.04640 1 0 1.0
0 1.27808 -0.47233 0.23201 0.12858 -0.91489 -0.38268 0.25562 0.04640 1 0 1.0
0 1.28949 -0.55354 0.43000 0.12858 -0.91489 -0.38268 0.25790 0.08600 1 0 1.0
cl_black
0 0.05014 -0.64490 0.23201 0.12858 -0.91489 -0.38268 0.01003 0.04640 1 0 1.0
0 1.28949 -0.55354 0.43000 0.12858 -0.91489 -0.38268 0.25790 0.08600 1 0 1.0
0 0.06156 -0.72612 0.43000 0.12858 -0.91489 -0.38268 0.01231 0.08600 1 0 1.0
cl_black
0 1.25052 -0.27627 0.85000 0.05326 -0.37896 0.92388 0.25010 -0.05525 1 0 1.0
0 0.02259 -0.44884 0.85000 0.05326 -0.37896 0.92388 0.00452 -0.08977 1 0 1.0
0 0.05014 -0.64490 0.76799 0.05326 -0.37896 0.92388 0.01003 -0.12898 1 0 1.0
cl_black
0 1.25052 -0.27627 0.85000 0.05326 -0.37896 0.92388 0.25010 -0.05525 1 0 1.0
0 0.05014 -0.64490 0.76799 0.05326 -0.37896 0.92388 0.01003 -0.12898 1 0 1.0
0 1.27808 -0.47233 0.76799 0.05326 -0.37896 0.92388 0.25562 -0.09447 1 0 1.0
cl_black
0 1.27808 -0.47233 0.76799 0.12858 -0.91489 0.38268 0.25562 0.15360 1 0 1.0
0 0.05014 -0.64490 0.76799 0.12858 -0.91489 0.38268 0.01003 0.15360 1 0 1.0
0 0.06156 -0.72612 0.57000 0.12858 -0.91489 0.38268 0.01231 0.11400 1 0 1.0
cl_black
0 1.27808 -0.47233 0.76799 0.12858 -0.91489 0.38268 0.25562 0.15360 1 0 1.0
0 0.06156 -0.72612 0.57000 0.12858 -0.91489 0.38268 0.01231 0.11400 1 0 1.0
0 1.28949 -0.55354 0.57000 0.12858 -0.91489 0.38268 0.25790 0.11400 1 0 1.0
cl_black
0 0.00310 -0.31020 0.15000 0.00000 0.00000 -1.00000 0.00062 -0.06204 1 0 1.0
0 1.23104 -0.13763 0.15000 0.00000 0.00000 -1.00000 0.24621 -0.02753 1 0 1.0
0 1.25052 -0.27627 0.15000 0.00000 0.00000 -1.00000 0.25010 -0.05525 1 0 1.0
cl_black
0 0.00310 -0.31020 0.15000 0.00000 0.00000 -1.00000 0.00062 -0.06204 1 0 1.0
0 1.25052 -0.27627 0.15000 0.00000 0.00000 -1.00000 0.25010 -0.05525 1 0 1.0
0 0.02259 -0.44884 0.15000 0.00000 0.00000 -1.00000 0.00452 -0.08977 1 0 1.0
cl_black
0 -0.25469 -0.48781 0.43000 -0.99027 -0.13917 0.00000 -0.09756 0.08600 1 0 1.0
0 -0.25469 -0.48781 0.57000 -0.99027 -0.13917 0.00000 -0.09756 0.11400 1 0 1.0
0 -0.27417 -0.34917 0.57000 -0.99027 -0.13917 0.00000 -0.06983 0.11400 1 0 1.0
cl_black
0 -0.25469 -0.48781 0.43000 -0.99027 -0.13917 0.00000 -0.09756 0.08600 1 0 1.0
0 -0.27417 -0.34917 0.57000 -0.99027 -0.13917 0.00000 -0.06983 0.11400 1 0 1.0
0 -0.27417 -0.34917 0.43000 -0.99027 -0.13917 0.00000 -0.06983 0.08600 1 0 1.0
cl_black
0 1.28949 -0.55354 0.43000 0.13917 -0.99027 0.00000 0.25790 0.08600 1 0 1.0
0 1.28949 -0.55354 0.57000 0.13917 -0.99027 0.00000 0.25790 0.11400 1 0 1.0
0 0.06156 -0.72612 0.57000 0.13917 -0.99027 0.00000 0.01231 0.11400 1 0 1.0
cl_black
0 1.28949 -0.55354 0.43000 0.13917 -0.99027 -0.00000 0.25790 0.08600 1 0 1.0
0 0.06156 -0.72612 0.57000 0.13917 -0.99027 -0.00000 0.01231 0.11400 1 0 1.0
0 0.06156 -0.72612 0.43000 0.13917 -0.99027 -0.00000 0.01231 0.08600 1 0 1.0
cl_black
0 1.23104 -0.13763 0.85000 0.00000 0.00000 1.00000 0.24621 -0.02753 1 0 1.0
0 0.00310 -0.31020 0.85000 0.00000 0.00000 1.00000 0.00062 -0.06204 1 0 1.0
0 0.02259 -0.44884 0.85000 0.00000 0.00000 1.00000 0.00452 -0.08977 1 0 1.0
cl_black
0 1.23104 -0.13763 0.85000 0.00000 0.00000 1.00000 0.24621 -0.02753 1 0 1.0
0 0.02259 -0.44884 0.85000 0.00000 0.00000 1.00000 0.00452 -0.08977 1 0 1.0
0 1.25052 -0.27627 0.85000 0.00000 0.00000 1.00000 0.25010 -0.05525 1 0 1.0
cl_black
0 -0.03586 -0.03293 0.43000 -0.13917 0.99027 -0.00000 -0.00717 0.08600 1 0 1.0
0 -0.03586 -0.03293 0.57000 -0.13917 0.99027 -0.00000 -0.00717 0.11400 1 0 1.0
0 1.19207 0.13965 0.57000 -0.13917 0.99027 -0.00000 0.23841 0.11400 1 0 1.0
cl_black
0 -0.03586 -0.03293 0.43000 -0.13917 0.99027 0.00000 -0.00717 0.08600 1 0 1.0
0 1.19207 0.13965 0.57000 -0.13917 0.99027 0.00000 0.23841 0.11400 1 0 1.0
0 1.19207 0.13965 0.43000 -0.13917 0.99027 0.00000 0.23841 0.08600 1 0 1.0
cl_black
0 1.50831 -0.09866 0.43000 0.99027 0.13917 0.00000 -0.01973 0.08600 1 0 1.0
0 1.50831 -0.09866 0.57000 0.99027 0.13917 0.00000 -0.01973 0.11400 1 0 1.0
0 1.52780 -0.23730 0.57000 0.99027 0.13917 0.00000 -0.04746 0.11400 1 0 1.0
cl_black
0 1.50831 -0.09866 0.43000 0.99027 0.13917 0.00000 -0.01973 0.08600 1 0 1.0
0 1.52780 -0.23730 0.57000 0.99027 0.13917 0.00000 -0.04746 0.11400 1 0 1.0
0 1.52780 -0.23730 0.43000 0.99027 0.13917 0.00000 -0.04746 0.08600 1 0 1.0
cl_black
0 -2.55623 -3.87105 0.00000 -0.22790 -0.40282 -0.88645 -0.51125 -0.77421 1 0 1.0
0 -2.52179 -4.11613 0.10251 -0.22790 -0.40282 -0.88645 -0.50436 -0.82323 1 0 1.0
0 -2.72821 -4.09928 0.14793 -0.22790 -0.40282 -0.88645 -0.54564 -0.81986 1 0 1.0
cl_black
0 -2.55623 -3.87105 0.00000 -0.32439 -0.33011 -0.88645 -0.51125 -0.77421 1 0 1.0
0 -2.72821 -4.09928 0.14793 -0.32439 -0.33011 -0.88645 -0.54564 -0.81986 1 0 1.0
0 -2.80131 -3.90549 0.10251 -0.32439 -0.33011 -0.88645 -0.56026 -0.78110 1 0 1.0
cl_black
0 -2.50752 -4.21764 0.35000 -0.24024 -0.92893 -0.28175 -0.50150 0.07000 1 0 1.0
0 -2.76686 -4.15057 0.35000 -0.24024 -0.92893 -0.28175 -0.55337 0.07000 1 0 1.0
0 -2.72821 -4.09928 0.14793 -0.24024 -0.92893 -0.28175 -0.54564 0.02959 1 0 1.0
cl_black
0 -2.50752 -4.21764 0.35000 -0.15564 -0.91704 -0.36718 -0.50150 0.07000 1 0 1.0
0 -2.72821 -4.09928 0.14793 -0.15564 -0.91704 -0.36718 -0.54564 0.02959 1 0 1.0
0 -2.52179 -4.11613 0.10251 -0.15564 -0.91704 -0.36718 -0.50436 0.02050 1 0 1.0
cl_black
0 -2.90282 -3.91976 0.35000 -0.83861 -0.40238 -0.36718 -0.78395 0.07000 1 0 1.0
0 -2.80131 -3.90549 0.10251 -0.83861 -0.40238 -0.36718 -0.78110 0.02050 1 0 1.0
0 -2.72821 -4.09928 0.14793 -0.83861 -0.40238 -0.36718 -0.81986 0.02959 1 0 1.0
cl_black
0 -2.90282 -3.91976 0.35000 -0.82672 -0.48698 -0.28175 -0.78395 0.07000 1 0 1.0
0 -2.72821 -4.09928 0.14793 -0.82672 -0.48698 -0.28175 -0.81986 0.02959 1 0 1.0
0 -2.76686 -4.15057 0.35000 -0.82672 -0.48698 -0.28175 -0.83011 0.07000 1 0 1.0
cl_black
0 -2.50752 -4.21764 0.65000 -0.15564 -0.91704 0.36718 -0.50150 0.13000 1 0 1.0
0 -2.52179 -4.11613 0.89749 -0.15564 -0.91704 0.36718 -0.50436 0.17950 1 0 1.0
0 -2.72821 -4.09928 0.85207 -0.15564 -0.91704 0.36718 -0.54564 0.17041 1 0 1.0
cl_black
0 -2.50752 -4.21764 0.65000 -0.24024 -0.92893 0.28175 -0.50150 0.13000 1 0 1.0
0 -2.72821 -4.09928 0.85207 -0.24024 -0.92893 0.28175 -0.54564 0.17041 1 0 1.0
0 -2.76686 -4.15057 0.65000 -0.24024 -0.92893 0.28175 -0.55337 0.13000 1 0 1.0
cl_black
0 -2.55623 -3.87105 1.00000 -0.32439 -0.33011 0.88645 -0.51125 -0.77421 1 0 1.0
0 -2.80131 -3.90549 0.89749 -0.32439 -0.33011 0.88645 -0.56026 -0.78110 1 0 1.0
0 -2.72821 -4.09928 0.85207 -0.32439 -0.33011 0.88645 -0.54564 -0.81986 1 0 1.0
cl_black
0 -2.55623 -3.87105 1.00000 -0.22790 -0.40282 0.88645 -0.51125 -0.77421 1 0 1.0
0 -2.72821 -4.09928 0.85207 -0.22790 -0.40282 0.88645 -0.54564 -0.81986 1 0 1.0
0 -2.52179 -4.11613 0.89749 -0.22790 -0.40282 0.88645 -0.50436 -0.82323 1 0 1.0
cl_black
0 -2.90282 -3.91976 0.65000 -0.82672 -0.48698 0.28175 -0.78395 0.13000 1 0 1.0
0 -2.76686 -4.15057 0.65000 -0.82672 -0.48698 0.28175 -0.83011 0.13000 1 0 1.0
0 -2.72821 -4.09928 0.85207 -0.82672 -0.48698 0.28175 -0.81986 0.17041 1 0 1.0
cl_black
0 -2.90282 -3.91976 0.65000 -0.83861 -0.40238 0.36718 -0.78395 0.13000 1 0 1.0
0 -2.72821 -4.09928 0.85207 -0.83861 -0.40238 0.36718 -0.81986 0.17041 1 0 1.0
0 -2.80131 -3.90549 0.89749 -0.83861 -0.40238 0.36718 -0.78110 0.17950 1 0 1.0
cl_black
0 -2.89024 -1.49440 0.00000 -0.40282 0.22790 -0.88645 -0.57805 -0.29888 1 0 1.0
0 -3.13532 -1.52885 0.10251 -0.40282 0.22790 -0.88645 -0.62706 -0.30577 1 0 1.0
0 -3.11847 -1.32242 0.14793 -0.40282 0.22790 -0.88645 -0.62369 -0.26448 1 0 1.0
cl_black
0 -2.89024 -1.49440 0.00000 -0.33011 0.32440 -0.88645 -0.57805 -0.29888 1 0 1.0
0 -3.11847 -1.32242 0.14793 -0.33011 0.32440 -0.88645 -0.62369 -0.26448 1 0 1.0
0 -2.92469 -1.24933 0.10251 -0.33011 0.32440 -0.88645 -0.58494 -0.24987 1 0 1.0
cl_black
0 -3.23684 -1.54312 0.35000 -0.92893 0.24024 -0.28175 -0.30862 0.07000 1 0 1.0
0 -3.16977 -1.28377 0.35000 -0.92893 0.24024 -0.28175 -0.25675 0.07000 1 0 1.0
0 -3.11847 -1.32242 0.14793 -0.92893 0.24024 -0.28175 -0.26448 0.02959 1 0 1.0
cl_black
0 -3.23684 -1.54312 0.35000 -0.91704 0.15563 -0.36718 -0.30862 0.07000 1 0 1.0
0 -3.11847 -1.32242 0.14793 -0.91704 0.15563 -0.36718 -0.26448 0.02959 1 0 1.0
0 -3.13532 -1.52885 0.10251 -0.91704 0.15563 -0.36718 -0.30577 0.02050 1 0 1.0
cl_black
0 -2.93896 -1.14781 0.35000 -0.40238 0.83861 -0.36718 -0.58779 0.07000 1 0 1.0
0 -2.92469 -1.24933 0.10251 -0.40238 0.83861 -0.36718 -0.58494 0.02050 1 0 1.0
0 -3.11847 -1.32242 0.14793 -0.40238 0.83861 -0.36718 -0.62369 0.02959 1 0 1.0
cl_black
0 -2.93896 -1.14781 0.35000 -0.48698 0.82672 -0.28175 -0.58779 0.07000 1 0 1.0
0 -3.11847 -1.32242 0.14793 -0.48698 0.82672 -0.28175 -0.62369 0.02959 1 0 1.0
0 -3.16977 -1.28377 0.35000 -0.48698 0.82672 -0.28175 -0.63395 0.07000 1 0 1.0
cl_black
0 -2.89024 -1.49440 1.00000 -0.33011 0.32439 0.88645 -0.57805 -0.29888 1 0 1.0
0 -2.92469 -1.24933 0.89749 -0.33011 0.32439 0.88645 -0.58494 -0.24987 1 0 1.0
0 -3.11847 -1.32242 0.85207 -0.33011 0.32439 0.88645 -0.62369 -0.26448 1 0 1.0
cl_black
0 -2.89024 -1.49440 1.00000 -0.40282 0.22790 0.88645 -0.57805 -0.29888 1 0 1.0
0 -3.11847 -1.32242 0.85207 -0.40282 0.22790 0.88645 -0.62369 -0.26448 1 0 1.0
0 -3.13532 -1.52885 0.89749 -0.40282 0.22790 0.88645 -0.62706 -0.30577 1 0 1.0
cl_black
0 -2.93896 -1.14781 0.65000 -0.48698 0.82672 0.28175 -0.58779 0.13000 1 0 1.0
0 -3.16977 -1.28377 0.65000 -0.48698 0.82672 0.28175 -0.63395 0.13000 1 0 1.0
0 -3.11847 -1.32242 0.85207 -0.48698 0.82672 0.28175 -0.62369 0.17041 1 0 1.0
cl_black
0 -2.93896 -1.14781 0.65000 -0.40238 0.83861 0.36718 -0.58779 0.13000 1 0 1.0
0 -3.11847 -1.32242 0.85207 -0.40238 0.83861 0.36718 -0.62369 0.17041 1 0 1.0
0 -2.92469 -1.24933 0.89749 -0.40238 0.83861 0.36718 -0.58494 0.17950 1 0 1.0
cl_black
0 -3.23684 -1.54312 0.65000 -0.91704 0.15563 0.36718 -0.30862 0.13000 1 0 1.0
0 -3.13532 -1.52885 0.89749 -0.91704 0.15563 0.36718 -0.30577 0.17950 1 0 1.0
0 -3.11847 -1.32242 0.85207 -0.91704 0.15563 0.36718 -0.26448 0.17041 1 0 1.0
cl_black
0 -3.23684 -1.54312 0.65000 -0.92893 0.24024 0.28175 -0.30862 0.13000 1 0 1.0
0 -3.11847 -1.32242 0.85207 -0.92893 0.24024 0.28175 -0.26448 0.17041 1 0 1.0
0 -3.16977 -1.28377 0.65000 -0.92893 0.24024 0.28175 -0.25675 0.13000 1 0 1.0
cl_black
0 -1.66499 -3.74579 0.00000 0.40282 -0.22790 -0.88645 -0.33300 -0.74916 1 0 1.0
0 -1.41991 -3.71135 0.10251 0.40282 -0.22790 -0.88645 -0.28398 -0.74227 1 0 1.0
0 -1.43676 -3.91777 0.14793 0.40282 -0.22790 -0.88645 -0.28735 -0.78355 1 0 1.0
cl_black
0 -1.66499 -3.74579 0.00000 0.33011 -0.32440 -0.88645 -0.33300 -0.74916 1 0 1.0
0 -1.43676 -3.91777 0.14793 0.33011 -0.32440 -0.88645 -0.28735 -0.78355 1 0 1.0
0 -1.63054 -3.99087 0.10251 0.33011 -0.32440 -0.88645 -0.32611 -0.79817 1 0 1.0
cl_black
0 -1.31839 -3.69708 0.35000 0.92893 -0.24024 -0.28175 -0.73942 0.07000 1 0 1.0
0 -1.38547 -3.95643 0.35000 0.92893 -0.24024 -0.28175 -0.79129 0.07000 1 0 1.0
0 -1.43676 -3.91777 0.14793 0.92893 -0.24024 -0.28175 -0.78355 0.02959 1 0 1.0
cl_black
0 -1.31839 -3.69708 0.35000 0.91704 -0.15563 -0.36718 -0.73942 0.07000 1 0 1.0
0 -1.43676 -3.91777 0.14793 0.91704 -0.15563 -0.36718 -0.78355 0.02959 1 0 1.0
0 -1.41991 -3.71135 0.10251 0.91704 -0.15563 -0.36718 -0.74227 0.02050 1 0 1.0
cl_black
0 -1.61628 -4.09239 0.35000 0.40238 -0.83861 -0.36718 -0.32326 0.07000 1 0 1.0
0 -1.63054 -3.99087 0.10251 0.40238 -0.83861 -0.36718 -0.32611 0.02050 1 0 1.0
0 -1.43676 -3.91777 0.14793 0.40238 -0.83861 -0.36718 -0.28735 0.02959 1 0 1.0
cl_black
0 -1.61628 -4.09239 0.35000 0.48698 -0.82672 -0.28175 -0.32326 0.07000 1 0 1.0
0 -1.43676 -3.91777 0.14793 0.48698 -0.82672 -0.28175 -0.28735 0.02959 1 0 1.0
0 -1.38547 -3.95643 0.35000 0.48698 -0.82672 -0.28175 -0.27709 0.07000 1 0 1.0
cl_black
0 -1.66499 -3.74579 1.00000 0.33011 -0.32440 0.88645 -0.33300 -0.74916 1 0 1.0
0 -1.63054 -3.99087 0.89749 0.33011 -0.32440 0.88645 -0.32611 -0.79817 1 0 1.0
0 -1.43676 -3.91777 0.85207 0.33011 -0.32440 0.88645 -0.28735 -0.78355 1 0 1.0
cl_black
0 -1.66499 -3.74579 1.00000 0.40282 -0.22790 0.88645 -0.33300 -0.74916 1 0 1.0
0 -1.43676 -3.91777 0.85207 0.40282 -0.22790 0.88645 -0.28735 -0.78355 1 0 1.0
0 -1.41991 -3.71135 0.89749 0.40282 -0.22790 0.88645 -0.28398 -0.74227 1 0 1.0
cl_black
0 -1.61628 -4.09239 0.65000 0.48698 -0.82672 0.28175 -0.32326 0.13000 1 0 1.0
0 -1.38547 -3.95643 0.65000 0.48698 -0.82672 0.28175 -0.27709 0.13000 1 0 1.0
0 -1.43676 -3.91777 0.85207 0.48698 -0.82672 0.28175 -0.28735 0.17041 1 0 1.0
cl_black
0 -1.61628 -4.09239 0.65000 0.40238 -0.83861 0.36718 -0.32326 0.13000 1 0 1.0
0 -1.43676 -3.91777 0.85207 0.40238 -0.83861 0.36718 -0.28735 0.17041 1 0 1.0
0 -1.63054 -3.99087 0.89749 0.40238 -0.83861 0.36718 -0.32611 0.17950 1 0 1.0
cl_black
0 -1.31839 -3.69708 0.65000 0.91704 -0.15563 0.36718 -0.73942 0.13000 1 0 1.0
0 -1.41991 -3.71135 0.89749 0.91704 -0.15563 0.36718 -0.74227 0.17950 1 0 1.0
0 -1.43676 -3.91777 0.85207 0.91704 -0.15563 0.36718 -0.78355 0.17041 1 0 1.0
cl_black
0 -1.31839 -3.69708 0.65000 0.92893 -0.24024 0.28175 -0.73942 0.13000 1 0 1.0
0 -1.43676 -3.91777 0.85207 0.92893 -0.24024 0.28175 -0.78355 0.17041 1 0 1.0
0 -1.38547 -3.95643 0.65000 0.92893 -0.24024 0.28175 -0.79129 0.13000 1 0 1.0
cl_black
0 -1.99900 -1.36915 0.00000 0.22790 0.40282 -0.88645 -0.39980 -0.27383 1 0 1.0
0 -2.03345 -1.12407 0.10251 0.22790 0.40282 -0.88645 -0.40669 -0.22481 1 0 1.0
0 -1.82702 -1.14092 0.14793 0.22790 0.40282 -0.88645 -0.36540 -0.22818 1 0 1.0
cl_black
0 -1.99900 -1.36915 0.00000 0.32439 0.33011 -0.88645 -0.39980 -0.27383 1 0 1.0
0 -1.82702 -1.14092 0.14793 0.32439 0.33011 -0.88645 -0.36540 -0.22818 1 0 1.0
0 -1.75392 -1.33470 0.10251 0.32439 0.33011 -0.88645 -0.35078 -0.26694 1 0 1.0
cl_black
0 -2.04771 -1.02255 0.35000 0.24024 0.92893 -0.28175 -0.40954 0.07000 1 0 1.0
0 -1.78837 -1.08963 0.35000 0.24024 0.92893 -0.28175 -0.35767 0.07000 1 0 1.0
0 -1.82702 -1.14092 0.14793 0.24024 0.92893 -0.28175 -0.36540 0.02959 1 0 1.0
cl_black
0 -2.04771 -1.02255 0.35000 0.15564 0.91704 -0.36718 -0.40954 0.07000 1 0 1.0
0 -1.82702 -1.14092 0.14793 0.15564 0.91704 -0.36718 -0.36540 0.02959 1 0 1.0
0 -2.03345 -1.12407 0.10251 0.15564 0.91704 -0.36718 -0.40669 0.02050 1 0 1.0
cl_black
0 -1.65241 -1.32044 0.35000 0.83861 0.40238 -0.36718 -0.26409 0.07000 1 0 1.0
0 -1.75392 -1.33470 0.10251 0.83861 0.40238 -0.36718 -0.26694 0.02050 1 0 1.0
0 -1.82702 -1.14092 0.14793 0.83861 0.40238 -0.36718 -0.22818 0.02959 1 0 1.0
cl_black
0 -1.65241 -1.32044 0.35000 0.82672 0.48698 -0.28175 -0.26409 0.07000 1 0 1.0
0 -1.82702 -1.14092 0.14793 0.82672 0.48698 -0.28175 -0.22818 0.02959 1 0 1.0
0 -1.78837 -1.08963 0.35000 0.82672 0.48698 -0.28175 -0.21793 0.07000 1 0 1.0
cl_black
0 -1.99900 -1.36915 1.00000 0.32440 0.33011 0.88645 -0.39980 -0.27383 1 0 1.0
0 -1.75392 -1.33470 0.89749 0.32440 0.33011 0.88645 -0.35078 -0.26694 1 0 1.0
0 -1.82702 -1.14092 0.85207 0.32440 0.33011 0.88645 -0.36540 -0.22818 1 0 1.0
cl_black
0 -1.99900 -1.36915 1.00000 0.22790 0.40282 0.88645 -0.39980 -0.27383 1 0 1.0
0 -1.82702 -1.14092 0.85207 0.22790 0.40282 0.88645 -0.36540 -0.22818 1 0 1.0
0 -2.03345 -1.12407 0.89749 0.22790 0.40282 0.88645 -0.40669 -0.22481 1 0 1.0
cl_black
0 -1.65241 -1.32044 0.65000 0.82672 0.48698 0.28175 -0.26409 0.13000 1 0 1.0
0 -1.78837 -1.08963 0.65000 0.82672 0.48698 0.28175 -0.21793 0.13000 1 0 1.0
0 -1.82702 -1.14092 0.85207 0.82672 0.48698 0.28175 -0.22818 0.17041 1 0 1.0
cl_black
0 -1.65241 -1.32044 0.65000 0.83861 0.40238 0.36718 -0.26409 0.13000 1 0 1.0
0 -1.82702 -1.14092 0.85207 0.83861 0.40238 0.36718 -0.22818 0.17041 1 0 1.0
0 -1.75392 -1.33470 0.89749 0.83861 0.40238 0.36718 -0.26694 0.17950 1 0 1.0
cl_black
0 -2.04771 -1.02255 0.65000 0.15564 0.91704 0.36718 -0.40954 0.13000 1 0 1.0
0 -2.03345 -1.12407 0.89749 0.15564 0.91704 0.36718 -0.40669 0.17950 1 0 1.0
0 -1.82702 -1.14092 0.85207 0.15564 0.91704 0.36718 -0.36540 0.17041 1 0 1.0
cl_black
0 -2.04771 -1.02255 0.65000 0.24024 0.92893 0.28175 -0.40954 0.13000 1 0 1.0
0 -1.82702 -1.14092 0.85207 0.24024 0.92893 0.28175 -0.36540 0.17041 1 0 1.0
0 -1.78837 -1.08963 0.65000 0.24024 0.92893 0.28175 -0.35767 0.13000 1 0 1.0
cl_black
0 -2.89024 -1.49440 0.00000 -0.37896 -0.05326 -0.92388 -0.57805 -0.29888 1 0 1.0
0 -2.55623 -3.87105 0.00000 -0.37896 -0.05326 -0.92388 -0.51125 -0.77421 1 0 1.0
0 -2.80131 -3.90549 0.10251 -0.37896 -0.05326 -0.92388 -0.56026 -0.78110 1 0 1.0
cl_black
0 -2.89024 -1.49440 0.00000 -0.37896 -0.05326 -0.92388 -0.57805 -0.29888 1 0 1.0
0 -2.80131 -3.90549 0.10251 -0.37896 -0.05326 -0.92388 -0.56026 -0.78110 1 0 1.0
0 -3.13532 -1.52885 0.10251 -0.37896 -0.05326 -0.92388 -0.62706 -0.30577 1 0 1.0
cl_black
0 -3.13532 -1.52885 0.10251 -0.91489 -0.12858 -0.38268 -0.30577 0.02050 1 0 1.0
0 -2.80131 -3.90549 0.10251 -0.91489 -0.12858 -0.38268 -0.78110 0.02050 1 0 1.0
0 -2.90282 -3.91976 0.35000 -0.91489 -0.12858 -0.38268 -0.78395 0.07000 1 0 1.0
cl_black
0 -3.13532 -1.52885 0.10251 -0.91489 -0.12858 -0.38268 -0.30577 0.02050 1 0 1.0
0 -2.90282 -3.91976 0.35000 -0.91489 -0.12858 -0.38268 -0.78395 0.07000 1 0 1.0
0 -3.23684 -1.54312 0.35000 -0.91489 -0.12858 -0.38268 -0.30862 0.07000 1 0 1.0
cl_black
0 -2.50752 -4.21764 0.35000 -0.25038 -0.96815 0.00000 -0.50150 0.07000 1 0 1.0
0 -2.50752 -4.21764 0.65000 -0.25038 -0.96815 0.00000 -0.50150 0.13000 1 0 1.0
0 -2.76686 -4.15057 0.65000 -0.25038 -0.96815 0.00000 -0.55337 0.13000 1 0 1.0
cl_black
0 -2.50752 -4.21764 0.35000 -0.25038 -0.96815 0.00000 -0.50150 0.07000 1 0 1.0
0 -2.76686 -4.15057 0.65000 -0.25038 -0.96815 0.00000 -0.55337 0.13000 1 0 1.0
0 -2.76686 -4.15057 0.35000 -0.25038 -0.96815 0.00000 -0.55337 0.07000 1 0 1.0
cl_black
0 -2.76686 -4.15057 0.35000 -0.86163 -0.50754 0.00000 -0.83011 0.07000 1 0 1.0
0 -2.76686 -4.15057 0.65000 -0.86163 -0.50754 0.00000 -0.83011 0.13000 1 0 1.0
0 -2.90282 -3.91976 0.65000 -0.86163 -0.50754 0.00000 -0.78395 0.13000 1 0 1.0
cl_black
0 -2.76686 -4.15057 0.35000 -0.86163 -0.50754 0.00000 -0.83011 0.07000 1 0 1.0
0 -2.90282 -3.91976 0.65000 -0.86163 -0.50754 0.00000 -0.78395 0.13000 1 0 1.0
0 -2.90282 -3.91976 0.35000 -0.86163 -0.50754 0.00000 -0.78395 0.07000 1 0 1.0
cl_black
0 -2.55623 -3.87105 1.00000 -0.37896 -0.05326 0.92388 -0.51125 -0.77421 1 0 1.0
0 -2.89024 -1.49440 1.00000 -0.37896 -0.05326 0.92388 -0.57805 -0.29888 1 0 1.0
0 -3.13532 -1.52885 0.89749 -0.37896 -0.05326 0.92388 -0.62706 -0.30577 1 0 1.0
cl_black
0 -2.55623 -3.87105 1.00000 -0.37896 -0.05326 0.92388 -0.51125 -0.77421 1 0 1.0
0 -3.13532 -1.52885 0.89749 -0.37896 -0.05326 0.92388 -0.62706 -0.30577 1 0 1.0
0 -2.80131 -3.90549 0.89749 -0.37896 -0.05326 0.92388 -0.56026 -0.78110 1 0 1.0
cl_black
0 -2.80131 -3.90549 0.89749 -0.91489 -0.12858 0.38268 -0.78110 0.17950 1 0 1.0
0 -3.13532 -1.52885 0.89749 -0.91489 -0.12858 0.38268 -0.30577 0.17950 1 0 1.0
0 -3.23684 -1.54312 0.65000 -0.91489 -0.12858 0.38268 -0.30862 0.13000 1 0 1.0
cl_black
0 -2.80131 -3.90549 0.89749 -0.91489 -0.12858 0.38268 -0.78110 0.17950 1 0 1.0
0 -3.23684 -1.54312 0.65000 -0.91489 -0.12858 0.38268 -0.30862 0.13000 1 0 1.0
0 -2.90282 -3.91976 0.65000 -0.91489 -0.12858 0.38268 -0.78395 0.13000 1 0 1.0
cl_black
0 -2.93896 -1.14781 0.65000 -0.50754 0.86163 0.00000 -0.58779 0.13000 1 0 1.0
0 -2.93896 -1.14781 0.35000 -0.50754 0.86163 0.00000 -0.58779 0.07000 1 0 1.0
0 -3.16977 -1.28377 0.35000 -0.50754 0.86163 0.00000 -0.63395 0.07000 1 0 1.0
cl_black
0 -2.93896 -1.14781 0.65000 -0.50754 0.86163 0.00000 -0.58779 0.13000 1 0 1.0
0 -3.16977 -1.28377 0.35000 -0.50754 0.86163 0.00000 -0.63395 0.07000 1 0 1.0
0 -3.16977 -1.28377 0.65000 -0.50754 0.86163 0.00000 -0.63395 0.13000 1 0 1.0
cl_black
0 -3.16977 -1.28377 0.65000 -0.96815 0.25038 0.00000 -0.25675 0.13000 1 0 1.0
0 -3.16977 -1.28377 0.35000 -0.96815 0.25038 0.00000 -0.25675 0.07000 1 0 1.0
0 -3.23684 -1.54312 0.35000 -0.96815 0.25038 0.00000 -0.30862 0.07000 1 0 1.0
cl_black
0 -3.16977 -1.28377 0.65000 -0.96815 0.25038 0.00000 -0.25675 0.13000 1 0 1.0
0 -3.23684 -1.54312 0.35000 -0.96815 0.25038 0.00000 -0.30862 0.07000 1 0 1.0
0 -3.23684 -1.54312 0.65000 -0.96815 0.25038 0.00000 -0.30862 0.13000 1 0 1.0
cl_black
0 -1.99900 -1.36915 0.00000 -0.05326 0.37896 -0.92388 -0.39980 -0.27383 1 0 1.0
0 -2.89024 -1.49440 0.00000 -0.05326 0.37896 -0.92388 -0.57805 -0.29888 1 0 1.0
0 -2.92469 -1.24933 0.10251 -0.05326 0.37896 -0.92388 -0.58494 -0.24987 1 0 1.0
cl_black
0 -1.99900 -1.36915 0.00000 -0.05326 0.37896 -0.92388 -0.39980 -0.27383 1 0 1.0
0 -2.92469 -1.24933 0.10251 -0.05326 0.37896 -0.92388 -0.58494 -0.24987 1 0 1.0
0 -2.03345 -1.12407 0.10251 -0.05326 0.37896 -0.92388 -0.40669 -0.22481 1 0 1.0
cl_black
0 -2.03345 -1.12407 0.10251 -0.12858 0.91489 -0.38268 -0.40669 0.02050 1 0 1.0
0 -2.92469 -1.24933 0.10251 -0.12858 0.91489 -0.38268 -0.58494 0.02050 1 0 1.0
0 -2.93896 -1.14781 0.35000 -0.12858 0.91489 -0.38268 -0.58779 0.07000 1 0 1.0
cl_black
0 -2.03345 -1.12407 0.10251 -0.12858 0.91489 -0.38268 -0.40669 0.02050 1 0 1.0
0 -2.93896 -1.14781 0.35000 -0.12858 0.91489 -0.38268 -0.58779 0.07000 1 0 1.0
0 -2.04771 -1.02255 0.35000 -0.12858 0.91489 -0.38268 -0.40954 0.07000 1 0 1.0
cl_black
0 -2.89024 -1.49440 1.00000 -0.05326 0.37896 0.92388 -0.57805 -0.29888 1 0 1.0
0 -1.99900 -1.36915 1.00000 -0.05326 0.37896 0.92388 -0.39980 -0.27383 1 0 1.0
0 -2.03345 -1.12407 0.89749 -0.05326 0.37896 0.92388 -0.40669 -0.22481 1 0 1.0
cl_black
0 -2.89024 -1.49440 1.00000 -0.05326 0.37896 0.92388 -0.57805 -0.29888 1 0 1.0
0 -2.03345 -1.12407 0.89749 -0.05326 0.37896 0.92388 -0.40669 -0.22481 1 0 1.0
0 -2.92469 -1.24933 0.89749 -0.05326 0.37896 0.92388 -0.58494 -0.24987 1 0 1.0
cl_black
0 -2.92469 -1.24933 0.89749 -0.12858 0.91489 0.38268 -0.58494 0.17950 1 0 1.0
0 -2.03345 -1.12407 0.89749 -0.12858 0.91489 0.38268 -0.40669 0.17950 1 0 1.0
0 -2.04771 -1.02255 0.65000 -0.12858 0.91489 0.38268 -0.40954 0.13000 1 0 1.0
cl_black
0 -2.92469 -1.24933 0.89749 -0.12858 0.91489 0.38268 -0.58494 0.17950 1 0 1.0
0 -2.04771 -1.02255 0.65000 -0.12858 0.91489 0.38268 -0.40954 0.13000 1 0 1.0
0 -2.93896 -1.14781 0.65000 -0.12858 0.91489 0.38268 -0.58779 0.13000 1 0 1.0
cl_black
0 -1.65241 -1.32044 0.65000 0.86163 0.50754 0.00000 -0.26409 0.13000 1 0 1.0
0 -1.65241 -1.32044 0.35000 0.86163 0.50754 0.00000 -0.26409 0.07000 1 0 1.0
0 -1.78837 -1.08963 0.35000 0.86163 0.50754 0.00000 -0.21793 0.07000 1 0 1.0
cl_black
0 -1.65241 -1.32044 0.65000 0.86163 0.50754 0.00000 -0.26409 0.13000 1 0 1.0
0 -1.78837 -1.08963 0.35000 0.86163 0.50754 0.00000 -0.21793 0.07000 1 0 1.0
0 -1.78837 -1.08963 0.65000 0.86163 0.50754 0.00000 -0.21793 0.13000 1 0 1.0
cl_black
0 -1.78837 -1.08963 0.65000 0.25038 0.96815 0.00000 -0.35767 0.13000 1 0 1.0
0 -1.78837 -1.08963 0.35000 0.25038 0.96815 0.00000 -0.35767 0.07000 1 0 1.0
0 -2.04771 -1.02255 0.35000 0.25038 0.96815 0.00000 -0.40954 0.07000 1 0 1.0
cl_black
0 -1.78837 -1.08963 0.65000 0.25038 0.96815 0.00000 -0.35767 0.13000 1 0 1.0
0 -2.04771 -1.02255 0.35000 0.25038 0.96815 0.00000 -0.40954 0.07000 1 0 1.0
0 -2.04771 -1.02255 0.65000 0.25038 0.96815 0.00000 -0.40954 0.13000 1 0 1.0
cl_black
0 -1.66499 -3.74579 0.00000 0.37896 0.05326 -0.92388 -0.33300 -0.74916 1 0 1.0
0 -1.99900 -1.36915 0.00000 0.37896 0.05326 -0.92388 -0.39980 -0.27383 1 0 1.0
0 -1.75392 -1.33470 0.10251 0.37896 0.05326 -0.92388 -0.35078 -0.26694 1 0 1.0
cl_black
0 -1.66499 -3.74579 0.00000 0.37896 0.05326 -0.92388 -0.33300 -0.74916 1 0 1.0
0 -1.75392 -1.33470 0.10251 0.37896 0.05326 -0.92388 -0.35078 -0.26694 1 0 1.0
0 -1.41991 -3.71135 0.10251 0.37896 0.05326 -0.92388 -0.28398 -0.74227 1 0 1.0
cl_black
0 -1.41991 -3.71135 0.10251 0.91489 0.12858 -0.38268 -0.74227 0.02050 1 0 1.0
0 -1.75392 -1.33470 0.10251 0.91489 0.12858 -0.38268 -0.26694 0.02050 1 0 1.0
0 -1.65241 -1.32044 0.35000 0.91489 0.12858 -0.38268 -0.26409 0.07000 1 0 1.0
cl_black
0 -1.41991 -3.71135 0.10251 0.91489 0.12858 -0.38268 -0.74227 0.02050 1 0 1.0
0 -1.65241 -1.32044 0.35000 0.91489 0.12858 -0.38268 -0.26409 0.07000 1 0 1.0
0 -1.31839 -3.69708 0.35000 0.91489 0.12858 -0.38268 -0.73942 0.07000 1 0 1.0
cl_black
0 -1.99900 -1.36915 1.00000 0.37896 0.05326 0.92388 -0.39980 -0.27383 1 0 1.0
0 -1.66499 -3.74579 1.00000 0.37896 0.05326 0.92388 -0.33300 -0.74916 1 0 1.0
0 -1.41991 -3.71135 0.89749 0.37896 0.05326 0.92388 -0.28398 -0.74227 1 0 1.0
cl_black
0 -1.99900 -1.36915 1.00000 0.37896 0.05326 0.92388 -0.39980 -0.27383 1 0 1.0
0 -1.41991 -3.71135 0.89749 0.37896 0.05326 0.92388 -0.28398 -0.74227 1 0 1.0
0 -1.75392 -1.33470 0.89749 0.37896 0.05326 0.92388 -0.35078 -0.26694 1 0 1.0
cl_black
0 -1.75392 -1.33470 0.89749 0.91489 0.12858 0.38268 -0.26694 0.17950 1 0 1.0
0 -1.41991 -3.71135 0.89749 0.91489 0.12858 0.38268 -0.74227 0.17950 1 0 1.0
0 -1.31839 -3.69708 0.65000 0.91489 0.12858 0.38268 -0.73942 0.13000 1 0 1.0
cl_black
0 -1.75392 -1.33470 0.89749 0.91489 0.12858 0.38268 -0.26694 0.17950 1 0 1.0
0 -1.31839 -3.69708 0.65000 0.91489 0.12858 0.38268 -0.73942 0.13000 1 0 1.0
0 -1.65241 -1.32044 0.65000 0.91489 0.12858 0.38268 -0.26409 0.13000 1 0 1.0
cl_black
0 -1.61628 -4.09239 0.65000 0.50754 -0.86163 0.00000 -0.32326 0.13000 1 0 1.0
0 -1.61628 -4.09239 0.35000 0.50754 -0.86163 0.00000 -0.32326 0.07000 1 0 1.0
0 -1.38547 -3.95643 0.35000 0.50754 -0.86163 0.00000 -0.27709 0.07000 1 0 1.0
cl_black
0 -1.61628 -4.09239 0.65000 0.50754 -0.86163 0.00000 -0.32326 0.13000 1 0 1.0
0 -1.38547 -3.95643 0.35000 0.50754 -0.86163 0.00000 -0.27709 0.07000 1 0 1.0
0 -1.38547 -3.95643 0.65000 0.50754 -0.86163 0.00000 -0.27709 0.13000 1 0 1.0
cl_black
0 -1.38547 -3.95643 0.65000 0.96815 -0.25038 0.00000 -0.79129 0.13000 1 0 1.0
0 -1.38547 -3.95643 0.35000 0.96815 -0.25038 0.00000 -0.79129 0.07000 1 0 1.0
0 -1.31839 -3.69708 0.35000 0.96815 -0.25038 0.00000 -0.73942 0.07000 1 0 1.0
cl_black
0 -1.38547 -3.95643 0.65000 0.96815 -0.25038 0.00000 -0.79129 0.13000 1 0 1.0
0 -1.31839 -3.69708 0.35000 0.96815 -0.25038 0.00000 -0.73942 0.07000 1 0 1.0
0 -1.31839 -3.69708 0.65000 0.96815 -0.25038 0.00000 -0.73942 0.13000 1 0 1.0
cl_black
0 -2.55623 -3.87105 0.00000 0.05326 -0.37896 -0.92388 -0.51125 -0.77421 1 0 1.0
0 -1.66499 -3.74579 0.00000 0.05326 -0.37896 -0.92388 -0.33300 -0.74916 1 0 1.0
0 -1.63054 -3.99087 0.10251 0.05326 -0.37896 -0.92388 -0.32611 -0.79817 1 0 1.0
cl_black
0 -2.55623 -3.87105 0.00000 0.05326 -0.37896 -0.92388 -0.51125 -0.77421 1 0 1.0
0 -1.63054 -3.99087 0.10251 0.05326 -0.37896 -0.92388 -0.32611 -0.79817 1 0 1.0
0 -2.52179 -4.11613 0.10251 0.05326 -0.37896 -0.92388 -0.50436 -0.82323 1 0 1.0
cl_black
0 -2.52179 -4.11613 0.10251 0.12858 -0.91489 -0.38268 -0.50436 0.02050 1 0 1.0
0 -1.63054 -3.99087 0.10251 0.12858 -0.91489 -0.38268 -0.32611 0.02050 1 0 1.0
0 -1.61628 -4.09239 0.35000 0.12858 -0.91489 -0.38268 -0.32326 0.07000 1 0 1.0
cl_black
0 -2.52179 -4.11613 0.10251 0.12858 -0.91489 -0.38268 -0.50436 0.02050 1 0 1.0
0 -1.61628 -4.09239 0.35000 0.12858 -0.91489 -0.38268 -0.32326 0.07000 1 0 1.0
0 -2.50752 -4.21764 0.35000 0.12858 -0.91489 -0.38268 -0.50150 0.07000 1 0 1.0
cl_black
0 -1.66499 -3.74579 1.00000 0.05326 -0.37896 0.92388 -0.33300 -0.74916 1 0 1.0
0 -2.55623 -3.87105 1.00000 0.05326 -0.37896 0.92388 -0.51125 -0.77421 1 0 1.0
0 -2.52179 -4.11613 0.89749 0.05326 -0.37896 0.92388 -0.50436 -0.82323 1 0 1.0
cl_black
0 -1.66499 -3.74579 1.00000 0.05326 -0.37896 0.92388 -0.33300 -0.74916 1 0 1.0
0 -2.52179 -4.11613 0.89749 0.05326 -0.37896 0.92388 -0.50436 -0.82323 1 0 1.0
0 -1.63054 -3.99087 0.89749 0.05326 -0.37896 0.92388 -0.32611 -0.79817 1 0 1.0
cl_black
0 -1.63054 -3.99087 0.89749 0.12858 -0.91489 0.38268 -0.32611 0.17950 1 0 1.0
0 -2.52179 -4.11613 0.89749 0.12858 -0.91489 0.38268 -0.50436 0.17950 1 0 1.0
0 -2.50752 -4.21764 0.65000 0.12858 -0.91489 0.38268 -0.50150 0.13000 1 0 1.0
cl_black
0 -1.63054 -3.99087 0.89749 0.12858 -0.91489 0.38268 -0.32611 0.17950 1 0 1.0
0 -2.50752 -4.21764 0.65000 0.12858 -0.91489 0.38268 -0.50150 0.13000 1 0 1.0
0 -1.61628 -4.09239 0.65000 0.12858 -0.91489 0.38268 -0.32326 0.13000 1 0 1.0
cl_black
0 -2.89024 -1.49440 0.00000 0.00000 0.00000 -1.00000 -0.57805 -0.29888 1 0 1.0
0 -1.99900 -1.36915 0.00000 0.00000 0.00000 -1.00000 -0.39980 -0.27383 1 0 1.0
0 -1.66499 -3.74579 0.00000 0.00000 0.00000 -1.00000 -0.33300 -0.74916 1 0 1.0
cl_black
0 -2.89024 -1.49440 0.00000 0.00000 0.00000 -1.00000 -0.57805 -0.29888 1 0 1.0
0 -1.66499 -3.74579 0.00000 0.00000 0.00000 -1.00000 -0.33300 -0.74916 1 0 1.0
0 -2.55623 -3.87105 0.00000 0.00000 0.00000 -1.00000 -0.51125 -0.77421 1 0 1.0
cl_black
0 -2.90282 -3.91976 0.35000 -0.99027 -0.13917 0.00000 -0.78395 0.07000 1 0 1.0
0 -2.90282 -3.91976 0.65000 -0.99027 -0.13917 0.00000 -0.78395 0.13000 1 0 1.0
0 -3.23684 -1.54312 0.65000 -0.99027 -0.13917 0.00000 -0.30862 0.13000 1 0 1.0
cl_black
0 -2.90282 -3.91976 0.35000 -0.99027 -0.13917 0.00000 -0.78395 0.07000 1 0 1.0
0 -3.23684 -1.54312 0.65000 -0.99027 -0.13917 0.00000 -0.30862 0.13000 1 0 1.0
0 -3.23684 -1.54312 0.35000 -0.99027 -0.13917 0.00000 -0.30862 0.07000 1 0 1.0
cl_black
0 -1.61628 -4.09239 0.35000 0.13917 -0.99027 0.00000 -0.32326 0.07000 1 0 1.0
0 -1.61628 -4.09239 0.65000 0.13917 -0.99027 0.00000 -0.32326 0.13000 1 0 1.0
0 -2.50752 -4.21764 0.65000 0.13917 -0.99027 0.00000 -0.50150 0.13000 1 0 1.0
cl_black
0 -1.61628 -4.09239 0.35000 0.13917 -0.99027 0.00000 -0.32326 0.07000 1 0 1.0
0 -2.50752 -4.21764 0.65000 0.13917 -0.99027 0.00000 -0.50150 0.13000 1 0 1.0
0 -2.50752 -4.21764 0.35000 0.13917 -0.99027 0.00000 -0.50150 0.07000 1 0 1.0
cl_black
0 -1.99900 -1.36915 1.00000 0.00000 0.00000 1.00000 -0.39980 -0.27383 1 0 1.0
0 -2.89024 -1.49440 1.00000 0.00000 0.00000 1.00000 -0.57805 -0.29888 1 0 1.0
0 -2.55623 -3.87105 1.00000 0.00000 0.00000 1.00000 -0.51125 -0.77421 1 0 1.0
cl_black
0 -1.99900 -1.36915 1.00000 0.00000 0.00000 1.00000 -0.39980 -0.27383 1 0 1.0
0 -2.55623 -3.87105 1.00000 0.00000 0.00000 1.00000 -0.51125 -0.77421 1 0 1.0
0 -1.66499 -3.74579 1.00000 0.00000 0.00000 1.00000 -0.33300 -0.74916 1 0 1.0
cl_black
0 -2.93896 -1.14781 0.35000 -0.13917 0.99027 0.00000 -0.58779 0.07000 1 0 1.0
0 -2.93896 -1.14781 0.65000 -0.13917 0.99027 0.00000 -0.58779 0.13000 1 0 1.0
0 -2.04771 -1.02255 0.65000 -0.13917 0.99027 0.00000 -0.40954 0.13000 1 0 1.0
cl_black
0 -2.93896 -1.14781 0.35000 -0.13917 0.99027 0.00000 -0.58779 0.07000 1 0 1.0
0 -2.04771 -1.02255 0.65000 -0.13917 0.99027 0.00000 -0.40954 0.13000 1 0 1.0
0 -2.04771 -1.02255 0.35000 -0.13917 0.99027 0.00000 -0.40954 0.07000 1 0 1.0
cl_black
0 -1.65241 -1.32044 0.35000 0.99027 0.13917 0.00000 -0.26409 0.07000 1 0 1.0
0 -1.65241 -1.32044 0.65000 0.99027 0.13917 0.00000 -0.26409 0.13000 1 0 1.0
0 -1.31839 -3.69708 0.65000 0.99027 0.13917 0.00000 -0.73942 0.13000 1 0 1.0
cl_black
0 -1.65241 -1.32044 0.35000 0.99027 0.13917 0.00000 -0.26409 0.07000 1 0 1.0
0 -1.31839 -3.69708 0.65000 0.99027 0.13917 0.00000 -0.73942 0.13000 1 0 1.0
0 -1.31839 -3.69708 0.35000 0.99027 0.13917 0.00000 -0.73942 0.07000 1 0 1.0
cl_black
0 -1.53947 1.40555 0.05000 -0.33011 -0.32440 -0.88645 -0.30789 0.28111 1 0 1.0
0 -1.57883 1.12546 0.16716 -0.33011 -0.32440 -0.88645 -0.31577 0.22509 1 0 1.0
0 -1.80030 1.20900 0.21906 -0.33011 -0.32440 -0.88645 -0.36006 0.24180 1 0 1.0
cl_black
0 -1.53947 1.40555 0.05000 -0.40282 -0.22790 -0.88645 -0.30789 0.28111 1 0 1.0
0 -1.80030 1.20900 0.21906 -0.40282 -0.22790 -0.88645 -0.36006 0.24180 1 0 1.0
0 -1.81956 1.44491 0.16716 -0.40282 -0.22790 -0.88645 -0.36391 0.28898 1 0 1.0
cl_black
0 -1.59513 1.00944 0.45000 -0.48698 -0.82672 -0.28175 -0.31903 0.09000 1 0 1.0
0 -1.85892 1.16482 0.45000 -0.48698 -0.82672 -0.28175 -0.37178 0.09000 1 0 1.0
0 -1.80030 1.20900 0.21906 -0.48698 -0.82672 -0.28175 -0.36006 0.04381 1 0 1.0
cl_black
0 -1.59513 1.00944 0.45000 -0.40238 -0.83861 -0.36718 -0.31903 0.09000 1 0 1.0
0 -1.80030 1.20900 0.21906 -0.40238 -0.83861 -0.36718 -0.36006 0.04381 1 0 1.0
0 -1.57883 1.12546 0.16716 -0.40238 -0.83861 -0.36718 -0.31577 0.03343 1 0 1.0
cl_black
0 -1.93557 1.46122 0.45000 -0.91704 -0.15564 -0.36718 0.29224 0.09000 1 0 1.0
0 -1.81956 1.44491 0.16716 -0.91704 -0.15564 -0.36718 0.28898 0.03343 1 0 1.0
0 -1.80030 1.20900 0.21906 -0.91704 -0.15564 -0.36718 0.24180 0.04381 1 0 1.0
cl_black
0 -1.93557 1.46122 0.45000 -0.92893 -0.24024 -0.28175 0.29224 0.09000 1 0 1.0
0 -1.80030 1.20900 0.21906 -0.92893 -0.24024 -0.28175 0.24180 0.04381 1 0 1.0
0 -1.85892 1.16482 0.45000 -0.92893 -0.24024 -0.28175 0.23296 0.09000 1 0 1.0
cl_black
0 -1.59513 1.00944 0.55000 -0.40238 -0.83861 0.36718 -0.31903 0.11000 1 0 1.0
0 -1.57883 1.12546 0.83284 -0.40238 -0.83861 0.36718 -0.31577 0.16657 1 0 1.0
0 -1.80030 1.20900 0.78094 -0.40238 -0.83861 0.36718 -0.36006 0.15619 1 0 1.0
cl_black
0 -1.59513 1.00944 0.55000 -0.48698 -0.82672 0.28175 -0.31903 0.11000 1 0 1.0
0 -1.80030 1.20900 0.78094 -0.48698 -0.82672 0.28175 -0.36006 0.15619 1 0 1.0
0 -1.85892 1.16482 0.55000 -0.48698 -0.82672 0.28175 -0.37178 0.11000 1 0 1.0
cl_black
0 -1.53947 1.40555 0.95000 -0.40282 -0.22790 0.88645 -0.30789 0.28111 1 0 1.0
0 -1.81956 1.44491 0.83284 -0.40282 -0.22790 0.88645 -0.36391 0.28898 1 0 1.0
0 -1.80030 1.20900 0.78094 -0.40282 -0.22790 0.88645 -0.36006 0.24180 1 0 1.0
cl_black
0 -1.53947 1.40555 0.95000 -0.33011 -0.32440 0.88645 -0.30789 0.28111 1 0 1.0
0 -1.80030 1.20900 0.78094 -0.33011 -0.32440 0.88645 -0.36006 0.24180 1 0 1.0
0 -1.57883 1.12546 0.83284 -0.33011 -0.32440 0.88645 -0.31577 0.22509 1 0 1.0
cl_black
0 -1.93557 1.46122 0.55000 -0.92893 -0.24024 0.28175 0.29224 0.11000 1 0 1.0
0 -1.85892 1.16482 0.55000 -0.92893 -0.24024 0.28175 0.23296 0.11000 1 0 1.0
0 -1.80030 1.20900 0.78094 -0.92893 -0.24024 0.28175 0.24180 0.15619 1 0 1.0
cl_black
0 -1.93557 1.46122 0.55000 -0.91704 -0.15564 0.36718 0.29224 0.11000 1 0 1.0
0 -1.80030 1.20900 0.78094 -0.91704 -0.15564 0.36718 0.24180 0.15619 1 0 1.0
0 -1.81956 1.44491 0.83284 -0.91704 -0.15564 0.36718 0.28898 0.16657 1 0 1.0
cl_black
0 -1.23328 3.58414 0.05000 -0.32440 0.33011 -0.88645 -0.24666 0.71683 1 0 1.0
0 -1.51338 3.62350 0.16716 -0.32440 0.33011 -0.88645 -0.30268 0.72470 1 0 1.0
0 -1.42984 3.84497 0.21906 -0.32440 0.33011 -0.88645 -0.28597 0.76899 1 0 1.0
cl_black
0 -1.23328 3.58414 0.05000 -0.22790 0.40282 -0.88645 -0.24666 0.71683 1 0 1.0
0 -1.42984 3.84497 0.21906 -0.22790 0.40282 -0.88645 -0.28597 0.76899 1 0 1.0
0 -1.19392 3.86423 0.16716 -0.22790 0.40282 -0.88645 -0.23878 0.77285 1 0 1.0
cl_black
0 -1.62939 3.63981 0.45000 -0.82672 0.48698 -0.28175 0.72796 0.09000 1 0 1.0
0 -1.47401 3.90359 0.45000 -0.82672 0.48698 -0.28175 0.78072 0.09000 1 0 1.0
0 -1.42984 3.84497 0.21906 -0.82672 0.48698 -0.28175 0.76899 0.04381 1 0 1.0
cl_black
0 -1.62939 3.63981 0.45000 -0.83861 0.40238 -0.36718 0.72796 0.09000 1 0 1.0
0 -1.42984 3.84497 0.21906 -0.83861 0.40238 -0.36718 0.76899 0.04381 1 0 1.0
0 -1.51338 3.62350 0.16716 -0.83861 0.40238 -0.36718 0.72470 0.03343 1 0 1.0
cl_black
0 -1.17762 3.98024 0.45000 -0.15564 0.91704 -0.36718 -0.23552 0.09000 1 0 1.0
0 -1.19392 3.86423 0.16716 -0.15564 0.91704 -0.36718 -0.23878 0.03343 1 0 1.0
0 -1.42984 3.84497 0.21906 -0.15564 0.91704 -0.36718 -0.28597 0.04381 1 0 1.0
cl_black
0 -1.17762 3.98024 0.45000 -0.24024 0.92893 -0.28175 -0.23552 0.09000 1 0 1.0
0 -1.42984 3.84497 0.21906 -0.24024 0.92893 -0.28175 -0.28597 0.04381 1 0 1.0
0 -1.47401 3.90359 0.45000 -0.24024 0.92893 -0.28175 -0.29480 0.09000 1 0 1.0
cl_black
0 -1.23328 3.58414 0.95000 -0.22790 0.40282 0.88645 -0.24666 0.71683 1 0 1.0
0 -1.19392 3.86423 0.83284 -0.22790 0.40282 0.88645 -0.23878 0.77285 1 0 1.0
0 -1.42984 3.84497 0.78094 -0.22790 0.40282 0.88645 -0.28597 0.76899 1 0 1.0
cl_black
0 -1.23328 3.58414 0.95000 -0.32440 0.33011 0.88645 -0.24666 0.71683 1 0 1.0
0 -1.42984 3.84497 0.78094 -0.32440 0.33011 0.88645 -0.28597 0.76899 1 0 1.0
0 -1.51338 3.62350 0.83284 -0.32440 0.33011 0.88645 -0.30268 0.72470 1 0 1.0
cl_black
0 -1.17762 3.98024 0.55000 -0.24024 0.92893 0.28175 -0.23552 0.11000 1 0 1.0
0 -1.47401 3.90359 0.55000 -0.24024 0.92893 0.28175 -0.29480 0.11000 1 0 1.0
0 -1.42984 3.84497 0.78094 -0.24024 0.92893 0.28175 -0.28597 0.15619 1 0 1.0
cl_black
0 -1.17762 3.98024 0.55000 -0.15564 0.91704 0.36718 -0.23552 0.11000 1 0 1.0
0 -1.42984 3.84497 0.78094 -0.15564 0.91704 0.36718 -0.28597 0.15619 1 0 1.0
0 -1.19392 3.86423 0.83284 -0.15564 0.91704 0.36718 -0.23878 0.16657 1 0 1.0
cl_black
0 -1.62939 3.63981 0.55000 -0.83861 0.40238 0.36718 0.72796 0.11000 1 0 1.0
0 -1.51338 3.62350 0.83284 -0.83861 0.40238 0.36718 0.72470 0.16657 1 0 1.0
0 -1.42984 3.84497 0.78094 -0.83861 0.40238 0.36718 0.76899 0.15619 1 0 1.0
cl_black
0 -1.62939 3.63981 0.55000 -0.82672 0.48698 0.28175 0.72796 0.11000 1 0 1.0
0 -1.42984 3.84497 0.78094 -0.82672 0.48698 0.28175 0.76899 0.15619 1 0 1.0
0 -1.47401 3.90359 0.55000 -0.82672 0.48698 0.28175 0.78072 0.11000 1 0 1.0
cl_black
0 1.23328 1.01586 0.05000 0.32440 -0.33011 -0.88645 0.24666 0.20317 1 0 1.0
0 1.51338 0.97650 0.16716 0.32440 -0.33011 -0.88645 0.30268 0.19530 1 0 1.0
0 1.42984 0.75503 0.21906 0.32440 -0.33011 -0.88645 0.28597 0.15101 1 0 1.0
cl_black
0 1.23328 1.01586 0.05000 0.22790 -0.40282 -0.88645 0.24666 0.20317 1 0 1.0
0 1.42984 0.75503 0.21906 0.22790 -0.40282 -0.88645 0.28597 0.15101 1 0 1.0
0 1.19392 0.73577 0.16716 0.22790 -0.40282 -0.88645 0.23878 0.14715 1 0 1.0
cl_black
0 1.62939 0.96019 0.45000 0.82672 -0.48698 -0.28175 0.19204 0.09000 1 0 1.0
0 1.47401 0.69641 0.45000 0.82672 -0.48698 -0.28175 0.13928 0.09000 1 0 1.0
0 1.42984 0.75503 0.21906 0.82672 -0.48698 -0.28175 0.15101 0.04381 1 0 1.0
cl_black
0 1.62939 0.96019 0.45000 0.83861 -0.40238 -0.36718 0.19204 0.09000 1 0 1.0
0 1.42984 0.75503 0.21906 0.83861 -0.40238 -0.36718 0.15101 0.04381 1 0 1.0
0 1.51338 0.97650 0.16716 0.83861 -0.40238 -0.36718 0.19530 0.03343 1 0 1.0
cl_black
0 1.17762 0.61976 0.45000 0.15564 -0.91704 -0.36718 0.23552 0.09000 1 0 1.0
0 1.19392 0.73577 0.16716 0.15564 -0.91704 -0.36718 0.23878 0.03343 1 0 1.0
0 1.42984 0.75503 0.21906 0.15564 -0.91704 -0.36718 0.28597 0.04381 1 0 1.0
cl_black
0 1.17762 0.61976 0.45000 0.24024 -0.92893 -0.28175 0.23552 0.09000 1 0 1.0
0 1.42984 0.75503 0.21906 0.24024 -0.92893 -0.28175 0.28597 0.04381 1 0 1.0
0 1.47401 0.69641 0.45000 0.24024 -0.92893 -0.28175 0.29480 0.09000 1 0 1.0
cl_black
0 1.23328 1.01586 0.95000 0.22790 -0.40282 0.88645 0.24666 0.20317 1 0 1.0
0 1.19392 0.73577 0.83284 0.22790 -0.40282 0.88645 0.23878 0.14715 1 0 1.0
0 1.42984 0.75503 0.78094 0.22790 -0.40282 0.88645 0.28597 0.15101 1 0 1.0
cl_black
0 1.23328 1.01586 0.95000 0.32440 -0.33011 0.88645 0.24666 0.20317 1 0 1.0
0 1.42984 0.75503 0.78094 0.32440 -0.33011 0.88645 0.28597 0.15101 1 0 1.0
0 1.51338 0.97650 0.83284 0.32440 -0.33011 0.88645 0.30268 0.19530 1 0 1.0
cl_black
0 1.17762 0.61976 0.55000 0.24024 -0.92893 0.28175 0.23552 0.11000 1 0 1.0
0 1.47401 0.69641 0.55000 0.24024 -0.92893 0.28175 0.29480 0.11000 1 0 1.0
0 1.42984 0.75503 0.78094 0.24024 -0.92893 0.28175 0.28597 0.15619 1 0 1.0
cl_black
0 1.17762 0.61976 0.55000 0.15564 -0.91704 0.36718 0.23552 0.11000 1 0 1.0
0 1.42984 0.75503 0.78094 0.15564 -0.91704 0.36718 0.28597 0.15619 1 0 1.0
0 1.19392 0.73577 0.83284 0.15564 -0.91704 0.36718 0.23878 0.16657 1 0 1.0
cl_black
0 1.62939 0.96019 0.55000 0.83861 -0.40238 0.36718 0.19204 0.11000 1 0 1.0
0 1.51338 0.97650 0.83284 0.83861 -0.40238 0.36718 0.19530 0.16657 1 0 1.0
0 1.42984 0.75503 0.78094 0.83861 -0.40238 0.36718 0.15101 0.15619 1 0 1.0
cl_black
0 1.62939 0.96019 0.55000 0.82672 -0.48698 0.28175 0.19204 0.11000 1 0 1.0
0 1.42984 0.75503 0.78094 0.82672 -0.48698 0.28175 0.15101 0.15619 1 0 1.0
0 1.47401 0.69641 0.55000 0.82672 -0.48698 0.28175 0.13928 0.11000 1 0 1.0
cl_black
0 1.53947 3.19445 0.05000 0.33011 0.32440 -0.88645 0.30789 0.63889 1 0 1.0
0 1.57883 3.47454 0.16716 0.33011 0.32440 -0.88645 0.31577 0.69491 1 0 1.0
0 1.80030 3.39100 0.21906 0.33011 0.32440 -0.88645 0.36006 0.67820 1 0 1.0
cl_black
0 1.53947 3.19445 0.05000 0.40282 0.22790 -0.88645 0.30789 0.63889 1 0 1.0
0 1.80030 3.39100 0.21906 0.40282 0.22790 -0.88645 0.36006 0.67820 1 0 1.0
0 1.81956 3.15509 0.16716 0.40282 0.22790 -0.88645 0.36391 0.63102 1 0 1.0
cl_black
0 1.59513 3.59056 0.45000 0.48698 0.82672 -0.28175 0.31903 0.09000 1 0 1.0
0 1.85892 3.43518 0.45000 0.48698 0.82672 -0.28175 0.37178 0.09000 1 0 1.0
0 1.80030 3.39100 0.21906 0.48698 0.82672 -0.28175 0.36006 0.04381 1 0 1.0
cl_black
0 1.59513 3.59056 0.45000 0.40238 0.83861 -0.36718 0.31903 0.09000 1 0 1.0
0 1.80030 3.39100 0.21906 0.40238 0.83861 -0.36718 0.36006 0.04381 1 0 1.0
0 1.57883 3.47454 0.16716 0.40238 0.83861 -0.36718 0.31577 0.03343 1 0 1.0
cl_black
0 1.93557 3.13878 0.45000 0.91704 0.15564 -0.36718 0.62776 0.09000 1 0 1.0
0 1.81956 3.15509 0.16716 0.91704 0.15564 -0.36718 0.63102 0.03343 1 0 1.0
0 1.80030 3.39100 0.21906 0.91704 0.15564 -0.36718 0.67820 0.04381 1 0 1.0
cl_black
0 1.93557 3.13878 0.45000 0.92893 0.24024 -0.28175 0.62776 0.09000 1 0 1.0
0 1.80030 3.39100 0.21906 0.92893 0.24024 -0.28175 0.67820 0.04381 1 0 1.0
0 1.85892 3.43518 0.45000 0.92893 0.24024 -0.28175 0.68704 0.09000 1 0 1.0
cl_black
0 1.53947 3.19445 0.95000 0.40282 0.22790 0.88645 0.30789 0.63889 1 0 1.0
0 1.81956 3.15509 0.83284 0.40282 0.22790 0.88645 0.36391 0.63102 1 0 1.0
0 1.80030 3.39100 0.78094 0.40282 0.22790 0.88645 0.36006 0.67820 1 0 1.0
cl_black
0 1.53947 3.19445 0.95000 0.33011 0.32440 0.88645 0.30789 0.63889 1 0 1.0
0 1.80030 3.39100 0.78094 0.33011 0.32440 0.88645 0.36006 0.67820 1 0 1.0
0 1.57883 3.47454 0.83284 0.33011 0.32440 0.88645 0.31577 0.69491 1 0 1.0
cl_black
0 1.93557 3.13878 0.55000 0.92893 0.24024 0.28175 0.62776 0.11000 1 0 1.0
0 1.85892 3.43518 0.55000 0.92893 0.24024 0.28175 0.68704 0.11000 1 0 1.0
0 1.80030 3.39100 0.78094 0.92893 0.24024 0.28175 0.67820 0.15619 1 0 1.0
cl_black
0 1.93557 3.13878 0.55000 0.91704 0.15564 0.36718 0.62776 0.11000 1 0 1.0
0 1.80030 3.39100 0.78094 0.91704 0.15564 0.36718 0.67820 0.15619 1 0 1.0
0 1.81956 3.15509 0.83284 0.91704 0.15564 0.36718 0.63102 0.16657 1 0 1.0
cl_black
0 1.59513 3.59056 0.55000 0.40238 0.83861 0.36718 0.31903 0.11000 1 0 1.0
0 1.57883 3.47454 0.83284 0.40238 0.83861 0.36718 0.31577 0.16657 1 0 1.0
0 1.80030 3.39100 0.78094 0.40238 0.83861 0.36718 0.36006 0.15619 1 0 1.0
cl_black
0 1.59513 3.59056 0.55000 0.48698 0.82672 0.28175 0.31903 0.11000 1 0 1.0
0 1.80030 3.39100 0.78094 0.48698 0.82672 0.28175 0.36006 0.15619 1 0 1.0
0 1.85892 3.43518 0.55000 0.48698 0.82672 0.28175 0.37178 0.11000 1 0 1.0
cl_black
0 -1.23328 3.58414 0.05000 -0.37896 0.05326 -0.92388 -0.24666 0.71683 1 0 1.0
0 -1.53947 1.40555 0.05000 -0.37896 0.05326 -0.92388 -0.30789 0.28111 1 0 1.0
0 -1.81956 1.44491 0.16716 -0.37896 0.05326 -0.92388 -0.36391 0.28898 1 0 1.0
cl_black
0 -1.23328 3.58414 0.05000 -0.37896 0.05326 -0.92388 -0.24666 0.71683 1 0 1.0
0 -1.81956 1.44491 0.16716 -0.37896 0.05326 -0.92388 -0.36391 0.28898 1 0 1.0
0 -1.51338 3.62350 0.16716 -0.37896 0.05326 -0.92388 -0.30268 0.72470 1 0 1.0
cl_black
0 -1.51338 3.62350 0.16716 -0.91489 0.12858 -0.38268 0.72470 0.03343 1 0 1.0
0 -1.81956 1.44491 0.16716 -0.91489 0.12858 -0.38268 0.28898 0.03343 1 0 1.0
0 -1.93557 1.46122 0.45000 -0.91489 0.12858 -0.38268 0.29224 0.09000 1 0 1.0
cl_black
0 -1.51338 3.62350 0.16716 -0.91489 0.12858 -0.38268 0.72470 0.03343 1 0 1.0
0 -1.93557 1.46122 0.45000 -0.91489 0.12858 -0.38268 0.29224 0.09000 1 0 1.0
0 -1.62939 3.63981 0.45000 -0.91489 0.12858 -0.38268 0.72796 0.09000 1 0 1.0
cl_black
0 -1.59513 1.00944 0.45000 -0.50754 -0.86163 0.00000 -0.31903 0.09000 1 0 1.0
0 -1.59513 1.00944 0.55000 -0.50754 -0.86163 0.00000 -0.31903 0.11000 1 0 1.0
0 -1.85892 1.16482 0.55000 -0.50754 -0.86163 0.00000 -0.37178 0.11000 1 0 1.0
cl_black
0 -1.59513 1.00944 0.45000 -0.50754 -0.86163 0.00000 -0.31903 0.09000 1 0 1.0
0 -1.85892 1.16482 0.55000 -0.50754 -0.86163 0.00000 -0.37178 0.11000 1 0 1.0
0 -1.85892 1.16482 0.45000 -0.50754 -0.86163 0.00000 -0.37178 0.09000 1 0 1.0
cl_black
0 -1.85892 1.16482 0.45000 -0.96815 -0.25038 0.00000 0.23296 0.09000 1 0 1.0
0 -1.85892 1.16482 0.55000 -0.96815 -0.25038 0.00000 0.23296 0.11000 1 0 1.0
0 -1.93557 1.46122 0.55000 -0.96815 -0.25038 0.00000 0.29224 0.11000 1 0 1.0
cl_black
0 -1.85892 1.16482 0.45000 -0.96815 -0.25038 0.00000 0.23296 0.09000 1 0 1.0
0 -1.93557 1.46122 0.55000 -0.96815 -0.25038 0.00000 0.29224 0.11000 1 0 1.0
0 -1.93557 1.46122 0.45000 -0.96815 -0.25038 0.00000 0.29224 0.09000 1 0 1.0
cl_black
0 -1.53947 1.40555 0.95000 -0.37896 0.05326 0.92388 -0.30789 0.28111 1 0 1.0
0 -1.23328 3.58414 0.95000 -0.37896 0.05326 0.92388 -0.24666 0.71683 1 0 1.0
0 -1.51338 3.62350 0.83284 -0.37896 0.05326 0.92388 -0.30268 0.72470 1 0 1.0
cl_black
0 -1.53947 1.40555 0.95000 -0.37896 0.05326 0.92388 -0.30789 0.28111 1 0 1.0
0 -1.51338 3.62350 0.83284 -0.37896 0.05326 0.92388 -0.30268 0.72470 1 0 1.0
0 -1.81956 1.44491 0.83284 -0.37896 0.05326 0.92388 -0.36391 0.28898 1 0 1.0
cl_black
0 -1.81956 1.44491 0.83284 -0.91489 0.12858 0.38268 0.28898 0.16657 1 0 1.0
0 -1.51338 3.62350 0.83284 -0.91489 0.12858 0.38268 0.72470 0.16657 1 0 1.0
0 -1.62939 3.63981 0.55000 -0.91489 0.12858 0.38268 0.72796 0.11000 1 0 1.0
cl_black
0 -1.81956 1.44491 0.83284 -0.91489 0.12858 0.38268 0.28898 0.16657 1 0 1.0
0 -1.62939 3.63981 0.55000 -0.91489 0.12858 0.38268 0.72796 0.11000 1 0 1.0
0 -1.93557 1.46122 0.55000 -0.91489 0.12858 0.38268 0.29224 0.11000 1 0 1.0
cl_black
0 -1.17762 3.98024 0.55000 -0.25038 0.96815 0.00000 -0.23552 0.11000 1 0 1.0
0 -1.17762 3.98024 0.45000 -0.25038 0.96815 0.00000 -0.23552 0.09000 1 0 1.0
0 -1.47401 3.90359 0.45000 -0.25038 0.96815 0.00000 -0.29480 0.09000 1 0 1.0
cl_black
0 -1.17762 3.98024 0.55000 -0.25038 0.96815 0.00000 -0.23552 0.11000 1 0 1.0
0 -1.47401 3.90359 0.45000 -0.25038 0.96815 0.00000 -0.29480 0.09000 1 0 1.0
0 -1.47401 3.90359 0.55000 -0.25038 0.96815 0.00000 -0.29480 0.11000 1 0 1.0
cl_black
0 -1.47401 3.90359 0.55000 -0.86163 0.50754 0.00000 0.78072 0.11000 1 0 1.0
0 -1.47401 3.90359 0.45000 -0.86163 0.50754 0.00000 0.78072 0.09000 1 0 1.0
0 -1.62939 3.63981 0.45000 -0.86163 0.50754 0.00000 0.72796 0.09000 1 0 1.0
cl_black
0 -1.47401 3.90359 0.55000 -0.86163 0.50754 0.00000 0.78072 0.11000 1 0 1.0
0 -1.62939 3.63981 0.45000 -0.86163 0.50754 0.00000 0.72796 0.09000 1 0 1.0
0 -1.62939 3.63981 0.55000 -0.86163 0.50754 0.00000 0.72796 0.11000 1 0 1.0
cl_black
0 1.53947 3.19445 0.05000 0.05326 0.37896 -0.92388 0.30789 0.63889 1 0 1.0
0 -1.23328 3.58414 0.05000 0.05326 0.37896 -0.92388 -0.24666 0.71683 1 0 1.0
0 -1.19392 3.86423 0.16716 0.05326 0.37896 -0.92388 -0.23878 0.77285 1 0 1.0
cl_black
0 1.53947 3.19445 0.05000 0.05326 0.37896 -0.92388 0.30789 0.63889 1 0 1.0
0 -1.19392 3.86423 0.16716 0.05326 0.37896 -0.92388 -0.23878 0.77285 1 0 1.0
0 1.57883 3.47454 0.16716 0.05326 0.37896 -0.92388 0.31577 0.69491 1 0 1.0
cl_black
0 1.57883 3.47454 0.16716 0.12858 0.91489 -0.38268 0.31577 0.03343 1 0 1.0
0 -1.19392 3.86423 0.16716 0.12858 0.91489 -0.38268 -0.23878 0.03343 1 0 1.0
0 -1.17762 3.98024 0.45000 0.12858 0.91489 -0.38268 -0.23552 0.09000 1 0 1.0
cl_black
0 1.57883 3.47454 0.16716 0.12858 0.91489 -0.38268 0.31577 0.03343 1 0 1.0
0 -1.17762 3.98024 0.45000 0.12858 0.91489 -0.38268 -0.23552 0.09000 1 0 1.0
0 1.59513 3.59056 0.45000 0.12858 0.91489 -0.38268 0.31903 0.09000 1 0 1.0
cl_black
0 -1.23328 3.58414 0.95000 0.05326 0.37896 0.92388 -0.24666 0.71683 1 0 1.0
0 1.53947 3.19445 0.95000 0.05326 0.37896 0.92388 0.30789 0.63889 1 0 1.0
0 1.57883 3.47454 0.83284 0.05326 0.37896 0.92388 0.31577 0.69491 1 0 1.0
cl_black
0 -1.23328 3.58414 0.95000 0.05326 0.37896 0.92388 -0.24666 0.71683 1 0 1.0
0 1.57883 3.47454 0.83284 0.05326 0.37896 0.92388 0.31577 0.69491 1 0 1.0
0 -1.19392 3.86423 0.83284 0.05326 0.37896 0.92388 -0.23878 0.77285 1 0 1.0
cl_black
0 -1.19392 3.86423 0.83284 0.12858 0.91489 0.38268 -0.23878 0.16657 1 0 1.0
0 1.57883 3.47454 0.83284 0.12858 0.91489 0.38268 0.31577 0.16657 1 0 1.0
0 1.59513 3.59056 0.55000 0.12858 0.91489 0.38268 0.31903 0.11000 1 0 1.0
cl_black
0 -1.19392 3.86423 0.83284 0.12858 0.91489 0.38268 -0.23878 0.16657 1 0 1.0
0 1.59513 3.59056 0.55000 0.12858 0.91489 0.38268 0.31903 0.11000 1 0 1.0
0 -1.17762 3.98024 0.55000 0.12858 0.91489 0.38268 -0.23552 0.11000 1 0 1.0
cl_black
0 1.93557 3.13878 0.55000 0.96815 0.25038 0.00000 0.62776 0.11000 1 0 1.0
0 1.93557 3.13878 0.45000 0.96815 0.25038 0.00000 0.62776 0.09000 1 0 1.0
0 1.85892 3.43518 0.45000 0.96815 0.25038 0.00000 0.68704 0.09000 1 0 1.0
cl_black
0 1.93557 3.13878 0.55000 0.96815 0.25038 -0.00000 0.62776 0.11000 1 0 1.0
0 1.85892 3.43518 0.45000 0.96815 0.25038 -0.00000 0.68704 0.09000 1 0 1.0
0 1.85892 3.43518 0.55000 0.96815 0.25038 -0.00000 0.68704 0.11000 1 0 1.0
cl_black
0 1.85892 3.43518 0.55000 0.50754 0.86163 -0.00000 0.37178 0.11000 1 0 1.0
0 1.85892 3.43518 0.45000 0.50754 0.86163 -0.00000 0.37178 0.09000 1 0 1.0
0 1.59513 3.59056 0.45000 0.50754 0.86163 -0.00000 0.31903 0.09000 1 0 1.0
cl_black
0 1.85892 3.43518 0.55000 0.50754 0.86163 0.00000 0.37178 0.11000 1 0 1.0
0 1.59513 3.59056 0.45000 0.50754 0.86163 0.00000 0.31903 0.09000 1 0 1.0
0 1.59513 3.59056 0.55000 0.50754 0.86163 0.00000 0.31903 0.11000 1 0 1.0
cl_black
0 1.23328 1.01586 0.05000 0.37896 -0.05326 -0.92388 0.24666 0.20317 1 0 1.0
0 1.53947 3.19445 0.05000 0.37896 -0.05326 -0.92388 0.30789 0.63889 1 0 1.0
0 1.81956 3.15509 0.16716 0.37896 -0.05326 -0.92388 0.36391 0.63102 1 0 1.0
cl_black
0 1.23328 1.01586 0.05000 0.37896 -0.05326 -0.92388 0.24666 0.20317 1 0 1.0
0 1.81956 3.15509 0.16716 0.37896 -0.05326 -0.92388 0.36391 0.63102 1 0 1.0
0 1.51338 0.97650 0.16716 0.37896 -0.05326 -0.92388 0.30268 0.19530 1 0 1.0
cl_black
0 1.51338 0.97650 0.16716 0.91489 -0.12858 -0.38268 0.19530 0.03343 1 0 1.0
0 1.81956 3.15509 0.16716 0.91489 -0.12858 -0.38268 0.63102 0.03343 1 0 1.0
0 1.93557 3.13878 0.45000 0.91489 -0.12858 -0.38268 0.62776 0.09000 1 0 1.0
cl_black
0 1.51338 0.97650 0.16716 0.91489 -0.12858 -0.38268 0.19530 0.03343 1 0 1.0
0 1.93557 3.13878 0.45000 0.91489 -0.12858 -0.38268 0.62776 0.09000 1 0 1.0
0 1.62939 0.96019 0.45000 0.91489 -0.12858 -0.38268 0.19204 0.09000 1 0 1.0
cl_black
0 1.53947 3.19445 0.95000 0.37896 -0.05326 0.92388 0.30789 0.63889 1 0 1.0
0 1.23328 1.01586 0.95000 0.37896 -0.05326 0.92388 0.24666 0.20317 1 0 1.0
0 1.51338 0.97650 0.83284 0.37896 -0.05326 0.92388 0.30268 0.19530 1 0 1.0
cl_black
0 1.53947 3.19445 0.95000 0.37896 -0.05326 0.92388 0.30789 0.63889 1 0 1.0
0 1.51338 0.97650 0.83284 0.37896 -0.05326 0.92388 0.30268 0.19530 1 0 1.0
0 1.81956 3.15509 0.83284 0.37896 -0.05326 0.92388 0.36391 0.63102 1 0 1.0
cl_black
0 1.81956 3.15509 0.83284 0.91489 -0.12858 0.38268 0.63102 0.16657 1 0 1.0
0 1.51338 0.97650 0.83284 0.91489 -0.12858 0.38268 0.19530 0.16657 1 0 1.0
0 1.62939 0.96019 0.55000 0.91489 -0.12858 0.38268 0.19204 0.11000 1 0 1.0
cl_black
0 1.81956 3.15509 0.83284 0.91489 -0.12858 0.38268 0.63102 0.16657 1 0 1.0
0 1.62939 0.96019 0.55000 0.91489 -0.12858 0.38268 0.19204 0.11000 1 0 1.0
0 1.93557 3.13878 0.55000 0.91489 -0.12858 0.38268 0.62776 0.11000 1 0 1.0
cl_black
0 1.17762 0.61976 0.55000 0.25038 -0.96815 0.00000 0.23552 0.11000 1 0 1.0
0 1.17762 0.61976 0.45000 0.25038 -0.96815 0.00000 0.23552 0.09000 1 0 1.0
0 1.47401 0.69641 0.45000 0.25038 -0.96815 0.00000 0.29480 0.09000 1 0 1.0
cl_black
0 1.17762 0.61976 0.55000 0.25038 -0.96815 0.00000 0.23552 0.11000 1 0 1.0
0 1.47401 0.69641 0.45000 0.25038 -0.96815 0.00000 0.29480 0.09000 1 0 1.0
0 1.47401 0.69641 0.55000 0.25038 -0.96815 0.00000 0.29480 0.11000 1 0 1.0
cl_black
0 1.47401 0.69641 0.55000 0.86163 -0.50754 0.00000 0.13928 0.11000 1 0 1.0
0 1.47401 0.69641 0.45000 0.86163 -0.50754 0.00000 0.13928 0.09000 1 0 1.0
0 1.62939 0.96019 0.45000 0.86163 -0.50754 0.00000 0.19204 0.09000 1 0 1.0
cl_black
0 1.47401 0.69641 0.55000 0.86163 -0.50754 0.00000 0.13928 0.11000 1 0 1.0
0 1.62939 0.96019 0.45000 0.86163 -0.50754 0.00000 0.19204 0.09000 1 0 1.0
0 1.62939 0.96019 0.55000 0.86163 -0.50754 0.00000 0.19204 0.11000 1 0 1.0
cl_black
0 -1.53947 1.40555 0.05000 -0.05326 -0.37896 -0.92388 -0.30789 0.28111 1 0 1.0
0 1.23328 1.01586 0.05000 -0.05326 -0.37896 -0.92388 0.24666 0.20317 1 0 1.0
0 1.19392 0.73577 0.16716 -0.05326 -0.37896 -0.92388 0.23878 0.14715 1 0 1.0
cl_black
0 -1.53947 1.40555 0.05000 -0.05326 -0.37896 -0.92388 -0.30789 0.28111 1 0 1.0
0 1.19392 0.73577 0.16716 -0.05326 -0.37896 -0.92388 0.23878 0.14715 1 0 1.0
0 -1.57883 1.12546 0.16716 -0.05326 -0.37896 -0.92388 -0.31577 0.22509 1 0 1.0
cl_black
0 -1.57883 1.12546 0.16716 -0.12858 -0.91489 -0.38268 -0.31577 0.03343 1 0 1.0
0 1.19392 0.73577 0.16716 -0.12858 -0.91489 -0.38268 0.23878 0.03343 1 0 1.0
0 1.17762 0.61976 0.45000 -0.12858 -0.91489 -0.38268 0.23552 0.09000 1 0 1.0
cl_black
0 -1.57883 1.12546 0.16716 -0.12858 -0.91489 -0.38268 -0.31577 0.03343 1 0 1.0
0 1.17762 0.61976 0.45000 -0.12858 -0.91489 -0.38268 0.23552 0.09000 1 0 1.0
0 -1.59513 1.00944 0.45000 -0.12858 -0.91489 -0.38268 -0.31903 0.09000 1 0 1.0
cl_black
0 1.23328 1.01586 0.95000 -0.05326 -0.37896 0.92388 0.24666 0.20317 1 0 1.0
0 -1.53947 1.40555 0.95000 -0.05326 -0.37896 0.92388 -0.30789 0.28111 1 0 1.0
0 -1.57883 1.12546 0.83284 -0.05326 -0.37896 0.92388 -0.31577 0.22509 1 0 1.0
cl_black
0 1.23328 1.01586 0.95000 -0.05326 -0.37896 0.92388 0.24666 0.20317 1 0 1.0
0 -1.57883 1.12546 0.83284 -0.05326 -0.37896 0.92388 -0.31577 0.22509 1 0 1.0
0 1.19392 0.73577 0.83284 -0.05326 -0.37896 0.92388 0.23878 0.14715 1 0 1.0
cl_black
0 1.19392 0.73577 0.83284 -0.12858 -0.91489 0.38268 0.23878 0.16657 1 0 1.0
0 -1.57883 1.12546 0.83284 -0.12858 -0.91489 0.38268 -0.31577 0.16657 1 0 1.0
0 -1.59513 1.00944 0.55000 -0.12858 -0.91489 0.38268 -0.31903 0.11000 1 0 1.0
cl_black
0 1.19392 0.73577 0.83284 -0.12858 -0.91489 0.38268 0.23878 0.16657 1 0 1.0
0 -1.59513 1.00944 0.55000 -0.12858 -0.91489 0.38268 -0.31903 0.11000 1 0 1.0
0 1.17762 0.61976 0.55000 -0.12858 -0.91489 0.38268 0.23552 0.11000 1 0 1.0
cl_black
0 -1.23328 3.58414 0.05000 0.00000 0.00000 -1.00000 -0.24666 0.71683 1 0 1.0
0 1.53947 3.19445 0.05000 0.00000 0.00000 -1.00000 0.30789 0.63889 1 0 1.0
0 1.23328 1.01586 0.05000 0.00000 0.00000 -1.00000 0.24666 0.20317 1 0 1.0
cl_black
0 -1.23328 3.58414 0.05000 0.00000 0.00000 -1.00000 -0.24666 0.71683 1 0 1.0
0 1.23328 1.01586 0.05000 0.00000 0.00000 -1.00000 0.24666 0.20317 1 0 1.0
0 -1.53947 1.40555 0.05000 0.00000 0.00000 -1.00000 -0.30789 0.28111 1 0 1.0
cl_black
0 -1.93557 1.46122 0.45000 -0.99027 0.13917 0.00000 0.29224 0.09000 1 0 1.0
0 -1.93557 1.46122 0.55000 -0.99027 0.13917 0.00000 0.29224 0.11000 1 0 1.0
0 -1.62939 3.63981 0.55000 -0.99027 0.13917 0.00000 0.72796 0.11000 1 0 1.0
cl_black
0 -1.93557 1.46122 0.45000 -0.99027 0.13917 0.00000 0.29224 0.09000 1 0 1.0
0 -1.62939 3.63981 0.55000 -0.99027 0.13917 0.00000 0.72796 0.11000 1 0 1.0
0 -1.62939 3.63981 0.45000 -0.99027 0.13917 0.00000 0.72796 0.09000 1 0 1.0
cl_black
0 1.17762 0.61976 0.45000 -0.13917 -0.99027 0.00000 0.23552 0.09000 1 0 1.0
0 1.17762 0.61976 0.55000 -0.13917 -0.99027 0.00000 0.23552 0.11000 1 0 1.0
0 -1.59513 1.00944 0.55000 -0.13917 -0.99027 0.00000 -0.31903 0.11000 1 0 1.0
cl_black
0 1.17762 0.61976 0.45000 -0.13917 -0.99027 0.00000 0.23552 0.09000 1 0 1.0
0 -1.59513 1.00944 0.55000 -0.13917 -0.99027 0.00000 -0.31903 0.11000 1 0 1.0
0 -1.59513 1.00944 0.45000 -0.13917 -0.99027 0.00000 -0.31903 0.09000 1 0 1.0
cl_black
0 1.53947 3.19445 0.95000 0.00000 0.00000 1.00000 0.30789 0.63889 1 0 1.0
0 -1.23328 3.58414 0.95000 0.00000 0.00000 1.00000 -0.24666 0.71683 1 0 1.0
0 -1.53947 1.40555 0.95000 0.00000 0.00000 1.00000 -0.30789 0.28111 1 0 1.0
cl_black
0 1.53947 3.19445 0.95000 0.00000 0.00000 1.00000 0.30789 0.63889 1 0 1.0
0 -1.53947 1.40555 0.95000 0.00000 0.00000 1.00000 -0.30789 0.28111 1 0 1.0
0 1.23328 1.01586 0.95000 0.00000 0.00000 1.00000 0.24666 0.20317 1 0 1.0
cl_black
0 -1.17762 3.98024 0.45000 0.13917 0.99027 0.00000 -0.23552 0.09000 1 0 1.0
0 -1.17762 3.98024 0.55000 0.13917 0.99027 0.00000 -0.23552 0.11000 1 0 1.0
0 1.59513 3.59056 0.55000 0.13917 0.99027 0.00000 0.31903 0.11000 1 0 1.0
cl_black
0 -1.17762 3.98024 0.45000 0.13917 0.99027 0.00000 -0.23552 0.09000 1 0 1.0
0 1.59513 3.59056 0.55000 0.13917 0.99027 0.00000 0.31903 0.11000 1 0 1.0
0 1.59513 3.59056 0.45000 0.13917 0.99027 0.00000 0.31903 0.09000 1 0 1.0
cl_black
0 1.93557 3.13878 0.45000 0.99027 -0.13917 0.00000 0.62776 0.09000 1 0 1.0
0 1.93557 3.13878 0.55000 0.99027 -0.13917 0.00000 0.62776 0.11000 1 0 1.0
0 1.62939 0.96019 0.55000 0.99027 -0.13917 0.00000 0.19204 0.11000 1 0 1.0
cl_black
0 1.93557 3.13878 0.45000 0.99027 -0.13917 0.00000 0.62776 0.09000 1 0 1.0
0 1.62939 0.96019 0.55000 0.99027 -0.13917 0.00000 0.19204 0.11000 1 0 1.0
0 1.62939 0.96019 0.45000 0.99027 -0.13917 0.00000 0.19204 0.09000 1 0 1.0
cl_black
0 1.81785 0.95390 0.15000 -0.33011 -0.32439 -0.88645 0.36357 0.19078 1 0 1.0
0 1.79030 0.75784 0.23201 -0.33011 -0.32439 -0.88645 0.35806 0.15157 1 0 1.0
0 1.63527 0.81632 0.26834 -0.33011 -0.32439 -0.88645 0.32705 0.16326 1 0 1.0
cl_black
0 1.81785 0.95390 0.15000 -0.40282 -0.22790 -0.88645 0.36357 0.19078 1 0 1.0
0 1.63527 0.81632 0.26834 -0.40282 -0.22790 -0.88645 0.32705 0.16326 1 0 1.0
0 1.62179 0.98146 0.23201 -0.40282 -0.22790 -0.88645 0.32436 0.19629 1 0 1.0
cl_black
0 1.77888 0.67663 0.43000 -0.48698 -0.82672 -0.28175 0.35578 0.08600 1 0 1.0
0 1.59423 0.78540 0.43000 -0.48698 -0.82672 -0.28175 0.31885 0.08600 1 0 1.0
0 1.63527 0.81632 0.26834 -0.48698 -0.82672 -0.28175 0.32705 0.05367 1 0 1.0
cl_black
0 1.77888 0.67663 0.43000 -0.40238 -0.83861 -0.36718 0.35578 0.08600 1 0 1.0
0 1.63527 0.81632 0.26834 -0.40238 -0.83861 -0.36718 0.32705 0.05367 1 0 1.0
0 1.79030 0.75784 0.23201 -0.40238 -0.83861 -0.36718 0.35806 0.04640 1 0 1.0
cl_black
0 1.54058 0.99287 0.43000 -0.91704 -0.15564 -0.36718 0.19857 0.08600 1 0 1.0
0 1.62179 0.98146 0.23201 -0.91704 -0.15564 -0.36718 0.19629 0.04640 1 0 1.0
0 1.63527 0.81632 0.26834 -0.91704 -0.15564 -0.36718 0.16326 0.05367 1 0 1.0
cl_black
0 1.54058 0.99287 0.43000 -0.92893 -0.24024 -0.28175 0.19857 0.08600 1 0 1.0
0 1.63527 0.81632 0.26834 -0.92893 -0.24024 -0.28175 0.16326 0.05367 1 0 1.0
0 1.59423 0.78540 0.43000 -0.92893 -0.24024 -0.28175 0.15708 0.08600 1 0 1.0
cl_black
0 1.77888 0.67663 0.57000 -0.40238 -0.83861 0.36718 0.35578 0.11400 1 0 1.0
0 1.79030 0.75784 0.76799 -0.40238 -0.83861 0.36718 0.35806 0.15360 1 0 1.0
0 1.63527 0.81632 0.73166 -0.40238 -0.83861 0.36718 0.32705 0.14633 1 0 1.0
cl_black
0 1.77888 0.67663 0.57000 -0.48698 -0.82672 0.28175 0.35578 0.11400 1 0 1.0
0 1.63527 0.81632 0.73166 -0.48698 -0.82672 0.28175 0.32705 0.14633 1 0 1.0
0 1.59423 0.78540 0.57000 -0.48698 -0.82672 0.28175 0.31885 0.11400 1 0 1.0
cl_black
0 1.81785 0.95390 0.85000 -0.40282 -0.22790 0.88645 0.36357 0.19078 1 0 1.0
0 1.62179 0.98146 0.76799 -0.40282 -0.22790 0.88645 0.32436 0.19629 1 0 1.0
0 1.63527 0.81632 0.73166 -0.40282 -0.22790 0.88645 0.32705 0.16326 1 0 1.0
cl_black
0 1.81785 0.95390 0.85000 -0.33011 -0.32440 0.88645 0.36357 0.19078 1 0 1.0
0 1.63527 0.81632 0.73166 -0.33011 -0.32440 0.88645 0.32705 0.16326 1 0 1.0
0 1.79030 0.75784 0.76799 -0.33011 -0.32440 0.88645 0.35806 0.15157 1 0 1.0
cl_black
0 1.54058 0.99287 0.57000 -0.92893 -0.24024 0.28175 0.19857 0.11400 1 0 1.0
0 1.59423 0.78540 0.57000 -0.92893 -0.24024 0.28175 0.15708 0.11400 1 0 1.0
0 1.63527 0.81632 0.73166 -0.92893 -0.24024 0.28175 0.16326 0.14633 1 0 1.0
cl_black
0 1.54058 0.99287 0.57000 -0.91704 -0.15564 0.36718 0.19857 0.11400 1 0 1.0
0 1.63527 0.81632 0.73166 -0.91704 -0.15564 0.36718 0.16326 0.14633 1 0 1.0
0 1.62179 0.98146 0.76799 -0.91704 -0.15564 0.36718 0.19629 0.15360 1 0 1.0
cl_black
0 1.82620 1.01332 0.15000 -0.32440 0.33011 -0.88645 0.36524 0.20266 1 0 1.0
0 1.63014 1.04087 0.23201 -0.32440 0.33011 -0.88645 0.32603 0.20817 1 0 1.0
0 1.68861 1.19590 0.26834 -0.32440 0.33011 -0.88645 0.33772 0.23918 1 0 1.0
cl_black
0 1.82620 1.01332 0.15000 -0.22790 0.40282 -0.88645 0.36524 0.20266 1 0 1.0
0 1.68861 1.19590 0.26834 -0.22790 0.40282 -0.88645 0.33772 0.23918 1 0 1.0
0 1.85376 1.20938 0.23201 -0.22790 0.40282 -0.88645 0.37075 0.24188 1 0 1.0
cl_black
0 1.54893 1.05229 0.43000 -0.82672 0.48698 -0.28175 0.21046 0.08600 1 0 1.0
0 1.65769 1.23694 0.43000 -0.82672 0.48698 -0.28175 0.24739 0.08600 1 0 1.0
0 1.68861 1.19590 0.26834 -0.82672 0.48698 -0.28175 0.23918 0.05367 1 0 1.0
cl_black
0 1.54893 1.05229 0.43000 -0.83861 0.40238 -0.36718 0.21046 0.08600 1 0 1.0
0 1.68861 1.19590 0.26834 -0.83861 0.40238 -0.36718 0.23918 0.05367 1 0 1.0
0 1.63014 1.04087 0.23201 -0.83861 0.40238 -0.36718 0.20817 0.04640 1 0 1.0
cl_black
0 1.86517 1.29060 0.43000 -0.15564 0.91704 -0.36718 0.37303 0.08600 1 0 1.0
0 1.85376 1.20938 0.23201 -0.15564 0.91704 -0.36718 0.37075 0.04640 1 0 1.0
0 1.68861 1.19590 0.26834 -0.15564 0.91704 -0.36718 0.33772 0.05367 1 0 1.0
cl_black
0 1.86517 1.29060 0.43000 -0.24024 0.92893 -0.28175 0.37303 0.08600 1 0 1.0
0 1.68861 1.19590 0.26834 -0.24024 0.92893 -0.28175 0.33772 0.05367 1 0 1.0
0 1.65769 1.23694 0.43000 -0.24024 0.92893 -0.28175 0.33154 0.08600 1 0 1.0
cl_black
0 1.82620 1.01332 0.85000 -0.22790 0.40282 0.88645 0.36524 0.20266 1 0 1.0
0 1.85376 1.20938 0.76799 -0.22790 0.40282 0.88645 0.37075 0.24188 1 0 1.0
0 1.68861 1.19590 0.73166 -0.22790 0.40282 0.88645 0.33772 0.23918 1 0 1.0
cl_black
0 1.82620 1.01332 0.85000 -0.32440 0.33011 0.88645 0.36524 0.20266 1 0 1.0
0 1.68861 1.19590 0.73166 -0.32440 0.33011 0.88645 0.33772 0.23918 1 0 1.0
0 1.63014 1.04087 0.76799 -0.32440 0.33011 0.88645 0.32603 0.20817 1 0 1.0
cl_black
0 1.86517 1.29060 0.57000 -0.24024 0.92893 0.28175 0.37303 0.11400 1 0 1.0
0 1.65769 1.23694 0.57000 -0.24024 0.92893 0.28175 0.33154 0.11400 1 0 1.0
0 1.68861 1.19590 0.73166 -0.24024 0.92893 0.28175 0.33772 0.14633 1 0 1.0
cl_black
0 1.86517 1.29060 0.57000 -0.15564 0.91704 0.36718 0.37303 0.11400 1 0 1.0
0 1.68861 1.19590 0.73166 -0.15564 0.91704 0.36718 0.33772 0.14633 1 0 1.0
0 1.85376 1.20938 0.76799 -0.15564 0.91704 0.36718 0.37075 0.15360 1 0 1.0
cl_black
0 1.54893 1.05229 0.57000 -0.83861 0.40238 0.36718 0.21046 0.11400 1 0 1.0
0 1.63014 1.04087 0.76799 -0.83861 0.40238 0.36718 0.20817 0.15360 1 0 1.0
0 1.68861 1.19590 0.73166 -0.83861 0.40238 0.36718 0.23918 0.14633 1 0 1.0
cl_black
0 1.54893 1.05229 0.57000 -0.82672 0.48698 0.28175 0.21046 0.11400 1 0 1.0
0 1.68861 1.19590 0.73166 -0.82672 0.48698 0.28175 0.23918 0.14633 1 0 1.0
0 1.65769 1.23694 0.57000 -0.82672 0.48698 0.28175 0.24739 0.11400 1 0 1.0
cl_black
0 3.07054 0.77785 0.15000 0.32440 -0.33011 -0.88645 0.61411 0.15557 1 0 1.0
0 3.26660 0.75030 0.23201 0.32440 -0.33011 -0.88645 0.65332 0.15006 1 0 1.0
0 3.20813 0.59527 0.26834 0.32440 -0.33011 -0.88645 0.64163 0.11905 1 0 1.0
cl_black
0 3.07054 0.77785 0.15000 0.22790 -0.40282 -0.88645 0.61411 0.15557 1 0 1.0
0 3.20813 0.59527 0.26834 0.22790 -0.40282 -0.88645 0.64163 0.11905 1 0 1.0
0 3.04298 0.58179 0.23201 0.22790 -0.40282 -0.88645 0.60860 0.11636 1 0 1.0
cl_black
0 3.34781 0.73888 0.43000 0.82672 -0.48698 -0.28175 0.14778 0.08600 1 0 1.0
0 3.23905 0.55423 0.43000 0.82672 -0.48698 -0.28175 0.11085 0.08600 1 0 1.0
0 3.20813 0.59527 0.26834 0.82672 -0.48698 -0.28175 0.11905 0.05367 1 0 1.0
cl_black
0 3.34781 0.73888 0.43000 0.83861 -0.40238 -0.36718 0.14778 0.08600 1 0 1.0
0 3.20813 0.59527 0.26834 0.83861 -0.40238 -0.36718 0.11905 0.05367 1 0 1.0
0 3.26660 0.75030 0.23201 0.83861 -0.40238 -0.36718 0.15006 0.04640 1 0 1.0
cl_black
0 3.03157 0.50058 0.43000 0.15564 -0.91704 -0.36718 0.60631 0.08600 1 0 1.0
0 3.04298 0.58179 0.23201 0.15564 -0.91704 -0.36718 0.60860 0.04640 1 0 1.0
0 3.20813 0.59527 0.26834 0.15564 -0.91704 -0.36718 0.64163 0.05367 1 0 1.0
cl_black
0 3.03157 0.50058 0.43000 0.24024 -0.92893 -0.28175 0.60631 0.08600 1 0 1.0
0 3.20813 0.59527 0.26834 0.24024 -0.92893 -0.28175 0.64163 0.05367 1 0 1.0
0 3.23905 0.55423 0.43000 0.24024 -0.92893 -0.28175 0.64781 0.08600 1 0 1.0
cl_black
0 3.07054 0.77785 0.85000 0.22790 -0.40282 0.88645 0.61411 0.15557 1 0 1.0
0 3.04298 0.58179 0.76799 0.22790 -0.40282 0.88645 0.60860 0.11636 1 0 1.0
0 3.20813 0.59527 0.73166 0.22790 -0.40282 0.88645 0.64163 0.11905 1 0 1.0
cl_black
0 3.07054 0.77785 0.85000 0.32440 -0.33011 0.88645 0.61411 0.15557 1 0 1.0
0 3.20813 0.59527 0.73166 0.32440 -0.33011 0.88645 0.64163 0.11905 1 0 1.0
0 3.26660 0.75030 0.76799 0.32440 -0.33011 0.88645 0.65332 0.15006 1 0 1.0
cl_black
0 3.03157 0.50058 0.57000 0.24024 -0.92893 0.28175 0.60631 0.11400 1 0 1.0
0 3.23905 0.55423 0.57000 0.24024 -0.92893 0.28175 0.64781 0.11400 1 0 1.0
0 3.20813 0.59527 0.73166 0.24024 -0.92893 0.28175 0.64163 0.14633 1 0 1.0
cl_black
0 3.03157 0.50058 0.57000 0.15564 -0.91704 0.36718 0.60631 0.11400 1 0 1.0
0 3.20813 0.59527 0.73166 0.15564 -0.91704 0.36718 0.64163 0.14633 1 0 1.0
0 3.04298 0.58179 0.76799 0.15564 -0.91704 0.36718 0.60860 0.15360 1 0 1.0
cl_black
0 3.34781 0.73888 0.57000 0.83861 -0.40238 0.36718 0.14778 0.11400 1 0 1.0
0 3.26660 0.75030 0.76799 0.83861 -0.40238 0.36718 0.15006 0.15360 1 0 1.0
0 3.20813 0.59527 0.73166 0.83861 -0.40238 0.36718 0.11905 0.14633 1 0 1.0
cl_black
0 3.34781 0.73888 0.57000 0.82672 -0.48698 0.28175 0.14778 0.11400 1 0 1.0
0 3.20813 0.59527 0.73166 0.82672 -0.48698 0.28175 0.11905 0.14633 1 0 1.0
0 3.23905 0.55423 0.57000 0.82672 -0.48698 0.28175 0.11085 0.11400 1 0 1.0
cl_black
0 3.07889 0.83727 0.15000 0.33011 0.32439 -0.88645 0.61578 0.16745 1 0 1.0
0 3.10645 1.03333 0.23201 0.33011 0.32439 -0.88645 0.62129 0.20667 1 0 1.0
0 3.26147 0.97485 0.26834 0.33011 0.32439 -0.88645 0.65229 0.19497 1 0 1.0
cl_black
0 3.07889 0.83727 0.15000 0.40282 0.22790 -0.88645 0.61578 0.16745 1 0 1.0
0 3.26147 0.97485 0.26834 0.40282 0.22790 -0.88645 0.65229 0.19497 1 0 1.0
0 3.27495 0.80971 0.23201 0.40282 0.22790 -0.88645 0.65499 0.16194 1 0 1.0
cl_black
0 3.11786 1.11454 0.43000 0.48698 0.82672 -0.28175 0.62357 0.08600 1 0 1.0
0 3.30251 1.00577 0.43000 0.48698 0.82672 -0.28175 0.66050 0.08600 1 0 1.0
0 3.26147 0.97485 0.26834 0.48698 0.82672 -0.28175 0.65229 0.05367 1 0 1.0
cl_black
0 3.11786 1.11454 0.43000 0.40238 0.83861 -0.36718 0.62357 0.08600 1 0 1.0
0 3.26147 0.97485 0.26834 0.40238 0.83861 -0.36718 0.65229 0.05367 1 0 1.0
0 3.10645 1.03333 0.23201 0.40238 0.83861 -0.36718 0.62129 0.04640 1 0 1.0
cl_black
0 3.35617 0.79830 0.43000 0.91704 0.15564 -0.36718 0.15966 0.08600 1 0 1.0
0 3.27495 0.80971 0.23201 0.91704 0.15564 -0.36718 0.16194 0.04640 1 0 1.0
0 3.26147 0.97485 0.26834 0.91704 0.15564 -0.36718 0.19497 0.05367 1 0 1.0
cl_black
0 3.35617 0.79830 0.43000 0.92893 0.24024 -0.28175 0.15966 0.08600 1 0 1.0
0 3.26147 0.97485 0.26834 0.92893 0.24024 -0.28175 0.19497 0.05367 1 0 1.0
0 3.30251 1.00577 0.43000 0.92893 0.24024 -0.28175 0.20115 0.08600 1 0 1.0
cl_black
0 3.07889 0.83727 0.85000 0.40282 0.22790 0.88645 0.61578 0.16745 1 0 1.0
0 3.27495 0.80971 0.76799 0.40282 0.22790 0.88645 0.65499 0.16194 1 0 1.0
0 3.26147 0.97485 0.73166 0.40282 0.22790 0.88645 0.65229 0.19497 1 0 1.0
cl_black
0 3.07889 0.83727 0.85000 0.33011 0.32439 0.88645 0.61578 0.16745 1 0 1.0
0 3.26147 0.97485 0.73166 0.33011 0.32439 0.88645 0.65229 0.19497 1 0 1.0
0 3.10645 1.03333 0.76799 0.33011 0.32439 0.88645 0.62129 0.20667 1 0 1.0
cl_black
0 3.35617 0.79830 0.57000 0.92893 0.24024 0.28175 0.15966 0.11400 1 0 1.0
0 3.30251 1.00577 0.57000 0.92893 0.24024 0.28175 0.20115 0.11400 1 0 1.0
0 3.26147 0.97485 0.73166 0.92893 0.24024 0.28175 0.19497 0.14633 1 0 1.0
cl_black
0 3.35617 0.79830 0.57000 0.91704 0.15564 0.36718 0.15966 0.11400 1 0 1.0
0 3.26147 0.97485 0.73166 0.91704 0.15564 0.36718 0.19497 0.14633 1 0 1.0
0 3.27495 0.80971 0.76799 0.91704 0.15564 0.36718 0.16194 0.15360 1 0 1.0
cl_black
0 3.11786 1.11454 0.57000 0.40238 0.83861 0.36718 0.62357 0.11400 1 0 1.0
0 3.10645 1.03333 0.76799 0.40238 0.83861 0.36718 0.62129 0.15360 1 0 1.0
0 3.26147 0.97485 0.73166 0.40238 0.83861 0.36718 0.65229 0.14633 1 0 1.0
cl_black
0 3.11786 1.11454 0.57000 0.48698 0.82672 0.28175 0.62357 0.11400 1 0 1.0
0 3.26147 0.97485 0.73166 0.48698 0.82672 0.28175 0.65229 0.14633 1 0 1.0
0 3.30251 1.00577 0.57000 0.48698 0.82672 0.28175 0.66050 0.11400 1 0 1.0
cl_black
0 1.82620 1.01332 0.15000 -0.37896 0.05326 -0.92388 0.36524 0.20266 1 0 1.0
0 1.81785 0.95390 0.15000 -0.37896 0.05326 -0.92388 0.36357 0.19078 1 0 1.0
0 1.62179 0.98146 0.23201 -0.37896 0.05326 -0.92388 0.32436 0.19629 1 0 1.0
cl_black
0 1.82620 1.01332 0.15000 -0.37896 0.05326 -0.92388 0.36524 0.20266 1 0 1.0
0 1.62179 0.98146 0.23201 -0.37896 0.05326 -0.92388 0.32436 0.19629 1 0 1.0
0 1.63014 1.04087 0.23201 -0.37896 0.05326 -0.92388 0.32603 0.20817 1 0 1.0
cl_black
0 1.63014 1.04087 0.23201 -0.91489 0.12858 -0.38268 0.20817 0.04640 1 0 1.0
0 1.62179 0.98146 0.23201 -0.91489 0.12858 -0.38268 0.19629 0.04640 1 0 1.0
0 1.54058 0.99287 0.43000 -0.91489 0.12858 -0.38268 0.19857 0.08600 1 0 1.0
cl_black
0 1.63014 1.04087 0.23201 -0.91489 0.12858 -0.38268 0.20817 0.04640 1 0 1.0
0 1.54058 0.99287 0.43000 -0.91489 0.12858 -0.38268 0.19857 0.08600 1 0 1.0
0 1.54893 1.05229 0.43000 -0.91489 0.12858 -0.38268 0.21046 0.08600 1 0 1.0
cl_black
0 1.77888 0.67663 0.43000 -0.50754 -0.86163 0.00000 0.35578 0.08600 1 0 1.0
0 1.77888 0.67663 0.57000 -0.50754 -0.86163 0.00000 0.35578 0.11400 1 0 1.0
0 1.59423 0.78540 0.57000 -0.50754 -0.86163 0.00000 0.31885 0.11400 1 0 1.0
cl_black
0 1.77888 0.67663 0.43000 -0.50754 -0.86163 0.00000 0.35578 0.08600 1 0 1.0
0 1.59423 0.78540 0.57000 -0.50754 -0.86163 0.00000 0.31885 0.11400 1 0 1.0
0 1.59423 0.78540 0.43000 -0.50754 -0.86163 0.00000 0.31885 0.08600 1 0 1.0
cl_black
0 1.59423 0.78540 0.43000 -0.96815 -0.25038 0.00000 0.15708 0.08600 1 0 1.0
0 1.59423 0.78540 0.57000 -0.96815 -0.25038 0.00000 0.15708 0.11400 1 0 1.0
0 1.54058 0.99287 0.57000 -0.96815 -0.25038 0.00000 0.19857 0.11400 1 0 1.0
cl_black
0 1.59423 0.78540 0.43000 -0.96815 -0.25038 0.00000 0.15708 0.08600 1 0 1.0
0 1.54058 0.99287 0.57000 -0.96815 -0.25038 0.00000 0.19857 0.11400 1 0 1.0
0 1.54058 0.99287 0.43000 -0.96815 -0.25038 0.00000 0.19857 0.08600 1 0 1.0
cl_black
0 1.81785 0.95390 0.85000 -0.37896 0.05326 0.92388 0.36357 0.19078 1 0 1.0
0 1.82620 1.01332 0.85000 -0.37896 0.05326 0.92388 0.36524 0.20266 1 0 1.0
0 1.63014 1.04087 0.76799 -0.37896 0.05326 0.92388 0.32603 0.20817 1 0 1.0
cl_black
0 1.81785 0.95390 0.85000 -0.37896 0.05326 0.92388 0.36357 0.19078 1 0 1.0
0 1.63014 1.04087 0.76799 -0.37896 0.05326 0.92388 0.32603 0.20817 1 0 1.0
0 1.62179 0.98146 0.76799 -0.37896 0.05326 0.92388 0.32436 0.19629 1 0 1.0
cl_black
0 1.62179 0.98146 0.76799 -0.91489 0.12858 0.38268 0.19629 0.15360 1 0 1.0
0 1.63014 1.04087 0.76799 -0.91489 0.12858 0.38268 0.20817 0.15360 1 0 1.0
0 1.54893 1.05229 0.57000 -0.91489 0.12858 0.38268 0.21046 0.11400 1 0 1.0
cl_black
0 1.62179 0.98146 0.76799 -0.91489 0.12858 0.38268 0.19629 0.15360 1 0 1.0
0 1.54893 1.05229 0.57000 -0.91489 0.12858 0.38268 0.21046 0.11400 1 0 1.0
0 1.54058 0.99287 0.57000 -0.91489 0.12858 0.38268 0.19857 0.11400 1 0 1.0
cl_black
0 1.86517 1.29060 0.57000 -0.25038 0.96815 0.00000 0.37303 0.11400 1 0 1.0
0 1.86517 1.29060 0.43000 -0.25038 0.96815 0.00000 0.37303 0.08600 1 0 1.0
0 1.65769 1.23694 0.43000 -0.25038 0.96815 0.00000 0.33154 0.08600 1 0 1.0
cl_black
0 1.86517 1.29060 0.57000 -0.25038 0.96815 0.00000 0.37303 0.11400 1 0 1.0
0 1.65769 1.23694 0.43000 -0.25038 0.96815 0.00000 0.33154 0.08600 1 0 1.0
0 1.65769 1.23694 0.57000 -0.25038 0.96815 0.00000 0.33154 0.11400 1 0 1.0
cl_black
0 1.65769 1.23694 0.57000 -0.86163 0.50754 0.00000 0.24739 0.11400 1 0 1.0
0 1.65769 1.23694 0.43000 -0.86163 0.50754 0.00000 0.24739 0.08600 1 0 1.0
0 1.54893 1.05229 0.43000 -0.86163 0.50754 0.00000 0.21046 0.08600 1 0 1.0
cl_black
0 1.65769 1.23694 0.57000 -0.86163 0.50754 0.00000 0.24739 0.11400 1 0 1.0
0 1.54893 1.05229 0.43000 -0.86163 0.50754 0.00000 0.21046 0.08600 1 0 1.0
0 1.54893 1.05229 0.57000 -0.86163 0.50754 0.00000 0.21046 0.11400 1 0 1.0
cl_black
0 3.07889 0.83727 0.15000 0.05326 0.37896 -0.92388 0.61578 0.16745 1 0 1.0
0 1.82620 1.01332 0.15000 0.05326 0.37896 -0.92388 0.36524 0.20266 1 0 1.0
0 1.85376 1.20938 0.23201 0.05326 0.37896 -0.92388 0.37075 0.24188 1 0 1.0
cl_black
0 3.07889 0.83727 0.15000 0.05326 0.37896 -0.92388 0.61578 0.16745 1 0 1.0
0 1.85376 1.20938 0.23201 0.05326 0.37896 -0.92388 0.37075 0.24188 1 0 1.0
0 3.10645 1.03333 0.23201 0.05326 0.37896 -0.92388 0.62129 0.20667 1 0 1.0
cl_black
0 3.10645 1.03333 0.23201 0.12858 0.91489 -0.38268 0.62129 0.04640 1 0 1.0
0 1.85376 1.20938 0.23201 0.12858 0.91489 -0.38268 0.37075 0.04640 1 0 1.0
0 1.86517 1.29060 0.43000 0.12858 0.91489 -0.38268 0.37303 0.08600 1 0 1.0
cl_black
0 3.10645 1.03333 0.23201 0.12858 0.91489 -0.38268 0.62129 0.04640 1 0 1.0
0 1.86517 1.29060 0.43000 0.12858 0.91489 -0.38268 0.37303 0.08600 1 0 1.0
0 3.11786 1.11454 0.43000 0.12858 0.91489 -0.38268 0.62357 0.08600 1 0 1.0
cl_black
0 1.82620 1.01332 0.85000 0.05326 0.37896 0.92388 0.36524 0.20266 1 0 1.0
0 3.07889 0.83727 0.85000 0.05326 0.37896 0.92388 0.61578 0.16745 1 0 1.0
0 3.10645 1.03333 0.76799 0.05326 0.37896 0.92388 0.62129 0.20667 1 0 1.0
cl_black
0 1.82620 1.01332 0.85000 0.05326 0.37896 0.92388 0.36524 0.20266 1 0 1.0
0 3.10645 1.03333 0.76799 0.05326 0.37896 0.92388 0.62129 0.20667 1 0 1.0
0 1.85376 1.20938 0.76799 0.05326 0.37896 0.92388 0.37075 0.24188 1 0 1.0
cl_black
0 1.85376 1.20938 0.76799 0.12858 0.91489 0.38268 0.37075 0.15360 1 0 1.0
0 3.10645 1.03333 0.76799 0.12858 0.91489 0.38268 0.62129 0.15360 1 0 1.0
0 3.11786 1.11454 0.57000 0.12858 0.91489 0.38268 0.62357 0.11400 1 0 1.0
cl_black
0 1.85376 1.20938 0.76799 0.12858 0.91489 0.38268 0.37075 0.15360 1 0 1.0
0 3.11786 1.11454 0.57000 0.12858 0.91489 0.38268 0.62357 0.11400 1 0 1.0
0 1.86517 1.29060 0.57000 0.12858 0.91489 0.38268 0.37303 0.11400 1 0 1.0
cl_black
0 3.35617 0.79830 0.57000 0.96815 0.25038 0.00000 0.15966 0.11400 1 0 1.0
0 3.35617 0.79830 0.43000 0.96815 0.25038 0.00000 0.15966 0.08600 1 0 1.0
0 3.30251 1.00577 0.43000 0.96815 0.25038 0.00000 0.20115 0.08600 1 0 1.0
cl_black
0 3.35617 0.79830 0.57000 0.96815 0.25038 0.00000 0.15966 0.11400 1 0 1.0
0 3.30251 1.00577 0.43000 0.96815 0.25038 0.00000 0.20115 0.08600 1 0 1.0
0 3.30251 1.00577 0.57000 0.96815 0.25038 0.00000 0.20115 0.11400 1 0 1.0
cl_black
0 3.30251 1.00577 0.57000 0.50754 0.86163 0.00000 0.66050 0.11400 1 0 1.0
0 3.30251 1.00577 0.43000 0.50754 0.86163 0.00000 0.66050 0.08600 1 0 1.0
0 3.11786 1.11454 0.43000 0.50754 0.86163 0.00000 0.62357 0.08600 1 0 1.0
cl_black
0 3.30251 1.00577 0.57000 0.50754 0.86163 0.00000 0.66050 0.11400 1 0 1.0
0 3.11786 1.11454 0.43000 0.50754 0.86163 0.00000 0.62357 0.08600 1 0 1.0
0 3.11786 1.11454 0.57000 0.50754 0.86163 0.00000 0.62357 0.11400 1 0 1.0
cl_black
0 3.07054 0.77785 0.15000 0.37896 -0.05326 -0.92388 0.61411 0.15557 1 0 1.0
0 3.07889 0.83727 0.15000 0.37896 -0.05326 -0.92388 0.61578 0.16745 1 0 1.0
0 3.27495 0.80971 0.23201 0.37896 -0.05326 -0.92388 0.65499 0.16194 1 0 1.0
cl_black
0 3.07054 0.77785 0.15000 0.37896 -0.05326 -0.92388 0.61411 0.15557 1 0 1.0
0 3.27495 0.80971 0.23201 0.37896 -0.05326 -0.92388 0.65499 0.16194 1 0 1.0
0 3.26660 0.75030 0.23201 0.37896 -0.05326 -0.92388 0.65332 0.15006 1 0 1.0
cl_black
0 3.26660 0.75030 0.23201 0.91489 -0.12858 -0.38268 0.15006 0.04640 1 0 1.0
0 3.27495 0.80971 0.23201 0.91489 -0.12858 -0.38268 0.16194 0.04640 1 0 1.0
0 3.35617 0.79830 0.43000 0.91489 -0.12858 -0.38268 0.15966 0.08600 1 0 1.0
cl_black
0 3.26660 0.75030 0.23201 0.91489 -0.12858 -0.38268 0.15006 0.04640 1 0 1.0
0 3.35617 0.79830 0.43000 0.91489 -0.12858 -0.38268 0.15966 0.08600 1 0 1.0
0 3.34781 0.73888 0.43000 0.91489 -0.12858 -0.38268 0.14778 0.08600 1 0 1.0
cl_black
0 3.07889 0.83727 0.85000 0.37896 -0.05326 0.92388 0.61578 0.16745 1 0 1.0
0 3.07054 0.77785 0.85000 0.37896 -0.05326 0.92388 0.61411 0.15557 1 0 1.0
0 3.26660 0.75030 0.76799 0.37896 -0.05326 0.92388 0.65332 0.15006 1 0 1.0
cl_black
0 3.07889 0.83727 0.85000 0.37896 -0.05326 0.92388 0.61578 0.16745 1 0 1.0
0 3.26660 0.75030 0.76799 0.37896 -0.05326 0.92388 0.65332 0.15006 1 0 1.0
0 3.27495 0.80971 0.76799 0.37896 -0.05326 0.92388 0.65499 0.16194 1 0 1.0
cl_black
0 3.27495 0.80971 0.76799 0.91489 -0.12858 0.38268 0.16194 0.15360 1 0 1.0
0 3.26660 0.75030 0.76799 0.91489 -0.12858 0.38268 0.15006 0.15360 1 0 1.0
0 3.34781 0.73888 0.57000 0.91489 -0.12858 0.38268 0.14778 0.11400 1 0 1.0
cl_black
0 3.27495 0.80971 0.76799 0.91489 -0.12858 0.38268 0.16194 0.15360 1 0 1.0
0 3.34781 0.73888 0.57000 0.91489 -0.12858 0.38268 0.14778 0.11400 1 0 1.0
0 3.35617 0.79830 0.57000 0.91489 -0.12858 0.38268 0.15966 0.11400 1 0 1.0
cl_black
0 3.03157 0.50058 0.57000 0.25038 -0.96815 0.00000 0.60631 0.11400 1 0 1.0
0 3.03157 0.50058 0.43000 0.25038 -0.96815 0.00000 0.60631 0.08600 1 0 1.0
0 3.23905 0.55423 0.43000 0.25038 -0.96815 0.00000 0.64781 0.08600 1 0 1.0
cl_black
0 3.03157 0.50058 0.57000 0.25038 -0.96815 0.00000 0.60631 0.11400 1 0 1.0
0 3.23905 0.55423 0.43000 0.25038 -0.96815 0.00000 0.64781 0.08600 1 0 1.0
0 3.23905 0.55423 0.57000 0.25038 -0.96815 0.00000 0.64781 0.11400 1 0 1.0
cl_black
0 3.23905 0.55423 0.57000 0.86163 -0.50754 0.00000 0.11085 0.11400 1 0 1.0
0 3.23905 0.55423 0.43000 0.86163 -0.50754 0.00000 0.11085 0.08600 1 0 1.0
0 3.34781 0.73888 0.43000 0.86163 -0.50754 0.00000 0.14778 0.08600 1 0 1.0
cl_black
0 3.23905 0.55423 0.57000 0.86163 -0.50754 0.00000 0.11085 0.11400 1 0 1.0
0 3.34781 0.73888 0.43000 0.86163 -0.50754 0.00000 0.14778 0.08600 1 0 1.0
0 3.34781 0.73888 0.57000 0.86163 -0.50754 0.00000 0.14778 0.11400 1 0 1.0
cl_black
0 1.81785 0.95390 0.15000 -0.05326 -0.37896 -0.92388 0.36357 0.19078 1 0 1.0
0 3.07054 0.77785 0.15000 -0.05326 -0.37896 -0.92388 0.61411 0.15557 1 0 1.0
0 3.04298 0.58179 0.23201 -0.05326 -0.37896 -0.92388 0.60860 0.11636 1 0 1.0
cl_black
0 1.81785 0.95390 0.15000 -0.05326 -0.37896 -0.92388 0.36357 0.19078 1 0 1.0
0 3.04298 0.58179 0.23201 -0.05326 -0.37896 -0.92388 0.60860 0.11636 1 0 1.0
0 1.79030 0.75784 0.23201 -0.05326 -0.37896 -0.92388 0.35806 0.15157 1 0 1.0
cl_black
0 1.79030 0.75784 0.23201 -0.12858 -0.91489 -0.38268 0.35806 0.04640 1 0 1.0
0 3.04298 0.58179 0.23201 -0.12858 -0.91489 -0.38268 0.60860 0.04640 1 0 1.0
0 3.03157 0.50058 0.43000 -0.12858 -0.91489 -0.38268 0.60631 0.08600 1 0 1.0
cl_black
0 1.79030 0.75784 0.23201 -0.12858 -0.91489 -0.38268 0.35806 0.04640 1 0 1.0
0 3.03157 0.50058 0.43000 -0.12858 -0.91489 -0.38268 0.60631 0.08600 1 0 1.0
0 1.77888 0.67663 0.43000 -0.12858 -0.91489 -0.38268 0.35578 0.08600 1 0 1.0
cl_black
0 3.07054 0.77785 0.85000 -0.05326 -0.37896 0.92388 0.61411 0.15557 1 0 1.0
0 1.81785 0.95390 0.85000 -0.05326 -0.37896 0.92388 0.36357 0.19078 1 0 1.0
0 1.79030 0.75784 0.76799 -0.05326 -0.37896 0.92388 0.35806 0.15157 1 0 1.0
cl_black
0 3.07054 0.77785 0.85000 -0.05326 -0.37896 0.92388 0.61411 0.15557 1 0 1.0
0 1.79030 0.75784 0.76799 -0.05326 -0.37896 0.92388 0.35806 0.15157 1 0 1.0
0 3.04298 0.58179 0.76799 -0.05326 -0.37896 0.92388 0.60860 0.11636 1 0 1.0
cl_black
0 3.04298 0.58179 0.76799 -0.12858 -0.91489 0.38268 0.60860 0.15360 1 0 1.0
0 1.79030 0.75784 0.76799 -0.12858 -0.91489 0.38268 0.35806 0.15360 1 0 1.0
0 1.77888 0.67663 0.57000 -0.12858 -0.91489 0.38268 0.35578 0.11400 1 0 1.0
cl_black
0 3.04298 0.58179 0.76799 -0.12858 -0.91489 0.38268 0.60860 0.15360 1 0 1.0
0 1.77888 0.67663 0.57000 -0.12858 -0.91489 0.38268 0.35578 0.11400 1 0 1.0
0 3.03157 0.50058 0.57000 -0.12858 -0.91489 0.38268 0.60631 0.11400 1 0 1.0
cl_black
0 1.82620 1.01332 0.15000 0.00000 0.00000 -1.00000 0.36524 0.20266 1 0 1.0
0 3.07889 0.83727 0.15000 0.00000 0.00000 -1.00000 0.61578 0.16745 1 0 1.0
0 3.07054 0.77785 0.15000 0.00000 0.00000 -1.00000 0.61411 0.15557 1 0 1.0
cl_black
0 1.82620 1.01332 0.15000 0.00000 0.00000 -1.00000 0.36524 0.20266 1 0 1.0
0 3.07054 0.77785 0.15000 0.00000 0.00000 -1.00000 0.61411 0.15557 1 0 1.0
0 1.81785 0.95390 0.15000 0.00000 0.00000 -1.00000 0.36357 0.19078 1 0 1.0
cl_black
0 1.54058 0.99287 0.43000 -0.99027 0.13917 0.00000 0.19857 0.08600 1 0 1.0
0 1.54058 0.99287 0.57000 -0.99027 0.13917 0.00000 0.19857 0.11400 1 0 1.0
0 1.54893 1.05229 0.57000 -0.99027 0.13917 0.00000 0.21046 0.11400 1 0 1.0
cl_black
0 1.54058 0.99287 0.43000 -0.99027 0.13917 0.00000 0.19857 0.08600 1 0 1.0
0 1.54893 1.05229 0.57000 -0.99027 0.13917 0.00000 0.21046 0.11400 1 0 1.0
0 1.54893 1.05229 0.43000 -0.99027 0.13917 0.00000 0.21046 0.08600 1 0 1.0
cl_black
0 3.03157 0.50058 0.43000 -0.13917 -0.99027 0.00000 0.60631 0.08600 1 0 1.0
0 3.03157 0.50058 0.57000 -0.13917 -0.99027 0.00000 0.60631 0.11400 1 0 1.0
0 1.77888 0.67663 0.57000 -0.13917 -0.99027 0.00000 0.35578 0.11400 1 0 1.0
cl_black
0 3.03157 0.50058 0.43000 -0.13917 -0.99027 0.00000 0.60631 0.08600 1 0 1.0
0 1.77888 0.67663 0.57000 -0.13917 -0.99027 0.00000 0.35578 0.11400 1 0 1.0
0 1.77888 0.67663 0.43000 -0.13917 -0.99027 0.00000 0.35578 0.08600 1 0 1.0
cl_black
0 3.07889 0.83727 0.85000 0.00000 0.00000 1.00000 0.61578 0.16745 1 0 1.0
0 1.82620 1.01332 0.85000 0.00000 0.00000 1.00000 0.36524 0.20266 1 0 1.0
0 1.81785 0.95390 0.85000 0.00000 0.00000 1.00000 0.36357 0.19078 1 0 1.0
cl_black
0 3.07889 0.83727 0.85000 0.00000 0.00000 1.00000 0.61578 0.16745 1 0 1.0
0 1.81785 0.95390 0.85000 0.00000 0.00000 1.00000 0.36357 0.19078 1 0 1.0
0 3.07054 0.77785 0.85000 0.00000 0.00000 1.00000 0.61411 0.15557 1 0 1.0
cl_black
0 1.86517 1.29060 0.43000 0.13917 0.99027 0.00000 0.37303 0.08600 1 0 1.0
0 1.86517 1.29060 0.57000 0.13917 0.99027 0.00000 0.37303 0.11400 1 0 1.0
0 3.11786 1.11454 0.57000 0.13917 0.99027 0.00000 0.62357 0.11400 1 0 1.0
cl_black
0 1.86517 1.29060 0.43000 0.13917 0.99027 0.00000 0.37303 0.08600 1 0 1.0
0 3.11786 1.11454 0.57000 0.13917 0.99027 0.00000 0.62357 0.11400 1 0 1.0
0 3.11786 1.11454 0.43000 0.13917 0.99027 0.00000 0.62357 0.08600 1 0 1.0
cl_black
0 3.35617 0.79830 0.43000 0.99027 -0.13917 0.00000 0.15966 0.08600 1 0 1.0
0 3.35617 0.79830 0.57000 0.99027 -0.13917 0.00000 0.15966 0.11400 1 0 1.0
0 3.34781 0.73888 0.57000 0.99027 -0.13917 0.00000 0.14778 0.11400 1 0 1.0
cl_black
0 3.35617 0.79830 0.43000 0.99027 -0.13917 0.00000 0.15966 0.08600 1 0 1.0
0 3.34781 0.73888 0.57000 0.99027 -0.13917 0.00000 0.14778 0.11400 1 0 1.0
0 3.34781 0.73888 0.43000 0.99027 -0.13917 0.00000 0.14778 0.08600 1 0 1.0
cl_black
0 1.91032 1.64779 0.15000 -0.33011 -0.32440 -0.88645 0.38206 0.32956 1 0 1.0
0 1.88277 1.45172 0.23201 -0.33011 -0.32440 -0.88645 0.37655 0.29034 1 0 1.0
0 1.72774 1.51020 0.26834 -0.33011 -0.32440 -0.88645 0.34555 0.30204 1 0 1.0
cl_black
0 1.91032 1.64779 0.15000 -0.40282 -0.22790 -0.88645 0.38206 0.32956 1 0 1.0
0 1.72774 1.51020 0.26834 -0.40282 -0.22790 -0.88645 0.34555 0.30204 1 0 1.0
0 1.71426 1.67534 0.23201 -0.40282 -0.22790 -0.88645 0.34285 0.33507 1 0 1.0
cl_black
0 1.87135 1.37051 0.43000 -0.48698 -0.82672 -0.28175 0.37427 0.08600 1 0 1.0
0 1.68670 1.47928 0.43000 -0.48698 -0.82672 -0.28175 0.33734 0.08600 1 0 1.0
0 1.72774 1.51020 0.26834 -0.48698 -0.82672 -0.28175 0.34555 0.05367 1 0 1.0
cl_black
0 1.87135 1.37051 0.43000 -0.40238 -0.83861 -0.36718 0.37427 0.08600 1 0 1.0
0 1.72774 1.51020 0.26834 -0.40238 -0.83861 -0.36718 0.34555 0.05367 1 0 1.0
0 1.88277 1.45172 0.23201 -0.40238 -0.83861 -0.36718 0.37655 0.04640 1 0 1.0
cl_black
0 1.63305 1.68676 0.43000 -0.91704 -0.15563 -0.36718 0.33735 0.08600 1 0 1.0
0 1.71426 1.67534 0.23201 -0.91704 -0.15563 -0.36718 0.33507 0.04640 1 0 1.0
0 1.72774 1.51020 0.26834 -0.91704 -0.15563 -0.36718 0.30204 0.05367 1 0 1.0
cl_black
0 1.63305 1.68676 0.43000 -0.92893 -0.24024 -0.28175 0.33735 0.08600 1 0 1.0
0 1.72774 1.51020 0.26834 -0.92893 -0.24024 -0.28175 0.30204 0.05367 1 0 1.0
0 1.68670 1.47928 0.43000 -0.92893 -0.24024 -0.28175 0.29586 0.08600 1 0 1.0
cl_black
0 1.87135 1.37051 0.57000 -0.40238 -0.83861 0.36718 0.37427 0.11400 1 0 1.0
0 1.88277 1.45172 0.76799 -0.40238 -0.83861 0.36718 0.37655 0.15360 1 0 1.0
0 1.72774 1.51020 0.73166 -0.40238 -0.83861 0.36718 0.34555 0.14633 1 0 1.0
cl_black
0 1.87135 1.37051 0.57000 -0.48698 -0.82672 0.28175 0.37427 0.11400 1 0 1.0
0 1.72774 1.51020 0.73166 -0.48698 -0.82672 0.28175 0.34555 0.14633 1 0 1.0
0 1.68670 1.47928 0.57000 -0.48698 -0.82672 0.28175 0.33734 0.11400 1 0 1.0
cl_black
0 1.91032 1.64779 0.85000 -0.40282 -0.22790 0.88645 0.38206 0.32956 1 0 1.0
0 1.71426 1.67534 0.76799 -0.40282 -0.22790 0.88645 0.34285 0.33507 1 0 1.0
0 1.72774 1.51020 0.73166 -0.40282 -0.22790 0.88645 0.34555 0.30204 1 0 1.0
cl_black
0 1.91032 1.64779 0.85000 -0.33011 -0.32440 0.88645 0.38206 0.32956 1 0 1.0
0 1.72774 1.51020 0.73166 -0.33011 -0.32440 0.88645 0.34555 0.30204 1 0 1.0
0 1.88277 1.45172 0.76799 -0.33011 -0.32440 0.88645 0.37655 0.29034 1 0 1.0
cl_black
0 1.63305 1.68676 0.57000 -0.92893 -0.24024 0.28175 0.33735 0.11400 1 0 1.0
0 1.68670 1.47928 0.57000 -0.92893 -0.24024 0.28175 0.29586 0.11400 1 0 1.0
0 1.72774 1.51020 0.73166 -0.92893 -0.24024 0.28175 0.30204 0.14633 1 0 1.0
cl_black
0 1.63305 1.68676 0.57000 -0.91704 -0.15563 0.36718 0.33735 0.11400 1 0 1.0
0 1.72774 1.51020 0.73166 -0.91704 -0.15563 0.36718 0.30204 0.14633 1 0 1.0
0 1.71426 1.67534 0.76799 -0.91704 -0.15563 0.36718 0.33507 0.15360 1 0 1.0
cl_black
0 1.91867 1.70720 0.15000 -0.32440 0.33011 -0.88645 0.38373 0.34144 1 0 1.0
0 1.72261 1.73476 0.23201 -0.32440 0.33011 -0.88645 0.34452 0.34695 1 0 1.0
0 1.78108 1.88979 0.26834 -0.32440 0.33011 -0.88645 0.35622 0.37796 1 0 1.0
cl_black
0 1.91867 1.70720 0.15000 -0.22790 0.40282 -0.88645 0.38373 0.34144 1 0 1.0
0 1.78108 1.88979 0.26834 -0.22790 0.40282 -0.88645 0.35622 0.37796 1 0 1.0
0 1.94623 1.90327 0.23201 -0.22790 0.40282 -0.88645 0.38925 0.38065 1 0 1.0
cl_black
0 1.64140 1.74617 0.43000 -0.82672 0.48698 -0.28175 0.34923 0.08600 1 0 1.0
0 1.75016 1.93082 0.43000 -0.82672 0.48698 -0.28175 0.38616 0.08600 1 0 1.0
0 1.78108 1.88979 0.26834 -0.82672 0.48698 -0.28175 0.37796 0.05367 1 0 1.0
cl_black
0 1.64140 1.74617 0.43000 -0.83861 0.40238 -0.36718 0.34923 0.08600 1 0 1.0
0 1.78108 1.88979 0.26834 -0.83861 0.40238 -0.36718 0.37796 0.05367 1 0 1.0
0 1.72261 1.73476 0.23201 -0.83861 0.40238 -0.36718 0.34695 0.04640 1 0 1.0
cl_black
0 1.95764 1.98448 0.43000 -0.15564 0.91704 -0.36718 0.39153 0.08600 1 0 1.0
0 1.94623 1.90327 0.23201 -0.15564 0.91704 -0.36718 0.38925 0.04640 1 0 1.0
0 1.78108 1.88979 0.26834 -0.15564 0.91704 -0.36718 0.35622 0.05367 1 0 1.0
cl_black
0 1.95764 1.98448 0.43000 -0.24024 0.92893 -0.28175 0.39153 0.08600 1 0 1.0
0 1.78108 1.88979 0.26834 -0.24024 0.92893 -0.28175 0.35622 0.05367 1 0 1.0
0 1.75016 1.93082 0.43000 -0.24024 0.92893 -0.28175 0.35003 0.08600 1 0 1.0
cl_black
0 1.91867 1.70720 0.85000 -0.22790 0.40282 0.88645 0.38373 0.34144 1 0 1.0
0 1.94623 1.90327 0.76799 -0.22790 0.40282 0.88645 0.38925 0.38065 1 0 1.0
0 1.78108 1.88979 0.73166 -0.22790 0.40282 0.88645 0.35622 0.37796 1 0 1.0
cl_black
0 1.91867 1.70720 0.85000 -0.32440 0.33011 0.88645 0.38373 0.34144 1 0 1.0
0 1.78108 1.88979 0.73166 -0.32440 0.33011 0.88645 0.35622 0.37796 1 0 1.0
0 1.72261 1.73476 0.76799 -0.32440 0.33011 0.88645 0.34452 0.34695 1 0 1.0
cl_black
0 1.95764 1.98448 0.57000 -0.24024 0.92893 0.28175 0.39153 0.11400 1 0 1.0
0 1.75016 1.93082 0.57000 -0.24024 0.92893 0.28175 0.35003 0.11400 1 0 1.0
0 1.78108 1.88979 0.73166 -0.24024 0.92893 0.28175 0.35622 0.14633 1 0 1.0
cl_black
0 1.95764 1.98448 0.57000 -0.15564 0.91704 0.36718 0.39153 0.11400 1 0 1.0
0 1.78108 1.88979 0.73166 -0.15564 0.91704 0.36718 0.35622 0.14633 1 0 1.0
0 1.94623 1.90327 0.76799 -0.15564 0.91704 0.36718 0.38925 0.15360 1 0 1.0
cl_black
0 1.64140 1.74617 0.57000 -0.83861 0.40238 0.36718 0.34923 0.11400 1 0 1.0
0 1.72261 1.73476 0.76799 -0.83861 0.40238 0.36718 0.34695 0.15360 1 0 1.0
0 1.78108 1.88979 0.73166 -0.83861 0.40238 0.36718 0.37796 0.14633 1 0 1.0
cl_black
0 1.64140 1.74617 0.57000 -0.82672 0.48698 0.28175 0.34923 0.11400 1 0 1.0
0 1.78108 1.88979 0.73166 -0.82672 0.48698 0.28175 0.37796 0.14633 1 0 1.0
0 1.75016 1.93082 0.57000 -0.82672 0.48698 0.28175 0.38616 0.11400 1 0 1.0
cl_black
0 3.41058 1.43694 0.15000 0.32439 -0.33011 -0.88645 0.68212 0.28739 1 0 1.0
0 3.60664 1.40939 0.23201 0.32439 -0.33011 -0.88645 0.72133 0.28188 1 0 1.0
0 3.54816 1.25436 0.26834 0.32439 -0.33011 -0.88645 0.70963 0.25087 1 0 1.0
cl_black
0 3.41058 1.43694 0.15000 0.22790 -0.40282 -0.88645 0.68212 0.28739 1 0 1.0
0 3.54816 1.25436 0.26834 0.22790 -0.40282 -0.88645 0.70963 0.25087 1 0 1.0
0 3.38302 1.24088 0.23201 0.22790 -0.40282 -0.88645 0.67660 0.24818 1 0 1.0
cl_black
0 3.68785 1.39797 0.43000 0.82672 -0.48698 -0.28175 0.27959 0.08600 1 0 1.0
0 3.57909 1.21332 0.43000 0.82672 -0.48698 -0.28175 0.24266 0.08600 1 0 1.0
0 3.54816 1.25436 0.26834 0.82672 -0.48698 -0.28175 0.25087 0.05367 1 0 1.0
cl_black
0 3.68785 1.39797 0.43000 0.83861 -0.40238 -0.36718 0.27959 0.08600 1 0 1.0
0 3.54816 1.25436 0.26834 0.83861 -0.40238 -0.36718 0.25087 0.05367 1 0 1.0
0 3.60664 1.40939 0.23201 0.83861 -0.40238 -0.36718 0.28188 0.04640 1 0 1.0
cl_black
0 3.37161 1.15967 0.43000 0.15563 -0.91704 -0.36718 0.67432 0.08600 1 0 1.0
0 3.38302 1.24088 0.23201 0.15563 -0.91704 -0.36718 0.67660 0.04640 1 0 1.0
0 3.54816 1.25436 0.26834 0.15563 -0.91704 -0.36718 0.70963 0.05367 1 0 1.0
cl_black
0 3.37161 1.15967 0.43000 0.24024 -0.92893 -0.28175 0.67432 0.08600 1 0 1.0
0 3.54816 1.25436 0.26834 0.24024 -0.92893 -0.28175 0.70963 0.05367 1 0 1.0
0 3.57909 1.21332 0.43000 0.24024 -0.92893 -0.28175 0.71582 0.08600 1 0 1.0
cl_black
0 3.41058 1.43694 0.85000 0.22790 -0.40282 0.88645 0.68212 0.28739 1 0 1.0
0 3.38302 1.24088 0.76799 0.22790 -0.40282 0.88645 0.67660 0.24818 1 0 1.0
0 3.54816 1.25436 0.73166 0.22790 -0.40282 0.88645 0.70963 0.25087 1 0 1.0
cl_black
0 3.41058 1.43694 0.85000 0.32439 -0.33011 0.88645 0.68212 0.28739 1 0 1.0
0 3.54816 1.25436 0.73166 0.32439 -0.33011 0.88645 0.70963 0.25087 1 0 1.0
0 3.60664 1.40939 0.76799 0.32439 -0.33011 0.88645 0.72133 0.28188 1 0 1.0
cl_black
0 3.37161 1.15967 0.57000 0.24024 -0.92893 0.28175 0.67432 0.11400 1 0 1.0
0 3.57909 1.21332 0.57000 0.24024 -0.92893 0.28175 0.71582 0.11400 1 0 1.0
0 3.54816 1.25436 0.73166 0.24024 -0.92893 0.28175 0.70963 0.14633 1 0 1.0
cl_black
0 3.37161 1.15967 0.57000 0.15564 -0.91704 0.36718 0.67432 0.11400 1 0 1.0
0 3.54816 1.25436 0.73166 0.15564 -0.91704 0.36718 0.70963 0.14633 1 0 1.0
0 3.38302 1.24088 0.76799 0.15564 -0.91704 0.36718 0.67660 0.15360 1 0 1.0
cl_black
0 3.68785 1.39797 0.57000 0.83861 -0.40238 0.36718 0.27959 0.11400 1 0 1.0
0 3.60664 1.40939 0.76799 0.83861 -0.40238 0.36718 0.28188 0.15360 1 0 1.0
0 3.54816 1.25436 0.73166 0.83861 -0.40238 0.36718 0.25087 0.14633 1 0 1.0
cl_black
0 3.68785 1.39797 0.57000 0.82672 -0.48698 0.28175 0.27959 0.11400 1 0 1.0
0 3.54816 1.25436 0.73166 0.82672 -0.48698 0.28175 0.25087 0.14633 1 0 1.0
0 3.57909 1.21332 0.57000 0.82672 -0.48698 0.28175 0.24266 0.11400 1 0 1.0
cl_black
0 3.41893 1.49636 0.15000 0.33011 0.32439 -0.88645 0.68379 0.29927 1 0 1.0
0 3.44648 1.69242 0.23201 0.33011 0.32439 -0.88645 0.68930 0.33848 1 0 1.0
0 3.60151 1.63394 0.26834 0.33011 0.32439 -0.88645 0.72030 0.32679 1 0 1.0
cl_black
0 3.41893 1.49636 0.15000 0.40282 0.22790 -0.88645 0.68379 0.29927 1 0 1.0
0 3.60151 1.63394 0.26834 0.40282 0.22790 -0.88645 0.72030 0.32679 1 0 1.0
0 3.61499 1.46880 0.23201 0.40282 0.22790 -0.88645 0.72300 0.29376 1 0 1.0
cl_black
0 3.45790 1.77363 0.43000 0.48698 0.82672 -0.28175 0.69158 0.08600 1 0 1.0
0 3.64255 1.66486 0.43000 0.48698 0.82672 -0.28175 0.72851 0.08600 1 0 1.0
0 3.60151 1.63394 0.26834 0.48698 0.82672 -0.28175 0.72030 0.05367 1 0 1.0
cl_black
0 3.45790 1.77363 0.43000 0.40238 0.83861 -0.36718 0.69158 0.08600 1 0 1.0
0 3.60151 1.63394 0.26834 0.40238 0.83861 -0.36718 0.72030 0.05367 1 0 1.0
0 3.44648 1.69242 0.23201 0.40238 0.83861 -0.36718 0.68930 0.04640 1 0 1.0
cl_black
0 3.69620 1.45739 0.43000 0.91704 0.15564 -0.36718 0.29148 0.08600 1 0 1.0
0 3.61499 1.46880 0.23201 0.91704 0.15564 -0.36718 0.29376 0.04640 1 0 1.0
0 3.60151 1.63394 0.26834 0.91704 0.15564 -0.36718 0.32679 0.05367 1 0 1.0
cl_black
0 3.69620 1.45739 0.43000 0.92893 0.24023 -0.28175 0.29148 0.08600 1 0 1.0
0 3.60151 1.63394 0.26834 0.92893 0.24023 -0.28175 0.32679 0.05367 1 0 1.0
0 3.64255 1.66486 0.43000 0.92893 0.24023 -0.28175 0.33297 0.08600 1 0 1.0
cl_black
0 3.41893 1.49636 0.85000 0.40282 0.22790 0.88645 0.68379 0.29927 1 0 1.0
0 3.61499 1.46880 0.76799 0.40282 0.22790 0.88645 0.72300 0.29376 1 0 1.0
0 3.60151 1.63394 0.73166 0.40282 0.22790 0.88645 0.72030 0.32679 1 0 1.0
cl_black
0 3.41893 1.49636 0.85000 0.33011 0.32440 0.88645 0.68379 0.29927 1 0 1.0
0 3.60151 1.63394 0.73166 0.33011 0.32440 0.88645 0.72030 0.32679 1 0 1.0
0 3.44648 1.69242 0.76799 0.33011 0.32440 0.88645 0.68930 0.33848 1 0 1.0
cl_black
0 3.69620 1.45739 0.57000 0.92893 0.24023 0.28175 0.29148 0.11400 1 0 1.0
0 3.64255 1.66486 0.57000 0.92893 0.24023 0.28175 0.33297 0.11400 1 0 1.0
0 3.60151 1.63394 0.73166 0.92893 0.24023 0.28175 0.32679 0.14633 1 0 1.0
cl_black
0 3.69620 1.45739 0.57000 0.91704 0.15564 0.36718 0.29148 0.11400 1 0 1.0
0 3.60151 1.63394 0.73166 0.91704 0.15564 0.36718 0.32679 0.14633 1 0 1.0
0 3.61499 1.46880 0.76799 0.91704 0.15564 0.36718 0.29376 0.15360 1 0 1.0
cl_black
0 3.45790 1.77363 0.57000 0.40238 0.83861 0.36718 0.69158 0.11400 1 0 1.0
0 3.44648 1.69242 0.76799 0.40238 0.83861 0.36718 0.68930 0.15360 1 0 1.0
0 3.60151 1.63394 0.73166 0.40238 0.83861 0.36718 0.72030 0.14633 1 0 1.0
cl_black
0 3.45790 1.77363 0.57000 0.48698 0.82672 0.28175 0.69158 0.11400 1 0 1.0
0 3.60151 1.63394 0.73166 0.48698 0.82672 0.28175 0.72030 0.14633 1 0 1.0
0 3.64255 1.66486 0.57000 0.48698 0.82672 0.28175 0.72851 0.11400 1 0 1.0
cl_black
0 1.91867 1.70720 0.15000 -0.37896 0.05326 -0.92388 0.38373 0.34144 1 0 1.0
0 1.91032 1.64779 0.15000 -0.37896 0.05326 -0.92388 0.38206 0.32956 1 0 1.0
0 1.71426 1.67534 0.23201 -0.37896 0.05326 -0.92388 0.34285 0.33507 1 0 1.0
cl_black
0 1.91867 1.70720 0.15000 -0.37896 0.05326 -0.92388 0.38373 0.34144 1 0 1.0
0 1.71426 1.67534 0.23201 -0.37896 0.05326 -0.92388 0.34285 0.33507 1 0 1.0
0 1.72261 1.73476 0.23201 -0.37896 0.05326 -0.92388 0.34452 0.34695 1 0 1.0
cl_black
0 1.72261 1.73476 0.23201 -0.91489 0.12858 -0.38268 0.34695 0.04640 1 0 1.0
0 1.71426 1.67534 0.23201 -0.91489 0.12858 -0.38268 0.33507 0.04640 1 0 1.0
0 1.63305 1.68676 0.43000 -0.91489 0.12858 -0.38268 0.33735 0.08600 1 0 1.0
cl_black
0 1.72261 1.73476 0.23201 -0.91489 0.12858 -0.38268 0.34695 0.04640 1 0 1.0
0 1.63305 1.68676 0.43000 -0.91489 0.12858 -0.38268 0.33735 0.08600 1 0 1.0
0 1.64140 1.74617 0.43000 -0.91489 0.12858 -0.38268 0.34923 0.08600 1 0 1.0
cl_black
0 1.87135 1.37051 0.43000 -0.50754 -0.86163 0.00000 0.37427 0.08600 1 0 1.0
0 1.87135 1.37051 0.57000 -0.50754 -0.86163 0.00000 0.37427 0.11400 1 0 1.0
0 1.68670 1.47928 0.57000 -0.50754 -0.86163 0.00000 0.33734 0.11400 1 0 1.0
cl_black
0 1.87135 1.37051 0.43000 -0.50754 -0.86163 0.00000 0.37427 0.08600 1 0 1.0
0 1.68670 1.47928 0.57000 -0.50754 -0.86163 0.00000 0.33734 0.11400 1 0 1.0
0 1.68670 1.47928 0.43000 -0.50754 -0.86163 0.00000 0.33734 0.08600 1 0 1.0
cl_black
0 1.68670 1.47928 0.43000 -0.96815 -0.25038 0.00000 0.29586 0.08600 1 0 1.0
0 1.68670 1.47928 0.57000 -0.96815 -0.25038 0.00000 0.29586 0.11400 1 0 1.0
0 1.63305 1.68676 0.57000 -0.96815 -0.25038 0.00000 0.33735 0.11400 1 0 1.0
cl_black
0 1.68670 1.47928 0.43000 -0.96815 -0.25038 0.00000 0.29586 0.08600 1 0 1.0
0 1.63305 1.68676 0.57000 -0.96815 -0.25038 0.00000 0.33735 0.11400 1 0 1.0
0 1.63305 1.68676 0.43000 -0.96815 -0.25038 0.00000 0.33735 0.08600 1 0 1.0
cl_black
0 1.91032 1.64779 0.85000 -0.37896 0.05326 0.92388 0.38206 0.32956 1 0 1.0
0 1.91867 1.70720 0.85000 -0.37896 0.05326 0.92388 0.38373 0.34144 1 0 1.0
0 1.72261 1.73476 0.76799 -0.37896 0.05326 0.92388 0.34452 0.34695 1 0 1.0
cl_black
0 1.91032 1.64779 0.85000 -0.37896 0.05326 0.92388 0.38206 0.32956 1 0 1.0
0 1.72261 1.73476 0.76799 -0.37896 0.05326 0.92388 0.34452 0.34695 1 0 1.0
0 1.71426 1.67534 0.76799 -0.37896 0.05326 0.92388 0.34285 0.33507 1 0 1.0
cl_black
0 1.71426 1.67534 0.76799 -0.91489 0.12858 0.38268 0.33507 0.15360 1 0 1.0
0 1.72261 1.73476 0.76799 -0.91489 0.12858 0.38268 0.34695 0.15360 1 0 1.0
0 1.64140 1.74617 0.57000 -0.91489 0.12858 0.38268 0.34923 0.11400 1 0 1.0
cl_black
0 1.71426 1.67534 0.76799 -0.91489 0.12858 0.38268 0.33507 0.15360 1 0 1.0
0 1.64140 1.74617 0.57000 -0.91489 0.12858 0.38268 0.34923 0.11400 1 0 1.0
0 1.63305 1.68676 0.57000 -0.91489 0.12858 0.38268 0.33735 0.11400 1 0 1.0
cl_black
0 1.95764 1.98448 0.57000 -0.25038 0.96815 0.00000 0.39153 0.11400 1 0 1.0
0 1.95764 1.98448 0.43000 -0.25038 0.96815 0.00000 0.39153 0.08600 1 0 1.0
0 1.75016 1.93082 0.43000 -0.25038 0.96815 0.00000 0.35003 0.08600 1 0 1.0
cl_black
0 1.95764 1.98448 0.57000 -0.25038 0.96815 0.00000 0.39153 0.11400 1 0 1.0
0 1.75016 1.93082 0.43000 -0.25038 0.96815 0.00000 0.35003 0.08600 1 0 1.0
0 1.75016 1.93082 0.57000 -0.25038 0.96815 0.00000 0.35003 0.11400 1 0 1.0
cl_black
0 1.75016 1.93082 0.57000 -0.86163 0.50754 0.00000 0.38616 0.11400 1 0 1.0
0 1.75016 1.93082 0.43000 -0.86163 0.50754 0.00000 0.38616 0.08600 1 0 1.0
0 1.64140 1.74617 0.43000 -0.86163 0.50754 0.00000 0.34923 0.08600 1 0 1.0
cl_black
0 1.75016 1.93082 0.57000 -0.86163 0.50754 0.00000 0.38616 0.11400 1 0 1.0
0 1.64140 1.74617 0.43000 -0.86163 0.50754 0.00000 0.34923 0.08600 1 0 1.0
0 1.64140 1.74617 0.57000 -0.86163 0.50754 0.00000 0.34923 0.11400 1 0 1.0
cl_black
0 3.41893 1.49636 0.15000 0.05326 0.37896 -0.92388 0.68379 0.29927 1 0 1.0
0 1.91867 1.70720 0.15000 0.05326 0.37896 -0.92388 0.38373 0.34144 1 0 1.0
0 1.94623 1.90327 0.23201 0.05326 0.37896 -0.92388 0.38925 0.38065 1 0 1.0
cl_black
0 3.41893 1.49636 0.15000 0.05326 0.37896 -0.92388 0.68379 0.29927 1 0 1.0
0 1.94623 1.90327 0.23201 0.05326 0.37896 -0.92388 0.38925 0.38065 1 0 1.0
0 3.44648 1.69242 0.23201 0.05326 0.37896 -0.92388 0.68930 0.33848 1 0 1.0
cl_black
0 3.44648 1.69242 0.23201 0.12858 0.91489 -0.38268 0.68930 0.04640 1 0 1.0
0 1.94623 1.90327 0.23201 0.12858 0.91489 -0.38268 0.38925 0.04640 1 0 1.0
0 1.95764 1.98448 0.43000 0.12858 0.91489 -0.38268 0.39153 0.08600 1 0 1.0
cl_black
0 3.44648 1.69242 0.23201 0.12858 0.91489 -0.38268 0.68930 0.04640 1 0 1.0
0 1.95764 1.98448 0.43000 0.12858 0.91489 -0.38268 0.39153 0.08600 1 0 1.0
0 3.45790 1.77363 0.43000 0.12858 0.91489 -0.38268 0.69158 0.08600 1 0 1.0
cl_black
0 1.91867 1.70720 0.85000 0.05326 0.37896 0.92388 0.38373 0.34144 1 0 1.0
0 3.41893 1.49636 0.85000 0.05326 0.37896 0.92388 0.68379 0.29927 1 0 1.0
0 3.44648 1.69242 0.76799 0.05326 0.37896 0.92388 0.68930 0.33848 1 0 1.0
cl_black
0 1.91867 1.70720 0.85000 0.05326 0.37896 0.92388 0.38373 0.34144 1 0 1.0
0 3.44648 1.69242 0.76799 0.05326 0.37896 0.92388 0.68930 0.33848 1 0 1.0
0 1.94623 1.90327 0.76799 0.05326 0.37896 0.92388 0.38925 0.38065 1 0 1.0
cl_black
0 1.94623 1.90327 0.76799 0.12858 0.91489 0.38268 0.38925 0.15360 1 0 1.0
0 3.44648 1.69242 0.76799 0.12858 0.91489 0.38268 0.68930 0.15360 1 0 1.0
0 3.45790 1.77363 0.57000 0.12858 0.91489 0.38268 0.69158 0.11400 1 0 1.0
cl_black
0 1.94623 1.90327 0.76799 0.12858 0.91489 0.38268 0.38925 0.15360 1 0 1.0
0 3.45790 1.77363 0.57000 0.12858 0.91489 0.38268 0.69158 0.11400 1 0 1.0
0 1.95764 1.98448 0.57000 0.12858 0.91489 0.38268 0.39153 0.11400 1 0 1.0
cl_black
0 3.69620 1.45739 0.57000 0.96815 0.25038 0.00000 0.29148 0.11400 1 0 1.0
0 3.69620 1.45739 0.43000 0.96815 0.25038 0.00000 0.29148 0.08600 1 0 1.0
0 3.64255 1.66486 0.43000 0.96815 0.25038 0.00000 0.33297 0.08600 1 0 1.0
cl_black
0 3.69620 1.45739 0.57000 0.96815 0.25038 0.00000 0.29148 0.11400 1 0 1.0
0 3.64255 1.66486 0.43000 0.96815 0.25038 0.00000 0.33297 0.08600 1 0 1.0
0 3.64255 1.66486 0.57000 0.96815 0.25038 0.00000 0.33297 0.11400 1 0 1.0
cl_black
0 3.64255 1.66486 0.57000 0.50754 0.86163 0.00000 0.72851 0.11400 1 0 1.0
0 3.64255 1.66486 0.43000 0.50754 0.86163 0.00000 0.72851 0.08600 1 0 1.0
0 3.45790 1.77363 0.43000 0.50754 0.86163 0.00000 0.69158 0.08600 1 0 1.0
cl_black
0 3.64255 1.66486 0.57000 0.50754 0.86163 0.00000 0.72851 0.11400 1 0 1.0
0 3.45790 1.77363 0.43000 0.50754 0.86163 0.00000 0.69158 0.08600 1 0 1.0
0 3.45790 1.77363 0.57000 0.50754 0.86163 0.00000 0.69158 0.11400 1 0 1.0
cl_black
0 3.41058 1.43694 0.15000 0.37896 -0.05326 -0.92388 0.68212 0.28739 1 0 1.0
0 3.41893 1.49636 0.15000 0.37896 -0.05326 -0.92388 0.68379 0.29927 1 0 1.0
0 3.61499 1.46880 0.23201 0.37896 -0.05326 -0.92388 0.72300 0.29376 1 0 1.0
cl_black
0 3.41058 1.43694 0.15000 0.37896 -0.05326 -0.92388 0.68212 0.28739 1 0 1.0
0 3.61499 1.46880 0.23201 0.37896 -0.05326 -0.92388 0.72300 0.29376 1 0 1.0
0 3.60664 1.40939 0.23201 0.37896 -0.05326 -0.92388 0.72133 0.28188 1 0 1.0
cl_black
0 3.60664 1.40939 0.23201 0.91489 -0.12858 -0.38268 0.28188 0.04640 1 0 1.0
0 3.61499 1.46880 0.23201 0.91489 -0.12858 -0.38268 0.29376 0.04640 1 0 1.0
0 3.69620 1.45739 0.43000 0.91489 -0.12858 -0.38268 0.29148 0.08600 1 0 1.0
cl_black
0 3.60664 1.40939 0.23201 0.91489 -0.12858 -0.38268 0.28188 0.04640 1 0 1.0
0 3.69620 1.45739 0.43000 0.91489 -0.12858 -0.38268 0.29148 0.08600 1 0 1.0
0 3.68785 1.39797 0.43000 0.91489 -0.12858 -0.38268 0.27959 0.08600 1 0 1.0
cl_black
0 3.41893 1.49636 0.85000 0.37896 -0.05326 0.92388 0.68379 0.29927 1 0 1.0
0 3.41058 1.43694 0.85000 0.37896 -0.05326 0.92388 0.68212 0.28739 1 0 1.0
0 3.60664 1.40939 0.76799 0.37896 -0.05326 0.92388 0.72133 0.28188 1 0 1.0
cl_black
0 3.41893 1.49636 0.85000 0.37896 -0.05326 0.92388 0.68379 0.29927 1 0 1.0
0 3.60664 1.40939 0.76799 0.37896 -0.05326 0.92388 0.72133 0.28188 1 0 1.0
0 3.61499 1.46880 0.76799 0.37896 -0.05326 0.92388 0.72300 0.29376 1 0 1.0
cl_black
0 3.61499 1.46880 0.76799 0.91489 -0.12858 0.38268 0.29376 0.15360 1 0 1.0
0 3.60664 1.40939 0.76799 0.91489 -0.12858 0.38268 0.28188 0.15360 1 0 1.0
0 3.68785 1.39797 0.57000 0.91489 -0.12858 0.38268 0.27959 0.11400 1 0 1.0
cl_black
0 3.61499 1.46880 0.76799 0.91489 -0.12858 0.38268 0.29376 0.15360 1 0 1.0
0 3.68785 1.39797 0.57000 0.91489 -0.12858 0.38268 0.27959 0.11400 1 0 1.0
0 3.69620 1.45739 0.57000 0.91489 -0.12858 0.38268 0.29148 0.11400 1 0 1.0
cl_black
0 3.37161 1.15967 0.57000 0.25038 -0.96815 0.00000 0.67432 0.11400 1 0 1.0
0 3.37161 1.15967 0.43000 0.25038 -0.96815 0.00000 0.67432 0.08600 1 0 1.0
0 3.57909 1.21332 0.43000 0.25038 -0.96815 0.00000 0.71582 0.08600 1 0 1.0
cl_black
0 3.37161 1.15967 0.57000 0.25038 -0.96815 0.00000 0.67432 0.11400 1 0 1.0
0 3.57909 1.21332 0.43000 0.25038 -0.96815 0.00000 0.71582 0.08600 1 0 1.0
0 3.57909 1.21332 0.57000 0.25038 -0.96815 0.00000 0.71582 0.11400 1 0 1.0
cl_black
0 3.57909 1.21332 0.57000 0.86163 -0.50754 0.00000 0.24266 0.11400 1 0 1.0
0 3.57909 1.21332 0.43000 0.86163 -0.50754 0.00000 0.24266 0.08600 1 0 1.0
0 3.68785 1.39797 0.43000 0.86163 -0.50754 0.00000 0.27959 0.08600 1 0 1.0
cl_black
0 3.57909 1.21332 0.57000 0.86163 -0.50754 0.00000 0.24266 0.11400 1 0 1.0
0 3.68785 1.39797 0.43000 0.86163 -0.50754 0.00000 0.27959 0.08600 1 0 1.0
0 3.68785 1.39797 0.57000 0.86163 -0.50754 0.00000 0.27959 0.11400 1 0 1.0
cl_black
0 1.91032 1.64779 0.15000 -0.05326 -0.37896 -0.92388 0.38206 0.32956 1 0 1.0
0 3.41058 1.43694 0.15000 -0.05326 -0.37896 -0.92388 0.68212 0.28739 1 0 1.0
0 3.38302 1.24088 0.23201 -0.05326 -0.37896 -0.92388 0.67660 0.24818 1 0 1.0
cl_black
0 1.91032 1.64779 0.15000 -0.05326 -0.37896 -0.92388 0.38206 0.32956 1 0 1.0
0 3.38302 1.24088 0.23201 -0.05326 -0.37896 -0.92388 0.67660 0.24818 1 0 1.0
0 1.88277 1.45172 0.23201 -0.05326 -0.37896 -0.92388 0.37655 0.29034 1 0 1.0
cl_black
0 1.88277 1.45172 0.23201 -0.12858 -0.91489 -0.38268 0.37655 0.04640 1 0 1.0
0 3.38302 1.24088 0.23201 -0.12858 -0.91489 -0.38268 0.67660 0.04640 1 0 1.0
0 3.37161 1.15967 0.43000 -0.12858 -0.91489 -0.38268 0.67432 0.08600 1 0 1.0
cl_black
0 1.88277 1.45172 0.23201 -0.12858 -0.91489 -0.38268 0.37655 0.04640 1 0 1.0
0 3.37161 1.15967 0.43000 -0.12858 -0.91489 -0.38268 0.67432 0.08600 1 0 1.0
0 1.87135 1.37051 0.43000 -0.12858 -0.91489 -0.38268 0.37427 0.08600 1 0 1.0
cl_black
0 3.41058 1.43694 0.85000 -0.05326 -0.37896 0.92388 0.68212 0.28739 1 0 1.0
0 1.91032 1.64779 0.85000 -0.05326 -0.37896 0.92388 0.38206 0.32956 1 0 1.0
0 1.88277 1.45172 0.76799 -0.05326 -0.37896 0.92388 0.37655 0.29034 1 0 1.0
cl_black
0 3.41058 1.43694 0.85000 -0.05326 -0.37896 0.92388 0.68212 0.28739 1 0 1.0
0 1.88277 1.45172 0.76799 -0.05326 -0.37896 0.92388 0.37655 0.29034 1 0 1.0
0 3.38302 1.24088 0.76799 -0.05326 -0.37896 0.92388 0.67660 0.24818 1 0 1.0
cl_black
0 3.38302 1.24088 0.76799 -0.12858 -0.91489 0.38268 0.67660 0.15360 1 0 1.0
0 1.88277 1.45172 0.76799 -0.12858 -0.91489 0.38268 0.37655 0.15360 1 0 1.0
0 1.87135 1.37051 0.57000 -0.12858 -0.91489 0.38268 0.37427 0.11400 1 0 1.0
cl_black
0 3.38302 1.24088 0.76799 -0.12858 -0.91489 0.38268 0.67660 0.15360 1 0 1.0
0 1.87135 1.37051 0.57000 -0.12858 -0.91489 0.38268 0.37427 0.11400 1 0 1.0
0 3.37161 1.15967 0.57000 -0.12858 -0.91489 0.38268 0.67432 0.11400 1 0 1.0
cl_black
0 1.91867 1.70720 0.15000 0.00000 0.00000 -1.00000 0.38373 0.34144 1 0 1.0
0 3.41893 1.49636 0.15000 0.00000 0.00000 -1.00000 0.68379 0.29927 1 0 1.0
0 3.41058 1.43694 0.15000 0.00000 0.00000 -1.00000 0.68212 0.28739 1 0 1.0
cl_black
0 1.91867 1.70720 0.15000 0.00000 0.00000 -1.00000 0.38373 0.34144 1 0 1.0
0 3.41058 1.43694 0.15000 0.00000 0.00000 -1.00000 0.68212 0.28739 1 0 1.0
0 1.91032 1.64779 0.15000 0.00000 0.00000 -1.00000 0.38206 0.32956 1 0 1.0
cl_black
0 1.63305 1.68676 0.43000 -0.99027 0.13917 0.00000 0.33735 0.08600 1 0 1.0
0 1.63305 1.68676 0.57000 -0.99027 0.13917 0.00000 0.33735 0.11400 1 0 1.0
0 1.64140 1.74617 0.57000 -0.99027 0.13917 0.00000 0.34923 0.11400 1 0 1.0
cl_black
0 1.63305 1.68676 0.43000 -0.99027 0.13917 0.00000 0.33735 0.08600 1 0 1.0
0 1.64140 1.74617 0.57000 -0.99027 0.13917 0.00000 0.34923 0.11400 1 0 1.0
0 1.64140 1.74617 0.43000 -0.99027 0.13917 0.00000 0.34923 0.08600 1 0 1.0
cl_black
0 3.37161 1.15967 0.43000 -0.13917 -0.99027 0.00000 0.67432 0.08600 1 0 1.0
0 3.37161 1.15967 0.57000 -0.13917 -0.99027 0.00000 0.67432 0.11400 1 0 1.0
0 1.87135 1.37051 0.57000 -0.13917 -0.99027 0.00000 0.37427 0.11400 1 0 1.0
cl_black
0 3.37161 1.15967 0.43000 -0.13917 -0.99027 0.00000 0.67432 0.08600 1 0 1.0
0 1.87135 1.37051 0.57000 -0.13917 -0.99027 0.00000 0.37427 0.11400 1 0 1.0
0 1.87135 1.37051 0.43000 -0.13917 -0.99027 0.00000 0.37427 0.08600 1 0 1.0
cl_black
0 3.41893 1.49636 0.85000 0.00000 0.00000 1.00000 0.68379 0.29927 1 0 1.0
0 1.91867 1.70720 0.85000 0.00000 0.00000 1.00000 0.38373 0.34144 1 0 1.0
0 1.91032 1.64779 0.85000 0.00000 0.00000 1.00000 0.38206 0.32956 1 0 1.0
cl_black
0 3.41893 1.49636 0.85000 0.00000 0.00000 1.00000 0.68379 0.29927 1 0 1.0
0 1.91032 1.64779 0.85000 0.00000 0.00000 1.00000 0.38206 0.32956 1 0 1.0
0 3.41058 1.43694 0.85000 0.00000 0.00000 1.00000 0.68212 0.28739 1 0 1.0
cl_black
0 1.95764 1.98448 0.43000 0.13917 0.99027 0.00000 0.39153 0.08600 1 0 1.0
0 1.95764 1.98448 0.57000 0.13917 0.99027 0.00000 0.39153 0.11400 1 0 1.0
0 3.45790 1.77363 0.57000 0.13917 0.99027 0.00000 0.69158 0.11400 1 0 1.0
cl_black
0 1.95764 1.98448 0.43000 0.13917 0.99027 0.00000 0.39153 0.08600 1 0 1.0
0 3.45790 1.77363 0.57000 0.13917 0.99027 0.00000 0.69158 0.11400 1 0 1.0
0 3.45790 1.77363 0.43000 0.13917 0.99027 0.00000 0.69158 0.08600 1 0 1.0
cl_black
0 3.69620 1.45739 0.43000 0.99027 -0.13917 0.00000 0.29148 0.08600 1 0 1.0
0 3.69620 1.45739 0.57000 0.99027 -0.13917 0.00000 0.29148 0.11400 1 0 1.0
0 3.68785 1.39797 0.57000 0.99027 -0.13917 0.00000 0.27959 0.11400 1 0 1.0
cl_black
0 3.69620 1.45739 0.43000 0.99027 -0.13917 0.00000 0.29148 0.08600 1 0 1.0
0 3.68785 1.39797 0.57000 0.99027 -0.13917 0.00000 0.27959 0.11400 1 0 1.0
0 3.68785 1.39797 0.43000 0.99027 -0.13917 0.00000 0.27959 0.08600 1 0 1.0
cl_black
0 2.00774 2.34098 0.15000 -0.33011 -0.32440 -0.88645 0.40155 0.46820 1 0 1.0
0 1.98019 2.14491 0.23201 -0.33011 -0.32440 -0.88645 0.39604 0.42898 1 0 1.0
0 1.82516 2.20339 0.26834 -0.33011 -0.32440 -0.88645 0.36503 0.44068 1 0 1.0
cl_black
0 2.00774 2.34098 0.15000 -0.40282 -0.22790 -0.88645 0.40155 0.46820 1 0 1.0
0 1.82516 2.20339 0.26834 -0.40282 -0.22790 -0.88645 0.36503 0.44068 1 0 1.0
0 1.81168 2.36853 0.23201 -0.40282 -0.22790 -0.88645 0.36234 0.47371 1 0 1.0
cl_black
0 1.96877 2.06370 0.43000 -0.48698 -0.82672 -0.28175 0.39375 0.08600 1 0 1.0
0 1.78412 2.17247 0.43000 -0.48698 -0.82672 -0.28175 0.35682 0.08600 1 0 1.0
0 1.82516 2.20339 0.26834 -0.48698 -0.82672 -0.28175 0.36503 0.05367 1 0 1.0
cl_black
0 1.96877 2.06370 0.43000 -0.40238 -0.83861 -0.36718 0.39375 0.08600 1 0 1.0
0 1.82516 2.20339 0.26834 -0.40238 -0.83861 -0.36718 0.36503 0.05367 1 0 1.0
0 1.98019 2.14491 0.23201 -0.40238 -0.83861 -0.36718 0.39604 0.04640 1 0 1.0
cl_black
0 1.73047 2.37994 0.43000 -0.91704 -0.15563 -0.36718 0.47599 0.08600 1 0 1.0
0 1.81168 2.36853 0.23201 -0.91704 -0.15563 -0.36718 0.47371 0.04640 1 0 1.0
0 1.82516 2.20339 0.26834 -0.91704 -0.15563 -0.36718 0.44068 0.05367 1 0 1.0
cl_black
0 1.73047 2.37994 0.43000 -0.92893 -0.24024 -0.28175 0.47599 0.08600 1 0 1.0
0 1.82516 2.20339 0.26834 -0.92893 -0.24024 -0.28175 0.44068 0.05367 1 0 1.0
0 1.78412 2.17247 0.43000 -0.92893 -0.24024 -0.28175 0.43449 0.08600 1 0 1.0
cl_black
0 1.96877 2.06370 0.57000 -0.40238 -0.83861 0.36718 0.39375 0.11400 1 0 1.0
0 1.98019 2.14491 0.76799 -0.40238 -0.83861 0.36718 0.39604 0.15360 1 0 1.0
0 1.82516 2.20339 0.73166 -0.40238 -0.83861 0.36718 0.36503 0.14633 1 0 1.0
cl_black
0 1.96877 2.06370 0.57000 -0.48698 -0.82672 0.28175 0.39375 0.11400 1 0 1.0
0 1.82516 2.20339 0.73166 -0.48698 -0.82672 0.28175 0.36503 0.14633 1 0 1.0
0 1.78412 2.17247 0.57000 -0.48698 -0.82672 0.28175 0.35682 0.11400 1 0 1.0
cl_black
0 2.00774 2.34098 0.85000 -0.40282 -0.22790 0.88645 0.40155 0.46820 1 0 1.0
0 1.81168 2.36853 0.76799 -0.40282 -0.22790 0.88645 0.36234 0.47371 1 0 1.0
0 1.82516 2.20339 0.73166 -0.40282 -0.22790 0.88645 0.36503 0.44068 1 0 1.0
cl_black
0 2.00774 2.34098 0.85000 -0.33011 -0.32440 0.88645 0.40155 0.46820 1 0 1.0
0 1.82516 2.20339 0.73166 -0.33011 -0.32440 0.88645 0.36503 0.44068 1 0 1.0
0 1.98019 2.14491 0.76799 -0.33011 -0.32440 0.88645 0.39604 0.42898 1 0 1.0
cl_black
0 1.73047 2.37994 0.57000 -0.92893 -0.24024 0.28175 0.47599 0.11400 1 0 1.0
0 1.78412 2.17247 0.57000 -0.92893 -0.24024 0.28175 0.43449 0.11400 1 0 1.0
0 1.82516 2.20339 0.73166 -0.92893 -0.24024 0.28175 0.44068 0.14633 1 0 1.0
cl_black
0 1.73047 2.37994 0.57000 -0.91704 -0.15564 0.36718 0.47599 0.11400 1 0 1.0
0 1.82516 2.20339 0.73166 -0.91704 -0.15564 0.36718 0.44068 0.14633 1 0 1.0
0 1.81168 2.36853 0.76799 -0.91704 -0.15564 0.36718 0.47371 0.15360 1 0 1.0
cl_black
0 2.01609 2.40039 0.15000 -0.32440 0.33011 -0.88645 0.40322 0.48008 1 0 1.0
0 1.82003 2.42795 0.23201 -0.32440 0.33011 -0.88645 0.36401 0.48559 1 0 1.0
0 1.87851 2.58297 0.26834 -0.32440 0.33011 -0.88645 0.37570 0.51659 1 0 1.0
cl_black
0 2.01609 2.40039 0.15000 -0.22790 0.40282 -0.88645 0.40322 0.48008 1 0 1.0
0 1.87851 2.58297 0.26834 -0.22790 0.40282 -0.88645 0.37570 0.51659 1 0 1.0
0 2.04365 2.59645 0.23201 -0.22790 0.40282 -0.88645 0.40873 0.51929 1 0 1.0
cl_black
0 1.73882 2.43936 0.43000 -0.82672 0.48698 -0.28175 0.48787 0.08600 1 0 1.0
0 1.84758 2.62401 0.43000 -0.82672 0.48698 -0.28175 0.52480 0.08600 1 0 1.0
0 1.87851 2.58297 0.26834 -0.82672 0.48698 -0.28175 0.51659 0.05367 1 0 1.0
cl_black
0 1.73882 2.43936 0.43000 -0.83861 0.40238 -0.36718 0.48787 0.08600 1 0 1.0
0 1.87851 2.58297 0.26834 -0.83861 0.40238 -0.36718 0.51659 0.05367 1 0 1.0
0 1.82003 2.42795 0.23201 -0.83861 0.40238 -0.36718 0.48559 0.04640 1 0 1.0
cl_black
0 2.05506 2.67767 0.43000 -0.15563 0.91704 -0.36718 0.41101 0.08600 1 0 1.0
0 2.04365 2.59645 0.23201 -0.15563 0.91704 -0.36718 0.40873 0.04640 1 0 1.0
0 1.87851 2.58297 0.26834 -0.15563 0.91704 -0.36718 0.37570 0.05367 1 0 1.0
cl_black
0 2.05506 2.67767 0.43000 -0.24024 0.92893 -0.28175 0.41101 0.08600 1 0 1.0
0 1.87851 2.58297 0.26834 -0.24024 0.92893 -0.28175 0.37570 0.05367 1 0 1.0
0 1.84758 2.62401 0.43000 -0.24024 0.92893 -0.28175 0.36952 0.08600 1 0 1.0
cl_black
0 2.01609 2.40039 0.85000 -0.22790 0.40282 0.88645 0.40322 0.48008 1 0 1.0
0 2.04365 2.59645 0.76799 -0.22790 0.40282 0.88645 0.40873 0.51929 1 0 1.0
0 1.87851 2.58297 0.73166 -0.22790 0.40282 0.88645 0.37570 0.51659 1 0 1.0
cl_black
0 2.01609 2.40039 0.85000 -0.32440 0.33011 0.88645 0.40322 0.48008 1 0 1.0
0 1.87851 2.58297 0.73166 -0.32440 0.33011 0.88645 0.37570 0.51659 1 0 1.0
0 1.82003 2.42795 0.76799 -0.32440 0.33011 0.88645 0.36401 0.48559 1 0 1.0
cl_black
0 2.05506 2.67767 0.57000 -0.24024 0.92893 0.28175 0.41101 0.11400 1 0 1.0
0 1.84758 2.62401 0.57000 -0.24024 0.92893 0.28175 0.36952 0.11400 1 0 1.0
0 1.87851 2.58297 0.73166 -0.24024 0.92893 0.28175 0.37570 0.14633 1 0 1.0
cl_black
0 2.05506 2.67767 0.57000 -0.15563 0.91704 0.36718 0.41101 0.11400 1 0 1.0
0 1.87851 2.58297 0.73166 -0.15563 0.91704 0.36718 0.37570 0.14633 1 0 1.0
0 2.04365 2.59645 0.76799 -0.15563 0.91704 0.36718 0.40873 0.15360 1 0 1.0
cl_black
0 1.73882 2.43936 0.57000 -0.83861 0.40238 0.36718 0.48787 0.11400 1 0 1.0
0 1.82003 2.42795 0.76799 -0.83861 0.40238 0.36718 0.48559 0.15360 1 0 1.0
0 1.87851 2.58297 0.73166 -0.83861 0.40238 0.36718 0.51659 0.14633 1 0 1.0
cl_black
0 1.73882 2.43936 0.57000 -0.82672 0.48698 0.28175 0.48787 0.11400 1 0 1.0
0 1.87851 2.58297 0.73166 -0.82672 0.48698 0.28175 0.51659 0.14633 1 0 1.0
0 1.84758 2.62401 0.57000 -0.82672 0.48698 0.28175 0.52480 0.11400 1 0 1.0
cl_black
0 3.50800 2.13013 0.15000 0.32439 -0.33011 -0.88645 0.70160 0.42603 1 0 1.0
0 3.70406 2.10257 0.23201 0.32439 -0.33011 -0.88645 0.74081 0.42051 1 0 1.0
0 3.64558 1.94754 0.26834 0.32439 -0.33011 -0.88645 0.72912 0.38951 1 0 1.0
cl_black
0 3.50800 2.13013 0.15000 0.22790 -0.40282 -0.88645 0.70160 0.42603 1 0 1.0
0 3.64558 1.94754 0.26834 0.22790 -0.40282 -0.88645 0.72912 0.38951 1 0 1.0
0 3.48044 1.93406 0.23201 0.22790 -0.40282 -0.88645 0.69609 0.38681 1 0 1.0
cl_black
0 3.78527 2.09116 0.43000 0.82672 -0.48698 -0.28175 0.41823 0.08600 1 0 1.0
0 3.67651 1.90651 0.43000 0.82672 -0.48698 -0.28175 0.38130 0.08600 1 0 1.0
0 3.64558 1.94754 0.26834 0.82672 -0.48698 -0.28175 0.38951 0.05367 1 0 1.0
cl_black
0 3.78527 2.09116 0.43000 0.83861 -0.40238 -0.36718 0.41823 0.08600 1 0 1.0
0 3.64558 1.94754 0.26834 0.83861 -0.40238 -0.36718 0.38951 0.05367 1 0 1.0
0 3.70406 2.10257 0.23201 0.83861 -0.40238 -0.36718 0.42051 0.04640 1 0 1.0
cl_black
0 3.46903 1.85285 0.43000 0.15563 -0.91704 -0.36718 0.69381 0.08600 1 0 1.0
0 3.48044 1.93406 0.23201 0.15563 -0.91704 -0.36718 0.69609 0.04640 1 0 1.0
0 3.64558 1.94754 0.26834 0.15563 -0.91704 -0.36718 0.72912 0.05367 1 0 1.0
cl_black
0 3.46903 1.85285 0.43000 0.24024 -0.92893 -0.28175 0.69381 0.08600 1 0 1.0
0 3.64558 1.94754 0.26834 0.24024 -0.92893 -0.28175 0.72912 0.05367 1 0 1.0
0 3.67651 1.90651 0.43000 0.24024 -0.92893 -0.28175 0.73530 0.08600 1 0 1.0
cl_black
0 3.50800 2.13013 0.85000 0.22790 -0.40282 0.88645 0.70160 0.42603 1 0 1.0
0 3.48044 1.93406 0.76799 0.22790 -0.40282 0.88645 0.69609 0.38681 1 0 1.0
0 3.64558 1.94754 0.73166 0.22790 -0.40282 0.88645 0.72912 0.38951 1 0 1.0
cl_black
0 3.50800 2.13013 0.85000 0.32440 -0.33011 0.88645 0.70160 0.42603 1 0 1.0
0 3.64558 1.94754 0.73166 0.32440 -0.33011 0.88645 0.72912 0.38951 1 0 1.0
0 3.70406 2.10257 0.76799 0.32440 -0.33011 0.88645 0.74081 0.42051 1 0 1.0
cl_black
0 3.46903 1.85285 0.57000 0.24024 -0.92893 0.28175 0.69381 0.11400 1 0 1.0
0 3.67651 1.90651 0.57000 0.24024 -0.92893 0.28175 0.73530 0.11400 1 0 1.0
0 3.64558 1.94754 0.73166 0.24024 -0.92893 0.28175 0.72912 0.14633 1 0 1.0
cl_black
0 3.46903 1.85285 0.57000 0.15563 -0.91704 0.36718 0.69381 0.11400 1 0 1.0
0 3.64558 1.94754 0.73166 0.15563 -0.91704 0.36718 0.72912 0.14633 1 0 1.0
0 3.48044 1.93406 0.76799 0.15563 -0.91704 0.36718 0.69609 0.15360 1 0 1.0
cl_black
0 3.78527 2.09116 0.57000 0.83861 -0.40238 0.36718 0.41823 0.11400 1 0 1.0
0 3.70406 2.10257 0.76799 0.83861 -0.40238 0.36718 0.42051 0.15360 1 0 1.0
0 3.64558 1.94754 0.73166 0.83861 -0.40238 0.36718 0.38951 0.14633 1 0 1.0
cl_black
0 3.78527 2.09116 0.57000 0.82672 -0.48698 0.28175 0.41823 0.11400 1 0 1.0
0 3.64558 1.94754 0.73166 0.82672 -0.48698 0.28175 0.38951 0.14633 1 0 1.0
0 3.67651 1.90651 0.57000 0.82672 -0.48698 0.28175 0.38130 0.11400 1 0 1.0
cl_black
0 3.51635 2.18954 0.15000 0.33011 0.32439 -0.88645 0.70327 0.43791 1 0 1.0
0 3.54390 2.38561 0.23201 0.33011 0.32439 -0.88645 0.70878 0.47712 1 0 1.0
0 3.69893 2.32713 0.26834 0.33011 0.32439 -0.88645 0.73979 0.46543 1 0 1.0
cl_black
0 3.51635 2.18954 0.15000 0.40282 0.22790 -0.88645 0.70327 0.43791 1 0 1.0
0 3.69893 2.32713 0.26834 0.40282 0.22790 -0.88645 0.73979 0.46543 1 0 1.0
0 3.71241 2.16199 0.23201 0.40282 0.22790 -0.88645 0.74248 0.43240 1 0 1.0
cl_black
0 3.55532 2.46682 0.43000 0.48698 0.82672 -0.28175 0.71106 0.08600 1 0 1.0
0 3.73997 2.35805 0.43000 0.48698 0.82672 -0.28175 0.74799 0.08600 1 0 1.0
0 3.69893 2.32713 0.26834 0.48698 0.82672 -0.28175 0.73979 0.05367 1 0 1.0
cl_black
0 3.55532 2.46682 0.43000 0.40238 0.83861 -0.36718 0.71106 0.08600 1 0 1.0
0 3.69893 2.32713 0.26834 0.40238 0.83861 -0.36718 0.73979 0.05367 1 0 1.0
0 3.54390 2.38561 0.23201 0.40238 0.83861 -0.36718 0.70878 0.04640 1 0 1.0
cl_black
0 3.79362 2.15058 0.43000 0.91704 0.15564 -0.36718 0.43012 0.08600 1 0 1.0
0 3.71241 2.16199 0.23201 0.91704 0.15564 -0.36718 0.43240 0.04640 1 0 1.0
0 3.69893 2.32713 0.26834 0.91704 0.15564 -0.36718 0.46543 0.05367 1 0 1.0
cl_black
0 3.79362 2.15058 0.43000 0.92893 0.24023 -0.28175 0.43012 0.08600 1 0 1.0
0 3.69893 2.32713 0.26834 0.92893 0.24023 -0.28175 0.46543 0.05367 1 0 1.0
0 3.73997 2.35805 0.43000 0.92893 0.24023 -0.28175 0.47161 0.08600 1 0 1.0
cl_black
0 3.51635 2.18954 0.85000 0.40282 0.22790 0.88645 0.70327 0.43791 1 0 1.0
0 3.71241 2.16199 0.76799 0.40282 0.22790 0.88645 0.74248 0.43240 1 0 1.0
0 3.69893 2.32713 0.73166 0.40282 0.22790 0.88645 0.73979 0.46543 1 0 1.0
cl_black
0 3.51635 2.18954 0.85000 0.33011 0.32440 0.88645 0.70327 0.43791 1 0 1.0
0 3.69893 2.32713 0.73166 0.33011 0.32440 0.88645 0.73979 0.46543 1 0 1.0
0 3.54390 2.38561 0.76799 0.33011 0.32440 0.88645 0.70878 0.47712 1 0 1.0
cl_black
0 3.79362 2.15058 0.57000 0.92893 0.24023 0.28175 0.43012 0.11400 1 0 1.0
0 3.73997 2.35805 0.57000 0.92893 0.24023 0.28175 0.47161 0.11400 1 0 1.0
0 3.69893 2.32713 0.73166 0.92893 0.24023 0.28175 0.46543 0.14633 1 0 1.0
cl_black
0 3.79362 2.15058 0.57000 0.91704 0.15564 0.36718 0.43012 0.11400 1 0 1.0
0 3.69893 2.32713 0.73166 0.91704 0.15564 0.36718 0.46543 0.14633 1 0 1.0
0 3.71241 2.16199 0.76799 0.91704 0.15564 0.36718 0.43240 0.15360 1 0 1.0
cl_black
0 3.55532 2.46682 0.57000 0.40237 0.83861 0.36718 0.71106 0.11400 1 0 1.0
0 3.54390 2.38561 0.76799 0.40237 0.83861 0.36718 0.70878 0.15360 1 0 1.0
0 3.69893 2.32713 0.73166 0.40237 0.83861 0.36718 0.73979 0.14633 1 0 1.0
cl_black
0 3.55532 2.46682 0.57000 0.48698 0.82672 0.28175 0.71106 0.11400 1 0 1.0
0 3.69893 2.32713 0.73166 0.48698 0.82672 0.28175 0.73979 0.14633 1 0 1.0
0 3.73997 2.35805 0.57000 0.48698 0.82672 0.28175 0.74799 0.11400 1 0 1.0
cl_black
0 2.01609 2.40039 0.15000 -0.37896 0.05326 -0.92388 0.40322 0.48008 1 0 1.0
0 2.00774 2.34098 0.15000 -0.37896 0.05326 -0.92388 0.40155 0.46820 1 0 1.0
0 1.81168 2.36853 0.23201 -0.37896 0.05326 -0.92388 0.36234 0.47371 1 0 1.0
cl_black
0 2.01609 2.40039 0.15000 -0.37896 0.05326 -0.92388 0.40322 0.48008 1 0 1.0
0 1.81168 2.36853 0.23201 -0.37896 0.05326 -0.92388 0.36234 0.47371 1 0 1.0
0 1.82003 2.42795 0.23201 -0.37896 0.05326 -0.92388 0.36401 0.48559 1 0 1.0
cl_black
0 1.82003 2.42795 0.23201 -0.91489 0.12858 -0.38268 0.48559 0.04640 1 0 1.0
0 1.81168 2.36853 0.23201 -0.91489 0.12858 -0.38268 0.47371 0.04640 1 0 1.0
0 1.73047 2.37994 0.43000 -0.91489 0.12858 -0.38268 0.47599 0.08600 1 0 1.0
cl_black
0 1.82003 2.42795 0.23201 -0.91489 0.12858 -0.38268 0.48559 0.04640 1 0 1.0
0 1.73047 2.37994 0.43000 -0.91489 0.12858 -0.38268 0.47599 0.08600 1 0 1.0
0 1.73882 2.43936 0.43000 -0.91489 0.12858 -0.38268 0.48787 0.08600 1 0 1.0
cl_black
0 1.96877 2.06370 0.43000 -0.50754 -0.86163 0.00000 0.39375 0.08600 1 0 1.0
0 1.96877 2.06370 0.57000 -0.50754 -0.86163 0.00000 0.39375 0.11400 1 0 1.0
0 1.78412 2.17247 0.57000 -0.50754 -0.86163 0.00000 0.35682 0.11400 1 0 1.0
cl_black
0 1.96877 2.06370 0.43000 -0.50754 -0.86163 0.00000 0.39375 0.08600 1 0 1.0
0 1.78412 2.17247 0.57000 -0.50754 -0.86163 0.00000 0.35682 0.11400 1 0 1.0
0 1.78412 2.17247 0.43000 -0.50754 -0.86163 0.00000 0.35682 0.08600 1 0 1.0
cl_black
0 1.78412 2.17247 0.43000 -0.96815 -0.25038 0.00000 0.43449 0.08600 1 0 1.0
0 1.78412 2.17247 0.57000 -0.96815 -0.25038 0.00000 0.43449 0.11400 1 0 1.0
0 1.73047 2.37994 0.57000 -0.96815 -0.25038 0.00000 0.47599 0.11400 1 0 1.0
cl_black
0 1.78412 2.17247 0.43000 -0.96815 -0.25038 0.00000 0.43449 0.08600 1 0 1.0
0 1.73047 2.37994 0.57000 -0.96815 -0.25038 0.00000 0.47599 0.11400 1 0 1.0
0 1.73047 2.37994 0.43000 -0.96815 -0.25038 0.00000 0.47599 0.08600 1 0 1.0
cl_black
0 2.00774 2.34098 0.85000 -0.37896 0.05326 0.92388 0.40155 0.46820 1 0 1.0
0 2.01609 2.40039 0.85000 -0.37896 0.05326 0.92388 0.40322 0.48008 1 0 1.0
0 1.82003 2.42795 0.76799 -0.37896 0.05326 0.92388 0.36401 0.48559 1 0 1.0
cl_black
0 2.00774 2.34098 0.85000 -0.37896 0.05326 0.92388 0.40155 0.46820 1 0 1.0
0 1.82003 2.42795 0.76799 -0.37896 0.05326 0.92388 0.36401 0.48559 1 0 1.0
0 1.81168 2.36853 0.76799 -0.37896 0.05326 0.92388 0.36234 0.47371 1 0 1.0
cl_black
0 1.81168 2.36853 0.76799 -0.91489 0.12858 0.38268 0.47371 0.15360 1 0 1.0
0 1.82003 2.42795 0.76799 -0.91489 0.12858 0.38268 0.48559 0.15360 1 0 1.0
0 1.73882 2.43936 0.57000 -0.91489 0.12858 0.38268 0.48787 0.11400 1 0 1.0
cl_black
0 1.81168 2.36853 0.76799 -0.91489 0.12858 0.38268 0.47371 0.15360 1 0 1.0
0 1.73882 2.43936 0.57000 -0.91489 0.12858 0.38268 0.48787 0.11400 1 0 1.0
0 1.73047 2.37994 0.57000 -0.91489 0.12858 0.38268 0.47599 0.11400 1 0 1.0
cl_black
0 2.05506 2.67767 0.57000 -0.25038 0.96815 0.00000 0.41101 0.11400 1 0 1.0
0 2.05506 2.67767 0.43000 -0.25038 0.96815 0.00000 0.41101 0.08600 1 0 1.0
0 1.84758 2.62401 0.43000 -0.25038 0.96815 0.00000 0.36952 0.08600 1 0 1.0
cl_black
0 2.05506 2.67767 0.57000 -0.25038 0.96815 -0.00000 0.41101 0.11400 1 0 1.0
0 1.84758 2.62401 0.43000 -0.25038 0.96815 -0.00000 0.36952 0.08600 1 0 1.0
0 1.84758 2.62401 0.57000 -0.25038 0.96815 -0.00000 0.36952 0.11400 1 0 1.0
cl_black
0 1.84758 2.62401 0.57000 -0.86163 0.50754 -0.00000 0.52480 0.11400 1 0 1.0
0 1.84758 2.62401 0.43000 -0.86163 0.50754 -0.00000 0.52480 0.08600 1 0 1.0
0 1.73882 2.43936 0.43000 -0.86163 0.50754 -0.00000 0.48787 0.08600 1 0 1.0
cl_black
0 1.84758 2.62401 0.57000 -0.86163 0.50754 0.00000 0.52480 0.11400 1 0 1.0
0 1.73882 2.43936 0.43000 -0.86163 0.50754 0.00000 0.48787 0.08600 1 0 1.0
0 1.73882 2.43936 0.57000 -0.86163 0.50754 0.00000 0.48787 0.11400 1 0 1.0
cl_black
0 3.51635 2.18954 0.15000 0.05326 0.37896 -0.92388 0.70327 0.43791 1 0 1.0
0 2.01609 2.40039 0.15000 0.05326 0.37896 -0.92388 0.40322 0.48008 1 0 1.0
0 2.04365 2.59645 0.23201 0.05326 0.37896 -0.92388 0.40873 0.51929 1 0 1.0
cl_black
0 3.51635 2.18954 0.15000 0.05326 0.37896 -0.92388 0.70327 0.43791 1 0 1.0
0 2.04365 2.59645 0.23201 0.05326 0.37896 -0.92388 0.40873 0.51929 1 0 1.0
0 3.54390 2.38561 0.23201 0.05326 0.37896 -0.92388 0.70878 0.47712 1 0 1.0
cl_black
0 3.54390 2.38561 0.23201 0.12858 0.91489 -0.38268 0.70878 0.04640 1 0 1.0
0 2.04365 2.59645 0.23201 0.12858 0.91489 -0.38268 0.40873 0.04640 1 0 1.0
0 2.05506 2.67767 0.43000 0.12858 0.91489 -0.38268 0.41101 0.08600 1 0 1.0
cl_black
0 3.54390 2.38561 0.23201 0.12858 0.91489 -0.38268 0.70878 0.04640 1 0 1.0
0 2.05506 2.67767 0.43000 0.12858 0.91489 -0.38268 0.41101 0.08600 1 0 1.0
0 3.55532 2.46682 0.43000 0.12858 0.91489 -0.38268 0.71106 0.08600 1 0 1.0
cl_black
0 2.01609 2.40039 0.85000 0.05326 0.37896 0.92388 0.40322 0.48008 1 0 1.0
0 3.51635 2.18954 0.85000 0.05326 0.37896 0.92388 0.70327 0.43791 1 0 1.0
0 3.54390 2.38561 0.76799 0.05326 0.37896 0.92388 0.70878 0.47712 1 0 1.0
cl_black
0 2.01609 2.40039 0.85000 0.05326 0.37896 0.92388 0.40322 0.48008 1 0 1.0
0 3.54390 2.38561 0.76799 0.05326 0.37896 0.92388 0.70878 0.47712 1 0 1.0
0 2.04365 2.59645 0.76799 0.05326 0.37896 0.92388 0.40873 0.51929 1 0 1.0
cl_black
0 2.04365 2.59645 0.76799 0.12858 0.91489 0.38268 0.40873 0.15360 1 0 1.0
0 3.54390 2.38561 0.76799 0.12858 0.91489 0.38268 0.70878 0.15360 1 0 1.0
0 3.55532 2.46682 0.57000 0.12858 0.91489 0.38268 0.71106 0.11400 1 0 1.0
cl_black
0 2.04365 2.59645 0.76799 0.12858 0.91489 0.38268 0.40873 0.15360 1 0 1.0
0 3.55532 2.46682 0.57000 0.12858 0.91489 0.38268 0.71106 0.11400 1 0 1.0
0 2.05506 2.67767 0.57000 0.12858 0.91489 0.38268 0.41101 0.11400 1 0 1.0
cl_black
0 3.79362 2.15058 0.57000 0.96815 0.25038 0.00000 0.43012 0.11400 1 0 1.0
0 3.79362 2.15058 0.43000 0.96815 0.25038 0.00000 0.43012 0.08600 1 0 1.0
0 3.73997 2.35805 0.43000 0.96815 0.25038 0.00000 0.47161 0.08600 1 0 1.0
cl_black
0 3.79362 2.15058 0.57000 0.96815 0.25038 0.00000 0.43012 0.11400 1 0 1.0
0 3.73997 2.35805 0.43000 0.96815 0.25038 0.00000 0.47161 0.08600 1 0 1.0
0 3.73997 2.35805 0.57000 0.96815 0.25038 0.00000 0.47161 0.11400 1 0 1.0
cl_black
0 3.73997 2.35805 0.57000 0.50754 0.86163 0.00000 0.74799 0.11400 1 0 1.0
0 3.73997 2.35805 0.43000 0.50754 0.86163 0.00000 0.74799 0.08600 1 0 1.0
0 3.55532 2.46682 0.43000 0.50754 0.86163 0.00000 0.71106 0.08600 1 0 1.0
cl_black
0 3.73997 2.35805 0.57000 0.50754 0.86163 0.00000 0.74799 0.11400 1 0 1.0
0 3.55532 2.46682 0.43000 0.50754 0.86163 0.00000 0.71106 0.08600 1 0 1.0
0 3.55532 2.46682 0.57000 0.50754 0.86163 0.00000 0.71106 0.11400 1 0 1.0
cl_black
0 3.50800 2.13013 0.15000 0.37896 -0.05326 -0.92388 0.70160 0.42603 1 0 1.0
0 3.51635 2.18954 0.15000 0.37896 -0.05326 -0.92388 0.70327 0.43791 1 0 1.0
0 3.71241 2.16199 0.23201 0.37896 -0.05326 -0.92388 0.74248 0.43240 1 0 1.0
cl_black
0 3.50800 2.13013 0.15000 0.37896 -0.05326 -0.92388 0.70160 0.42603 1 0 1.0
0 3.71241 2.16199 0.23201 0.37896 -0.05326 -0.92388 0.74248 0.43240 1 0 1.0
0 3.70406 2.10257 0.23201 0.37896 -0.05326 -0.92388 0.74081 0.42051 1 0 1.0
cl_black
0 3.70406 2.10257 0.23201 0.91489 -0.12858 -0.38268 0.42051 0.04640 1 0 1.0
0 3.71241 2.16199 0.23201 0.91489 -0.12858 -0.38268 0.43240 0.04640 1 0 1.0
0 3.79362 2.15058 0.43000 0.91489 -0.12858 -0.38268 0.43012 0.08600 1 0 1.0
cl_black
0 3.70406 2.10257 0.23201 0.91489 -0.12858 -0.38268 0.42051 0.04640 1 0 1.0
0 3.79362 2.15058 0.43000 0.91489 -0.12858 -0.38268 0.43012 0.08600 1 0 1.0
0 3.78527 2.09116 0.43000 0.91489 -0.12858 -0.38268 0.41823 0.08600 1 0 1.0
cl_black
0 3.51635 2.18954 0.85000 0.37896 -0.05326 0.92388 0.70327 0.43791 1 0 1.0
0 3.50800 2.13013 0.85000 0.37896 -0.05326 0.92388 0.70160 0.42603 1 0 1.0
0 3.70406 2.10257 0.76799 0.37896 -0.05326 0.92388 0.74081 0.42051 1 0 1.0
cl_black
0 3.51635 2.18954 0.85000 0.37896 -0.05326 0.92388 0.70327 0.43791 1 0 1.0
0 3.70406 2.10257 0.76799 0.37896 -0.05326 0.92388 0.74081 0.42051 1 0 1.0
0 3.71241 2.16199 0.76799 0.37896 -0.05326 0.92388 0.74248 0.43240 1 0 1.0
cl_black
0 3.71241 2.16199 0.76799 0.91489 -0.12858 0.38268 0.43240 0.15360 1 0 1.0
0 3.70406 2.10257 0.76799 0.91489 -0.12858 0.38268 0.42051 0.15360 1 0 1.0
0 3.78527 2.09116 0.57000 0.91489 -0.12858 0.38268 0.41823 0.11400 1 0 1.0
cl_black
0 3.71241 2.16199 0.76799 0.91489 -0.12858 0.38268 0.43240 0.15360 1 0 1.0
0 3.78527 2.09116 0.57000 0.91489 -0.12858 0.38268 0.41823 0.11400 1 0 1.0
0 3.79362 2.15058 0.57000 0.91489 -0.12858 0.38268 0.43012 0.11400 1 0 1.0
cl_black
0 3.46903 1.85285 0.57000 0.25038 -0.96815 0.00000 0.69381 0.11400 1 0 1.0
0 3.46903 1.85285 0.43000 0.25038 -0.96815 0.00000 0.69381 0.08600 1 0 1.0
0 3.67651 1.90651 0.43000 0.25038 -0.96815 0.00000 0.73530 0.08600 1 0 1.0
cl_black
0 3.46903 1.85285 0.57000 0.25038 -0.96815 0.00000 0.69381 0.11400 1 0 1.0
0 3.67651 1.90651 0.43000 0.25038 -0.96815 0.00000 0.73530 0.08600 1 0 1.0
0 3.67651 1.90651 0.57000 0.25038 -0.96815 0.00000 0.73530 0.11400 1 0 1.0
cl_black
0 3.67651 1.90651 0.57000 0.86163 -0.50754 0.00000 0.38130 0.11400 1 0 1.0
0 3.67651 1.90651 0.43000 0.86163 -0.50754 0.00000 0.38130 0.08600 1 0 1.0
0 3.78527 2.09116 0.43000 0.86163 -0.50754 0.00000 0.41823 0.08600 1 0 1.0
cl_black
0 3.67651 1.90651 0.57000 0.86163 -0.50754 0.00000 0.38130 0.11400 1 0 1.0
0 3.78527 2.09116 0.43000 0.86163 -0.50754 0.00000 0.41823 0.08600 1 0 1.0
0 3.78527 2.09116 0.57000 0.86163 -0.50754 0.00000 0.41823 0.11400 1 0 1.0
cl_black
0 2.00774 2.34098 0.15000 -0.05326 -0.37896 -0.92388 0.40155 0.46820 1 0 1.0
0 3.50800 2.13013 0.15000 -0.05326 -0.37896 -0.92388 0.70160 0.42603 1 0 1.0
0 3.48044 1.93406 0.23201 -0.05326 -0.37896 -0.92388 0.69609 0.38681 1 0 1.0
cl_black
0 2.00774 2.34098 0.15000 -0.05326 -0.37896 -0.92388 0.40155 0.46820 1 0 1.0
0 3.48044 1.93406 0.23201 -0.05326 -0.37896 -0.92388 0.69609 0.38681 1 0 1.0
0 1.98019 2.14491 0.23201 -0.05326 -0.37896 -0.92388 0.39604 0.42898 1 0 1.0
cl_black
0 1.98019 2.14491 0.23201 -0.12858 -0.91489 -0.38268 0.39604 0.04640 1 0 1.0
0 3.48044 1.93406 0.23201 -0.12858 -0.91489 -0.38268 0.69609 0.04640 1 0 1.0
0 3.46903 1.85285 0.43000 -0.12858 -0.91489 -0.38268 0.69381 0.08600 1 0 1.0
cl_black
0 1.98019 2.14491 0.23201 -0.12858 -0.91489 -0.38268 0.39604 0.04640 1 0 1.0
0 3.46903 1.85285 0.43000 -0.12858 -0.91489 -0.38268 0.69381 0.08600 1 0 1.0
0 1.96877 2.06370 0.43000 -0.12858 -0.91489 -0.38268 0.39375 0.08600 1 0 1.0
cl_black
0 3.50800 2.13013 0.85000 -0.05326 -0.37896 0.92388 0.70160 0.42603 1 0 1.0
0 2.00774 2.34098 0.85000 -0.05326 -0.37896 0.92388 0.40155 0.46820 1 0 1.0
0 1.98019 2.14491 0.76799 -0.05326 -0.37896 0.92388 0.39604 0.42898 1 0 1.0
cl_black
0 3.50800 2.13013 0.85000 -0.05326 -0.37896 0.92388 0.70160 0.42603 1 0 1.0
0 1.98019 2.14491 0.76799 -0.05326 -0.37896 0.92388 0.39604 0.42898 1 0 1.0
0 3.48044 1.93406 0.76799 -0.05326 -0.37896 0.92388 0.69609 0.38681 1 0 1.0
cl_black
0 3.48044 1.93406 0.76799 -0.12858 -0.91489 0.38268 0.69609 0.15360 1 0 1.0
0 1.98019 2.14491 0.76799 -0.12858 -0.91489 0.38268 0.39604 0.15360 1 0 1.0
0 1.96877 2.06370 0.57000 -0.12858 -0.91489 0.38268 0.39375 0.11400 1 0 1.0
cl_black
0 3.48044 1.93406 0.76799 -0.12858 -0.91489 0.38268 0.69609 0.15360 1 0 1.0
0 1.96877 2.06370 0.57000 -0.12858 -0.91489 0.38268 0.39375 0.11400 1 0 1.0
0 3.46903 1.85285 0.57000 -0.12858 -0.91489 0.38268 0.69381 0.11400 1 0 1.0
cl_black
0 2.01609 2.40039 0.15000 0.00000 0.00000 -1.00000 0.40322 0.48008 1 0 1.0
0 3.51635 2.18954 0.15000 0.00000 0.00000 -1.00000 0.70327 0.43791 1 0 1.0
0 3.50800 2.13013 0.15000 0.00000 0.00000 -1.00000 0.70160 0.42603 1 0 1.0
cl_black
0 2.01609 2.40039 0.15000 0.00000 0.00000 -1.00000 0.40322 0.48008 1 0 1.0
0 3.50800 2.13013 0.15000 0.00000 0.00000 -1.00000 0.70160 0.42603 1 0 1.0
0 2.00774 2.34098 0.15000 0.00000 0.00000 -1.00000 0.40155 0.46820 1 0 1.0
cl_black
0 1.73047 2.37994 0.43000 -0.99027 0.13917 0.00000 0.47599 0.08600 1 0 1.0
0 1.73047 2.37994 0.57000 -0.99027 0.13917 0.00000 0.47599 0.11400 1 0 1.0
0 1.73882 2.43936 0.57000 -0.99027 0.13917 0.00000 0.48787 0.11400 1 0 1.0
cl_black
0 1.73047 2.37994 0.43000 -0.99027 0.13917 0.00000 0.47599 0.08600 1 0 1.0
0 1.73882 2.43936 0.57000 -0.99027 0.13917 0.00000 0.48787 0.11400 1 0 1.0
0 1.73882 2.43936 0.43000 -0.99027 0.13917 0.00000 0.48787 0.08600 1 0 1.0
cl_black
0 3.46903 1.85285 0.43000 -0.13917 -0.99027 0.00000 0.69381 0.08600 1 0 1.0
0 3.46903 1.85285 0.57000 -0.13917 -0.99027 0.00000 0.69381 0.11400 1 0 1.0
0 1.96877 2.06370 0.57000 -0.13917 -0.99027 0.00000 0.39375 0.11400 1 0 1.0
cl_black
0 3.46903 1.85285 0.43000 -0.13917 -0.99027 0.00000 0.69381 0.08600 1 0 1.0
0 1.96877 2.06370 0.57000 -0.13917 -0.99027 0.00000 0.39375 0.11400 1 0 1.0
0 1.96877 2.06370 0.43000 -0.13917 -0.99027 0.00000 0.39375 0.08600 1 0 1.0
cl_black
0 3.51635 2.18954 0.85000 0.00000 0.00000 1.00000 0.70327 0.43791 1 0 1.0
0 2.01609 2.40039 0.85000 0.00000 0.00000 1.00000 0.40322 0.48008 1 0 1.0
0 2.00774 2.34098 0.85000 0.00000 0.00000 1.00000 0.40155 0.46820 1 0 1.0
cl_black
0 3.51635 2.18954 0.85000 0.00000 0.00000 1.00000 0.70327 0.43791 1 0 1.0
0 2.00774 2.34098 0.85000 0.00000 0.00000 1.00000 0.40155 0.46820 1 0 1.0
0 3.50800 2.13013 0.85000 0.00000 0.00000 1.00000 0.70160 0.42603 1 0 1.0
cl_black
0 2.05506 2.67767 0.43000 0.13917 0.99027 0.00000 0.41101 0.08600 1 0 1.0
0 2.05506 2.67767 0.57000 0.13917 0.99027 0.00000 0.41101 0.11400 1 0 1.0
0 3.55532 2.46682 0.57000 0.13917 0.99027 0.00000 0.71106 0.11400 1 0 1.0
cl_black
0 2.05506 2.67767 0.43000 0.13917 0.99027 0.00000 0.41101 0.08600 1 0 1.0
0 3.55532 2.46682 0.57000 0.13917 0.99027 0.00000 0.71106 0.11400 1 0 1.0
0 3.55532 2.46682 0.43000 0.13917 0.99027 0.00000 0.71106 0.08600 1 0 1.0
cl_black
0 3.79362 2.15058 0.43000 0.99027 -0.13917 0.00000 0.43012 0.08600 1 0 1.0
0 3.79362 2.15058 0.57000 0.99027 -0.13917 0.00000 0.43012 0.11400 1 0 1.0
0 3.78527 2.09116 0.57000 0.99027 -0.13917 0.00000 0.41823 0.11400 1 0 1.0
cl_black
0 3.79362 2.15058 0.43000 0.99027 -0.13917 0.00000 0.43012 0.08600 1 0 1.0
0 3.78527 2.09116 0.57000 0.99027 -0.13917 0.00000 0.41823 0.11400 1 0 1.0
0 3.78527 2.09116 0.43000 0.99027 -0.13917 0.00000 0.41823 0.08600 1 0 1.0
cl_black
0 2.11011 3.03347 0.15000 -0.33011 -0.32440 -0.88645 0.42202 0.60669 1 0 1.0
0 2.08256 2.83740 0.23201 -0.33011 -0.32440 -0.88645 0.41651 0.56748 1 0 1.0
0 1.92753 2.89588 0.26834 -0.33011 -0.32440 -0.88645 0.38551 0.57918 1 0 1.0
cl_black
0 2.11011 3.03347 0.15000 -0.40282 -0.22790 -0.88645 0.42202 0.60669 1 0 1.0
0 1.92753 2.89588 0.26834 -0.40282 -0.22790 -0.88645 0.38551 0.57918 1 0 1.0
0 1.91405 3.06102 0.23201 -0.40282 -0.22790 -0.88645 0.38281 0.61220 1 0 1.0
cl_black
0 2.07115 2.75619 0.43000 -0.48698 -0.82672 -0.28175 0.41423 0.08600 1 0 1.0
0 1.88650 2.86496 0.43000 -0.48698 -0.82672 -0.28175 0.37730 0.08600 1 0 1.0
0 1.92753 2.89588 0.26834 -0.48698 -0.82672 -0.28175 0.38551 0.05367 1 0 1.0
cl_black
0 2.07115 2.75619 0.43000 -0.40238 -0.83861 -0.36718 0.41423 0.08600 1 0 1.0
0 1.92753 2.89588 0.26834 -0.40238 -0.83861 -0.36718 0.38551 0.05367 1 0 1.0
0 2.08256 2.83740 0.23201 -0.40238 -0.83861 -0.36718 0.41651 0.04640 1 0 1.0
cl_black
0 1.83284 3.07244 0.43000 -0.91704 -0.15564 -0.36718 0.61449 0.08600 1 0 1.0
0 1.91405 3.06102 0.23201 -0.91704 -0.15564 -0.36718 0.61220 0.04640 1 0 1.0
0 1.92753 2.89588 0.26834 -0.91704 -0.15564 -0.36718 0.57918 0.05367 1 0 1.0
cl_black
0 1.83284 3.07244 0.43000 -0.92893 -0.24024 -0.28175 0.61449 0.08600 1 0 1.0
0 1.92753 2.89588 0.26834 -0.92893 -0.24024 -0.28175 0.57918 0.05367 1 0 1.0
0 1.88650 2.86496 0.43000 -0.92893 -0.24024 -0.28175 0.57299 0.08600 1 0 1.0
cl_black
0 2.07115 2.75619 0.57000 -0.40238 -0.83861 0.36718 0.41423 0.11400 1 0 1.0
0 2.08256 2.83740 0.76799 -0.40238 -0.83861 0.36718 0.41651 0.15360 1 0 1.0
0 1.92753 2.89588 0.73166 -0.40238 -0.83861 0.36718 0.38551 0.14633 1 0 1.0
cl_black
0 2.07115 2.75619 0.57000 -0.48698 -0.82672 0.28175 0.41423 0.11400 1 0 1.0
0 1.92753 2.89588 0.73166 -0.48698 -0.82672 0.28175 0.38551 0.14633 1 0 1.0
0 1.88650 2.86496 0.57000 -0.48698 -0.82672 0.28175 0.37730 0.11400 1 0 1.0
cl_black
0 2.11011 3.03347 0.85000 -0.40282 -0.22790 0.88645 0.42202 0.60669 1 0 1.0
0 1.91405 3.06102 0.76799 -0.40282 -0.22790 0.88645 0.38281 0.61220 1 0 1.0
0 1.92753 2.89588 0.73166 -0.40282 -0.22790 0.88645 0.38551 0.57918 1 0 1.0
cl_black
0 2.11011 3.03347 0.85000 -0.33011 -0.32440 0.88645 0.42202 0.60669 1 0 1.0
0 1.92753 2.89588 0.73166 -0.33011 -0.32440 0.88645 0.38551 0.57918 1 0 1.0
0 2.08256 2.83740 0.76799 -0.33011 -0.32440 0.88645 0.41651 0.56748 1 0 1.0
cl_black
0 1.83284 3.07244 0.57000 -0.92893 -0.24024 0.28175 0.61449 0.11400 1 0 1.0
0 1.88650 2.86496 0.57000 -0.92893 -0.24024 0.28175 0.57299 0.11400 1 0 1.0
0 1.92753 2.89588 0.73166 -0.92893 -0.24024 0.28175 0.57918 0.14633 1 0 1.0
cl_black
0 1.83284 3.07244 0.57000 -0.91704 -0.15564 0.36718 0.61449 0.11400 1 0 1.0
0 1.92753 2.89588 0.73166 -0.91704 -0.15564 0.36718 0.57918 0.14633 1 0 1.0
0 1.91405 3.06102 0.76799 -0.91704 -0.15564 0.36718 0.61220 0.15360 1 0 1.0
cl_black
0 2.11846 3.09288 0.15000 -0.32440 0.33011 -0.88645 0.42369 0.61858 1 0 1.0
0 1.92240 3.12044 0.23201 -0.32440 0.33011 -0.88645 0.38448 0.62409 1 0 1.0
0 1.98088 3.27547 0.26834 -0.32440 0.33011 -0.88645 0.39618 0.65509 1 0 1.0
cl_black
0 2.11846 3.09288 0.15000 -0.22790 0.40282 -0.88645 0.42369 0.61858 1 0 1.0
0 1.98088 3.27547 0.26834 -0.22790 0.40282 -0.88645 0.39618 0.65509 1 0 1.0
0 2.14602 3.28895 0.23201 -0.22790 0.40282 -0.88645 0.42920 0.65779 1 0 1.0
cl_black
0 1.84119 3.13185 0.43000 -0.82672 0.48698 -0.28175 0.62637 0.08600 1 0 1.0
0 1.94996 3.31650 0.43000 -0.82672 0.48698 -0.28175 0.66330 0.08600 1 0 1.0
0 1.98088 3.27547 0.26834 -0.82672 0.48698 -0.28175 0.65509 0.05367 1 0 1.0
cl_black
0 1.84119 3.13185 0.43000 -0.83861 0.40238 -0.36718 0.62637 0.08600 1 0 1.0
0 1.98088 3.27547 0.26834 -0.83861 0.40238 -0.36718 0.65509 0.05367 1 0 1.0
0 1.92240 3.12044 0.23201 -0.83861 0.40238 -0.36718 0.62409 0.04640 1 0 1.0
cl_black
0 2.15743 3.37016 0.43000 -0.15564 0.91704 -0.36718 0.43149 0.08600 1 0 1.0
0 2.14602 3.28895 0.23201 -0.15564 0.91704 -0.36718 0.42920 0.04640 1 0 1.0
0 1.98088 3.27547 0.26834 -0.15564 0.91704 -0.36718 0.39618 0.05367 1 0 1.0
cl_black
0 2.15743 3.37016 0.43000 -0.24024 0.92893 -0.28175 0.43149 0.08600 1 0 1.0
0 1.98088 3.27547 0.26834 -0.24024 0.92893 -0.28175 0.39618 0.05367 1 0 1.0
0 1.94996 3.31650 0.43000 -0.24024 0.92893 -0.28175 0.38999 0.08600 1 0 1.0
cl_black
0 2.11846 3.09288 0.85000 -0.22790 0.40282 0.88645 0.42369 0.61858 1 0 1.0
0 2.14602 3.28895 0.76799 -0.22790 0.40282 0.88645 0.42920 0.65779 1 0 1.0
0 1.98088 3.27547 0.73166 -0.22790 0.40282 0.88645 0.39618 0.65509 1 0 1.0
cl_black
0 2.11846 3.09288 0.85000 -0.32440 0.33011 0.88645 0.42369 0.61858 1 0 1.0
0 1.98088 3.27547 0.73166 -0.32440 0.33011 0.88645 0.39618 0.65509 1 0 1.0
0 1.92240 3.12044 0.76799 -0.32440 0.33011 0.88645 0.38448 0.62409 1 0 1.0
cl_black
0 2.15743 3.37016 0.57000 -0.24024 0.92893 0.28175 0.43149 0.11400 1 0 1.0
0 1.94996 3.31650 0.57000 -0.24024 0.92893 0.28175 0.38999 0.11400 1 0 1.0
0 1.98088 3.27547 0.73166 -0.24024 0.92893 0.28175 0.39618 0.14633 1 0 1.0
cl_black
0 2.15743 3.37016 0.57000 -0.15564 0.91704 0.36718 0.43149 0.11400 1 0 1.0
0 1.98088 3.27547 0.73166 -0.15564 0.91704 0.36718 0.39618 0.14633 1 0 1.0
0 2.14602 3.28895 0.76799 -0.15564 0.91704 0.36718 0.42920 0.15360 1 0 1.0
cl_black
0 1.84119 3.13185 0.57000 -0.83861 0.40238 0.36718 0.62637 0.11400 1 0 1.0
0 1.92240 3.12044 0.76799 -0.83861 0.40238 0.36718 0.62409 0.15360 1 0 1.0
0 1.98088 3.27547 0.73166 -0.83861 0.40238 0.36718 0.65509 0.14633 1 0 1.0
cl_black
0 1.84119 3.13185 0.57000 -0.82672 0.48698 0.28175 0.62637 0.11400 1 0 1.0
0 1.98088 3.27547 0.73166 -0.82672 0.48698 0.28175 0.65509 0.14633 1 0 1.0
0 1.94996 3.31650 0.57000 -0.82672 0.48698 0.28175 0.66330 0.11400 1 0 1.0
cl_black
0 3.36280 2.85741 0.15000 0.32440 -0.33011 -0.88645 0.67256 0.57148 1 0 1.0
0 3.55887 2.82986 0.23201 0.32440 -0.33011 -0.88645 0.71177 0.56597 1 0 1.0
0 3.50039 2.67483 0.26834 0.32440 -0.33011 -0.88645 0.70008 0.53497 1 0 1.0
cl_black
0 3.36280 2.85741 0.15000 0.22790 -0.40282 -0.88645 0.67256 0.57148 1 0 1.0
0 3.50039 2.67483 0.26834 0.22790 -0.40282 -0.88645 0.70008 0.53497 1 0 1.0
0 3.33525 2.66135 0.23201 0.22790 -0.40282 -0.88645 0.66705 0.53227 1 0 1.0
cl_black
0 3.64008 2.81844 0.43000 0.82672 -0.48698 -0.28175 0.56369 0.08600 1 0 1.0
0 3.53131 2.63379 0.43000 0.82672 -0.48698 -0.28175 0.52676 0.08600 1 0 1.0
0 3.50039 2.67483 0.26834 0.82672 -0.48698 -0.28175 0.53497 0.05367 1 0 1.0
cl_black
0 3.64008 2.81844 0.43000 0.83861 -0.40238 -0.36718 0.56369 0.08600 1 0 1.0
0 3.50039 2.67483 0.26834 0.83861 -0.40238 -0.36718 0.53497 0.05367 1 0 1.0
0 3.55887 2.82986 0.23201 0.83861 -0.40238 -0.36718 0.56597 0.04640 1 0 1.0
cl_black
0 3.32383 2.58014 0.43000 0.15563 -0.91704 -0.36718 0.66477 0.08600 1 0 1.0
0 3.33525 2.66135 0.23201 0.15563 -0.91704 -0.36718 0.66705 0.04640 1 0 1.0
0 3.50039 2.67483 0.26834 0.15563 -0.91704 -0.36718 0.70008 0.05367 1 0 1.0
cl_black
0 3.32383 2.58014 0.43000 0.24024 -0.92893 -0.28175 0.66477 0.08600 1 0 1.0
0 3.50039 2.67483 0.26834 0.24024 -0.92893 -0.28175 0.70008 0.05367 1 0 1.0
0 3.53131 2.63379 0.43000 0.24024 -0.92893 -0.28175 0.70626 0.08600 1 0 1.0
cl_black
0 3.36280 2.85741 0.85000 0.22790 -0.40282 0.88645 0.67256 0.57148 1 0 1.0
0 3.33525 2.66135 0.76799 0.22790 -0.40282 0.88645 0.66705 0.53227 1 0 1.0
0 3.50039 2.67483 0.73166 0.22790 -0.40282 0.88645 0.70008 0.53497 1 0 1.0
cl_black
0 3.36280 2.85741 0.85000 0.32440 -0.33011 0.88645 0.67256 0.57148 1 0 1.0
0 3.50039 2.67483 0.73166 0.32440 -0.33011 0.88645 0.70008 0.53497 1 0 1.0
0 3.55887 2.82986 0.76799 0.32440 -0.33011 0.88645 0.71177 0.56597 1 0 1.0
cl_black
0 3.32383 2.58014 0.57000 0.24024 -0.92893 0.28175 0.66477 0.11400 1 0 1.0
0 3.53131 2.63379 0.57000 0.24024 -0.92893 0.28175 0.70626 0.11400 1 0 1.0
0 3.50039 2.67483 0.73166 0.24024 -0.92893 0.28175 0.70008 0.14633 1 0 1.0
cl_black
0 3.32383 2.58014 0.57000 0.15563 -0.91704 0.36718 0.66477 0.11400 1 0 1.0
0 3.50039 2.67483 0.73166 0.15563 -0.91704 0.36718 0.70008 0.14633 1 0 1.0
0 3.33525 2.66135 0.76799 0.15563 -0.91704 0.36718 0.66705 0.15360 1 0 1.0
cl_black
0 3.64008 2.81844 0.57000 0.83861 -0.40238 0.36718 0.56369 0.11400 1 0 1.0
0 3.55887 2.82986 0.76799 0.83861 -0.40238 0.36718 0.56597 0.15360 1 0 1.0
0 3.50039 2.67483 0.73166 0.83861 -0.40238 0.36718 0.53497 0.14633 1 0 1.0
cl_black
0 3.64008 2.81844 0.57000 0.82672 -0.48698 0.28175 0.56369 0.11400 1 0 1.0
0 3.50039 2.67483 0.73166 0.82672 -0.48698 0.28175 0.53497 0.14633 1 0 1.0
0 3.53131 2.63379 0.57000 0.82672 -0.48698 0.28175 0.52676 0.11400 1 0 1.0
cl_black
0 3.37115 2.91683 0.15000 0.33011 0.32439 -0.88645 0.67423 0.58337 1 0 1.0
0 3.39871 3.11289 0.23201 0.33011 0.32439 -0.88645 0.67974 0.62258 1 0 1.0
0 3.55374 3.05442 0.26834 0.33011 0.32439 -0.88645 0.71075 0.61088 1 0 1.0
cl_black
0 3.37115 2.91683 0.15000 0.40282 0.22790 -0.88645 0.67423 0.58337 1 0 1.0
0 3.55374 3.05442 0.26834 0.40282 0.22790 -0.88645 0.71075 0.61088 1 0 1.0
0 3.56722 2.88927 0.23201 0.40282 0.22790 -0.88645 0.71344 0.57785 1 0 1.0
cl_black
0 3.41012 3.19410 0.43000 0.48698 0.82672 -0.28175 0.68202 0.08600 1 0 1.0
0 3.59477 3.08534 0.43000 0.48698 0.82672 -0.28175 0.71895 0.08600 1 0 1.0
0 3.55374 3.05442 0.26834 0.48698 0.82672 -0.28175 0.71075 0.05367 1 0 1.0
cl_black
0 3.41012 3.19410 0.43000 0.40238 0.83861 -0.36718 0.68202 0.08600 1 0 1.0
0 3.55374 3.05442 0.26834 0.40238 0.83861 -0.36718 0.71075 0.05367 1 0 1.0
0 3.39871 3.11289 0.23201 0.40238 0.83861 -0.36718 0.67974 0.04640 1 0 1.0
cl_black
0 3.64843 2.87786 0.43000 0.91704 0.15564 -0.36718 0.57557 0.08600 1 0 1.0
0 3.56722 2.88927 0.23201 0.91704 0.15564 -0.36718 0.57785 0.04640 1 0 1.0
0 3.55374 3.05442 0.26834 0.91704 0.15564 -0.36718 0.61088 0.05367 1 0 1.0
cl_black
0 3.64843 2.87786 0.43000 0.92893 0.24024 -0.28175 0.57557 0.08600 1 0 1.0
0 3.55374 3.05442 0.26834 0.92893 0.24024 -0.28175 0.61088 0.05367 1 0 1.0
0 3.59477 3.08534 0.43000 0.92893 0.24024 -0.28175 0.61707 0.08600 1 0 1.0
cl_black
0 3.37115 2.91683 0.85000 0.40282 0.22790 0.88645 0.67423 0.58337 1 0 1.0
0 3.56722 2.88927 0.76799 0.40282 0.22790 0.88645 0.71344 0.57785 1 0 1.0
0 3.55374 3.05442 0.73166 0.40282 0.22790 0.88645 0.71075 0.61088 1 0 1.0
cl_black
0 3.37115 2.91683 0.85000 0.33011 0.32440 0.88645 0.67423 0.58337 1 0 1.0
0 3.55374 3.05442 0.73166 0.33011 0.32440 0.88645 0.71075 0.61088 1 0 1.0
0 3.39871 3.11289 0.76799 0.33011 0.32440 0.88645 0.67974 0.62258 1 0 1.0
cl_black
0 3.64843 2.87786 0.57000 0.92893 0.24024 0.28175 0.57557 0.11400 1 0 1.0
0 3.59477 3.08534 0.57000 0.92893 0.24024 0.28175 0.61707 0.11400 1 0 1.0
0 3.55374 3.05442 0.73166 0.92893 0.24024 0.28175 0.61088 0.14633 1 0 1.0
cl_black
0 3.64843 2.87786 0.57000 0.91704 0.15564 0.36718 0.57557 0.11400 1 0 1.0
0 3.55374 3.05442 0.73166 0.91704 0.15564 0.36718 0.61088 0.14633 1 0 1.0
0 3.56722 2.88927 0.76799 0.91704 0.15564 0.36718 0.57785 0.15360 1 0 1.0
cl_black
0 3.41012 3.19410 0.57000 0.40238 0.83861 0.36718 0.68202 0.11400 1 0 1.0
0 3.39871 3.11289 0.76799 0.40238 0.83861 0.36718 0.67974 0.15360 1 0 1.0
0 3.55374 3.05442 0.73166 0.40238 0.83861 0.36718 0.71075 0.14633 1 0 1.0
cl_black
0 3.41012 3.19410 0.57000 0.48698 0.82672 0.28175 0.68202 0.11400 1 0 1.0
0 3.55374 3.05442 0.73166 0.48698 0.82672 0.28175 0.71075 0.14633 1 0 1.0
0 3.59477 3.08534 0.57000 0.48698 0.82672 0.28175 0.71895 0.11400 1 0 1.0
cl_black
0 2.11846 3.09288 0.15000 -0.37896 0.05326 -0.92388 0.42369 0.61858 1 0 1.0
0 2.11011 3.03347 0.15000 -0.37896 0.05326 -0.92388 0.42202 0.60669 1 0 1.0
0 1.91405 3.06102 0.23201 -0.37896 0.05326 -0.92388 0.38281 0.61220 1 0 1.0
cl_black
0 2.11846 3.09288 0.15000 -0.37896 0.05326 -0.92388 0.42369 0.61858 1 0 1.0
0 1.91405 3.06102 0.23201 -0.37896 0.05326 -0.92388 0.38281 0.61220 1 0 1.0
0 1.92240 3.12044 0.23201 -0.37896 0.05326 -0.92388 0.38448 0.62409 1 0 1.0
cl_black
0 1.92240 3.12044 0.23201 -0.91489 0.12858 -0.38268 0.62409 0.04640 1 0 1.0
0 1.91405 3.06102 0.23201 -0.91489 0.12858 -0.38268 0.61220 0.04640 1 0 1.0
0 1.83284 3.07244 0.43000 -0.91489 0.12858 -0.38268 0.61449 0.08600 1 0 1.0
cl_black
0 1.92240 3.12044 0.23201 -0.91489 0.12858 -0.38268 0.62409 0.04640 1 0 1.0
0 1.83284 3.07244 0.43000 -0.91489 0.12858 -0.38268 0.61449 0.08600 1 0 1.0
0 1.84119 3.13185 0.43000 -0.91489 0.12858 -0.38268 0.62637 0.08600 1 0 1.0
cl_black
0 2.07115 2.75619 0.43000 -0.50754 -0.86163 0.00000 0.41423 0.08600 1 0 1.0
0 2.07115 2.75619 0.57000 -0.50754 -0.86163 0.00000 0.41423 0.11400 1 0 1.0
0 1.88650 2.86496 0.57000 -0.50754 -0.86163 0.00000 0.37730 0.11400 1 0 1.0
cl_black
0 2.07115 2.75619 0.43000 -0.50754 -0.86163 0.00000 0.41423 0.08600 1 0 1.0
0 1.88650 2.86496 0.57000 -0.50754 -0.86163 0.00000 0.37730 0.11400 1 0 1.0
0 1.88650 2.86496 0.43000 -0.50754 -0.86163 0.00000 0.37730 0.08600 1 0 1.0
cl_black
0 1.88650 2.86496 0.43000 -0.96815 -0.25038 0.00000 0.57299 0.08600 1 0 1.0
0 1.88650 2.86496 0.57000 -0.96815 -0.25038 0.00000 0.57299 0.11400 1 0 1.0
0 1.83284 3.07244 0.57000 -0.96815 -0.25038 0.00000 0.61449 0.11400 1 0 1.0
cl_black
0 1.88650 2.86496 0.43000 -0.96815 -0.25038 0.00000 0.57299 0.08600 1 0 1.0
0 1.83284 3.07244 0.57000 -0.96815 -0.25038 0.00000 0.61449 0.11400 1 0 1.0
0 1.83284 3.07244 0.43000 -0.96815 -0.25038 0.00000 0.61449 0.08600 1 0 1.0
cl_black
0 2.11011 3.03347 0.85000 -0.37896 0.05326 0.92388 0.42202 0.60669 1 0 1.0
0 2.11846 3.09288 0.85000 -0.37896 0.05326 0.92388 0.42369 0.61858 1 0 1.0
0 1.92240 3.12044 0.76799 -0.37896 0.05326 0.92388 0.38448 0.62409 1 0 1.0
cl_black
0 2.11011 3.03347 0.85000 -0.37896 0.05326 0.92388 0.42202 0.60669 1 0 1.0
0 1.92240 3.12044 0.76799 -0.37896 0.05326 0.92388 0.38448 0.62409 1 0 1.0
0 1.91405 3.06102 0.76799 -0.37896 0.05326 0.92388 0.38281 0.61220 1 0 1.0
cl_black
0 1.91405 3.06102 0.76799 -0.91489 0.12858 0.38268 0.61220 0.15360 1 0 1.0
0 1.92240 3.12044 0.76799 -0.91489 0.12858 0.38268 0.62409 0.15360 1 0 1.0
0 1.84119 3.13185 0.57000 -0.91489 0.12858 0.38268 0.62637 0.11400 1 0 1.0
cl_black
0 1.91405 3.06102 0.76799 -0.91489 0.12858 0.38268 0.61220 0.15360 1 0 1.0
0 1.84119 3.13185 0.57000 -0.91489 0.12858 0.38268 0.62637 0.11400 1 0 1.0
0 1.83284 3.07244 0.57000 -0.91489 0.12858 0.38268 0.61449 0.11400 1 0 1.0
cl_black
0 2.15743 3.37016 0.57000 -0.25038 0.96815 0.00000 0.43149 0.11400 1 0 1.0
0 2.15743 3.37016 0.43000 -0.25038 0.96815 0.00000 0.43149 0.08600 1 0 1.0
0 1.94996 3.31650 0.43000 -0.25038 0.96815 0.00000 0.38999 0.08600 1 0 1.0
cl_black
0 2.15743 3.37016 0.57000 -0.25038 0.96815 0.00000 0.43149 0.11400 1 0 1.0
0 1.94996 3.31650 0.43000 -0.25038 0.96815 0.00000 0.38999 0.08600 1 0 1.0
0 1.94996 3.31650 0.57000 -0.25038 0.96815 0.00000 0.38999 0.11400 1 0 1.0
cl_black
0 1.94996 3.31650 0.57000 -0.86163 0.50754 0.00000 0.66330 0.11400 1 0 1.0
0 1.94996 3.31650 0.43000 -0.86163 0.50754 0.00000 0.66330 0.08600 1 0 1.0
0 1.84119 3.13185 0.43000 -0.86163 0.50754 0.00000 0.62637 0.08600 1 0 1.0
cl_black
0 1.94996 3.31650 0.57000 -0.86163 0.50754 0.00000 0.66330 0.11400 1 0 1.0
0 1.84119 3.13185 0.43000 -0.86163 0.50754 0.00000 0.62637 0.08600 1 0 1.0
0 1.84119 3.13185 0.57000 -0.86163 0.50754 0.00000 0.62637 0.11400 1 0 1.0
cl_black
0 3.37115 2.91683 0.15000 0.05326 0.37896 -0.92388 0.67423 0.58337 1 0 1.0
0 2.11846 3.09288 0.15000 0.05326 0.37896 -0.92388 0.42369 0.61858 1 0 1.0
0 2.14602 3.28895 0.23201 0.05326 0.37896 -0.92388 0.42920 0.65779 1 0 1.0
cl_black
0 3.37115 2.91683 0.15000 0.05326 0.37896 -0.92388 0.67423 0.58337 1 0 1.0
0 2.14602 3.28895 0.23201 0.05326 0.37896 -0.92388 0.42920 0.65779 1 0 1.0
0 3.39871 3.11289 0.23201 0.05326 0.37896 -0.92388 0.67974 0.62258 1 0 1.0
cl_black
0 3.39871 3.11289 0.23201 0.12858 0.91489 -0.38268 0.67974 0.04640 1 0 1.0
0 2.14602 3.28895 0.23201 0.12858 0.91489 -0.38268 0.42920 0.04640 1 0 1.0
0 2.15743 3.37016 0.43000 0.12858 0.91489 -0.38268 0.43149 0.08600 1 0 1.0
cl_black
0 3.39871 3.11289 0.23201 0.12858 0.91489 -0.38268 0.67974 0.04640 1 0 1.0
0 2.15743 3.37016 0.43000 0.12858 0.91489 -0.38268 0.43149 0.08600 1 0 1.0
0 3.41012 3.19410 0.43000 0.12858 0.91489 -0.38268 0.68202 0.08600 1 0 1.0
cl_black
0 2.11846 3.09288 0.85000 0.05326 0.37896 0.92388 0.42369 0.61858 1 0 1.0
0 3.37115 2.91683 0.85000 0.05326 0.37896 0.92388 0.67423 0.58337 1 0 1.0
0 3.39871 3.11289 0.76799 0.05326 0.37896 0.92388 0.67974 0.62258 1 0 1.0
cl_black
0 2.11846 3.09288 0.85000 0.05326 0.37896 0.92388 0.42369 0.61858 1 0 1.0
0 3.39871 3.11289 0.76799 0.05326 0.37896 0.92388 0.67974 0.62258 1 0 1.0
0 2.14602 3.28895 0.76799 0.05326 0.37896 0.92388 0.42920 0.65779 1 0 1.0
cl_black
0 2.14602 3.28895 0.76799 0.12858 0.91489 0.38268 0.42920 0.15360 1 0 1.0
0 3.39871 3.11289 0.76799 0.12858 0.91489 0.38268 0.67974 0.15360 1 0 1.0
0 3.41012 3.19410 0.57000 0.12858 0.91489 0.38268 0.68202 0.11400 1 0 1.0
cl_black
0 2.14602 3.28895 0.76799 0.12858 0.91489 0.38268 0.42920 0.15360 1 0 1.0
0 3.41012 3.19410 0.57000 0.12858 0.91489 0.38268 0.68202 0.11400 1 0 1.0
0 2.15743 3.37016 0.57000 0.12858 0.91489 0.38268 0.43149 0.11400 1 0 1.0
cl_black
0 3.64843 2.87786 0.57000 0.96815 0.25038 0.00000 0.57557 0.11400 1 0 1.0
0 3.64843 2.87786 0.43000 0.96815 0.25038 0.00000 0.57557 0.08600 1 0 1.0
0 3.59477 3.08534 0.43000 0.96815 0.25038 0.00000 0.61707 0.08600 1 0 1.0
cl_black
0 3.64843 2.87786 0.57000 0.96815 0.25038 0.00000 0.57557 0.11400 1 0 1.0
0 3.59477 3.08534 0.43000 0.96815 0.25038 0.00000 0.61707 0.08600 1 0 1.0
0 3.59477 3.08534 0.57000 0.96815 0.25038 0.00000 0.61707 0.11400 1 0 1.0
cl_black
0 3.59477 3.08534 0.57000 0.50754 0.86163 0.00000 0.71895 0.11400 1 0 1.0
0 3.59477 3.08534 0.43000 0.50754 0.86163 0.00000 0.71895 0.08600 1 0 1.0
0 3.41012 3.19410 0.43000 0.50754 0.86163 0.00000 0.68202 0.08600 1 0 1.0
cl_black
0 3.59477 3.08534 0.57000 0.50754 0.86163 0.00000 0.71895 0.11400 1 0 1.0
0 3.41012 3.19410 0.43000 0.50754 0.86163 0.00000 0.68202 0.08600 1 0 1.0
0 3.41012 3.19410 0.57000 0.50754 0.86163 0.00000 0.68202 0.11400 1 0 1.0
cl_black
0 3.36280 2.85741 0.15000 0.37896 -0.05326 -0.92388 0.67256 0.57148 1 0 1.0
0 3.37115 2.91683 0.15000 0.37896 -0.05326 -0.92388 0.67423 0.58337 1 0 1.0
0 3.56722 2.88927 0.23201 0.37896 -0.05326 -0.92388 0.71344 0.57785 1 0 1.0
cl_black
0 3.36280 2.85741 0.15000 0.37896 -0.05326 -0.92388 0.67256 0.57148 1 0 1.0
0 3.56722 2.88927 0.23201 0.37896 -0.05326 -0.92388 0.71344 0.57785 1 0 1.0
0 3.55887 2.82986 0.23201 0.37896 -0.05326 -0.92388 0.71177 0.56597 1 0 1.0
cl_black
0 3.55887 2.82986 0.23201 0.91489 -0.12858 -0.38268 0.56597 0.04640 1 0 1.0
0 3.56722 2.88927 0.23201 0.91489 -0.12858 -0.38268 0.57785 0.04640 1 0 1.0
0 3.64843 2.87786 0.43000 0.91489 -0.12858 -0.38268 0.57557 0.08600 1 0 1.0
cl_black
0 3.55887 2.82986 0.23201 0.91489 -0.12858 -0.38268 0.56597 0.04640 1 0 1.0
0 3.64843 2.87786 0.43000 0.91489 -0.12858 -0.38268 0.57557 0.08600 1 0 1.0
0 3.64008 2.81844 0.43000 0.91489 -0.12858 -0.38268 0.56369 0.08600 1 0 1.0
cl_black
0 3.37115 2.91683 0.85000 0.37896 -0.05326 0.92388 0.67423 0.58337 1 0 1.0
0 3.36280 2.85741 0.85000 0.37896 -0.05326 0.92388 0.67256 0.57148 1 0 1.0
0 3.55887 2.82986 0.76799 0.37896 -0.05326 0.92388 0.71177 0.56597 1 0 1.0
cl_black
0 3.37115 2.91683 0.85000 0.37896 -0.05326 0.92388 0.67423 0.58337 1 0 1.0
0 3.55887 2.82986 0.76799 0.37896 -0.05326 0.92388 0.71177 0.56597 1 0 1.0
0 3.56722 2.88927 0.76799 0.37896 -0.05326 0.92388 0.71344 0.57785 1 0 1.0
cl_black
0 3.56722 2.88927 0.76799 0.91489 -0.12858 0.38268 0.57785 0.15360 1 0 1.0
0 3.55887 2.82986 0.76799 0.91489 -0.12858 0.38268 0.56597 0.15360 1 0 1.0
0 3.64008 2.81844 0.57000 0.91489 -0.12858 0.38268 0.56369 0.11400 1 0 1.0
cl_black
0 3.56722 2.88927 0.76799 0.91489 -0.12858 0.38268 0.57785 0.15360 1 0 1.0
0 3.64008 2.81844 0.57000 0.91489 -0.12858 0.38268 0.56369 0.11400 1 0 1.0
0 3.64843 2.87786 0.57000 0.91489 -0.12858 0.38268 0.57557 0.11400 1 0 1.0
cl_black
0 3.32383 2.58014 0.57000 0.25038 -0.96815 0.00000 0.66477 0.11400 1 0 1.0
0 3.32383 2.58014 0.43000 0.25038 -0.96815 0.00000 0.66477 0.08600 1 0 1.0
0 3.53131 2.63379 0.43000 0.25038 -0.96815 0.00000 0.70626 0.08600 1 0 1.0
cl_black
0 3.32383 2.58014 0.57000 0.25038 -0.96815 0.00000 0.66477 0.11400 1 0 1.0
0 3.53131 2.63379 0.43000 0.25038 -0.96815 0.00000 0.70626 0.08600 1 0 1.0
0 3.53131 2.63379 0.57000 0.25038 -0.96815 0.00000 0.70626 0.11400 1 0 1.0
cl_black
0 3.53131 2.63379 0.57000 0.86163 -0.50754 0.00000 0.52676 0.11400 1 0 1.0
0 3.53131 2.63379 0.43000 0.86163 -0.50754 0.00000 0.52676 0.08600 1 0 1.0
0 3.64008 2.81844 0.43000 0.86163 -0.50754 0.00000 0.56369 0.08600 1 0 1.0
cl_black
0 3.53131 2.63379 0.57000 0.86163 -0.50754 0.00000 0.52676 0.11400 1 0 1.0
0 3.64008 2.81844 0.43000 0.86163 -0.50754 0.00000 0.56369 0.08600 1 0 1.0
0 3.64008 2.81844 0.57000 0.86163 -0.50754 0.00000 0.56369 0.11400 1 0 1.0
cl_black
0 2.11011 3.03347 0.15000 -0.05326 -0.37896 -0.92388 0.42202 0.60669 1 0 1.0
0 3.36280 2.85741 0.15000 -0.05326 -0.37896 -0.92388 0.67256 0.57148 1 0 1.0
0 3.33525 2.66135 0.23201 -0.05326 -0.37896 -0.92388 0.66705 0.53227 1 0 1.0
cl_black
0 2.11011 3.03347 0.15000 -0.05326 -0.37896 -0.92388 0.42202 0.60669 1 0 1.0
0 3.33525 2.66135 0.23201 -0.05326 -0.37896 -0.92388 0.66705 0.53227 1 0 1.0
0 2.08256 2.83740 0.23201 -0.05326 -0.37896 -0.92388 0.41651 0.56748 1 0 1.0
cl_black
0 2.08256 2.83740 0.23201 -0.12858 -0.91489 -0.38268 0.41651 0.04640 1 0 1.0
0 3.33525 2.66135 0.23201 -0.12858 -0.91489 -0.38268 0.66705 0.04640 1 0 1.0
0 3.32383 2.58014 0.43000 -0.12858 -0.91489 -0.38268 0.66477 0.08600 1 0 1.0
cl_black
0 2.08256 2.83740 0.23201 -0.12858 -0.91489 -0.38268 0.41651 0.04640 1 0 1.0
0 3.32383 2.58014 0.43000 -0.12858 -0.91489 -0.38268 0.66477 0.08600 1 0 1.0
0 2.07115 2.75619 0.43000 -0.12858 -0.91489 -0.38268 0.41423 0.08600 1 0 1.0
cl_black
0 3.36280 2.85741 0.85000 -0.05326 -0.37896 0.92388 0.67256 0.57148 1 0 1.0
0 2.11011 3.03347 0.85000 -0.05326 -0.37896 0.92388 0.42202 0.60669 1 0 1.0
0 2.08256 2.83740 0.76799 -0.05326 -0.37896 0.92388 0.41651 0.56748 1 0 1.0
cl_black
0 3.36280 2.85741 0.85000 -0.05326 -0.37896 0.92388 0.67256 0.57148 1 0 1.0
0 2.08256 2.83740 0.76799 -0.05326 -0.37896 0.92388 0.41651 0.56748 1 0 1.0
0 3.33525 2.66135 0.76799 -0.05326 -0.37896 0.92388 0.66705 0.53227 1 0 1.0
cl_black
0 3.33525 2.66135 0.76799 -0.12858 -0.91489 0.38268 0.66705 0.15360 1 0 1.0
0 2.08256 2.83740 0.76799 -0.12858 -0.91489 0.38268 0.41651 0.15360 1 0 1.0
0 2.07115 2.75619 0.57000 -0.12858 -0.91489 0.38268 0.41423 0.11400 1 0 1.0
cl_black
0 3.33525 2.66135 0.76799 -0.12858 -0.91489 0.38268 0.66705 0.15360 1 0 1.0
0 2.07115 2.75619 0.57000 -0.12858 -0.91489 0.38268 0.41423 0.11400 1 0 1.0
0 3.32383 2.58014 0.57000 -0.12858 -0.91489 0.38268 0.66477 0.11400 1 0 1.0
cl_black
0 2.11846 3.09288 0.15000 0.00000 0.00000 -1.00000 0.42369 0.61858 1 0 1.0
0 3.37115 2.91683 0.15000 0.00000 0.00000 -1.00000 0.67423 0.58337 1 0 1.0
0 3.36280 2.85741 0.15000 0.00000 0.00000 -1.00000 0.67256 0.57148 1 0 1.0
cl_black
0 2.11846 3.09288 0.15000 0.00000 0.00000 -1.00000 0.42369 0.61858 1 0 1.0
0 3.36280 2.85741 0.15000 0.00000 0.00000 -1.00000 0.67256 0.57148 1 0 1.0
0 2.11011 3.03347 0.15000 0.00000 0.00000 -1.00000 0.42202 0.60669 1 0 1.0
cl_black
0 1.83284 3.07244 0.43000 -0.99027 0.13917 0.00000 0.61449 0.08600 1 0 1.0
0 1.83284 3.07244 0.57000 -0.99027 0.13917 0.00000 0.61449 0.11400 1 0 1.0
0 1.84119 3.13185 0.57000 -0.99027 0.13917 0.00000 0.62637 0.11400 1 0 1.0
cl_black
0 1.83284 3.07244 0.43000 -0.99027 0.13917 0.00000 0.61449 0.08600 1 0 1.0
0 1.84119 3.13185 0.57000 -0.99027 0.13917 0.00000 0.62637 0.11400 1 0 1.0
0 1.84119 3.13185 0.43000 -0.99027 0.13917 0.00000 0.62637 0.08600 1 0 1.0
cl_black
0 3.32383 2.58014 0.43000 -0.13917 -0.99027 0.00000 0.66477 0.08600 1 0 1.0
0 3.32383 2.58014 0.57000 -0.13917 -0.99027 0.00000 0.66477 0.11400 1 0 1.0
0 2.07115 2.75619 0.57000 -0.13917 -0.99027 0.00000 0.41423 0.11400 1 0 1.0
cl_black
0 3.32383 2.58014 0.43000 -0.13917 -0.99027 0.00000 0.66477 0.08600 1 0 1.0
0 2.07115 2.75619 0.57000 -0.13917 -0.99027 0.00000 0.41423 0.11400 1 0 1.0
0 2.07115 2.75619 0.43000 -0.13917 -0.99027 0.00000 0.41423 0.08600 1 0 1.0
cl_black
0 3.37115 2.91683 0.85000 0.00000 0.00000 1.00000 0.67423 0.58337 1 0 1.0
0 2.11846 3.09288 0.85000 0.00000 0.00000 1.00000 0.42369 0.61858 1 0 1.0
0 2.11011 3.03347 0.85000 0.00000 0.00000 1.00000 0.42202 0.60669 1 0 1.0
cl_black
0 3.37115 2.91683 0.85000 0.00000 0.00000 1.00000 0.67423 0.58337 1 0 1.0
0 2.11011 3.03347 0.85000 0.00000 0.00000 1.00000 0.42202 0.60669 1 0 1.0
0 3.36280 2.85741 0.85000 0.00000 0.00000 1.00000 0.67256 0.57148 1 0 1.0
cl_black
0 2.15743 3.37016 0.43000 0.13917 0.99027 0.00000 0.43149 0.08600 1 0 1.0
0 2.15743 3.37016 0.57000 0.13917 0.99027 0.00000 0.43149 0.11400 1 0 1.0
0 3.41012 3.19410 0.57000 0.13917 0.99027 0.00000 0.68202 0.11400 1 0 1.0
cl_black
0 2.15743 3.37016 0.43000 0.13917 0.99027 0.00000 0.43149 0.08600 1 0 1.0
0 3.41012 3.19410 0.57000 0.13917 0.99027 0.00000 0.68202 0.11400 1 0 1.0
0 3.41012 3.19410 0.43000 0.13917 0.99027 0.00000 0.68202 0.08600 1 0 1.0
cl_black
0 3.64843 2.87786 0.43000 0.99027 -0.13917 0.00000 0.57557 0.08600 1 0 1.0
0 3.64843 2.87786 0.57000 0.99027 -0.13917 0.00000 0.57557 0.11400 1 0 1.0
0 3.64008 2.81844 0.57000 0.99027 -0.13917 0.00000 0.56369 0.11400 1 0 1.0
cl_black
0 3.64843 2.87786 0.43000 0.99027 -0.13917 0.00000 0.57557 0.08600 1 0 1.0
0 3.64008 2.81844 0.57000 0.99027 -0.13917 0.00000 0.56369 0.11400 1 0 1.0
0 3.64008 2.81844 0.43000 0.99027 -0.13917 0.00000 0.56369 0.08600 1 0 1.0
cl_black
0 0.00310 0.31020 0.15000 -0.33011 -0.32439 -0.88645 0.00062 0.06204 1 0 1.0
0 -0.02445 0.11414 0.23201 -0.33011 -0.32439 -0.88645 -0.00489 0.02283 1 0 1.0
0 -0.17948 0.17262 0.26834 -0.33011 -0.32439 -0.88645 -0.03590 0.03452 1 0 1.0
cl_black
0 0.00310 0.31020 0.15000 -0.40282 -0.22790 -0.88645 0.00062 0.06204 1 0 1.0
0 -0.17948 0.17262 0.26834 -0.40282 -0.22790 -0.88645 -0.03590 0.03452 1 0 1.0
0 -0.19296 0.33776 0.23201 -0.40282 -0.22790 -0.88645 -0.03859 0.06755 1 0 1.0
cl_black
0 -0.03586 0.03293 0.43000 -0.48698 -0.82672 -0.28175 -0.00717 0.08600 1 0 1.0
0 -0.22051 0.14170 0.43000 -0.48698 -0.82672 -0.28175 -0.04410 0.08600 1 0 1.0
0 -0.17948 0.17262 0.26834 -0.48698 -0.82672 -0.28175 -0.03590 0.05367 1 0 1.0
cl_black
0 -0.03586 0.03293 0.43000 -0.40238 -0.83861 -0.36718 -0.00717 0.08600 1 0 1.0
0 -0.17948 0.17262 0.26834 -0.40238 -0.83861 -0.36718 -0.03590 0.05367 1 0 1.0
0 -0.02445 0.11414 0.23201 -0.40238 -0.83861 -0.36718 -0.00489 0.04640 1 0 1.0
cl_black
0 -0.27417 0.34917 0.43000 -0.91704 -0.15564 -0.36718 0.06983 0.08600 1 0 1.0
0 -0.19296 0.33776 0.23201 -0.91704 -0.15564 -0.36718 0.06755 0.04640 1 0 1.0
0 -0.17948 0.17262 0.26834 -0.91704 -0.15564 -0.36718 0.03452 0.05367 1 0 1.0
cl_black
0 -0.27417 0.34917 0.43000 -0.92893 -0.24024 -0.28175 0.06983 0.08600 1 0 1.0
0 -0.17948 0.17262 0.26834 -0.92893 -0.24024 -0.28175 0.03452 0.05367 1 0 1.0
0 -0.22051 0.14170 0.43000 -0.92893 -0.24024 -0.28175 0.02834 0.08600 1 0 1.0
cl_black
0 -0.03586 0.03293 0.57000 -0.40238 -0.83861 0.36718 -0.00717 0.11400 1 0 1.0
0 -0.02445 0.11414 0.76799 -0.40238 -0.83861 0.36718 -0.00489 0.15360 1 0 1.0
0 -0.17948 0.17262 0.73166 -0.40238 -0.83861 0.36718 -0.03590 0.14633 1 0 1.0
cl_black
0 -0.03586 0.03293 0.57000 -0.48698 -0.82672 0.28175 -0.00717 0.11400 1 0 1.0
0 -0.17948 0.17262 0.73166 -0.48698 -0.82672 0.28175 -0.03590 0.14633 1 0 1.0
0 -0.22051 0.14170 0.57000 -0.48698 -0.82672 0.28175 -0.04410 0.11400 1 0 1.0
cl_black
0 0.00310 0.31020 0.85000 -0.40282 -0.22790 0.88645 0.00062 0.06204 1 0 1.0
0 -0.19296 0.33776 0.76799 -0.40282 -0.22790 0.88645 -0.03859 0.06755 1 0 1.0
0 -0.17948 0.17262 0.73166 -0.40282 -0.22790 0.88645 -0.03590 0.03452 1 0 1.0
cl_black
0 0.00310 0.31020 0.85000 -0.33011 -0.32440 0.88645 0.00062 0.06204 1 0 1.0
0 -0.17948 0.17262 0.73166 -0.33011 -0.32440 0.88645 -0.03590 0.03452 1 0 1.0
0 -0.02445 0.11414 0.76799 -0.33011 -0.32440 0.88645 -0.00489 0.02283 1 0 1.0
cl_black
0 -0.27417 0.34917 0.57000 -0.92893 -0.24024 0.28175 0.06983 0.11400 1 0 1.0
0 -0.22051 0.14170 0.57000 -0.92893 -0.24024 0.28175 0.02834 0.11400 1 0 1.0
0 -0.17948 0.17262 0.73166 -0.92893 -0.24024 0.28175 0.03452 0.14633 1 0 1.0
cl_black
0 -0.27417 0.34917 0.57000 -0.91704 -0.15564 0.36718 0.06983 0.11400 1 0 1.0
0 -0.17948 0.17262 0.73166 -0.91704 -0.15564 0.36718 0.03452 0.14633 1 0 1.0
0 -0.19296 0.33776 0.76799 -0.91704 -0.15564 0.36718 0.06755 0.15360 1 0 1.0
cl_black
0 0.02259 0.44884 0.15000 -0.32440 0.33011 -0.88645 0.00452 0.08977 1 0 1.0
0 -0.17347 0.47640 0.23201 -0.32440 0.33011 -0.88645 -0.03469 0.09528 1 0 1.0
0 -0.11500 0.63142 0.26834 -0.32440 0.33011 -0.88645 -0.02300 0.12628 1 0 1.0
cl_black
0 0.02259 0.44884 0.15000 -0.22790 0.40282 -0.88645 0.00452 0.08977 1 0 1.0
0 -0.11500 0.63142 0.26834 -0.22790 0.40282 -0.88645 -0.02300 0.12628 1 0 1.0
0 0.05014 0.64490 0.23201 -0.22790 0.40282 -0.88645 0.01003 0.12898 1 0 1.0
cl_black
0 -0.25469 0.48781 0.43000 -0.82672 0.48698 -0.28175 0.09756 0.08600 1 0 1.0
0 -0.14592 0.67246 0.43000 -0.82672 0.48698 -0.28175 0.13449 0.08600 1 0 1.0
0 -0.11500 0.63142 0.26834 -0.82672 0.48698 -0.28175 0.12628 0.05367 1 0 1.0
cl_black
0 -0.25469 0.48781 0.43000 -0.83861 0.40238 -0.36718 0.09756 0.08600 1 0 1.0
0 -0.11500 0.63142 0.26834 -0.83861 0.40238 -0.36718 0.12628 0.05367 1 0 1.0
0 -0.17347 0.47640 0.23201 -0.83861 0.40238 -0.36718 0.09528 0.04640 1 0 1.0
cl_black
0 0.06156 0.72612 0.43000 -0.15564 0.91704 -0.36718 0.01231 0.08600 1 0 1.0
0 0.05014 0.64490 0.23201 -0.15564 0.91704 -0.36718 0.01003 0.04640 1 0 1.0
0 -0.11500 0.63142 0.26834 -0.15564 0.91704 -0.36718 -0.02300 0.05367 1 0 1.0
cl_black
0 0.06156 0.72612 0.43000 -0.24024 0.92893 -0.28175 0.01231 0.08600 1 0 1.0
0 -0.11500 0.63142 0.26834 -0.24024 0.92893 -0.28175 -0.02300 0.05367 1 0 1.0
0 -0.14592 0.67246 0.43000 -0.24024 0.92893 -0.28175 -0.02918 0.08600 1 0 1.0
cl_black
0 0.02259 0.44884 0.85000 -0.22790 0.40282 0.88645 0.00452 0.08977 1 0 1.0
0 0.05014 0.64490 0.76799 -0.22790 0.40282 0.88645 0.01003 0.12898 1 0 1.0
0 -0.11500 0.63142 0.73166 -0.22790 0.40282 0.88645 -0.02300 0.12628 1 0 1.0
cl_black
0 0.02259 0.44884 0.85000 -0.32440 0.33011 0.88645 0.00452 0.08977 1 0 1.0
0 -0.11500 0.63142 0.73166 -0.32440 0.33011 0.88645 -0.02300 0.12628 1 0 1.0
0 -0.17347 0.47640 0.76799 -0.32440 0.33011 0.88645 -0.03469 0.09528 1 0 1.0
cl_black
0 0.06156 0.72612 0.57000 -0.24024 0.92893 0.28175 0.01231 0.11400 1 0 1.0
0 -0.14592 0.67246 0.57000 -0.24024 0.92893 0.28175 -0.02918 0.11400 1 0 1.0
0 -0.11500 0.63142 0.73166 -0.24024 0.92893 0.28175 -0.02300 0.14633 1 0 1.0
cl_black
0 0.06156 0.72612 0.57000 -0.15564 0.91704 0.36718 0.01231 0.11400 1 0 1.0
0 -0.11500 0.63142 0.73166 -0.15564 0.91704 0.36718 -0.02300 0.14633 1 0 1.0
0 0.05014 0.64490 0.76799 -0.15564 0.91704 0.36718 0.01003 0.15360 1 0 1.0
cl_black
0 -0.25469 0.48781 0.57000 -0.83861 0.40238 0.36718 0.09756 0.11400 1 0 1.0
0 -0.17347 0.47640 0.76799 -0.83861 0.40238 0.36718 0.09528 0.15360 1 0 1.0
0 -0.11500 0.63142 0.73166 -0.83861 0.40238 0.36718 0.12628 0.14633 1 0 1.0
cl_black
0 -0.25469 0.48781 0.57000 -0.82672 0.48698 0.28175 0.09756 0.11400 1 0 1.0
0 -0.11500 0.63142 0.73166 -0.82672 0.48698 0.28175 0.12628 0.14633 1 0 1.0
0 -0.14592 0.67246 0.57000 -0.82672 0.48698 0.28175 0.13449 0.11400 1 0 1.0
cl_black
0 1.23104 0.13763 0.15000 0.32439 -0.33011 -0.88645 0.24621 0.02753 1 0 1.0
0 1.42710 0.11007 0.23201 0.32439 -0.33011 -0.88645 0.28542 0.02201 1 0 1.0
0 1.36862 -0.04495 0.26834 0.32439 -0.33011 -0.88645 0.27372 -0.00899 1 0 1.0
cl_black
0 1.23104 0.13763 0.15000 0.22790 -0.40282 -0.88645 0.24621 0.02753 1 0 1.0
0 1.36862 -0.04495 0.26834 0.22790 -0.40282 -0.88645 0.27372 -0.00899 1 0 1.0
0 1.20348 -0.05843 0.23201 0.22790 -0.40282 -0.88645 0.24070 -0.01169 1 0 1.0
cl_black
0 1.50831 0.09866 0.43000 0.82672 -0.48698 -0.28175 0.01973 0.08600 1 0 1.0
0 1.39954 -0.08599 0.43000 0.82672 -0.48698 -0.28175 -0.01720 0.08600 1 0 1.0
0 1.36862 -0.04495 0.26834 0.82672 -0.48698 -0.28175 -0.00899 0.05367 1 0 1.0
cl_black
0 1.50831 0.09866 0.43000 0.83861 -0.40238 -0.36718 0.01973 0.08600 1 0 1.0
0 1.36862 -0.04495 0.26834 0.83861 -0.40238 -0.36718 -0.00899 0.05367 1 0 1.0
0 1.42710 0.11007 0.23201 0.83861 -0.40238 -0.36718 0.02201 0.04640 1 0 1.0
cl_black
0 1.19207 -0.13965 0.43000 0.15563 -0.91704 -0.36718 0.23841 0.08600 1 0 1.0
0 1.20348 -0.05843 0.23201 0.15563 -0.91704 -0.36718 0.24070 0.04640 1 0 1.0
0 1.36862 -0.04495 0.26834 0.15563 -0.91704 -0.36718 0.27372 0.05367 1 0 1.0
cl_black
0 1.19207 -0.13965 0.43000 0.24024 -0.92893 -0.28175 0.23841 0.08600 1 0 1.0
0 1.36862 -0.04495 0.26834 0.24024 -0.92893 -0.28175 0.27372 0.05367 1 0 1.0
0 1.39954 -0.08599 0.43000 0.24024 -0.92893 -0.28175 0.27991 0.08600 1 0 1.0
cl_black
0 1.23104 0.13763 0.85000 0.22790 -0.40282 0.88645 0.24621 0.02753 1 0 1.0
0 1.20348 -0.05843 0.76799 0.22790 -0.40282 0.88645 0.24070 -0.01169 1 0 1.0
0 1.36862 -0.04495 0.73166 0.22790 -0.40282 0.88645 0.27372 -0.00899 1 0 1.0
cl_black
0 1.23104 0.13763 0.85000 0.32439 -0.33011 0.88645 0.24621 0.02753 1 0 1.0
0 1.36862 -0.04495 0.73166 0.32439 -0.33011 0.88645 0.27372 -0.00899 1 0 1.0
0 1.42710 0.11007 0.76799 0.32439 -0.33011 0.88645 0.28542 0.02201 1 0 1.0
cl_black
0 1.19207 -0.13965 0.57000 0.24024 -0.92893 0.28175 0.23841 0.11400 1 0 1.0
0 1.39954 -0.08599 0.57000 0.24024 -0.92893 0.28175 0.27991 0.11400 1 0 1.0
0 1.36862 -0.04495 0.73166 0.24024 -0.92893 0.28175 0.27372 0.14633 1 0 1.0
cl_black
0 1.19207 -0.13965 0.57000 0.15563 -0.91704 0.36718 0.23841 0.11400 1 0 1.0
0 1.36862 -0.04495 0.73166 0.15563 -0.91704 0.36718 0.27372 0.14633 1 0 1.0
0 1.20348 -0.05843 0.76799 0.15563 -0.91704 0.36718 0.24070 0.15360 1 0 1.0
cl_black
0 1.50831 0.09866 0.57000 0.83861 -0.40238 0.36718 0.01973 0.11400 1 0 1.0
0 1.42710 0.11007 0.76799 0.83861 -0.40238 0.36718 0.02201 0.15360 1 0 1.0
0 1.36862 -0.04495 0.73166 0.83861 -0.40238 0.36718 -0.00899 0.14633 1 0 1.0
cl_black
0 1.50831 0.09866 0.57000 0.82672 -0.48698 0.28175 0.01973 0.11400 1 0 1.0
0 1.36862 -0.04495 0.73166 0.82672 -0.48698 0.28175 -0.00899 0.14633 1 0 1.0
0 1.39954 -0.08599 0.57000 0.82672 -0.48698 0.28175 -0.01720 0.11400 1 0 1.0
cl_black
0 1.25052 0.27627 0.15000 0.33011 0.32440 -0.88645 0.25010 0.05525 1 0 1.0
0 1.27808 0.47233 0.23201 0.33011 0.32440 -0.88645 0.25562 0.09447 1 0 1.0
0 1.43310 0.41385 0.26834 0.33011 0.32440 -0.88645 0.28662 0.08277 1 0 1.0
cl_black
0 1.25052 0.27627 0.15000 0.40282 0.22790 -0.88645 0.25010 0.05525 1 0 1.0
0 1.43310 0.41385 0.26834 0.40282 0.22790 -0.88645 0.28662 0.08277 1 0 1.0
0 1.44658 0.24871 0.23201 0.40282 0.22790 -0.88645 0.28932 0.04974 1 0 1.0
cl_black
0 1.28949 0.55354 0.43000 0.48698 0.82672 -0.28175 0.25790 0.08600 1 0 1.0
0 1.47414 0.44477 0.43000 0.48698 0.82672 -0.28175 0.29483 0.08600 1 0 1.0
0 1.43310 0.41385 0.26834 0.48698 0.82672 -0.28175 0.28662 0.05367 1 0 1.0
cl_black
0 1.28949 0.55354 0.43000 0.40238 0.83861 -0.36718 0.25790 0.08600 1 0 1.0
0 1.43310 0.41385 0.26834 0.40238 0.83861 -0.36718 0.28662 0.05367 1 0 1.0
0 1.27808 0.47233 0.23201 0.40238 0.83861 -0.36718 0.25562 0.04640 1 0 1.0
cl_black
0 1.52780 0.23730 0.43000 0.91704 0.15564 -0.36718 0.04746 0.08600 1 0 1.0
0 1.44658 0.24871 0.23201 0.91704 0.15564 -0.36718 0.04974 0.04640 1 0 1.0
0 1.43310 0.41385 0.26834 0.91704 0.15564 -0.36718 0.08277 0.05367 1 0 1.0
cl_black
0 1.52780 0.23730 0.43000 0.92893 0.24024 -0.28175 0.04746 0.08600 1 0 1.0
0 1.43310 0.41385 0.26834 0.92893 0.24024 -0.28175 0.08277 0.05367 1 0 1.0
0 1.47414 0.44477 0.43000 0.92893 0.24024 -0.28175 0.08895 0.08600 1 0 1.0
cl_black
0 1.25052 0.27627 0.85000 0.40282 0.22790 0.88645 0.25010 0.05525 1 0 1.0
0 1.44658 0.24871 0.76799 0.40282 0.22790 0.88645 0.28932 0.04974 1 0 1.0
0 1.43310 0.41385 0.73166 0.40282 0.22790 0.88645 0.28662 0.08277 1 0 1.0
cl_black
0 1.25052 0.27627 0.85000 0.33011 0.32440 0.88645 0.25010 0.05525 1 0 1.0
0 1.43310 0.41385 0.73166 0.33011 0.32440 0.88645 0.28662 0.08277 1 0 1.0
0 1.27808 0.47233 0.76799 0.33011 0.32440 0.88645 0.25562 0.09447 1 0 1.0
cl_black
0 1.52780 0.23730 0.57000 0.92893 0.24024 0.28175 0.04746 0.11400 1 0 1.0
0 1.47414 0.44477 0.57000 0.92893 0.24024 0.28175 0.08895 0.11400 1 0 1.0
0 1.43310 0.41385 0.73166 0.92893 0.24024 0.28175 0.08277 0.14633 1 0 1.0
cl_black
0 1.52780 0.23730 0.57000 0.91704 0.15564 0.36718 0.04746 0.11400 1 0 1.0
0 1.43310 0.41385 0.73166 0.91704 0.15564 0.36718 0.08277 0.14633 1 0 1.0
0 1.44658 0.24871 0.76799 0.91704 0.15564 0.36718 0.04974 0.15360 1 0 1.0
cl_black
0 1.28949 0.55354 0.57000 0.40238 0.83861 0.36718 0.25790 0.11400 1 0 1.0
0 1.27808 0.47233 0.76799 0.40238 0.83861 0.36718 0.25562 0.15360 1 0 1.0
0 1.43310 0.41385 0.73166 0.40238 0.83861 0.36718 0.28662 0.14633 1 0 1.0
cl_black
0 1.28949 0.55354 0.57000 0.48698 0.82672 0.28175 0.25790 0.11400 1 0 1.0
0 1.43310 0.41385 0.73166 0.48698 0.82672 0.28175 0.28662 0.14633 1 0 1.0
0 1.47414 0.44477 0.57000 0.48698 0.82672 0.28175 0.29483 0.11400 1 0 1.0
cl_black
0 0.02259 0.44884 0.15000 -0.37896 0.05326 -0.92388 0.00452 0.08977 1 0 1.0
0 0.00310 0.31020 0.15000 -0.37896 0.05326 -0.92388 0.00062 0.06204 1 0 1.0
0 -0.19296 0.33776 0.23201 -0.37896 0.05326 -0.92388 -0.03859 0.06755 1 0 1.0
cl_black
0 0.02259 0.44884 0.15000 -0.37896 0.05326 -0.92388 0.00452 0.08977 1 0 1.0
0 -0.19296 0.33776 0.23201 -0.37896 0.05326 -0.92388 -0.03859 0.06755 1 0 1.0
0 -0.17347 0.47640 0.23201 -0.37896 0.05326 -0.92388 -0.03469 0.09528 1 0 1.0
cl_black
0 -0.17347 0.47640 0.23201 -0.91489 0.12858 -0.38268 0.09528 0.04640 1 0 1.0
0 -0.19296 0.33776 0.23201 -0.91489 0.12858 -0.38268 0.06755 0.04640 1 0 1.0
0 -0.27417 0.34917 0.43000 -0.91489 0.12858 -0.38268 0.06983 0.08600 1 0 1.0
cl_black
0 -0.17347 0.47640 0.23201 -0.91489 0.12858 -0.38268 0.09528 0.04640 1 0 1.0
0 -0.27417 0.34917 0.43000 -0.91489 0.12858 -0.38268 0.06983 0.08600 1 0 1.0
0 -0.25469 0.48781 0.43000 -0.91489 0.12858 -0.38268 0.09756 0.08600 1 0 1.0
cl_black
0 -0.03586 0.03293 0.43000 -0.50754 -0.86163 0.00000 -0.00717 0.08600 1 0 1.0
0 -0.03586 0.03293 0.57000 -0.50754 -0.86163 0.00000 -0.00717 0.11400 1 0 1.0
0 -0.22051 0.14170 0.57000 -0.50754 -0.86163 0.00000 -0.04410 0.11400 1 0 1.0
cl_black
0 -0.03586 0.03293 0.43000 -0.50754 -0.86163 0.00000 -0.00717 0.08600 1 0 1.0
0 -0.22051 0.14170 0.57000 -0.50754 -0.86163 0.00000 -0.04410 0.11400 1 0 1.0
0 -0.22051 0.14170 0.43000 -0.50754 -0.86163 0.00000 -0.04410 0.08600 1 0 1.0
cl_black
0 -0.22051 0.14170 0.43000 -0.96815 -0.25038 0.00000 0.02834 0.08600 1 0 1.0
0 -0.22051 0.14170 0.57000 -0.96815 -0.25038 0.00000 0.02834 0.11400 1 0 1.0
0 -0.27417 0.34917 0.57000 -0.96815 -0.25038 0.00000 0.06983 0.11400 1 0 1.0
cl_black
0 -0.22051 0.14170 0.43000 -0.96815 -0.25038 0.00000 0.02834 0.08600 1 0 1.0
0 -0.27417 0.34917 0.57000 -0.96815 -0.25038 0.00000 0.06983 0.11400 1 0 1.0
0 -0.27417 0.34917 0.43000 -0.96815 -0.25038 0.00000 0.06983 0.08600 1 0 1.0
cl_black
0 0.00310 0.31020 0.85000 -0.37896 0.05326 0.92388 0.00062 0.06204 1 0 1.0
0 0.02259 0.44884 0.85000 -0.37896 0.05326 0.92388 0.00452 0.08977 1 0 1.0
0 -0.17347 0.47640 0.76799 -0.37896 0.05326 0.92388 -0.03469 0.09528 1 0 1.0
cl_black
0 0.00310 0.31020 0.85000 -0.37896 0.05326 0.92388 0.00062 0.06204 1 0 1.0
0 -0.17347 0.47640 0.76799 -0.37896 0.05326 0.92388 -0.03469 0.09528 1 0 1.0
0 -0.19296 0.33776 0.76799 -0.37896 0.05326 0.92388 -0.03859 0.06755 1 0 1.0
cl_black
0 -0.19296 0.33776 0.76799 -0.91489 0.12858 0.38268 0.06755 0.15360 1 0 1.0
0 -0.17347 0.47640 0.76799 -0.91489 0.12858 0.38268 0.09528 0.15360 1 0 1.0
0 -0.25469 0.48781 0.57000 -0.91489 0.12858 0.38268 0.09756 0.11400 1 0 1.0
cl_black
0 -0.19296 0.33776 0.76799 -0.91489 0.12858 0.38268 0.06755 0.15360 1 0 1.0
0 -0.25469 0.48781 0.57000 -0.91489 0.12858 0.38268 0.09756 0.11400 1 0 1.0
0 -0.27417 0.34917 0.57000 -0.91489 0.12858 0.38268 0.06983 0.11400 1 0 1.0
cl_black
0 0.06156 0.72612 0.57000 -0.25038 0.96815 -0.00000 0.01231 0.11400 1 0 1.0
0 0.06156 0.72612 0.43000 -0.25038 0.96815 -0.00000 0.01231 0.08600 1 0 1.0
0 -0.14592 0.67246 0.43000 -0.25038 0.96815 -0.00000 -0.02918 0.08600 1 0 1.0
cl_black
0 0.06156 0.72612 0.57000 -0.25038 0.96815 -0.00000 0.01231 0.11400 1 0 1.0
0 -0.14592 0.67246 0.43000 -0.25038 0.96815 -0.00000 -0.02918 0.08600 1 0 1.0
0 -0.14592 0.67246 0.57000 -0.25038 0.96815 -0.00000 -0.02918 0.11400 1 0 1.0
cl_black
0 -0.14592 0.67246 0.57000 -0.86163 0.50754 -0.00000 0.13449 0.11400 1 0 1.0
0 -0.14592 0.67246 0.43000 -0.86163 0.50754 -0.00000 0.13449 0.08600 1 0 1.0
0 -0.25469 0.48781 0.43000 -0.86163 0.50754 -0.00000 0.09756 0.08600 1 0 1.0
cl_black
0 -0.14592 0.67246 0.57000 -0.86163 0.50754 0.00000 0.13449 0.11400 1 0 1.0
0 -0.25469 0.48781 0.43000 -0.86163 0.50754 0.00000 0.09756 0.08600 1 0 1.0
0 -0.25469 0.48781 0.57000 -0.86163 0.50754 0.00000 0.09756 0.11400 1 0 1.0
cl_black
0 1.25052 0.27627 0.15000 0.05326 0.37896 -0.92388 0.25010 0.05525 1 0 1.0
0 0.02259 0.44884 0.15000 0.05326 0.37896 -0.92388 0.00452 0.08977 1 0 1.0
0 0.05014 0.64490 0.23201 0.05326 0.37896 -0.92388 0.01003 0.12898 1 0 1.0
cl_black
0 1.25052 0.27627 0.15000 0.05326 0.37896 -0.92388 0.25010 0.05525 1 0 1.0
0 0.05014 0.64490 0.23201 0.05326 0.37896 -0.92388 0.01003 0.12898 1 0 1.0
0 1.27808 0.47233 0.23201 0.05326 0.37896 -0.92388 0.25562 0.09447 1 0 1.0
cl_black
0 1.27808 0.47233 0.23201 0.12858 0.91489 -0.38268 0.25562 0.04640 1 0 1.0
0 0.05014 0.64490 0.23201 0.12858 0.91489 -0.38268 0.01003 0.04640 1 0 1.0
0 0.06156 0.72612 0.43000 0.12858 0.91489 -0.38268 0.01231 0.08600 1 0 1.0
cl_black
0 1.27808 0.47233 0.23201 0.12858 0.91489 -0.38268 0.25562 0.04640 1 0 1.0
0 0.06156 0.72612 0.43000 0.12858 0.91489 -0.38268 0.01231 0.08600 1 0 1.0
0 1.28949 0.55354 0.43000 0.12858 0.91489 -0.38268 0.25790 0.08600 1 0 1.0
cl_black
0 0.02259 0.44884 0.85000 0.05326 0.37896 0.92388 0.00452 0.08977 1 0 1.0
0 1.25052 0.27627 0.85000 0.05326 0.37896 0.92388 0.25010 0.05525 1 0 1.0
0 1.27808 0.47233 0.76799 0.05326 0.37896 0.92388 0.25562 0.09447 1 0 1.0
cl_black
0 0.02259 0.44884 0.85000 0.05326 0.37896 0.92388 0.00452 0.08977 1 0 1.0
0 1.27808 0.47233 0.76799 0.05326 0.37896 0.92388 0.25562 0.09447 1 0 1.0
0 0.05014 0.64490 0.76799 0.05326 0.37896 0.92388 0.01003 0.12898 1 0 1.0
cl_black
0 0.05014 0.64490 0.76799 0.12858 0.91489 0.38268 0.01003 0.15360 1 0 1.0
0 1.27808 0.47233 0.76799 0.12858 0.91489 0.38268 0.25562 0.15360 1 0 1.0
0 1.28949 0.55354 0.57000 0.12858 0.91489 0.38268 0.25790 0.11400 1 0 1.0
cl_black
0 0.05014 0.64490 0.76799 0.12858 0.91489 0.38268 0.01003 0.15360 1 0 1.0
0 1.28949 0.55354 0.57000 0.12858 0.91489 0.38268 0.25790 0.11400 1 0 1.0
0 0.06156 0.72612 0.57000 0.12858 0.91489 0.38268 0.01231 0.11400 1 0 1.0
cl_black
0 1.52780 0.23730 0.57000 0.96815 0.25038 0.00000 0.04746 0.11400 1 0 1.0
0 1.52780 0.23730 0.43000 0.96815 0.25038 0.00000 0.04746 0.08600 1 0 1.0
0 1.47414 0.44477 0.43000 0.96815 0.25038 0.00000 0.08895 0.08600 1 0 1.0
cl_black
0 1.52780 0.23730 0.57000 0.96815 0.25038 0.00000 0.04746 0.11400 1 0 1.0
0 1.47414 0.44477 0.43000 0.96815 0.25038 0.00000 0.08895 0.08600 1 0 1.0
0 1.47414 0.44477 0.57000 0.96815 0.25038 0.00000 0.08895 0.11400 1 0 1.0
cl_black
0 1.47414 0.44477 0.57000 0.50754 0.86163 0.00000 0.29483 0.11400 1 0 1.0
0 1.47414 0.44477 0.43000 0.50754 0.86163 0.00000 0.29483 0.08600 1 0 1.0
0 1.28949 0.55354 0.43000 0.50754 0.86163 0.00000 0.25790 0.08600 1 0 1.0
cl_black
0 1.47414 0.44477 0.57000 0.50754 0.86163 0.00000 0.29483 0.11400 1 0 1.0
0 1.28949 0.55354 0.43000 0.50754 0.86163 0.00000 0.25790 0.08600 1 0 1.0
0 1.28949 0.55354 0.57000 0.50754 0.86163 0.00000 0.25790 0.11400 1 0 1.0
cl_black
0 1.23104 0.13763 0.15000 0.37896 -0.05326 -0.92388 0.24621 0.02753 1 0 1.0
0 1.25052 0.27627 0.15000 0.37896 -0.05326 -0.92388 0.25010 0.05525 1 0 1.0
0 1.44658 0.24871 0.23201 0.37896 -0.05326 -0.92388 0.28932 0.04974 1 0 1.0
cl_black
0 1.23104 0.13763 0.15000 0.37896 -0.05326 -0.92388 0.24621 0.02753 1 0 1.0
0 1.44658 0.24871 0.23201 0.37896 -0.05326 -0.92388 0.28932 0.04974 1 0 1.0
0 1.42710 0.11007 0.23201 0.37896 -0.05326 -0.92388 0.28542 0.02201 1 0 1.0
cl_black
0 1.42710 0.11007 0.23201 0.91489 -0.12858 -0.38268 0.02201 0.04640 1 0 1.0
0 1.44658 0.24871 0.23201 0.91489 -0.12858 -0.38268 0.04974 0.04640 1 0 1.0
0 1.52780 0.23730 0.43000 0.91489 -0.12858 -0.38268 0.04746 0.08600 1 0 1.0
cl_black
0 1.42710 0.11007 0.23201 0.91489 -0.12858 -0.38268 0.02201 0.04640 1 0 1.0
0 1.52780 0.23730 0.43000 0.91489 -0.12858 -0.38268 0.04746 0.08600 1 0 1.0
0 1.50831 0.09866 0.43000 0.91489 -0.12858 -0.38268 0.01973 0.08600 1 0 1.0
cl_black
0 1.25052 0.27627 0.85000 0.37896 -0.05326 0.92388 0.25010 0.05525 1 0 1.0
0 1.23104 0.13763 0.85000 0.37896 -0.05326 0.92388 0.24621 0.02753 1 0 1.0
0 1.42710 0.11007 0.76799 0.37896 -0.05326 0.92388 0.28542 0.02201 1 0 1.0
cl_black
0 1.25052 0.27627 0.85000 0.37896 -0.05326 0.92388 0.25010 0.05525 1 0 1.0
0 1.42710 0.11007 0.76799 0.37896 -0.05326 0.92388 0.28542 0.02201 1 0 1.0
0 1.44658 0.24871 0.76799 0.37896 -0.05326 0.92388 0.28932 0.04974 1 0 1.0
cl_black
0 1.44658 0.24871 0.76799 0.91489 -0.12858 0.38268 0.04974 0.15360 1 0 1.0
0 1.42710 0.11007 0.76799 0.91489 -0.12858 0.38268 0.02201 0.15360 1 0 1.0
0 1.50831 0.09866 0.57000 0.91489 -0.12858 0.38268 0.01973 0.11400 1 0 1.0
cl_black
0 1.44658 0.24871 0.76799 0.91489 -0.12858 0.38268 0.04974 0.15360 1 0 1.0
0 1.50831 0.09866 0.57000 0.91489 -0.12858 0.38268 0.01973 0.11400 1 0 1.0
0 1.52780 0.23730 0.57000 0.91489 -0.12858 0.38268 0.04746 0.11400 1 0 1.0
cl_black
0 1.19207 -0.13965 0.57000 0.25038 -0.96815 0.00000 0.23841 0.11400 1 0 1.0
0 1.19207 -0.13965 0.43000 0.25038 -0.96815 0.00000 0.23841 0.08600 1 0 1.0
0 1.39954 -0.08599 0.43000 0.25038 -0.96815 0.00000 0.27991 0.08600 1 0 1.0
cl_black
0 1.19207 -0.13965 0.57000 0.25038 -0.96815 -0.00000 0.23841 0.11400 1 0 1.0
0 1.39954 -0.08599 0.43000 0.25038 -0.96815 -0.00000 0.27991 0.08600 1 0 1.0
0 1.39954 -0.08599 0.57000 0.25038 -0.96815 -0.00000 0.27991 0.11400 1 0 1.0
cl_black
0 1.39954 -0.08599 0.57000 0.86163 -0.50754 -0.00000 -0.01720 0.11400 1 0 1.0
0 1.39954 -0.08599 0.43000 0.86163 -0.50754 -0.00000 -0.01720 0.08600 1 0 1.0
0 1.50831 0.09866 0.43000 0.86163 -0.50754 -0.00000 0.01973 0.08600 1 0 1.0
cl_black
0 1.39954 -0.08599 0.57000 0.86163 -0.50754 0.00000 -0.01720 0.11400 1 0 1.0
0 1.50831 0.09866 0.43000 0.86163 -0.50754 0.00000 0.01973 0.08600 1 0 1.0
0 1.50831 0.09866 0.57000 0.86163 -0.50754 0.00000 0.01973 0.11400 1 0 1.0
cl_black
0 0.00310 0.31020 0.15000 -0.05326 -0.37896 -0.92388 0.00062 0.06204 1 0 1.0
0 1.23104 0.13763 0.15000 -0.05326 -0.37896 -0.92388 0.24621 0.02753 1 0 1.0
0 1.20348 -0.05843 0.23201 -0.05326 -0.37896 -0.92388 0.24070 -0.01169 1 0 1.0
cl_black
0 0.00310 0.31020 0.15000 -0.05326 -0.37896 -0.92388 0.00062 0.06204 1 0 1.0
0 1.20348 -0.05843 0.23201 -0.05326 -0.37896 -0.92388 0.24070 -0.01169 1 0 1.0
0 -0.02445 0.11414 0.23201 -0.05326 -0.37896 -0.92388 -0.00489 0.02283 1 0 1.0
cl_black
0 -0.02445 0.11414 0.23201 -0.12858 -0.91489 -0.38268 -0.00489 0.04640 1 0 1.0
0 1.20348 -0.05843 0.23201 -0.12858 -0.91489 -0.38268 0.24070 0.04640 1 0 1.0
0 1.19207 -0.13965 0.43000 -0.12858 -0.91489 -0.38268 0.23841 0.08600 1 0 1.0
cl_black
0 -0.02445 0.11414 0.23201 -0.12858 -0.91489 -0.38268 -0.00489 0.04640 1 0 1.0
0 1.19207 -0.13965 0.43000 -0.12858 -0.91489 -0.38268 0.23841 0.08600 1 0 1.0
0 -0.03586 0.03293 0.43000 -0.12858 -0.91489 -0.38268 -0.00717 0.08600 1 0 1.0
cl_black
0 1.23104 0.13763 0.85000 -0.05326 -0.37896 0.92388 0.24621 0.02753 1 0 1.0
0 0.00310 0.31020 0.85000 -0.05326 -0.37896 0.92388 0.00062 0.06204 1 0 1.0
0 -0.02445 0.11414 0.76799 -0.05326 -0.37896 0.92388 -0.00489 0.02283 1 0 1.0
cl_black
0 1.23104 0.13763 0.85000 -0.05326 -0.37896 0.92388 0.24621 0.02753 1 0 1.0
0 -0.02445 0.11414 0.76799 -0.05326 -0.37896 0.92388 -0.00489 0.02283 1 0 1.0
0 1.20348 -0.05843 0.76799 -0.05326 -0.37896 0.92388 0.24070 -0.01169 1 0 1.0
cl_black
0 1.20348 -0.05843 0.76799 -0.12858 -0.91489 0.38268 0.24070 0.15360 1 0 1.0
0 -0.02445 0.11414 0.76799 -0.12858 -0.91489 0.38268 -0.00489 0.15360 1 0 1.0
0 -0.03586 0.03293 0.57000 -0.12858 -0.91489 0.38268 -0.00717 0.11400 1 0 1.0
cl_black
0 1.20348 -0.05843 0.76799 -0.12858 -0.91489 0.38268 0.24070 0.15360 1 0 1.0
0 -0.03586 0.03293 0.57000 -0.12858 -0.91489 0.38268 -0.00717 0.11400 1 0 1.0
0 1.19207 -0.13965 0.57000 -0.12858 -0.91489 0.38268 0.23841 0.11400 1 0 1.0
cl_black
0 0.02259 0.44884 0.15000 0.00000 0.00000 -1.00000 0.00452 0.08977 1 0 1.0
0 1.25052 0.27627 0.15000 0.00000 0.00000 -1.00000 0.25010 0.05525 1 0 1.0
0 1.23104 0.13763 0.15000 0.00000 0.00000 -1.00000 0.24621 0.02753 1 0 1.0
cl_black
0 0.02259 0.44884 0.15000 0.00000 0.00000 -1.00000 0.00452 0.08977 1 0 1.0
0 1.23104 0.13763 0.15000 0.00000 0.00000 -1.00000 0.24621 0.02753 1 0 1.0
0 0.00310 0.31020 0.15000 0.00000 0.00000 -1.00000 0.00062 0.06204 1 0 1.0
cl_black
0 -0.27417 0.34917 0.43000 -0.99027 0.13917 0.00000 0.06983 0.08600 1 0 1.0
0 -0.27417 0.34917 0.57000 -0.99027 0.13917 0.00000 0.06983 0.11400 1 0 1.0
0 -0.25469 0.48781 0.57000 -0.99027 0.13917 0.00000 0.09756 0.11400 1 0 1.0
cl_black
0 -0.27417 0.34917 0.43000 -0.99027 0.13917 0.00000 0.06983 0.08600 1 0 1.0
0 -0.25469 0.48781 0.57000 -0.99027 0.13917 0.00000 0.09756 0.11400 1 0 1.0
0 -0.25469 0.48781 0.43000 -0.99027 0.13917 0.00000 0.09756 0.08600 1 0 1.0
cl_black
0 1.19207 -0.13965 0.43000 -0.13917 -0.99027 0.00000 0.23841 0.08600 1 0 1.0
0 1.19207 -0.13965 0.57000 -0.13917 -0.99027 0.00000 0.23841 0.11400 1 0 1.0
0 -0.03586 0.03293 0.57000 -0.13917 -0.99027 0.00000 -0.00717 0.11400 1 0 1.0
cl_black
0 1.19207 -0.13965 0.43000 -0.13917 -0.99027 0.00000 0.23841 0.08600 1 0 1.0
0 -0.03586 0.03293 0.57000 -0.13917 -0.99027 0.00000 -0.00717 0.11400 1 0 1.0
0 -0.03586 0.03293 0.43000 -0.13917 -0.99027 0.00000 -0.00717 0.08600 1 0 1.0
cl_black
0 1.25052 0.27627 0.85000 0.00000 0.00000 1.00000 0.25010 0.05525 1 0 1.0
0 0.02259 0.44884 0.85000 0.00000 0.00000 1.00000 0.00452 0.08977 1 0 1.0
0 0.00310 0.31020 0.85000 0.00000 0.00000 1.00000 0.00062 0.06204 1 0 1.0
cl_black
0 1.25052 0.27627 0.85000 0.00000 0.00000 1.00000 0.25010 0.05525 1 0 1.0
0 0.00310 0.31020 0.85000 0.00000 0.00000 1.00000 0.00062 0.06204 1 0 1.0
0 1.23104 0.13763 0.85000 0.00000 0.00000 1.00000 0.24621 0.02753 1 0 1.0
cl_black
0 0.06156 0.72612 0.43000 0.13917 0.99027 0.00000 0.01231 0.08600 1 0 1.0
0 0.06156 0.72612 0.57000 0.13917 0.99027 0.00000 0.01231 0.11400 1 0 1.0
0 1.28949 0.55354 0.57000 0.13917 0.99027 0.00000 0.25790 0.11400 1 0 1.0
cl_black
0 0.06156 0.72612 0.43000 0.13917 0.99027 0.00000 0.01231 0.08600 1 0 1.0
0 1.28949 0.55354 0.57000 0.13917 0.99027 0.00000 0.25790 0.11400 1 0 1.0
0 1.28949 0.55354 0.43000 0.13917 0.99027 0.00000 0.25790 0.08600 1 0 1.0
cl_black
0 1.52780 0.23730 0.43000 0.99027 -0.13917 0.00000 0.04746 0.08600 1 0 1.0
0 1.52780 0.23730 0.57000 0.99027 -0.13917 0.00000 0.04746 0.11400 1 0 1.0
0 1.50831 0.09866 0.57000 0.99027 -0.13917 0.00000 0.01973 0.11400 1 0 1.0
cl_black
0 1.52780 0.23730 0.43000 0.99027 -0.13917 0.00000 0.04746 0.08600 1 0 1.0
0 1.50831 0.09866 0.57000 0.99027 -0.13917 0.00000 0.01973 0.11400 1 0 1.0
0 1.50831 0.09866 0.43000 0.99027 -0.13917 0.00000 0.01973 0.08600 1 0 1.0
cl_black
0 -2.89024 1.49440 0.00000 -0.33011 -0.32439 -0.88645 -0.57805 0.29888 1 0 1.0
0 -2.92469 1.24933 0.10251 -0.33011 -0.32439 -0.88645 -0.58494 0.24987 1 0 1.0
0 -3.11847 1.32242 0.14793 -0.33011 -0.32439 -0.88645 -0.62369 0.26448 1 0 1.0
cl_black
0 -2.89024 1.49440 0.00000 -0.40282 -0.22790 -0.88645 -0.57805 0.29888 1 0 1.0
0 -3.11847 1.32242 0.14793 -0.40282 -0.22790 -0.88645 -0.62369 0.26448 1 0 1.0
0 -3.13532 1.52885 0.10251 -0.40282 -0.22790 -0.88645 -0.62706 0.30577 1 0 1.0
cl_black
0 -2.93896 1.14781 0.35000 -0.48698 -0.82672 -0.28175 -0.58779 0.07000 1 0 1.0
0 -3.16977 1.28377 0.35000 -0.48698 -0.82672 -0.28175 -0.63395 0.07000 1 0 1.0
0 -3.11847 1.32242 0.14793 -0.48698 -0.82672 -0.28175 -0.62369 0.02959 1 0 1.0
cl_black
0 -2.93896 1.14781 0.35000 -0.40238 -0.83861 -0.36718 -0.58779 0.07000 1 0 1.0
0 -3.11847 1.32242 0.14793 -0.40238 -0.83861 -0.36718 -0.62369 0.02959 1 0 1.0
0 -2.92469 1.24933 0.10251 -0.40238 -0.83861 -0.36718 -0.58494 0.02050 1 0 1.0
cl_black
0 -3.23684 1.54312 0.35000 -0.91704 -0.15563 -0.36718 0.30862 0.07000 1 0 1.0
0 -3.13532 1.52885 0.10251 -0.91704 -0.15563 -0.36718 0.30577 0.02050 1 0 1.0
0 -3.11847 1.32242 0.14793 -0.91704 -0.15563 -0.36718 0.26448 0.02959 1 0 1.0
cl_black
0 -3.23684 1.54312 0.35000 -0.92893 -0.24024 -0.28175 0.30862 0.07000 1 0 1.0
0 -3.11847 1.32242 0.14793 -0.92893 -0.24024 -0.28175 0.26448 0.02959 1 0 1.0
0 -3.16977 1.28377 0.35000 -0.92893 -0.24024 -0.28175 0.25675 0.07000 1 0 1.0
cl_black
0 -2.93896 1.14781 0.65000 -0.40238 -0.83861 0.36718 -0.58779 0.13000 1 0 1.0
0 -2.92469 1.24933 0.89749 -0.40238 -0.83861 0.36718 -0.58494 0.17950 1 0 1.0
0 -3.11847 1.32242 0.85207 -0.40238 -0.83861 0.36718 -0.62369 0.17041 1 0 1.0
cl_black
0 -2.93896 1.14781 0.65000 -0.48698 -0.82672 0.28175 -0.58779 0.13000 1 0 1.0
0 -3.11847 1.32242 0.85207 -0.48698 -0.82672 0.28175 -0.62369 0.17041 1 0 1.0
0 -3.16977 1.28377 0.65000 -0.48698 -0.82672 0.28175 -0.63395 0.13000 1 0 1.0
cl_black
0 -2.89024 1.49440 1.00000 -0.40282 -0.22790 0.88645 -0.57805 0.29888 1 0 1.0
0 -3.13532 1.52885 0.89749 -0.40282 -0.22790 0.88645 -0.62706 0.30577 1 0 1.0
0 -3.11847 1.32242 0.85207 -0.40282 -0.22790 0.88645 -0.62369 0.26448 1 0 1.0
cl_black
0 -2.89024 1.49440 1.00000 -0.33011 -0.32440 0.88645 -0.57805 0.29888 1 0 1.0
0 -3.11847 1.32242 0.85207 -0.33011 -0.32440 0.88645 -0.62369 0.26448 1 0 1.0
0 -2.92469 1.24933 0.89749 -0.33011 -0.32440 0.88645 -0.58494 0.24987 1 0 1.0
cl_black
0 -3.23684 1.54312 0.65000 -0.92893 -0.24024 0.28175 0.30862 0.13000 1 0 1.0
0 -3.16977 1.28377 0.65000 -0.92893 -0.24024 0.28175 0.25675 0.13000 1 0 1.0
0 -3.11847 1.32242 0.85207 -0.92893 -0.24024 0.28175 0.26448 0.17041 1 0 1.0
cl_black
0 -3.23684 1.54312 0.65000 -0.91704 -0.15563 0.36718 0.30862 0.13000 1 0 1.0
0 -3.11847 1.32242 0.85207 -0.91704 -0.15563 0.36718 0.26448 0.17041 1 0 1.0
0 -3.13532 1.52885 0.89749 -0.91704 -0.15563 0.36718 0.30577 0.17950 1 0 1.0
cl_black
0 -2.55623 3.87105 0.00000 -0.32439 0.33011 -0.88645 -0.51125 0.77421 1 0 1.0
0 -2.80131 3.90549 0.10251 -0.32439 0.33011 -0.88645 -0.56026 0.78110 1 0 1.0
0 -2.72821 4.09928 0.14793 -0.32439 0.33011 -0.88645 -0.54564 0.81986 1 0 1.0
cl_black
0 -2.55623 3.87105 0.00000 -0.22790 0.40282 -0.88645 -0.51125 0.77421 1 0 1.0
0 -2.72821 4.09928 0.14793 -0.22790 0.40282 -0.88645 -0.54564 0.81986 1 0 1.0
0 -2.52179 4.11613 0.10251 -0.22790 0.40282 -0.88645 -0.50436 0.82323 1 0 1.0
cl_black
0 -2.90282 3.91976 0.35000 -0.82672 0.48698 -0.28175 0.78395 0.07000 1 0 1.0
0 -2.76686 4.15057 0.35000 -0.82672 0.48698 -0.28175 0.83011 0.07000 1 0 1.0
0 -2.72821 4.09928 0.14793 -0.82672 0.48698 -0.28175 0.81986 0.02959 1 0 1.0
cl_black
0 -2.90282 3.91976 0.35000 -0.83861 0.40238 -0.36718 0.78395 0.07000 1 0 1.0
0 -2.72821 4.09928 0.14793 -0.83861 0.40238 -0.36718 0.81986 0.02959 1 0 1.0
0 -2.80131 3.90549 0.10251 -0.83861 0.40238 -0.36718 0.78110 0.02050 1 0 1.0
cl_black
0 -2.50752 4.21764 0.35000 -0.15564 0.91704 -0.36718 -0.50150 0.07000 1 0 1.0
0 -2.52179 4.11613 0.10251 -0.15564 0.91704 -0.36718 -0.50436 0.02050 1 0 1.0
0 -2.72821 4.09928 0.14793 -0.15564 0.91704 -0.36718 -0.54564 0.02959 1 0 1.0
cl_black
0 -2.50752 4.21764 0.35000 -0.24024 0.92893 -0.28175 -0.50150 0.07000 1 0 1.0
0 -2.72821 4.09928 0.14793 -0.24024 0.92893 -0.28175 -0.54564 0.02959 1 0 1.0
0 -2.76686 4.15057 0.35000 -0.24024 0.92893 -0.28175 -0.55337 0.07000 1 0 1.0
cl_black
0 -2.55623 3.87105 1.00000 -0.22790 0.40282 0.88645 -0.51125 0.77421 1 0 1.0
0 -2.52179 4.11613 0.89749 -0.22790 0.40282 0.88645 -0.50436 0.82323 1 0 1.0
0 -2.72821 4.09928 0.85207 -0.22790 0.40282 0.88645 -0.54564 0.81986 1 0 1.0
cl_black
0 -2.55623 3.87105 1.00000 -0.32439 0.33011 0.88645 -0.51125 0.77421 1 0 1.0
0 -2.72821 4.09928 0.85207 -0.32439 0.33011 0.88645 -0.54564 0.81986 1 0 1.0
0 -2.80131 3.90549 0.89749 -0.32439 0.33011 0.88645 -0.56026 0.78110 1 0 1.0
cl_black
0 -2.50752 4.21764 0.65000 -0.24024 0.92893 0.28175 -0.50150 0.13000 1 0 1.0
0 -2.76686 4.15057 0.65000 -0.24024 0.92893 0.28175 -0.55337 0.13000 1 0 1.0
0 -2.72821 4.09928 0.85207 -0.24024 0.92893 0.28175 -0.54564 0.17041 1 0 1.0
cl_black
0 -2.50752 4.21764 0.65000 -0.15564 0.91704 0.36718 -0.50150 0.13000 1 0 1.0
0 -2.72821 4.09928 0.85207 -0.15564 0.91704 0.36718 -0.54564 0.17041 1 0 1.0
0 -2.52179 4.11613 0.89749 -0.15564 0.91704 0.36718 -0.50436 0.17950 1 0 1.0
cl_black
0 -2.90282 3.91976 0.65000 -0.83861 0.40238 0.36718 0.78395 0.13000 1 0 1.0
0 -2.80131 3.90549 0.89749 -0.83861 0.40238 0.36718 0.78110 0.17950 1 0 1.0
0 -2.72821 4.09928 0.85207 -0.83861 0.40238 0.36718 0.81986 0.17041 1 0 1.0
cl_black
0 -2.90282 3.91976 0.65000 -0.82672 0.48698 0.28175 0.78395 0.13000 1 0 1.0
0 -2.72821 4.09928 0.85207 -0.82672 0.48698 0.28175 0.81986 0.17041 1 0 1.0
0 -2.76686 4.15057 0.65000 -0.82672 0.48698 0.28175 0.83011 0.13000 1 0 1.0
cl_black
0 -1.99900 1.36915 0.00000 0.32440 -0.33011 -0.88645 -0.39980 0.27383 1 0 1.0
0 -1.75392 1.33470 0.10251 0.32440 -0.33011 -0.88645 -0.35078 0.26694 1 0 1.0
0 -1.82702 1.14092 0.14793 0.32440 -0.33011 -0.88645 -0.36540 0.22818 1 0 1.0
cl_black
0 -1.99900 1.36915 0.00000 0.22790 -0.40282 -0.88645 -0.39980 0.27383 1 0 1.0
0 -1.82702 1.14092 0.14793 0.22790 -0.40282 -0.88645 -0.36540 0.22818 1 0 1.0
0 -2.03345 1.12407 0.10251 0.22790 -0.40282 -0.88645 -0.40669 0.22481 1 0 1.0
cl_black
0 -1.65241 1.32044 0.35000 0.82672 -0.48698 -0.28175 0.26409 0.07000 1 0 1.0
0 -1.78837 1.08963 0.35000 0.82672 -0.48698 -0.28175 0.21793 0.07000 1 0 1.0
0 -1.82702 1.14092 0.14793 0.82672 -0.48698 -0.28175 0.22818 0.02959 1 0 1.0
cl_black
0 -1.65241 1.32044 0.35000 0.83861 -0.40238 -0.36718 0.26409 0.07000 1 0 1.0
0 -1.82702 1.14092 0.14793 0.83861 -0.40238 -0.36718 0.22818 0.02959 1 0 1.0
0 -1.75392 1.33470 0.10251 0.83861 -0.40238 -0.36718 0.26694 0.02050 1 0 1.0
cl_black
0 -2.04771 1.02255 0.35000 0.15564 -0.91704 -0.36718 -0.40954 0.07000 1 0 1.0
0 -2.03345 1.12407 0.10251 0.15564 -0.91704 -0.36718 -0.40669 0.02050 1 0 1.0
0 -1.82702 1.14092 0.14793 0.15564 -0.91704 -0.36718 -0.36540 0.02959 1 0 1.0
cl_black
0 -2.04771 1.02255 0.35000 0.24024 -0.92893 -0.28175 -0.40954 0.07000 1 0 1.0
0 -1.82702 1.14092 0.14793 0.24024 -0.92893 -0.28175 -0.36540 0.02959 1 0 1.0
0 -1.78837 1.08963 0.35000 0.24024 -0.92893 -0.28175 -0.35767 0.07000 1 0 1.0
cl_black
0 -1.99900 1.36915 1.00000 0.22790 -0.40282 0.88645 -0.39980 0.27383 1 0 1.0
0 -2.03345 1.12407 0.89749 0.22790 -0.40282 0.88645 -0.40669 0.22481 1 0 1.0
0 -1.82702 1.14092 0.85207 0.22790 -0.40282 0.88645 -0.36540 0.22818 1 0 1.0
cl_black
0 -1.99900 1.36915 1.00000 0.32439 -0.33011 0.88645 -0.39980 0.27383 1 0 1.0
0 -1.82702 1.14092 0.85207 0.32439 -0.33011 0.88645 -0.36540 0.22818 1 0 1.0
0 -1.75392 1.33470 0.89749 0.32439 -0.33011 0.88645 -0.35078 0.26694 1 0 1.0
cl_black
0 -2.04771 1.02255 0.65000 0.24024 -0.92893 0.28175 -0.40954 0.13000 1 0 1.0
0 -1.78837 1.08963 0.65000 0.24024 -0.92893 0.28175 -0.35767 0.13000 1 0 1.0
0 -1.82702 1.14092 0.85207 0.24024 -0.92893 0.28175 -0.36540 0.17041 1 0 1.0
cl_black
0 -2.04771 1.02255 0.65000 0.15564 -0.91704 0.36718 -0.40954 0.13000 1 0 1.0
0 -1.82702 1.14092 0.85207 0.15564 -0.91704 0.36718 -0.36540 0.17041 1 0 1.0
0 -2.03345 1.12407 0.89749 0.15564 -0.91704 0.36718 -0.40669 0.17950 1 0 1.0
cl_black
0 -1.65241 1.32044 0.65000 0.83861 -0.40238 0.36718 0.26409 0.13000 1 0 1.0
0 -1.75392 1.33470 0.89749 0.83861 -0.40238 0.36718 0.26694 0.17950 1 0 1.0
0 -1.82702 1.14092 0.85207 0.83861 -0.40238 0.36718 0.22818 0.17041 1 0 1.0
cl_black
0 -1.65241 1.32044 0.65000 0.82672 -0.48698 0.28175 0.26409 0.13000 1 0 1.0
0 -1.82702 1.14092 0.85207 0.82672 -0.48698 0.28175 0.22818 0.17041 1 0 1.0
0 -1.78837 1.08963 0.65000 0.82672 -0.48698 0.28175 0.21793 0.13000 1 0 1.0
cl_black
0 -1.66499 3.74579 0.00000 0.33011 0.32440 -0.88645 -0.33300 0.74916 1 0 1.0
0 -1.63054 3.99087 0.10251 0.33011 0.32440 -0.88645 -0.32611 0.79817 1 0 1.0
0 -1.43676 3.91777 0.14793 0.33011 0.32440 -0.88645 -0.28735 0.78355 1 0 1.0
cl_black
0 -1.66499 3.74579 0.00000 0.40282 0.22790 -0.88645 -0.33300 0.74916 1 0 1.0
0 -1.43676 3.91777 0.14793 0.40282 0.22790 -0.88645 -0.28735 0.78355 1 0 1.0
0 -1.41991 3.71135 0.10251 0.40282 0.22790 -0.88645 -0.28398 0.74227 1 0 1.0
cl_black
0 -1.61628 4.09239 0.35000 0.48698 0.82672 -0.28175 -0.32326 0.07000 1 0 1.0
0 -1.38547 3.95643 0.35000 0.48698 0.82672 -0.28175 -0.27709 0.07000 1 0 1.0
0 -1.43676 3.91777 0.14793 0.48698 0.82672 -0.28175 -0.28735 0.02959 1 0 1.0
cl_black
0 -1.61628 4.09239 0.35000 0.40238 0.83861 -0.36718 -0.32326 0.07000 1 0 1.0
0 -1.43676 3.91777 0.14793 0.40238 0.83861 -0.36718 -0.28735 0.02959 1 0 1.0
0 -1.63054 3.99087 0.10251 0.40238 0.83861 -0.36718 -0.32611 0.02050 1 0 1.0
cl_black
0 -1.31839 3.69708 0.35000 0.91704 0.15563 -0.36718 0.73942 0.07000 1 0 1.0
0 -1.41991 3.71135 0.10251 0.91704 0.15563 -0.36718 0.74227 0.02050 1 0 1.0
0 -1.43676 3.91777 0.14793 0.91704 0.15563 -0.36718 0.78355 0.02959 1 0 1.0
cl_black
0 -1.31839 3.69708 0.35000 0.92893 0.24024 -0.28175 0.73942 0.07000 1 0 1.0
0 -1.43676 3.91777 0.14793 0.92893 0.24024 -0.28175 0.78355 0.02959 1 0 1.0
0 -1.38547 3.95643 0.35000 0.92893 0.24024 -0.28175 0.79129 0.07000 1 0 1.0
cl_black
0 -1.66499 3.74579 1.00000 0.40282 0.22790 0.88645 -0.33300 0.74916 1 0 1.0
0 -1.41991 3.71135 0.89749 0.40282 0.22790 0.88645 -0.28398 0.74227 1 0 1.0
0 -1.43676 3.91777 0.85207 0.40282 0.22790 0.88645 -0.28735 0.78355 1 0 1.0
cl_black
0 -1.66499 3.74579 1.00000 0.33011 0.32440 0.88645 -0.33300 0.74916 1 0 1.0
0 -1.43676 3.91777 0.85207 0.33011 0.32440 0.88645 -0.28735 0.78355 1 0 1.0
0 -1.63054 3.99087 0.89749 0.33011 0.32440 0.88645 -0.32611 0.79817 1 0 1.0
cl_black
0 -1.31839 3.69708 0.65000 0.92893 0.24024 0.28175 0.73942 0.13000 1 0 1.0
0 -1.38547 3.95643 0.65000 0.92893 0.24024 0.28175 0.79129 0.13000 1 0 1.0
0 -1.43676 3.91777 0.85207 0.92893 0.24024 0.28175 0.78355 0.17041 1 0 1.0
cl_black
0 -1.31839 3.69708 0.65000 0.91704 0.15563 0.36718 0.73942 0.13000 1 0 1.0
0 -1.43676 3.91777 0.85207 0.91704 0.15563 0.36718 0.78355 0.17041 1 0 1.0
0 -1.41991 3.71135 0.89749 0.91704 0.15563 0.36718 0.74227 0.17950 1 0 1.0
cl_black
0 -1.61628 4.09239 0.65000 0.40238 0.83861 0.36718 -0.32326 0.13000 1 0 1.0
0 -1.63054 3.99087 0.89749 0.40238 0.83861 0.36718 -0.32611 0.17950 1 0 1.0
0 -1.43676 3.91777 0.85207 0.40238 0.83861 0.36718 -0.28735 0.17041 1 0 1.0
cl_black
0 -1.61628 4.09239 0.65000 0.48698 0.82672 0.28175 -0.32326 0.13000 1 0 1.0
0 -1.43676 3.91777 0.85207 0.48698 0.82672 0.28175 -0.28735 0.17041 1 0 1.0
0 -1.38547 3.95643 0.65000 0.48698 0.82672 0.28175 -0.27709 0.13000 1 0 1.0
cl_black
0 -2.55623 3.87105 0.00000 -0.37896 0.05326 -0.92388 -0.51125 0.77421 1 0 1.0
0 -2.89024 1.49440 0.00000 -0.37896 0.05326 -0.92388 -0.57805 0.29888 1 0 1.0
0 -3.13532 1.52885 0.10251 -0.37896 0.05326 -0.92388 -0.62706 0.30577 1 0 1.0
cl_black
0 -2.55623 3.87105 0.00000 -0.37896 0.05326 -0.92388 -0.51125 0.77421 1 0 1.0
0 -3.13532 1.52885 0.10251 -0.37896 0.05326 -0.92388 -0.62706 0.30577 1 0 1.0
0 -2.80131 3.90549 0.10251 -0.37896 0.05326 -0.92388 -0.56026 0.78110 1 0 1.0
cl_black
0 -2.80131 3.90549 0.10251 -0.91489 0.12858 -0.38268 0.78110 0.02050 1 0 1.0
0 -3.13532 1.52885 0.10251 -0.91489 0.12858 -0.38268 0.30577 0.02050 1 0 1.0
0 -3.23684 1.54312 0.35000 -0.91489 0.12858 -0.38268 0.30862 0.07000 1 0 1.0
cl_black
0 -2.80131 3.90549 0.10251 -0.91489 0.12858 -0.38268 0.78110 0.02050 1 0 1.0
0 -3.23684 1.54312 0.35000 -0.91489 0.12858 -0.38268 0.30862 0.07000 1 0 1.0
0 -2.90282 3.91976 0.35000 -0.91489 0.12858 -0.38268 0.78395 0.07000 1 0 1.0
cl_black
0 -2.93896 1.14781 0.35000 -0.50754 -0.86163 0.00000 -0.58779 0.07000 1 0 1.0
0 -2.93896 1.14781 0.65000 -0.50754 -0.86163 0.00000 -0.58779 0.13000 1 0 1.0
0 -3.16977 1.28377 0.65000 -0.50754 -0.86163 0.00000 -0.63395 0.13000 1 0 1.0
cl_black
0 -2.93896 1.14781 0.35000 -0.50754 -0.86163 0.00000 -0.58779 0.07000 1 0 1.0
0 -3.16977 1.28377 0.65000 -0.50754 -0.86163 0.00000 -0.63395 0.13000 1 0 1.0
0 -3.16977 1.28377 0.35000 -0.50754 -0.86163 0.00000 -0.63395 0.07000 1 0 1.0
cl_black
0 -3.16977 1.28377 0.35000 -0.96815 -0.25038 0.00000 0.25675 0.07000 1 0 1.0
0 -3.16977 1.28377 0.65000 -0.96815 -0.25038 0.00000 0.25675 0.13000 1 0 1.0
0 -3.23684 1.54312 0.65000 -0.96815 -0.25038 0.00000 0.30862 0.13000 1 0 1.0
cl_black
0 -3.16977 1.28377 0.35000 -0.96815 -0.25038 0.00000 0.25675 0.07000 1 0 1.0
0 -3.23684 1.54312 0.65000 -0.96815 -0.25038 0.00000 0.30862 0.13000 1 0 1.0
0 -3.23684 1.54312 0.35000 -0.96815 -0.25038 0.00000 0.30862 0.07000 1 0 1.0
cl_black
0 -2.89024 1.49440 1.00000 -0.37896 0.05326 0.92388 -0.57805 0.29888 1 0 1.0
0 -2.55623 3.87105 1.00000 -0.37896 0.05326 0.92388 -0.51125 0.77421 1 0 1.0
0 -2.80131 3.90549 0.89749 -0.37896 0.05326 0.92388 -0.56026 0.78110 1 0 1.0
cl_black
0 -2.89024 1.49440 1.00000 -0.37896 0.05326 0.92388 -0.57805 0.29888 1 0 1.0
0 -2.80131 3.90549 0.89749 -0.37896 0.05326 0.92388 -0.56026 0.78110 1 0 1.0
0 -3.13532 1.52885 0.89749 -0.37896 0.05326 0.92388 -0.62706 0.30577 1 0 1.0
cl_black
0 -3.13532 1.52885 0.89749 -0.91489 0.12858 0.38268 0.30577 0.17950 1 0 1.0
0 -2.80131 3.90549 0.89749 -0.91489 0.12858 0.38268 0.78110 0.17950 1 0 1.0
0 -2.90282 3.91976 0.65000 -0.91489 0.12858 0.38268 0.78395 0.13000 1 0 1.0
cl_black
0 -3.13532 1.52885 0.89749 -0.91489 0.12858 0.38268 0.30577 0.17950 1 0 1.0
0 -2.90282 3.91976 0.65000 -0.91489 0.12858 0.38268 0.78395 0.13000 1 0 1.0
0 -3.23684 1.54312 0.65000 -0.91489 0.12858 0.38268 0.30862 0.13000 1 0 1.0
cl_black
0 -2.50752 4.21764 0.65000 -0.25038 0.96815 0.00000 -0.50150 0.13000 1 0 1.0
0 -2.50752 4.21764 0.35000 -0.25038 0.96815 0.00000 -0.50150 0.07000 1 0 1.0
0 -2.76686 4.15057 0.35000 -0.25038 0.96815 0.00000 -0.55337 0.07000 1 0 1.0
cl_black
0 -2.50752 4.21764 0.65000 -0.25038 0.96815 0.00000 -0.50150 0.13000 1 0 1.0
0 -2.76686 4.15057 0.35000 -0.25038 0.96815 0.00000 -0.55337 0.07000 1 0 1.0
0 -2.76686 4.15057 0.65000 -0.25038 0.96815 0.00000 -0.55337 0.13000 1 0 1.0
cl_black
0 -2.76686 4.15057 0.65000 -0.86163 0.50754 0.00000 0.83011 0.13000 1 0 1.0
0 -2.76686 4.15057 0.35000 -0.86163 0.50754 0.00000 0.83011 0.07000 1 0 1.0
0 -2.90282 3.91976 0.35000 -0.86163 0.50754 0.00000 0.78395 0.07000 1 0 1.0
cl_black
0 -2.76686 4.15057 0.65000 -0.86163 0.50754 0.00000 0.83011 0.13000 1 0 1.0
0 -2.90282 3.91976 0.35000 -0.86163 0.50754 0.00000 0.78395 0.07000 1 0 1.0
0 -2.90282 3.91976 0.65000 -0.86163 0.50754 0.00000 0.78395 0.13000 1 0 1.0
cl_black
0 -1.66499 3.74579 0.00000 0.05326 0.37896 -0.92388 -0.33300 0.74916 1 0 1.0
0 -2.55623 3.87105 0.00000 0.05326 0.37896 -0.92388 -0.51125 0.77421 1 0 1.0
0 -2.52179 4.11613 0.10251 0.05326 0.37896 -0.92388 -0.50436 0.82323 1 0 1.0
cl_black
0 -1.66499 3.74579 0.00000 0.05326 0.37896 -0.92388 -0.33300 0.74916 1 0 1.0
0 -2.52179 4.11613 0.10251 0.05326 0.37896 -0.92388 -0.50436 0.82323 1 0 1.0
0 -1.63054 3.99087 0.10251 0.05326 0.37896 -0.92388 -0.32611 0.79817 1 0 1.0
cl_black
0 -1.63054 3.99087 0.10251 0.12858 0.91489 -0.38268 -0.32611 0.02050 1 0 1.0
0 -2.52179 4.11613 0.10251 0.12858 0.91489 -0.38268 -0.50436 0.02050 1 0 1.0
0 -2.50752 4.21764 0.35000 0.12858 0.91489 -0.38268 -0.50150 0.07000 1 0 1.0
cl_black
0 -1.63054 3.99087 0.10251 0.12858 0.91489 -0.38268 -0.32611 0.02050 1 0 1.0
0 -2.50752 4.21764 0.35000 0.12858 0.91489 -0.38268 -0.50150 0.07000 1 0 1.0
0 -1.61628 4.09239 0.35000 0.12858 0.91489 -0.38268 -0.32326 0.07000 1 0 1.0
cl_black
0 -2.55623 3.87105 1.00000 0.05326 0.37896 0.92388 -0.51125 0.77421 1 0 1.0
0 -1.66499 3.74579 1.00000 0.05326 0.37896 0.92388 -0.33300 0.74916 1 0 1.0
0 -1.63054 3.99087 0.89749 0.05326 0.37896 0.92388 -0.32611 0.79817 1 0 1.0
cl_black
0 -2.55623 3.87105 1.00000 0.05326 0.37896 0.92388 -0.51125 0.77421 1 0 1.0
0 -1.63054 3.99087 0.89749 0.05326 0.37896 0.92388 -0.32611 0.79817 1 0 1.0
0 -2.52179 4.11613 0.89749 0.05326 0.37896 0.92388 -0.50436 0.82323 1 0 1.0
cl_black
0 -2.52179 4.11613 0.89749 0.12858 0.91489 0.38268 -0.50436 0.17950 1 0 1.0
0 -1.63054 3.99087 0.89749 0.12858 0.91489 0.38268 -0.32611 0.17950 1 0 1.0
0 -1.61628 4.09239 0.65000 0.12858 0.91489 0.38268 -0.32326 0.13000 1 0 1.0
cl_black
0 -2.52179 4.11613 0.89749 0.12858 0.91489 0.38268 -0.50436 0.17950 1 0 1.0
0 -1.61628 4.09239 0.65000 0.12858 0.91489 0.38268 -0.32326 0.13000 1 0 1.0
0 -2.50752 4.21764 0.65000 0.12858 0.91489 0.38268 -0.50150 0.13000 1 0 1.0
cl_black
0 -1.31839 3.69708 0.65000 0.96815 0.25038 0.00000 0.73942 0.13000 1 0 1.0
0 -1.31839 3.69708 0.35000 0.96815 0.25038 0.00000 0.73942 0.07000 1 0 1.0
0 -1.38547 3.95643 0.35000 0.96815 0.25038 0.00000 0.79129 0.07000 1 0 1.0
cl_black
0 -1.31839 3.69708 0.65000 0.96815 0.25038 0.00000 0.73942 0.13000 1 0 1.0
0 -1.38547 3.95643 0.35000 0.96815 0.25038 0.00000 0.79129 0.07000 1 0 1.0
0 -1.38547 3.95643 0.65000 0.96815 0.25038 0.00000 0.79129 0.13000 1 0 1.0
cl_black
0 -1.38547 3.95643 0.65000 0.50754 0.86163 0.00000 -0.27709 0.13000 1 0 1.0
0 -1.38547 3.95643 0.35000 0.50754 0.86163 0.00000 -0.27709 0.07000 1 0 1.0
0 -1.61628 4.09239 0.35000 0.50754 0.86163 0.00000 -0.32326 0.07000 1 0 1.0
cl_black
0 -1.38547 3.95643 0.65000 0.50754 0.86163 0.00000 -0.27709 0.13000 1 0 1.0
0 -1.61628 4.09239 0.35000 0.50754 0.86163 0.00000 -0.32326 0.07000 1 0 1.0
0 -1.61628 4.09239 0.65000 0.50754 0.86163 0.00000 -0.32326 0.13000 1 0 1.0
cl_black
0 -1.99900 1.36915 0.00000 0.37896 -0.05326 -0.92388 -0.39980 0.27383 1 0 1.0
0 -1.66499 3.74579 0.00000 0.37896 -0.05326 -0.92388 -0.33300 0.74916 1 0 1.0
0 -1.41991 3.71135 0.10251 0.37896 -0.05326 -0.92388 -0.28398 0.74227 1 0 1.0
cl_black
0 -1.99900 1.36915 0.00000 0.37896 -0.05326 -0.92388 -0.39980 0.27383 1 0 1.0
0 -1.41991 3.71135 0.10251 0.37896 -0.05326 -0.92388 -0.28398 0.74227 1 0 1.0
0 -1.75392 1.33470 0.10251 0.37896 -0.05326 -0.92388 -0.35078 0.26694 1 0 1.0
cl_black
0 -1.75392 1.33470 0.10251 0.91489 -0.12858 -0.38268 0.26694 0.02050 1 0 1.0
0 -1.41991 3.71135 0.10251 0.91489 -0.12858 -0.38268 0.74227 0.02050 1 0 1.0
0 -1.31839 3.69708 0.35000 0.91489 -0.12858 -0.38268 0.73942 0.07000 1 0 1.0
cl_black
0 -1.75392 1.33470 0.10251 0.91489 -0.12858 -0.38268 0.26694 0.02050 1 0 1.0
0 -1.31839 3.69708 0.35000 0.91489 -0.12858 -0.38268 0.73942 0.07000 1 0 1.0
0 -1.65241 1.32044 0.35000 0.91489 -0.12858 -0.38268 0.26409 0.07000 1 0 1.0
cl_black
0 -1.66499 3.74579 1.00000 0.37896 -0.05326 0.92388 -0.33300 0.74916 1 0 1.0
0 -1.99900 1.36915 1.00000 0.37896 -0.05326 0.92388 -0.39980 0.27383 1 0 1.0
0 -1.75392 1.33470 0.89749 0.37896 -0.05326 0.92388 -0.35078 0.26694 1 0 1.0
cl_black
0 -1.66499 3.74579 1.00000 0.37896 -0.05326 0.92388 -0.33300 0.74916 1 0 1.0
0 -1.75392 1.33470 0.89749 0.37896 -0.05326 0.92388 -0.35078 0.26694 1 0 1.0
0 -1.41991 3.71135 0.89749 0.37896 -0.05326 0.92388 -0.28398 0.74227 1 0 1.0
cl_black
0 -1.41991 3.71135 0.89749 0.91489 -0.12858 0.38268 0.74227 0.17950 1 0 1.0
0 -1.75392 1.33470 0.89749 0.91489 -0.12858 0.38268 0.26694 0.17950 1 0 1.0
0 -1.65241 1.32044 0.65000 0.91489 -0.12858 0.38268 0.26409 0.13000 1 0 1.0
cl_black
0 -1.41991 3.71135 0.89749 0.91489 -0.12858 0.38268 0.74227 0.17950 1 0 1.0
0 -1.65241 1.32044 0.65000 0.91489 -0.12858 0.38268 0.26409 0.13000 1 0 1.0
0 -1.31839 3.69708 0.65000 0.91489 -0.12858 0.38268 0.73942 0.13000 1 0 1.0
cl_black
0 -2.04771 1.02255 0.65000 0.25038 -0.96815 0.00000 -0.40954 0.13000 1 0 1.0
0 -2.04771 1.02255 0.35000 0.25038 -0.96815 0.00000 -0.40954 0.07000 1 0 1.0
0 -1.78837 1.08963 0.35000 0.25038 -0.96815 0.00000 -0.35767 0.07000 1 0 1.0
cl_black
0 -2.04771 1.02255 0.65000 0.25038 -0.96815 0.00000 -0.40954 0.13000 1 0 1.0
0 -1.78837 1.08963 0.35000 0.25038 -0.96815 0.00000 -0.35767 0.07000 1 0 1.0
0 -1.78837 1.08963 0.65000 0.25038 -0.96815 0.00000 -0.35767 0.13000 1 0 1.0
cl_black
0 -1.78837 1.08963 0.65000 0.86163 -0.50754 0.00000 0.21793 0.13000 1 0 1.0
0 -1.78837 1.08963 0.35000 0.86163 -0.50754 0.00000 0.21793 0.07000 1 0 1.0
0 -1.65241 1.32044 0.35000 0.86163 -0.50754 0.00000 0.26409 0.07000 1 0 1.0
cl_black
0 -1.78837 1.08963 0.65000 0.86163 -0.50754 0.00000 0.21793 0.13000 1 0 1.0
0 -1.65241 1.32044 0.35000 0.86163 -0.50754 0.00000 0.26409 0.07000 1 0 1.0
0 -1.65241 1.32044 0.65000 0.86163 -0.50754 0.00000 0.26409 0.13000 1 0 1.0
cl_black
0 -2.89024 1.49440 0.00000 -0.05326 -0.37896 -0.92388 -0.57805 0.29888 1 0 1.0
0 -1.99900 1.36915 0.00000 -0.05326 -0.37896 -0.92388 -0.39980 0.27383 1 0 1.0
0 -2.03345 1.12407 0.10251 -0.05326 -0.37896 -0.92388 -0.40669 0.22481 1 0 1.0
cl_black
0 -2.89024 1.49440 0.00000 -0.05326 -0.37896 -0.92388 -0.57805 0.29888 1 0 1.0
0 -2.03345 1.12407 0.10251 -0.05326 -0.37896 -0.92388 -0.40669 0.22481 1 0 1.0
0 -2.92469 1.24933 0.10251 -0.05326 -0.37896 -0.92388 -0.58494 0.24987 1 0 1.0
cl_black
0 -2.92469 1.24933 0.10251 -0.12858 -0.91489 -0.38268 -0.58494 0.02050 1 0 1.0
0 -2.03345 1.12407 0.10251 -0.12858 -0.91489 -0.38268 -0.40669 0.02050 1 0 1.0
0 -2.04771 1.02255 0.35000 -0.12858 -0.91489 -0.38268 -0.40954 0.07000 1 0 1.0
cl_black
0 -2.92469 1.24933 0.10251 -0.12858 -0.91489 -0.38268 -0.58494 0.02050 1 0 1.0
0 -2.04771 1.02255 0.35000 -0.12858 -0.91489 -0.38268 -0.40954 0.07000 1 0 1.0
0 -2.93896 1.14781 0.35000 -0.12858 -0.91489 -0.38268 -0.58779 0.07000 1 0 1.0
cl_black
0 -1.99900 1.36915 1.00000 -0.05326 -0.37896 0.92388 -0.39980 0.27383 1 0 1.0
0 -2.89024 1.49440 1.00000 -0.05326 -0.37896 0.92388 -0.57805 0.29888 1 0 1.0
0 -2.92469 1.24933 0.89749 -0.05326 -0.37896 0.92388 -0.58494 0.24987 1 0 1.0
cl_black
0 -1.99900 1.36915 1.00000 -0.05326 -0.37896 0.92388 -0.39980 0.27383 1 0 1.0
0 -2.92469 1.24933 0.89749 -0.05326 -0.37896 0.92388 -0.58494 0.24987 1 0 1.0
0 -2.03345 1.12407 0.89749 -0.05326 -0.37896 0.92388 -0.40669 0.22481 1 0 1.0
cl_black
0 -2.03345 1.12407 0.89749 -0.12858 -0.91489 0.38268 -0.40669 0.17950 1 0 1.0
0 -2.92469 1.24933 0.89749 -0.12858 -0.91489 0.38268 -0.58494 0.17950 1 0 1.0
0 -2.93896 1.14781 0.65000 -0.12858 -0.91489 0.38268 -0.58779 0.13000 1 0 1.0
cl_black
0 -2.03345 1.12407 0.89749 -0.12858 -0.91489 0.38268 -0.40669 0.17950 1 0 1.0
0 -2.93896 1.14781 0.65000 -0.12858 -0.91489 0.38268 -0.58779 0.13000 1 0 1.0
0 -2.04771 1.02255 0.65000 -0.12858 -0.91489 0.38268 -0.40954 0.13000 1 0 1.0
cl_black
0 -2.55623 3.87105 0.00000 0.00000 0.00000 -1.00000 -0.51125 0.77421 1 0 1.0
0 -1.66499 3.74579 0.00000 0.00000 0.00000 -1.00000 -0.33300 0.74916 1 0 1.0
0 -1.99900 1.36915 0.00000 0.00000 0.00000 -1.00000 -0.39980 0.27383 1 0 1.0
cl_black
0 -2.55623 3.87105 0.00000 0.00000 0.00000 -1.00000 -0.51125 0.77421 1 0 1.0
0 -1.99900 1.36915 0.00000 0.00000 0.00000 -1.00000 -0.39980 0.27383 1 0 1.0
0 -2.89024 1.49440 0.00000 0.00000 0.00000 -1.00000 -0.57805 0.29888 1 0 1.0
cl_black
0 -3.23684 1.54312 0.35000 -0.99027 0.13917 0.00000 0.30862 0.07000 1 0 1.0
0 -3.23684 1.54312 0.65000 -0.99027 0.13917 0.00000 0.30862 0.13000 1 0 1.0
0 -2.90282 3.91976 0.65000 -0.99027 0.13917 0.00000 0.78395 0.13000 1 0 1.0
cl_black
0 -3.23684 1.54312 0.35000 -0.99027 0.13917 0.00000 0.30862 0.07000 1 0 1.0
0 -2.90282 3.91976 0.65000 -0.99027 0.13917 0.00000 0.78395 0.13000 1 0 1.0
0 -2.90282 3.91976 0.35000 -0.99027 0.13917 0.00000 0.78395 0.07000 1 0 1.0
cl_black
0 -2.04771 1.02255 0.35000 -0.13917 -0.99027 0.00000 -0.40954 0.07000 1 0 1.0
0 -2.04771 1.02255 0.65000 -0.13917 -0.99027 0.00000 -0.40954 0.13000 1 0 1.0
0 -2.93896 1.14781 0.65000 -0.13917 -0.99027 0.00000 -0.58779 0.13000 1 0 1.0
cl_black
0 -2.04771 1.02255 0.35000 -0.13917 -0.99027 0.00000 -0.40954 0.07000 1 0 1.0
0 -2.93896 1.14781 0.65000 -0.13917 -0.99027 0.00000 -0.58779 0.13000 1 0 1.0
0 -2.93896 1.14781 0.35000 -0.13917 -0.99027 0.00000 -0.58779 0.07000 1 0 1.0
cl_black
0 -1.66499 3.74579 1.00000 0.00000 0.00000 1.00000 -0.33300 0.74916 1 0 1.0
0 -2.55623 3.87105 1.00000 0.00000 0.00000 1.00000 -0.51125 0.77421 1 0 1.0
0 -2.89024 1.49440 1.00000 0.00000 0.00000 1.00000 -0.57805 0.29888 1 0 1.0
cl_black
0 -1.66499 3.74579 1.00000 0.00000 0.00000 1.00000 -0.33300 0.74916 1 0 1.0
0 -2.89024 1.49440 1.00000 0.00000 0.00000 1.00000 -0.57805 0.29888 1 0 1.0
0 -1.99900 1.36915 1.00000 0.00000 0.00000 1.00000 -0.39980 0.27383 1 0 1.0
cl_black
0 -2.50752 4.21764 0.35000 0.13917 0.99027 0.00000 -0.50150 0.07000 1 0 1.0
0 -2.50752 4.21764 0.65000 0.13917 0.99027 0.00000 -0.50150 0.13000 1 0 1.0
0 -1.61628 4.09239 0.65000 0.13917 0.99027 0.00000 -0.32326 0.13000 1 0 1.0
cl_black
0 -2.50752 4.21764 0.35000 0.13917 0.99027 0.00000 -0.50150 0.07000 1 0 1.0
0 -1.61628 4.09239 0.65000 0.13917 0.99027 0.00000 -0.32326 0.13000 1 0 1.0
0 -1.61628 4.09239 0.35000 0.13917 0.99027 0.00000 -0.32326 0.07000 1 0 1.0
cl_black
0 -1.31839 3.69708 0.35000 0.99027 -0.13917 0.00000 0.73942 0.07000 1 0 1.0
0 -1.31839 3.69708 0.65000 0.99027 -0.13917 0.00000 0.73942 0.13000 1 0 1.0
0 -1.65241 1.32044 0.65000 0.99027 -0.13917 0.00000 0.26409 0.13000 1 0 1.0
cl_black
0 -1.31839 3.69708 0.35000 0.99027 -0.13917 0.00000 0.73942 0.07000 1 0 1.0
0 -1.65241 1.32044 0.65000 0.99027 -0.13917 0.00000 0.26409 0.13000 1 0 1.0
0 -1.65241 1.32044 0.35000 0.99027 -0.13917 0.00000 0.26409 0.07000 1 0 1.0
end
