version 1
nodes
0 "root" -1
end
skeleton
time 0
0 0 0 0 0 0 0
end
triangles
cl_leather
0 -3.30000 -3.80000 0.00000 -0.26387 -0.24929 -0.93179 -0.66000 -0.76000 1 0 1.0
0 -3.30000 -4.14954 0.09352 -0.26387 -0.24929 -0.93179 -0.66000 -0.82991 1 0 1.0
0 -3.63475 -4.13475 0.18436 -0.26387 -0.24929 -0.93179 -0.72695 -0.82695 1 0 1.0
cl_leather
0 -3.30000 -3.80000 0.00000 -0.24929 -0.26387 -0.93179 -0.66000 -0.76000 1 0 1.0
0 -3.63475 -4.13475 0.18436 -0.24929 -0.26387 -0.93179 -0.72695 -0.82695 1 0 1.0
0 -3.64954 -3.80000 0.09352 -0.24929 -0.26387 -0.93179 -0.72991 -0.76000 1 0 1.0
cl_leather
0 -3.30000 -4.14954 0.09352 -0.21778 -0.69014 -0.69014 -0.66000 0.01870 1 0 1.0
0 -3.30000 -4.40648 0.35046 -0.21778 -0.69014 -0.69014 -0.66000 0.07009 1 0 1.0
0 -3.63475 -4.31564 0.36525 -0.21778 -0.69014 -0.69014 -0.72695 0.07305 1 0 1.0
cl_leather
0 -3.30000 -4.14954 0.09352 -0.21778 -0.69014 -0.69013 -0.66000 0.01870 1 0 1.0
0 -3.63475 -4.31564 0.36525 -0.21778 -0.69014 -0.69013 -0.72695 0.07305 1 0 1.0
0 -3.63475 -4.13475 0.18436 -0.21778 -0.69014 -0.69013 -0.72695 0.03687 1 0 1.0
cl_leather
0 -3.30000 -4.50000 0.70000 -0.24929 -0.93179 -0.26387 -0.66000 0.14000 1 0 1.0
0 -3.64954 -4.40648 0.70000 -0.24929 -0.93179 -0.26387 -0.72991 0.14000 1 0 1.0
0 -3.63475 -4.31564 0.36525 -0.24929 -0.93179 -0.26387 -0.72695 0.07305 1 0 1.0
cl_leather
0 -3.30000 -4.50000 0.70000 -0.26387 -0.93179 -0.24929 -0.66000 0.14000 1 0 1.0
0 -3.63475 -4.31564 0.36525 -0.26387 -0.93179 -0.24929 -0.72695 0.07305 1 0 1.0
0 -3.30000 -4.40648 0.35046 -0.26387 -0.93179 -0.24929 -0.66000 0.07009 1 0 1.0
cl_leather
0 -3.64954 -4.40648 0.70000 -0.69013 -0.69014 -0.21778 -0.72991 0.14000 1 0 1.0
0 -3.90648 -4.14954 0.70000 -0.69013 -0.69014 -0.21778 -0.78130 0.14000 1 0 1.0
0 -3.81564 -4.13475 0.36525 -0.69013 -0.69014 -0.21778 -0.76313 0.07305 1 0 1.0
cl_leather
0 -3.64954 -4.40648 0.70000 -0.69013 -0.69014 -0.21778 -0.72991 0.14000 1 0 1.0
0 -3.81564 -4.13475 0.36525 -0.69013 -0.69014 -0.21778 -0.76313 0.07305 1 0 1.0
0 -3.63475 -4.31564 0.36525 -0.69013 -0.69014 -0.21778 -0.72695 0.07305 1 0 1.0
cl_leather
0 -4.00000 -3.80000 0.70000 -0.93179 -0.26387 -0.24929 -0.76000 0.14000 1 0 1.0
0 -3.90648 -3.80000 0.35046 -0.93179 -0.26387 -0.24929 -0.76000 0.07009 1 0 1.0
0 -3.81564 -4.13475 0.36525 -0.93179 -0.26387 -0.24929 -0.82695 0.07305 1 0 1.0
cl_leather
0 -4.00000 -3.80000 0.70000 -0.93179 -0.24929 -0.26387 -0.76000 0.14000 1 0 1.0
0 -3.81564 -4.13475 0.36525 -0.93179 -0.24929 -0.26387 -0.82695 0.07305 1 0 1.0
0 -3.90648 -4.14954 0.70000 -0.93179 -0.24929 -0.26387 -0.82991 0.14000 1 0 1.0
cl_leather
0 -3.90648 -3.80000 0.35046 -0.69013 -0.21778 -0.69014 -0.78130 -0.76000 1 0 1.0
0 -3.64954 -3.80000 0.09352 -0.69013 -0.21778 -0.69014 -0.72991 -0.76000 1 0 1.0
0 -3.63475 -4.13475 0.18436 -0.69013 -0.21778 -0.69014 -0.72695 -0.82695 1 0 1.0
cl_leather
0 -3.90648 -3.80000 0.35046 -0.69013 -0.21778 -0.69014 -0.78130 -0.76000 1 0 1.0
0 -3.63475 -4.13475 0.18436 -0.69013 -0.21778 -0.69014 -0.72695 -0.82695 1 0 1.0
0 -3.81564 -4.13475 0.36525 -0.69013 -0.21778 -0.69014 -0.76313 -0.82695 1 0 1.0
cl_leather
0 -3.63475 -4.13475 0.18436 -0.57735 -0.57735 -0.57735 -0.72695 0.03687 1 0 1.0
0 -3.63475 -4.31564 0.36525 -0.57735 -0.57735 -0.57735 -0.72695 0.07305 1 0 1.0
0 -3.81564 -4.13475 0.36525 -0.57735 -0.57735 -0.57735 -0.76313 0.07305 1 0 1.0
cl_leather
0 -3.30000 -4.50000 1.30000 -0.26387 -0.93179 0.24929 -0.66000 0.26000 1 0 1.0
0 -3.30000 -4.40648 1.64954 -0.26387 -0.93179 0.24929 -0.66000 0.32991 1 0 1.0
0 -3.63475 -4.31564 1.63475 -0.26387 -0.93179 0.24929 -0.72695 0.32695 1 0 1.0
cl_leather
0 -3.30000 -4.50000 1.30000 -0.24929 -0.93179 0.26387 -0.66000 0.26000 1 0 1.0
0 -3.63475 -4.31564 1.63475 -0.24929 -0.93179 0.26387 -0.72695 0.32695 1 0 1.0
0 -3.64954 -4.40648 1.30000 -0.24929 -0.93179 0.26387 -0.72991 0.26000 1 0 1.0
cl_leather
0 -3.30000 -4.40648 1.64954 -0.21778 -0.69014 0.69013 -0.66000 0.32991 1 0 1.0
0 -3.30000 -4.14954 1.90648 -0.21778 -0.69014 0.69013 -0.66000 0.38130 1 0 1.0
0 -3.63475 -4.13475 1.81564 -0.21778 -0.69014 0.69013 -0.72695 0.36313 1 0 1.0
cl_leather
0 -3.30000 -4.40648 1.64954 -0.21778 -0.69014 0.69013 -0.66000 0.32991 1 0 1.0
0 -3.63475 -4.13475 1.81564 -0.21778 -0.69014 0.69013 -0.72695 0.36313 1 0 1.0
0 -3.63475 -4.31564 1.63475 -0.21778 -0.69014 0.69013 -0.72695 0.32695 1 0 1.0
cl_leather
0 -3.30000 -3.80000 2.00000 -0.24929 -0.26387 0.93179 -0.66000 -0.76000 1 0 1.0
0 -3.64954 -3.80000 1.90648 -0.24929 -0.26387 0.93179 -0.72991 -0.76000 1 0 1.0
0 -3.63475 -4.13475 1.81564 -0.24929 -0.26387 0.93179 -0.72695 -0.82695 1 0 1.0
cl_leather
0 -3.30000 -3.80000 2.00000 -0.26387 -0.24929 0.93179 -0.66000 -0.76000 1 0 1.0
0 -3.63475 -4.13475 1.81564 -0.26387 -0.24929 0.93179 -0.72695 -0.82695 1 0 1.0
0 -3.30000 -4.14954 1.90648 -0.26387 -0.24929 0.93179 -0.66000 -0.82991 1 0 1.0
cl_leather
0 -3.64954 -3.80000 1.90648 -0.69013 -0.21778 0.69014 -0.72991 -0.76000 1 0 1.0
0 -3.90648 -3.80000 1.64954 -0.69013 -0.21778 0.69014 -0.78130 -0.76000 1 0 1.0
0 -3.81564 -4.13475 1.63475 -0.69013 -0.21778 0.69014 -0.76313 -0.82695 1 0 1.0
cl_leather
0 -3.64954 -3.80000 1.90648 -0.69013 -0.21778 0.69014 -0.72991 -0.76000 1 0 1.0
0 -3.81564 -4.13475 1.63475 -0.69013 -0.21778 0.69014 -0.76313 -0.82695 1 0 1.0
0 -3.63475 -4.13475 1.81564 -0.69013 -0.21778 0.69014 -0.72695 -0.82695 1 0 1.0
cl_leather
0 -4.00000 -3.80000 1.30000 -0.93179 -0.24929 0.26387 -0.76000 0.26000 1 0 1.0
0 -3.90648 -4.14954 1.30000 -0.93179 -0.24929 0.26387 -0.82991 0.26000 1 0 1.0
0 -3.81564 -4.13475 1.63475 -0.93179 -0.24929 0.26387 -0.82695 0.32695 1 0 1.0
cl_leather
0 -4.00000 -3.80000 1.30000 -0.93179 -0.26387 0.24929 -0.76000 0.26000 1 0 1.0
0 -3.81564 -4.13475 1.63475 -0.93179 -0.26387 0.24929 -0.82695 0.32695 1 0 1.0
0 -3.90648 -3.80000 1.64954 -0.93179 -0.26387 0.24929 -0.76000 0.32991 1 0 1.0
cl_leather
0 -3.90648 -4.14954 1.30000 -0.69013 -0.69014 0.21778 -0.78130 0.26000 1 0 1.0
0 -3.64954 -4.40648 1.30000 -0.69013 -0.69014 0.21778 -0.72991 0.26000 1 0 1.0
0 -3.63475 -4.31564 1.63475 -0.69013 -0.69014 0.21778 -0.72695 0.32695 1 0 1.0
cl_leather
0 -3.90648 -4.14954 1.30000 -0.69013 -0.69014 0.21778 -0.78130 0.26000 1 0 1.0
0 -3.63475 -4.31564 1.63475 -0.69013 -0.69014 0.21778 -0.72695 0.32695 1 0 1.0
0 -3.81564 -4.13475 1.63475 -0.69013 -0.69014 0.21778 -0.76313 0.32695 1 0 1.0
cl_leather
0 -3.63475 -4.31564 1.63475 -0.57735 -0.57735 0.57735 -0.72695 0.32695 1 0 1.0
0 -3.63475 -4.13475 1.81564 -0.57735 -0.57735 0.57735 -0.72695 0.36313 1 0 1.0
0 -3.81564 -4.13475 1.63475 -0.57735 -0.57735 0.57735 -0.76313 0.32695 1 0 1.0
cl_leather
0 -3.30000 3.80000 0.00000 -0.24929 0.26387 -0.93179 -0.66000 0.76000 1 0 1.0
0 -3.64954 3.80000 0.09352 -0.24929 0.26387 -0.93179 -0.72991 0.76000 1 0 1.0
0 -3.63475 4.13475 0.18436 -0.24929 0.26387 -0.93179 -0.72695 0.82695 1 0 1.0
cl_leather
0 -3.30000 3.80000 0.00000 -0.26387 0.24929 -0.93179 -0.66000 0.76000 1 0 1.0
0 -3.63475 4.13475 0.18436 -0.26387 0.24929 -0.93179 -0.72695 0.82695 1 0 1.0
0 -3.30000 4.14954 0.09352 -0.26387 0.24929 -0.93179 -0.66000 0.82991 1 0 1.0
cl_leather
0 -3.64954 3.80000 0.09352 -0.69013 0.21778 -0.69014 -0.72991 0.76000 1 0 1.0
0 -3.90648 3.80000 0.35046 -0.69013 0.21778 -0.69014 -0.78130 0.76000 1 0 1.0
0 -3.81564 4.13475 0.36525 -0.69013 0.21778 -0.69014 -0.76313 0.82695 1 0 1.0
cl_leather
0 -3.64954 3.80000 0.09352 -0.69013 0.21778 -0.69014 -0.72991 0.76000 1 0 1.0
0 -3.81564 4.13475 0.36525 -0.69013 0.21778 -0.69014 -0.76313 0.82695 1 0 1.0
0 -3.63475 4.13475 0.18436 -0.69013 0.21778 -0.69014 -0.72695 0.82695 1 0 1.0
cl_leather
0 -4.00000 3.80000 0.70000 -0.93179 0.24929 -0.26387 0.76000 0.14000 1 0 1.0
0 -3.90648 4.14954 0.70000 -0.93179 0.24929 -0.26387 0.82991 0.14000 1 0 1.0
0 -3.81564 4.13475 0.36525 -0.93179 0.24929 -0.26387 0.82695 0.07305 1 0 1.0
cl_leather
0 -4.00000 3.80000 0.70000 -0.93179 0.26387 -0.24929 0.76000 0.14000 1 0 1.0
0 -3.81564 4.13475 0.36525 -0.93179 0.26387 -0.24929 0.82695 0.07305 1 0 1.0
0 -3.90648 3.80000 0.35046 -0.93179 0.26387 -0.24929 0.76000 0.07009 1 0 1.0
cl_leather
0 -3.90648 4.14954 0.70000 -0.69013 0.69014 -0.21778 -0.78130 0.14000 1 0 1.0
0 -3.64954 4.40648 0.70000 -0.69013 0.69014 -0.21778 -0.72991 0.14000 1 0 1.0
0 -3.63475 4.31564 0.36525 -0.69013 0.69014 -0.21778 -0.72695 0.07305 1 0 1.0
cl_leather
0 -3.90648 4.14954 0.70000 -0.69013 0.69014 -0.21778 -0.78130 0.14000 1 0 1.0
0 -3.63475 4.31564 0.36525 -0.69013 0.69014 -0.21778 -0.72695 0.07305 1 0 1.0
0 -3.81564 4.13475 0.36525 -0.69013 0.69014 -0.21778 -0.76313 0.07305 1 0 1.0
cl_leather
0 -3.30000 4.50000 0.70000 -0.26387 0.93179 -0.24929 -0.66000 0.14000 1 0 1.0
0 -3.30000 4.40648 0.35046 -0.26387 0.93179 -0.24929 -0.66000 0.07009 1 0 1.0
0 -3.63475 4.31564 0.36525 -0.26387 0.93179 -0.24929 -0.72695 0.07305 1 0 1.0
cl_leather
0 -3.30000 4.50000 0.70000 -0.24929 0.93179 -0.26387 -0.66000 0.14000 1 0 1.0
0 -3.63475 4.31564 0.36525 -0.24929 0.93179 -0.26387 -0.72695 0.07305 1 0 1.0
0 -3.64954 4.40648 0.70000 -0.24929 0.93179 -0.26387 -0.72991 0.14000 1 0 1.0
cl_leather
0 -3.30000 4.40648 0.35046 -0.21778 0.69014 -0.69014 -0.66000 0.07009 1 0 1.0
0 -3.30000 4.14954 0.09352 -0.21778 0.69014 -0.69014 -0.66000 0.01870 1 0 1.0
0 -3.63475 4.13475 0.18436 -0.21778 0.69014 -0.69014 -0.72695 0.03687 1 0 1.0
cl_leather
0 -3.30000 4.40648 0.35046 -0.21778 0.69014 -0.69013 -0.66000 0.07009 1 0 1.0
0 -3.63475 4.13475 0.18436 -0.21778 0.69014 -0.69013 -0.72695 0.03687 1 0 1.0
0 -3.63475 4.31564 0.36525 -0.21778 0.69014 -0.69013 -0.72695 0.07305 1 0 1.0
cl_leather
0 -3.63475 4.13475 0.18436 -0.57735 0.57735 -0.57735 -0.72695 0.03687 1 0 1.0
0 -3.81564 4.13475 0.36525 -0.57735 0.57735 -0.57735 -0.76313 0.07305 1 0 1.0
0 -3.63475 4.31564 0.36525 -0.57735 0.57735 -0.57735 -0.72695 0.07305 1 0 1.0
cl_leather
0 -3.30000 3.80000 2.00000 -0.26387 0.24929 0.93179 -0.66000 0.76000 1 0 1.0
0 -3.30000 4.14954 1.90648 -0.26387 0.24929 0.93179 -0.66000 0.82991 1 0 1.0
0 -3.63475 4.13475 1.81564 -0.26387 0.24929 0.93179 -0.72695 0.82695 1 0 1.0
cl_leather
0 -3.30000 3.80000 2.00000 -0.24929 0.26387 0.93179 -0.66000 0.76000 1 0 1.0
0 -3.63475 4.13475 1.81564 -0.24929 0.26387 0.93179 -0.72695 0.82695 1 0 1.0
0 -3.64954 3.80000 1.90648 -0.24929 0.26387 0.93179 -0.72991 0.76000 1 0 1.0
cl_leather
0 -3.30000 4.14954 1.90648 -0.21778 0.69014 0.69013 -0.66000 0.38130 1 0 1.0
0 -3.30000 4.40648 1.64954 -0.21778 0.69014 0.69013 -0.66000 0.32991 1 0 1.0
0 -3.63475 4.31564 1.63475 -0.21778 0.69014 0.69013 -0.72695 0.32695 1 0 1.0
cl_leather
0 -3.30000 4.14954 1.90648 -0.21778 0.69014 0.69013 -0.66000 0.38130 1 0 1.0
0 -3.63475 4.31564 1.63475 -0.21778 0.69014 0.69013 -0.72695 0.32695 1 0 1.0
0 -3.63475 4.13475 1.81564 -0.21778 0.69014 0.69013 -0.72695 0.36313 1 0 1.0
cl_leather
0 -3.30000 4.50000 1.30000 -0.24929 0.93179 0.26387 -0.66000 0.26000 1 0 1.0
0 -3.64954 4.40648 1.30000 -0.24929 0.93179 0.26387 -0.72991 0.26000 1 0 1.0
0 -3.63475 4.31564 1.63475 -0.24929 0.93179 0.26387 -0.72695 0.32695 1 0 1.0
cl_leather
0 -3.30000 4.50000 1.30000 -0.26387 0.93179 0.24929 -0.66000 0.26000 1 0 1.0
0 -3.63475 4.31564 1.63475 -0.26387 0.93179 0.24929 -0.72695 0.32695 1 0 1.0
0 -3.30000 4.40648 1.64954 -0.26387 0.93179 0.24929 -0.66000 0.32991 1 0 1.0
cl_leather
0 -3.64954 4.40648 1.30000 -0.69013 0.69014 0.21778 -0.72991 0.26000 1 0 1.0
0 -3.90648 4.14954 1.30000 -0.69013 0.69014 0.21778 -0.78130 0.26000 1 0 1.0
0 -3.81564 4.13475 1.63475 -0.69013 0.69014 0.21778 -0.76313 0.32695 1 0 1.0
cl_leather
0 -3.64954 4.40648 1.30000 -0.69013 0.69014 0.21778 -0.72991 0.26000 1 0 1.0
0 -3.81564 4.13475 1.63475 -0.69013 0.69014 0.21778 -0.76313 0.32695 1 0 1.0
0 -3.63475 4.31564 1.63475 -0.69013 0.69014 0.21778 -0.72695 0.32695 1 0 1.0
cl_leather
0 -4.00000 3.80000 1.30000 -0.93179 0.26387 0.24929 0.76000 0.26000 1 0 1.0
0 -3.90648 3.80000 1.64954 -0.93179 0.26387 0.24929 0.76000 0.32991 1 0 1.0
0 -3.81564 4.13475 1.63475 -0.93179 0.26387 0.24929 0.82695 0.32695 1 0 1.0
cl_leather
0 -4.00000 3.80000 1.30000 -0.93179 0.24929 0.26387 0.76000 0.26000 1 0 1.0
0 -3.81564 4.13475 1.63475 -0.93179 0.24929 0.26387 0.82695 0.32695 1 0 1.0
0 -3.90648 4.14954 1.30000 -0.93179 0.24929 0.26387 0.82991 0.26000 1 0 1.0
cl_leather
0 -3.90648 3.80000 1.64954 -0.69013 0.21778 0.69014 -0.78130 0.76000 1 0 1.0
0 -3.64954 3.80000 1.90648 -0.69013 0.21778 0.69014 -0.72991 0.76000 1 0 1.0
0 -3.63475 4.13475 1.81564 -0.69013 0.21778 0.69014 -0.72695 0.82695 1 0 1.0
cl_leather
0 -3.90648 3.80000 1.64954 -0.69013 0.21778 0.69014 -0.78130 0.76000 1 0 1.0
0 -3.63475 4.13475 1.81564 -0.69013 0.21778 0.69014 -0.72695 0.82695 1 0 1.0
0 -3.81564 4.13475 1.63475 -0.69013 0.21778 0.69014 -0.76313 0.82695 1 0 1.0
cl_leather
0 -3.63475 4.13475 1.81564 -0.57735 0.57735 0.57735 -0.72695 0.36313 1 0 1.0
0 -3.63475 4.31564 1.63475 -0.57735 0.57735 0.57735 -0.72695 0.32695 1 0 1.0
0 -3.81564 4.13475 1.63475 -0.57735 0.57735 0.57735 -0.76313 0.32695 1 0 1.0
cl_leather
0 3.30000 -3.80000 0.00000 0.24929 -0.26387 -0.93179 0.66000 -0.76000 1 0 1.0
0 3.64954 -3.80000 0.09352 0.24929 -0.26387 -0.93179 0.72991 -0.76000 1 0 1.0
0 3.63475 -4.13475 0.18436 0.24929 -0.26387 -0.93179 0.72695 -0.82695 1 0 1.0
cl_leather
0 3.30000 -3.80000 0.00000 0.26387 -0.24929 -0.93179 0.66000 -0.76000 1 0 1.0
0 3.63475 -4.13475 0.18436 0.26387 -0.24929 -0.93179 0.72695 -0.82695 1 0 1.0
0 3.30000 -4.14954 0.09352 0.26387 -0.24929 -0.93179 0.66000 -0.82991 1 0 1.0
cl_leather
0 3.64954 -3.80000 0.09352 0.69013 -0.21778 -0.69014 0.72991 -0.76000 1 0 1.0
0 3.90648 -3.80000 0.35046 0.69013 -0.21778 -0.69014 0.78130 -0.76000 1 0 1.0
0 3.81564 -4.13475 0.36525 0.69013 -0.21778 -0.69014 0.76313 -0.82695 1 0 1.0
cl_leather
0 3.64954 -3.80000 0.09352 0.69013 -0.21778 -0.69014 0.72991 -0.76000 1 0 1.0
0 3.81564 -4.13475 0.36525 0.69013 -0.21778 -0.69014 0.76313 -0.82695 1 0 1.0
0 3.63475 -4.13475 0.18436 0.69013 -0.21778 -0.69014 0.72695 -0.82695 1 0 1.0
cl_leather
0 4.00000 -3.80000 0.70000 0.93179 -0.24929 -0.26387 -0.76000 0.14000 1 0 1.0
0 3.90648 -4.14954 0.70000 0.93179 -0.24929 -0.26387 -0.82991 0.14000 1 0 1.0
0 3.81564 -4.13475 0.36525 0.93179 -0.24929 -0.26387 -0.82695 0.07305 1 0 1.0
cl_leather
0 4.00000 -3.80000 0.70000 0.93179 -0.26387 -0.24929 -0.76000 0.14000 1 0 1.0
0 3.81564 -4.13475 0.36525 0.93179 -0.26387 -0.24929 -0.82695 0.07305 1 0 1.0
0 3.90648 -3.80000 0.35046 0.93179 -0.26387 -0.24929 -0.76000 0.07009 1 0 1.0
cl_leather
0 3.90648 -4.14954 0.70000 0.69013 -0.69014 -0.21778 0.78130 0.14000 1 0 1.0
0 3.64954 -4.40648 0.70000 0.69013 -0.69014 -0.21778 0.72991 0.14000 1 0 1.0
0 3.63475 -4.31564 0.36525 0.69013 -0.69014 -0.21778 0.72695 0.07305 1 0 1.0
cl_leather
0 3.90648 -4.14954 0.70000 0.69013 -0.69014 -0.21778 0.78130 0.14000 1 0 1.0
0 3.63475 -4.31564 0.36525 0.69013 -0.69014 -0.21778 0.72695 0.07305 1 0 1.0
0 3.81564 -4.13475 0.36525 0.69013 -0.69014 -0.21778 0.76313 0.07305 1 0 1.0
cl_leather
0 3.30000 -4.50000 0.70000 0.26387 -0.93179 -0.24929 0.66000 0.14000 1 0 1.0
0 3.30000 -4.40648 0.35046 0.26387 -0.93179 -0.24929 0.66000 0.07009 1 0 1.0
0 3.63475 -4.31564 0.36525 0.26387 -0.93179 -0.24929 0.72695 0.07305 1 0 1.0
cl_leather
0 3.30000 -4.50000 0.70000 0.24929 -0.93179 -0.26387 0.66000 0.14000 1 0 1.0
0 3.63475 -4.31564 0.36525 0.24929 -0.93179 -0.26387 0.72695 0.07305 1 0 1.0
0 3.64954 -4.40648 0.70000 0.24929 -0.93179 -0.26387 0.72991 0.14000 1 0 1.0
cl_leather
0 3.30000 -4.40648 0.35046 0.21778 -0.69014 -0.69014 0.66000 0.07009 1 0 1.0
0 3.30000 -4.14954 0.09352 0.21778 -0.69014 -0.69014 0.66000 0.01870 1 0 1.0
0 3.63475 -4.13475 0.18436 0.21778 -0.69014 -0.69014 0.72695 0.03687 1 0 1.0
cl_leather
0 3.30000 -4.40648 0.35046 0.21778 -0.69014 -0.69013 0.66000 0.07009 1 0 1.0
0 3.63475 -4.13475 0.18436 0.21778 -0.69014 -0.69013 0.72695 0.03687 1 0 1.0
0 3.63475 -4.31564 0.36525 0.21778 -0.69014 -0.69013 0.72695 0.07305 1 0 1.0
cl_leather
0 3.63475 -4.13475 0.18436 0.57735 -0.57735 -0.57735 0.72695 0.03687 1 0 1.0
0 3.81564 -4.13475 0.36525 0.57735 -0.57735 -0.57735 0.76313 0.07305 1 0 1.0
0 3.63475 -4.31564 0.36525 0.57735 -0.57735 -0.57735 0.72695 0.07305 1 0 1.0
cl_leather
0 3.30000 -3.80000 2.00000 0.26387 -0.24929 0.93179 0.66000 -0.76000 1 0 1.0
0 3.30000 -4.14954 1.90648 0.26387 -0.24929 0.93179 0.66000 -0.82991 1 0 1.0
0 3.63475 -4.13475 1.81564 0.26387 -0.24929 0.93179 0.72695 -0.82695 1 0 1.0
cl_leather
0 3.30000 -3.80000 2.00000 0.24929 -0.26387 0.93179 0.66000 -0.76000 1 0 1.0
0 3.63475 -4.13475 1.81564 0.24929 -0.26387 0.93179 0.72695 -0.82695 1 0 1.0
0 3.64954 -3.80000 1.90648 0.24929 -0.26387 0.93179 0.72991 -0.76000 1 0 1.0
cl_leather
0 3.30000 -4.14954 1.90648 0.21778 -0.69014 0.69013 0.66000 0.38130 1 0 1.0
0 3.30000 -4.40648 1.64954 0.21778 -0.69014 0.69013 0.66000 0.32991 1 0 1.0
0 3.63475 -4.31564 1.63475 0.21778 -0.69014 0.69013 0.72695 0.32695 1 0 1.0
cl_leather
0 3.30000 -4.14954 1.90648 0.21778 -0.69014 0.69013 0.66000 0.38130 1 0 1.0
0 3.63475 -4.31564 1.63475 0.21778 -0.69014 0.69013 0.72695 0.32695 1 0 1.0
0 3.63475 -4.13475 1.81564 0.21778 -0.69014 0.69013 0.72695 0.36313 1 0 1.0
cl_leather
0 3.30000 -4.50000 1.30000 0.24929 -0.93179 0.26387 0.66000 0.26000 1 0 1.0
0 3.64954 -4.40648 1.30000 0.24929 -0.93179 0.26387 0.72991 0.26000 1 0 1.0
0 3.63475 -4.31564 1.63475 0.24929 -0.93179 0.26387 0.72695 0.32695 1 0 1.0
cl_leather
0 3.30000 -4.50000 1.30000 0.26387 -0.93179 0.24929 0.66000 0.26000 1 0 1.0
0 3.63475 -4.31564 1.63475 0.26387 -0.93179 0.24929 0.72695 0.32695 1 0 1.0
0 3.30000 -4.40648 1.64954 0.26387 -0.93179 0.24929 0.66000 0.32991 1 0 1.0
cl_leather
0 3.64954 -4.40648 1.30000 0.69013 -0.69014 0.21778 0.72991 0.26000 1 0 1.0
0 3.90648 -4.14954 1.30000 0.69013 -0.69014 0.21778 0.78130 0.26000 1 0 1.0
0 3.81564 -4.13475 1.63475 0.69013 -0.69014 0.21778 0.76313 0.32695 1 0 1.0
cl_leather
0 3.64954 -4.40648 1.30000 0.69013 -0.69014 0.21778 0.72991 0.26000 1 0 1.0
0 3.81564 -4.13475 1.63475 0.69013 -0.69014 0.21778 0.76313 0.32695 1 0 1.0
0 3.63475 -4.31564 1.63475 0.69013 -0.69014 0.21778 0.72695 0.32695 1 0 1.0
cl_leather
0 4.00000 -3.80000 1.30000 0.93179 -0.26387 0.24929 -0.76000 0.26000 1 0 1.0
0 3.90648 -3.80000 1.64954 0.93179 -0.26387 0.24929 -0.76000 0.32991 1 0 1.0
0 3.81564 -4.13475 1.63475 0.93179 -0.26387 0.24929 -0.82695 0.32695 1 0 1.0
cl_leather
0 4.00000 -3.80000 1.30000 0.93179 -0.24929 0.26387 -0.76000 0.26000 1 0 1.0
0 3.81564 -4.13475 1.63475 0.93179 -0.24929 0.26387 -0.82695 0.32695 1 0 1.0
0 3.90648 -4.14954 1.30000 0.93179 -0.24929 0.26387 -0.82991 0.26000 1 0 1.0
cl_leather
0 3.90648 -3.80000 1.64954 0.69013 -0.21778 0.69014 0.78130 -0.76000 1 0 1.0
0 3.64954 -3.80000 1.90648 0.69013 -0.21778 0.69014 0.72991 -0.76000 1 0 1.0
0 3.63475 -4.13475 1.81564 0.69013 -0.21778 0.69014 0.72695 -0.82695 1 0 1.0
cl_leather
0 3.90648 -3.80000 1.64954 0.69013 -0.21778 0.69014 0.78130 -0.76000 1 0 1.0
0 3.63475 -4.13475 1.81564 0.69013 -0.21778 0.69014 0.72695 -0.82695 1 0 1.0
0 3.81564 -4.13475 1.63475 0.69013 -0.21778 0.69014 0.76313 -0.82695 1 0 1.0
cl_leather
0 3.63475 -4.13475 1.81564 0.57735 -0.57735 0.57735 0.72695 0.36313 1 0 1.0
0 3.63475 -4.31564 1.63475 0.57735 -0.57735 0.57735 0.72695 0.32695 1 0 1.0
0 3.81564 -4.13475 1.63475 0.57735 -0.57735 0.57735 0.76313 0.32695 1 0 1.0
cl_leather
0 3.30000 3.80000 0.00000 0.26387 0.24929 -0.93179 0.66000 0.76000 1 0 1.0
0 3.30000 4.14954 0.09352 0.26387 0.24929 -0.93179 0.66000 0.82991 1 0 1.0
0 3.63475 4.13475 0.18436 0.26387 0.24929 -0.93179 0.72695 0.82695 1 0 1.0
cl_leather
0 3.30000 3.80000 0.00000 0.24929 0.26387 -0.93179 0.66000 0.76000 1 0 1.0
0 3.63475 4.13475 0.18436 0.24929 0.26387 -0.93179 0.72695 0.82695 1 0 1.0
0 3.64954 3.80000 0.09352 0.24929 0.26387 -0.93179 0.72991 0.76000 1 0 1.0
cl_leather
0 3.30000 4.14954 0.09352 0.21778 0.69014 -0.69014 0.66000 0.01870 1 0 1.0
0 3.30000 4.40648 0.35046 0.21778 0.69014 -0.69014 0.66000 0.07009 1 0 1.0
0 3.63475 4.31564 0.36525 0.21778 0.69014 -0.69014 0.72695 0.07305 1 0 1.0
cl_leather
0 3.30000 4.14954 0.09352 0.21778 0.69014 -0.69013 0.66000 0.01870 1 0 1.0
0 3.63475 4.31564 0.36525 0.21778 0.69014 -0.69013 0.72695 0.07305 1 0 1.0
0 3.63475 4.13475 0.18436 0.21778 0.69014 -0.69013 0.72695 0.03687 1 0 1.0
cl_leather
0 3.30000 4.50000 0.70000 0.24929 0.93179 -0.26387 0.66000 0.14000 1 0 1.0
0 3.64954 4.40648 0.70000 0.24929 0.93179 -0.26387 0.72991 0.14000 1 0 1.0
0 3.63475 4.31564 0.36525 0.24929 0.93179 -0.26387 0.72695 0.07305 1 0 1.0
cl_leather
0 3.30000 4.50000 0.70000 0.26387 0.93179 -0.24929 0.66000 0.14000 1 0 1.0
0 3.63475 4.31564 0.36525 0.26387 0.93179 -0.24929 0.72695 0.07305 1 0 1.0
0 3.30000 4.40648 0.35046 0.26387 0.93179 -0.24929 0.66000 0.07009 1 0 1.0
cl_leather
0 3.64954 4.40648 0.70000 0.69013 0.69014 -0.21778 0.72991 0.14000 1 0 1.0
0 3.90648 4.14954 0.70000 0.69013 0.69014 -0.21778 0.78130 0.14000 1 0 1.0
0 3.81564 4.13475 0.36525 0.69013 0.69014 -0.21778 0.76313 0.07305 1 0 1.0
cl_leather
0 3.64954 4.40648 0.70000 0.69013 0.69014 -0.21778 0.72991 0.14000 1 0 1.0
0 3.81564 4.13475 0.36525 0.69013 0.69014 -0.21778 0.76313 0.07305 1 0 1.0
0 3.63475 4.31564 0.36525 0.69013 0.69014 -0.21778 0.72695 0.07305 1 0 1.0
cl_leather
0 4.00000 3.80000 0.70000 0.93179 0.26387 -0.24929 0.76000 0.14000 1 0 1.0
0 3.90648 3.80000 0.35046 0.93179 0.26387 -0.24929 0.76000 0.07009 1 0 1.0
0 3.81564 4.13475 0.36525 0.93179 0.26387 -0.24929 0.82695 0.07305 1 0 1.0
cl_leather
0 4.00000 3.80000 0.70000 0.93179 0.24929 -0.26387 0.76000 0.14000 1 0 1.0
0 3.81564 4.13475 0.36525 0.93179 0.24929 -0.26387 0.82695 0.07305 1 0 1.0
0 3.90648 4.14954 0.70000 0.93179 0.24929 -0.26387 0.82991 0.14000 1 0 1.0
cl_leather
0 3.90648 3.80000 0.35046 0.69013 0.21778 -0.69014 0.78130 0.76000 1 0 1.0
0 3.64954 3.80000 0.09352 0.69013 0.21778 -0.69014 0.72991 0.76000 1 0 1.0
0 3.63475 4.13475 0.18436 0.69013 0.21778 -0.69014 0.72695 0.82695 1 0 1.0
cl_leather
0 3.90648 3.80000 0.35046 0.69013 0.21778 -0.69014 0.78130 0.76000 1 0 1.0
0 3.63475 4.13475 0.18436 0.69013 0.21778 -0.69014 0.72695 0.82695 1 0 1.0
0 3.81564 4.13475 0.36525 0.69013 0.21778 -0.69014 0.76313 0.82695 1 0 1.0
cl_leather
0 3.63475 4.13475 0.18436 0.57735 0.57735 -0.57735 0.72695 0.03687 1 0 1.0
0 3.63475 4.31564 0.36525 0.57735 0.57735 -0.57735 0.72695 0.07305 1 0 1.0
0 3.81564 4.13475 0.36525 0.57735 0.57735 -0.57735 0.76313 0.07305 1 0 1.0
cl_leather
0 3.30000 3.80000 2.00000 0.24929 0.26387 0.93179 0.66000 0.76000 1 0 1.0
0 3.64954 3.80000 1.90648 0.24929 0.26387 0.93179 0.72991 0.76000 1 0 1.0
0 3.63475 4.13475 1.81564 0.24929 0.26387 0.93179 0.72695 0.82695 1 0 1.0
cl_leather
0 3.30000 3.80000 2.00000 0.26387 0.24929 0.93179 0.66000 0.76000 1 0 1.0
0 3.63475 4.13475 1.81564 0.26387 0.24929 0.93179 0.72695 0.82695 1 0 1.0
0 3.30000 4.14954 1.90648 0.26387 0.24929 0.93179 0.66000 0.82991 1 0 1.0
cl_leather
0 3.64954 3.80000 1.90648 0.69013 0.21778 0.69014 0.72991 0.76000 1 0 1.0
0 3.90648 3.80000 1.64954 0.69013 0.21778 0.69014 0.78130 0.76000 1 0 1.0
0 3.81564 4.13475 1.63475 0.69013 0.21778 0.69014 0.76313 0.82695 1 0 1.0
cl_leather
0 3.64954 3.80000 1.90648 0.69013 0.21778 0.69014 0.72991 0.76000 1 0 1.0
0 3.81564 4.13475 1.63475 0.69013 0.21778 0.69014 0.76313 0.82695 1 0 1.0
0 3.63475 4.13475 1.81564 0.69013 0.21778 0.69014 0.72695 0.82695 1 0 1.0
cl_leather
0 4.00000 3.80000 1.30000 0.93179 0.24929 0.26387 0.76000 0.26000 1 0 1.0
0 3.90648 4.14954 1.30000 0.93179 0.24929 0.26387 0.82991 0.26000 1 0 1.0
0 3.81564 4.13475 1.63475 0.93179 0.24929 0.26387 0.82695 0.32695 1 0 1.0
cl_leather
0 4.00000 3.80000 1.30000 0.93179 0.26387 0.24929 0.76000 0.26000 1 0 1.0
0 3.81564 4.13475 1.63475 0.93179 0.26387 0.24929 0.82695 0.32695 1 0 1.0
0 3.90648 3.80000 1.64954 0.93179 0.26387 0.24929 0.76000 0.32991 1 0 1.0
cl_leather
0 3.90648 4.14954 1.30000 0.69013 0.69014 0.21778 0.78130 0.26000 1 0 1.0
0 3.64954 4.40648 1.30000 0.69013 0.69014 0.21778 0.72991 0.26000 1 0 1.0
0 3.63475 4.31564 1.63475 0.69013 0.69014 0.21778 0.72695 0.32695 1 0 1.0
cl_leather
0 3.90648 4.14954 1.30000 0.69013 0.69014 0.21778 0.78130 0.26000 1 0 1.0
0 3.63475 4.31564 1.63475 0.69013 0.69014 0.21778 0.72695 0.32695 1 0 1.0
0 3.81564 4.13475 1.63475 0.69013 0.69014 0.21778 0.76313 0.32695 1 0 1.0
cl_leather
0 3.30000 4.50000 1.30000 0.26387 0.93179 0.24929 0.66000 0.26000 1 0 1.0
0 3.30000 4.40648 1.64954 0.26387 0.93179 0.24929 0.66000 0.32991 1 0 1.0
0 3.63475 4.31564 1.63475 0.26387 0.93179 0.24929 0.72695 0.32695 1 0 1.0
cl_leather
0 3.30000 4.50000 1.30000 0.24929 0.93179 0.26387 0.66000 0.26000 1 0 1.0
0 3.63475 4.31564 1.63475 0.24929 0.93179 0.26387 0.72695 0.32695 1 0 1.0
0 3.64954 4.40648 1.30000 0.24929 0.93179 0.26387 0.72991 0.26000 1 0 1.0
cl_leather
0 3.30000 4.40648 1.64954 0.21778 0.69014 0.69013 0.66000 0.32991 1 0 1.0
0 3.30000 4.14954 1.90648 0.21778 0.69014 0.69013 0.66000 0.38130 1 0 1.0
0 3.63475 4.13475 1.81564 0.21778 0.69014 0.69013 0.72695 0.36313 1 0 1.0
cl_leather
0 3.30000 4.40648 1.64954 0.21778 0.69014 0.69013 0.66000 0.32991 1 0 1.0
0 3.63475 4.13475 1.81564 0.21778 0.69014 0.69013 0.72695 0.36313 1 0 1.0
0 3.63475 4.31564 1.63475 0.21778 0.69014 0.69013 0.72695 0.32695 1 0 1.0
cl_leather
0 3.63475 4.13475 1.81564 0.57735 0.57735 0.57735 0.72695 0.36313 1 0 1.0
0 3.81564 4.13475 1.63475 0.57735 0.57735 0.57735 0.76313 0.32695 1 0 1.0
0 3.63475 4.31564 1.63475 0.57735 0.57735 0.57735 0.72695 0.32695 1 0 1.0
cl_leather
0 -3.30000 3.80000 0.00000 -0.25845 0.00000 -0.96602 -0.66000 0.76000 1 0 1.0
0 -3.30000 -3.80000 0.00000 -0.25845 0.00000 -0.96602 -0.66000 -0.76000 1 0 1.0
0 -3.64954 -3.80000 0.09352 -0.25845 0.00000 -0.96602 -0.72991 -0.76000 1 0 1.0
cl_leather
0 -3.30000 3.80000 0.00000 -0.25845 0.00000 -0.96602 -0.66000 0.76000 1 0 1.0
0 -3.64954 -3.80000 0.09352 -0.25845 0.00000 -0.96602 -0.72991 -0.76000 1 0 1.0
0 -3.64954 3.80000 0.09352 -0.25845 0.00000 -0.96602 -0.72991 0.76000 1 0 1.0
cl_leather
0 -3.64954 3.80000 0.09352 -0.70711 0.00000 -0.70711 -0.72991 0.76000 1 0 1.0
0 -3.64954 -3.80000 0.09352 -0.70711 0.00000 -0.70711 -0.72991 -0.76000 1 0 1.0
0 -3.90648 -3.80000 0.35046 -0.70711 0.00000 -0.70711 -0.78130 -0.76000 1 0 1.0
cl_leather
0 -3.64954 3.80000 0.09352 -0.70711 0.00000 -0.70711 -0.72991 0.76000 1 0 1.0
0 -3.90648 -3.80000 0.35046 -0.70711 0.00000 -0.70711 -0.78130 -0.76000 1 0 1.0
0 -3.90648 3.80000 0.35046 -0.70711 0.00000 -0.70711 -0.78130 0.76000 1 0 1.0
cl_leather
0 -3.90648 3.80000 0.35046 -0.96602 0.00000 -0.25845 0.76000 0.07009 1 0 1.0
0 -3.90648 -3.80000 0.35046 -0.96602 0.00000 -0.25845 -0.76000 0.07009 1 0 1.0
0 -4.00000 -3.80000 0.70000 -0.96602 0.00000 -0.25845 -0.76000 0.14000 1 0 1.0
cl_leather
0 -3.90648 3.80000 0.35046 -0.96602 0.00000 -0.25845 0.76000 0.07009 1 0 1.0
0 -4.00000 -3.80000 0.70000 -0.96602 0.00000 -0.25845 -0.76000 0.14000 1 0 1.0
0 -4.00000 3.80000 0.70000 -0.96602 0.00000 -0.25845 0.76000 0.14000 1 0 1.0
cl_leather
0 -3.30000 -4.50000 0.70000 -0.25845 -0.96602 0.00000 -0.66000 0.14000 1 0 1.0
0 -3.30000 -4.50000 1.30000 -0.25845 -0.96602 0.00000 -0.66000 0.26000 1 0 1.0
0 -3.64954 -4.40648 1.30000 -0.25845 -0.96602 0.00000 -0.72991 0.26000 1 0 1.0
cl_leather
0 -3.30000 -4.50000 0.70000 -0.25845 -0.96602 0.00000 -0.66000 0.14000 1 0 1.0
0 -3.64954 -4.40648 1.30000 -0.25845 -0.96602 0.00000 -0.72991 0.26000 1 0 1.0
0 -3.64954 -4.40648 0.70000 -0.25845 -0.96602 0.00000 -0.72991 0.14000 1 0 1.0
cl_leather
0 -3.64954 -4.40648 0.70000 -0.70711 -0.70711 0.00000 -0.72991 0.14000 1 0 1.0
0 -3.64954 -4.40648 1.30000 -0.70711 -0.70711 0.00000 -0.72991 0.26000 1 0 1.0
0 -3.90648 -4.14954 1.30000 -0.70711 -0.70711 0.00000 -0.78130 0.26000 1 0 1.0
cl_leather
0 -3.64954 -4.40648 0.70000 -0.70711 -0.70711 0.00000 -0.72991 0.14000 1 0 1.0
0 -3.90648 -4.14954 1.30000 -0.70711 -0.70711 0.00000 -0.78130 0.26000 1 0 1.0
0 -3.90648 -4.14954 0.70000 -0.70711 -0.70711 0.00000 -0.78130 0.14000 1 0 1.0
cl_leather
0 -3.90648 -4.14954 0.70000 -0.96602 -0.25845 0.00000 -0.82991 0.14000 1 0 1.0
0 -3.90648 -4.14954 1.30000 -0.96602 -0.25845 0.00000 -0.82991 0.26000 1 0 1.0
0 -4.00000 -3.80000 1.30000 -0.96602 -0.25845 0.00000 -0.76000 0.26000 1 0 1.0
cl_leather
0 -3.90648 -4.14954 0.70000 -0.96602 -0.25845 0.00000 -0.82991 0.14000 1 0 1.0
0 -4.00000 -3.80000 1.30000 -0.96602 -0.25845 0.00000 -0.76000 0.26000 1 0 1.0
0 -4.00000 -3.80000 0.70000 -0.96602 -0.25845 0.00000 -0.76000 0.14000 1 0 1.0
cl_leather
0 -3.30000 -3.80000 2.00000 -0.25845 0.00000 0.96602 -0.66000 -0.76000 1 0 1.0
0 -3.30000 3.80000 2.00000 -0.25845 0.00000 0.96602 -0.66000 0.76000 1 0 1.0
0 -3.64954 3.80000 1.90648 -0.25845 0.00000 0.96602 -0.72991 0.76000 1 0 1.0
cl_leather
0 -3.30000 -3.80000 2.00000 -0.25845 0.00000 0.96602 -0.66000 -0.76000 1 0 1.0
0 -3.64954 3.80000 1.90648 -0.25845 0.00000 0.96602 -0.72991 0.76000 1 0 1.0
0 -3.64954 -3.80000 1.90648 -0.25845 0.00000 0.96602 -0.72991 -0.76000 1 0 1.0
cl_leather
0 -3.64954 -3.80000 1.90648 -0.70711 0.00000 0.70711 -0.72991 -0.76000 1 0 1.0
0 -3.64954 3.80000 1.90648 -0.70711 0.00000 0.70711 -0.72991 0.76000 1 0 1.0
0 -3.90648 3.80000 1.64954 -0.70711 0.00000 0.70711 -0.78130 0.76000 1 0 1.0
cl_leather
0 -3.64954 -3.80000 1.90648 -0.70711 0.00000 0.70711 -0.72991 -0.76000 1 0 1.0
0 -3.90648 3.80000 1.64954 -0.70711 0.00000 0.70711 -0.78130 0.76000 1 0 1.0
0 -3.90648 -3.80000 1.64954 -0.70711 0.00000 0.70711 -0.78130 -0.76000 1 0 1.0
cl_leather
0 -3.90648 -3.80000 1.64954 -0.96602 0.00000 0.25845 -0.76000 0.32991 1 0 1.0
0 -3.90648 3.80000 1.64954 -0.96602 0.00000 0.25845 0.76000 0.32991 1 0 1.0
0 -4.00000 3.80000 1.30000 -0.96602 0.00000 0.25845 0.76000 0.26000 1 0 1.0
cl_leather
0 -3.90648 -3.80000 1.64954 -0.96602 0.00000 0.25845 -0.76000 0.32991 1 0 1.0
0 -4.00000 3.80000 1.30000 -0.96602 0.00000 0.25845 0.76000 0.26000 1 0 1.0
0 -4.00000 -3.80000 1.30000 -0.96602 0.00000 0.25845 -0.76000 0.26000 1 0 1.0
cl_leather
0 -3.30000 4.50000 1.30000 -0.25845 0.96602 0.00000 -0.66000 0.26000 1 0 1.0
0 -3.30000 4.50000 0.70000 -0.25845 0.96602 0.00000 -0.66000 0.14000 1 0 1.0
0 -3.64954 4.40648 0.70000 -0.25845 0.96602 0.00000 -0.72991 0.14000 1 0 1.0
cl_leather
0 -3.30000 4.50000 1.30000 -0.25845 0.96602 0.00000 -0.66000 0.26000 1 0 1.0
0 -3.64954 4.40648 0.70000 -0.25845 0.96602 0.00000 -0.72991 0.14000 1 0 1.0
0 -3.64954 4.40648 1.30000 -0.25845 0.96602 0.00000 -0.72991 0.26000 1 0 1.0
cl_leather
0 -3.64954 4.40648 1.30000 -0.70711 0.70711 0.00000 -0.72991 0.26000 1 0 1.0
0 -3.64954 4.40648 0.70000 -0.70711 0.70711 0.00000 -0.72991 0.14000 1 0 1.0
0 -3.90648 4.14954 0.70000 -0.70711 0.70711 0.00000 -0.78130 0.14000 1 0 1.0
cl_leather
0 -3.64954 4.40648 1.30000 -0.70711 0.70711 0.00000 -0.72991 0.26000 1 0 1.0
0 -3.90648 4.14954 0.70000 -0.70711 0.70711 0.00000 -0.78130 0.14000 1 0 1.0
0 -3.90648 4.14954 1.30000 -0.70711 0.70711 0.00000 -0.78130 0.26000 1 0 1.0
cl_leather
0 -3.90648 4.14954 1.30000 -0.96602 0.25845 0.00000 0.82991 0.26000 1 0 1.0
0 -3.90648 4.14954 0.70000 -0.96602 0.25845 0.00000 0.82991 0.14000 1 0 1.0
0 -4.00000 3.80000 0.70000 -0.96602 0.25845 0.00000 0.76000 0.14000 1 0 1.0
cl_leather
0 -3.90648 4.14954 1.30000 -0.96602 0.25845 0.00000 0.82991 0.26000 1 0 1.0
0 -4.00000 3.80000 0.70000 -0.96602 0.25845 0.00000 0.76000 0.14000 1 0 1.0
0 -4.00000 3.80000 1.30000 -0.96602 0.25845 0.00000 0.76000 0.26000 1 0 1.0
cl_leather
0 3.30000 3.80000 0.00000 0.00000 0.25845 -0.96602 0.66000 0.76000 1 0 1.0
0 -3.30000 3.80000 0.00000 0.00000 0.25845 -0.96602 -0.66000 0.76000 1 0 1.0
0 -3.30000 4.14954 0.09352 0.00000 0.25845 -0.96602 -0.66000 0.82991 1 0 1.0
cl_leather
0 3.30000 3.80000 0.00000 0.00000 0.25845 -0.96602 0.66000 0.76000 1 0 1.0
0 -3.30000 4.14954 0.09352 0.00000 0.25845 -0.96602 -0.66000 0.82991 1 0 1.0
0 3.30000 4.14954 0.09352 0.00000 0.25845 -0.96602 0.66000 0.82991 1 0 1.0
cl_leather
0 3.30000 4.14954 0.09352 0.00000 0.70711 -0.70711 0.66000 0.01870 1 0 1.0
0 -3.30000 4.14954 0.09352 0.00000 0.70711 -0.70711 -0.66000 0.01870 1 0 1.0
0 -3.30000 4.40648 0.35046 0.00000 0.70711 -0.70711 -0.66000 0.07009 1 0 1.0
cl_leather
0 3.30000 4.14954 0.09352 0.00000 0.70711 -0.70711 0.66000 0.01870 1 0 1.0
0 -3.30000 4.40648 0.35046 0.00000 0.70711 -0.70711 -0.66000 0.07009 1 0 1.0
0 3.30000 4.40648 0.35046 0.00000 0.70711 -0.70711 0.66000 0.07009 1 0 1.0
cl_leather
0 3.30000 4.40648 0.35046 0.00000 0.96602 -0.25845 0.66000 0.07009 1 0 1.0
0 -3.30000 4.40648 0.35046 0.00000 0.96602 -0.25845 -0.66000 0.07009 1 0 1.0
0 -3.30000 4.50000 0.70000 0.00000 0.96602 -0.25845 -0.66000 0.14000 1 0 1.0
cl_leather
0 3.30000 4.40648 0.35046 0.00000 0.96602 -0.25845 0.66000 0.07009 1 0 1.0
0 -3.30000 4.50000 0.70000 0.00000 0.96602 -0.25845 -0.66000 0.14000 1 0 1.0
0 3.30000 4.50000 0.70000 0.00000 0.96602 -0.25845 0.66000 0.14000 1 0 1.0
cl_leather
0 -3.30000 3.80000 2.00000 0.00000 0.25845 0.96602 -0.66000 0.76000 1 0 1.0
0 3.30000 3.80000 2.00000 0.00000 0.25845 0.96602 0.66000 0.76000 1 0 1.0
0 3.30000 4.14954 1.90648 0.00000 0.25845 0.96602 0.66000 0.82991 1 0 1.0
cl_leather
0 -3.30000 3.80000 2.00000 0.00000 0.25845 0.96602 -0.66000 0.76000 1 0 1.0
0 3.30000 4.14954 1.90648 0.00000 0.25845 0.96602 0.66000 0.82991 1 0 1.0
0 -3.30000 4.14954 1.90648 0.00000 0.25845 0.96602 -0.66000 0.82991 1 0 1.0
cl_leather
0 -3.30000 4.14954 1.90648 0.00000 0.70711 0.70711 -0.66000 0.38130 1 0 1.0
0 3.30000 4.14954 1.90648 0.00000 0.70711 0.70711 0.66000 0.38130 1 0 1.0
0 3.30000 4.40648 1.64954 0.00000 0.70711 0.70711 0.66000 0.32991 1 0 1.0
cl_leather
0 -3.30000 4.14954 1.90648 0.00000 0.70711 0.70711 -0.66000 0.38130 1 0 1.0
0 3.30000 4.40648 1.64954 0.00000 0.70711 0.70711 0.66000 0.32991 1 0 1.0
0 -3.30000 4.40648 1.64954 0.00000 0.70711 0.70711 -0.66000 0.32991 1 0 1.0
cl_leather
0 -3.30000 4.40648 1.64954 0.00000 0.96602 0.25845 -0.66000 0.32991 1 0 1.0
0 3.30000 4.40648 1.64954 0.00000 0.96602 0.25845 0.66000 0.32991 1 0 1.0
0 3.30000 4.50000 1.30000 0.00000 0.96602 0.25845 0.66000 0.26000 1 0 1.0
cl_leather
0 -3.30000 4.40648 1.64954 0.00000 0.96602 0.25845 -0.66000 0.32991 1 0 1.0
0 3.30000 4.50000 1.30000 0.00000 0.96602 0.25845 0.66000 0.26000 1 0 1.0
0 -3.30000 4.50000 1.30000 0.00000 0.96602 0.25845 -0.66000 0.26000 1 0 1.0
cl_leather
0 4.00000 3.80000 1.30000 0.96602 0.25845 0.00000 0.76000 0.26000 1 0 1.0
0 4.00000 3.80000 0.70000 0.96602 0.25845 0.00000 0.76000 0.14000 1 0 1.0
0 3.90648 4.14954 0.70000 0.96602 0.25845 0.00000 0.82991 0.14000 1 0 1.0
cl_leather
0 4.00000 3.80000 1.30000 0.96602 0.25845 0.00000 0.76000 0.26000 1 0 1.0
0 3.90648 4.14954 0.70000 0.96602 0.25845 0.00000 0.82991 0.14000 1 0 1.0
0 3.90648 4.14954 1.30000 0.96602 0.25845 0.00000 0.82991 0.26000 1 0 1.0
cl_leather
0 3.90648 4.14954 1.30000 0.70711 0.70711 0.00000 0.78130 0.26000 1 0 1.0
0 3.90648 4.14954 0.70000 0.70711 0.70711 0.00000 0.78130 0.14000 1 0 1.0
0 3.64954 4.40648 0.70000 0.70711 0.70711 0.00000 0.72991 0.14000 1 0 1.0
cl_leather
0 3.90648 4.14954 1.30000 0.70711 0.70711 0.00000 0.78130 0.26000 1 0 1.0
0 3.64954 4.40648 0.70000 0.70711 0.70711 0.00000 0.72991 0.14000 1 0 1.0
0 3.64954 4.40648 1.30000 0.70711 0.70711 0.00000 0.72991 0.26000 1 0 1.0
cl_leather
0 3.64954 4.40648 1.30000 0.25845 0.96602 0.00000 0.72991 0.26000 1 0 1.0
0 3.64954 4.40648 0.70000 0.25845 0.96602 0.00000 0.72991 0.14000 1 0 1.0
0 3.30000 4.50000 0.70000 0.25845 0.96602 0.00000 0.66000 0.14000 1 0 1.0
cl_leather
0 3.64954 4.40648 1.30000 0.25845 0.96602 0.00000 0.72991 0.26000 1 0 1.0
0 3.30000 4.50000 0.70000 0.25845 0.96602 0.00000 0.66000 0.14000 1 0 1.0
0 3.30000 4.50000 1.30000 0.25845 0.96602 0.00000 0.66000 0.26000 1 0 1.0
cl_leather
0 3.30000 -3.80000 0.00000 0.25845 0.00000 -0.96602 0.66000 -0.76000 1 0 1.0
0 3.30000 3.80000 0.00000 0.25845 0.00000 -0.96602 0.66000 0.76000 1 0 1.0
0 3.64954 3.80000 0.09352 0.25845 0.00000 -0.96602 0.72991 0.76000 1 0 1.0
cl_leather
0 3.30000 -3.80000 0.00000 0.25845 0.00000 -0.96602 0.66000 -0.76000 1 0 1.0
0 3.64954 3.80000 0.09352 0.25845 0.00000 -0.96602 0.72991 0.76000 1 0 1.0
0 3.64954 -3.80000 0.09352 0.25845 0.00000 -0.96602 0.72991 -0.76000 1 0 1.0
cl_leather
0 3.64954 -3.80000 0.09352 0.70711 0.00000 -0.70711 0.72991 -0.76000 1 0 1.0
0 3.64954 3.80000 0.09352 0.70711 0.00000 -0.70711 0.72991 0.76000 1 0 1.0
0 3.90648 3.80000 0.35046 0.70711 0.00000 -0.70711 0.78130 0.76000 1 0 1.0
cl_leather
0 3.64954 -3.80000 0.09352 0.70711 0.00000 -0.70711 0.72991 -0.76000 1 0 1.0
0 3.90648 3.80000 0.35046 0.70711 0.00000 -0.70711 0.78130 0.76000 1 0 1.0
0 3.90648 -3.80000 0.35046 0.70711 0.00000 -0.70711 0.78130 -0.76000 1 0 1.0
cl_leather
0 3.90648 -3.80000 0.35046 0.96602 0.00000 -0.25845 -0.76000 0.07009 1 0 1.0
0 3.90648 3.80000 0.35046 0.96602 0.00000 -0.25845 0.76000 0.07009 1 0 1.0
0 4.00000 3.80000 0.70000 0.96602 0.00000 -0.25845 0.76000 0.14000 1 0 1.0
cl_leather
0 3.90648 -3.80000 0.35046 0.96602 0.00000 -0.25845 -0.76000 0.07009 1 0 1.0
0 4.00000 3.80000 0.70000 0.96602 0.00000 -0.25845 0.76000 0.14000 1 0 1.0
0 4.00000 -3.80000 0.70000 0.96602 0.00000 -0.25845 -0.76000 0.14000 1 0 1.0
cl_leather
0 3.30000 3.80000 2.00000 0.25845 0.00000 0.96602 0.66000 0.76000 1 0 1.0
0 3.30000 -3.80000 2.00000 0.25845 0.00000 0.96602 0.66000 -0.76000 1 0 1.0
0 3.64954 -3.80000 1.90648 0.25845 0.00000 0.96602 0.72991 -0.76000 1 0 1.0
cl_leather
0 3.30000 3.80000 2.00000 0.25845 0.00000 0.96602 0.66000 0.76000 1 0 1.0
0 3.64954 -3.80000 1.90648 0.25845 0.00000 0.96602 0.72991 -0.76000 1 0 1.0
0 3.64954 3.80000 1.90648 0.25845 0.00000 0.96602 0.72991 0.76000 1 0 1.0
cl_leather
0 3.64954 3.80000 1.90648 0.70711 0.00000 0.70711 0.72991 0.76000 1 0 1.0
0 3.64954 -3.80000 1.90648 0.70711 0.00000 0.70711 0.72991 -0.76000 1 0 1.0
0 3.90648 -3.80000 1.64954 0.70711 0.00000 0.70711 0.78130 -0.76000 1 0 1.0
cl_leather
0 3.64954 3.80000 1.90648 0.70711 0.00000 0.70711 0.72991 0.76000 1 0 1.0
0 3.90648 -3.80000 1.64954 0.70711 0.00000 0.70711 0.78130 -0.76000 1 0 1.0
0 3.90648 3.80000 1.64954 0.70711 0.00000 0.70711 0.78130 0.76000 1 0 1.0
cl_leather
0 3.90648 3.80000 1.64954 0.96602 0.00000 0.25845 0.76000 0.32991 1 0 1.0
0 3.90648 -3.80000 1.64954 0.96602 0.00000 0.25845 -0.76000 0.32991 1 0 1.0
0 4.00000 -3.80000 1.30000 0.96602 0.00000 0.25845 -0.76000 0.26000 1 0 1.0
cl_leather
0 3.90648 3.80000 1.64954 0.96602 0.00000 0.25845 0.76000 0.32991 1 0 1.0
0 4.00000 -3.80000 1.30000 0.96602 0.00000 0.25845 -0.76000 0.26000 1 0 1.0
0 4.00000 3.80000 1.30000 0.96602 0.00000 0.25845 0.76000 0.26000 1 0 1.0
cl_leather
0 3.30000 -4.50000 1.30000 0.25845 -0.96602 0.00000 0.66000 0.26000 1 0 1.0
0 3.30000 -4.50000 0.70000 0.25845 -0.96602 0.00000 0.66000 0.14000 1 0 1.0
0 3.64954 -4.40648 0.70000 0.25845 -0.96602 0.00000 0.72991 0.14000 1 0 1.0
cl_leather
0 3.30000 -4.50000 1.30000 0.25845 -0.96602 0.00000 0.66000 0.26000 1 0 1.0
0 3.64954 -4.40648 0.70000 0.25845 -0.96602 0.00000 0.72991 0.14000 1 0 1.0
0 3.64954 -4.40648 1.30000 0.25845 -0.96602 0.00000 0.72991 0.26000 1 0 1.0
cl_leather
0 3.64954 -4.40648 1.30000 0.70711 -0.70711 0.00000 0.72991 0.26000 1 0 1.0
0 3.64954 -4.40648 0.70000 0.70711 -0.70711 0.00000 0.72991 0.14000 1 0 1.0
0 3.90648 -4.14954 0.70000 0.70711 -0.70711 0.00000 0.78130 0.14000 1 0 1.0
cl_leather
0 3.64954 -4.40648 1.30000 0.70711 -0.70711 0.00000 0.72991 0.26000 1 0 1.0
0 3.90648 -4.14954 0.70000 0.70711 -0.70711 0.00000 0.78130 0.14000 1 0 1.0
0 3.90648 -4.14954 1.30000 0.70711 -0.70711 0.00000 0.78130 0.26000 1 0 1.0
cl_leather
0 3.90648 -4.14954 1.30000 0.96602 -0.25845 0.00000 -0.82991 0.26000 1 0 1.0
0 3.90648 -4.14954 0.70000 0.96602 -0.25845 0.00000 -0.82991 0.14000 1 0 1.0
0 4.00000 -3.80000 0.70000 0.96602 -0.25845 0.00000 -0.76000 0.14000 1 0 1.0
cl_leather
0 3.90648 -4.14954 1.30000 0.96602 -0.25845 0.00000 -0.82991 0.26000 1 0 1.0
0 4.00000 -3.80000 0.70000 0.96602 -0.25845 0.00000 -0.76000 0.14000 1 0 1.0
0 4.00000 -3.80000 1.30000 0.96602 -0.25845 0.00000 -0.76000 0.26000 1 0 1.0
cl_leather
0 -3.30000 -3.80000 0.00000 0.00000 -0.25845 -0.96602 -0.66000 -0.76000 1 0 1.0
0 3.30000 -3.80000 0.00000 0.00000 -0.25845 -0.96602 0.66000 -0.76000 1 0 1.0
0 3.30000 -4.14954 0.09352 0.00000 -0.25845 -0.96602 0.66000 -0.82991 1 0 1.0
cl_leather
0 -3.30000 -3.80000 0.00000 0.00000 -0.25845 -0.96602 -0.66000 -0.76000 1 0 1.0
0 3.30000 -4.14954 0.09352 0.00000 -0.25845 -0.96602 0.66000 -0.82991 1 0 1.0
0 -3.30000 -4.14954 0.09352 0.00000 -0.25845 -0.96602 -0.66000 -0.82991 1 0 1.0
cl_leather
0 -3.30000 -4.14954 0.09352 0.00000 -0.70711 -0.70711 -0.66000 0.01870 1 0 1.0
0 3.30000 -4.14954 0.09352 0.00000 -0.70711 -0.70711 0.66000 0.01870 1 0 1.0
0 3.30000 -4.40648 0.35046 0.00000 -0.70711 -0.70711 0.66000 0.07009 1 0 1.0
cl_leather
0 -3.30000 -4.14954 0.09352 0.00000 -0.70711 -0.70711 -0.66000 0.01870 1 0 1.0
0 3.30000 -4.40648 0.35046 0.00000 -0.70711 -0.70711 0.66000 0.07009 1 0 1.0
0 -3.30000 -4.40648 0.35046 0.00000 -0.70711 -0.70711 -0.66000 0.07009 1 0 1.0
cl_leather
0 -3.30000 -4.40648 0.35046 0.00000 -0.96602 -0.25845 -0.66000 0.07009 1 0 1.0
0 3.30000 -4.40648 0.35046 0.00000 -0.96602 -0.25845 0.66000 0.07009 1 0 1.0
0 3.30000 -4.50000 0.70000 0.00000 -0.96602 -0.25845 0.66000 0.14000 1 0 1.0
cl_leather
0 -3.30000 -4.40648 0.35046 0.00000 -0.96602 -0.25845 -0.66000 0.07009 1 0 1.0
0 3.30000 -4.50000 0.70000 0.00000 -0.96602 -0.25845 0.66000 0.14000 1 0 1.0
0 -3.30000 -4.50000 0.70000 0.00000 -0.96602 -0.25845 -0.66000 0.14000 1 0 1.0
cl_leather
0 3.30000 -3.80000 2.00000 0.00000 -0.25845 0.96602 0.66000 -0.76000 1 0 1.0
0 -3.30000 -3.80000 2.00000 0.00000 -0.25845 0.96602 -0.66000 -0.76000 1 0 1.0
0 -3.30000 -4.14954 1.90648 0.00000 -0.25845 0.96602 -0.66000 -0.82991 1 0 1.0
cl_leather
0 3.30000 -3.80000 2.00000 0.00000 -0.25845 0.96602 0.66000 -0.76000 1 0 1.0
0 -3.30000 -4.14954 1.90648 0.00000 -0.25845 0.96602 -0.66000 -0.82991 1 0 1.0
0 3.30000 -4.14954 1.90648 0.00000 -0.25845 0.96602 0.66000 -0.82991 1 0 1.0
cl_leather
0 3.30000 -4.14954 1.90648 0.00000 -0.70711 0.70711 0.66000 0.38130 1 0 1.0
0 -3.30000 -4.14954 1.90648 0.00000 -0.70711 0.70711 -0.66000 0.38130 1 0 1.0
0 -3.30000 -4.40648 1.64954 0.00000 -0.70711 0.70711 -0.66000 0.32991 1 0 1.0
cl_leather
0 3.30000 -4.14954 1.90648 0.00000 -0.70711 0.70711 0.66000 0.38130 1 0 1.0
0 -3.30000 -4.40648 1.64954 0.00000 -0.70711 0.70711 -0.66000 0.32991 1 0 1.0
0 3.30000 -4.40648 1.64954 0.00000 -0.70711 0.70711 0.66000 0.32991 1 0 1.0
cl_leather
0 3.30000 -4.40648 1.64954 0.00000 -0.96602 0.25845 0.66000 0.32991 1 0 1.0
0 -3.30000 -4.40648 1.64954 0.00000 -0.96602 0.25845 -0.66000 0.32991 1 0 1.0
0 -3.30000 -4.50000 1.30000 0.00000 -0.96602 0.25845 -0.66000 0.26000 1 0 1.0
cl_leather
0 3.30000 -4.40648 1.64954 0.00000 -0.96602 0.25845 0.66000 0.32991 1 0 1.0
0 -3.30000 -4.50000 1.30000 0.00000 -0.96602 0.25845 -0.66000 0.26000 1 0 1.0
0 3.30000 -4.50000 1.30000 0.00000 -0.96602 0.25845 0.66000 0.26000 1 0 1.0
cl_leather
0 -3.30000 3.80000 0.00000 0.00000 0.00000 -1.00000 -0.66000 0.76000 1 0 1.0
0 3.30000 3.80000 0.00000 0.00000 0.00000 -1.00000 0.66000 0.76000 1 0 1.0
0 3.30000 -3.80000 0.00000 0.00000 0.00000 -1.00000 0.66000 -0.76000 1 0 1.0
cl_leather
0 -3.30000 3.80000 0.00000 0.00000 0.00000 -1.00000 -0.66000 0.76000 1 0 1.0
0 3.30000 -3.80000 0.00000 0.00000 0.00000 -1.00000 0.66000 -0.76000 1 0 1.0
0 -3.30000 -3.80000 0.00000 0.00000 0.00000 -1.00000 -0.66000 -0.76000 1 0 1.0
cl_leather
0 -4.00000 -3.80000 0.70000 -1.00000 0.00000 0.00000 -0.76000 0.14000 1 0 1.0
0 -4.00000 -3.80000 1.30000 -1.00000 0.00000 0.00000 -0.76000 0.26000 1 0 1.0
0 -4.00000 3.80000 1.30000 -1.00000 0.00000 0.00000 0.76000 0.26000 1 0 1.0
cl_leather
0 -4.00000 -3.80000 0.70000 -1.00000 0.00000 0.00000 -0.76000 0.14000 1 0 1.0
0 -4.00000 3.80000 1.30000 -1.00000 0.00000 0.00000 0.76000 0.26000 1 0 1.0
0 -4.00000 3.80000 0.70000 -1.00000 0.00000 0.00000 0.76000 0.14000 1 0 1.0
cl_leather
0 3.30000 -4.50000 0.70000 0.00000 -1.00000 0.00000 0.66000 0.14000 1 0 1.0
0 3.30000 -4.50000 1.30000 0.00000 -1.00000 0.00000 0.66000 0.26000 1 0 1.0
0 -3.30000 -4.50000 1.30000 0.00000 -1.00000 0.00000 -0.66000 0.26000 1 0 1.0
cl_leather
0 3.30000 -4.50000 0.70000 0.00000 -1.00000 0.00000 0.66000 0.14000 1 0 1.0
0 -3.30000 -4.50000 1.30000 0.00000 -1.00000 0.00000 -0.66000 0.26000 1 0 1.0
0 -3.30000 -4.50000 0.70000 0.00000 -1.00000 0.00000 -0.66000 0.14000 1 0 1.0
cl_leather
0 3.30000 3.80000 2.00000 0.00000 0.00000 1.00000 0.66000 0.76000 1 0 1.0
0 -3.30000 3.80000 2.00000 0.00000 0.00000 1.00000 -0.66000 0.76000 1 0 1.0
0 -3.30000 -3.80000 2.00000 0.00000 0.00000 1.00000 -0.66000 -0.76000 1 0 1.0
cl_leather
0 3.30000 3.80000 2.00000 0.00000 0.00000 1.00000 0.66000 0.76000 1 0 1.0
0 -3.30000 -3.80000 2.00000 0.00000 0.00000 1.00000 -0.66000 -0.76000 1 0 1.0
0 3.30000 -3.80000 2.00000 0.00000 0.00000 1.00000 0.66000 -0.76000 1 0 1.0
cl_leather
0 -3.30000 4.50000 0.70000 0.00000 1.00000 0.00000 -0.66000 0.14000 1 0 1.0
0 -3.30000 4.50000 1.30000 0.00000 1.00000 0.00000 -0.66000 0.26000 1 0 1.0
0 3.30000 4.50000 1.30000 0.00000 1.00000 0.00000 0.66000 0.26000 1 0 1.0
cl_leather
0 -3.30000 4.50000 0.70000 0.00000 1.00000 0.00000 -0.66000 0.14000 1 0 1.0
0 3.30000 4.50000 1.30000 0.00000 1.00000 0.00000 0.66000 0.26000 1 0 1.0
0 3.30000 4.50000 0.70000 0.00000 1.00000 0.00000 0.66000 0.14000 1 0 1.0
cl_leather
0 4.00000 3.80000 0.70000 1.00000 0.00000 0.00000 0.76000 0.14000 1 0 1.0
0 4.00000 3.80000 1.30000 1.00000 0.00000 0.00000 0.76000 0.26000 1 0 1.0
0 4.00000 -3.80000 1.30000 1.00000 0.00000 0.00000 -0.76000 0.26000 1 0 1.0
cl_leather
0 4.00000 3.80000 0.70000 1.00000 0.00000 0.00000 0.76000 0.14000 1 0 1.0
0 4.00000 -3.80000 1.30000 1.00000 0.00000 0.00000 -0.76000 0.26000 1 0 1.0
0 4.00000 -3.80000 0.70000 1.00000 0.00000 0.00000 -0.76000 0.14000 1 0 1.0
cl_leather
0 2.94609 2.34735 2.05000 -0.08769 0.83455 0.54391 0.58922 0.41000 1 0 1.0
0 2.54154 2.30485 2.05000 -0.08769 0.83455 0.54391 0.50831 0.41000 1 0 1.0
0 2.57297 2.14685 2.29749 -0.08769 0.83455 0.54391 0.51459 0.45950 1 0 1.0
cl_leather
0 2.94609 2.34735 2.05000 -0.08614 0.83366 0.54552 0.58922 0.41000 1 0 1.0
0 2.57297 2.14685 2.29749 -0.08614 0.83366 0.54552 0.51459 0.45950 1 0 1.0
0 2.96188 2.18704 2.29749 -0.08614 0.83366 0.54552 0.59238 0.45950 1 0 1.0
cl_leather
0 2.96188 2.18704 2.29749 -0.02630 0.25457 0.96670 0.59238 0.43741 1 0 1.0
0 2.57297 2.14685 2.29749 -0.02630 0.25457 0.96670 0.51459 0.42937 1 0 1.0
0 2.64884 1.76541 2.40000 -0.02630 0.25457 0.96670 0.52977 0.35308 1 0 1.0
cl_leather
0 2.96188 2.18704 2.29749 -0.02498 0.25366 0.96697 0.59238 0.43741 1 0 1.0
0 2.64884 1.76541 2.40000 -0.02498 0.25366 0.96697 0.52977 0.35308 1 0 1.0
0 3.00000 1.80000 2.40000 -0.02498 0.25366 0.96697 0.60000 0.36000 1 0 1.0
cl_leather
0 3.00000 1.80000 2.40000 0.02510 -0.25480 0.96667 0.60000 0.36000 1 0 1.0
0 2.64884 1.76541 2.40000 0.02510 -0.25480 0.96667 0.52977 0.35308 1 0 1.0
0 2.72471 1.38398 2.29749 0.02510 -0.25480 0.96667 0.54494 0.27680 1 0 1.0
cl_leather
0 3.00000 1.80000 2.40000 0.02347 -0.25381 0.96697 0.60000 0.36000 1 0 1.0
0 2.72471 1.38398 2.29749 0.02347 -0.25381 0.96697 0.54494 0.27680 1 0 1.0
0 3.03812 1.41296 2.29749 0.02347 -0.25381 0.96697 0.60762 0.28259 1 0 1.0
cl_leather
0 3.03812 1.41296 2.29749 0.07731 -0.83588 0.54344 0.60762 0.45950 1 0 1.0
0 2.72471 1.38398 2.29749 0.07731 -0.83588 0.54344 0.54494 0.45950 1 0 1.0
0 2.75614 1.22598 2.05000 0.07731 -0.83588 0.54344 0.55123 0.41000 1 0 1.0
cl_leather
0 3.03812 1.41296 2.29749 0.07476 -0.83477 0.54551 0.60762 0.45950 1 0 1.0
0 2.75614 1.22598 2.05000 0.07476 -0.83477 0.54551 0.55123 0.41000 1 0 1.0
0 3.05391 1.25265 2.05000 0.07476 -0.83477 0.54551 0.61078 0.41000 1 0 1.0
cl_leather
0 3.05391 1.25265 2.05000 0.07488 -0.83618 -0.54332 0.61078 0.41000 1 0 1.0
0 2.75614 1.22598 2.05000 0.07488 -0.83618 -0.54332 0.55123 0.41000 1 0 1.0
0 2.72471 1.38398 1.80251 0.07488 -0.83618 -0.54332 0.54494 0.36050 1 0 1.0
cl_leather
0 3.05391 1.25265 2.05000 0.07718 -0.83454 -0.54552 0.61078 0.41000 1 0 1.0
0 2.72471 1.38398 1.80251 0.07718 -0.83454 -0.54552 0.54494 0.36050 1 0 1.0
0 3.03812 1.41296 1.80251 0.07718 -0.83454 -0.54552 0.60762 0.36050 1 0 1.0
cl_leather
0 3.03812 1.41296 1.80251 0.02359 -0.25509 -0.96663 0.60762 0.28259 1 0 1.0
0 2.72471 1.38398 1.80251 0.02359 -0.25509 -0.96663 0.54494 0.27680 1 0 1.0
0 2.64884 1.76541 1.70000 0.02359 -0.25509 -0.96663 0.52977 0.35308 1 0 1.0
cl_leather
0 3.03812 1.41296 1.80251 0.02498 -0.25366 -0.96697 0.60762 0.28259 1 0 1.0
0 2.64884 1.76541 1.70000 0.02498 -0.25366 -0.96697 0.52977 0.35308 1 0 1.0
0 3.00000 1.80000 1.70000 0.02498 -0.25366 -0.96697 0.60000 0.36000 1 0 1.0
cl_leather
0 3.00000 1.80000 1.70000 -0.02510 0.25480 -0.96667 0.60000 0.36000 1 0 1.0
0 2.64884 1.76541 1.70000 -0.02510 0.25480 -0.96667 0.52977 0.35308 1 0 1.0
0 2.57297 2.14685 1.80251 -0.02510 0.25480 -0.96667 0.51459 0.42937 1 0 1.0
cl_leather
0 3.00000 1.80000 1.70000 -0.02620 0.25354 -0.96697 0.60000 0.36000 1 0 1.0
0 2.57297 2.14685 1.80251 -0.02620 0.25354 -0.96697 0.51459 0.42937 1 0 1.0
0 2.96188 2.18704 1.80251 -0.02620 0.25354 -0.96697 0.59238 0.43741 1 0 1.0
cl_leather
0 2.96188 2.18704 1.80251 -0.08625 0.83474 -0.54385 0.59238 0.36050 1 0 1.0
0 2.57297 2.14685 1.80251 -0.08625 0.83474 -0.54385 0.51459 0.36050 1 0 1.0
0 2.54154 2.30485 2.05000 -0.08625 0.83474 -0.54385 0.50831 0.41000 1 0 1.0
cl_leather
0 2.96188 2.18704 1.80251 -0.08758 0.83351 -0.54551 0.59238 0.36050 1 0 1.0
0 2.54154 2.30485 2.05000 -0.08758 0.83351 -0.54551 0.50831 0.41000 1 0 1.0
0 2.94609 2.34735 2.05000 -0.08758 0.83351 -0.54551 0.58922 0.41000 1 0 1.0
cl_leather
0 2.54154 2.30485 2.05000 -0.24364 0.80316 0.54367 0.50831 0.41000 1 0 1.0
0 2.10069 2.17112 2.05000 -0.24364 0.80316 0.54367 0.42014 0.41000 1 0 1.0
0 2.16234 2.02229 2.29749 -0.24364 0.80316 0.54367 0.43247 0.45950 1 0 1.0
cl_leather
0 2.54154 2.30485 2.05000 -0.24364 0.80316 0.54367 0.50831 0.41000 1 0 1.0
0 2.16234 2.02229 2.29749 -0.24364 0.80316 0.54367 0.43247 0.45950 1 0 1.0
0 2.57297 2.14685 2.29749 -0.24364 0.80316 0.54367 0.51459 0.45950 1 0 1.0
cl_leather
0 2.57297 2.14685 2.29749 -0.07432 0.24501 0.96667 0.51459 0.42937 1 0 1.0
0 2.16234 2.02229 2.29749 -0.07432 0.24501 0.96667 0.43247 0.40446 1 0 1.0
0 2.31117 1.66298 2.40000 -0.07432 0.24501 0.96667 0.46223 0.33260 1 0 1.0
cl_leather
0 2.57297 2.14685 2.29749 -0.07432 0.24501 0.96667 0.51459 0.42937 1 0 1.0
0 2.31117 1.66298 2.40000 -0.07432 0.24501 0.96667 0.46223 0.33260 1 0 1.0
0 2.64884 1.76541 2.40000 -0.07432 0.24501 0.96667 0.52977 0.35308 1 0 1.0
cl_leather
0 2.64884 1.76541 2.40000 0.07432 -0.24501 0.96667 0.52977 0.35308 1 0 1.0
0 2.31117 1.66298 2.40000 0.07432 -0.24501 0.96667 0.46223 0.33260 1 0 1.0
0 2.46000 1.30368 2.29749 0.07432 -0.24501 0.96667 0.49200 0.26074 1 0 1.0
cl_leather
0 2.64884 1.76541 2.40000 0.07432 -0.24501 0.96667 0.52977 0.35308 1 0 1.0
0 2.46000 1.30368 2.29749 0.07432 -0.24501 0.96667 0.49200 0.26074 1 0 1.0
0 2.72471 1.38398 2.29749 0.07432 -0.24501 0.96667 0.54494 0.27680 1 0 1.0
cl_leather
0 2.72471 1.38398 2.29749 0.24364 -0.80316 0.54367 0.54494 0.45950 1 0 1.0
0 2.46000 1.30368 2.29749 0.24364 -0.80316 0.54367 0.49200 0.45950 1 0 1.0
0 2.52165 1.15485 2.05000 0.24364 -0.80316 0.54367 0.50433 0.41000 1 0 1.0
cl_leather
0 2.72471 1.38398 2.29749 0.24364 -0.80316 0.54367 0.54494 0.45950 1 0 1.0
0 2.52165 1.15485 2.05000 0.24364 -0.80316 0.54367 0.50433 0.41000 1 0 1.0
0 2.75614 1.22598 2.05000 0.24364 -0.80316 0.54367 0.55123 0.41000 1 0 1.0
cl_leather
0 2.75614 1.22598 2.05000 0.24364 -0.80316 -0.54367 0.55123 0.41000 1 0 1.0
0 2.52165 1.15485 2.05000 0.24364 -0.80316 -0.54367 0.50433 0.41000 1 0 1.0
0 2.46000 1.30368 1.80251 0.24364 -0.80316 -0.54367 0.49200 0.36050 1 0 1.0
cl_leather
0 2.75614 1.22598 2.05000 0.24364 -0.80316 -0.54367 0.55123 0.41000 1 0 1.0
0 2.46000 1.30368 1.80251 0.24364 -0.80316 -0.54367 0.49200 0.36050 1 0 1.0
0 2.72471 1.38398 1.80251 0.24364 -0.80316 -0.54367 0.54494 0.36050 1 0 1.0
cl_leather
0 2.72471 1.38398 1.80251 0.07432 -0.24501 -0.96667 0.54494 0.27680 1 0 1.0
0 2.46000 1.30368 1.80251 0.07432 -0.24501 -0.96667 0.49200 0.26074 1 0 1.0
0 2.31117 1.66298 1.70000 0.07432 -0.24501 -0.96667 0.46223 0.33260 1 0 1.0
cl_leather
0 2.72471 1.38398 1.80251 0.07432 -0.24501 -0.96667 0.54494 0.27680 1 0 1.0
0 2.31117 1.66298 1.70000 0.07432 -0.24501 -0.96667 0.46223 0.33260 1 0 1.0
0 2.64884 1.76541 1.70000 0.07432 -0.24501 -0.96667 0.52977 0.35308 1 0 1.0
cl_leather
0 2.64884 1.76541 1.70000 -0.07432 0.24501 -0.96667 0.52977 0.35308 1 0 1.0
0 2.31117 1.66298 1.70000 -0.07432 0.24501 -0.96667 0.46223 0.33260 1 0 1.0
0 2.16234 2.02229 1.80251 -0.07432 0.24501 -0.96667 0.43247 0.40446 1 0 1.0
cl_leather
0 2.64884 1.76541 1.70000 -0.07432 0.24501 -0.96667 0.52977 0.35308 1 0 1.0
0 2.16234 2.02229 1.80251 -0.07432 0.24501 -0.96667 0.43247 0.40446 1 0 1.0
0 2.57297 2.14685 1.80251 -0.07432 0.24501 -0.96667 0.51459 0.42937 1 0 1.0
cl_leather
0 2.57297 2.14685 1.80251 -0.24364 0.80316 -0.54367 0.51459 0.36050 1 0 1.0
0 2.16234 2.02229 1.80251 -0.24364 0.80316 -0.54367 0.43247 0.36050 1 0 1.0
0 2.10069 2.17112 2.05000 -0.24364 0.80316 -0.54367 0.42014 0.41000 1 0 1.0
cl_leather
0 2.57297 2.14685 1.80251 -0.24364 0.80316 -0.54367 0.51459 0.36050 1 0 1.0
0 2.10069 2.17112 2.05000 -0.24364 0.80316 -0.54367 0.42014 0.41000 1 0 1.0
0 2.54154 2.30485 2.05000 -0.24364 0.80316 -0.54367 0.50831 0.41000 1 0 1.0
cl_leather
0 2.10069 2.17112 2.05000 -0.39564 0.74019 0.54367 0.42014 0.41000 1 0 1.0
0 1.69441 1.95395 2.05000 -0.39564 0.74019 0.54367 0.33888 0.41000 1 0 1.0
0 1.78391 1.82001 2.29749 -0.39564 0.74019 0.54367 0.35678 0.45950 1 0 1.0
cl_leather
0 2.10069 2.17112 2.05000 -0.39564 0.74019 0.54367 0.42014 0.41000 1 0 1.0
0 1.78391 1.82001 2.29749 -0.39564 0.74019 0.54367 0.35678 0.45950 1 0 1.0
0 2.16234 2.02229 2.29749 -0.39564 0.74019 0.54367 0.43247 0.45950 1 0 1.0
cl_leather
0 2.16234 2.02229 2.29749 -0.12070 0.22580 0.96667 0.43247 0.40446 1 0 1.0
0 1.78391 1.82001 2.29749 -0.12070 0.22580 0.96667 0.35678 0.36400 1 0 1.0
0 1.99997 1.49665 2.40000 -0.12070 0.22580 0.96667 0.39999 0.29933 1 0 1.0
cl_leather
0 2.16234 2.02229 2.29749 -0.12069 0.22580 0.96667 0.43247 0.40446 1 0 1.0
0 1.99997 1.49665 2.40000 -0.12069 0.22580 0.96667 0.39999 0.29933 1 0 1.0
0 2.31117 1.66298 2.40000 -0.12069 0.22580 0.96667 0.46223 0.33260 1 0 1.0
cl_leather
0 2.31117 1.66298 2.40000 0.12069 -0.22580 0.96667 0.46223 0.33260 1 0 1.0
0 1.99997 1.49665 2.40000 0.12069 -0.22580 0.96667 0.39999 0.29933 1 0 1.0
0 2.21604 1.17328 2.29749 0.12069 -0.22580 0.96667 0.44321 0.23466 1 0 1.0
cl_leather
0 2.31117 1.66298 2.40000 0.12069 -0.22580 0.96667 0.46223 0.33260 1 0 1.0
0 2.21604 1.17328 2.29749 0.12069 -0.22580 0.96667 0.44321 0.23466 1 0 1.0
0 2.46000 1.30368 2.29749 0.12069 -0.22580 0.96667 0.49200 0.26074 1 0 1.0
cl_leather
0 2.46000 1.30368 2.29749 0.39564 -0.74019 0.54367 0.49200 0.45950 1 0 1.0
0 2.21604 1.17328 2.29749 0.39564 -0.74019 0.54367 0.44321 0.45950 1 0 1.0
0 2.30554 1.03934 2.05000 0.39564 -0.74019 0.54367 0.46111 0.41000 1 0 1.0
cl_leather
0 2.46000 1.30368 2.29749 0.39564 -0.74019 0.54367 0.49200 0.45950 1 0 1.0
0 2.30554 1.03934 2.05000 0.39564 -0.74019 0.54367 0.46111 0.41000 1 0 1.0
0 2.52165 1.15485 2.05000 0.39564 -0.74019 0.54367 0.50433 0.41000 1 0 1.0
cl_leather
0 2.52165 1.15485 2.05000 0.39564 -0.74019 -0.54367 0.50433 0.41000 1 0 1.0
0 2.30554 1.03934 2.05000 0.39564 -0.74019 -0.54367 0.46111 0.41000 1 0 1.0
0 2.21604 1.17328 1.80251 0.39564 -0.74019 -0.54367 0.44321 0.36050 1 0 1.0
cl_leather
0 2.52165 1.15485 2.05000 0.39564 -0.74019 -0.54367 0.50433 0.41000 1 0 1.0
0 2.21604 1.17328 1.80251 0.39564 -0.74019 -0.54367 0.44321 0.36050 1 0 1.0
0 2.46000 1.30368 1.80251 0.39564 -0.74019 -0.54367 0.49200 0.36050 1 0 1.0
cl_leather
0 2.46000 1.30368 1.80251 0.12070 -0.22580 -0.96667 0.49200 0.26074 1 0 1.0
0 2.21604 1.17328 1.80251 0.12070 -0.22580 -0.96667 0.44321 0.23466 1 0 1.0
0 1.99997 1.49665 1.70000 0.12070 -0.22580 -0.96667 0.39999 0.29933 1 0 1.0
cl_leather
0 2.46000 1.30368 1.80251 0.12070 -0.22580 -0.96667 0.49200 0.26074 1 0 1.0
0 1.99997 1.49665 1.70000 0.12070 -0.22580 -0.96667 0.39999 0.29933 1 0 1.0
0 2.31117 1.66298 1.70000 0.12070 -0.22580 -0.96667 0.46223 0.33260 1 0 1.0
cl_leather
0 2.31117 1.66298 1.70000 -0.12070 0.22580 -0.96667 0.46223 0.33260 1 0 1.0
0 1.99997 1.49665 1.70000 -0.12070 0.22580 -0.96667 0.39999 0.29933 1 0 1.0
0 1.78391 1.82001 1.80251 -0.12070 0.22580 -0.96667 0.35678 0.36400 1 0 1.0
cl_leather
0 2.31117 1.66298 1.70000 -0.12070 0.22580 -0.96667 0.46223 0.33260 1 0 1.0
0 1.78391 1.82001 1.80251 -0.12070 0.22580 -0.96667 0.35678 0.36400 1 0 1.0
0 2.16234 2.02229 1.80251 -0.12070 0.22580 -0.96667 0.43247 0.40446 1 0 1.0
cl_leather
0 2.16234 2.02229 1.80251 -0.39564 0.74019 -0.54367 0.43247 0.36050 1 0 1.0
0 1.78391 1.82001 1.80251 -0.39564 0.74019 -0.54367 0.35678 0.36050 1 0 1.0
0 1.69441 1.95395 2.05000 -0.39564 0.74019 -0.54367 0.33888 0.41000 1 0 1.0
cl_leather
0 2.16234 2.02229 1.80251 -0.39564 0.74019 -0.54367 0.43247 0.36050 1 0 1.0
0 1.69441 1.95395 2.05000 -0.39564 0.74019 -0.54367 0.33888 0.41000 1 0 1.0
0 2.10069 2.17112 2.05000 -0.39564 0.74019 -0.54367 0.42014 0.41000 1 0 1.0
cl_leather
0 1.69441 1.95395 2.05000 -0.53244 0.64879 0.54367 0.33888 0.41000 1 0 1.0
0 1.33830 1.66170 2.05000 -0.53244 0.64879 0.54367 0.26766 0.41000 1 0 1.0
0 1.45221 1.54779 2.29749 -0.53244 0.64879 0.54367 0.29044 0.45950 1 0 1.0
cl_leather
0 1.69441 1.95395 2.05000 -0.53244 0.64879 0.54367 0.33888 0.41000 1 0 1.0
0 1.45221 1.54779 2.29749 -0.53244 0.64879 0.54367 0.29044 0.45950 1 0 1.0
0 1.78391 1.82001 2.29749 -0.53244 0.64879 0.54367 0.35678 0.45950 1 0 1.0
cl_leather
0 1.78391 1.82001 2.29749 -0.16243 0.19792 0.96667 0.35678 0.36400 1 0 1.0
0 1.45221 1.54779 2.29749 -0.16243 0.19792 0.96667 0.29044 0.30956 1 0 1.0
0 1.72721 1.27279 2.40000 -0.16243 0.19792 0.96667 0.34544 0.25456 1 0 1.0
cl_leather
0 1.78391 1.82001 2.29749 -0.16243 0.19792 0.96667 0.35678 0.36400 1 0 1.0
0 1.72721 1.27279 2.40000 -0.16243 0.19792 0.96667 0.34544 0.25456 1 0 1.0
0 1.99997 1.49665 2.40000 -0.16243 0.19792 0.96667 0.39999 0.29933 1 0 1.0
cl_leather
0 1.99997 1.49665 2.40000 0.16243 -0.19792 0.96667 0.39999 0.29933 1 0 1.0
0 1.72721 1.27279 2.40000 0.16243 -0.19792 0.96667 0.34544 0.25456 1 0 1.0
0 2.00221 0.99779 2.29749 0.16243 -0.19792 0.96667 0.40044 0.19956 1 0 1.0
cl_leather
0 1.99997 1.49665 2.40000 0.16243 -0.19792 0.96667 0.39999 0.29933 1 0 1.0
0 2.00221 0.99779 2.29749 0.16243 -0.19792 0.96667 0.40044 0.19956 1 0 1.0
0 2.21604 1.17328 2.29749 0.16243 -0.19792 0.96667 0.44321 0.23466 1 0 1.0
cl_leather
0 2.21604 1.17328 2.29749 0.53244 -0.64879 0.54367 0.44321 0.45950 1 0 1.0
0 2.00221 0.99779 2.29749 0.53244 -0.64879 0.54367 0.40044 0.45950 1 0 1.0
0 2.11612 0.88388 2.05000 0.53244 -0.64879 0.54367 0.42322 0.41000 1 0 1.0
cl_leather
0 2.21604 1.17328 2.29749 0.53244 -0.64879 0.54367 0.44321 0.45950 1 0 1.0
0 2.11612 0.88388 2.05000 0.53244 -0.64879 0.54367 0.42322 0.41000 1 0 1.0
0 2.30554 1.03934 2.05000 0.53244 -0.64879 0.54367 0.46111 0.41000 1 0 1.0
cl_leather
0 2.30554 1.03934 2.05000 0.53244 -0.64879 -0.54367 0.46111 0.41000 1 0 1.0
0 2.11612 0.88388 2.05000 0.53244 -0.64879 -0.54367 0.42322 0.41000 1 0 1.0
0 2.00221 0.99779 1.80251 0.53244 -0.64879 -0.54367 0.40044 0.36050 1 0 1.0
cl_leather
0 2.30554 1.03934 2.05000 0.53244 -0.64879 -0.54367 0.46111 0.41000 1 0 1.0
0 2.00221 0.99779 1.80251 0.53244 -0.64879 -0.54367 0.40044 0.36050 1 0 1.0
0 2.21604 1.17328 1.80251 0.53244 -0.64879 -0.54367 0.44321 0.36050 1 0 1.0
cl_leather
0 2.21604 1.17328 1.80251 0.16243 -0.19792 -0.96667 0.44321 0.23466 1 0 1.0
0 2.00221 0.99779 1.80251 0.16243 -0.19792 -0.96667 0.40044 0.19956 1 0 1.0
0 1.72721 1.27279 1.70000 0.16243 -0.19792 -0.96667 0.34544 0.25456 1 0 1.0
cl_leather
0 2.21604 1.17328 1.80251 0.16243 -0.19792 -0.96667 0.44321 0.23466 1 0 1.0
0 1.72721 1.27279 1.70000 0.16243 -0.19792 -0.96667 0.34544 0.25456 1 0 1.0
0 1.99997 1.49665 1.70000 0.16243 -0.19792 -0.96667 0.39999 0.29933 1 0 1.0
cl_leather
0 1.99997 1.49665 1.70000 -0.16243 0.19792 -0.96667 0.39999 0.29933 1 0 1.0
0 1.72721 1.27279 1.70000 -0.16243 0.19792 -0.96667 0.34544 0.25456 1 0 1.0
0 1.45221 1.54779 1.80251 -0.16243 0.19792 -0.96667 0.29044 0.30956 1 0 1.0
cl_leather
0 1.99997 1.49665 1.70000 -0.16243 0.19792 -0.96667 0.39999 0.29933 1 0 1.0
0 1.45221 1.54779 1.80251 -0.16243 0.19792 -0.96667 0.29044 0.30956 1 0 1.0
0 1.78391 1.82001 1.80251 -0.16243 0.19792 -0.96667 0.35678 0.36400 1 0 1.0
cl_leather
0 1.78391 1.82001 1.80251 -0.53244 0.64878 -0.54367 0.35678 0.36050 1 0 1.0
0 1.45221 1.54779 1.80251 -0.53244 0.64878 -0.54367 0.29044 0.36050 1 0 1.0
0 1.33830 1.66170 2.05000 -0.53244 0.64878 -0.54367 0.26766 0.41000 1 0 1.0
cl_leather
0 1.78391 1.82001 1.80251 -0.53244 0.64879 -0.54367 0.35678 0.36050 1 0 1.0
0 1.33830 1.66170 2.05000 -0.53244 0.64879 -0.54367 0.26766 0.41000 1 0 1.0
0 1.69441 1.95395 2.05000 -0.53244 0.64879 -0.54367 0.33888 0.41000 1 0 1.0
cl_leather
0 1.33830 1.66170 2.05000 -0.64879 0.53244 0.54367 0.33234 0.41000 1 0 1.0
0 1.04605 1.30559 2.05000 -0.64879 0.53244 0.54367 0.26112 0.41000 1 0 1.0
0 1.17999 1.21609 2.29749 -0.64879 0.53244 0.54367 0.24322 0.45950 1 0 1.0
cl_leather
0 1.33830 1.66170 2.05000 -0.64878 0.53244 0.54367 0.33234 0.41000 1 0 1.0
0 1.17999 1.21609 2.29749 -0.64878 0.53244 0.54367 0.24322 0.45950 1 0 1.0
0 1.45221 1.54779 2.29749 -0.64878 0.53244 0.54367 0.30956 0.45950 1 0 1.0
cl_leather
0 1.45221 1.54779 2.29749 -0.19792 0.16243 0.96667 0.29044 0.30956 1 0 1.0
0 1.17999 1.21609 2.29749 -0.19792 0.16243 0.96667 0.23600 0.24322 1 0 1.0
0 1.50335 1.00003 2.40000 -0.19792 0.16243 0.96667 0.30067 0.20001 1 0 1.0
cl_leather
0 1.45221 1.54779 2.29749 -0.19792 0.16243 0.96667 0.29044 0.30956 1 0 1.0
0 1.50335 1.00003 2.40000 -0.19792 0.16243 0.96667 0.30067 0.20001 1 0 1.0
0 1.72721 1.27279 2.40000 -0.19792 0.16243 0.96667 0.34544 0.25456 1 0 1.0
cl_leather
0 1.72721 1.27279 2.40000 0.19792 -0.16243 0.96667 0.34544 0.25456 1 0 1.0
0 1.50335 1.00003 2.40000 0.19792 -0.16243 0.96667 0.30067 0.20001 1 0 1.0
0 1.82672 0.78396 2.29749 0.19792 -0.16243 0.96667 0.36534 0.15679 1 0 1.0
cl_leather
0 1.72721 1.27279 2.40000 0.19792 -0.16243 0.96667 0.34544 0.25456 1 0 1.0
0 1.82672 0.78396 2.29749 0.19792 -0.16243 0.96667 0.36534 0.15679 1 0 1.0
0 2.00221 0.99779 2.29749 0.19792 -0.16243 0.96667 0.40044 0.19956 1 0 1.0
cl_leather
0 2.00221 0.99779 2.29749 0.64879 -0.53244 0.54367 0.19956 0.45950 1 0 1.0
0 1.82672 0.78396 2.29749 0.64879 -0.53244 0.54367 0.15679 0.45950 1 0 1.0
0 1.96066 0.69446 2.05000 0.64879 -0.53244 0.54367 0.13889 0.41000 1 0 1.0
cl_leather
0 2.00221 0.99779 2.29749 0.64878 -0.53244 0.54367 0.19956 0.45950 1 0 1.0
0 1.96066 0.69446 2.05000 0.64878 -0.53244 0.54367 0.13889 0.41000 1 0 1.0
0 2.11612 0.88388 2.05000 0.64878 -0.53244 0.54367 0.17678 0.41000 1 0 1.0
cl_leather
0 2.11612 0.88388 2.05000 0.64879 -0.53244 -0.54367 0.17678 0.41000 1 0 1.0
0 1.96066 0.69446 2.05000 0.64879 -0.53244 -0.54367 0.13889 0.41000 1 0 1.0
0 1.82672 0.78396 1.80251 0.64879 -0.53244 -0.54367 0.15679 0.36050 1 0 1.0
cl_leather
0 2.11612 0.88388 2.05000 0.64879 -0.53244 -0.54367 0.17678 0.41000 1 0 1.0
0 1.82672 0.78396 1.80251 0.64879 -0.53244 -0.54367 0.15679 0.36050 1 0 1.0
0 2.00221 0.99779 1.80251 0.64879 -0.53244 -0.54367 0.19956 0.36050 1 0 1.0
cl_leather
0 2.00221 0.99779 1.80251 0.19792 -0.16243 -0.96667 0.40044 0.19956 1 0 1.0
0 1.82672 0.78396 1.80251 0.19792 -0.16243 -0.96667 0.36534 0.15679 1 0 1.0
0 1.50335 1.00003 1.70000 0.19792 -0.16243 -0.96667 0.30067 0.20001 1 0 1.0
cl_leather
0 2.00221 0.99779 1.80251 0.19792 -0.16243 -0.96667 0.40044 0.19956 1 0 1.0
0 1.50335 1.00003 1.70000 0.19792 -0.16243 -0.96667 0.30067 0.20001 1 0 1.0
0 1.72721 1.27279 1.70000 0.19792 -0.16243 -0.96667 0.34544 0.25456 1 0 1.0
cl_leather
0 1.72721 1.27279 1.70000 -0.19792 0.16243 -0.96667 0.34544 0.25456 1 0 1.0
0 1.50335 1.00003 1.70000 -0.19792 0.16243 -0.96667 0.30067 0.20001 1 0 1.0
0 1.17999 1.21609 1.80251 -0.19792 0.16243 -0.96667 0.23600 0.24322 1 0 1.0
cl_leather
0 1.72721 1.27279 1.70000 -0.19792 0.16243 -0.96667 0.34544 0.25456 1 0 1.0
0 1.17999 1.21609 1.80251 -0.19792 0.16243 -0.96667 0.23600 0.24322 1 0 1.0
0 1.45221 1.54779 1.80251 -0.19792 0.16243 -0.96667 0.29044 0.30956 1 0 1.0
cl_leather
0 1.45221 1.54779 1.80251 -0.64878 0.53244 -0.54367 0.30956 0.36050 1 0 1.0
0 1.17999 1.21609 1.80251 -0.64878 0.53244 -0.54367 0.24322 0.36050 1 0 1.0
0 1.04605 1.30559 2.05000 -0.64878 0.53244 -0.54367 0.26112 0.41000 1 0 1.0
cl_leather
0 1.45221 1.54779 1.80251 -0.64878 0.53244 -0.54367 0.30956 0.36050 1 0 1.0
0 1.04605 1.30559 2.05000 -0.64878 0.53244 -0.54367 0.26112 0.41000 1 0 1.0
0 1.33830 1.66170 2.05000 -0.64878 0.53244 -0.54367 0.33234 0.41000 1 0 1.0
cl_leather
0 1.04605 1.30559 2.05000 -0.74019 0.39564 0.54367 0.26112 0.41000 1 0 1.0
0 0.82888 0.89931 2.05000 -0.74019 0.39564 0.54367 0.17986 0.41000 1 0 1.0
0 0.97771 0.83766 2.29749 -0.74019 0.39564 0.54367 0.16753 0.45950 1 0 1.0
cl_leather
0 1.04605 1.30559 2.05000 -0.74019 0.39564 0.54367 0.26112 0.41000 1 0 1.0
0 0.97771 0.83766 2.29749 -0.74019 0.39564 0.54367 0.16753 0.45950 1 0 1.0
0 1.17999 1.21609 2.29749 -0.74019 0.39564 0.54367 0.24322 0.45950 1 0 1.0
cl_leather
0 1.17999 1.21609 2.29749 -0.22580 0.12069 0.96667 0.23600 0.24322 1 0 1.0
0 0.97771 0.83766 2.29749 -0.22580 0.12069 0.96667 0.19554 0.16753 1 0 1.0
0 1.33702 0.68883 2.40000 -0.22580 0.12069 0.96667 0.26740 0.13777 1 0 1.0
cl_leather
0 1.17999 1.21609 2.29749 -0.22580 0.12070 0.96667 0.23600 0.24322 1 0 1.0
0 1.33702 0.68883 2.40000 -0.22580 0.12070 0.96667 0.26740 0.13777 1 0 1.0
0 1.50335 1.00003 2.40000 -0.22580 0.12070 0.96667 0.30067 0.20001 1 0 1.0
cl_leather
0 1.50335 1.00003 2.40000 0.22580 -0.12069 0.96667 0.30067 0.20001 1 0 1.0
0 1.33702 0.68883 2.40000 0.22580 -0.12069 0.96667 0.26740 0.13777 1 0 1.0
0 1.69632 0.54000 2.29749 0.22580 -0.12069 0.96667 0.33926 0.10800 1 0 1.0
cl_leather
0 1.50335 1.00003 2.40000 0.22580 -0.12069 0.96667 0.30067 0.20001 1 0 1.0
0 1.69632 0.54000 2.29749 0.22580 -0.12069 0.96667 0.33926 0.10800 1 0 1.0
0 1.82672 0.78396 2.29749 0.22580 -0.12069 0.96667 0.36534 0.15679 1 0 1.0
cl_leather
0 1.82672 0.78396 2.29749 0.74019 -0.39564 0.54367 0.15679 0.45950 1 0 1.0
0 1.69632 0.54000 2.29749 0.74019 -0.39564 0.54367 0.10800 0.45950 1 0 1.0
0 1.84515 0.47835 2.05000 0.74019 -0.39564 0.54367 0.09567 0.41000 1 0 1.0
cl_leather
0 1.82672 0.78396 2.29749 0.74019 -0.39564 0.54367 0.15679 0.45950 1 0 1.0
0 1.84515 0.47835 2.05000 0.74019 -0.39564 0.54367 0.09567 0.41000 1 0 1.0
0 1.96066 0.69446 2.05000 0.74019 -0.39564 0.54367 0.13889 0.41000 1 0 1.0
cl_leather
0 1.96066 0.69446 2.05000 0.74019 -0.39564 -0.54367 0.13889 0.41000 1 0 1.0
0 1.84515 0.47835 2.05000 0.74019 -0.39564 -0.54367 0.09567 0.41000 1 0 1.0
0 1.69632 0.54000 1.80251 0.74019 -0.39564 -0.54367 0.10800 0.36050 1 0 1.0
cl_leather
0 1.96066 0.69446 2.05000 0.74019 -0.39564 -0.54367 0.13889 0.41000 1 0 1.0
0 1.69632 0.54000 1.80251 0.74019 -0.39564 -0.54367 0.10800 0.36050 1 0 1.0
0 1.82672 0.78396 1.80251 0.74019 -0.39564 -0.54367 0.15679 0.36050 1 0 1.0
cl_leather
0 1.82672 0.78396 1.80251 0.22580 -0.12070 -0.96667 0.36534 0.15679 1 0 1.0
0 1.69632 0.54000 1.80251 0.22580 -0.12070 -0.96667 0.33926 0.10800 1 0 1.0
0 1.33702 0.68883 1.70000 0.22580 -0.12070 -0.96667 0.26740 0.13777 1 0 1.0
cl_leather
0 1.82672 0.78396 1.80251 0.22580 -0.12070 -0.96667 0.36534 0.15679 1 0 1.0
0 1.33702 0.68883 1.70000 0.22580 -0.12070 -0.96667 0.26740 0.13777 1 0 1.0
0 1.50335 1.00003 1.70000 0.22580 -0.12070 -0.96667 0.30067 0.20001 1 0 1.0
cl_leather
0 1.50335 1.00003 1.70000 -0.22580 0.12070 -0.96667 0.30067 0.20001 1 0 1.0
0 1.33702 0.68883 1.70000 -0.22580 0.12070 -0.96667 0.26740 0.13777 1 0 1.0
0 0.97771 0.83766 1.80251 -0.22580 0.12070 -0.96667 0.19554 0.16753 1 0 1.0
cl_leather
0 1.50335 1.00003 1.70000 -0.22580 0.12070 -0.96667 0.30067 0.20001 1 0 1.0
0 0.97771 0.83766 1.80251 -0.22580 0.12070 -0.96667 0.19554 0.16753 1 0 1.0
0 1.17999 1.21609 1.80251 -0.22580 0.12070 -0.96667 0.23600 0.24322 1 0 1.0
cl_leather
0 1.17999 1.21609 1.80251 -0.74019 0.39564 -0.54367 0.24322 0.36050 1 0 1.0
0 0.97771 0.83766 1.80251 -0.74019 0.39564 -0.54367 0.16753 0.36050 1 0 1.0
0 0.82888 0.89931 2.05000 -0.74019 0.39564 -0.54367 0.17986 0.41000 1 0 1.0
cl_leather
0 1.17999 1.21609 1.80251 -0.74019 0.39564 -0.54367 0.24322 0.36050 1 0 1.0
0 0.82888 0.89931 2.05000 -0.74019 0.39564 -0.54367 0.17986 0.41000 1 0 1.0
0 1.04605 1.30559 2.05000 -0.74019 0.39564 -0.54367 0.26112 0.41000 1 0 1.0
cl_leather
0 0.82888 0.89931 2.05000 -0.80316 0.24363 0.54367 0.17986 0.41000 1 0 1.0
0 0.69515 0.45846 2.05000 -0.80316 0.24363 0.54367 0.09169 0.41000 1 0 1.0
0 0.85315 0.42703 2.29749 -0.80316 0.24363 0.54367 0.08541 0.45950 1 0 1.0
cl_leather
0 0.82888 0.89931 2.05000 -0.80316 0.24363 0.54367 0.17986 0.41000 1 0 1.0
0 0.85315 0.42703 2.29749 -0.80316 0.24363 0.54367 0.08541 0.45950 1 0 1.0
0 0.97771 0.83766 2.29749 -0.80316 0.24363 0.54367 0.16753 0.45950 1 0 1.0
cl_leather
0 0.97771 0.83766 2.29749 -0.24501 0.07432 0.96667 0.19554 0.16753 1 0 1.0
0 0.85315 0.42703 2.29749 -0.24501 0.07432 0.96667 0.17063 0.08541 1 0 1.0
0 1.23459 0.35116 2.40000 -0.24501 0.07432 0.96667 0.24692 0.07023 1 0 1.0
cl_leather
0 0.97771 0.83766 2.29749 -0.24501 0.07432 0.96667 0.19554 0.16753 1 0 1.0
0 1.23459 0.35116 2.40000 -0.24501 0.07432 0.96667 0.24692 0.07023 1 0 1.0
0 1.33702 0.68883 2.40000 -0.24501 0.07432 0.96667 0.26740 0.13777 1 0 1.0
cl_leather
0 1.33702 0.68883 2.40000 0.24501 -0.07432 0.96667 0.26740 0.13777 1 0 1.0
0 1.23459 0.35116 2.40000 0.24501 -0.07432 0.96667 0.24692 0.07023 1 0 1.0
0 1.61602 0.27529 2.29749 0.24501 -0.07432 0.96667 0.32320 0.05506 1 0 1.0
cl_leather
0 1.33702 0.68883 2.40000 0.24501 -0.07432 0.96667 0.26740 0.13777 1 0 1.0
0 1.61602 0.27529 2.29749 0.24501 -0.07432 0.96667 0.32320 0.05506 1 0 1.0
0 1.69632 0.54000 2.29749 0.24501 -0.07432 0.96667 0.33926 0.10800 1 0 1.0
cl_leather
0 1.69632 0.54000 2.29749 0.80316 -0.24364 0.54367 0.10800 0.45950 1 0 1.0
0 1.61602 0.27529 2.29749 0.80316 -0.24364 0.54367 0.05506 0.45950 1 0 1.0
0 1.77402 0.24386 2.05000 0.80316 -0.24364 0.54367 0.04877 0.41000 1 0 1.0
cl_leather
0 1.69632 0.54000 2.29749 0.80316 -0.24364 0.54367 0.10800 0.45950 1 0 1.0
0 1.77402 0.24386 2.05000 0.80316 -0.24364 0.54367 0.04877 0.41000 1 0 1.0
0 1.84515 0.47835 2.05000 0.80316 -0.24364 0.54367 0.09567 0.41000 1 0 1.0
cl_leather
0 1.84515 0.47835 2.05000 0.80316 -0.24363 -0.54367 0.09567 0.41000 1 0 1.0
0 1.77402 0.24386 2.05000 0.80316 -0.24363 -0.54367 0.04877 0.41000 1 0 1.0
0 1.61602 0.27529 1.80251 0.80316 -0.24363 -0.54367 0.05506 0.36050 1 0 1.0
cl_leather
0 1.84515 0.47835 2.05000 0.80316 -0.24364 -0.54367 0.09567 0.41000 1 0 1.0
0 1.61602 0.27529 1.80251 0.80316 -0.24364 -0.54367 0.05506 0.36050 1 0 1.0
0 1.69632 0.54000 1.80251 0.80316 -0.24364 -0.54367 0.10800 0.36050 1 0 1.0
cl_leather
0 1.69632 0.54000 1.80251 0.24501 -0.07432 -0.96667 0.33926 0.10800 1 0 1.0
0 1.61602 0.27529 1.80251 0.24501 -0.07432 -0.96667 0.32320 0.05506 1 0 1.0
0 1.23459 0.35116 1.70000 0.24501 -0.07432 -0.96667 0.24692 0.07023 1 0 1.0
cl_leather
0 1.69632 0.54000 1.80251 0.24501 -0.07432 -0.96667 0.33926 0.10800 1 0 1.0
0 1.23459 0.35116 1.70000 0.24501 -0.07432 -0.96667 0.24692 0.07023 1 0 1.0
0 1.33702 0.68883 1.70000 0.24501 -0.07432 -0.96667 0.26740 0.13777 1 0 1.0
cl_leather
0 1.33702 0.68883 1.70000 -0.24501 0.07432 -0.96667 0.26740 0.13777 1 0 1.0
0 1.23459 0.35116 1.70000 -0.24501 0.07432 -0.96667 0.24692 0.07023 1 0 1.0
0 0.85315 0.42703 1.80251 -0.24501 0.07432 -0.96667 0.17063 0.08541 1 0 1.0
cl_leather
0 1.33702 0.68883 1.70000 -0.24501 0.07432 -0.96667 0.26740 0.13777 1 0 1.0
0 0.85315 0.42703 1.80251 -0.24501 0.07432 -0.96667 0.17063 0.08541 1 0 1.0
0 0.97771 0.83766 1.80251 -0.24501 0.07432 -0.96667 0.19554 0.16753 1 0 1.0
cl_leather
0 0.97771 0.83766 1.80251 -0.80316 0.24363 -0.54367 0.16753 0.36050 1 0 1.0
0 0.85315 0.42703 1.80251 -0.80316 0.24363 -0.54367 0.08541 0.36050 1 0 1.0
0 0.69515 0.45846 2.05000 -0.80316 0.24363 -0.54367 0.09169 0.41000 1 0 1.0
cl_leather
0 0.97771 0.83766 1.80251 -0.80316 0.24363 -0.54367 0.16753 0.36050 1 0 1.0
0 0.69515 0.45846 2.05000 -0.80316 0.24363 -0.54367 0.09169 0.41000 1 0 1.0
0 0.82888 0.89931 2.05000 -0.80316 0.24363 -0.54367 0.17986 0.41000 1 0 1.0
cl_leather
0 0.69515 0.45846 2.05000 -0.83526 0.08227 0.54367 0.09169 0.41000 1 0 1.0
0 0.65000 0.00000 2.05000 -0.83526 0.08227 0.54367 0.00000 0.41000 1 0 1.0
0 0.81109 0.00000 2.29749 -0.83526 0.08227 0.54367 0.00000 0.45950 1 0 1.0
cl_leather
0 0.69515 0.45846 2.05000 -0.83526 0.08227 0.54367 0.09169 0.41000 1 0 1.0
0 0.81109 0.00000 2.29749 -0.83526 0.08227 0.54367 0.00000 0.45950 1 0 1.0
0 0.85315 0.42703 2.29749 -0.83526 0.08227 0.54367 0.08541 0.45950 1 0 1.0
cl_leather
0 0.85315 0.42703 2.29749 -0.25480 0.02510 0.96667 0.17063 0.08541 1 0 1.0
0 0.81109 0.00000 2.29749 -0.25480 0.02510 0.96667 0.16222 0.00000 1 0 1.0
0 1.20000 0.00000 2.40000 -0.25480 0.02510 0.96667 0.24000 0.00000 1 0 1.0
cl_leather
0 0.85315 0.42703 2.29749 -0.25480 0.02510 0.96667 0.17063 0.08541 1 0 1.0
0 1.20000 0.00000 2.40000 -0.25480 0.02510 0.96667 0.24000 0.00000 1 0 1.0
0 1.23459 0.35116 2.40000 -0.25480 0.02510 0.96667 0.24692 0.07023 1 0 1.0
cl_leather
0 1.23459 0.35116 2.40000 0.25480 -0.02510 0.96667 0.24692 0.07023 1 0 1.0
0 1.20000 0.00000 2.40000 0.25480 -0.02510 0.96667 0.24000 0.00000 1 0 1.0
0 1.58891 0.00000 2.29749 0.25480 -0.02510 0.96667 0.31778 0.00000 1 0 1.0
cl_leather
0 1.23459 0.35116 2.40000 0.25480 -0.02510 0.96667 0.24692 0.07023 1 0 1.0
0 1.58891 0.00000 2.29749 0.25480 -0.02510 0.96667 0.31778 0.00000 1 0 1.0
0 1.61602 0.27529 2.29749 0.25480 -0.02510 0.96667 0.32320 0.05506 1 0 1.0
cl_leather
0 1.61602 0.27529 2.29749 0.83526 -0.08227 0.54367 0.05506 0.45950 1 0 1.0
0 1.58891 0.00000 2.29749 0.83526 -0.08227 0.54367 0.00000 0.45950 1 0 1.0
0 1.75000 0.00000 2.05000 0.83526 -0.08227 0.54367 0.00000 0.41000 1 0 1.0
cl_leather
0 1.61602 0.27529 2.29749 0.83526 -0.08227 0.54367 0.05506 0.45950 1 0 1.0
0 1.75000 0.00000 2.05000 0.83526 -0.08227 0.54367 0.00000 0.41000 1 0 1.0
0 1.77402 0.24386 2.05000 0.83526 -0.08227 0.54367 0.04877 0.41000 1 0 1.0
cl_leather
0 1.77402 0.24386 2.05000 0.83526 -0.08227 -0.54367 0.04877 0.41000 1 0 1.0
0 1.75000 0.00000 2.05000 0.83526 -0.08227 -0.54367 0.00000 0.41000 1 0 1.0
0 1.58891 0.00000 1.80251 0.83526 -0.08227 -0.54367 0.00000 0.36050 1 0 1.0
cl_leather
0 1.77402 0.24386 2.05000 0.83526 -0.08227 -0.54367 0.04877 0.41000 1 0 1.0
0 1.58891 0.00000 1.80251 0.83526 -0.08227 -0.54367 0.00000 0.36050 1 0 1.0
0 1.61602 0.27529 1.80251 0.83526 -0.08227 -0.54367 0.05506 0.36050 1 0 1.0
cl_leather
0 1.61602 0.27529 1.80251 0.25480 -0.02510 -0.96667 0.32320 0.05506 1 0 1.0
0 1.58891 0.00000 1.80251 0.25480 -0.02510 -0.96667 0.31778 0.00000 1 0 1.0
0 1.20000 0.00000 1.70000 0.25480 -0.02510 -0.96667 0.24000 0.00000 1 0 1.0
cl_leather
0 1.61602 0.27529 1.80251 0.25480 -0.02510 -0.96667 0.32320 0.05506 1 0 1.0
0 1.20000 0.00000 1.70000 0.25480 -0.02510 -0.96667 0.24000 0.00000 1 0 1.0
0 1.23459 0.35116 1.70000 0.25480 -0.02510 -0.96667 0.24692 0.07023 1 0 1.0
cl_leather
0 1.23459 0.35116 1.70000 -0.25480 0.02510 -0.96667 0.24692 0.07023 1 0 1.0
0 1.20000 0.00000 1.70000 -0.25480 0.02510 -0.96667 0.24000 0.00000 1 0 1.0
0 0.81109 0.00000 1.80251 -0.25480 0.02510 -0.96667 0.16222 0.00000 1 0 1.0
cl_leather
0 1.23459 0.35116 1.70000 -0.25480 0.02510 -0.96667 0.24692 0.07023 1 0 1.0
0 0.81109 0.00000 1.80251 -0.25480 0.02510 -0.96667 0.16222 0.00000 1 0 1.0
0 0.85315 0.42703 1.80251 -0.25480 0.02510 -0.96667 0.17063 0.08541 1 0 1.0
cl_leather
0 0.85315 0.42703 1.80251 -0.83526 0.08227 -0.54367 0.08541 0.36050 1 0 1.0
0 0.81109 0.00000 1.80251 -0.83526 0.08227 -0.54367 0.00000 0.36050 1 0 1.0
0 0.65000 0.00000 2.05000 -0.83526 0.08227 -0.54367 0.00000 0.41000 1 0 1.0
cl_leather
0 0.85315 0.42703 1.80251 -0.83526 0.08227 -0.54367 0.08541 0.36050 1 0 1.0
0 0.65000 0.00000 2.05000 -0.83526 0.08227 -0.54367 0.00000 0.41000 1 0 1.0
0 0.69515 0.45846 2.05000 -0.83526 0.08227 -0.54367 0.09169 0.41000 1 0 1.0
cl_leather
0 0.65000 0.00000 2.05000 -0.83526 -0.08227 0.54367 0.00000 0.41000 1 0 1.0
0 0.69515 -0.45846 2.05000 -0.83526 -0.08227 0.54367 -0.09169 0.41000 1 0 1.0
0 0.85315 -0.42703 2.29749 -0.83526 -0.08227 0.54367 -0.08541 0.45950 1 0 1.0
cl_leather
0 0.65000 0.00000 2.05000 -0.83526 -0.08227 0.54367 0.00000 0.41000 1 0 1.0
0 0.85315 -0.42703 2.29749 -0.83526 -0.08227 0.54367 -0.08541 0.45950 1 0 1.0
0 0.81109 0.00000 2.29749 -0.83526 -0.08227 0.54367 0.00000 0.45950 1 0 1.0
cl_leather
0 0.81109 0.00000 2.29749 -0.25480 -0.02510 0.96667 0.16222 0.00000 1 0 1.0
0 0.85315 -0.42703 2.29749 -0.25480 -0.02510 0.96667 0.17063 -0.08541 1 0 1.0
0 1.23459 -0.35116 2.40000 -0.25480 -0.02510 0.96667 0.24692 -0.07023 1 0 1.0
cl_leather
0 0.81109 0.00000 2.29749 -0.25480 -0.02510 0.96667 0.16222 0.00000 1 0 1.0
0 1.23459 -0.35116 2.40000 -0.25480 -0.02510 0.96667 0.24692 -0.07023 1 0 1.0
0 1.20000 0.00000 2.40000 -0.25480 -0.02510 0.96667 0.24000 0.00000 1 0 1.0
cl_leather
0 1.20000 0.00000 2.40000 0.25480 0.02510 0.96667 0.24000 0.00000 1 0 1.0
0 1.23459 -0.35116 2.40000 0.25480 0.02510 0.96667 0.24692 -0.07023 1 0 1.0
0 1.61602 -0.27529 2.29749 0.25480 0.02510 0.96667 0.32320 -0.05506 1 0 1.0
cl_leather
0 1.20000 0.00000 2.40000 0.25480 0.02510 0.96667 0.24000 0.00000 1 0 1.0
0 1.61602 -0.27529 2.29749 0.25480 0.02510 0.96667 0.32320 -0.05506 1 0 1.0
0 1.58891 0.00000 2.29749 0.25480 0.02510 0.96667 0.31778 0.00000 1 0 1.0
cl_leather
0 1.58891 0.00000 2.29749 0.83526 0.08227 0.54367 0.00000 0.45950 1 0 1.0
0 1.61602 -0.27529 2.29749 0.83526 0.08227 0.54367 -0.05506 0.45950 1 0 1.0
0 1.77402 -0.24386 2.05000 0.83526 0.08227 0.54367 -0.04877 0.41000 1 0 1.0
cl_leather
0 1.58891 0.00000 2.29749 0.83526 0.08227 0.54367 0.00000 0.45950 1 0 1.0
0 1.77402 -0.24386 2.05000 0.83526 0.08227 0.54367 -0.04877 0.41000 1 0 1.0
0 1.75000 0.00000 2.05000 0.83526 0.08227 0.54367 0.00000 0.41000 1 0 1.0
cl_leather
0 1.75000 0.00000 2.05000 0.83526 0.08227 -0.54367 0.00000 0.41000 1 0 1.0
0 1.77402 -0.24386 2.05000 0.83526 0.08227 -0.54367 -0.04877 0.41000 1 0 1.0
0 1.61602 -0.27529 1.80251 0.83526 0.08227 -0.54367 -0.05506 0.36050 1 0 1.0
cl_leather
0 1.75000 0.00000 2.05000 0.83526 0.08227 -0.54367 0.00000 0.41000 1 0 1.0
0 1.61602 -0.27529 1.80251 0.83526 0.08227 -0.54367 -0.05506 0.36050 1 0 1.0
0 1.58891 0.00000 1.80251 0.83526 0.08227 -0.54367 0.00000 0.36050 1 0 1.0
cl_leather
0 1.58891 0.00000 1.80251 0.25480 0.02510 -0.96667 0.31778 0.00000 1 0 1.0
0 1.61602 -0.27529 1.80251 0.25480 0.02510 -0.96667 0.32320 -0.05506 1 0 1.0
0 1.23459 -0.35116 1.70000 0.25480 0.02510 -0.96667 0.24692 -0.07023 1 0 1.0
cl_leather
0 1.58891 0.00000 1.80251 0.25480 0.02510 -0.96667 0.31778 0.00000 1 0 1.0
0 1.23459 -0.35116 1.70000 0.25480 0.02510 -0.96667 0.24692 -0.07023 1 0 1.0
0 1.20000 0.00000 1.70000 0.25480 0.02510 -0.96667 0.24000 0.00000 1 0 1.0
cl_leather
0 1.20000 0.00000 1.70000 -0.25480 -0.02510 -0.96667 0.24000 0.00000 1 0 1.0
0 1.23459 -0.35116 1.70000 -0.25480 -0.02510 -0.96667 0.24692 -0.07023 1 0 1.0
0 0.85315 -0.42703 1.80251 -0.25480 -0.02510 -0.96667 0.17063 -0.08541 1 0 1.0
cl_leather
0 1.20000 0.00000 1.70000 -0.25480 -0.02510 -0.96667 0.24000 0.00000 1 0 1.0
0 0.85315 -0.42703 1.80251 -0.25480 -0.02510 -0.96667 0.17063 -0.08541 1 0 1.0
0 0.81109 0.00000 1.80251 -0.25480 -0.02510 -0.96667 0.16222 0.00000 1 0 1.0
cl_leather
0 0.81109 0.00000 1.80251 -0.83526 -0.08227 -0.54367 0.00000 0.36050 1 0 1.0
0 0.85315 -0.42703 1.80251 -0.83526 -0.08227 -0.54367 -0.08541 0.36050 1 0 1.0
0 0.69515 -0.45846 2.05000 -0.83526 -0.08227 -0.54367 -0.09169 0.41000 1 0 1.0
cl_leather
0 0.81109 0.00000 1.80251 -0.83526 -0.08227 -0.54367 0.00000 0.36050 1 0 1.0
0 0.69515 -0.45846 2.05000 -0.83526 -0.08227 -0.54367 -0.09169 0.41000 1 0 1.0
0 0.65000 0.00000 2.05000 -0.83526 -0.08227 -0.54367 0.00000 0.41000 1 0 1.0
cl_leather
0 0.69515 -0.45846 2.05000 -0.80316 -0.24363 0.54367 -0.09169 0.41000 1 0 1.0
0 0.82888 -0.89931 2.05000 -0.80316 -0.24363 0.54367 -0.17986 0.41000 1 0 1.0
0 0.97771 -0.83766 2.29749 -0.80316 -0.24363 0.54367 -0.16753 0.45950 1 0 1.0
cl_leather
0 0.69515 -0.45846 2.05000 -0.80316 -0.24363 0.54367 -0.09169 0.41000 1 0 1.0
0 0.97771 -0.83766 2.29749 -0.80316 -0.24363 0.54367 -0.16753 0.45950 1 0 1.0
0 0.85315 -0.42703 2.29749 -0.80316 -0.24363 0.54367 -0.08541 0.45950 1 0 1.0
cl_leather
0 0.85315 -0.42703 2.29749 -0.24501 -0.07432 0.96667 0.17063 -0.08541 1 0 1.0
0 0.97771 -0.83766 2.29749 -0.24501 -0.07432 0.96667 0.19554 -0.16753 1 0 1.0
0 1.33702 -0.68883 2.40000 -0.24501 -0.07432 0.96667 0.26740 -0.13777 1 0 1.0
cl_leather
0 0.85315 -0.42703 2.29749 -0.24501 -0.07432 0.96667 0.17063 -0.08541 1 0 1.0
0 1.33702 -0.68883 2.40000 -0.24501 -0.07432 0.96667 0.26740 -0.13777 1 0 1.0
0 1.23459 -0.35116 2.40000 -0.24501 -0.07432 0.96667 0.24692 -0.07023 1 0 1.0
cl_leather
0 1.23459 -0.35116 2.40000 0.24501 0.07432 0.96667 0.24692 -0.07023 1 0 1.0
0 1.33702 -0.68883 2.40000 0.24501 0.07432 0.96667 0.26740 -0.13777 1 0 1.0
0 1.69632 -0.54000 2.29749 0.24501 0.07432 0.96667 0.33926 -0.10800 1 0 1.0
cl_leather
0 1.23459 -0.35116 2.40000 0.24501 0.07432 0.96667 0.24692 -0.07023 1 0 1.0
0 1.69632 -0.54000 2.29749 0.24501 0.07432 0.96667 0.33926 -0.10800 1 0 1.0
0 1.61602 -0.27529 2.29749 0.24501 0.07432 0.96667 0.32320 -0.05506 1 0 1.0
cl_leather
0 1.61602 -0.27529 2.29749 0.80316 0.24364 0.54367 -0.05506 0.45950 1 0 1.0
0 1.69632 -0.54000 2.29749 0.80316 0.24364 0.54367 -0.10800 0.45950 1 0 1.0
0 1.84515 -0.47835 2.05000 0.80316 0.24364 0.54367 -0.09567 0.41000 1 0 1.0
cl_leather
0 1.61602 -0.27529 2.29749 0.80316 0.24363 0.54367 -0.05506 0.45950 1 0 1.0
0 1.84515 -0.47835 2.05000 0.80316 0.24363 0.54367 -0.09567 0.41000 1 0 1.0
0 1.77402 -0.24386 2.05000 0.80316 0.24363 0.54367 -0.04877 0.41000 1 0 1.0
cl_leather
0 1.77402 -0.24386 2.05000 0.80316 0.24364 -0.54367 -0.04877 0.41000 1 0 1.0
0 1.84515 -0.47835 2.05000 0.80316 0.24364 -0.54367 -0.09567 0.41000 1 0 1.0
0 1.69632 -0.54000 1.80251 0.80316 0.24364 -0.54367 -0.10800 0.36050 1 0 1.0
cl_leather
0 1.77402 -0.24386 2.05000 0.80316 0.24364 -0.54367 -0.04877 0.41000 1 0 1.0
0 1.69632 -0.54000 1.80251 0.80316 0.24364 -0.54367 -0.10800 0.36050 1 0 1.0
0 1.61602 -0.27529 1.80251 0.80316 0.24364 -0.54367 -0.05506 0.36050 1 0 1.0
cl_leather
0 1.61602 -0.27529 1.80251 0.24501 0.07432 -0.96667 0.32320 -0.05506 1 0 1.0
0 1.69632 -0.54000 1.80251 0.24501 0.07432 -0.96667 0.33926 -0.10800 1 0 1.0
0 1.33702 -0.68883 1.70000 0.24501 0.07432 -0.96667 0.26740 -0.13777 1 0 1.0
cl_leather
0 1.61602 -0.27529 1.80251 0.24501 0.07432 -0.96667 0.32320 -0.05506 1 0 1.0
0 1.33702 -0.68883 1.70000 0.24501 0.07432 -0.96667 0.26740 -0.13777 1 0 1.0
0 1.23459 -0.35116 1.70000 0.24501 0.07432 -0.96667 0.24692 -0.07023 1 0 1.0
cl_leather
0 1.23459 -0.35116 1.70000 -0.24501 -0.07432 -0.96667 0.24692 -0.07023 1 0 1.0
0 1.33702 -0.68883 1.70000 -0.24501 -0.07432 -0.96667 0.26740 -0.13777 1 0 1.0
0 0.97771 -0.83766 1.80251 -0.24501 -0.07432 -0.96667 0.19554 -0.16753 1 0 1.0
cl_leather
0 1.23459 -0.35116 1.70000 -0.24501 -0.07432 -0.96667 0.24692 -0.07023 1 0 1.0
0 0.97771 -0.83766 1.80251 -0.24501 -0.07432 -0.96667 0.19554 -0.16753 1 0 1.0
0 0.85315 -0.42703 1.80251 -0.24501 -0.07432 -0.96667 0.17063 -0.08541 1 0 1.0
cl_leather
0 0.85315 -0.42703 1.80251 -0.80316 -0.24363 -0.54367 -0.08541 0.36050 1 0 1.0
0 0.97771 -0.83766 1.80251 -0.80316 -0.24363 -0.54367 -0.16753 0.36050 1 0 1.0
0 0.82888 -0.89931 2.05000 -0.80316 -0.24363 -0.54367 -0.17986 0.41000 1 0 1.0
cl_leather
0 0.85315 -0.42703 1.80251 -0.80316 -0.24363 -0.54367 -0.08541 0.36050 1 0 1.0
0 0.82888 -0.89931 2.05000 -0.80316 -0.24363 -0.54367 -0.17986 0.41000 1 0 1.0
0 0.69515 -0.45846 2.05000 -0.80316 -0.24363 -0.54367 -0.09169 0.41000 1 0 1.0
cl_leather
0 0.82888 -0.89931 2.05000 -0.74019 -0.39564 0.54367 -0.17986 0.41000 1 0 1.0
0 1.04605 -1.30559 2.05000 -0.74019 -0.39564 0.54367 -0.26112 0.41000 1 0 1.0
0 1.17999 -1.21609 2.29749 -0.74019 -0.39564 0.54367 -0.24322 0.45950 1 0 1.0
cl_leather
0 0.82888 -0.89931 2.05000 -0.74019 -0.39564 0.54367 -0.17986 0.41000 1 0 1.0
0 1.17999 -1.21609 2.29749 -0.74019 -0.39564 0.54367 -0.24322 0.45950 1 0 1.0
0 0.97771 -0.83766 2.29749 -0.74019 -0.39564 0.54367 -0.16753 0.45950 1 0 1.0
cl_leather
0 0.97771 -0.83766 2.29749 -0.22580 -0.12069 0.96667 0.19554 -0.16753 1 0 1.0
0 1.17999 -1.21609 2.29749 -0.22580 -0.12069 0.96667 0.23600 -0.24322 1 0 1.0
0 1.50335 -1.00003 2.40000 -0.22580 -0.12069 0.96667 0.30067 -0.20001 1 0 1.0
cl_leather
0 0.97771 -0.83766 2.29749 -0.22580 -0.12069 0.96667 0.19554 -0.16753 1 0 1.0
0 1.50335 -1.00003 2.40000 -0.22580 -0.12069 0.96667 0.30067 -0.20001 1 0 1.0
0 1.33702 -0.68883 2.40000 -0.22580 -0.12069 0.96667 0.26740 -0.13777 1 0 1.0
cl_leather
0 1.33702 -0.68883 2.40000 0.22580 0.12070 0.96667 0.26740 -0.13777 1 0 1.0
0 1.50335 -1.00003 2.40000 0.22580 0.12070 0.96667 0.30067 -0.20001 1 0 1.0
0 1.82672 -0.78396 2.29749 0.22580 0.12070 0.96667 0.36534 -0.15679 1 0 1.0
cl_leather
0 1.33702 -0.68883 2.40000 0.22580 0.12069 0.96667 0.26740 -0.13777 1 0 1.0
0 1.82672 -0.78396 2.29749 0.22580 0.12069 0.96667 0.36534 -0.15679 1 0 1.0
0 1.69632 -0.54000 2.29749 0.22580 0.12069 0.96667 0.33926 -0.10800 1 0 1.0
cl_leather
0 1.69632 -0.54000 2.29749 0.74019 0.39564 0.54367 -0.10800 0.45950 1 0 1.0
0 1.82672 -0.78396 2.29749 0.74019 0.39564 0.54367 -0.15679 0.45950 1 0 1.0
0 1.96066 -0.69446 2.05000 0.74019 0.39564 0.54367 -0.13889 0.41000 1 0 1.0
cl_leather
0 1.69632 -0.54000 2.29749 0.74019 0.39564 0.54367 -0.10800 0.45950 1 0 1.0
0 1.96066 -0.69446 2.05000 0.74019 0.39564 0.54367 -0.13889 0.41000 1 0 1.0
0 1.84515 -0.47835 2.05000 0.74019 0.39564 0.54367 -0.09567 0.41000 1 0 1.0
cl_leather
0 1.84515 -0.47835 2.05000 0.74019 0.39564 -0.54367 -0.09567 0.41000 1 0 1.0
0 1.96066 -0.69446 2.05000 0.74019 0.39564 -0.54367 -0.13889 0.41000 1 0 1.0
0 1.82672 -0.78396 1.80251 0.74019 0.39564 -0.54367 -0.15679 0.36050 1 0 1.0
cl_leather
0 1.84515 -0.47835 2.05000 0.74019 0.39564 -0.54367 -0.09567 0.41000 1 0 1.0
0 1.82672 -0.78396 1.80251 0.74019 0.39564 -0.54367 -0.15679 0.36050 1 0 1.0
0 1.69632 -0.54000 1.80251 0.74019 0.39564 -0.54367 -0.10800 0.36050 1 0 1.0
cl_leather
0 1.69632 -0.54000 1.80251 0.22580 0.12070 -0.96667 0.33926 -0.10800 1 0 1.0
0 1.82672 -0.78396 1.80251 0.22580 0.12070 -0.96667 0.36534 -0.15679 1 0 1.0
0 1.50335 -1.00003 1.70000 0.22580 0.12070 -0.96667 0.30067 -0.20001 1 0 1.0
cl_leather
0 1.69632 -0.54000 1.80251 0.22580 0.12070 -0.96667 0.33926 -0.10800 1 0 1.0
0 1.50335 -1.00003 1.70000 0.22580 0.12070 -0.96667 0.30067 -0.20001 1 0 1.0
0 1.33702 -0.68883 1.70000 0.22580 0.12070 -0.96667 0.26740 -0.13777 1 0 1.0
cl_leather
0 1.33702 -0.68883 1.70000 -0.22580 -0.12070 -0.96667 0.26740 -0.13777 1 0 1.0
0 1.50335 -1.00003 1.70000 -0.22580 -0.12070 -0.96667 0.30067 -0.20001 1 0 1.0
0 1.17999 -1.21609 1.80251 -0.22580 -0.12070 -0.96667 0.23600 -0.24322 1 0 1.0
cl_leather
0 1.33702 -0.68883 1.70000 -0.22580 -0.12070 -0.96667 0.26740 -0.13777 1 0 1.0
0 1.17999 -1.21609 1.80251 -0.22580 -0.12070 -0.96667 0.23600 -0.24322 1 0 1.0
0 0.97771 -0.83766 1.80251 -0.22580 -0.12070 -0.96667 0.19554 -0.16753 1 0 1.0
cl_leather
0 0.97771 -0.83766 1.80251 -0.74019 -0.39564 -0.54367 -0.16753 0.36050 1 0 1.0
0 1.17999 -1.21609 1.80251 -0.74019 -0.39564 -0.54367 -0.24322 0.36050 1 0 1.0
0 1.04605 -1.30559 2.05000 -0.74019 -0.39564 -0.54367 -0.26112 0.41000 1 0 1.0
cl_leather
0 0.97771 -0.83766 1.80251 -0.74019 -0.39564 -0.54367 -0.16753 0.36050 1 0 1.0
0 1.04605 -1.30559 2.05000 -0.74019 -0.39564 -0.54367 -0.26112 0.41000 1 0 1.0
0 0.82888 -0.89931 2.05000 -0.74019 -0.39564 -0.54367 -0.17986 0.41000 1 0 1.0
cl_leather
0 1.04605 -1.30559 2.05000 -0.64879 -0.53244 0.54367 -0.26112 0.41000 1 0 1.0
0 1.33830 -1.66170 2.05000 -0.64879 -0.53244 0.54367 -0.33234 0.41000 1 0 1.0
0 1.45221 -1.54779 2.29749 -0.64879 -0.53244 0.54367 -0.30956 0.45950 1 0 1.0
cl_leather
0 1.04605 -1.30559 2.05000 -0.64878 -0.53244 0.54367 -0.26112 0.41000 1 0 1.0
0 1.45221 -1.54779 2.29749 -0.64878 -0.53244 0.54367 -0.30956 0.45950 1 0 1.0
0 1.17999 -1.21609 2.29749 -0.64878 -0.53244 0.54367 -0.24322 0.45950 1 0 1.0
cl_leather
0 1.17999 -1.21609 2.29749 -0.19792 -0.16243 0.96667 0.23600 -0.24322 1 0 1.0
0 1.45221 -1.54779 2.29749 -0.19792 -0.16243 0.96667 0.29044 -0.30956 1 0 1.0
0 1.72721 -1.27279 2.40000 -0.19792 -0.16243 0.96667 0.34544 -0.25456 1 0 1.0
cl_leather
0 1.17999 -1.21609 2.29749 -0.19792 -0.16243 0.96667 0.23600 -0.24322 1 0 1.0
0 1.72721 -1.27279 2.40000 -0.19792 -0.16243 0.96667 0.34544 -0.25456 1 0 1.0
0 1.50335 -1.00003 2.40000 -0.19792 -0.16243 0.96667 0.30067 -0.20001 1 0 1.0
cl_leather
0 1.50335 -1.00003 2.40000 0.19792 0.16243 0.96667 0.30067 -0.20001 1 0 1.0
0 1.72721 -1.27279 2.40000 0.19792 0.16243 0.96667 0.34544 -0.25456 1 0 1.0
0 2.00221 -0.99779 2.29749 0.19792 0.16243 0.96667 0.40044 -0.19956 1 0 1.0
cl_leather
0 1.50335 -1.00003 2.40000 0.19792 0.16243 0.96667 0.30067 -0.20001 1 0 1.0
0 2.00221 -0.99779 2.29749 0.19792 0.16243 0.96667 0.40044 -0.19956 1 0 1.0
0 1.82672 -0.78396 2.29749 0.19792 0.16243 0.96667 0.36534 -0.15679 1 0 1.0
cl_leather
0 1.82672 -0.78396 2.29749 0.64879 0.53244 0.54367 -0.15679 0.45950 1 0 1.0
0 2.00221 -0.99779 2.29749 0.64879 0.53244 0.54367 -0.19956 0.45950 1 0 1.0
0 2.11612 -0.88388 2.05000 0.64879 0.53244 0.54367 -0.17678 0.41000 1 0 1.0
cl_leather
0 1.82672 -0.78396 2.29749 0.64879 0.53244 0.54367 -0.15679 0.45950 1 0 1.0
0 2.11612 -0.88388 2.05000 0.64879 0.53244 0.54367 -0.17678 0.41000 1 0 1.0
0 1.96066 -0.69446 2.05000 0.64879 0.53244 0.54367 -0.13889 0.41000 1 0 1.0
cl_leather
0 1.96066 -0.69446 2.05000 0.64878 0.53244 -0.54367 -0.13889 0.41000 1 0 1.0
0 2.11612 -0.88388 2.05000 0.64878 0.53244 -0.54367 -0.17678 0.41000 1 0 1.0
0 2.00221 -0.99779 1.80251 0.64878 0.53244 -0.54367 -0.19956 0.36050 1 0 1.0
cl_leather
0 1.96066 -0.69446 2.05000 0.64879 0.53244 -0.54367 -0.13889 0.41000 1 0 1.0
0 2.00221 -0.99779 1.80251 0.64879 0.53244 -0.54367 -0.19956 0.36050 1 0 1.0
0 1.82672 -0.78396 1.80251 0.64879 0.53244 -0.54367 -0.15679 0.36050 1 0 1.0
cl_leather
0 1.82672 -0.78396 1.80251 0.19792 0.16243 -0.96667 0.36534 -0.15679 1 0 1.0
0 2.00221 -0.99779 1.80251 0.19792 0.16243 -0.96667 0.40044 -0.19956 1 0 1.0
0 1.72721 -1.27279 1.70000 0.19792 0.16243 -0.96667 0.34544 -0.25456 1 0 1.0
cl_leather
0 1.82672 -0.78396 1.80251 0.19792 0.16243 -0.96667 0.36534 -0.15679 1 0 1.0
0 1.72721 -1.27279 1.70000 0.19792 0.16243 -0.96667 0.34544 -0.25456 1 0 1.0
0 1.50335 -1.00003 1.70000 0.19792 0.16243 -0.96667 0.30067 -0.20001 1 0 1.0
cl_leather
0 1.50335 -1.00003 1.70000 -0.19792 -0.16243 -0.96667 0.30067 -0.20001 1 0 1.0
0 1.72721 -1.27279 1.70000 -0.19792 -0.16243 -0.96667 0.34544 -0.25456 1 0 1.0
0 1.45221 -1.54779 1.80251 -0.19792 -0.16243 -0.96667 0.29044 -0.30956 1 0 1.0
cl_leather
0 1.50335 -1.00003 1.70000 -0.19792 -0.16243 -0.96667 0.30067 -0.20001 1 0 1.0
0 1.45221 -1.54779 1.80251 -0.19792 -0.16243 -0.96667 0.29044 -0.30956 1 0 1.0
0 1.17999 -1.21609 1.80251 -0.19792 -0.16243 -0.96667 0.23600 -0.24322 1 0 1.0
cl_leather
0 1.17999 -1.21609 1.80251 -0.64878 -0.53244 -0.54367 -0.24322 0.36050 1 0 1.0
0 1.45221 -1.54779 1.80251 -0.64878 -0.53244 -0.54367 -0.30956 0.36050 1 0 1.0
0 1.33830 -1.66170 2.05000 -0.64878 -0.53244 -0.54367 -0.33234 0.41000 1 0 1.0
cl_leather
0 1.17999 -1.21609 1.80251 -0.64879 -0.53244 -0.54367 -0.24322 0.36050 1 0 1.0
0 1.33830 -1.66170 2.05000 -0.64879 -0.53244 -0.54367 -0.33234 0.41000 1 0 1.0
0 1.04605 -1.30559 2.05000 -0.64879 -0.53244 -0.54367 -0.26112 0.41000 1 0 1.0
cl_leather
0 1.33830 -1.66170 2.05000 -0.53244 -0.64879 0.54367 0.26766 0.41000 1 0 1.0
0 1.69441 -1.95395 2.05000 -0.53244 -0.64879 0.54367 0.33888 0.41000 1 0 1.0
0 1.78391 -1.82001 2.29749 -0.53244 -0.64879 0.54367 0.35678 0.45950 1 0 1.0
cl_leather
0 1.33830 -1.66170 2.05000 -0.53244 -0.64878 0.54367 0.26766 0.41000 1 0 1.0
0 1.78391 -1.82001 2.29749 -0.53244 -0.64878 0.54367 0.35678 0.45950 1 0 1.0
0 1.45221 -1.54779 2.29749 -0.53244 -0.64878 0.54367 0.29044 0.45950 1 0 1.0
cl_leather
0 1.45221 -1.54779 2.29749 -0.16243 -0.19792 0.96667 0.29044 -0.30956 1 0 1.0
0 1.78391 -1.82001 2.29749 -0.16243 -0.19792 0.96667 0.35678 -0.36400 1 0 1.0
0 1.99997 -1.49665 2.40000 -0.16243 -0.19792 0.96667 0.39999 -0.29933 1 0 1.0
cl_leather
0 1.45221 -1.54779 2.29749 -0.16243 -0.19792 0.96667 0.29044 -0.30956 1 0 1.0
0 1.99997 -1.49665 2.40000 -0.16243 -0.19792 0.96667 0.39999 -0.29933 1 0 1.0
0 1.72721 -1.27279 2.40000 -0.16243 -0.19792 0.96667 0.34544 -0.25456 1 0 1.0
cl_leather
0 1.72721 -1.27279 2.40000 0.16243 0.19792 0.96667 0.34544 -0.25456 1 0 1.0
0 1.99997 -1.49665 2.40000 0.16243 0.19792 0.96667 0.39999 -0.29933 1 0 1.0
0 2.21604 -1.17328 2.29749 0.16243 0.19792 0.96667 0.44321 -0.23466 1 0 1.0
cl_leather
0 1.72721 -1.27279 2.40000 0.16243 0.19792 0.96667 0.34544 -0.25456 1 0 1.0
0 2.21604 -1.17328 2.29749 0.16243 0.19792 0.96667 0.44321 -0.23466 1 0 1.0
0 2.00221 -0.99779 2.29749 0.16243 0.19792 0.96667 0.40044 -0.19956 1 0 1.0
cl_leather
0 2.00221 -0.99779 2.29749 0.53244 0.64879 0.54367 0.40044 0.45950 1 0 1.0
0 2.21604 -1.17328 2.29749 0.53244 0.64879 0.54367 0.44321 0.45950 1 0 1.0
0 2.30554 -1.03934 2.05000 0.53244 0.64879 0.54367 0.46111 0.41000 1 0 1.0
cl_leather
0 2.00221 -0.99779 2.29749 0.53244 0.64879 0.54367 0.40044 0.45950 1 0 1.0
0 2.30554 -1.03934 2.05000 0.53244 0.64879 0.54367 0.46111 0.41000 1 0 1.0
0 2.11612 -0.88388 2.05000 0.53244 0.64879 0.54367 0.42322 0.41000 1 0 1.0
cl_leather
0 2.11612 -0.88388 2.05000 0.53244 0.64879 -0.54367 0.42322 0.41000 1 0 1.0
0 2.30554 -1.03934 2.05000 0.53244 0.64879 -0.54367 0.46111 0.41000 1 0 1.0
0 2.21604 -1.17328 1.80251 0.53244 0.64879 -0.54367 0.44321 0.36050 1 0 1.0
cl_leather
0 2.11612 -0.88388 2.05000 0.53244 0.64879 -0.54367 0.42322 0.41000 1 0 1.0
0 2.21604 -1.17328 1.80251 0.53244 0.64879 -0.54367 0.44321 0.36050 1 0 1.0
0 2.00221 -0.99779 1.80251 0.53244 0.64879 -0.54367 0.40044 0.36050 1 0 1.0
cl_leather
0 2.00221 -0.99779 1.80251 0.16243 0.19792 -0.96667 0.40044 -0.19956 1 0 1.0
0 2.21604 -1.17328 1.80251 0.16243 0.19792 -0.96667 0.44321 -0.23466 1 0 1.0
0 1.99997 -1.49665 1.70000 0.16243 0.19792 -0.96667 0.39999 -0.29933 1 0 1.0
cl_leather
0 2.00221 -0.99779 1.80251 0.16243 0.19792 -0.96667 0.40044 -0.19956 1 0 1.0
0 1.99997 -1.49665 1.70000 0.16243 0.19792 -0.96667 0.39999 -0.29933 1 0 1.0
0 1.72721 -1.27279 1.70000 0.16243 0.19792 -0.96667 0.34544 -0.25456 1 0 1.0
cl_leather
0 1.72721 -1.27279 1.70000 -0.16243 -0.19792 -0.96667 0.34544 -0.25456 1 0 1.0
0 1.99997 -1.49665 1.70000 -0.16243 -0.19792 -0.96667 0.39999 -0.29933 1 0 1.0
0 1.78391 -1.82001 1.80251 -0.16243 -0.19792 -0.96667 0.35678 -0.36400 1 0 1.0
cl_leather
0 1.72721 -1.27279 1.70000 -0.16243 -0.19792 -0.96667 0.34544 -0.25456 1 0 1.0
0 1.78391 -1.82001 1.80251 -0.16243 -0.19792 -0.96667 0.35678 -0.36400 1 0 1.0
0 1.45221 -1.54779 1.80251 -0.16243 -0.19792 -0.96667 0.29044 -0.30956 1 0 1.0
cl_leather
0 1.45221 -1.54779 1.80251 -0.53244 -0.64879 -0.54367 0.29044 0.36050 1 0 1.0
0 1.78391 -1.82001 1.80251 -0.53244 -0.64879 -0.54367 0.35678 0.36050 1 0 1.0
0 1.69441 -1.95395 2.05000 -0.53244 -0.64879 -0.54367 0.33888 0.41000 1 0 1.0
cl_leather
0 1.45221 -1.54779 1.80251 -0.53244 -0.64879 -0.54367 0.29044 0.36050 1 0 1.0
0 1.69441 -1.95395 2.05000 -0.53244 -0.64879 -0.54367 0.33888 0.41000 1 0 1.0
0 1.33830 -1.66170 2.05000 -0.53244 -0.64879 -0.54367 0.26766 0.41000 1 0 1.0
cl_leather
0 1.69441 -1.95395 2.05000 -0.39564 -0.74019 0.54367 0.33888 0.41000 1 0 1.0
0 2.10069 -2.17112 2.05000 -0.39564 -0.74019 0.54367 0.42014 0.41000 1 0 1.0
0 2.16234 -2.02229 2.29749 -0.39564 -0.74019 0.54367 0.43247 0.45950 1 0 1.0
cl_leather
0 1.69441 -1.95395 2.05000 -0.39564 -0.74019 0.54367 0.33888 0.41000 1 0 1.0
0 2.16234 -2.02229 2.29749 -0.39564 -0.74019 0.54367 0.43247 0.45950 1 0 1.0
0 1.78391 -1.82001 2.29749 -0.39564 -0.74019 0.54367 0.35678 0.45950 1 0 1.0
cl_leather
0 1.78391 -1.82001 2.29749 -0.12069 -0.22580 0.96667 0.35678 -0.36400 1 0 1.0
0 2.16234 -2.02229 2.29749 -0.12069 -0.22580 0.96667 0.43247 -0.40446 1 0 1.0
0 2.31117 -1.66298 2.40000 -0.12069 -0.22580 0.96667 0.46223 -0.33260 1 0 1.0
cl_leather
0 1.78391 -1.82001 2.29749 -0.12069 -0.22580 0.96667 0.35678 -0.36400 1 0 1.0
0 2.31117 -1.66298 2.40000 -0.12069 -0.22580 0.96667 0.46223 -0.33260 1 0 1.0
0 1.99997 -1.49665 2.40000 -0.12069 -0.22580 0.96667 0.39999 -0.29933 1 0 1.0
cl_leather
0 1.99997 -1.49665 2.40000 0.12069 0.22580 0.96667 0.39999 -0.29933 1 0 1.0
0 2.31117 -1.66298 2.40000 0.12069 0.22580 0.96667 0.46223 -0.33260 1 0 1.0
0 2.46000 -1.30368 2.29749 0.12069 0.22580 0.96667 0.49200 -0.26074 1 0 1.0
cl_leather
0 1.99997 -1.49665 2.40000 0.12069 0.22580 0.96667 0.39999 -0.29933 1 0 1.0
0 2.46000 -1.30368 2.29749 0.12069 0.22580 0.96667 0.49200 -0.26074 1 0 1.0
0 2.21604 -1.17328 2.29749 0.12069 0.22580 0.96667 0.44321 -0.23466 1 0 1.0
cl_leather
0 2.21604 -1.17328 2.29749 0.39564 0.74019 0.54367 0.44321 0.45950 1 0 1.0
0 2.46000 -1.30368 2.29749 0.39564 0.74019 0.54367 0.49200 0.45950 1 0 1.0
0 2.52165 -1.15485 2.05000 0.39564 0.74019 0.54367 0.50433 0.41000 1 0 1.0
cl_leather
0 2.21604 -1.17328 2.29749 0.39564 0.74019 0.54367 0.44321 0.45950 1 0 1.0
0 2.52165 -1.15485 2.05000 0.39564 0.74019 0.54367 0.50433 0.41000 1 0 1.0
0 2.30554 -1.03934 2.05000 0.39564 0.74019 0.54367 0.46111 0.41000 1 0 1.0
cl_leather
0 2.30554 -1.03934 2.05000 0.39564 0.74019 -0.54367 0.46111 0.41000 1 0 1.0
0 2.52165 -1.15485 2.05000 0.39564 0.74019 -0.54367 0.50433 0.41000 1 0 1.0
0 2.46000 -1.30368 1.80251 0.39564 0.74019 -0.54367 0.49200 0.36050 1 0 1.0
cl_leather
0 2.30554 -1.03934 2.05000 0.39564 0.74019 -0.54367 0.46111 0.41000 1 0 1.0
0 2.46000 -1.30368 1.80251 0.39564 0.74019 -0.54367 0.49200 0.36050 1 0 1.0
0 2.21604 -1.17328 1.80251 0.39564 0.74019 -0.54367 0.44321 0.36050 1 0 1.0
cl_leather
0 2.21604 -1.17328 1.80251 0.12070 0.22580 -0.96667 0.44321 -0.23466 1 0 1.0
0 2.46000 -1.30368 1.80251 0.12070 0.22580 -0.96667 0.49200 -0.26074 1 0 1.0
0 2.31117 -1.66298 1.70000 0.12070 0.22580 -0.96667 0.46223 -0.33260 1 0 1.0
cl_leather
0 2.21604 -1.17328 1.80251 0.12070 0.22580 -0.96667 0.44321 -0.23466 1 0 1.0
0 2.31117 -1.66298 1.70000 0.12070 0.22580 -0.96667 0.46223 -0.33260 1 0 1.0
0 1.99997 -1.49665 1.70000 0.12070 0.22580 -0.96667 0.39999 -0.29933 1 0 1.0
cl_leather
0 1.99997 -1.49665 1.70000 -0.12070 -0.22580 -0.96667 0.39999 -0.29933 1 0 1.0
0 2.31117 -1.66298 1.70000 -0.12070 -0.22580 -0.96667 0.46223 -0.33260 1 0 1.0
0 2.16234 -2.02229 1.80251 -0.12070 -0.22580 -0.96667 0.43247 -0.40446 1 0 1.0
cl_leather
0 1.99997 -1.49665 1.70000 -0.12070 -0.22580 -0.96667 0.39999 -0.29933 1 0 1.0
0 2.16234 -2.02229 1.80251 -0.12070 -0.22580 -0.96667 0.43247 -0.40446 1 0 1.0
0 1.78391 -1.82001 1.80251 -0.12070 -0.22580 -0.96667 0.35678 -0.36400 1 0 1.0
cl_leather
0 1.78391 -1.82001 1.80251 -0.39564 -0.74019 -0.54367 0.35678 0.36050 1 0 1.0
0 2.16234 -2.02229 1.80251 -0.39564 -0.74019 -0.54367 0.43247 0.36050 1 0 1.0
0 2.10069 -2.17112 2.05000 -0.39564 -0.74019 -0.54367 0.42014 0.41000 1 0 1.0
cl_leather
0 1.78391 -1.82001 1.80251 -0.39564 -0.74019 -0.54367 0.35678 0.36050 1 0 1.0
0 2.10069 -2.17112 2.05000 -0.39564 -0.74019 -0.54367 0.42014 0.41000 1 0 1.0
0 1.69441 -1.95395 2.05000 -0.39564 -0.74019 -0.54367 0.33888 0.41000 1 0 1.0
cl_leather
0 2.10069 -2.17112 2.05000 -0.24364 -0.80316 0.54367 0.42014 0.41000 1 0 1.0
0 2.54154 -2.30485 2.05000 -0.24364 -0.80316 0.54367 0.50831 0.41000 1 0 1.0
0 2.57297 -2.14685 2.29749 -0.24364 -0.80316 0.54367 0.51459 0.45950 1 0 1.0
cl_leather
0 2.10069 -2.17112 2.05000 -0.24364 -0.80316 0.54367 0.42014 0.41000 1 0 1.0
0 2.57297 -2.14685 2.29749 -0.24364 -0.80316 0.54367 0.51459 0.45950 1 0 1.0
0 2.16234 -2.02229 2.29749 -0.24364 -0.80316 0.54367 0.43247 0.45950 1 0 1.0
cl_leather
0 2.16234 -2.02229 2.29749 -0.07432 -0.24501 0.96667 0.43247 -0.40446 1 0 1.0
0 2.57297 -2.14685 2.29749 -0.07432 -0.24501 0.96667 0.51459 -0.42937 1 0 1.0
0 2.64884 -1.76541 2.40000 -0.07432 -0.24501 0.96667 0.52977 -0.35308 1 0 1.0
cl_leather
0 2.16234 -2.02229 2.29749 -0.07432 -0.24501 0.96667 0.43247 -0.40446 1 0 1.0
0 2.64884 -1.76541 2.40000 -0.07432 -0.24501 0.96667 0.52977 -0.35308 1 0 1.0
0 2.31117 -1.66298 2.40000 -0.07432 -0.24501 0.96667 0.46223 -0.33260 1 0 1.0
cl_leather
0 2.31117 -1.66298 2.40000 0.07432 0.24501 0.96667 0.46223 -0.33260 1 0 1.0
0 2.64884 -1.76541 2.40000 0.07432 0.24501 0.96667 0.52977 -0.35308 1 0 1.0
0 2.72471 -1.38398 2.29749 0.07432 0.24501 0.96667 0.54494 -0.27680 1 0 1.0
cl_leather
0 2.31117 -1.66298 2.40000 0.07432 0.24501 0.96667 0.46223 -0.33260 1 0 1.0
0 2.72471 -1.38398 2.29749 0.07432 0.24501 0.96667 0.54494 -0.27680 1 0 1.0
0 2.46000 -1.30368 2.29749 0.07432 0.24501 0.96667 0.49200 -0.26074 1 0 1.0
cl_leather
0 2.46000 -1.30368 2.29749 0.24364 0.80316 0.54367 0.49200 0.45950 1 0 1.0
0 2.72471 -1.38398 2.29749 0.24364 0.80316 0.54367 0.54494 0.45950 1 0 1.0
0 2.75614 -1.22598 2.05000 0.24364 0.80316 0.54367 0.55123 0.41000 1 0 1.0
cl_leather
0 2.46000 -1.30368 2.29749 0.24364 0.80316 0.54367 0.49200 0.45950 1 0 1.0
0 2.75614 -1.22598 2.05000 0.24364 0.80316 0.54367 0.55123 0.41000 1 0 1.0
0 2.52165 -1.15485 2.05000 0.24364 0.80316 0.54367 0.50433 0.41000 1 0 1.0
cl_leather
0 2.52165 -1.15485 2.05000 0.24364 0.80316 -0.54367 0.50433 0.41000 1 0 1.0
0 2.75614 -1.22598 2.05000 0.24364 0.80316 -0.54367 0.55123 0.41000 1 0 1.0
0 2.72471 -1.38398 1.80251 0.24364 0.80316 -0.54367 0.54494 0.36050 1 0 1.0
cl_leather
0 2.52165 -1.15485 2.05000 0.24364 0.80316 -0.54367 0.50433 0.41000 1 0 1.0
0 2.72471 -1.38398 1.80251 0.24364 0.80316 -0.54367 0.54494 0.36050 1 0 1.0
0 2.46000 -1.30368 1.80251 0.24364 0.80316 -0.54367 0.49200 0.36050 1 0 1.0
cl_leather
0 2.46000 -1.30368 1.80251 0.07432 0.24501 -0.96667 0.49200 -0.26074 1 0 1.0
0 2.72471 -1.38398 1.80251 0.07432 0.24501 -0.96667 0.54494 -0.27680 1 0 1.0
0 2.64884 -1.76541 1.70000 0.07432 0.24501 -0.96667 0.52977 -0.35308 1 0 1.0
cl_leather
0 2.46000 -1.30368 1.80251 0.07432 0.24501 -0.96667 0.49200 -0.26074 1 0 1.0
0 2.64884 -1.76541 1.70000 0.07432 0.24501 -0.96667 0.52977 -0.35308 1 0 1.0
0 2.31117 -1.66298 1.70000 0.07432 0.24501 -0.96667 0.46223 -0.33260 1 0 1.0
cl_leather
0 2.31117 -1.66298 1.70000 -0.07432 -0.24501 -0.96667 0.46223 -0.33260 1 0 1.0
0 2.64884 -1.76541 1.70000 -0.07432 -0.24501 -0.96667 0.52977 -0.35308 1 0 1.0
0 2.57297 -2.14685 1.80251 -0.07432 -0.24501 -0.96667 0.51459 -0.42937 1 0 1.0
cl_leather
0 2.31117 -1.66298 1.70000 -0.07432 -0.24501 -0.96667 0.46223 -0.33260 1 0 1.0
0 2.57297 -2.14685 1.80251 -0.07432 -0.24501 -0.96667 0.51459 -0.42937 1 0 1.0
0 2.16234 -2.02229 1.80251 -0.07432 -0.24501 -0.96667 0.43247 -0.40446 1 0 1.0
cl_leather
0 2.16234 -2.02229 1.80251 -0.24364 -0.80316 -0.54367 0.43247 0.36050 1 0 1.0
0 2.57297 -2.14685 1.80251 -0.24364 -0.80316 -0.54367 0.51459 0.36050 1 0 1.0
0 2.54154 -2.30485 2.05000 -0.24364 -0.80316 -0.54367 0.50831 0.41000 1 0 1.0
cl_leather
0 2.16234 -2.02229 1.80251 -0.24364 -0.80316 -0.54367 0.43247 0.36050 1 0 1.0
0 2.54154 -2.30485 2.05000 -0.24364 -0.80316 -0.54367 0.50831 0.41000 1 0 1.0
0 2.10069 -2.17112 2.05000 -0.24364 -0.80316 -0.54367 0.42014 0.41000 1 0 1.0
cl_leather
0 2.54154 -2.30485 2.05000 -0.08758 -0.83351 0.54551 0.50831 0.41000 1 0 1.0
0 2.94609 -2.34735 2.05000 -0.08758 -0.83351 0.54551 0.58922 0.41000 1 0 1.0
0 2.96188 -2.18704 2.29749 -0.08758 -0.83351 0.54551 0.59238 0.45950 1 0 1.0
cl_leather
0 2.54154 -2.30485 2.05000 -0.08625 -0.83474 0.54385 0.50831 0.41000 1 0 1.0
0 2.96188 -2.18704 2.29749 -0.08625 -0.83474 0.54385 0.59238 0.45950 1 0 1.0
0 2.57297 -2.14685 2.29749 -0.08625 -0.83474 0.54385 0.51459 0.45950 1 0 1.0
cl_leather
0 2.57297 -2.14685 2.29749 -0.02620 -0.25354 0.96697 0.51459 -0.42937 1 0 1.0
0 2.96188 -2.18704 2.29749 -0.02620 -0.25354 0.96697 0.59238 -0.43741 1 0 1.0
0 3.00000 -1.80000 2.40000 -0.02620 -0.25354 0.96697 0.60000 -0.36000 1 0 1.0
cl_leather
0 2.57297 -2.14685 2.29749 -0.02510 -0.25480 0.96667 0.51459 -0.42937 1 0 1.0
0 3.00000 -1.80000 2.40000 -0.02510 -0.25480 0.96667 0.60000 -0.36000 1 0 1.0
0 2.64884 -1.76541 2.40000 -0.02510 -0.25480 0.96667 0.52977 -0.35308 1 0 1.0
cl_leather
0 2.64884 -1.76541 2.40000 0.02498 0.25366 0.96697 0.52977 -0.35308 1 0 1.0
0 3.00000 -1.80000 2.40000 0.02498 0.25366 0.96697 0.60000 -0.36000 1 0 1.0
0 3.03812 -1.41296 2.29749 0.02498 0.25366 0.96697 0.60762 -0.28259 1 0 1.0
cl_leather
0 2.64884 -1.76541 2.40000 0.02359 0.25509 0.96663 0.52977 -0.35308 1 0 1.0
0 3.03812 -1.41296 2.29749 0.02359 0.25509 0.96663 0.60762 -0.28259 1 0 1.0
0 2.72471 -1.38398 2.29749 0.02359 0.25509 0.96663 0.54494 -0.27680 1 0 1.0
cl_leather
0 2.72471 -1.38398 2.29749 0.07718 0.83454 0.54552 0.54494 0.45950 1 0 1.0
0 3.03812 -1.41296 2.29749 0.07718 0.83454 0.54552 0.60762 0.45950 1 0 1.0
0 3.05391 -1.25265 2.05000 0.07718 0.83454 0.54552 0.61078 0.41000 1 0 1.0
cl_leather
0 2.72471 -1.38398 2.29749 0.07488 0.83618 0.54332 0.54494 0.45950 1 0 1.0
0 3.05391 -1.25265 2.05000 0.07488 0.83618 0.54332 0.61078 0.41000 1 0 1.0
0 2.75614 -1.22598 2.05000 0.07488 0.83618 0.54332 0.55123 0.41000 1 0 1.0
cl_leather
0 2.75614 -1.22598 2.05000 0.07476 0.83477 -0.54551 0.55123 0.41000 1 0 1.0
0 3.05391 -1.25265 2.05000 0.07476 0.83477 -0.54551 0.61078 0.41000 1 0 1.0
0 3.03812 -1.41296 1.80251 0.07476 0.83477 -0.54551 0.60762 0.36050 1 0 1.0
cl_leather
0 2.75614 -1.22598 2.05000 0.07731 0.83588 -0.54344 0.55123 0.41000 1 0 1.0
0 3.03812 -1.41296 1.80251 0.07731 0.83588 -0.54344 0.60762 0.36050 1 0 1.0
0 2.72471 -1.38398 1.80251 0.07731 0.83588 -0.54344 0.54494 0.36050 1 0 1.0
cl_leather
0 2.72471 -1.38398 1.80251 0.02347 0.25381 -0.96697 0.54494 -0.27680 1 0 1.0
0 3.03812 -1.41296 1.80251 0.02347 0.25381 -0.96697 0.60762 -0.28259 1 0 1.0
0 3.00000 -1.80000 1.70000 0.02347 0.25381 -0.96697 0.60000 -0.36000 1 0 1.0
cl_leather
0 2.72471 -1.38398 1.80251 0.02510 0.25480 -0.96667 0.54494 -0.27680 1 0 1.0
0 3.00000 -1.80000 1.70000 0.02510 0.25480 -0.96667 0.60000 -0.36000 1 0 1.0
0 2.64884 -1.76541 1.70000 0.02510 0.25480 -0.96667 0.52977 -0.35308 1 0 1.0
cl_leather
0 2.64884 -1.76541 1.70000 -0.02498 -0.25366 -0.96697 0.52977 -0.35308 1 0 1.0
0 3.00000 -1.80000 1.70000 -0.02498 -0.25366 -0.96697 0.60000 -0.36000 1 0 1.0
0 2.96188 -2.18704 1.80251 -0.02498 -0.25366 -0.96697 0.59238 -0.43741 1 0 1.0
cl_leather
0 2.64884 -1.76541 1.70000 -0.02630 -0.25457 -0.96670 0.52977 -0.35308 1 0 1.0
0 2.96188 -2.18704 1.80251 -0.02630 -0.25457 -0.96670 0.59238 -0.43741 1 0 1.0
0 2.57297 -2.14685 1.80251 -0.02630 -0.25457 -0.96670 0.51459 -0.42937 1 0 1.0
cl_leather
0 2.57297 -2.14685 1.80251 -0.08614 -0.83366 -0.54552 0.51459 0.36050 1 0 1.0
0 2.96188 -2.18704 1.80251 -0.08614 -0.83366 -0.54552 0.59238 0.36050 1 0 1.0
0 2.94609 -2.34735 2.05000 -0.08614 -0.83366 -0.54552 0.58922 0.41000 1 0 1.0
cl_leather
0 2.57297 -2.14685 1.80251 -0.08769 -0.83455 -0.54391 0.51459 0.36050 1 0 1.0
0 2.94609 -2.34735 2.05000 -0.08769 -0.83455 -0.54391 0.58922 0.41000 1 0 1.0
0 2.54154 -2.30485 2.05000 -0.08769 -0.83455 -0.54391 0.50831 0.41000 1 0 1.0
cl_leather
0 3.00000 1.80000 1.70000 0.99518 0.09802 0.00000 0.36000 0.34000 1 0 1.0
0 2.96188 2.18704 1.80251 0.99518 0.09802 0.00000 0.43741 0.36050 1 0 1.0
0 2.94609 2.34735 2.05000 0.99518 0.09802 0.00000 0.46947 0.41000 1 0 1.0
cl_leather
0 2.94609 2.34735 2.05000 0.99518 0.09802 -0.00000 0.46947 0.41000 1 0 1.0
0 2.96188 2.18704 2.29749 0.99518 0.09802 -0.00000 0.43741 0.45950 1 0 1.0
0 3.00000 1.80000 2.40000 0.99518 0.09802 -0.00000 0.36000 0.48000 1 0 1.0
cl_leather
0 3.00000 1.80000 2.40000 0.99518 0.09802 0.00000 0.36000 0.48000 1 0 1.0
0 3.03812 1.41296 2.29749 0.99518 0.09802 0.00000 0.28259 0.45950 1 0 1.0
0 3.05391 1.25265 2.05000 0.99518 0.09802 0.00000 0.25053 0.41000 1 0 1.0
cl_leather
0 3.05391 1.25265 2.05000 0.99518 0.09802 -0.00000 0.25053 0.41000 1 0 1.0
0 3.03812 1.41296 1.80251 0.99518 0.09802 -0.00000 0.28259 0.36050 1 0 1.0
0 3.00000 1.80000 1.70000 0.99518 0.09802 -0.00000 0.36000 0.34000 1 0 1.0
cl_leather
0 3.00000 1.80000 1.70000 0.99518 0.09802 0.00000 0.36000 0.34000 1 0 1.0
0 2.94609 2.34735 2.05000 0.99518 0.09802 0.00000 0.46947 0.41000 1 0 1.0
0 3.00000 1.80000 2.40000 0.99518 0.09802 0.00000 0.36000 0.48000 1 0 1.0
cl_leather
0 3.00000 1.80000 2.40000 0.99518 0.09802 0.00000 0.36000 0.48000 1 0 1.0
0 3.05391 1.25265 2.05000 0.99518 0.09802 0.00000 0.25053 0.41000 1 0 1.0
0 3.00000 1.80000 1.70000 0.99518 0.09802 0.00000 0.36000 0.34000 1 0 1.0
cl_leather
0 2.96188 -2.18704 2.29749 0.99518 -0.09802 0.00000 -0.43741 0.45950 1 0 1.0
0 2.94609 -2.34735 2.05000 0.99518 -0.09802 0.00000 -0.46947 0.41000 1 0 1.0
0 2.96188 -2.18704 1.80251 0.99518 -0.09802 0.00000 -0.43741 0.36050 1 0 1.0
cl_leather
0 2.96188 -2.18704 1.80251 0.99518 -0.09802 0.00000 -0.43741 0.36050 1 0 1.0
0 3.00000 -1.80000 1.70000 0.99518 -0.09802 0.00000 -0.36000 0.34000 1 0 1.0
0 3.03812 -1.41296 1.80251 0.99518 -0.09802 0.00000 -0.28259 0.36050 1 0 1.0
cl_leather
0 3.03812 -1.41296 1.80251 0.99518 -0.09802 0.00000 -0.28259 0.36050 1 0 1.0
0 3.05391 -1.25265 2.05000 0.99518 -0.09802 0.00000 -0.25053 0.41000 1 0 1.0
0 3.03812 -1.41296 2.29749 0.99518 -0.09802 0.00000 -0.28259 0.45950 1 0 1.0
cl_leather
0 3.03812 -1.41296 2.29749 0.99518 -0.09802 0.00000 -0.28259 0.45950 1 0 1.0
0 3.00000 -1.80000 2.40000 0.99518 -0.09802 0.00000 -0.36000 0.48000 1 0 1.0
0 2.96188 -2.18704 2.29749 0.99518 -0.09802 0.00000 -0.43741 0.45950 1 0 1.0
cl_leather
0 2.96188 -2.18704 2.29749 0.99518 -0.09802 0.00000 -0.43741 0.45950 1 0 1.0
0 2.96188 -2.18704 1.80251 0.99518 -0.09802 0.00000 -0.43741 0.36050 1 0 1.0
0 3.03812 -1.41296 1.80251 0.99518 -0.09802 0.00000 -0.28259 0.36050 1 0 1.0
cl_leather
0 3.03812 -1.41296 1.80251 0.99518 -0.09802 0.00000 -0.28259 0.36050 1 0 1.0
0 3.03812 -1.41296 2.29749 0.99518 -0.09802 0.00000 -0.28259 0.45950 1 0 1.0
0 2.96188 -2.18704 2.29749 0.99518 -0.09802 0.00000 -0.43741 0.45950 1 0 1.0
cl_black
0 -2.62866 -2.56224 1.98000 -0.74000 -0.34507 -0.57735 -0.51245 0.39600 1 0 1.0
0 -2.64234 -2.59983 2.02000 -0.74000 -0.34507 -0.57735 -0.51997 0.40400 1 0 1.0
0 -2.66624 -2.54856 2.02000 -0.74000 -0.34507 -0.57735 -0.50971 0.40400 1 0 1.0
cl_black
0 -2.64234 -2.59983 2.02000 -0.74000 -0.34507 0.57735 -0.51997 0.40400 1 0 1.0
0 -2.62866 -2.56224 2.06000 -0.74000 -0.34507 0.57735 -0.51245 0.41200 1 0 1.0
0 -2.66624 -2.54856 2.02000 -0.74000 -0.34507 0.57735 -0.50971 0.40400 1 0 1.0
cl_black
0 -2.58761 -2.44948 1.98000 -0.34507 0.74000 -0.57735 -0.51752 0.39600 1 0 1.0
0 -2.62520 -2.43580 2.02000 -0.34507 0.74000 -0.57735 -0.52504 0.40400 1 0 1.0
0 -2.57393 -2.41189 2.02000 -0.34507 0.74000 -0.57735 -0.51479 0.40400 1 0 1.0
cl_black
0 -2.58761 -2.44948 2.06000 -0.34507 0.74000 0.57735 -0.51752 0.41200 1 0 1.0
0 -2.57393 -2.41189 2.02000 -0.34507 0.74000 0.57735 -0.51479 0.40400 1 0 1.0
0 -2.62520 -2.43580 2.02000 -0.34507 0.74000 0.57735 -0.52504 0.40400 1 0 1.0
cl_black
0 -1.01239 -3.15052 1.98000 0.34507 -0.74000 -0.57735 -0.20248 0.39600 1 0 1.0
0 -0.97480 -3.16420 2.02000 0.34507 -0.74000 -0.57735 -0.19496 0.40400 1 0 1.0
0 -1.02607 -3.18811 2.02000 0.34507 -0.74000 -0.57735 -0.20521 0.40400 1 0 1.0
cl_black
0 -1.01239 -3.15052 2.06000 0.34507 -0.74000 0.57735 -0.20248 0.41200 1 0 1.0
0 -1.02607 -3.18811 2.02000 0.34507 -0.74000 0.57735 -0.20521 0.40400 1 0 1.0
0 -0.97480 -3.16420 2.02000 0.34507 -0.74000 0.57735 -0.19496 0.40400 1 0 1.0
cl_black
0 -0.97134 -3.03776 1.98000 0.74000 0.34507 -0.57735 -0.60755 0.39600 1 0 1.0
0 -0.95766 -3.00017 2.02000 0.74000 0.34507 -0.57735 -0.60003 0.40400 1 0 1.0
0 -0.93376 -3.05144 2.02000 0.74000 0.34507 -0.57735 -0.61029 0.40400 1 0 1.0
cl_black
0 -0.97134 -3.03776 2.06000 0.74000 0.34507 0.57735 -0.60755 0.41200 1 0 1.0
0 -0.93376 -3.05144 2.02000 0.74000 0.34507 0.57735 -0.61029 0.40400 1 0 1.0
0 -0.95766 -3.00017 2.02000 0.74000 0.34507 0.57735 -0.60003 0.40400 1 0 1.0
cl_black
0 -2.58761 -2.44948 1.98000 -0.66446 0.24185 -0.70711 -0.51752 -0.48990 1 0 1.0
0 -2.62866 -2.56224 1.98000 -0.66446 0.24185 -0.70711 -0.52573 -0.51245 1 0 1.0
0 -2.66624 -2.54856 2.02000 -0.66446 0.24185 -0.70711 -0.53325 -0.50971 1 0 1.0
cl_black
0 -2.58761 -2.44948 1.98000 -0.66446 0.24184 -0.70711 -0.51752 -0.48990 1 0 1.0
0 -2.66624 -2.54856 2.02000 -0.66446 0.24184 -0.70711 -0.53325 -0.50971 1 0 1.0
0 -2.62520 -2.43580 2.02000 -0.66446 0.24184 -0.70711 -0.52504 -0.48716 1 0 1.0
cl_black
0 -2.64234 -2.59983 2.02000 0.00000 0.00000 0.00000 -0.52847 -0.51997 1 0 1.0
0 -2.64234 -2.59983 2.02000 0.00000 0.00000 0.00000 -0.52847 -0.51997 1 0 1.0
0 -2.66624 -2.54856 2.02000 0.00000 0.00000 0.00000 -0.53325 -0.50971 1 0 1.0
cl_black
0 -2.64234 -2.59983 2.02000 0.00000 0.00000 0.00000 -0.52847 -0.51997 1 0 1.0
0 -2.66624 -2.54856 2.02000 0.00000 0.00000 0.00000 -0.53325 -0.50971 1 0 1.0
0 -2.66624 -2.54856 2.02000 0.00000 0.00000 0.00000 -0.53325 -0.50971 1 0 1.0
cl_black
0 -2.62866 -2.56224 2.06000 -0.66446 0.24184 0.70711 -0.52573 -0.51245 1 0 1.0
0 -2.58761 -2.44948 2.06000 -0.66446 0.24184 0.70711 -0.51752 -0.48990 1 0 1.0
0 -2.62520 -2.43580 2.02000 -0.66446 0.24184 0.70711 -0.52504 -0.48716 1 0 1.0
cl_black
0 -2.62866 -2.56224 2.06000 -0.66446 0.24184 0.70711 -0.52573 -0.51245 1 0 1.0
0 -2.62520 -2.43580 2.02000 -0.66446 0.24184 0.70711 -0.52504 -0.48716 1 0 1.0
0 -2.66624 -2.54856 2.02000 -0.66446 0.24184 0.70711 -0.53325 -0.50971 1 0 1.0
cl_black
0 -2.57393 -2.41189 2.02000 0.00000 0.00000 0.00000 -0.51479 -0.48238 1 0 1.0
0 -2.57393 -2.41189 2.02000 0.00000 0.00000 0.00000 -0.51479 -0.48238 1 0 1.0
0 -2.62520 -2.43580 2.02000 0.00000 0.00000 0.00000 -0.52504 -0.48716 1 0 1.0
cl_black
0 -2.57393 -2.41189 2.02000 0.00000 0.00000 0.00000 -0.51479 -0.48238 1 0 1.0
0 -2.62520 -2.43580 2.02000 0.00000 0.00000 0.00000 -0.52504 -0.48716 1 0 1.0
0 -2.62520 -2.43580 2.02000 0.00000 0.00000 0.00000 -0.52504 -0.48716 1 0 1.0
cl_black
0 -0.97134 -3.03776 1.98000 0.24184 0.66446 -0.70711 -0.19427 -0.60755 1 0 1.0
0 -2.58761 -2.44948 1.98000 0.24184 0.66446 -0.70711 -0.51752 -0.48990 1 0 1.0
0 -2.57393 -2.41189 2.02000 0.24184 0.66446 -0.70711 -0.51479 -0.48238 1 0 1.0
cl_black
0 -0.97134 -3.03776 1.98000 0.24185 0.66446 -0.70711 -0.19427 -0.60755 1 0 1.0
0 -2.57393 -2.41189 2.02000 0.24185 0.66446 -0.70711 -0.51479 -0.48238 1 0 1.0
0 -0.95766 -3.00017 2.02000 0.24185 0.66446 -0.70711 -0.19153 -0.60003 1 0 1.0
cl_black
0 -2.58761 -2.44948 2.06000 0.24184 0.66446 0.70711 -0.51752 -0.48990 1 0 1.0
0 -0.97134 -3.03776 2.06000 0.24184 0.66446 0.70711 -0.19427 -0.60755 1 0 1.0
0 -0.95766 -3.00017 2.02000 0.24184 0.66446 0.70711 -0.19153 -0.60003 1 0 1.0
cl_black
0 -2.58761 -2.44948 2.06000 0.24185 0.66446 0.70711 -0.51752 -0.48990 1 0 1.0
0 -0.95766 -3.00017 2.02000 0.24185 0.66446 0.70711 -0.19153 -0.60003 1 0 1.0
0 -2.57393 -2.41189 2.02000 0.24185 0.66446 0.70711 -0.51479 -0.48238 1 0 1.0
cl_black
0 -0.93376 -3.05144 2.02000 0.00000 0.00000 0.00000 -0.18675 -0.61029 1 0 1.0
0 -0.93376 -3.05144 2.02000 0.00000 0.00000 0.00000 -0.18675 -0.61029 1 0 1.0
0 -0.95766 -3.00017 2.02000 0.00000 0.00000 0.00000 -0.19153 -0.60003 1 0 1.0
cl_black
0 -0.93376 -3.05144 2.02000 0.00000 0.00000 0.00000 -0.18675 -0.61029 1 0 1.0
0 -0.95766 -3.00017 2.02000 0.00000 0.00000 0.00000 -0.19153 -0.60003 1 0 1.0
0 -0.95766 -3.00017 2.02000 0.00000 0.00000 0.00000 -0.19153 -0.60003 1 0 1.0
cl_black
0 -1.01239 -3.15052 1.98000 0.66446 -0.24185 -0.70711 -0.20248 -0.63010 1 0 1.0
0 -0.97134 -3.03776 1.98000 0.66446 -0.24185 -0.70711 -0.19427 -0.60755 1 0 1.0
0 -0.93376 -3.05144 2.02000 0.66446 -0.24185 -0.70711 -0.18675 -0.61029 1 0 1.0
cl_black
0 -1.01239 -3.15052 1.98000 0.66446 -0.24184 -0.70711 -0.20248 -0.63010 1 0 1.0
0 -0.93376 -3.05144 2.02000 0.66446 -0.24184 -0.70711 -0.18675 -0.61029 1 0 1.0
0 -0.97480 -3.16420 2.02000 0.66446 -0.24184 -0.70711 -0.19496 -0.63284 1 0 1.0
cl_black
0 -0.97134 -3.03776 2.06000 0.66446 -0.24184 0.70711 -0.19427 -0.60755 1 0 1.0
0 -1.01239 -3.15052 2.06000 0.66446 -0.24184 0.70711 -0.20248 -0.63010 1 0 1.0
0 -0.97480 -3.16420 2.02000 0.66446 -0.24184 0.70711 -0.19496 -0.63284 1 0 1.0
cl_black
0 -0.97134 -3.03776 2.06000 0.66446 -0.24184 0.70711 -0.19427 -0.60755 1 0 1.0
0 -0.97480 -3.16420 2.02000 0.66446 -0.24184 0.70711 -0.19496 -0.63284 1 0 1.0
0 -0.93376 -3.05144 2.02000 0.66446 -0.24184 0.70711 -0.18675 -0.61029 1 0 1.0
cl_black
0 -1.02607 -3.18811 2.02000 0.00000 0.00000 0.00000 -0.20521 -0.63762 1 0 1.0
0 -1.02607 -3.18811 2.02000 0.00000 0.00000 0.00000 -0.20521 -0.63762 1 0 1.0
0 -0.97480 -3.16420 2.02000 0.00000 0.00000 0.00000 -0.19496 -0.63284 1 0 1.0
cl_black
0 -1.02607 -3.18811 2.02000 0.00000 0.00000 0.00000 -0.20521 -0.63762 1 0 1.0
0 -0.97480 -3.16420 2.02000 0.00000 0.00000 0.00000 -0.19496 -0.63284 1 0 1.0
0 -0.97480 -3.16420 2.02000 0.00000 0.00000 0.00000 -0.19496 -0.63284 1 0 1.0
cl_black
0 -2.62866 -2.56224 1.98000 -0.24184 -0.66446 -0.70711 -0.52573 -0.51245 1 0 1.0
0 -1.01239 -3.15052 1.98000 -0.24184 -0.66446 -0.70711 -0.20248 -0.63010 1 0 1.0
0 -1.02607 -3.18811 2.02000 -0.24184 -0.66446 -0.70711 -0.20521 -0.63762 1 0 1.0
cl_black
0 -2.62866 -2.56224 1.98000 -0.24185 -0.66446 -0.70711 -0.52573 -0.51245 1 0 1.0
0 -1.02607 -3.18811 2.02000 -0.24185 -0.66446 -0.70711 -0.20521 -0.63762 1 0 1.0
0 -2.64234 -2.59983 2.02000 -0.24185 -0.66446 -0.70711 -0.52847 -0.51997 1 0 1.0
cl_black
0 -1.01239 -3.15052 2.06000 -0.24184 -0.66446 0.70711 -0.20248 -0.63010 1 0 1.0
0 -2.62866 -2.56224 2.06000 -0.24184 -0.66446 0.70711 -0.52573 -0.51245 1 0 1.0
0 -2.64234 -2.59983 2.02000 -0.24184 -0.66446 0.70711 -0.52847 -0.51997 1 0 1.0
cl_black
0 -1.01239 -3.15052 2.06000 -0.24185 -0.66446 0.70711 -0.20248 -0.63010 1 0 1.0
0 -2.64234 -2.59983 2.02000 -0.24185 -0.66446 0.70711 -0.52847 -0.51997 1 0 1.0
0 -1.02607 -3.18811 2.02000 -0.24185 -0.66446 0.70711 -0.20521 -0.63762 1 0 1.0
cl_black
0 -2.58761 -2.44948 1.98000 0.00000 0.00000 -1.00000 -0.51752 -0.48990 1 0 1.0
0 -0.97134 -3.03776 1.98000 0.00000 0.00000 -1.00000 -0.19427 -0.60755 1 0 1.0
0 -1.01239 -3.15052 1.98000 0.00000 0.00000 -1.00000 -0.20248 -0.63010 1 0 1.0
cl_black
0 -2.58761 -2.44948 1.98000 0.00000 0.00000 -1.00000 -0.51752 -0.48990 1 0 1.0
0 -1.01239 -3.15052 1.98000 0.00000 0.00000 -1.00000 -0.20248 -0.63010 1 0 1.0
0 -2.62866 -2.56224 1.98000 0.00000 0.00000 -1.00000 -0.52573 -0.51245 1 0 1.0
cl_black
0 -2.66624 -2.54856 2.02000 0.00000 0.00000 0.00000 -0.53325 -0.50971 1 0 1.0
0 -2.66624 -2.54856 2.02000 0.00000 0.00000 0.00000 -0.53325 -0.50971 1 0 1.0
0 -2.62520 -2.43580 2.02000 0.00000 0.00000 0.00000 -0.52504 -0.48716 1 0 1.0
cl_black
0 -2.66624 -2.54856 2.02000 0.00000 0.00000 0.00000 -0.53325 -0.50971 1 0 1.0
0 -2.62520 -2.43580 2.02000 0.00000 0.00000 0.00000 -0.52504 -0.48716 1 0 1.0
0 -2.62520 -2.43580 2.02000 0.00000 0.00000 0.00000 -0.52504 -0.48716 1 0 1.0
cl_black
0 -1.02607 -3.18811 2.02000 0.00000 0.00000 0.00000 -0.20521 -0.63762 1 0 1.0
0 -1.02607 -3.18811 2.02000 0.00000 0.00000 0.00000 -0.20521 -0.63762 1 0 1.0
0 -2.64234 -2.59983 2.02000 0.00000 0.00000 0.00000 -0.52847 -0.51997 1 0 1.0
cl_black
0 -1.02607 -3.18811 2.02000 0.00000 0.00000 0.00000 -0.20521 -0.63762 1 0 1.0
0 -2.64234 -2.59983 2.02000 0.00000 0.00000 0.00000 -0.52847 -0.51997 1 0 1.0
0 -2.64234 -2.59983 2.02000 0.00000 0.00000 0.00000 -0.52847 -0.51997 1 0 1.0
cl_black
0 -0.97134 -3.03776 2.06000 0.00000 0.00000 1.00000 -0.19427 -0.60755 1 0 1.0
0 -2.58761 -2.44948 2.06000 0.00000 0.00000 1.00000 -0.51752 -0.48990 1 0 1.0
0 -2.62866 -2.56224 2.06000 0.00000 0.00000 1.00000 -0.52573 -0.51245 1 0 1.0
cl_black
0 -0.97134 -3.03776 2.06000 0.00000 0.00000 1.00000 -0.19427 -0.60755 1 0 1.0
0 -2.62866 -2.56224 2.06000 0.00000 0.00000 1.00000 -0.52573 -0.51245 1 0 1.0
0 -1.01239 -3.15052 2.06000 0.00000 0.00000 1.00000 -0.20248 -0.63010 1 0 1.0
cl_black
0 -2.57393 -2.41189 2.02000 0.00000 0.00000 0.00000 -0.51479 -0.48238 1 0 1.0
0 -2.57393 -2.41189 2.02000 0.00000 0.00000 0.00000 -0.51479 -0.48238 1 0 1.0
0 -0.95766 -3.00017 2.02000 0.00000 0.00000 0.00000 -0.19153 -0.60003 1 0 1.0
cl_black
0 -2.57393 -2.41189 2.02000 0.00000 0.00000 0.00000 -0.51479 -0.48238 1 0 1.0
0 -0.95766 -3.00017 2.02000 0.00000 0.00000 0.00000 -0.19153 -0.60003 1 0 1.0
0 -0.95766 -3.00017 2.02000 0.00000 0.00000 0.00000 -0.19153 -0.60003 1 0 1.0
cl_black
0 -0.93376 -3.05144 2.02000 0.00000 0.00000 0.00000 -0.18675 -0.61029 1 0 1.0
0 -0.93376 -3.05144 2.02000 0.00000 0.00000 0.00000 -0.18675 -0.61029 1 0 1.0
0 -0.97480 -3.16420 2.02000 0.00000 0.00000 0.00000 -0.19496 -0.63284 1 0 1.0
cl_black
0 -0.93376 -3.05144 2.02000 0.00000 0.00000 0.00000 -0.18675 -0.61029 1 0 1.0
0 -0.97480 -3.16420 2.02000 0.00000 0.00000 0.00000 -0.19496 -0.63284 1 0 1.0
0 -0.97480 -3.16420 2.02000 0.00000 0.00000 0.00000 -0.19496 -0.63284 1 0 1.0
cl_black
0 -2.58761 2.44948 1.98000 -0.34507 -0.74000 -0.57735 -0.51752 0.39600 1 0 1.0
0 -2.57393 2.41189 2.02000 -0.34507 -0.74000 -0.57735 -0.51479 0.40400 1 0 1.0
0 -2.62520 2.43580 2.02000 -0.34507 -0.74000 -0.57735 -0.52504 0.40400 1 0 1.0
cl_black
0 -2.57393 2.41189 2.02000 -0.34507 -0.74000 0.57735 -0.51479 0.40400 1 0 1.0
0 -2.58761 2.44948 2.06000 -0.34507 -0.74000 0.57735 -0.51752 0.41200 1 0 1.0
0 -2.62520 2.43580 2.02000 -0.34507 -0.74000 0.57735 -0.52504 0.40400 1 0 1.0
cl_black
0 -2.62866 2.56224 1.98000 -0.74000 0.34507 -0.57735 0.51245 0.39600 1 0 1.0
0 -2.66624 2.54856 2.02000 -0.74000 0.34507 -0.57735 0.50971 0.40400 1 0 1.0
0 -2.64234 2.59983 2.02000 -0.74000 0.34507 -0.57735 0.51997 0.40400 1 0 1.0
cl_black
0 -2.62866 2.56224 2.06000 -0.74000 0.34507 0.57735 0.51245 0.41200 1 0 1.0
0 -2.64234 2.59983 2.02000 -0.74000 0.34507 0.57735 0.51997 0.40400 1 0 1.0
0 -2.66624 2.54856 2.02000 -0.74000 0.34507 0.57735 0.50971 0.40400 1 0 1.0
cl_black
0 -0.97134 3.03776 1.98000 0.74000 -0.34507 -0.57735 0.60755 0.39600 1 0 1.0
0 -0.93376 3.05144 2.02000 0.74000 -0.34507 -0.57735 0.61029 0.40400 1 0 1.0
0 -0.95766 3.00017 2.02000 0.74000 -0.34507 -0.57735 0.60003 0.40400 1 0 1.0
cl_black
0 -0.97134 3.03776 2.06000 0.74000 -0.34507 0.57735 0.60755 0.41200 1 0 1.0
0 -0.95766 3.00017 2.02000 0.74000 -0.34507 0.57735 0.60003 0.40400 1 0 1.0
0 -0.93376 3.05144 2.02000 0.74000 -0.34507 0.57735 0.61029 0.40400 1 0 1.0
cl_black
0 -1.01239 3.15052 1.98000 0.34507 0.74000 -0.57735 -0.20248 0.39600 1 0 1.0
0 -1.02607 3.18811 2.02000 0.34507 0.74000 -0.57735 -0.20521 0.40400 1 0 1.0
0 -0.97480 3.16420 2.02000 0.34507 0.74000 -0.57735 -0.19496 0.40400 1 0 1.0
cl_black
0 -1.01239 3.15052 2.06000 0.34507 0.74000 0.57735 -0.20248 0.41200 1 0 1.0
0 -0.97480 3.16420 2.02000 0.34507 0.74000 0.57735 -0.19496 0.40400 1 0 1.0
0 -1.02607 3.18811 2.02000 0.34507 0.74000 0.57735 -0.20521 0.40400 1 0 1.0
cl_black
0 -2.62866 2.56224 1.98000 -0.66446 -0.24184 -0.70711 -0.52573 0.51245 1 0 1.0
0 -2.58761 2.44948 1.98000 -0.66446 -0.24184 -0.70711 -0.51752 0.48990 1 0 1.0
0 -2.62520 2.43580 2.02000 -0.66446 -0.24184 -0.70711 -0.52504 0.48716 1 0 1.0
cl_black
0 -2.62866 2.56224 1.98000 -0.66446 -0.24184 -0.70711 -0.52573 0.51245 1 0 1.0
0 -2.62520 2.43580 2.02000 -0.66446 -0.24184 -0.70711 -0.52504 0.48716 1 0 1.0
0 -2.66624 2.54856 2.02000 -0.66446 -0.24184 -0.70711 -0.53325 0.50971 1 0 1.0
cl_black
0 -2.57393 2.41189 2.02000 0.00000 0.00000 0.00000 -0.51479 0.48238 1 0 1.0
0 -2.57393 2.41189 2.02000 0.00000 0.00000 0.00000 -0.51479 0.48238 1 0 1.0
0 -2.62520 2.43580 2.02000 0.00000 0.00000 0.00000 -0.52504 0.48716 1 0 1.0
cl_black
0 -2.57393 2.41189 2.02000 0.00000 0.00000 0.00000 -0.51479 0.48238 1 0 1.0
0 -2.62520 2.43580 2.02000 0.00000 0.00000 0.00000 -0.52504 0.48716 1 0 1.0
0 -2.62520 2.43580 2.02000 0.00000 0.00000 0.00000 -0.52504 0.48716 1 0 1.0
cl_black
0 -2.58761 2.44948 2.06000 -0.66446 -0.24185 0.70711 -0.51752 0.48990 1 0 1.0
0 -2.62866 2.56224 2.06000 -0.66446 -0.24185 0.70711 -0.52573 0.51245 1 0 1.0
0 -2.66624 2.54856 2.02000 -0.66446 -0.24185 0.70711 -0.53325 0.50971 1 0 1.0
cl_black
0 -2.58761 2.44948 2.06000 -0.66446 -0.24184 0.70711 -0.51752 0.48990 1 0 1.0
0 -2.66624 2.54856 2.02000 -0.66446 -0.24184 0.70711 -0.53325 0.50971 1 0 1.0
0 -2.62520 2.43580 2.02000 -0.66446 -0.24184 0.70711 -0.52504 0.48716 1 0 1.0
cl_black
0 -2.64234 2.59983 2.02000 0.00000 0.00000 0.00000 -0.52847 0.51997 1 0 1.0
0 -2.64234 2.59983 2.02000 0.00000 0.00000 0.00000 -0.52847 0.51997 1 0 1.0
0 -2.66624 2.54856 2.02000 0.00000 0.00000 0.00000 -0.53325 0.50971 1 0 1.0
cl_black
0 -2.64234 2.59983 2.02000 0.00000 0.00000 0.00000 -0.52847 0.51997 1 0 1.0
0 -2.66624 2.54856 2.02000 0.00000 0.00000 0.00000 -0.53325 0.50971 1 0 1.0
0 -2.66624 2.54856 2.02000 0.00000 0.00000 0.00000 -0.53325 0.50971 1 0 1.0
cl_black
0 -1.01239 3.15052 1.98000 -0.24184 0.66446 -0.70711 -0.20248 0.63010 1 0 1.0
0 -2.62866 2.56224 1.98000 -0.24184 0.66446 -0.70711 -0.52573 0.51245 1 0 1.0
0 -2.64234 2.59983 2.02000 -0.24184 0.66446 -0.70711 -0.52847 0.51997 1 0 1.0
cl_black
0 -1.01239 3.15052 1.98000 -0.24185 0.66446 -0.70711 -0.20248 0.63010 1 0 1.0
0 -2.64234 2.59983 2.02000 -0.24185 0.66446 -0.70711 -0.52847 0.51997 1 0 1.0
0 -1.02607 3.18811 2.02000 -0.24185 0.66446 -0.70711 -0.20521 0.63762 1 0 1.0
cl_black
0 -2.62866 2.56224 2.06000 -0.24184 0.66446 0.70711 -0.52573 0.51245 1 0 1.0
0 -1.01239 3.15052 2.06000 -0.24184 0.66446 0.70711 -0.20248 0.63010 1 0 1.0
0 -1.02607 3.18811 2.02000 -0.24184 0.66446 0.70711 -0.20521 0.63762 1 0 1.0
cl_black
0 -2.62866 2.56224 2.06000 -0.24185 0.66446 0.70711 -0.52573 0.51245 1 0 1.0
0 -1.02607 3.18811 2.02000 -0.24185 0.66446 0.70711 -0.20521 0.63762 1 0 1.0
0 -2.64234 2.59983 2.02000 -0.24185 0.66446 0.70711 -0.52847 0.51997 1 0 1.0
cl_black
0 -0.97480 3.16420 2.02000 0.00000 0.00000 0.00000 -0.19496 0.63284 1 0 1.0
0 -0.97480 3.16420 2.02000 0.00000 0.00000 0.00000 -0.19496 0.63284 1 0 1.0
0 -1.02607 3.18811 2.02000 0.00000 0.00000 0.00000 -0.20521 0.63762 1 0 1.0
cl_black
0 -0.97480 3.16420 2.02000 0.00000 0.00000 0.00000 -0.19496 0.63284 1 0 1.0
0 -1.02607 3.18811 2.02000 0.00000 0.00000 0.00000 -0.20521 0.63762 1 0 1.0
0 -1.02607 3.18811 2.02000 0.00000 0.00000 0.00000 -0.20521 0.63762 1 0 1.0
cl_black
0 -0.97134 3.03776 1.98000 0.66446 0.24184 -0.70711 -0.19427 0.60755 1 0 1.0
0 -1.01239 3.15052 1.98000 0.66446 0.24184 -0.70711 -0.20248 0.63010 1 0 1.0
0 -0.97480 3.16420 2.02000 0.66446 0.24184 -0.70711 -0.19496 0.63284 1 0 1.0
cl_black
0 -0.97134 3.03776 1.98000 0.66446 0.24184 -0.70711 -0.19427 0.60755 1 0 1.0
0 -0.97480 3.16420 2.02000 0.66446 0.24184 -0.70711 -0.19496 0.63284 1 0 1.0
0 -0.93376 3.05144 2.02000 0.66446 0.24184 -0.70711 -0.18675 0.61029 1 0 1.0
cl_black
0 -1.01239 3.15052 2.06000 0.66446 0.24185 0.70711 -0.20248 0.63010 1 0 1.0
0 -0.97134 3.03776 2.06000 0.66446 0.24185 0.70711 -0.19427 0.60755 1 0 1.0
0 -0.93376 3.05144 2.02000 0.66446 0.24185 0.70711 -0.18675 0.61029 1 0 1.0
cl_black
0 -1.01239 3.15052 2.06000 0.66446 0.24184 0.70711 -0.20248 0.63010 1 0 1.0
0 -0.93376 3.05144 2.02000 0.66446 0.24184 0.70711 -0.18675 0.61029 1 0 1.0
0 -0.97480 3.16420 2.02000 0.66446 0.24184 0.70711 -0.19496 0.63284 1 0 1.0
cl_black
0 -0.95766 3.00017 2.02000 0.00000 0.00000 0.00000 -0.19153 0.60003 1 0 1.0
0 -0.95766 3.00017 2.02000 0.00000 0.00000 0.00000 -0.19153 0.60003 1 0 1.0
0 -0.93376 3.05144 2.02000 0.00000 0.00000 0.00000 -0.18675 0.61029 1 0 1.0
cl_black
0 -0.95766 3.00017 2.02000 0.00000 0.00000 0.00000 -0.19153 0.60003 1 0 1.0
0 -0.93376 3.05144 2.02000 0.00000 0.00000 0.00000 -0.18675 0.61029 1 0 1.0
0 -0.93376 3.05144 2.02000 0.00000 0.00000 0.00000 -0.18675 0.61029 1 0 1.0
cl_black
0 -2.58761 2.44948 1.98000 0.24184 -0.66446 -0.70711 -0.51752 0.48990 1 0 1.0
0 -0.97134 3.03776 1.98000 0.24184 -0.66446 -0.70711 -0.19427 0.60755 1 0 1.0
0 -0.95766 3.00017 2.02000 0.24184 -0.66446 -0.70711 -0.19153 0.60003 1 0 1.0
cl_black
0 -2.58761 2.44948 1.98000 0.24185 -0.66446 -0.70711 -0.51752 0.48990 1 0 1.0
0 -0.95766 3.00017 2.02000 0.24185 -0.66446 -0.70711 -0.19153 0.60003 1 0 1.0
0 -2.57393 2.41189 2.02000 0.24185 -0.66446 -0.70711 -0.51479 0.48238 1 0 1.0
cl_black
0 -0.97134 3.03776 2.06000 0.24184 -0.66446 0.70711 -0.19427 0.60755 1 0 1.0
0 -2.58761 2.44948 2.06000 0.24184 -0.66446 0.70711 -0.51752 0.48990 1 0 1.0
0 -2.57393 2.41189 2.02000 0.24184 -0.66446 0.70711 -0.51479 0.48238 1 0 1.0
cl_black
0 -0.97134 3.03776 2.06000 0.24185 -0.66446 0.70711 -0.19427 0.60755 1 0 1.0
0 -2.57393 2.41189 2.02000 0.24185 -0.66446 0.70711 -0.51479 0.48238 1 0 1.0
0 -0.95766 3.00017 2.02000 0.24185 -0.66446 0.70711 -0.19153 0.60003 1 0 1.0
cl_black
0 -2.62866 2.56224 1.98000 0.00000 0.00000 -1.00000 -0.52573 0.51245 1 0 1.0
0 -1.01239 3.15052 1.98000 0.00000 0.00000 -1.00000 -0.20248 0.63010 1 0 1.0
0 -0.97134 3.03776 1.98000 0.00000 0.00000 -1.00000 -0.19427 0.60755 1 0 1.0
cl_black
0 -2.62866 2.56224 1.98000 0.00000 0.00000 -1.00000 -0.52573 0.51245 1 0 1.0
0 -0.97134 3.03776 1.98000 0.00000 0.00000 -1.00000 -0.19427 0.60755 1 0 1.0
0 -2.58761 2.44948 1.98000 0.00000 0.00000 -1.00000 -0.51752 0.48990 1 0 1.0
cl_black
0 -2.62520 2.43580 2.02000 0.00000 0.00000 0.00000 -0.52504 0.48716 1 0 1.0
0 -2.62520 2.43580 2.02000 0.00000 0.00000 0.00000 -0.52504 0.48716 1 0 1.0
0 -2.66624 2.54856 2.02000 0.00000 0.00000 0.00000 -0.53325 0.50971 1 0 1.0
cl_black
0 -2.62520 2.43580 2.02000 0.00000 0.00000 0.00000 -0.52504 0.48716 1 0 1.0
0 -2.66624 2.54856 2.02000 0.00000 0.00000 0.00000 -0.53325 0.50971 1 0 1.0
0 -2.66624 2.54856 2.02000 0.00000 0.00000 0.00000 -0.53325 0.50971 1 0 1.0
cl_black
0 -0.95766 3.00017 2.02000 0.00000 0.00000 0.00000 -0.19153 0.60003 1 0 1.0
0 -0.95766 3.00017 2.02000 0.00000 0.00000 0.00000 -0.19153 0.60003 1 0 1.0
0 -2.57393 2.41189 2.02000 0.00000 0.00000 0.00000 -0.51479 0.48238 1 0 1.0
cl_black
0 -0.95766 3.00017 2.02000 0.00000 0.00000 0.00000 -0.19153 0.60003 1 0 1.0
0 -2.57393 2.41189 2.02000 0.00000 0.00000 0.00000 -0.51479 0.48238 1 0 1.0
0 -2.57393 2.41189 2.02000 0.00000 0.00000 0.00000 -0.51479 0.48238 1 0 1.0
cl_black
0 -1.01239 3.15052 2.06000 0.00000 0.00000 1.00000 -0.20248 0.63010 1 0 1.0
0 -2.62866 2.56224 2.06000 0.00000 0.00000 1.00000 -0.52573 0.51245 1 0 1.0
0 -2.58761 2.44948 2.06000 0.00000 0.00000 1.00000 -0.51752 0.48990 1 0 1.0
cl_black
0 -1.01239 3.15052 2.06000 0.00000 0.00000 1.00000 -0.20248 0.63010 1 0 1.0
0 -2.58761 2.44948 2.06000 0.00000 0.00000 1.00000 -0.51752 0.48990 1 0 1.0
0 -0.97134 3.03776 2.06000 0.00000 0.00000 1.00000 -0.19427 0.60755 1 0 1.0
cl_black
0 -2.64234 2.59983 2.02000 0.00000 0.00000 0.00000 -0.52847 0.51997 1 0 1.0
0 -2.64234 2.59983 2.02000 0.00000 0.00000 0.00000 -0.52847 0.51997 1 0 1.0
0 -1.02607 3.18811 2.02000 0.00000 0.00000 0.00000 -0.20521 0.63762 1 0 1.0
cl_black
0 -2.64234 2.59983 2.02000 0.00000 0.00000 0.00000 -0.52847 0.51997 1 0 1.0
0 -1.02607 3.18811 2.02000 0.00000 0.00000 0.00000 -0.20521 0.63762 1 0 1.0
0 -1.02607 3.18811 2.02000 0.00000 0.00000 0.00000 -0.20521 0.63762 1 0 1.0
cl_black
0 -0.97480 3.16420 2.02000 0.00000 0.00000 0.00000 -0.19496 0.63284 1 0 1.0
0 -0.97480 3.16420 2.02000 0.00000 0.00000 0.00000 -0.19496 0.63284 1 0 1.0
0 -0.93376 3.05144 2.02000 0.00000 0.00000 0.00000 -0.18675 0.61029 1 0 1.0
cl_black
0 -0.97480 3.16420 2.02000 0.00000 0.00000 0.00000 -0.19496 0.63284 1 0 1.0
0 -0.93376 3.05144 2.02000 0.00000 0.00000 0.00000 -0.18675 0.61029 1 0 1.0
0 -0.93376 3.05144 2.02000 0.00000 0.00000 0.00000 -0.18675 0.61029 1 0 1.0
cl_metal
0 -3.16000 -0.07000 1.97000 -0.57735 -0.57735 -0.57735 -0.63200 -0.01400 1 0 1.0
0 -3.16000 -0.11000 2.01000 -0.57735 -0.57735 -0.57735 -0.63200 -0.02200 1 0 1.0
0 -3.20000 -0.07000 2.01000 -0.57735 -0.57735 -0.57735 -0.64000 -0.01400 1 0 1.0
cl_metal
0 -3.16000 -0.11000 2.03000 -0.57735 -0.57735 0.57735 -0.02200 0.40600 1 0 1.0
0 -3.16000 -0.07000 2.07000 -0.57735 -0.57735 0.57735 -0.01400 0.41400 1 0 1.0
0 -3.20000 -0.07000 2.03000 -0.57735 -0.57735 0.57735 -0.01400 0.40600 1 0 1.0
cl_metal
0 -3.16000 0.07000 1.97000 -0.57735 0.57735 -0.57735 0.01400 0.39400 1 0 1.0
0 -3.20000 0.07000 2.01000 -0.57735 0.57735 -0.57735 0.01400 0.40200 1 0 1.0
0 -3.16000 0.11000 2.01000 -0.57735 0.57735 -0.57735 0.02200 0.40200 1 0 1.0
cl_metal
0 -3.16000 0.07000 2.07000 -0.57735 0.57735 0.57735 -0.63200 0.01400 1 0 1.0
0 -3.16000 0.11000 2.03000 -0.57735 0.57735 0.57735 -0.63200 0.02200 1 0 1.0
0 -3.20000 0.07000 2.03000 -0.57735 0.57735 0.57735 -0.64000 0.01400 1 0 1.0
cl_metal
0 2.16000 -0.07000 1.97000 0.57735 -0.57735 -0.57735 -0.01400 0.39400 1 0 1.0
0 2.20000 -0.07000 2.01000 0.57735 -0.57735 -0.57735 -0.01400 0.40200 1 0 1.0
0 2.16000 -0.11000 2.01000 0.57735 -0.57735 -0.57735 -0.02200 0.40200 1 0 1.0
cl_metal
0 2.16000 -0.07000 2.07000 0.57735 -0.57735 0.57735 0.43200 -0.01400 1 0 1.0
0 2.16000 -0.11000 2.03000 0.57735 -0.57735 0.57735 0.43200 -0.02200 1 0 1.0
0 2.20000 -0.07000 2.03000 0.57735 -0.57735 0.57735 0.44000 -0.01400 1 0 1.0
cl_metal
0 2.16000 0.07000 1.97000 0.57735 0.57735 -0.57735 0.43200 0.01400 1 0 1.0
0 2.16000 0.11000 2.01000 0.57735 0.57735 -0.57735 0.43200 0.02200 1 0 1.0
0 2.20000 0.07000 2.01000 0.57735 0.57735 -0.57735 0.44000 0.01400 1 0 1.0
cl_metal
0 2.16000 0.07000 2.07000 0.57735 0.57735 0.57735 0.01400 0.41400 1 0 1.0
0 2.20000 0.07000 2.03000 0.57735 0.57735 0.57735 0.01400 0.40600 1 0 1.0
0 2.16000 0.11000 2.03000 0.57735 0.57735 0.57735 0.02200 0.40600 1 0 1.0
cl_metal
0 -3.16000 0.07000 1.97000 -0.70711 0.00000 -0.70711 0.01400 0.39400 1 0 1.0
0 -3.16000 -0.07000 1.97000 -0.70711 0.00000 -0.70711 -0.01400 0.39400 1 0 1.0
0 -3.20000 -0.07000 2.01000 -0.70711 0.00000 -0.70711 -0.01400 0.40200 1 0 1.0
cl_metal
0 -3.16000 0.07000 1.97000 -0.70711 0.00000 -0.70711 0.01400 0.39400 1 0 1.0
0 -3.20000 -0.07000 2.01000 -0.70711 0.00000 -0.70711 -0.01400 0.40200 1 0 1.0
0 -3.20000 0.07000 2.01000 -0.70711 0.00000 -0.70711 0.01400 0.40200 1 0 1.0
cl_metal
0 -3.16000 -0.11000 2.01000 -0.70711 -0.70711 0.00000 -0.02200 0.40200 1 0 1.0
0 -3.16000 -0.11000 2.03000 -0.70711 -0.70711 0.00000 -0.02200 0.40600 1 0 1.0
0 -3.20000 -0.07000 2.03000 -0.70711 -0.70711 0.00000 -0.01400 0.40600 1 0 1.0
cl_metal
0 -3.16000 -0.11000 2.01000 -0.70711 -0.70711 0.00000 -0.02200 0.40200 1 0 1.0
0 -3.20000 -0.07000 2.03000 -0.70711 -0.70711 0.00000 -0.01400 0.40600 1 0 1.0
0 -3.20000 -0.07000 2.01000 -0.70711 -0.70711 0.00000 -0.01400 0.40200 1 0 1.0
cl_metal
0 -3.16000 -0.07000 2.07000 -0.70711 0.00000 0.70711 -0.01400 0.41400 1 0 1.0
0 -3.16000 0.07000 2.07000 -0.70711 0.00000 0.70711 0.01400 0.41400 1 0 1.0
0 -3.20000 0.07000 2.03000 -0.70711 0.00000 0.70711 0.01400 0.40600 1 0 1.0
cl_metal
0 -3.16000 -0.07000 2.07000 -0.70711 0.00000 0.70711 -0.01400 0.41400 1 0 1.0
0 -3.20000 0.07000 2.03000 -0.70711 0.00000 0.70711 0.01400 0.40600 1 0 1.0
0 -3.20000 -0.07000 2.03000 -0.70711 0.00000 0.70711 -0.01400 0.40600 1 0 1.0
cl_metal
0 -3.16000 0.11000 2.03000 -0.70711 0.70711 0.00000 0.02200 0.40600 1 0 1.0
0 -3.16000 0.11000 2.01000 -0.70711 0.70711 0.00000 0.02200 0.40200 1 0 1.0
0 -3.20000 0.07000 2.01000 -0.70711 0.70711 0.00000 0.01400 0.40200 1 0 1.0
cl_metal
0 -3.16000 0.11000 2.03000 -0.70711 0.70711 -0.00000 0.02200 0.40600 1 0 1.0
0 -3.20000 0.07000 2.01000 -0.70711 0.70711 -0.00000 0.01400 0.40200 1 0 1.0
0 -3.20000 0.07000 2.03000 -0.70711 0.70711 -0.00000 0.01400 0.40600 1 0 1.0
cl_metal
0 2.16000 0.07000 1.97000 0.00000 0.70711 -0.70711 0.43200 0.01400 1 0 1.0
0 -3.16000 0.07000 1.97000 0.00000 0.70711 -0.70711 -0.63200 0.01400 1 0 1.0
0 -3.16000 0.11000 2.01000 0.00000 0.70711 -0.70711 -0.63200 0.02200 1 0 1.0
cl_metal
0 2.16000 0.07000 1.97000 0.00000 0.70711 -0.70711 0.43200 0.01400 1 0 1.0
0 -3.16000 0.11000 2.01000 0.00000 0.70711 -0.70711 -0.63200 0.02200 1 0 1.0
0 2.16000 0.11000 2.01000 0.00000 0.70711 -0.70711 0.43200 0.02200 1 0 1.0
cl_metal
0 -3.16000 0.07000 2.07000 -0.00000 0.70711 0.70711 -0.63200 0.01400 1 0 1.0
0 2.16000 0.07000 2.07000 -0.00000 0.70711 0.70711 0.43200 0.01400 1 0 1.0
0 2.16000 0.11000 2.03000 -0.00000 0.70711 0.70711 0.43200 0.02200 1 0 1.0
cl_metal
0 -3.16000 0.07000 2.07000 0.00000 0.70711 0.70711 -0.63200 0.01400 1 0 1.0
0 2.16000 0.11000 2.03000 0.00000 0.70711 0.70711 0.43200 0.02200 1 0 1.0
0 -3.16000 0.11000 2.03000 0.00000 0.70711 0.70711 -0.63200 0.02200 1 0 1.0
cl_metal
0 2.20000 0.07000 2.03000 0.70711 0.70711 0.00000 0.01400 0.40600 1 0 1.0
0 2.20000 0.07000 2.01000 0.70711 0.70711 0.00000 0.01400 0.40200 1 0 1.0
0 2.16000 0.11000 2.01000 0.70711 0.70711 0.00000 0.02200 0.40200 1 0 1.0
cl_metal
0 2.20000 0.07000 2.03000 0.70711 0.70711 0.00000 0.01400 0.40600 1 0 1.0
0 2.16000 0.11000 2.01000 0.70711 0.70711 0.00000 0.02200 0.40200 1 0 1.0
0 2.16000 0.11000 2.03000 0.70711 0.70711 0.00000 0.02200 0.40600 1 0 1.0
cl_metal
0 2.16000 -0.07000 1.97000 0.70711 0.00000 -0.70711 -0.01400 0.39400 1 0 1.0
0 2.16000 0.07000 1.97000 0.70711 0.00000 -0.70711 0.01400 0.39400 1 0 1.0
0 2.20000 0.07000 2.01000 0.70711 0.00000 -0.70711 0.01400 0.40200 1 0 1.0
cl_metal
0 2.16000 -0.07000 1.97000 0.70711 0.00000 -0.70711 -0.01400 0.39400 1 0 1.0
0 2.20000 0.07000 2.01000 0.70711 0.00000 -0.70711 0.01400 0.40200 1 0 1.0
0 2.20000 -0.07000 2.01000 0.70711 0.00000 -0.70711 -0.01400 0.40200 1 0 1.0
cl_metal
0 2.16000 0.07000 2.07000 0.70711 0.00000 0.70711 0.01400 0.41400 1 0 1.0
0 2.16000 -0.07000 2.07000 0.70711 0.00000 0.70711 -0.01400 0.41400 1 0 1.0
0 2.20000 -0.07000 2.03000 0.70711 0.00000 0.70711 -0.01400 0.40600 1 0 1.0
cl_metal
0 2.16000 0.07000 2.07000 0.70711 0.00000 0.70711 0.01400 0.41400 1 0 1.0
0 2.20000 -0.07000 2.03000 0.70711 0.00000 0.70711 -0.01400 0.40600 1 0 1.0
0 2.20000 0.07000 2.03000 0.70711 0.00000 0.70711 0.01400 0.40600 1 0 1.0
cl_metal
0 2.16000 -0.11000 2.03000 0.70711 -0.70711 0.00000 -0.02200 0.40600 1 0 1.0
0 2.16000 -0.11000 2.01000 0.70711 -0.70711 0.00000 -0.02200 0.40200 1 0 1.0
0 2.20000 -0.07000 2.01000 0.70711 -0.70711 0.00000 -0.01400 0.40200 1 0 1.0
cl_metal
0 2.16000 -0.11000 2.03000 0.70711 -0.70711 -0.00000 -0.02200 0.40600 1 0 1.0
0 2.20000 -0.07000 2.01000 0.70711 -0.70711 -0.00000 -0.01400 0.40200 1 0 1.0
0 2.20000 -0.07000 2.03000 0.70711 -0.70711 -0.00000 -0.01400 0.40600 1 0 1.0
cl_metal
0 -3.16000 -0.07000 1.97000 -0.00000 -0.70711 -0.70711 -0.63200 -0.01400 1 0 1.0
0 2.16000 -0.07000 1.97000 -0.00000 -0.70711 -0.70711 0.43200 -0.01400 1 0 1.0
0 2.16000 -0.11000 2.01000 -0.00000 -0.70711 -0.70711 0.43200 -0.02200 1 0 1.0
cl_metal
0 -3.16000 -0.07000 1.97000 0.00000 -0.70711 -0.70711 -0.63200 -0.01400 1 0 1.0
0 2.16000 -0.11000 2.01000 0.00000 -0.70711 -0.70711 0.43200 -0.02200 1 0 1.0
0 -3.16000 -0.11000 2.01000 0.00000 -0.70711 -0.70711 -0.63200 -0.02200 1 0 1.0
cl_metal
0 2.16000 -0.07000 2.07000 0.00000 -0.70711 0.70711 0.43200 -0.01400 1 0 1.0
0 -3.16000 -0.07000 2.07000 0.00000 -0.70711 0.70711 -0.63200 -0.01400 1 0 1.0
0 -3.16000 -0.11000 2.03000 0.00000 -0.70711 0.70711 -0.63200 -0.02200 1 0 1.0
cl_metal
0 2.16000 -0.07000 2.07000 0.00000 -0.70711 0.70711 0.43200 -0.01400 1 0 1.0
0 -3.16000 -0.11000 2.03000 0.00000 -0.70711 0.70711 -0.63200 -0.02200 1 0 1.0
0 2.16000 -0.11000 2.03000 0.00000 -0.70711 0.70711 0.43200 -0.02200 1 0 1.0
cl_metal
0 -3.16000 0.07000 1.97000 0.00000 0.00000 -1.00000 -0.63200 0.01400 1 0 1.0
0 2.16000 0.07000 1.97000 0.00000 0.00000 -1.00000 0.43200 0.01400 1 0 1.0
0 2.16000 -0.07000 1.97000 0.00000 0.00000 -1.00000 0.43200 -0.01400 1 0 1.0
cl_metal
0 -3.16000 0.07000 1.97000 0.00000 0.00000 -1.00000 -0.63200 0.01400 1 0 1.0
0 2.16000 -0.07000 1.97000 0.00000 0.00000 -1.00000 0.43200 -0.01400 1 0 1.0
0 -3.16000 -0.07000 1.97000 0.00000 0.00000 -1.00000 -0.63200 -0.01400 1 0 1.0
cl_metal
0 -3.20000 -0.07000 2.01000 -1.00000 0.00000 0.00000 -0.01400 0.40200 1 0 1.0
0 -3.20000 -0.07000 2.03000 -1.00000 0.00000 0.00000 -0.01400 0.40600 1 0 1.0
0 -3.20000 0.07000 2.03000 -1.00000 0.00000 0.00000 0.01400 0.40600 1 0 1.0
cl_metal
0 -3.20000 -0.07000 2.01000 -1.00000 0.00000 0.00000 -0.01400 0.40200 1 0 1.0
0 -3.20000 0.07000 2.03000 -1.00000 0.00000 0.00000 0.01400 0.40600 1 0 1.0
0 -3.20000 0.07000 2.01000 -1.00000 0.00000 0.00000 0.01400 0.40200 1 0 1.0
cl_metal
0 2.16000 -0.11000 2.01000 0.00000 -1.00000 0.00000 0.43200 0.40200 1 0 1.0
0 2.16000 -0.11000 2.03000 0.00000 -1.00000 0.00000 0.43200 0.40600 1 0 1.0
0 -3.16000 -0.11000 2.03000 0.00000 -1.00000 0.00000 -0.63200 0.40600 1 0 1.0
cl_metal
0 2.16000 -0.11000 2.01000 0.00000 -1.00000 0.00000 0.43200 0.40200 1 0 1.0
0 -3.16000 -0.11000 2.03000 0.00000 -1.00000 0.00000 -0.63200 0.40600 1 0 1.0
0 -3.16000 -0.11000 2.01000 0.00000 -1.00000 0.00000 -0.63200 0.40200 1 0 1.0
cl_metal
0 2.16000 0.07000 2.07000 0.00000 0.00000 1.00000 0.43200 0.01400 1 0 1.0
0 -3.16000 0.07000 2.07000 0.00000 0.00000 1.00000 -0.63200 0.01400 1 0 1.0
0 -3.16000 -0.07000 2.07000 0.00000 0.00000 1.00000 -0.63200 -0.01400 1 0 1.0
cl_metal
0 2.16000 0.07000 2.07000 0.00000 0.00000 1.00000 0.43200 0.01400 1 0 1.0
0 -3.16000 -0.07000 2.07000 0.00000 0.00000 1.00000 -0.63200 -0.01400 1 0 1.0
0 2.16000 -0.07000 2.07000 0.00000 0.00000 1.00000 0.43200 -0.01400 1 0 1.0
cl_metal
0 -3.16000 0.11000 2.01000 0.00000 1.00000 0.00000 -0.63200 0.40200 1 0 1.0
0 -3.16000 0.11000 2.03000 0.00000 1.00000 0.00000 -0.63200 0.40600 1 0 1.0
0 2.16000 0.11000 2.03000 0.00000 1.00000 0.00000 0.43200 0.40600 1 0 1.0
cl_metal
0 -3.16000 0.11000 2.01000 0.00000 1.00000 0.00000 -0.63200 0.40200 1 0 1.0
0 2.16000 0.11000 2.03000 0.00000 1.00000 0.00000 0.43200 0.40600 1 0 1.0
0 2.16000 0.11000 2.01000 0.00000 1.00000 0.00000 0.43200 0.40200 1 0 1.0
cl_metal
0 2.20000 0.07000 2.01000 1.00000 0.00000 0.00000 0.01400 0.40200 1 0 1.0
0 2.20000 0.07000 2.03000 1.00000 0.00000 0.00000 0.01400 0.40600 1 0 1.0
0 2.20000 -0.07000 2.03000 1.00000 0.00000 0.00000 -0.01400 0.40600 1 0 1.0
cl_metal
0 2.20000 0.07000 2.01000 1.00000 0.00000 0.00000 0.01400 0.40200 1 0 1.0
0 2.20000 -0.07000 2.03000 1.00000 0.00000 0.00000 -0.01400 0.40600 1 0 1.0
0 2.20000 -0.07000 2.01000 1.00000 0.00000 0.00000 -0.01400 0.40200 1 0 1.0
end
