version 1
nodes
0 "root" -1
end
skeleton
time 0
0 0 0 0 0 0 0
end
triangles
cl_maskblue
0 -1.97270 -3.00000 1.42193 -0.19570 -0.49139 -0.84867 -0.39454 -0.60000 1 0 1.0
0 -1.92709 -2.57143 1.16327 -0.19570 -0.49139 -0.84867 -0.38542 -0.51429 1 0 1.0
0 -1.45078 -2.57143 1.05344 -0.19570 -0.49139 -0.84867 -0.29016 -0.51429 1 0 1.0
cl_maskblue
0 -1.97270 -3.00000 1.42193 -0.19570 -0.49139 -0.84867 -0.39454 -0.60000 1 0 1.0
0 -1.45078 -2.57143 1.05344 -0.19570 -0.49139 -0.84867 -0.29016 -0.51429 1 0 1.0
0 -1.49639 -3.00000 1.31210 -0.19570 -0.49139 -0.84867 -0.29928 -0.60000 1 0 1.0
cl_maskblue
0 -1.92709 -2.57143 1.16327 -0.20277 -0.43082 -0.87936 -0.38542 -0.51429 1 0 1.0
0 -1.88849 -2.14286 0.94440 -0.20277 -0.43082 -0.87936 -0.37770 -0.42857 1 0 1.0
0 -1.41219 -2.14286 0.83457 -0.20277 -0.43082 -0.87936 -0.28244 -0.42857 1 0 1.0
cl_maskblue
0 -1.92709 -2.57143 1.16327 -0.20277 -0.43082 -0.87936 -0.38542 -0.51429 1 0 1.0
0 -1.41219 -2.14286 0.83457 -0.20277 -0.43082 -0.87936 -0.28244 -0.42857 1 0 1.0
0 -1.45078 -2.57143 1.05344 -0.20277 -0.43082 -0.87936 -0.29016 -0.51429 1 0 1.0
cl_maskblue
0 -1.88849 -2.14286 0.94440 -0.20930 -0.36383 -0.90765 -0.37770 -0.42857 1 0 1.0
0 -1.85692 -1.71429 0.76533 -0.20930 -0.36383 -0.90765 -0.37138 -0.34286 1 0 1.0
0 -1.38061 -1.71429 0.65549 -0.20930 -0.36383 -0.90765 -0.27612 -0.34286 1 0 1.0
cl_maskblue
0 -1.88849 -2.14286 0.94440 -0.20930 -0.36383 -0.90765 -0.37770 -0.42857 1 0 1.0
0 -1.38061 -1.71429 0.65549 -0.20930 -0.36383 -0.90765 -0.27612 -0.34286 1 0 1.0
0 -1.41219 -2.14286 0.83457 -0.20930 -0.36383 -0.90765 -0.28244 -0.42857 1 0 1.0
cl_maskblue
0 -1.85692 -1.71429 0.76533 -0.21499 -0.29068 -0.93235 -0.37138 -0.34286 1 0 1.0
0 -1.83236 -1.28571 0.62605 -0.21499 -0.29068 -0.93235 -0.36647 -0.25714 1 0 1.0
0 -1.35605 -1.28571 0.51621 -0.21499 -0.29068 -0.93235 -0.27121 -0.25714 1 0 1.0
cl_maskblue
0 -1.85692 -1.71429 0.76533 -0.21499 -0.29068 -0.93235 -0.37138 -0.34286 1 0 1.0
0 -1.35605 -1.28571 0.51621 -0.21499 -0.29068 -0.93235 -0.27121 -0.25714 1 0 1.0
0 -1.38061 -1.71429 0.65549 -0.21499 -0.29068 -0.93235 -0.27612 -0.34286 1 0 1.0
cl_maskblue
0 -1.83236 -1.28571 0.62605 -0.21959 -0.21206 -0.95227 -0.36647 -0.25714 1 0 1.0
0 -1.81482 -0.85714 0.52656 -0.21959 -0.21206 -0.95227 -0.36296 -0.17143 1 0 1.0
0 -1.33851 -0.85714 0.41673 -0.21959 -0.21206 -0.95227 -0.26770 -0.17143 1 0 1.0
cl_maskblue
0 -1.83236 -1.28571 0.62605 -0.21959 -0.21206 -0.95227 -0.36647 -0.25714 1 0 1.0
0 -1.33851 -0.85714 0.41673 -0.21959 -0.21206 -0.95227 -0.26770 -0.17143 1 0 1.0
0 -1.35605 -1.28571 0.51621 -0.21959 -0.21206 -0.95227 -0.27121 -0.25714 1 0 1.0
cl_maskblue
0 -1.81482 -0.85714 0.52656 -0.22282 -0.12911 -0.96627 -0.36296 -0.17143 1 0 1.0
0 -1.80429 -0.42857 0.46687 -0.22282 -0.12911 -0.96627 -0.36086 -0.08571 1 0 1.0
0 -1.32798 -0.42857 0.35704 -0.22282 -0.12911 -0.96627 -0.26560 -0.08571 1 0 1.0
cl_maskblue
0 -1.81482 -0.85714 0.52656 -0.22282 -0.12911 -0.96627 -0.36296 -0.17143 1 0 1.0
0 -1.32798 -0.42857 0.35704 -0.22282 -0.12911 -0.96627 -0.26560 -0.08571 1 0 1.0
0 -1.33851 -0.85714 0.41673 -0.22282 -0.12911 -0.96627 -0.26770 -0.17143 1 0 1.0
cl_maskblue
0 -1.80429 -0.42857 0.46687 -0.22449 -0.04336 -0.97351 -0.36086 -0.08571 1 0 1.0
0 -1.80078 0.00000 0.44697 -0.22449 -0.04336 -0.97351 -0.36016 0.00000 1 0 1.0
0 -1.32448 0.00000 0.33714 -0.22449 -0.04336 -0.97351 -0.26490 0.00000 1 0 1.0
cl_maskblue
0 -1.80429 -0.42857 0.46687 -0.22449 -0.04336 -0.97351 -0.36086 -0.08571 1 0 1.0
0 -1.32448 0.00000 0.33714 -0.22449 -0.04336 -0.97351 -0.26490 0.00000 1 0 1.0
0 -1.32798 -0.42857 0.35704 -0.22449 -0.04336 -0.97351 -0.26560 -0.08571 1 0 1.0
cl_maskblue
0 -1.80078 0.00000 0.44697 -0.22449 0.04336 -0.97351 -0.36016 0.00000 1 0 1.0
0 -1.80429 0.42857 0.46687 -0.22449 0.04336 -0.97351 -0.36086 0.08571 1 0 1.0
0 -1.32798 0.42857 0.35704 -0.22449 0.04336 -0.97351 -0.26560 0.08571 1 0 1.0
cl_maskblue
0 -1.80078 0.00000 0.44697 -0.22449 0.04336 -0.97351 -0.36016 0.00000 1 0 1.0
0 -1.32798 0.42857 0.35704 -0.22449 0.04336 -0.97351 -0.26560 0.08571 1 0 1.0
0 -1.32448 0.00000 0.33714 -0.22449 0.04336 -0.97351 -0.26490 0.00000 1 0 1.0
cl_maskblue
0 -1.80429 0.42857 0.46687 -0.22282 0.12911 -0.96627 -0.36086 0.08571 1 0 1.0
0 -1.81482 0.85714 0.52656 -0.22282 0.12911 -0.96627 -0.36296 0.17143 1 0 1.0
0 -1.33851 0.85714 0.41673 -0.22282 0.12911 -0.96627 -0.26770 0.17143 1 0 1.0
cl_maskblue
0 -1.80429 0.42857 0.46687 -0.22282 0.12911 -0.96627 -0.36086 0.08571 1 0 1.0
0 -1.33851 0.85714 0.41673 -0.22282 0.12911 -0.96627 -0.26770 0.17143 1 0 1.0
0 -1.32798 0.42857 0.35704 -0.22282 0.12911 -0.96627 -0.26560 0.08571 1 0 1.0
cl_maskblue
0 -1.81482 0.85714 0.52656 -0.21959 0.21206 -0.95227 -0.36296 0.17143 1 0 1.0
0 -1.83236 1.28571 0.62605 -0.21959 0.21206 -0.95227 -0.36647 0.25714 1 0 1.0
0 -1.35605 1.28571 0.51621 -0.21959 0.21206 -0.95227 -0.27121 0.25714 1 0 1.0
cl_maskblue
0 -1.81482 0.85714 0.52656 -0.21959 0.21206 -0.95227 -0.36296 0.17143 1 0 1.0
0 -1.35605 1.28571 0.51621 -0.21959 0.21206 -0.95227 -0.27121 0.25714 1 0 1.0
0 -1.33851 0.85714 0.41673 -0.21959 0.21206 -0.95227 -0.26770 0.17143 1 0 1.0
cl_maskblue
0 -1.83236 1.28571 0.62605 -0.21499 0.29068 -0.93235 -0.36647 0.25714 1 0 1.0
0 -1.85692 1.71429 0.76533 -0.21499 0.29068 -0.93235 -0.37138 0.34286 1 0 1.0
0 -1.38061 1.71429 0.65549 -0.21499 0.29068 -0.93235 -0.27612 0.34286 1 0 1.0
cl_maskblue
0 -1.83236 1.28571 0.62605 -0.21499 0.29068 -0.93235 -0.36647 0.25714 1 0 1.0
0 -1.38061 1.71429 0.65549 -0.21499 0.29068 -0.93235 -0.27612 0.34286 1 0 1.0
0 -1.35605 1.28571 0.51621 -0.21499 0.29068 -0.93235 -0.27121 0.25714 1 0 1.0
cl_maskblue
0 -1.85692 1.71429 0.76533 -0.20930 0.36383 -0.90765 -0.37138 0.34286 1 0 1.0
0 -1.88849 2.14286 0.94440 -0.20930 0.36383 -0.90765 -0.37770 0.42857 1 0 1.0
0 -1.41219 2.14286 0.83457 -0.20930 0.36383 -0.90765 -0.28244 0.42857 1 0 1.0
cl_maskblue
0 -1.85692 1.71429 0.76533 -0.20930 0.36383 -0.90765 -0.37138 0.34286 1 0 1.0
0 -1.41219 2.14286 0.83457 -0.20930 0.36383 -0.90765 -0.28244 0.42857 1 0 1.0
0 -1.38061 1.71429 0.65549 -0.20930 0.36383 -0.90765 -0.27612 0.34286 1 0 1.0
cl_maskblue
0 -1.88849 2.14286 0.94440 -0.20277 0.43082 -0.87936 -0.37770 0.42857 1 0 1.0
0 -1.92709 2.57143 1.16327 -0.20277 0.43082 -0.87936 -0.38542 0.51429 1 0 1.0
0 -1.45078 2.57143 1.05344 -0.20277 0.43082 -0.87936 -0.29016 0.51429 1 0 1.0
cl_maskblue
0 -1.88849 2.14286 0.94440 -0.20277 0.43082 -0.87936 -0.37770 0.42857 1 0 1.0
0 -1.45078 2.57143 1.05344 -0.20277 0.43082 -0.87936 -0.29016 0.51429 1 0 1.0
0 -1.41219 2.14286 0.83457 -0.20277 0.43082 -0.87936 -0.28244 0.42857 1 0 1.0
cl_maskblue
0 -1.92709 2.57143 1.16327 -0.19570 0.49139 -0.84867 -0.38542 0.51429 1 0 1.0
0 -1.97270 3.00000 1.42193 -0.19570 0.49139 -0.84867 -0.39454 0.60000 1 0 1.0
0 -1.49639 3.00000 1.31210 -0.19570 0.49139 -0.84867 -0.29928 0.60000 1 0 1.0
cl_maskblue
0 -1.92709 2.57143 1.16327 -0.19570 0.49139 -0.84867 -0.38542 0.51429 1 0 1.0
0 -1.49639 3.00000 1.31210 -0.19570 0.49139 -0.84867 -0.29928 0.60000 1 0 1.0
0 -1.45078 2.57143 1.05344 -0.19570 0.49139 -0.84867 -0.29016 0.51429 1 0 1.0
cl_maskblue
0 -1.49639 -3.00000 1.31210 0.27514 -0.51808 -0.80987 -0.29928 -0.60000 1 0 1.0
0 -1.45078 -2.57143 1.05344 0.27514 -0.51808 -0.80987 -0.29016 -0.51429 1 0 1.0
0 -1.01966 -2.57143 1.19990 0.27514 -0.51808 -0.80987 -0.20393 -0.51429 1 0 1.0
cl_maskblue
0 -1.49639 -3.00000 1.31210 0.27514 -0.51808 -0.80987 -0.29928 -0.60000 1 0 1.0
0 -1.01966 -2.57143 1.19990 0.27514 -0.51808 -0.80987 -0.20393 -0.51429 1 0 1.0
0 -1.06527 -3.00000 1.45856 0.27514 -0.51808 -0.80987 -0.21305 -0.60000 1 0 1.0
cl_maskblue
0 -1.45078 -2.57143 1.05344 0.28627 -0.45610 -0.84263 -0.29016 -0.51429 1 0 1.0
0 -1.41219 -2.14286 0.83457 0.28627 -0.45610 -0.84263 -0.28244 -0.42857 1 0 1.0
0 -0.98107 -2.14286 0.98103 0.28627 -0.45610 -0.84263 -0.19621 -0.42857 1 0 1.0
cl_maskblue
0 -1.45078 -2.57143 1.05344 0.28627 -0.45610 -0.84263 -0.29016 -0.51429 1 0 1.0
0 -0.98107 -2.14286 0.98103 0.28627 -0.45610 -0.84263 -0.19621 -0.42857 1 0 1.0
0 -1.01966 -2.57143 1.19990 0.28627 -0.45610 -0.84263 -0.20393 -0.51429 1 0 1.0
cl_maskblue
0 -1.41219 -2.14286 0.83457 0.29665 -0.38671 -0.87319 -0.28244 -0.42857 1 0 1.0
0 -1.38061 -1.71429 0.65549 0.29665 -0.38671 -0.87319 -0.27612 -0.34286 1 0 1.0
0 -0.94949 -1.71429 0.80196 0.29665 -0.38671 -0.87319 -0.18990 -0.34286 1 0 1.0
cl_maskblue
0 -1.41219 -2.14286 0.83457 0.29665 -0.38671 -0.87319 -0.28244 -0.42857 1 0 1.0
0 -0.94949 -1.71429 0.80196 0.29665 -0.38671 -0.87319 -0.18990 -0.34286 1 0 1.0
0 -0.98107 -2.14286 0.98103 0.29665 -0.38671 -0.87319 -0.19621 -0.42857 1 0 1.0
cl_maskblue
0 -1.38061 -1.71429 0.65549 0.30582 -0.31007 -0.90018 -0.27612 -0.34286 1 0 1.0
0 -1.35605 -1.28571 0.51621 0.30582 -0.31007 -0.90018 -0.27121 -0.25714 1 0 1.0
0 -0.92494 -1.28571 0.66268 0.30582 -0.31007 -0.90018 -0.18499 -0.25714 1 0 1.0
cl_maskblue
0 -1.38061 -1.71429 0.65549 0.30582 -0.31007 -0.90018 -0.27612 -0.34286 1 0 1.0
0 -0.92494 -1.28571 0.66268 0.30582 -0.31007 -0.90018 -0.18499 -0.25714 1 0 1.0
0 -0.94949 -1.71429 0.80196 0.30582 -0.31007 -0.90018 -0.18990 -0.34286 1 0 1.0
cl_maskblue
0 -1.35605 -1.28571 0.51621 0.31328 -0.22689 -0.92216 -0.27121 -0.25714 1 0 1.0
0 -1.33851 -0.85714 0.41673 0.31328 -0.22689 -0.92216 -0.26770 -0.17143 1 0 1.0
0 -0.90739 -0.85714 0.56319 0.31328 -0.22689 -0.92216 -0.18148 -0.17143 1 0 1.0
cl_maskblue
0 -1.35605 -1.28571 0.51621 0.31328 -0.22689 -0.92216 -0.27121 -0.25714 1 0 1.0
0 -0.90739 -0.85714 0.56319 0.31328 -0.22689 -0.92216 -0.18148 -0.17143 1 0 1.0
0 -0.92494 -1.28571 0.66268 0.31328 -0.22689 -0.92216 -0.18499 -0.25714 1 0 1.0
cl_maskblue
0 -1.33851 -0.85714 0.41673 0.31858 -0.13843 -0.93773 -0.26770 -0.17143 1 0 1.0
0 -1.32798 -0.42857 0.35704 0.31858 -0.13843 -0.93773 -0.26560 -0.08571 1 0 1.0
0 -0.89687 -0.42857 0.50350 0.31858 -0.13843 -0.93773 -0.17937 -0.08571 1 0 1.0
cl_maskblue
0 -1.33851 -0.85714 0.41673 0.31858 -0.13843 -0.93773 -0.26770 -0.17143 1 0 1.0
0 -0.89687 -0.42857 0.50350 0.31858 -0.13843 -0.93773 -0.17937 -0.08571 1 0 1.0
0 -0.90739 -0.85714 0.56319 0.31858 -0.13843 -0.93773 -0.18148 -0.17143 1 0 1.0
cl_maskblue
0 -1.32798 -0.42857 0.35704 0.32132 -0.04654 -0.94582 -0.26560 -0.08571 1 0 1.0
0 -1.32448 0.00000 0.33714 0.32132 -0.04654 -0.94582 -0.26490 0.00000 1 0 1.0
0 -0.89336 0.00000 0.48360 0.32132 -0.04654 -0.94582 -0.17867 0.00000 1 0 1.0
cl_maskblue
0 -1.32798 -0.42857 0.35704 0.32132 -0.04654 -0.94582 -0.26560 -0.08571 1 0 1.0
0 -0.89336 0.00000 0.48360 0.32132 -0.04654 -0.94582 -0.17867 0.00000 1 0 1.0
0 -0.89687 -0.42857 0.50350 0.32132 -0.04654 -0.94582 -0.17937 -0.08571 1 0 1.0
cl_maskblue
0 -1.32448 0.00000 0.33714 0.32132 0.04654 -0.94582 -0.26490 0.00000 1 0 1.0
0 -1.32798 0.42857 0.35704 0.32132 0.04654 -0.94582 -0.26560 0.08571 1 0 1.0
0 -0.89687 0.42857 0.50350 0.32132 0.04654 -0.94582 -0.17937 0.08571 1 0 1.0
cl_maskblue
0 -1.32448 0.00000 0.33714 0.32132 0.04654 -0.94582 -0.26490 0.00000 1 0 1.0
0 -0.89687 0.42857 0.50350 0.32132 0.04654 -0.94582 -0.17937 0.08571 1 0 1.0
0 -0.89336 0.00000 0.48360 0.32132 0.04654 -0.94582 -0.17867 0.00000 1 0 1.0
cl_maskblue
0 -1.32798 0.42857 0.35704 0.31858 0.13843 -0.93773 -0.26560 0.08571 1 0 1.0
0 -1.33851 0.85714 0.41673 0.31858 0.13843 -0.93773 -0.26770 0.17143 1 0 1.0
0 -0.90739 0.85714 0.56319 0.31858 0.13843 -0.93773 -0.18148 0.17143 1 0 1.0
cl_maskblue
0 -1.32798 0.42857 0.35704 0.31858 0.13843 -0.93773 -0.26560 0.08571 1 0 1.0
0 -0.90739 0.85714 0.56319 0.31858 0.13843 -0.93773 -0.18148 0.17143 1 0 1.0
0 -0.89687 0.42857 0.50350 0.31858 0.13843 -0.93773 -0.17937 0.08571 1 0 1.0
cl_maskblue
0 -1.33851 0.85714 0.41673 0.31328 0.22689 -0.92216 -0.26770 0.17143 1 0 1.0
0 -1.35605 1.28571 0.51621 0.31328 0.22689 -0.92216 -0.27121 0.25714 1 0 1.0
0 -0.92494 1.28571 0.66268 0.31328 0.22689 -0.92216 -0.18499 0.25714 1 0 1.0
cl_maskblue
0 -1.33851 0.85714 0.41673 0.31328 0.22689 -0.92216 -0.26770 0.17143 1 0 1.0
0 -0.92494 1.28571 0.66268 0.31328 0.22689 -0.92216 -0.18499 0.25714 1 0 1.0
0 -0.90739 0.85714 0.56319 0.31328 0.22689 -0.92216 -0.18148 0.17143 1 0 1.0
cl_maskblue
0 -1.35605 1.28571 0.51621 0.30582 0.31007 -0.90018 -0.27121 0.25714 1 0 1.0
0 -1.38061 1.71429 0.65549 0.30582 0.31007 -0.90018 -0.27612 0.34286 1 0 1.0
0 -0.94949 1.71429 0.80196 0.30582 0.31007 -0.90018 -0.18990 0.34286 1 0 1.0
cl_maskblue
0 -1.35605 1.28571 0.51621 0.30582 0.31007 -0.90018 -0.27121 0.25714 1 0 1.0
0 -0.94949 1.71429 0.80196 0.30582 0.31007 -0.90018 -0.18990 0.34286 1 0 1.0
0 -0.92494 1.28571 0.66268 0.30582 0.31007 -0.90018 -0.18499 0.25714 1 0 1.0
cl_maskblue
0 -1.38061 1.71429 0.65549 0.29665 0.38671 -0.87319 -0.27612 0.34286 1 0 1.0
0 -1.41219 2.14286 0.83457 0.29665 0.38671 -0.87319 -0.28244 0.42857 1 0 1.0
0 -0.98107 2.14286 0.98103 0.29665 0.38671 -0.87319 -0.19621 0.42857 1 0 1.0
cl_maskblue
0 -1.38061 1.71429 0.65549 0.29665 0.38671 -0.87319 -0.27612 0.34286 1 0 1.0
0 -0.98107 2.14286 0.98103 0.29665 0.38671 -0.87319 -0.19621 0.42857 1 0 1.0
0 -0.94949 1.71429 0.80196 0.29665 0.38671 -0.87319 -0.18990 0.34286 1 0 1.0
cl_maskblue
0 -1.41219 2.14286 0.83457 0.28627 0.45610 -0.84263 -0.28244 0.42857 1 0 1.0
0 -1.45078 2.57143 1.05344 0.28627 0.45610 -0.84263 -0.29016 0.51429 1 0 1.0
0 -1.01966 2.57143 1.19990 0.28627 0.45610 -0.84263 -0.20393 0.51429 1 0 1.0
cl_maskblue
0 -1.41219 2.14286 0.83457 0.28627 0.45610 -0.84263 -0.28244 0.42857 1 0 1.0
0 -1.01966 2.57143 1.19990 0.28627 0.45610 -0.84263 -0.20393 0.51429 1 0 1.0
0 -0.98107 2.14286 0.98103 0.28627 0.45610 -0.84263 -0.19621 0.42857 1 0 1.0
cl_maskblue
0 -1.45078 2.57143 1.05344 0.27514 0.51808 -0.80987 -0.29016 0.51429 1 0 1.0
0 -1.49639 3.00000 1.31210 0.27514 0.51808 -0.80987 -0.29928 0.60000 1 0 1.0
0 -1.06527 3.00000 1.45856 0.27514 0.51808 -0.80987 -0.21305 0.60000 1 0 1.0
cl_maskblue
0 -1.45078 2.57143 1.05344 0.27514 0.51808 -0.80987 -0.29016 0.51429 1 0 1.0
0 -1.06527 3.00000 1.45856 0.27514 0.51808 -0.80987 -0.21305 0.60000 1 0 1.0
0 -1.01966 2.57143 1.19990 0.27514 0.51808 -0.80987 -0.20393 0.51429 1 0 1.0
cl_maskblue
0 -1.06527 -3.00000 1.45856 0.09123 -0.52167 -0.84826 -0.21305 -0.60000 1 0 1.0
0 -1.01966 -2.57143 1.19990 0.09123 -0.52167 -0.84826 -0.20393 -0.51429 1 0 1.0
0 -0.57122 -2.57143 1.24813 0.09123 -0.52167 -0.84826 -0.11424 -0.51429 1 0 1.0
cl_maskblue
0 -1.06527 -3.00000 1.45856 0.09123 -0.52167 -0.84826 -0.21305 -0.60000 1 0 1.0
0 -0.57122 -2.57143 1.24813 0.09123 -0.52167 -0.84826 -0.11424 -0.51429 1 0 1.0
0 -0.61683 -3.00000 1.50679 0.09123 -0.52167 -0.84826 -0.12337 -0.60000 1 0 1.0
cl_maskblue
0 -1.01966 -2.57143 1.19990 0.09497 -0.45953 -0.88307 -0.20393 -0.51429 1 0 1.0
0 -0.98107 -2.14286 0.98103 0.09497 -0.45953 -0.88307 -0.19621 -0.42857 1 0 1.0
0 -0.53263 -2.14286 1.02926 0.09497 -0.45953 -0.88307 -0.10653 -0.42857 1 0 1.0
cl_maskblue
0 -1.01966 -2.57143 1.19990 0.09497 -0.45953 -0.88307 -0.20393 -0.51429 1 0 1.0
0 -0.53263 -2.14286 1.02926 0.09497 -0.45953 -0.88307 -0.10653 -0.42857 1 0 1.0
0 -0.57122 -2.57143 1.24813 0.09497 -0.45953 -0.88307 -0.11424 -0.51429 1 0 1.0
cl_maskblue
0 -0.98107 -2.14286 0.98103 0.09847 -0.38983 -0.91561 -0.19621 -0.42857 1 0 1.0
0 -0.94949 -1.71429 0.80196 0.09847 -0.38983 -0.91561 -0.18990 -0.34286 1 0 1.0
0 -0.50106 -1.71429 0.85018 0.09847 -0.38983 -0.91561 -0.10021 -0.34286 1 0 1.0
cl_maskblue
0 -0.98107 -2.14286 0.98103 0.09847 -0.38983 -0.91561 -0.19621 -0.42857 1 0 1.0
0 -0.50106 -1.71429 0.85018 0.09847 -0.38983 -0.91561 -0.10021 -0.34286 1 0 1.0
0 -0.53263 -2.14286 1.02926 0.09847 -0.38983 -0.91561 -0.10653 -0.42857 1 0 1.0
cl_maskblue
0 -0.94949 -1.71429 0.80196 0.10157 -0.31274 -0.94439 -0.18990 -0.34286 1 0 1.0
0 -0.92494 -1.28571 0.66268 0.10157 -0.31274 -0.94439 -0.18499 -0.25714 1 0 1.0
0 -0.47650 -1.28571 0.71090 0.10157 -0.31274 -0.94439 -0.09530 -0.25714 1 0 1.0
cl_maskblue
0 -0.94949 -1.71429 0.80196 0.10157 -0.31274 -0.94439 -0.18990 -0.34286 1 0 1.0
0 -0.47650 -1.28571 0.71090 0.10157 -0.31274 -0.94439 -0.09530 -0.25714 1 0 1.0
0 -0.50106 -1.71429 0.85018 0.10157 -0.31274 -0.94439 -0.10021 -0.34286 1 0 1.0
cl_maskblue
0 -0.92494 -1.28571 0.66268 0.10409 -0.22893 -0.96786 -0.18499 -0.25714 1 0 1.0
0 -0.90739 -0.85714 0.56319 0.10409 -0.22893 -0.96786 -0.18148 -0.17143 1 0 1.0
0 -0.45896 -0.85714 0.61142 0.10409 -0.22893 -0.96786 -0.09179 -0.17143 1 0 1.0
cl_maskblue
0 -0.92494 -1.28571 0.66268 0.10409 -0.22893 -0.96786 -0.18499 -0.25714 1 0 1.0
0 -0.45896 -0.85714 0.61142 0.10409 -0.22893 -0.96786 -0.09179 -0.17143 1 0 1.0
0 -0.47650 -1.28571 0.71090 0.10409 -0.22893 -0.96786 -0.09530 -0.25714 1 0 1.0
cl_maskblue
0 -0.90739 -0.85714 0.56319 0.10588 -0.13972 -0.98451 -0.18148 -0.17143 1 0 1.0
0 -0.89687 -0.42857 0.50350 0.10588 -0.13972 -0.98451 -0.17937 -0.08571 1 0 1.0
0 -0.44843 -0.42857 0.55173 0.10588 -0.13972 -0.98451 -0.08969 -0.08571 1 0 1.0
cl_maskblue
0 -0.90739 -0.85714 0.56319 0.10588 -0.13972 -0.98451 -0.18148 -0.17143 1 0 1.0
0 -0.44843 -0.42857 0.55173 0.10588 -0.13972 -0.98451 -0.08969 -0.08571 1 0 1.0
0 -0.45896 -0.85714 0.61142 0.10588 -0.13972 -0.98451 -0.09179 -0.17143 1 0 1.0
cl_maskblue
0 -0.89687 -0.42857 0.50350 0.10681 -0.04698 -0.99317 -0.17937 -0.08571 1 0 1.0
0 -0.89336 0.00000 0.48360 0.10681 -0.04698 -0.99317 -0.17867 0.00000 1 0 1.0
0 -0.44492 0.00000 0.53183 0.10681 -0.04698 -0.99317 -0.08898 0.00000 1 0 1.0
cl_maskblue
0 -0.89687 -0.42857 0.50350 0.10681 -0.04698 -0.99317 -0.17937 -0.08571 1 0 1.0
0 -0.44492 0.00000 0.53183 0.10681 -0.04698 -0.99317 -0.08898 0.00000 1 0 1.0
0 -0.44843 -0.42857 0.55173 0.10681 -0.04698 -0.99317 -0.08969 -0.08571 1 0 1.0
cl_maskblue
0 -0.89336 0.00000 0.48360 0.10681 0.04698 -0.99317 -0.17867 0.00000 1 0 1.0
0 -0.89687 0.42857 0.50350 0.10681 0.04698 -0.99317 -0.17937 0.08571 1 0 1.0
0 -0.44843 0.42857 0.55173 0.10681 0.04698 -0.99317 -0.08969 0.08571 1 0 1.0
cl_maskblue
0 -0.89336 0.00000 0.48360 0.10681 0.04698 -0.99317 -0.17867 0.00000 1 0 1.0
0 -0.44843 0.42857 0.55173 0.10681 0.04698 -0.99317 -0.08969 0.08571 1 0 1.0
0 -0.44492 0.00000 0.53183 0.10681 0.04698 -0.99317 -0.08898 0.00000 1 0 1.0
cl_maskblue
0 -0.89687 0.42857 0.50350 0.10588 0.13972 -0.98451 -0.17937 0.08571 1 0 1.0
0 -0.90739 0.85714 0.56319 0.10588 0.13972 -0.98451 -0.18148 0.17143 1 0 1.0
0 -0.45896 0.85714 0.61142 0.10588 0.13972 -0.98451 -0.09179 0.17143 1 0 1.0
cl_maskblue
0 -0.89687 0.42857 0.50350 0.10588 0.13972 -0.98451 -0.17937 0.08571 1 0 1.0
0 -0.45896 0.85714 0.61142 0.10588 0.13972 -0.98451 -0.09179 0.17143 1 0 1.0
0 -0.44843 0.42857 0.55173 0.10588 0.13972 -0.98451 -0.08969 0.08571 1 0 1.0
cl_maskblue
0 -0.90739 0.85714 0.56319 0.10409 0.22893 -0.96786 -0.18148 0.17143 1 0 1.0
0 -0.92494 1.28571 0.66268 0.10409 0.22893 -0.96786 -0.18499 0.25714 1 0 1.0
0 -0.47650 1.28571 0.71090 0.10409 0.22893 -0.96786 -0.09530 0.25714 1 0 1.0
cl_maskblue
0 -0.90739 0.85714 0.56319 0.10409 0.22893 -0.96786 -0.18148 0.17143 1 0 1.0
0 -0.47650 1.28571 0.71090 0.10409 0.22893 -0.96786 -0.09530 0.25714 1 0 1.0
0 -0.45896 0.85714 0.61142 0.10409 0.22893 -0.96786 -0.09179 0.17143 1 0 1.0
cl_maskblue
0 -0.92494 1.28571 0.66268 0.10157 0.31274 -0.94439 -0.18499 0.25714 1 0 1.0
0 -0.94949 1.71429 0.80196 0.10157 0.31274 -0.94439 -0.18990 0.34286 1 0 1.0
0 -0.50106 1.71429 0.85018 0.10157 0.31274 -0.94439 -0.10021 0.34286 1 0 1.0
cl_maskblue
0 -0.92494 1.28571 0.66268 0.10157 0.31274 -0.94439 -0.18499 0.25714 1 0 1.0
0 -0.50106 1.71429 0.85018 0.10157 0.31274 -0.94439 -0.10021 0.34286 1 0 1.0
0 -0.47650 1.28571 0.71090 0.10157 0.31274 -0.94439 -0.09530 0.25714 1 0 1.0
cl_maskblue
0 -0.94949 1.71429 0.80196 0.09847 0.38983 -0.91561 -0.18990 0.34286 1 0 1.0
0 -0.98107 2.14286 0.98103 0.09847 0.38983 -0.91561 -0.19621 0.42857 1 0 1.0
0 -0.53263 2.14286 1.02926 0.09847 0.38983 -0.91561 -0.10653 0.42857 1 0 1.0
cl_maskblue
0 -0.94949 1.71429 0.80196 0.09847 0.38983 -0.91561 -0.18990 0.34286 1 0 1.0
0 -0.53263 2.14286 1.02926 0.09847 0.38983 -0.91561 -0.10653 0.42857 1 0 1.0
0 -0.50106 1.71429 0.85018 0.09847 0.38983 -0.91561 -0.10021 0.34286 1 0 1.0
cl_maskblue
0 -0.98107 2.14286 0.98103 0.09497 0.45953 -0.88307 -0.19621 0.42857 1 0 1.0
0 -1.01966 2.57143 1.19990 0.09497 0.45953 -0.88307 -0.20393 0.51429 1 0 1.0
0 -0.57122 2.57143 1.24813 0.09497 0.45953 -0.88307 -0.11424 0.51429 1 0 1.0
cl_maskblue
0 -0.98107 2.14286 0.98103 0.09497 0.45953 -0.88307 -0.19621 0.42857 1 0 1.0
0 -0.57122 2.57143 1.24813 0.09497 0.45953 -0.88307 -0.11424 0.51429 1 0 1.0
0 -0.53263 2.14286 1.02926 0.09497 0.45953 -0.88307 -0.10653 0.42857 1 0 1.0
cl_maskblue
0 -1.01966 2.57143 1.19990 0.09123 0.52167 -0.84826 -0.20393 0.51429 1 0 1.0
0 -1.06527 3.00000 1.45856 0.09123 0.52167 -0.84826 -0.21305 0.60000 1 0 1.0
0 -0.61683 3.00000 1.50679 0.09123 0.52167 -0.84826 -0.12337 0.60000 1 0 1.0
cl_maskblue
0 -1.01966 2.57143 1.19990 0.09123 0.52167 -0.84826 -0.20393 0.51429 1 0 1.0
0 -0.61683 3.00000 1.50679 0.09123 0.52167 -0.84826 -0.12337 0.60000 1 0 1.0
0 -0.57122 2.57143 1.24813 0.09123 0.52167 -0.84826 -0.11424 0.51429 1 0 1.0
cl_maskblue
0 -0.61683 -3.00000 1.50679 -0.09199 -0.50734 -0.85682 -0.12337 -0.60000 1 0 1.0
0 -0.57122 -2.57143 1.24813 -0.09199 -0.50734 -0.85682 -0.11424 -0.51429 1 0 1.0
0 -0.10546 -2.57143 1.19812 -0.09199 -0.50734 -0.85682 -0.02109 -0.51429 1 0 1.0
cl_maskblue
0 -0.61683 -3.00000 1.50679 -0.09199 -0.50734 -0.85682 -0.12337 -0.60000 1 0 1.0
0 -0.10546 -2.57143 1.19812 -0.09199 -0.50734 -0.85682 -0.02109 -0.51429 1 0 1.0
0 -0.15107 -3.00000 1.45678 -0.09199 -0.50734 -0.85682 -0.03021 -0.60000 1 0 1.0
cl_maskblue
0 -0.57122 -2.57143 1.24813 -0.09555 -0.44590 -0.88997 -0.11424 -0.51429 1 0 1.0
0 -0.53263 -2.14286 1.02926 -0.09555 -0.44590 -0.88997 -0.10653 -0.42857 1 0 1.0
0 -0.06687 -2.14286 0.97925 -0.09555 -0.44590 -0.88997 -0.01337 -0.42857 1 0 1.0
cl_maskblue
0 -0.57122 -2.57143 1.24813 -0.09555 -0.44590 -0.88997 -0.11424 -0.51429 1 0 1.0
0 -0.06687 -2.14286 0.97925 -0.09555 -0.44590 -0.88997 -0.01337 -0.42857 1 0 1.0
0 -0.10546 -2.57143 1.19812 -0.09555 -0.44590 -0.88997 -0.02109 -0.51429 1 0 1.0
cl_maskblue
0 -0.53263 -2.14286 1.02926 -0.09886 -0.37744 -0.92074 -0.10653 -0.42857 1 0 1.0
0 -0.50106 -1.71429 0.85018 -0.09886 -0.37744 -0.92074 -0.10021 -0.34286 1 0 1.0
0 -0.03530 -1.71429 0.80018 -0.09886 -0.37744 -0.92074 -0.00706 -0.34286 1 0 1.0
cl_maskblue
0 -0.53263 -2.14286 1.02926 -0.09886 -0.37744 -0.92074 -0.10653 -0.42857 1 0 1.0
0 -0.03530 -1.71429 0.80018 -0.09886 -0.37744 -0.92074 -0.00706 -0.34286 1 0 1.0
0 -0.06687 -2.14286 0.97925 -0.09886 -0.37744 -0.92074 -0.01337 -0.42857 1 0 1.0
cl_maskblue
0 -0.50106 -1.71429 0.85018 -0.10176 -0.30219 -0.94780 -0.10021 -0.34286 1 0 1.0
0 -0.47650 -1.28571 0.71090 -0.10176 -0.30219 -0.94780 -0.09530 -0.25714 1 0 1.0
0 -0.01074 -1.28571 0.66090 -0.10176 -0.30219 -0.94780 -0.00215 -0.25714 1 0 1.0
cl_maskblue
0 -0.50106 -1.71429 0.85018 -0.10176 -0.30219 -0.94780 -0.10021 -0.34286 1 0 1.0
0 -0.01074 -1.28571 0.66090 -0.10176 -0.30219 -0.94780 -0.00215 -0.25714 1 0 1.0
0 -0.03530 -1.71429 0.80018 -0.10176 -0.30219 -0.94780 -0.00706 -0.34286 1 0 1.0
cl_maskblue
0 -0.47650 -1.28571 0.71090 -0.10412 -0.22085 -0.96974 -0.09530 -0.25714 1 0 1.0
0 -0.45896 -0.85714 0.61142 -0.10412 -0.22085 -0.96974 -0.09179 -0.17143 1 0 1.0
0 0.00680 -0.85714 0.56141 -0.10412 -0.22085 -0.96974 0.00136 -0.17143 1 0 1.0
cl_maskblue
0 -0.47650 -1.28571 0.71090 -0.10412 -0.22085 -0.96974 -0.09530 -0.25714 1 0 1.0
0 0.00680 -0.85714 0.56141 -0.10412 -0.22085 -0.96974 0.00136 -0.17143 1 0 1.0
0 -0.01074 -1.28571 0.66090 -0.10412 -0.22085 -0.96974 -0.00215 -0.25714 1 0 1.0
cl_maskblue
0 -0.45896 -0.85714 0.61142 -0.10578 -0.13463 -0.98523 -0.09179 -0.17143 1 0 1.0
0 -0.44843 -0.42857 0.55173 -0.10578 -0.13463 -0.98523 -0.08969 -0.08571 1 0 1.0
0 0.01733 -0.42857 0.50172 -0.10578 -0.13463 -0.98523 0.00347 -0.08571 1 0 1.0
cl_maskblue
0 -0.45896 -0.85714 0.61142 -0.10578 -0.13463 -0.98523 -0.09179 -0.17143 1 0 1.0
0 0.01733 -0.42857 0.50172 -0.10578 -0.13463 -0.98523 0.00347 -0.08571 1 0 1.0
0 0.00680 -0.85714 0.56141 -0.10578 -0.13463 -0.98523 0.00136 -0.17143 1 0 1.0
cl_maskblue
0 -0.44843 -0.42857 0.55173 -0.10664 -0.04524 -0.99327 -0.08969 -0.08571 1 0 1.0
0 -0.44492 0.00000 0.53183 -0.10664 -0.04524 -0.99327 -0.08898 0.00000 1 0 1.0
0 0.02084 0.00000 0.48182 -0.10664 -0.04524 -0.99327 0.00417 0.00000 1 0 1.0
cl_maskblue
0 -0.44843 -0.42857 0.55173 -0.10664 -0.04524 -0.99327 -0.08969 -0.08571 1 0 1.0
0 0.02084 0.00000 0.48182 -0.10664 -0.04524 -0.99327 0.00417 0.00000 1 0 1.0
0 0.01733 -0.42857 0.50172 -0.10664 -0.04524 -0.99327 0.00347 -0.08571 1 0 1.0
cl_maskblue
0 -0.44492 0.00000 0.53183 -0.10664 0.04524 -0.99327 -0.08898 0.00000 1 0 1.0
0 -0.44843 0.42857 0.55173 -0.10664 0.04524 -0.99327 -0.08969 0.08571 1 0 1.0
0 0.01733 0.42857 0.50172 -0.10664 0.04524 -0.99327 0.00347 0.08571 1 0 1.0
cl_maskblue
0 -0.44492 0.00000 0.53183 -0.10664 0.04524 -0.99327 -0.08898 0.00000 1 0 1.0
0 0.01733 0.42857 0.50172 -0.10664 0.04524 -0.99327 0.00347 0.08571 1 0 1.0
0 0.02084 0.00000 0.48182 -0.10664 0.04524 -0.99327 0.00417 0.00000 1 0 1.0
cl_maskblue
0 -0.44843 0.42857 0.55173 -0.10578 0.13463 -0.98523 -0.08969 0.08571 1 0 1.0
0 -0.45896 0.85714 0.61142 -0.10578 0.13463 -0.98523 -0.09179 0.17143 1 0 1.0
0 0.00680 0.85714 0.56141 -0.10578 0.13463 -0.98523 0.00136 0.17143 1 0 1.0
cl_maskblue
0 -0.44843 0.42857 0.55173 -0.10578 0.13463 -0.98523 -0.08969 0.08571 1 0 1.0
0 0.00680 0.85714 0.56141 -0.10578 0.13463 -0.98523 0.00136 0.17143 1 0 1.0
0 0.01733 0.42857 0.50172 -0.10578 0.13463 -0.98523 0.00347 0.08571 1 0 1.0
cl_maskblue
0 -0.45896 0.85714 0.61142 -0.10412 0.22085 -0.96974 -0.09179 0.17143 1 0 1.0
0 -0.47650 1.28571 0.71090 -0.10412 0.22085 -0.96974 -0.09530 0.25714 1 0 1.0
0 -0.01074 1.28571 0.66090 -0.10412 0.22085 -0.96974 -0.00215 0.25714 1 0 1.0
cl_maskblue
0 -0.45896 0.85714 0.61142 -0.10412 0.22085 -0.96974 -0.09179 0.17143 1 0 1.0
0 -0.01074 1.28571 0.66090 -0.10412 0.22085 -0.96974 -0.00215 0.25714 1 0 1.0
0 0.00680 0.85714 0.56141 -0.10412 0.22085 -0.96974 0.00136 0.17143 1 0 1.0
cl_maskblue
0 -0.47650 1.28571 0.71090 -0.10176 0.30219 -0.94780 -0.09530 0.25714 1 0 1.0
0 -0.50106 1.71429 0.85018 -0.10176 0.30219 -0.94780 -0.10021 0.34286 1 0 1.0
0 -0.03530 1.71429 0.80018 -0.10176 0.30219 -0.94780 -0.00706 0.34286 1 0 1.0
cl_maskblue
0 -0.47650 1.28571 0.71090 -0.10176 0.30219 -0.94780 -0.09530 0.25714 1 0 1.0
0 -0.03530 1.71429 0.80018 -0.10176 0.30219 -0.94780 -0.00706 0.34286 1 0 1.0
0 -0.01074 1.28571 0.66090 -0.10176 0.30219 -0.94780 -0.00215 0.25714 1 0 1.0
cl_maskblue
0 -0.50106 1.71429 0.85018 -0.09886 0.37744 -0.92074 -0.10021 0.34286 1 0 1.0
0 -0.53263 2.14286 1.02926 -0.09886 0.37744 -0.92074 -0.10653 0.42857 1 0 1.0
0 -0.06687 2.14286 0.97925 -0.09886 0.37744 -0.92074 -0.01337 0.42857 1 0 1.0
cl_maskblue
0 -0.50106 1.71429 0.85018 -0.09886 0.37744 -0.92074 -0.10021 0.34286 1 0 1.0
0 -0.06687 2.14286 0.97925 -0.09886 0.37744 -0.92074 -0.01337 0.42857 1 0 1.0
0 -0.03530 1.71429 0.80018 -0.09886 0.37744 -0.92074 -0.00706 0.34286 1 0 1.0
cl_maskblue
0 -0.53263 2.14286 1.02926 -0.09555 0.44590 -0.88997 -0.10653 0.42857 1 0 1.0
0 -0.57122 2.57143 1.24813 -0.09555 0.44590 -0.88997 -0.11424 0.51429 1 0 1.0
0 -0.10546 2.57143 1.19812 -0.09555 0.44590 -0.88997 -0.02109 0.51429 1 0 1.0
cl_maskblue
0 -0.53263 2.14286 1.02926 -0.09555 0.44590 -0.88997 -0.10653 0.42857 1 0 1.0
0 -0.10546 2.57143 1.19812 -0.09555 0.44590 -0.88997 -0.02109 0.51429 1 0 1.0
0 -0.06687 2.14286 0.97925 -0.09555 0.44590 -0.88997 -0.01337 0.42857 1 0 1.0
cl_maskblue
0 -0.57122 2.57143 1.24813 -0.09199 0.50734 -0.85682 -0.11424 0.51429 1 0 1.0
0 -0.61683 3.00000 1.50679 -0.09199 0.50734 -0.85682 -0.12337 0.60000 1 0 1.0
0 -0.15107 3.00000 1.45678 -0.09199 0.50734 -0.85682 -0.03021 0.60000 1 0 1.0
cl_maskblue
0 -0.57122 2.57143 1.24813 -0.09199 0.50734 -0.85682 -0.11424 0.51429 1 0 1.0
0 -0.15107 3.00000 1.45678 -0.09199 0.50734 -0.85682 -0.03021 0.60000 1 0 1.0
0 -0.10546 2.57143 1.19812 -0.09199 0.50734 -0.85682 -0.02109 0.51429 1 0 1.0
cl_maskblue
0 -0.15107 -3.00000 1.45678 0.37950 -0.50734 -0.77368 -0.03021 -0.60000 1 0 1.0
0 -0.10546 -2.57143 1.19812 0.37950 -0.50734 -0.77368 -0.02109 -0.51429 1 0 1.0
0 0.31510 -2.57143 1.40441 0.37950 -0.50734 -0.77368 0.06302 -0.51429 1 0 1.0
cl_maskblue
0 -0.15107 -3.00000 1.45678 0.37950 -0.50734 -0.77368 -0.03021 -0.60000 1 0 1.0
0 0.31510 -2.57143 1.40441 0.37950 -0.50734 -0.77368 0.06302 -0.51429 1 0 1.0
0 0.26949 -3.00000 1.66307 0.37950 -0.50734 -0.77368 0.05390 -0.60000 1 0 1.0
cl_maskblue
0 -0.10546 -2.57143 1.19812 0.39418 -0.44590 -0.80362 -0.02109 -0.51429 1 0 1.0
0 -0.06687 -2.14286 0.97925 0.39418 -0.44590 -0.80362 -0.01337 -0.42857 1 0 1.0
0 0.35370 -2.14286 1.18554 0.39418 -0.44590 -0.80362 0.07074 -0.42857 1 0 1.0
cl_maskblue
0 -0.10546 -2.57143 1.19812 0.39418 -0.44590 -0.80362 -0.02109 -0.51429 1 0 1.0
0 0.35370 -2.14286 1.18554 0.39418 -0.44590 -0.80362 0.07074 -0.42857 1 0 1.0
0 0.31510 -2.57143 1.40441 0.39418 -0.44590 -0.80362 0.06302 -0.51429 1 0 1.0
cl_maskblue
0 -0.06687 -2.14286 0.97925 0.40781 -0.37744 -0.83140 -0.01337 -0.42857 1 0 1.0
0 -0.03530 -1.71429 0.80018 0.40781 -0.37744 -0.83140 -0.00706 -0.34286 1 0 1.0
0 0.38527 -1.71429 1.00647 0.40781 -0.37744 -0.83140 0.07705 -0.34286 1 0 1.0
cl_maskblue
0 -0.06687 -2.14286 0.97925 0.40781 -0.37744 -0.83140 -0.01337 -0.42857 1 0 1.0
0 0.38527 -1.71429 1.00647 0.40781 -0.37744 -0.83140 0.07705 -0.34286 1 0 1.0
0 0.35370 -2.14286 1.18554 0.40781 -0.37744 -0.83140 0.07074 -0.42857 1 0 1.0
cl_maskblue
0 -0.03530 -1.71429 0.80018 0.41979 -0.30219 -0.85584 -0.00706 -0.34286 1 0 1.0
0 -0.01074 -1.28571 0.66090 0.41979 -0.30219 -0.85584 -0.00215 -0.25714 1 0 1.0
0 0.40983 -1.28571 0.86719 0.41979 -0.30219 -0.85584 0.08197 -0.25714 1 0 1.0
cl_maskblue
0 -0.03530 -1.71429 0.80018 0.41979 -0.30219 -0.85584 -0.00706 -0.34286 1 0 1.0
0 0.40983 -1.28571 0.86719 0.41979 -0.30219 -0.85584 0.08197 -0.25714 1 0 1.0
0 0.38527 -1.71429 1.00647 0.41979 -0.30219 -0.85584 0.07705 -0.34286 1 0 1.0
cl_maskblue
0 -0.01074 -1.28571 0.66090 0.42951 -0.22085 -0.87564 -0.00215 -0.25714 1 0 1.0
0 0.00680 -0.85714 0.56141 0.42951 -0.22085 -0.87564 0.00136 -0.17143 1 0 1.0
0 0.42737 -0.85714 0.76770 0.42951 -0.22085 -0.87564 0.08547 -0.17143 1 0 1.0
cl_maskblue
0 -0.01074 -1.28571 0.66090 0.42951 -0.22085 -0.87564 -0.00215 -0.25714 1 0 1.0
0 0.42737 -0.85714 0.76770 0.42951 -0.22085 -0.87564 0.08547 -0.17143 1 0 1.0
0 0.40983 -1.28571 0.86719 0.42951 -0.22085 -0.87564 0.08197 -0.25714 1 0 1.0
cl_maskblue
0 0.00680 -0.85714 0.56141 0.43637 -0.13463 -0.88964 0.00136 -0.17143 1 0 1.0
0 0.01733 -0.42857 0.50172 0.43637 -0.13463 -0.88964 0.00347 -0.08571 1 0 1.0
0 0.43790 -0.42857 0.70801 0.43637 -0.13463 -0.88964 0.08758 -0.08571 1 0 1.0
cl_maskblue
0 0.00680 -0.85714 0.56141 0.43637 -0.13463 -0.88964 0.00136 -0.17143 1 0 1.0
0 0.43790 -0.42857 0.70801 0.43637 -0.13463 -0.88964 0.08758 -0.08571 1 0 1.0
0 0.42737 -0.85714 0.76770 0.43637 -0.13463 -0.88964 0.08547 -0.17143 1 0 1.0
cl_maskblue
0 0.01733 -0.42857 0.50172 0.43993 -0.04524 -0.89689 0.00347 -0.08571 1 0 1.0
0 0.02084 0.00000 0.48182 0.43993 -0.04524 -0.89689 0.00417 0.00000 1 0 1.0
0 0.44141 0.00000 0.68811 0.43993 -0.04524 -0.89689 0.08828 0.00000 1 0 1.0
cl_maskblue
0 0.01733 -0.42857 0.50172 0.43993 -0.04524 -0.89689 0.00347 -0.08571 1 0 1.0
0 0.44141 0.00000 0.68811 0.43993 -0.04524 -0.89689 0.08828 0.00000 1 0 1.0
0 0.43790 -0.42857 0.70801 0.43993 -0.04524 -0.89689 0.08758 -0.08571 1 0 1.0
cl_maskblue
0 0.02084 0.00000 0.48182 0.43993 0.04524 -0.89689 0.00417 0.00000 1 0 1.0
0 0.01733 0.42857 0.50172 0.43993 0.04524 -0.89689 0.00347 0.08571 1 0 1.0
0 0.43790 0.42857 0.70801 0.43993 0.04524 -0.89689 0.08758 0.08571 1 0 1.0
cl_maskblue
0 0.02084 0.00000 0.48182 0.43993 0.04524 -0.89689 0.00417 0.00000 1 0 1.0
0 0.43790 0.42857 0.70801 0.43993 0.04524 -0.89689 0.08758 0.08571 1 0 1.0
0 0.44141 0.00000 0.68811 0.43993 0.04524 -0.89689 0.08828 0.00000 1 0 1.0
cl_maskblue
0 0.01733 0.42857 0.50172 0.43637 0.13463 -0.88964 0.00347 0.08571 1 0 1.0
0 0.00680 0.85714 0.56141 0.43637 0.13463 -0.88964 0.00136 0.17143 1 0 1.0
0 0.42737 0.85714 0.76770 0.43637 0.13463 -0.88964 0.08547 0.17143 1 0 1.0
cl_maskblue
0 0.01733 0.42857 0.50172 0.43637 0.13463 -0.88964 0.00347 0.08571 1 0 1.0
0 0.42737 0.85714 0.76770 0.43637 0.13463 -0.88964 0.08547 0.17143 1 0 1.0
0 0.43790 0.42857 0.70801 0.43637 0.13463 -0.88964 0.08758 0.08571 1 0 1.0
cl_maskblue
0 0.00680 0.85714 0.56141 0.42951 0.22085 -0.87564 0.00136 0.17143 1 0 1.0
0 -0.01074 1.28571 0.66090 0.42951 0.22085 -0.87564 -0.00215 0.25714 1 0 1.0
0 0.40983 1.28571 0.86719 0.42951 0.22085 -0.87564 0.08197 0.25714 1 0 1.0
cl_maskblue
0 0.00680 0.85714 0.56141 0.42951 0.22085 -0.87564 0.00136 0.17143 1 0 1.0
0 0.40983 1.28571 0.86719 0.42951 0.22085 -0.87564 0.08197 0.25714 1 0 1.0
0 0.42737 0.85714 0.76770 0.42951 0.22085 -0.87564 0.08547 0.17143 1 0 1.0
cl_maskblue
0 -0.01074 1.28571 0.66090 0.41979 0.30219 -0.85584 -0.00215 0.25714 1 0 1.0
0 -0.03530 1.71429 0.80018 0.41979 0.30219 -0.85584 -0.00706 0.34286 1 0 1.0
0 0.38527 1.71429 1.00647 0.41979 0.30219 -0.85584 0.07705 0.34286 1 0 1.0
cl_maskblue
0 -0.01074 1.28571 0.66090 0.41979 0.30219 -0.85584 -0.00215 0.25714 1 0 1.0
0 0.38527 1.71429 1.00647 0.41979 0.30219 -0.85584 0.07705 0.34286 1 0 1.0
0 0.40983 1.28571 0.86719 0.41979 0.30219 -0.85584 0.08197 0.25714 1 0 1.0
cl_maskblue
0 -0.03530 1.71429 0.80018 0.40781 0.37744 -0.83140 -0.00706 0.34286 1 0 1.0
0 -0.06687 2.14286 0.97925 0.40781 0.37744 -0.83140 -0.01337 0.42857 1 0 1.0
0 0.35370 2.14286 1.18554 0.40781 0.37744 -0.83140 0.07074 0.42857 1 0 1.0
cl_maskblue
0 -0.03530 1.71429 0.80018 0.40781 0.37744 -0.83140 -0.00706 0.34286 1 0 1.0
0 0.35370 2.14286 1.18554 0.40781 0.37744 -0.83140 0.07074 0.42857 1 0 1.0
0 0.38527 1.71429 1.00647 0.40781 0.37744 -0.83140 0.07705 0.34286 1 0 1.0
cl_maskblue
0 -0.06687 2.14286 0.97925 0.39418 0.44590 -0.80362 -0.01337 0.42857 1 0 1.0
0 -0.10546 2.57143 1.19812 0.39418 0.44590 -0.80362 -0.02109 0.51429 1 0 1.0
0 0.31510 2.57143 1.40441 0.39418 0.44590 -0.80362 0.06302 0.51429 1 0 1.0
cl_maskblue
0 -0.06687 2.14286 0.97925 0.39418 0.44590 -0.80362 -0.01337 0.42857 1 0 1.0
0 0.31510 2.57143 1.40441 0.39418 0.44590 -0.80362 0.06302 0.51429 1 0 1.0
0 0.35370 2.14286 1.18554 0.39418 0.44590 -0.80362 0.07074 0.42857 1 0 1.0
cl_maskblue
0 -0.10546 2.57143 1.19812 0.37950 0.50734 -0.77368 -0.02109 0.51429 1 0 1.0
0 -0.15107 3.00000 1.45678 0.37950 0.50734 -0.77368 -0.03021 0.60000 1 0 1.0
0 0.26949 3.00000 1.66307 0.37950 0.50734 -0.77368 0.05390 0.60000 1 0 1.0
cl_maskblue
0 -0.10546 2.57143 1.19812 0.37950 0.50734 -0.77368 -0.02109 0.51429 1 0 1.0
0 0.26949 3.00000 1.66307 0.37950 0.50734 -0.77368 0.05390 0.60000 1 0 1.0
0 0.31510 2.57143 1.40441 0.37950 0.50734 -0.77368 0.06302 0.51429 1 0 1.0
cl_maskblue
0 0.26949 -3.00000 1.66307 0.20439 -0.52167 -0.82830 0.05390 -0.60000 1 0 1.0
0 0.31510 -2.57143 1.40441 0.20439 -0.52167 -0.82830 0.06302 -0.51429 1 0 1.0
0 0.75299 -2.57143 1.51247 0.20439 -0.52167 -0.82830 0.15060 -0.51429 1 0 1.0
cl_maskblue
0 0.26949 -3.00000 1.66307 0.20439 -0.52167 -0.82830 0.05390 -0.60000 1 0 1.0
0 0.75299 -2.57143 1.51247 0.20439 -0.52167 -0.82830 0.15060 -0.51429 1 0 1.0
0 0.70738 -3.00000 1.77113 0.20439 -0.52167 -0.82830 0.14148 -0.60000 1 0 1.0
cl_maskblue
0 0.31510 -2.57143 1.40441 0.21278 -0.45953 -0.86230 0.06302 -0.51429 1 0 1.0
0 0.35370 -2.14286 1.18554 0.21278 -0.45953 -0.86230 0.07074 -0.42857 1 0 1.0
0 0.79158 -2.14286 1.29360 0.21278 -0.45953 -0.86230 0.15832 -0.42857 1 0 1.0
cl_maskblue
0 0.31510 -2.57143 1.40441 0.21278 -0.45953 -0.86230 0.06302 -0.51429 1 0 1.0
0 0.79158 -2.14286 1.29360 0.21278 -0.45953 -0.86230 0.15832 -0.42857 1 0 1.0
0 0.75299 -2.57143 1.51247 0.21278 -0.45953 -0.86230 0.15060 -0.51429 1 0 1.0
cl_maskblue
0 0.35370 -2.14286 1.18554 0.22062 -0.38983 -0.89407 0.07074 -0.42857 1 0 1.0
0 0.38527 -1.71429 1.00647 0.22062 -0.38983 -0.89407 0.07705 -0.34286 1 0 1.0
0 0.82316 -1.71429 1.11452 0.22062 -0.38983 -0.89407 0.16463 -0.34286 1 0 1.0
cl_maskblue
0 0.35370 -2.14286 1.18554 0.22062 -0.38983 -0.89407 0.07074 -0.42857 1 0 1.0
0 0.82316 -1.71429 1.11452 0.22062 -0.38983 -0.89407 0.16463 -0.34286 1 0 1.0
0 0.79158 -2.14286 1.29360 0.22062 -0.38983 -0.89407 0.15832 -0.42857 1 0 1.0
cl_maskblue
0 0.38527 -1.71429 1.00647 0.22756 -0.31274 -0.92218 0.07705 -0.34286 1 0 1.0
0 0.40983 -1.28571 0.86719 0.22756 -0.31274 -0.92218 0.08197 -0.25714 1 0 1.0
0 0.84772 -1.28571 0.97524 0.22756 -0.31274 -0.92218 0.16954 -0.25714 1 0 1.0
cl_maskblue
0 0.38527 -1.71429 1.00647 0.22756 -0.31274 -0.92218 0.07705 -0.34286 1 0 1.0
0 0.84772 -1.28571 0.97524 0.22756 -0.31274 -0.92218 0.16954 -0.25714 1 0 1.0
0 0.82316 -1.71429 1.11452 0.22756 -0.31274 -0.92218 0.16463 -0.34286 1 0 1.0
cl_maskblue
0 0.40983 -1.28571 0.86719 0.23321 -0.22893 -0.94509 0.08197 -0.25714 1 0 1.0
0 0.42737 -0.85714 0.76770 0.23321 -0.22893 -0.94509 0.08547 -0.17143 1 0 1.0
0 0.86526 -0.85714 0.87576 0.23321 -0.22893 -0.94509 0.17305 -0.17143 1 0 1.0
cl_maskblue
0 0.40983 -1.28571 0.86719 0.23321 -0.22893 -0.94509 0.08197 -0.25714 1 0 1.0
0 0.86526 -0.85714 0.87576 0.23321 -0.22893 -0.94509 0.17305 -0.17143 1 0 1.0
0 0.84772 -1.28571 0.97524 0.23321 -0.22893 -0.94509 0.16954 -0.25714 1 0 1.0
cl_maskblue
0 0.42737 -0.85714 0.76770 0.23723 -0.13972 -0.96135 0.08547 -0.17143 1 0 1.0
0 0.43790 -0.42857 0.70801 0.23723 -0.13972 -0.96135 0.08758 -0.08571 1 0 1.0
0 0.87579 -0.42857 0.81607 0.23723 -0.13972 -0.96135 0.17516 -0.08571 1 0 1.0
cl_maskblue
0 0.42737 -0.85714 0.76770 0.23723 -0.13972 -0.96135 0.08547 -0.17143 1 0 1.0
0 0.87579 -0.42857 0.81607 0.23723 -0.13972 -0.96135 0.17516 -0.08571 1 0 1.0
0 0.86526 -0.85714 0.87576 0.23723 -0.13972 -0.96135 0.17305 -0.17143 1 0 1.0
cl_maskblue
0 0.43790 -0.42857 0.70801 0.23931 -0.04698 -0.96981 0.08758 -0.08571 1 0 1.0
0 0.44141 0.00000 0.68811 0.23931 -0.04698 -0.96981 0.08828 0.00000 1 0 1.0
0 0.87929 0.00000 0.79617 0.23931 -0.04698 -0.96981 0.17586 0.00000 1 0 1.0
cl_maskblue
0 0.43790 -0.42857 0.70801 0.23931 -0.04698 -0.96981 0.08758 -0.08571 1 0 1.0
0 0.87929 0.00000 0.79617 0.23931 -0.04698 -0.96981 0.17586 0.00000 1 0 1.0
0 0.87579 -0.42857 0.81607 0.23931 -0.04698 -0.96981 0.17516 -0.08571 1 0 1.0
cl_maskblue
0 0.44141 0.00000 0.68811 0.23931 0.04698 -0.96981 0.08828 0.00000 1 0 1.0
0 0.43790 0.42857 0.70801 0.23931 0.04698 -0.96981 0.08758 0.08571 1 0 1.0
0 0.87579 0.42857 0.81607 0.23931 0.04698 -0.96981 0.17516 0.08571 1 0 1.0
cl_maskblue
0 0.44141 0.00000 0.68811 0.23931 0.04698 -0.96981 0.08828 0.00000 1 0 1.0
0 0.87579 0.42857 0.81607 0.23931 0.04698 -0.96981 0.17516 0.08571 1 0 1.0
0 0.87929 0.00000 0.79617 0.23931 0.04698 -0.96981 0.17586 0.00000 1 0 1.0
cl_maskblue
0 0.43790 0.42857 0.70801 0.23723 0.13972 -0.96135 0.08758 0.08571 1 0 1.0
0 0.42737 0.85714 0.76770 0.23723 0.13972 -0.96135 0.08547 0.17143 1 0 1.0
0 0.86526 0.85714 0.87576 0.23723 0.13972 -0.96135 0.17305 0.17143 1 0 1.0
cl_maskblue
0 0.43790 0.42857 0.70801 0.23723 0.13972 -0.96135 0.08758 0.08571 1 0 1.0
0 0.86526 0.85714 0.87576 0.23723 0.13972 -0.96135 0.17305 0.17143 1 0 1.0
0 0.87579 0.42857 0.81607 0.23723 0.13972 -0.96135 0.17516 0.08571 1 0 1.0
cl_maskblue
0 0.42737 0.85714 0.76770 0.23321 0.22893 -0.94509 0.08547 0.17143 1 0 1.0
0 0.40983 1.28571 0.86719 0.23321 0.22893 -0.94509 0.08197 0.25714 1 0 1.0
0 0.84772 1.28571 0.97524 0.23321 0.22893 -0.94509 0.16954 0.25714 1 0 1.0
cl_maskblue
0 0.42737 0.85714 0.76770 0.23321 0.22893 -0.94509 0.08547 0.17143 1 0 1.0
0 0.84772 1.28571 0.97524 0.23321 0.22893 -0.94509 0.16954 0.25714 1 0 1.0
0 0.86526 0.85714 0.87576 0.23321 0.22893 -0.94509 0.17305 0.17143 1 0 1.0
cl_maskblue
0 0.40983 1.28571 0.86719 0.22756 0.31274 -0.92218 0.08197 0.25714 1 0 1.0
0 0.38527 1.71429 1.00647 0.22756 0.31274 -0.92218 0.07705 0.34286 1 0 1.0
0 0.82316 1.71429 1.11452 0.22756 0.31274 -0.92218 0.16463 0.34286 1 0 1.0
cl_maskblue
0 0.40983 1.28571 0.86719 0.22756 0.31274 -0.92218 0.08197 0.25714 1 0 1.0
0 0.82316 1.71429 1.11452 0.22756 0.31274 -0.92218 0.16463 0.34286 1 0 1.0
0 0.84772 1.28571 0.97524 0.22756 0.31274 -0.92218 0.16954 0.25714 1 0 1.0
cl_maskblue
0 0.38527 1.71429 1.00647 0.22062 0.38983 -0.89407 0.07705 0.34286 1 0 1.0
0 0.35370 2.14286 1.18554 0.22062 0.38983 -0.89407 0.07074 0.42857 1 0 1.0
0 0.79158 2.14286 1.29360 0.22062 0.38983 -0.89407 0.15832 0.42857 1 0 1.0
cl_maskblue
0 0.38527 1.71429 1.00647 0.22062 0.38983 -0.89407 0.07705 0.34286 1 0 1.0
0 0.79158 2.14286 1.29360 0.22062 0.38983 -0.89407 0.15832 0.42857 1 0 1.0
0 0.82316 1.71429 1.11452 0.22062 0.38983 -0.89407 0.16463 0.34286 1 0 1.0
cl_maskblue
0 0.35370 2.14286 1.18554 0.21278 0.45953 -0.86230 0.07074 0.42857 1 0 1.0
0 0.31510 2.57143 1.40441 0.21278 0.45953 -0.86230 0.06302 0.51429 1 0 1.0
0 0.75299 2.57143 1.51247 0.21278 0.45953 -0.86230 0.15060 0.51429 1 0 1.0
cl_maskblue
0 0.35370 2.14286 1.18554 0.21278 0.45953 -0.86230 0.07074 0.42857 1 0 1.0
0 0.75299 2.57143 1.51247 0.21278 0.45953 -0.86230 0.15060 0.51429 1 0 1.0
0 0.79158 2.14286 1.29360 0.21278 0.45953 -0.86230 0.15832 0.42857 1 0 1.0
cl_maskblue
0 0.31510 2.57143 1.40441 0.20439 0.52167 -0.82830 0.06302 0.51429 1 0 1.0
0 0.26949 3.00000 1.66307 0.20439 0.52167 -0.82830 0.05390 0.60000 1 0 1.0
0 0.70738 3.00000 1.77113 0.20439 0.52167 -0.82830 0.14148 0.60000 1 0 1.0
cl_maskblue
0 0.31510 2.57143 1.40441 0.20439 0.52167 -0.82830 0.06302 0.51429 1 0 1.0
0 0.70738 3.00000 1.77113 0.20439 0.52167 -0.82830 0.14148 0.60000 1 0 1.0
0 0.75299 2.57143 1.51247 0.20439 0.52167 -0.82830 0.15060 0.51429 1 0 1.0
cl_maskblue
0 0.70738 -3.00000 1.77113 0.01845 -0.51808 -0.85513 0.14148 -0.60000 1 0 1.0
0 0.75299 -2.57143 1.51247 0.01845 -0.51808 -0.85513 0.15060 -0.51429 1 0 1.0
0 1.20820 -2.57143 1.52229 0.01845 -0.51808 -0.85513 0.24164 -0.51429 1 0 1.0
cl_maskblue
0 0.70738 -3.00000 1.77113 0.01845 -0.51808 -0.85513 0.14148 -0.60000 1 0 1.0
0 1.20820 -2.57143 1.52229 0.01845 -0.51808 -0.85513 0.24164 -0.51429 1 0 1.0
0 1.16259 -3.00000 1.78095 0.01845 -0.51808 -0.85513 0.23252 -0.60000 1 0 1.0
cl_maskblue
0 0.75299 -2.57143 1.51247 0.01919 -0.45610 -0.88972 0.15060 -0.51429 1 0 1.0
0 0.79158 -2.14286 1.29360 0.01919 -0.45610 -0.88972 0.15832 -0.42857 1 0 1.0
0 1.24679 -2.14286 1.30342 0.01919 -0.45610 -0.88972 0.24936 -0.42857 1 0 1.0
cl_maskblue
0 0.75299 -2.57143 1.51247 0.01919 -0.45610 -0.88972 0.15060 -0.51429 1 0 1.0
0 1.24679 -2.14286 1.30342 0.01919 -0.45610 -0.88972 0.24936 -0.42857 1 0 1.0
0 1.20820 -2.57143 1.52229 0.01919 -0.45610 -0.88972 0.24164 -0.51429 1 0 1.0
cl_maskblue
0 0.79158 -2.14286 1.29360 0.01989 -0.38671 -0.92199 0.15832 -0.42857 1 0 1.0
0 0.82316 -1.71429 1.11452 0.01989 -0.38671 -0.92199 0.16463 -0.34286 1 0 1.0
0 1.27837 -1.71429 1.12434 0.01989 -0.38671 -0.92199 0.25567 -0.34286 1 0 1.0
cl_maskblue
0 0.79158 -2.14286 1.29360 0.01989 -0.38671 -0.92199 0.15832 -0.42857 1 0 1.0
0 1.27837 -1.71429 1.12434 0.01989 -0.38671 -0.92199 0.25567 -0.34286 1 0 1.0
0 1.24679 -2.14286 1.30342 0.01989 -0.38671 -0.92199 0.24936 -0.42857 1 0 1.0
cl_maskblue
0 0.82316 -1.71429 1.11452 0.02051 -0.31007 -0.95049 0.16463 -0.34286 1 0 1.0
0 0.84772 -1.28571 0.97524 0.02051 -0.31007 -0.95049 0.16954 -0.25714 1 0 1.0
0 1.30293 -1.28571 0.98506 0.02051 -0.31007 -0.95049 0.26059 -0.25714 1 0 1.0
cl_maskblue
0 0.82316 -1.71429 1.11452 0.02051 -0.31007 -0.95049 0.16463 -0.34286 1 0 1.0
0 1.30293 -1.28571 0.98506 0.02051 -0.31007 -0.95049 0.26059 -0.25714 1 0 1.0
0 1.27837 -1.71429 1.12434 0.02051 -0.31007 -0.95049 0.25567 -0.34286 1 0 1.0
cl_maskblue
0 0.84772 -1.28571 0.97524 0.02101 -0.22689 -0.97369 0.16954 -0.25714 1 0 1.0
0 0.86526 -0.85714 0.87576 0.02101 -0.22689 -0.97369 0.17305 -0.17143 1 0 1.0
0 1.32047 -0.85714 0.88558 0.02101 -0.22689 -0.97369 0.26409 -0.17143 1 0 1.0
cl_maskblue
0 0.84772 -1.28571 0.97524 0.02101 -0.22689 -0.97369 0.16954 -0.25714 1 0 1.0
0 1.32047 -0.85714 0.88558 0.02101 -0.22689 -0.97369 0.26409 -0.17143 1 0 1.0
0 1.30293 -1.28571 0.98506 0.02101 -0.22689 -0.97369 0.26059 -0.25714 1 0 1.0
cl_maskblue
0 0.86526 -0.85714 0.87576 0.02136 -0.13843 -0.99014 0.17305 -0.17143 1 0 1.0
0 0.87579 -0.42857 0.81607 0.02136 -0.13843 -0.99014 0.17516 -0.08571 1 0 1.0
0 1.33100 -0.42857 0.82589 0.02136 -0.13843 -0.99014 0.26620 -0.08571 1 0 1.0
cl_maskblue
0 0.86526 -0.85714 0.87576 0.02136 -0.13843 -0.99014 0.17305 -0.17143 1 0 1.0
0 1.33100 -0.42857 0.82589 0.02136 -0.13843 -0.99014 0.26620 -0.08571 1 0 1.0
0 1.32047 -0.85714 0.88558 0.02136 -0.13843 -0.99014 0.26409 -0.17143 1 0 1.0
cl_maskblue
0 0.87579 -0.42857 0.81607 0.02155 -0.04654 -0.99868 0.17516 -0.08571 1 0 1.0
0 0.87929 0.00000 0.79617 0.02155 -0.04654 -0.99868 0.17586 0.00000 1 0 1.0
0 1.33450 0.00000 0.80599 0.02155 -0.04654 -0.99868 0.26690 0.00000 1 0 1.0
cl_maskblue
0 0.87579 -0.42857 0.81607 0.02155 -0.04654 -0.99868 0.17516 -0.08571 1 0 1.0
0 1.33450 0.00000 0.80599 0.02155 -0.04654 -0.99868 0.26690 0.00000 1 0 1.0
0 1.33100 -0.42857 0.82589 0.02155 -0.04654 -0.99868 0.26620 -0.08571 1 0 1.0
cl_maskblue
0 0.87929 0.00000 0.79617 0.02155 0.04654 -0.99868 0.17586 0.00000 1 0 1.0
0 0.87579 0.42857 0.81607 0.02155 0.04654 -0.99868 0.17516 0.08571 1 0 1.0
0 1.33100 0.42857 0.82589 0.02155 0.04654 -0.99868 0.26620 0.08571 1 0 1.0
cl_maskblue
0 0.87929 0.00000 0.79617 0.02155 0.04654 -0.99868 0.17586 0.00000 1 0 1.0
0 1.33100 0.42857 0.82589 0.02155 0.04654 -0.99868 0.26620 0.08571 1 0 1.0
0 1.33450 0.00000 0.80599 0.02155 0.04654 -0.99868 0.26690 0.00000 1 0 1.0
cl_maskblue
0 0.87579 0.42857 0.81607 0.02136 0.13843 -0.99014 0.17516 0.08571 1 0 1.0
0 0.86526 0.85714 0.87576 0.02136 0.13843 -0.99014 0.17305 0.17143 1 0 1.0
0 1.32047 0.85714 0.88558 0.02136 0.13843 -0.99014 0.26409 0.17143 1 0 1.0
cl_maskblue
0 0.87579 0.42857 0.81607 0.02136 0.13843 -0.99014 0.17516 0.08571 1 0 1.0
0 1.32047 0.85714 0.88558 0.02136 0.13843 -0.99014 0.26409 0.17143 1 0 1.0
0 1.33100 0.42857 0.82589 0.02136 0.13843 -0.99014 0.26620 0.08571 1 0 1.0
cl_maskblue
0 0.86526 0.85714 0.87576 0.02101 0.22689 -0.97369 0.17305 0.17143 1 0 1.0
0 0.84772 1.28571 0.97524 0.02101 0.22689 -0.97369 0.16954 0.25714 1 0 1.0
0 1.30293 1.28571 0.98506 0.02101 0.22689 -0.97369 0.26059 0.25714 1 0 1.0
cl_maskblue
0 0.86526 0.85714 0.87576 0.02101 0.22689 -0.97369 0.17305 0.17143 1 0 1.0
0 1.30293 1.28571 0.98506 0.02101 0.22689 -0.97369 0.26059 0.25714 1 0 1.0
0 1.32047 0.85714 0.88558 0.02101 0.22689 -0.97369 0.26409 0.17143 1 0 1.0
cl_maskblue
0 0.84772 1.28571 0.97524 0.02051 0.31007 -0.95049 0.16954 0.25714 1 0 1.0
0 0.82316 1.71429 1.11452 0.02051 0.31007 -0.95049 0.16463 0.34286 1 0 1.0
0 1.27837 1.71429 1.12434 0.02051 0.31007 -0.95049 0.25567 0.34286 1 0 1.0
cl_maskblue
0 0.84772 1.28571 0.97524 0.02051 0.31007 -0.95049 0.16954 0.25714 1 0 1.0
0 1.27837 1.71429 1.12434 0.02051 0.31007 -0.95049 0.25567 0.34286 1 0 1.0
0 1.30293 1.28571 0.98506 0.02051 0.31007 -0.95049 0.26059 0.25714 1 0 1.0
cl_maskblue
0 0.82316 1.71429 1.11452 0.01989 0.38671 -0.92199 0.16463 0.34286 1 0 1.0
0 0.79158 2.14286 1.29360 0.01989 0.38671 -0.92199 0.15832 0.42857 1 0 1.0
0 1.24679 2.14286 1.30342 0.01989 0.38671 -0.92199 0.24936 0.42857 1 0 1.0
cl_maskblue
0 0.82316 1.71429 1.11452 0.01989 0.38671 -0.92199 0.16463 0.34286 1 0 1.0
0 1.24679 2.14286 1.30342 0.01989 0.38671 -0.92199 0.24936 0.42857 1 0 1.0
0 1.27837 1.71429 1.12434 0.01989 0.38671 -0.92199 0.25567 0.34286 1 0 1.0
cl_maskblue
0 0.79158 2.14286 1.29360 0.01919 0.45610 -0.88972 0.15832 0.42857 1 0 1.0
0 0.75299 2.57143 1.51247 0.01919 0.45610 -0.88972 0.15060 0.51429 1 0 1.0
0 1.20820 2.57143 1.52229 0.01919 0.45610 -0.88972 0.24164 0.51429 1 0 1.0
cl_maskblue
0 0.79158 2.14286 1.29360 0.01919 0.45610 -0.88972 0.15832 0.42857 1 0 1.0
0 1.20820 2.57143 1.52229 0.01919 0.45610 -0.88972 0.24164 0.51429 1 0 1.0
0 1.24679 2.14286 1.30342 0.01919 0.45610 -0.88972 0.24936 0.42857 1 0 1.0
cl_maskblue
0 0.75299 2.57143 1.51247 0.01845 0.51808 -0.85513 0.15060 0.51429 1 0 1.0
0 0.70738 3.00000 1.77113 0.01845 0.51808 -0.85513 0.14148 0.60000 1 0 1.0
0 1.16259 3.00000 1.78095 0.01845 0.51808 -0.85513 0.23252 0.60000 1 0 1.0
cl_maskblue
0 0.75299 2.57143 1.51247 0.01845 0.51808 -0.85513 0.15060 0.51429 1 0 1.0
0 1.16259 3.00000 1.78095 0.01845 0.51808 -0.85513 0.23252 0.60000 1 0 1.0
0 1.20820 2.57143 1.52229 0.01845 0.51808 -0.85513 0.24164 0.51429 1 0 1.0
cl_maskblue
0 1.16259 -3.00000 1.78095 0.47416 -0.49139 -0.73056 0.23252 -0.60000 1 0 1.0
0 1.20820 -2.57143 1.52229 0.47416 -0.49139 -0.73056 0.24164 -0.51429 1 0 1.0
0 1.61822 -2.57143 1.78840 0.47416 -0.49139 -0.73056 0.32364 -0.51429 1 0 1.0
cl_maskblue
0 1.16259 -3.00000 1.78095 0.47416 -0.49139 -0.73056 0.23252 -0.60000 1 0 1.0
0 1.61822 -2.57143 1.78840 0.47416 -0.49139 -0.73056 0.32364 -0.51429 1 0 1.0
0 1.57261 -3.00000 2.04707 0.47416 -0.49139 -0.73056 0.31452 -0.60000 1 0 1.0
cl_maskblue
0 1.20820 -2.57143 1.52229 0.49130 -0.43082 -0.75697 0.24164 -0.51429 1 0 1.0
0 1.24679 -2.14286 1.30342 0.49130 -0.43082 -0.75697 0.24936 -0.42857 1 0 1.0
0 1.65681 -2.14286 1.56953 0.49130 -0.43082 -0.75697 0.33136 -0.42857 1 0 1.0
cl_maskblue
0 1.20820 -2.57143 1.52229 0.49130 -0.43082 -0.75697 0.24164 -0.51429 1 0 1.0
0 1.65681 -2.14286 1.56953 0.49130 -0.43082 -0.75697 0.33136 -0.42857 1 0 1.0
0 1.61822 -2.57143 1.78840 0.49130 -0.43082 -0.75697 0.32364 -0.51429 1 0 1.0
cl_maskblue
0 1.24679 -2.14286 1.30342 0.50711 -0.36383 -0.78132 0.24936 -0.42857 1 0 1.0
0 1.27837 -1.71429 1.12434 0.50711 -0.36383 -0.78132 0.25567 -0.34286 1 0 1.0
0 1.68839 -1.71429 1.39046 0.50711 -0.36383 -0.78132 0.33768 -0.34286 1 0 1.0
cl_maskblue
0 1.24679 -2.14286 1.30342 0.50711 -0.36383 -0.78132 0.24936 -0.42857 1 0 1.0
0 1.68839 -1.71429 1.39046 0.50711 -0.36383 -0.78132 0.33768 -0.34286 1 0 1.0
0 1.65681 -2.14286 1.56953 0.50711 -0.36383 -0.78132 0.33136 -0.42857 1 0 1.0
cl_maskblue
0 1.27837 -1.71429 1.12434 0.52091 -0.29068 -0.80259 0.25567 -0.34286 1 0 1.0
0 1.30293 -1.28571 0.98506 0.52091 -0.29068 -0.80259 0.26059 -0.25714 1 0 1.0
0 1.71295 -1.28571 1.25118 0.52091 -0.29068 -0.80259 0.34259 -0.25714 1 0 1.0
cl_maskblue
0 1.27837 -1.71429 1.12434 0.52091 -0.29068 -0.80259 0.25567 -0.34286 1 0 1.0
0 1.71295 -1.28571 1.25118 0.52091 -0.29068 -0.80259 0.34259 -0.25714 1 0 1.0
0 1.68839 -1.71429 1.39046 0.52091 -0.29068 -0.80259 0.33768 -0.34286 1 0 1.0
cl_maskblue
0 1.30293 -1.28571 0.98506 0.53204 -0.21206 -0.81973 0.26059 -0.25714 1 0 1.0
0 1.32047 -0.85714 0.88558 0.53204 -0.21206 -0.81973 0.26409 -0.17143 1 0 1.0
0 1.73049 -0.85714 1.15169 0.53204 -0.21206 -0.81973 0.34610 -0.17143 1 0 1.0
cl_maskblue
0 1.30293 -1.28571 0.98506 0.53204 -0.21206 -0.81973 0.26059 -0.25714 1 0 1.0
0 1.73049 -0.85714 1.15169 0.53204 -0.21206 -0.81973 0.34610 -0.17143 1 0 1.0
0 1.71295 -1.28571 1.25118 0.53204 -0.21206 -0.81973 0.34259 -0.25714 1 0 1.0
cl_maskblue
0 1.32047 -0.85714 0.88558 0.53986 -0.12911 -0.83179 0.26409 -0.17143 1 0 1.0
0 1.33100 -0.42857 0.82589 0.53986 -0.12911 -0.83179 0.26620 -0.08571 1 0 1.0
0 1.74101 -0.42857 1.09200 0.53986 -0.12911 -0.83179 0.34820 -0.08571 1 0 1.0
cl_maskblue
0 1.32047 -0.85714 0.88558 0.53986 -0.12911 -0.83179 0.26409 -0.17143 1 0 1.0
0 1.74101 -0.42857 1.09200 0.53986 -0.12911 -0.83179 0.34820 -0.08571 1 0 1.0
0 1.73049 -0.85714 1.15169 0.53986 -0.12911 -0.83179 0.34610 -0.17143 1 0 1.0
cl_maskblue
0 1.33100 -0.42857 0.82589 0.54391 -0.04336 -0.83802 0.26620 -0.08571 1 0 1.0
0 1.33450 0.00000 0.80599 0.54391 -0.04336 -0.83802 0.26690 0.00000 1 0 1.0
0 1.74452 0.00000 1.07211 0.54391 -0.04336 -0.83802 0.34890 0.00000 1 0 1.0
cl_maskblue
0 1.33100 -0.42857 0.82589 0.54391 -0.04336 -0.83802 0.26620 -0.08571 1 0 1.0
0 1.74452 0.00000 1.07211 0.54391 -0.04336 -0.83802 0.34890 0.00000 1 0 1.0
0 1.74101 -0.42857 1.09200 0.54391 -0.04336 -0.83802 0.34820 -0.08571 1 0 1.0
cl_maskblue
0 1.33450 0.00000 0.80599 0.54391 0.04336 -0.83802 0.26690 0.00000 1 0 1.0
0 1.33100 0.42857 0.82589 0.54391 0.04336 -0.83802 0.26620 0.08571 1 0 1.0
0 1.74101 0.42857 1.09200 0.54391 0.04336 -0.83802 0.34820 0.08571 1 0 1.0
cl_maskblue
0 1.33450 0.00000 0.80599 0.54391 0.04336 -0.83802 0.26690 0.00000 1 0 1.0
0 1.74101 0.42857 1.09200 0.54391 0.04336 -0.83802 0.34820 0.08571 1 0 1.0
0 1.74452 0.00000 1.07211 0.54391 0.04336 -0.83802 0.34890 0.00000 1 0 1.0
cl_maskblue
0 1.33100 0.42857 0.82589 0.53986 0.12911 -0.83179 0.26620 0.08571 1 0 1.0
0 1.32047 0.85714 0.88558 0.53986 0.12911 -0.83179 0.26409 0.17143 1 0 1.0
0 1.73049 0.85714 1.15169 0.53986 0.12911 -0.83179 0.34610 0.17143 1 0 1.0
cl_maskblue
0 1.33100 0.42857 0.82589 0.53986 0.12911 -0.83179 0.26620 0.08571 1 0 1.0
0 1.73049 0.85714 1.15169 0.53986 0.12911 -0.83179 0.34610 0.17143 1 0 1.0
0 1.74101 0.42857 1.09200 0.53986 0.12911 -0.83179 0.34820 0.08571 1 0 1.0
cl_maskblue
0 1.32047 0.85714 0.88558 0.53204 0.21206 -0.81973 0.26409 0.17143 1 0 1.0
0 1.30293 1.28571 0.98506 0.53204 0.21206 -0.81973 0.26059 0.25714 1 0 1.0
0 1.71295 1.28571 1.25118 0.53204 0.21206 -0.81973 0.34259 0.25714 1 0 1.0
cl_maskblue
0 1.32047 0.85714 0.88558 0.53204 0.21206 -0.81973 0.26409 0.17143 1 0 1.0
0 1.71295 1.28571 1.25118 0.53204 0.21206 -0.81973 0.34259 0.25714 1 0 1.0
0 1.73049 0.85714 1.15169 0.53204 0.21206 -0.81973 0.34610 0.17143 1 0 1.0
cl_maskblue
0 1.30293 1.28571 0.98506 0.52091 0.29068 -0.80259 0.26059 0.25714 1 0 1.0
0 1.27837 1.71429 1.12434 0.52091 0.29068 -0.80259 0.25567 0.34286 1 0 1.0
0 1.68839 1.71429 1.39046 0.52091 0.29068 -0.80259 0.33768 0.34286 1 0 1.0
cl_maskblue
0 1.30293 1.28571 0.98506 0.52091 0.29068 -0.80259 0.26059 0.25714 1 0 1.0
0 1.68839 1.71429 1.39046 0.52091 0.29068 -0.80259 0.33768 0.34286 1 0 1.0
0 1.71295 1.28571 1.25118 0.52091 0.29068 -0.80259 0.34259 0.25714 1 0 1.0
cl_maskblue
0 1.27837 1.71429 1.12434 0.50711 0.36383 -0.78132 0.25567 0.34286 1 0 1.0
0 1.24679 2.14286 1.30342 0.50711 0.36383 -0.78132 0.24936 0.42857 1 0 1.0
0 1.65681 2.14286 1.56953 0.50711 0.36383 -0.78132 0.33136 0.42857 1 0 1.0
cl_maskblue
0 1.27837 1.71429 1.12434 0.50711 0.36383 -0.78132 0.25567 0.34286 1 0 1.0
0 1.65681 2.14286 1.56953 0.50711 0.36383 -0.78132 0.33136 0.42857 1 0 1.0
0 1.68839 1.71429 1.39046 0.50711 0.36383 -0.78132 0.33768 0.34286 1 0 1.0
cl_maskblue
0 1.24679 2.14286 1.30342 0.49130 0.43082 -0.75697 0.24936 0.42857 1 0 1.0
0 1.20820 2.57143 1.52229 0.49130 0.43082 -0.75697 0.24164 0.51429 1 0 1.0
0 1.61822 2.57143 1.78840 0.49130 0.43082 -0.75697 0.32364 0.51429 1 0 1.0
cl_maskblue
0 1.24679 2.14286 1.30342 0.49130 0.43082 -0.75697 0.24936 0.42857 1 0 1.0
0 1.61822 2.57143 1.78840 0.49130 0.43082 -0.75697 0.32364 0.51429 1 0 1.0
0 1.65681 2.14286 1.56953 0.49130 0.43082 -0.75697 0.33136 0.42857 1 0 1.0
cl_maskblue
0 1.20820 2.57143 1.52229 0.47416 0.49139 -0.73056 0.24164 0.51429 1 0 1.0
0 1.16259 3.00000 1.78095 0.47416 0.49139 -0.73056 0.23252 0.60000 1 0 1.0
0 1.57261 3.00000 2.04707 0.47416 0.49139 -0.73056 0.31452 0.60000 1 0 1.0
cl_maskblue
0 1.20820 2.57143 1.52229 0.47416 0.49139 -0.73056 0.24164 0.51429 1 0 1.0
0 1.57261 3.00000 2.04707 0.47416 0.49139 -0.73056 0.31452 0.60000 1 0 1.0
0 1.61822 2.57143 1.78840 0.47416 0.49139 -0.73056 0.32364 0.51429 1 0 1.0
cl_maskblue
0 -1.97270 -3.00000 1.42193 0.19570 0.49139 0.84867 -0.39454 -0.60000 1 0 1.0
0 -1.49639 -3.00000 1.31210 0.19570 0.49139 0.84867 -0.29928 -0.60000 1 0 1.0
0 -1.45078 -2.57143 1.05344 0.19570 0.49139 0.84867 -0.29016 -0.51429 1 0 1.0
cl_maskblue
0 -1.97270 -3.00000 1.42193 0.19570 0.49139 0.84867 -0.39454 -0.60000 1 0 1.0
0 -1.45078 -2.57143 1.05344 0.19570 0.49139 0.84867 -0.29016 -0.51429 1 0 1.0
0 -1.92709 -2.57143 1.16327 0.19570 0.49139 0.84867 -0.38542 -0.51429 1 0 1.0
cl_maskblue
0 -1.92709 -2.57143 1.16327 0.20277 0.43082 0.87936 -0.38542 -0.51429 1 0 1.0
0 -1.45078 -2.57143 1.05344 0.20277 0.43082 0.87936 -0.29016 -0.51429 1 0 1.0
0 -1.41219 -2.14286 0.83457 0.20277 0.43082 0.87936 -0.28244 -0.42857 1 0 1.0
cl_maskblue
0 -1.92709 -2.57143 1.16327 0.20277 0.43082 0.87936 -0.38542 -0.51429 1 0 1.0
0 -1.41219 -2.14286 0.83457 0.20277 0.43082 0.87936 -0.28244 -0.42857 1 0 1.0
0 -1.88849 -2.14286 0.94440 0.20277 0.43082 0.87936 -0.37770 -0.42857 1 0 1.0
cl_maskblue
0 -1.88849 -2.14286 0.94440 0.20930 0.36383 0.90765 -0.37770 -0.42857 1 0 1.0
0 -1.41219 -2.14286 0.83457 0.20930 0.36383 0.90765 -0.28244 -0.42857 1 0 1.0
0 -1.38061 -1.71429 0.65549 0.20930 0.36383 0.90765 -0.27612 -0.34286 1 0 1.0
cl_maskblue
0 -1.88849 -2.14286 0.94440 0.20930 0.36383 0.90765 -0.37770 -0.42857 1 0 1.0
0 -1.38061 -1.71429 0.65549 0.20930 0.36383 0.90765 -0.27612 -0.34286 1 0 1.0
0 -1.85692 -1.71429 0.76533 0.20930 0.36383 0.90765 -0.37138 -0.34286 1 0 1.0
cl_maskblue
0 -1.85692 -1.71429 0.76533 0.21499 0.29068 0.93235 -0.37138 -0.34286 1 0 1.0
0 -1.38061 -1.71429 0.65549 0.21499 0.29068 0.93235 -0.27612 -0.34286 1 0 1.0
0 -1.35605 -1.28571 0.51621 0.21499 0.29068 0.93235 -0.27121 -0.25714 1 0 1.0
cl_maskblue
0 -1.85692 -1.71429 0.76533 0.21499 0.29068 0.93235 -0.37138 -0.34286 1 0 1.0
0 -1.35605 -1.28571 0.51621 0.21499 0.29068 0.93235 -0.27121 -0.25714 1 0 1.0
0 -1.83236 -1.28571 0.62605 0.21499 0.29068 0.93235 -0.36647 -0.25714 1 0 1.0
cl_maskblue
0 -1.83236 -1.28571 0.62605 0.21959 0.21206 0.95227 -0.36647 -0.25714 1 0 1.0
0 -1.35605 -1.28571 0.51621 0.21959 0.21206 0.95227 -0.27121 -0.25714 1 0 1.0
0 -1.33851 -0.85714 0.41673 0.21959 0.21206 0.95227 -0.26770 -0.17143 1 0 1.0
cl_maskblue
0 -1.83236 -1.28571 0.62605 0.21959 0.21206 0.95227 -0.36647 -0.25714 1 0 1.0
0 -1.33851 -0.85714 0.41673 0.21959 0.21206 0.95227 -0.26770 -0.17143 1 0 1.0
0 -1.81482 -0.85714 0.52656 0.21959 0.21206 0.95227 -0.36296 -0.17143 1 0 1.0
cl_maskblue
0 -1.81482 -0.85714 0.52656 0.22282 0.12911 0.96627 -0.36296 -0.17143 1 0 1.0
0 -1.33851 -0.85714 0.41673 0.22282 0.12911 0.96627 -0.26770 -0.17143 1 0 1.0
0 -1.32798 -0.42857 0.35704 0.22282 0.12911 0.96627 -0.26560 -0.08571 1 0 1.0
cl_maskblue
0 -1.81482 -0.85714 0.52656 0.22282 0.12911 0.96627 -0.36296 -0.17143 1 0 1.0
0 -1.32798 -0.42857 0.35704 0.22282 0.12911 0.96627 -0.26560 -0.08571 1 0 1.0
0 -1.80429 -0.42857 0.46687 0.22282 0.12911 0.96627 -0.36086 -0.08571 1 0 1.0
cl_maskblue
0 -1.80429 -0.42857 0.46687 0.22449 0.04336 0.97351 -0.36086 -0.08571 1 0 1.0
0 -1.32798 -0.42857 0.35704 0.22449 0.04336 0.97351 -0.26560 -0.08571 1 0 1.0
0 -1.32448 0.00000 0.33714 0.22449 0.04336 0.97351 -0.26490 0.00000 1 0 1.0
cl_maskblue
0 -1.80429 -0.42857 0.46687 0.22449 0.04336 0.97351 -0.36086 -0.08571 1 0 1.0
0 -1.32448 0.00000 0.33714 0.22449 0.04336 0.97351 -0.26490 0.00000 1 0 1.0
0 -1.80078 0.00000 0.44697 0.22449 0.04336 0.97351 -0.36016 0.00000 1 0 1.0
cl_maskblue
0 -1.80078 0.00000 0.44697 0.22449 -0.04336 0.97351 -0.36016 0.00000 1 0 1.0
0 -1.32448 0.00000 0.33714 0.22449 -0.04336 0.97351 -0.26490 0.00000 1 0 1.0
0 -1.32798 0.42857 0.35704 0.22449 -0.04336 0.97351 -0.26560 0.08571 1 0 1.0
cl_maskblue
0 -1.80078 0.00000 0.44697 0.22449 -0.04336 0.97351 -0.36016 0.00000 1 0 1.0
0 -1.32798 0.42857 0.35704 0.22449 -0.04336 0.97351 -0.26560 0.08571 1 0 1.0
0 -1.80429 0.42857 0.46687 0.22449 -0.04336 0.97351 -0.36086 0.08571 1 0 1.0
cl_maskblue
0 -1.80429 0.42857 0.46687 0.22282 -0.12911 0.96627 -0.36086 0.08571 1 0 1.0
0 -1.32798 0.42857 0.35704 0.22282 -0.12911 0.96627 -0.26560 0.08571 1 0 1.0
0 -1.33851 0.85714 0.41673 0.22282 -0.12911 0.96627 -0.26770 0.17143 1 0 1.0
cl_maskblue
0 -1.80429 0.42857 0.46687 0.22282 -0.12911 0.96627 -0.36086 0.08571 1 0 1.0
0 -1.33851 0.85714 0.41673 0.22282 -0.12911 0.96627 -0.26770 0.17143 1 0 1.0
0 -1.81482 0.85714 0.52656 0.22282 -0.12911 0.96627 -0.36296 0.17143 1 0 1.0
cl_maskblue
0 -1.81482 0.85714 0.52656 0.21959 -0.21206 0.95227 -0.36296 0.17143 1 0 1.0
0 -1.33851 0.85714 0.41673 0.21959 -0.21206 0.95227 -0.26770 0.17143 1 0 1.0
0 -1.35605 1.28571 0.51621 0.21959 -0.21206 0.95227 -0.27121 0.25714 1 0 1.0
cl_maskblue
0 -1.81482 0.85714 0.52656 0.21959 -0.21206 0.95227 -0.36296 0.17143 1 0 1.0
0 -1.35605 1.28571 0.51621 0.21959 -0.21206 0.95227 -0.27121 0.25714 1 0 1.0
0 -1.83236 1.28571 0.62605 0.21959 -0.21206 0.95227 -0.36647 0.25714 1 0 1.0
cl_maskblue
0 -1.83236 1.28571 0.62605 0.21499 -0.29068 0.93235 -0.36647 0.25714 1 0 1.0
0 -1.35605 1.28571 0.51621 0.21499 -0.29068 0.93235 -0.27121 0.25714 1 0 1.0
0 -1.38061 1.71429 0.65549 0.21499 -0.29068 0.93235 -0.27612 0.34286 1 0 1.0
cl_maskblue
0 -1.83236 1.28571 0.62605 0.21499 -0.29068 0.93235 -0.36647 0.25714 1 0 1.0
0 -1.38061 1.71429 0.65549 0.21499 -0.29068 0.93235 -0.27612 0.34286 1 0 1.0
0 -1.85692 1.71429 0.76533 0.21499 -0.29068 0.93235 -0.37138 0.34286 1 0 1.0
cl_maskblue
0 -1.85692 1.71429 0.76533 0.20930 -0.36383 0.90765 -0.37138 0.34286 1 0 1.0
0 -1.38061 1.71429 0.65549 0.20930 -0.36383 0.90765 -0.27612 0.34286 1 0 1.0
0 -1.41219 2.14286 0.83457 0.20930 -0.36383 0.90765 -0.28244 0.42857 1 0 1.0
cl_maskblue
0 -1.85692 1.71429 0.76533 0.20930 -0.36383 0.90765 -0.37138 0.34286 1 0 1.0
0 -1.41219 2.14286 0.83457 0.20930 -0.36383 0.90765 -0.28244 0.42857 1 0 1.0
0 -1.88849 2.14286 0.94440 0.20930 -0.36383 0.90765 -0.37770 0.42857 1 0 1.0
cl_maskblue
0 -1.88849 2.14286 0.94440 0.20277 -0.43082 0.87936 -0.37770 0.42857 1 0 1.0
0 -1.41219 2.14286 0.83457 0.20277 -0.43082 0.87936 -0.28244 0.42857 1 0 1.0
0 -1.45078 2.57143 1.05344 0.20277 -0.43082 0.87936 -0.29016 0.51429 1 0 1.0
cl_maskblue
0 -1.88849 2.14286 0.94440 0.20277 -0.43082 0.87936 -0.37770 0.42857 1 0 1.0
0 -1.45078 2.57143 1.05344 0.20277 -0.43082 0.87936 -0.29016 0.51429 1 0 1.0
0 -1.92709 2.57143 1.16327 0.20277 -0.43082 0.87936 -0.38542 0.51429 1 0 1.0
cl_maskblue
0 -1.92709 2.57143 1.16327 0.19570 -0.49139 0.84867 -0.38542 0.51429 1 0 1.0
0 -1.45078 2.57143 1.05344 0.19570 -0.49139 0.84867 -0.29016 0.51429 1 0 1.0
0 -1.49639 3.00000 1.31210 0.19570 -0.49139 0.84867 -0.29928 0.60000 1 0 1.0
cl_maskblue
0 -1.92709 2.57143 1.16327 0.19570 -0.49139 0.84867 -0.38542 0.51429 1 0 1.0
0 -1.49639 3.00000 1.31210 0.19570 -0.49139 0.84867 -0.29928 0.60000 1 0 1.0
0 -1.97270 3.00000 1.42193 0.19570 -0.49139 0.84867 -0.39454 0.60000 1 0 1.0
cl_maskblue
0 -1.49639 -3.00000 1.31210 -0.27514 0.51808 0.80987 -0.29928 -0.60000 1 0 1.0
0 -1.06527 -3.00000 1.45856 -0.27514 0.51808 0.80987 -0.21305 -0.60000 1 0 1.0
0 -1.01966 -2.57143 1.19990 -0.27514 0.51808 0.80987 -0.20393 -0.51429 1 0 1.0
cl_maskblue
0 -1.49639 -3.00000 1.31210 -0.27514 0.51808 0.80987 -0.29928 -0.60000 1 0 1.0
0 -1.01966 -2.57143 1.19990 -0.27514 0.51808 0.80987 -0.20393 -0.51429 1 0 1.0
0 -1.45078 -2.57143 1.05344 -0.27514 0.51808 0.80987 -0.29016 -0.51429 1 0 1.0
cl_maskblue
0 -1.45078 -2.57143 1.05344 -0.28627 0.45610 0.84263 -0.29016 -0.51429 1 0 1.0
0 -1.01966 -2.57143 1.19990 -0.28627 0.45610 0.84263 -0.20393 -0.51429 1 0 1.0
0 -0.98107 -2.14286 0.98103 -0.28627 0.45610 0.84263 -0.19621 -0.42857 1 0 1.0
cl_maskblue
0 -1.45078 -2.57143 1.05344 -0.28627 0.45610 0.84263 -0.29016 -0.51429 1 0 1.0
0 -0.98107 -2.14286 0.98103 -0.28627 0.45610 0.84263 -0.19621 -0.42857 1 0 1.0
0 -1.41219 -2.14286 0.83457 -0.28627 0.45610 0.84263 -0.28244 -0.42857 1 0 1.0
cl_maskblue
0 -1.41219 -2.14286 0.83457 -0.29665 0.38671 0.87319 -0.28244 -0.42857 1 0 1.0
0 -0.98107 -2.14286 0.98103 -0.29665 0.38671 0.87319 -0.19621 -0.42857 1 0 1.0
0 -0.94949 -1.71429 0.80196 -0.29665 0.38671 0.87319 -0.18990 -0.34286 1 0 1.0
cl_maskblue
0 -1.41219 -2.14286 0.83457 -0.29665 0.38671 0.87319 -0.28244 -0.42857 1 0 1.0
0 -0.94949 -1.71429 0.80196 -0.29665 0.38671 0.87319 -0.18990 -0.34286 1 0 1.0
0 -1.38061 -1.71429 0.65549 -0.29665 0.38671 0.87319 -0.27612 -0.34286 1 0 1.0
cl_maskblue
0 -1.38061 -1.71429 0.65549 -0.30582 0.31007 0.90018 -0.27612 -0.34286 1 0 1.0
0 -0.94949 -1.71429 0.80196 -0.30582 0.31007 0.90018 -0.18990 -0.34286 1 0 1.0
0 -0.92494 -1.28571 0.66268 -0.30582 0.31007 0.90018 -0.18499 -0.25714 1 0 1.0
cl_maskblue
0 -1.38061 -1.71429 0.65549 -0.30582 0.31007 0.90018 -0.27612 -0.34286 1 0 1.0
0 -0.92494 -1.28571 0.66268 -0.30582 0.31007 0.90018 -0.18499 -0.25714 1 0 1.0
0 -1.35605 -1.28571 0.51621 -0.30582 0.31007 0.90018 -0.27121 -0.25714 1 0 1.0
cl_maskblue
0 -1.35605 -1.28571 0.51621 -0.31328 0.22689 0.92216 -0.27121 -0.25714 1 0 1.0
0 -0.92494 -1.28571 0.66268 -0.31328 0.22689 0.92216 -0.18499 -0.25714 1 0 1.0
0 -0.90739 -0.85714 0.56319 -0.31328 0.22689 0.92216 -0.18148 -0.17143 1 0 1.0
cl_maskblue
0 -1.35605 -1.28571 0.51621 -0.31328 0.22689 0.92216 -0.27121 -0.25714 1 0 1.0
0 -0.90739 -0.85714 0.56319 -0.31328 0.22689 0.92216 -0.18148 -0.17143 1 0 1.0
0 -1.33851 -0.85714 0.41673 -0.31328 0.22689 0.92216 -0.26770 -0.17143 1 0 1.0
cl_maskblue
0 -1.33851 -0.85714 0.41673 -0.31858 0.13843 0.93773 -0.26770 -0.17143 1 0 1.0
0 -0.90739 -0.85714 0.56319 -0.31858 0.13843 0.93773 -0.18148 -0.17143 1 0 1.0
0 -0.89687 -0.42857 0.50350 -0.31858 0.13843 0.93773 -0.17937 -0.08571 1 0 1.0
cl_maskblue
0 -1.33851 -0.85714 0.41673 -0.31858 0.13843 0.93773 -0.26770 -0.17143 1 0 1.0
0 -0.89687 -0.42857 0.50350 -0.31858 0.13843 0.93773 -0.17937 -0.08571 1 0 1.0
0 -1.32798 -0.42857 0.35704 -0.31858 0.13843 0.93773 -0.26560 -0.08571 1 0 1.0
cl_maskblue
0 -1.32798 -0.42857 0.35704 -0.32132 0.04654 0.94582 -0.26560 -0.08571 1 0 1.0
0 -0.89687 -0.42857 0.50350 -0.32132 0.04654 0.94582 -0.17937 -0.08571 1 0 1.0
0 -0.89336 0.00000 0.48360 -0.32132 0.04654 0.94582 -0.17867 0.00000 1 0 1.0
cl_maskblue
0 -1.32798 -0.42857 0.35704 -0.32132 0.04654 0.94582 -0.26560 -0.08571 1 0 1.0
0 -0.89336 0.00000 0.48360 -0.32132 0.04654 0.94582 -0.17867 0.00000 1 0 1.0
0 -1.32448 0.00000 0.33714 -0.32132 0.04654 0.94582 -0.26490 0.00000 1 0 1.0
cl_maskblue
0 -1.32448 0.00000 0.33714 -0.32132 -0.04654 0.94582 -0.26490 0.00000 1 0 1.0
0 -0.89336 0.00000 0.48360 -0.32132 -0.04654 0.94582 -0.17867 0.00000 1 0 1.0
0 -0.89687 0.42857 0.50350 -0.32132 -0.04654 0.94582 -0.17937 0.08571 1 0 1.0
cl_maskblue
0 -1.32448 0.00000 0.33714 -0.32132 -0.04654 0.94582 -0.26490 0.00000 1 0 1.0
0 -0.89687 0.42857 0.50350 -0.32132 -0.04654 0.94582 -0.17937 0.08571 1 0 1.0
0 -1.32798 0.42857 0.35704 -0.32132 -0.04654 0.94582 -0.26560 0.08571 1 0 1.0
cl_maskblue
0 -1.32798 0.42857 0.35704 -0.31858 -0.13843 0.93773 -0.26560 0.08571 1 0 1.0
0 -0.89687 0.42857 0.50350 -0.31858 -0.13843 0.93773 -0.17937 0.08571 1 0 1.0
0 -0.90739 0.85714 0.56319 -0.31858 -0.13843 0.93773 -0.18148 0.17143 1 0 1.0
cl_maskblue
0 -1.32798 0.42857 0.35704 -0.31858 -0.13843 0.93773 -0.26560 0.08571 1 0 1.0
0 -0.90739 0.85714 0.56319 -0.31858 -0.13843 0.93773 -0.18148 0.17143 1 0 1.0
0 -1.33851 0.85714 0.41673 -0.31858 -0.13843 0.93773 -0.26770 0.17143 1 0 1.0
cl_maskblue
0 -1.33851 0.85714 0.41673 -0.31328 -0.22689 0.92216 -0.26770 0.17143 1 0 1.0
0 -0.90739 0.85714 0.56319 -0.31328 -0.22689 0.92216 -0.18148 0.17143 1 0 1.0
0 -0.92494 1.28571 0.66268 -0.31328 -0.22689 0.92216 -0.18499 0.25714 1 0 1.0
cl_maskblue
0 -1.33851 0.85714 0.41673 -0.31328 -0.22689 0.92216 -0.26770 0.17143 1 0 1.0
0 -0.92494 1.28571 0.66268 -0.31328 -0.22689 0.92216 -0.18499 0.25714 1 0 1.0
0 -1.35605 1.28571 0.51621 -0.31328 -0.22689 0.92216 -0.27121 0.25714 1 0 1.0
cl_maskblue
0 -1.35605 1.28571 0.51621 -0.30582 -0.31007 0.90018 -0.27121 0.25714 1 0 1.0
0 -0.92494 1.28571 0.66268 -0.30582 -0.31007 0.90018 -0.18499 0.25714 1 0 1.0
0 -0.94949 1.71429 0.80196 -0.30582 -0.31007 0.90018 -0.18990 0.34286 1 0 1.0
cl_maskblue
0 -1.35605 1.28571 0.51621 -0.30582 -0.31007 0.90018 -0.27121 0.25714 1 0 1.0
0 -0.94949 1.71429 0.80196 -0.30582 -0.31007 0.90018 -0.18990 0.34286 1 0 1.0
0 -1.38061 1.71429 0.65549 -0.30582 -0.31007 0.90018 -0.27612 0.34286 1 0 1.0
cl_maskblue
0 -1.38061 1.71429 0.65549 -0.29665 -0.38671 0.87319 -0.27612 0.34286 1 0 1.0
0 -0.94949 1.71429 0.80196 -0.29665 -0.38671 0.87319 -0.18990 0.34286 1 0 1.0
0 -0.98107 2.14286 0.98103 -0.29665 -0.38671 0.87319 -0.19621 0.42857 1 0 1.0
cl_maskblue
0 -1.38061 1.71429 0.65549 -0.29665 -0.38671 0.87319 -0.27612 0.34286 1 0 1.0
0 -0.98107 2.14286 0.98103 -0.29665 -0.38671 0.87319 -0.19621 0.42857 1 0 1.0
0 -1.41219 2.14286 0.83457 -0.29665 -0.38671 0.87319 -0.28244 0.42857 1 0 1.0
cl_maskblue
0 -1.41219 2.14286 0.83457 -0.28627 -0.45610 0.84263 -0.28244 0.42857 1 0 1.0
0 -0.98107 2.14286 0.98103 -0.28627 -0.45610 0.84263 -0.19621 0.42857 1 0 1.0
0 -1.01966 2.57143 1.19990 -0.28627 -0.45610 0.84263 -0.20393 0.51429 1 0 1.0
cl_maskblue
0 -1.41219 2.14286 0.83457 -0.28627 -0.45610 0.84263 -0.28244 0.42857 1 0 1.0
0 -1.01966 2.57143 1.19990 -0.28627 -0.45610 0.84263 -0.20393 0.51429 1 0 1.0
0 -1.45078 2.57143 1.05344 -0.28627 -0.45610 0.84263 -0.29016 0.51429 1 0 1.0
cl_maskblue
0 -1.45078 2.57143 1.05344 -0.27514 -0.51808 0.80987 -0.29016 0.51429 1 0 1.0
0 -1.01966 2.57143 1.19990 -0.27514 -0.51808 0.80987 -0.20393 0.51429 1 0 1.0
0 -1.06527 3.00000 1.45856 -0.27514 -0.51808 0.80987 -0.21305 0.60000 1 0 1.0
cl_maskblue
0 -1.45078 2.57143 1.05344 -0.27514 -0.51808 0.80987 -0.29016 0.51429 1 0 1.0
0 -1.06527 3.00000 1.45856 -0.27514 -0.51808 0.80987 -0.21305 0.60000 1 0 1.0
0 -1.49639 3.00000 1.31210 -0.27514 -0.51808 0.80987 -0.29928 0.60000 1 0 1.0
cl_maskblue
0 -1.06527 -3.00000 1.45856 -0.09123 0.52167 0.84826 -0.21305 -0.60000 1 0 1.0
0 -0.61683 -3.00000 1.50679 -0.09123 0.52167 0.84826 -0.12337 -0.60000 1 0 1.0
0 -0.57122 -2.57143 1.24813 -0.09123 0.52167 0.84826 -0.11424 -0.51429 1 0 1.0
cl_maskblue
0 -1.06527 -3.00000 1.45856 -0.09123 0.52167 0.84826 -0.21305 -0.60000 1 0 1.0
0 -0.57122 -2.57143 1.24813 -0.09123 0.52167 0.84826 -0.11424 -0.51429 1 0 1.0
0 -1.01966 -2.57143 1.19990 -0.09123 0.52167 0.84826 -0.20393 -0.51429 1 0 1.0
cl_maskblue
0 -1.01966 -2.57143 1.19990 -0.09497 0.45953 0.88307 -0.20393 -0.51429 1 0 1.0
0 -0.57122 -2.57143 1.24813 -0.09497 0.45953 0.88307 -0.11424 -0.51429 1 0 1.0
0 -0.53263 -2.14286 1.02926 -0.09497 0.45953 0.88307 -0.10653 -0.42857 1 0 1.0
cl_maskblue
0 -1.01966 -2.57143 1.19990 -0.09497 0.45953 0.88307 -0.20393 -0.51429 1 0 1.0
0 -0.53263 -2.14286 1.02926 -0.09497 0.45953 0.88307 -0.10653 -0.42857 1 0 1.0
0 -0.98107 -2.14286 0.98103 -0.09497 0.45953 0.88307 -0.19621 -0.42857 1 0 1.0
cl_maskblue
0 -0.98107 -2.14286 0.98103 -0.09847 0.38983 0.91561 -0.19621 -0.42857 1 0 1.0
0 -0.53263 -2.14286 1.02926 -0.09847 0.38983 0.91561 -0.10653 -0.42857 1 0 1.0
0 -0.50106 -1.71429 0.85018 -0.09847 0.38983 0.91561 -0.10021 -0.34286 1 0 1.0
cl_maskblue
0 -0.98107 -2.14286 0.98103 -0.09847 0.38983 0.91561 -0.19621 -0.42857 1 0 1.0
0 -0.50106 -1.71429 0.85018 -0.09847 0.38983 0.91561 -0.10021 -0.34286 1 0 1.0
0 -0.94949 -1.71429 0.80196 -0.09847 0.38983 0.91561 -0.18990 -0.34286 1 0 1.0
cl_maskblue
0 -0.94949 -1.71429 0.80196 -0.10157 0.31274 0.94439 -0.18990 -0.34286 1 0 1.0
0 -0.50106 -1.71429 0.85018 -0.10157 0.31274 0.94439 -0.10021 -0.34286 1 0 1.0
0 -0.47650 -1.28571 0.71090 -0.10157 0.31274 0.94439 -0.09530 -0.25714 1 0 1.0
cl_maskblue
0 -0.94949 -1.71429 0.80196 -0.10157 0.31274 0.94439 -0.18990 -0.34286 1 0 1.0
0 -0.47650 -1.28571 0.71090 -0.10157 0.31274 0.94439 -0.09530 -0.25714 1 0 1.0
0 -0.92494 -1.28571 0.66268 -0.10157 0.31274 0.94439 -0.18499 -0.25714 1 0 1.0
cl_maskblue
0 -0.92494 -1.28571 0.66268 -0.10409 0.22893 0.96786 -0.18499 -0.25714 1 0 1.0
0 -0.47650 -1.28571 0.71090 -0.10409 0.22893 0.96786 -0.09530 -0.25714 1 0 1.0
0 -0.45896 -0.85714 0.61142 -0.10409 0.22893 0.96786 -0.09179 -0.17143 1 0 1.0
cl_maskblue
0 -0.92494 -1.28571 0.66268 -0.10409 0.22893 0.96786 -0.18499 -0.25714 1 0 1.0
0 -0.45896 -0.85714 0.61142 -0.10409 0.22893 0.96786 -0.09179 -0.17143 1 0 1.0
0 -0.90739 -0.85714 0.56319 -0.10409 0.22893 0.96786 -0.18148 -0.17143 1 0 1.0
cl_maskblue
0 -0.90739 -0.85714 0.56319 -0.10588 0.13972 0.98451 -0.18148 -0.17143 1 0 1.0
0 -0.45896 -0.85714 0.61142 -0.10588 0.13972 0.98451 -0.09179 -0.17143 1 0 1.0
0 -0.44843 -0.42857 0.55173 -0.10588 0.13972 0.98451 -0.08969 -0.08571 1 0 1.0
cl_maskblue
0 -0.90739 -0.85714 0.56319 -0.10588 0.13972 0.98451 -0.18148 -0.17143 1 0 1.0
0 -0.44843 -0.42857 0.55173 -0.10588 0.13972 0.98451 -0.08969 -0.08571 1 0 1.0
0 -0.89687 -0.42857 0.50350 -0.10588 0.13972 0.98451 -0.17937 -0.08571 1 0 1.0
cl_maskblue
0 -0.89687 -0.42857 0.50350 -0.10681 0.04698 0.99317 -0.17937 -0.08571 1 0 1.0
0 -0.44843 -0.42857 0.55173 -0.10681 0.04698 0.99317 -0.08969 -0.08571 1 0 1.0
0 -0.44492 0.00000 0.53183 -0.10681 0.04698 0.99317 -0.08898 0.00000 1 0 1.0
cl_maskblue
0 -0.89687 -0.42857 0.50350 -0.10681 0.04698 0.99317 -0.17937 -0.08571 1 0 1.0
0 -0.44492 0.00000 0.53183 -0.10681 0.04698 0.99317 -0.08898 0.00000 1 0 1.0
0 -0.89336 0.00000 0.48360 -0.10681 0.04698 0.99317 -0.17867 0.00000 1 0 1.0
cl_maskblue
0 -0.89336 0.00000 0.48360 -0.10681 -0.04698 0.99317 -0.17867 0.00000 1 0 1.0
0 -0.44492 0.00000 0.53183 -0.10681 -0.04698 0.99317 -0.08898 0.00000 1 0 1.0
0 -0.44843 0.42857 0.55173 -0.10681 -0.04698 0.99317 -0.08969 0.08571 1 0 1.0
cl_maskblue
0 -0.89336 0.00000 0.48360 -0.10681 -0.04698 0.99317 -0.17867 0.00000 1 0 1.0
0 -0.44843 0.42857 0.55173 -0.10681 -0.04698 0.99317 -0.08969 0.08571 1 0 1.0
0 -0.89687 0.42857 0.50350 -0.10681 -0.04698 0.99317 -0.17937 0.08571 1 0 1.0
cl_maskblue
0 -0.89687 0.42857 0.50350 -0.10588 -0.13972 0.98451 -0.17937 0.08571 1 0 1.0
0 -0.44843 0.42857 0.55173 -0.10588 -0.13972 0.98451 -0.08969 0.08571 1 0 1.0
0 -0.45896 0.85714 0.61142 -0.10588 -0.13972 0.98451 -0.09179 0.17143 1 0 1.0
cl_maskblue
0 -0.89687 0.42857 0.50350 -0.10588 -0.13972 0.98451 -0.17937 0.08571 1 0 1.0
0 -0.45896 0.85714 0.61142 -0.10588 -0.13972 0.98451 -0.09179 0.17143 1 0 1.0
0 -0.90739 0.85714 0.56319 -0.10588 -0.13972 0.98451 -0.18148 0.17143 1 0 1.0
cl_maskblue
0 -0.90739 0.85714 0.56319 -0.10409 -0.22893 0.96786 -0.18148 0.17143 1 0 1.0
0 -0.45896 0.85714 0.61142 -0.10409 -0.22893 0.96786 -0.09179 0.17143 1 0 1.0
0 -0.47650 1.28571 0.71090 -0.10409 -0.22893 0.96786 -0.09530 0.25714 1 0 1.0
cl_maskblue
0 -0.90739 0.85714 0.56319 -0.10409 -0.22893 0.96786 -0.18148 0.17143 1 0 1.0
0 -0.47650 1.28571 0.71090 -0.10409 -0.22893 0.96786 -0.09530 0.25714 1 0 1.0
0 -0.92494 1.28571 0.66268 -0.10409 -0.22893 0.96786 -0.18499 0.25714 1 0 1.0
cl_maskblue
0 -0.92494 1.28571 0.66268 -0.10157 -0.31274 0.94439 -0.18499 0.25714 1 0 1.0
0 -0.47650 1.28571 0.71090 -0.10157 -0.31274 0.94439 -0.09530 0.25714 1 0 1.0
0 -0.50106 1.71429 0.85018 -0.10157 -0.31274 0.94439 -0.10021 0.34286 1 0 1.0
cl_maskblue
0 -0.92494 1.28571 0.66268 -0.10157 -0.31274 0.94439 -0.18499 0.25714 1 0 1.0
0 -0.50106 1.71429 0.85018 -0.10157 -0.31274 0.94439 -0.10021 0.34286 1 0 1.0
0 -0.94949 1.71429 0.80196 -0.10157 -0.31274 0.94439 -0.18990 0.34286 1 0 1.0
cl_maskblue
0 -0.94949 1.71429 0.80196 -0.09847 -0.38983 0.91561 -0.18990 0.34286 1 0 1.0
0 -0.50106 1.71429 0.85018 -0.09847 -0.38983 0.91561 -0.10021 0.34286 1 0 1.0
0 -0.53263 2.14286 1.02926 -0.09847 -0.38983 0.91561 -0.10653 0.42857 1 0 1.0
cl_maskblue
0 -0.94949 1.71429 0.80196 -0.09847 -0.38983 0.91561 -0.18990 0.34286 1 0 1.0
0 -0.53263 2.14286 1.02926 -0.09847 -0.38983 0.91561 -0.10653 0.42857 1 0 1.0
0 -0.98107 2.14286 0.98103 -0.09847 -0.38983 0.91561 -0.19621 0.42857 1 0 1.0
cl_maskblue
0 -0.98107 2.14286 0.98103 -0.09497 -0.45953 0.88307 -0.19621 0.42857 1 0 1.0
0 -0.53263 2.14286 1.02926 -0.09497 -0.45953 0.88307 -0.10653 0.42857 1 0 1.0
0 -0.57122 2.57143 1.24813 -0.09497 -0.45953 0.88307 -0.11424 0.51429 1 0 1.0
cl_maskblue
0 -0.98107 2.14286 0.98103 -0.09497 -0.45953 0.88307 -0.19621 0.42857 1 0 1.0
0 -0.57122 2.57143 1.24813 -0.09497 -0.45953 0.88307 -0.11424 0.51429 1 0 1.0
0 -1.01966 2.57143 1.19990 -0.09497 -0.45953 0.88307 -0.20393 0.51429 1 0 1.0
cl_maskblue
0 -1.01966 2.57143 1.19990 -0.09123 -0.52167 0.84826 -0.20393 0.51429 1 0 1.0
0 -0.57122 2.57143 1.24813 -0.09123 -0.52167 0.84826 -0.11424 0.51429 1 0 1.0
0 -0.61683 3.00000 1.50679 -0.09123 -0.52167 0.84826 -0.12337 0.60000 1 0 1.0
cl_maskblue
0 -1.01966 2.57143 1.19990 -0.09123 -0.52167 0.84826 -0.20393 0.51429 1 0 1.0
0 -0.61683 3.00000 1.50679 -0.09123 -0.52167 0.84826 -0.12337 0.60000 1 0 1.0
0 -1.06527 3.00000 1.45856 -0.09123 -0.52167 0.84826 -0.21305 0.60000 1 0 1.0
cl_maskblue
0 -0.61683 -3.00000 1.50679 0.09199 0.50734 0.85682 -0.12337 -0.60000 1 0 1.0
0 -0.15107 -3.00000 1.45678 0.09199 0.50734 0.85682 -0.03021 -0.60000 1 0 1.0
0 -0.10546 -2.57143 1.19812 0.09199 0.50734 0.85682 -0.02109 -0.51429 1 0 1.0
cl_maskblue
0 -0.61683 -3.00000 1.50679 0.09199 0.50734 0.85682 -0.12337 -0.60000 1 0 1.0
0 -0.10546 -2.57143 1.19812 0.09199 0.50734 0.85682 -0.02109 -0.51429 1 0 1.0
0 -0.57122 -2.57143 1.24813 0.09199 0.50734 0.85682 -0.11424 -0.51429 1 0 1.0
cl_maskblue
0 -0.57122 -2.57143 1.24813 0.09555 0.44590 0.88997 -0.11424 -0.51429 1 0 1.0
0 -0.10546 -2.57143 1.19812 0.09555 0.44590 0.88997 -0.02109 -0.51429 1 0 1.0
0 -0.06687 -2.14286 0.97925 0.09555 0.44590 0.88997 -0.01337 -0.42857 1 0 1.0
cl_maskblue
0 -0.57122 -2.57143 1.24813 0.09555 0.44590 0.88997 -0.11424 -0.51429 1 0 1.0
0 -0.06687 -2.14286 0.97925 0.09555 0.44590 0.88997 -0.01337 -0.42857 1 0 1.0
0 -0.53263 -2.14286 1.02926 0.09555 0.44590 0.88997 -0.10653 -0.42857 1 0 1.0
cl_maskblue
0 -0.53263 -2.14286 1.02926 0.09886 0.37744 0.92074 -0.10653 -0.42857 1 0 1.0
0 -0.06687 -2.14286 0.97925 0.09886 0.37744 0.92074 -0.01337 -0.42857 1 0 1.0
0 -0.03530 -1.71429 0.80018 0.09886 0.37744 0.92074 -0.00706 -0.34286 1 0 1.0
cl_maskblue
0 -0.53263 -2.14286 1.02926 0.09886 0.37744 0.92074 -0.10653 -0.42857 1 0 1.0
0 -0.03530 -1.71429 0.80018 0.09886 0.37744 0.92074 -0.00706 -0.34286 1 0 1.0
0 -0.50106 -1.71429 0.85018 0.09886 0.37744 0.92074 -0.10021 -0.34286 1 0 1.0
cl_maskblue
0 -0.50106 -1.71429 0.85018 0.10176 0.30219 0.94780 -0.10021 -0.34286 1 0 1.0
0 -0.03530 -1.71429 0.80018 0.10176 0.30219 0.94780 -0.00706 -0.34286 1 0 1.0
0 -0.01074 -1.28571 0.66090 0.10176 0.30219 0.94780 -0.00215 -0.25714 1 0 1.0
cl_maskblue
0 -0.50106 -1.71429 0.85018 0.10176 0.30219 0.94780 -0.10021 -0.34286 1 0 1.0
0 -0.01074 -1.28571 0.66090 0.10176 0.30219 0.94780 -0.00215 -0.25714 1 0 1.0
0 -0.47650 -1.28571 0.71090 0.10176 0.30219 0.94780 -0.09530 -0.25714 1 0 1.0
cl_maskblue
0 -0.47650 -1.28571 0.71090 0.10412 0.22085 0.96974 -0.09530 -0.25714 1 0 1.0
0 -0.01074 -1.28571 0.66090 0.10412 0.22085 0.96974 -0.00215 -0.25714 1 0 1.0
0 0.00680 -0.85714 0.56141 0.10412 0.22085 0.96974 0.00136 -0.17143 1 0 1.0
cl_maskblue
0 -0.47650 -1.28571 0.71090 0.10412 0.22085 0.96974 -0.09530 -0.25714 1 0 1.0
0 0.00680 -0.85714 0.56141 0.10412 0.22085 0.96974 0.00136 -0.17143 1 0 1.0
0 -0.45896 -0.85714 0.61142 0.10412 0.22085 0.96974 -0.09179 -0.17143 1 0 1.0
cl_maskblue
0 -0.45896 -0.85714 0.61142 0.10578 0.13463 0.98523 -0.09179 -0.17143 1 0 1.0
0 0.00680 -0.85714 0.56141 0.10578 0.13463 0.98523 0.00136 -0.17143 1 0 1.0
0 0.01733 -0.42857 0.50172 0.10578 0.13463 0.98523 0.00347 -0.08571 1 0 1.0
cl_maskblue
0 -0.45896 -0.85714 0.61142 0.10578 0.13463 0.98523 -0.09179 -0.17143 1 0 1.0
0 0.01733 -0.42857 0.50172 0.10578 0.13463 0.98523 0.00347 -0.08571 1 0 1.0
0 -0.44843 -0.42857 0.55173 0.10578 0.13463 0.98523 -0.08969 -0.08571 1 0 1.0
cl_maskblue
0 -0.44843 -0.42857 0.55173 0.10664 0.04524 0.99327 -0.08969 -0.08571 1 0 1.0
0 0.01733 -0.42857 0.50172 0.10664 0.04524 0.99327 0.00347 -0.08571 1 0 1.0
0 0.02084 0.00000 0.48182 0.10664 0.04524 0.99327 0.00417 0.00000 1 0 1.0
cl_maskblue
0 -0.44843 -0.42857 0.55173 0.10664 0.04524 0.99327 -0.08969 -0.08571 1 0 1.0
0 0.02084 0.00000 0.48182 0.10664 0.04524 0.99327 0.00417 0.00000 1 0 1.0
0 -0.44492 0.00000 0.53183 0.10664 0.04524 0.99327 -0.08898 0.00000 1 0 1.0
cl_maskblue
0 -0.44492 0.00000 0.53183 0.10664 -0.04524 0.99327 -0.08898 0.00000 1 0 1.0
0 0.02084 0.00000 0.48182 0.10664 -0.04524 0.99327 0.00417 0.00000 1 0 1.0
0 0.01733 0.42857 0.50172 0.10664 -0.04524 0.99327 0.00347 0.08571 1 0 1.0
cl_maskblue
0 -0.44492 0.00000 0.53183 0.10664 -0.04524 0.99327 -0.08898 0.00000 1 0 1.0
0 0.01733 0.42857 0.50172 0.10664 -0.04524 0.99327 0.00347 0.08571 1 0 1.0
0 -0.44843 0.42857 0.55173 0.10664 -0.04524 0.99327 -0.08969 0.08571 1 0 1.0
cl_maskblue
0 -0.44843 0.42857 0.55173 0.10578 -0.13463 0.98523 -0.08969 0.08571 1 0 1.0
0 0.01733 0.42857 0.50172 0.10578 -0.13463 0.98523 0.00347 0.08571 1 0 1.0
0 0.00680 0.85714 0.56141 0.10578 -0.13463 0.98523 0.00136 0.17143 1 0 1.0
cl_maskblue
0 -0.44843 0.42857 0.55173 0.10578 -0.13463 0.98523 -0.08969 0.08571 1 0 1.0
0 0.00680 0.85714 0.56141 0.10578 -0.13463 0.98523 0.00136 0.17143 1 0 1.0
0 -0.45896 0.85714 0.61142 0.10578 -0.13463 0.98523 -0.09179 0.17143 1 0 1.0
cl_maskblue
0 -0.45896 0.85714 0.61142 0.10412 -0.22085 0.96974 -0.09179 0.17143 1 0 1.0
0 0.00680 0.85714 0.56141 0.10412 -0.22085 0.96974 0.00136 0.17143 1 0 1.0
0 -0.01074 1.28571 0.66090 0.10412 -0.22085 0.96974 -0.00215 0.25714 1 0 1.0
cl_maskblue
0 -0.45896 0.85714 0.61142 0.10412 -0.22085 0.96974 -0.09179 0.17143 1 0 1.0
0 -0.01074 1.28571 0.66090 0.10412 -0.22085 0.96974 -0.00215 0.25714 1 0 1.0
0 -0.47650 1.28571 0.71090 0.10412 -0.22085 0.96974 -0.09530 0.25714 1 0 1.0
cl_maskblue
0 -0.47650 1.28571 0.71090 0.10176 -0.30219 0.94780 -0.09530 0.25714 1 0 1.0
0 -0.01074 1.28571 0.66090 0.10176 -0.30219 0.94780 -0.00215 0.25714 1 0 1.0
0 -0.03530 1.71429 0.80018 0.10176 -0.30219 0.94780 -0.00706 0.34286 1 0 1.0
cl_maskblue
0 -0.47650 1.28571 0.71090 0.10176 -0.30219 0.94780 -0.09530 0.25714 1 0 1.0
0 -0.03530 1.71429 0.80018 0.10176 -0.30219 0.94780 -0.00706 0.34286 1 0 1.0
0 -0.50106 1.71429 0.85018 0.10176 -0.30219 0.94780 -0.10021 0.34286 1 0 1.0
cl_maskblue
0 -0.50106 1.71429 0.85018 0.09886 -0.37744 0.92074 -0.10021 0.34286 1 0 1.0
0 -0.03530 1.71429 0.80018 0.09886 -0.37744 0.92074 -0.00706 0.34286 1 0 1.0
0 -0.06687 2.14286 0.97925 0.09886 -0.37744 0.92074 -0.01337 0.42857 1 0 1.0
cl_maskblue
0 -0.50106 1.71429 0.85018 0.09886 -0.37744 0.92074 -0.10021 0.34286 1 0 1.0
0 -0.06687 2.14286 0.97925 0.09886 -0.37744 0.92074 -0.01337 0.42857 1 0 1.0
0 -0.53263 2.14286 1.02926 0.09886 -0.37744 0.92074 -0.10653 0.42857 1 0 1.0
cl_maskblue
0 -0.53263 2.14286 1.02926 0.09555 -0.44590 0.88997 -0.10653 0.42857 1 0 1.0
0 -0.06687 2.14286 0.97925 0.09555 -0.44590 0.88997 -0.01337 0.42857 1 0 1.0
0 -0.10546 2.57143 1.19812 0.09555 -0.44590 0.88997 -0.02109 0.51429 1 0 1.0
cl_maskblue
0 -0.53263 2.14286 1.02926 0.09555 -0.44590 0.88997 -0.10653 0.42857 1 0 1.0
0 -0.10546 2.57143 1.19812 0.09555 -0.44590 0.88997 -0.02109 0.51429 1 0 1.0
0 -0.57122 2.57143 1.24813 0.09555 -0.44590 0.88997 -0.11424 0.51429 1 0 1.0
cl_maskblue
0 -0.57122 2.57143 1.24813 0.09199 -0.50734 0.85682 -0.11424 0.51429 1 0 1.0
0 -0.10546 2.57143 1.19812 0.09199 -0.50734 0.85682 -0.02109 0.51429 1 0 1.0
0 -0.15107 3.00000 1.45678 0.09199 -0.50734 0.85682 -0.03021 0.60000 1 0 1.0
cl_maskblue
0 -0.57122 2.57143 1.24813 0.09199 -0.50734 0.85682 -0.11424 0.51429 1 0 1.0
0 -0.15107 3.00000 1.45678 0.09199 -0.50734 0.85682 -0.03021 0.60000 1 0 1.0
0 -0.61683 3.00000 1.50679 0.09199 -0.50734 0.85682 -0.12337 0.60000 1 0 1.0
cl_maskblue
0 -0.15107 -3.00000 1.45678 -0.37950 0.50734 0.77368 -0.03021 -0.60000 1 0 1.0
0 0.26949 -3.00000 1.66307 -0.37950 0.50734 0.77368 0.05390 -0.60000 1 0 1.0
0 0.31510 -2.57143 1.40441 -0.37950 0.50734 0.77368 0.06302 -0.51429 1 0 1.0
cl_maskblue
0 -0.15107 -3.00000 1.45678 -0.37950 0.50734 0.77368 -0.03021 -0.60000 1 0 1.0
0 0.31510 -2.57143 1.40441 -0.37950 0.50734 0.77368 0.06302 -0.51429 1 0 1.0
0 -0.10546 -2.57143 1.19812 -0.37950 0.50734 0.77368 -0.02109 -0.51429 1 0 1.0
cl_maskblue
0 -0.10546 -2.57143 1.19812 -0.39418 0.44590 0.80362 -0.02109 -0.51429 1 0 1.0
0 0.31510 -2.57143 1.40441 -0.39418 0.44590 0.80362 0.06302 -0.51429 1 0 1.0
0 0.35370 -2.14286 1.18554 -0.39418 0.44590 0.80362 0.07074 -0.42857 1 0 1.0
cl_maskblue
0 -0.10546 -2.57143 1.19812 -0.39418 0.44590 0.80362 -0.02109 -0.51429 1 0 1.0
0 0.35370 -2.14286 1.18554 -0.39418 0.44590 0.80362 0.07074 -0.42857 1 0 1.0
0 -0.06687 -2.14286 0.97925 -0.39418 0.44590 0.80362 -0.01337 -0.42857 1 0 1.0
cl_maskblue
0 -0.06687 -2.14286 0.97925 -0.40781 0.37744 0.83140 -0.01337 -0.42857 1 0 1.0
0 0.35370 -2.14286 1.18554 -0.40781 0.37744 0.83140 0.07074 -0.42857 1 0 1.0
0 0.38527 -1.71429 1.00647 -0.40781 0.37744 0.83140 0.07705 -0.34286 1 0 1.0
cl_maskblue
0 -0.06687 -2.14286 0.97925 -0.40781 0.37744 0.83140 -0.01337 -0.42857 1 0 1.0
0 0.38527 -1.71429 1.00647 -0.40781 0.37744 0.83140 0.07705 -0.34286 1 0 1.0
0 -0.03530 -1.71429 0.80018 -0.40781 0.37744 0.83140 -0.00706 -0.34286 1 0 1.0
cl_maskblue
0 -0.03530 -1.71429 0.80018 -0.41979 0.30219 0.85584 -0.00706 -0.34286 1 0 1.0
0 0.38527 -1.71429 1.00647 -0.41979 0.30219 0.85584 0.07705 -0.34286 1 0 1.0
0 0.40983 -1.28571 0.86719 -0.41979 0.30219 0.85584 0.08197 -0.25714 1 0 1.0
cl_maskblue
0 -0.03530 -1.71429 0.80018 -0.41979 0.30219 0.85584 -0.00706 -0.34286 1 0 1.0
0 0.40983 -1.28571 0.86719 -0.41979 0.30219 0.85584 0.08197 -0.25714 1 0 1.0
0 -0.01074 -1.28571 0.66090 -0.41979 0.30219 0.85584 -0.00215 -0.25714 1 0 1.0
cl_maskblue
0 -0.01074 -1.28571 0.66090 -0.42951 0.22085 0.87564 -0.00215 -0.25714 1 0 1.0
0 0.40983 -1.28571 0.86719 -0.42951 0.22085 0.87564 0.08197 -0.25714 1 0 1.0
0 0.42737 -0.85714 0.76770 -0.42951 0.22085 0.87564 0.08547 -0.17143 1 0 1.0
cl_maskblue
0 -0.01074 -1.28571 0.66090 -0.42951 0.22085 0.87564 -0.00215 -0.25714 1 0 1.0
0 0.42737 -0.85714 0.76770 -0.42951 0.22085 0.87564 0.08547 -0.17143 1 0 1.0
0 0.00680 -0.85714 0.56141 -0.42951 0.22085 0.87564 0.00136 -0.17143 1 0 1.0
cl_maskblue
0 0.00680 -0.85714 0.56141 -0.43637 0.13463 0.88964 0.00136 -0.17143 1 0 1.0
0 0.42737 -0.85714 0.76770 -0.43637 0.13463 0.88964 0.08547 -0.17143 1 0 1.0
0 0.43790 -0.42857 0.70801 -0.43637 0.13463 0.88964 0.08758 -0.08571 1 0 1.0
cl_maskblue
0 0.00680 -0.85714 0.56141 -0.43637 0.13463 0.88964 0.00136 -0.17143 1 0 1.0
0 0.43790 -0.42857 0.70801 -0.43637 0.13463 0.88964 0.08758 -0.08571 1 0 1.0
0 0.01733 -0.42857 0.50172 -0.43637 0.13463 0.88964 0.00347 -0.08571 1 0 1.0
cl_maskblue
0 0.01733 -0.42857 0.50172 -0.43993 0.04524 0.89689 0.00347 -0.08571 1 0 1.0
0 0.43790 -0.42857 0.70801 -0.43993 0.04524 0.89689 0.08758 -0.08571 1 0 1.0
0 0.44141 0.00000 0.68811 -0.43993 0.04524 0.89689 0.08828 0.00000 1 0 1.0
cl_maskblue
0 0.01733 -0.42857 0.50172 -0.43993 0.04524 0.89689 0.00347 -0.08571 1 0 1.0
0 0.44141 0.00000 0.68811 -0.43993 0.04524 0.89689 0.08828 0.00000 1 0 1.0
0 0.02084 0.00000 0.48182 -0.43993 0.04524 0.89689 0.00417 0.00000 1 0 1.0
cl_maskblue
0 0.02084 0.00000 0.48182 -0.43993 -0.04524 0.89689 0.00417 0.00000 1 0 1.0
0 0.44141 0.00000 0.68811 -0.43993 -0.04524 0.89689 0.08828 0.00000 1 0 1.0
0 0.43790 0.42857 0.70801 -0.43993 -0.04524 0.89689 0.08758 0.08571 1 0 1.0
cl_maskblue
0 0.02084 0.00000 0.48182 -0.43993 -0.04524 0.89689 0.00417 0.00000 1 0 1.0
0 0.43790 0.42857 0.70801 -0.43993 -0.04524 0.89689 0.08758 0.08571 1 0 1.0
0 0.01733 0.42857 0.50172 -0.43993 -0.04524 0.89689 0.00347 0.08571 1 0 1.0
cl_maskblue
0 0.01733 0.42857 0.50172 -0.43637 -0.13463 0.88964 0.00347 0.08571 1 0 1.0
0 0.43790 0.42857 0.70801 -0.43637 -0.13463 0.88964 0.08758 0.08571 1 0 1.0
0 0.42737 0.85714 0.76770 -0.43637 -0.13463 0.88964 0.08547 0.17143 1 0 1.0
cl_maskblue
0 0.01733 0.42857 0.50172 -0.43637 -0.13463 0.88964 0.00347 0.08571 1 0 1.0
0 0.42737 0.85714 0.76770 -0.43637 -0.13463 0.88964 0.08547 0.17143 1 0 1.0
0 0.00680 0.85714 0.56141 -0.43637 -0.13463 0.88964 0.00136 0.17143 1 0 1.0
cl_maskblue
0 0.00680 0.85714 0.56141 -0.42951 -0.22085 0.87564 0.00136 0.17143 1 0 1.0
0 0.42737 0.85714 0.76770 -0.42951 -0.22085 0.87564 0.08547 0.17143 1 0 1.0
0 0.40983 1.28571 0.86719 -0.42951 -0.22085 0.87564 0.08197 0.25714 1 0 1.0
cl_maskblue
0 0.00680 0.85714 0.56141 -0.42951 -0.22085 0.87564 0.00136 0.17143 1 0 1.0
0 0.40983 1.28571 0.86719 -0.42951 -0.22085 0.87564 0.08197 0.25714 1 0 1.0
0 -0.01074 1.28571 0.66090 -0.42951 -0.22085 0.87564 -0.00215 0.25714 1 0 1.0
cl_maskblue
0 -0.01074 1.28571 0.66090 -0.41979 -0.30219 0.85584 -0.00215 0.25714 1 0 1.0
0 0.40983 1.28571 0.86719 -0.41979 -0.30219 0.85584 0.08197 0.25714 1 0 1.0
0 0.38527 1.71429 1.00647 -0.41979 -0.30219 0.85584 0.07705 0.34286 1 0 1.0
cl_maskblue
0 -0.01074 1.28571 0.66090 -0.41979 -0.30219 0.85584 -0.00215 0.25714 1 0 1.0
0 0.38527 1.71429 1.00647 -0.41979 -0.30219 0.85584 0.07705 0.34286 1 0 1.0
0 -0.03530 1.71429 0.80018 -0.41979 -0.30219 0.85584 -0.00706 0.34286 1 0 1.0
cl_maskblue
0 -0.03530 1.71429 0.80018 -0.40781 -0.37744 0.83140 -0.00706 0.34286 1 0 1.0
0 0.38527 1.71429 1.00647 -0.40781 -0.37744 0.83140 0.07705 0.34286 1 0 1.0
0 0.35370 2.14286 1.18554 -0.40781 -0.37744 0.83140 0.07074 0.42857 1 0 1.0
cl_maskblue
0 -0.03530 1.71429 0.80018 -0.40781 -0.37744 0.83140 -0.00706 0.34286 1 0 1.0
0 0.35370 2.14286 1.18554 -0.40781 -0.37744 0.83140 0.07074 0.42857 1 0 1.0
0 -0.06687 2.14286 0.97925 -0.40781 -0.37744 0.83140 -0.01337 0.42857 1 0 1.0
cl_maskblue
0 -0.06687 2.14286 0.97925 -0.39418 -0.44590 0.80362 -0.01337 0.42857 1 0 1.0
0 0.35370 2.14286 1.18554 -0.39418 -0.44590 0.80362 0.07074 0.42857 1 0 1.0
0 0.31510 2.57143 1.40441 -0.39418 -0.44590 0.80362 0.06302 0.51429 1 0 1.0
cl_maskblue
0 -0.06687 2.14286 0.97925 -0.39418 -0.44590 0.80362 -0.01337 0.42857 1 0 1.0
0 0.31510 2.57143 1.40441 -0.39418 -0.44590 0.80362 0.06302 0.51429 1 0 1.0
0 -0.10546 2.57143 1.19812 -0.39418 -0.44590 0.80362 -0.02109 0.51429 1 0 1.0
cl_maskblue
0 -0.10546 2.57143 1.19812 -0.37950 -0.50734 0.77368 -0.02109 0.51429 1 0 1.0
0 0.31510 2.57143 1.40441 -0.37950 -0.50734 0.77368 0.06302 0.51429 1 0 1.0
0 0.26949 3.00000 1.66307 -0.37950 -0.50734 0.77368 0.05390 0.60000 1 0 1.0
cl_maskblue
0 -0.10546 2.57143 1.19812 -0.37950 -0.50734 0.77368 -0.02109 0.51429 1 0 1.0
0 0.26949 3.00000 1.66307 -0.37950 -0.50734 0.77368 0.05390 0.60000 1 0 1.0
0 -0.15107 3.00000 1.45678 -0.37950 -0.50734 0.77368 -0.03021 0.60000 1 0 1.0
cl_maskblue
0 0.26949 -3.00000 1.66307 -0.20439 0.52167 0.82830 0.05390 -0.60000 1 0 1.0
0 0.70738 -3.00000 1.77113 -0.20439 0.52167 0.82830 0.14148 -0.60000 1 0 1.0
0 0.75299 -2.57143 1.51247 -0.20439 0.52167 0.82830 0.15060 -0.51429 1 0 1.0
cl_maskblue
0 0.26949 -3.00000 1.66307 -0.20439 0.52167 0.82830 0.05390 -0.60000 1 0 1.0
0 0.75299 -2.57143 1.51247 -0.20439 0.52167 0.82830 0.15060 -0.51429 1 0 1.0
0 0.31510 -2.57143 1.40441 -0.20439 0.52167 0.82830 0.06302 -0.51429 1 0 1.0
cl_maskblue
0 0.31510 -2.57143 1.40441 -0.21278 0.45953 0.86230 0.06302 -0.51429 1 0 1.0
0 0.75299 -2.57143 1.51247 -0.21278 0.45953 0.86230 0.15060 -0.51429 1 0 1.0
0 0.79158 -2.14286 1.29360 -0.21278 0.45953 0.86230 0.15832 -0.42857 1 0 1.0
cl_maskblue
0 0.31510 -2.57143 1.40441 -0.21278 0.45953 0.86230 0.06302 -0.51429 1 0 1.0
0 0.79158 -2.14286 1.29360 -0.21278 0.45953 0.86230 0.15832 -0.42857 1 0 1.0
0 0.35370 -2.14286 1.18554 -0.21278 0.45953 0.86230 0.07074 -0.42857 1 0 1.0
cl_maskblue
0 0.35370 -2.14286 1.18554 -0.22062 0.38983 0.89407 0.07074 -0.42857 1 0 1.0
0 0.79158 -2.14286 1.29360 -0.22062 0.38983 0.89407 0.15832 -0.42857 1 0 1.0
0 0.82316 -1.71429 1.11452 -0.22062 0.38983 0.89407 0.16463 -0.34286 1 0 1.0
cl_maskblue
0 0.35370 -2.14286 1.18554 -0.22062 0.38983 0.89407 0.07074 -0.42857 1 0 1.0
0 0.82316 -1.71429 1.11452 -0.22062 0.38983 0.89407 0.16463 -0.34286 1 0 1.0
0 0.38527 -1.71429 1.00647 -0.22062 0.38983 0.89407 0.07705 -0.34286 1 0 1.0
cl_maskblue
0 0.38527 -1.71429 1.00647 -0.22756 0.31274 0.92218 0.07705 -0.34286 1 0 1.0
0 0.82316 -1.71429 1.11452 -0.22756 0.31274 0.92218 0.16463 -0.34286 1 0 1.0
0 0.84772 -1.28571 0.97524 -0.22756 0.31274 0.92218 0.16954 -0.25714 1 0 1.0
cl_maskblue
0 0.38527 -1.71429 1.00647 -0.22756 0.31274 0.92218 0.07705 -0.34286 1 0 1.0
0 0.84772 -1.28571 0.97524 -0.22756 0.31274 0.92218 0.16954 -0.25714 1 0 1.0
0 0.40983 -1.28571 0.86719 -0.22756 0.31274 0.92218 0.08197 -0.25714 1 0 1.0
cl_maskblue
0 0.40983 -1.28571 0.86719 -0.23321 0.22893 0.94509 0.08197 -0.25714 1 0 1.0
0 0.84772 -1.28571 0.97524 -0.23321 0.22893 0.94509 0.16954 -0.25714 1 0 1.0
0 0.86526 -0.85714 0.87576 -0.23321 0.22893 0.94509 0.17305 -0.17143 1 0 1.0
cl_maskblue
0 0.40983 -1.28571 0.86719 -0.23321 0.22893 0.94509 0.08197 -0.25714 1 0 1.0
0 0.86526 -0.85714 0.87576 -0.23321 0.22893 0.94509 0.17305 -0.17143 1 0 1.0
0 0.42737 -0.85714 0.76770 -0.23321 0.22893 0.94509 0.08547 -0.17143 1 0 1.0
cl_maskblue
0 0.42737 -0.85714 0.76770 -0.23723 0.13972 0.96135 0.08547 -0.17143 1 0 1.0
0 0.86526 -0.85714 0.87576 -0.23723 0.13972 0.96135 0.17305 -0.17143 1 0 1.0
0 0.87579 -0.42857 0.81607 -0.23723 0.13972 0.96135 0.17516 -0.08571 1 0 1.0
cl_maskblue
0 0.42737 -0.85714 0.76770 -0.23723 0.13972 0.96135 0.08547 -0.17143 1 0 1.0
0 0.87579 -0.42857 0.81607 -0.23723 0.13972 0.96135 0.17516 -0.08571 1 0 1.0
0 0.43790 -0.42857 0.70801 -0.23723 0.13972 0.96135 0.08758 -0.08571 1 0 1.0
cl_maskblue
0 0.43790 -0.42857 0.70801 -0.23931 0.04698 0.96981 0.08758 -0.08571 1 0 1.0
0 0.87579 -0.42857 0.81607 -0.23931 0.04698 0.96981 0.17516 -0.08571 1 0 1.0
0 0.87929 0.00000 0.79617 -0.23931 0.04698 0.96981 0.17586 0.00000 1 0 1.0
cl_maskblue
0 0.43790 -0.42857 0.70801 -0.23931 0.04698 0.96981 0.08758 -0.08571 1 0 1.0
0 0.87929 0.00000 0.79617 -0.23931 0.04698 0.96981 0.17586 0.00000 1 0 1.0
0 0.44141 0.00000 0.68811 -0.23931 0.04698 0.96981 0.08828 0.00000 1 0 1.0
cl_maskblue
0 0.44141 0.00000 0.68811 -0.23931 -0.04698 0.96981 0.08828 0.00000 1 0 1.0
0 0.87929 0.00000 0.79617 -0.23931 -0.04698 0.96981 0.17586 0.00000 1 0 1.0
0 0.87579 0.42857 0.81607 -0.23931 -0.04698 0.96981 0.17516 0.08571 1 0 1.0
cl_maskblue
0 0.44141 0.00000 0.68811 -0.23931 -0.04698 0.96981 0.08828 0.00000 1 0 1.0
0 0.87579 0.42857 0.81607 -0.23931 -0.04698 0.96981 0.17516 0.08571 1 0 1.0
0 0.43790 0.42857 0.70801 -0.23931 -0.04698 0.96981 0.08758 0.08571 1 0 1.0
cl_maskblue
0 0.43790 0.42857 0.70801 -0.23723 -0.13972 0.96135 0.08758 0.08571 1 0 1.0
0 0.87579 0.42857 0.81607 -0.23723 -0.13972 0.96135 0.17516 0.08571 1 0 1.0
0 0.86526 0.85714 0.87576 -0.23723 -0.13972 0.96135 0.17305 0.17143 1 0 1.0
cl_maskblue
0 0.43790 0.42857 0.70801 -0.23723 -0.13972 0.96135 0.08758 0.08571 1 0 1.0
0 0.86526 0.85714 0.87576 -0.23723 -0.13972 0.96135 0.17305 0.17143 1 0 1.0
0 0.42737 0.85714 0.76770 -0.23723 -0.13972 0.96135 0.08547 0.17143 1 0 1.0
cl_maskblue
0 0.42737 0.85714 0.76770 -0.23321 -0.22893 0.94509 0.08547 0.17143 1 0 1.0
0 0.86526 0.85714 0.87576 -0.23321 -0.22893 0.94509 0.17305 0.17143 1 0 1.0
0 0.84772 1.28571 0.97524 -0.23321 -0.22893 0.94509 0.16954 0.25714 1 0 1.0
cl_maskblue
0 0.42737 0.85714 0.76770 -0.23321 -0.22893 0.94509 0.08547 0.17143 1 0 1.0
0 0.84772 1.28571 0.97524 -0.23321 -0.22893 0.94509 0.16954 0.25714 1 0 1.0
0 0.40983 1.28571 0.86719 -0.23321 -0.22893 0.94509 0.08197 0.25714 1 0 1.0
cl_maskblue
0 0.40983 1.28571 0.86719 -0.22756 -0.31274 0.92218 0.08197 0.25714 1 0 1.0
0 0.84772 1.28571 0.97524 -0.22756 -0.31274 0.92218 0.16954 0.25714 1 0 1.0
0 0.82316 1.71429 1.11452 -0.22756 -0.31274 0.92218 0.16463 0.34286 1 0 1.0
cl_maskblue
0 0.40983 1.28571 0.86719 -0.22756 -0.31274 0.92218 0.08197 0.25714 1 0 1.0
0 0.82316 1.71429 1.11452 -0.22756 -0.31274 0.92218 0.16463 0.34286 1 0 1.0
0 0.38527 1.71429 1.00647 -0.22756 -0.31274 0.92218 0.07705 0.34286 1 0 1.0
cl_maskblue
0 0.38527 1.71429 1.00647 -0.22062 -0.38983 0.89407 0.07705 0.34286 1 0 1.0
0 0.82316 1.71429 1.11452 -0.22062 -0.38983 0.89407 0.16463 0.34286 1 0 1.0
0 0.79158 2.14286 1.29360 -0.22062 -0.38983 0.89407 0.15832 0.42857 1 0 1.0
cl_maskblue
0 0.38527 1.71429 1.00647 -0.22062 -0.38983 0.89407 0.07705 0.34286 1 0 1.0
0 0.79158 2.14286 1.29360 -0.22062 -0.38983 0.89407 0.15832 0.42857 1 0 1.0
0 0.35370 2.14286 1.18554 -0.22062 -0.38983 0.89407 0.07074 0.42857 1 0 1.0
cl_maskblue
0 0.35370 2.14286 1.18554 -0.21278 -0.45953 0.86230 0.07074 0.42857 1 0 1.0
0 0.79158 2.14286 1.29360 -0.21278 -0.45953 0.86230 0.15832 0.42857 1 0 1.0
0 0.75299 2.57143 1.51247 -0.21278 -0.45953 0.86230 0.15060 0.51429 1 0 1.0
cl_maskblue
0 0.35370 2.14286 1.18554 -0.21278 -0.45953 0.86230 0.07074 0.42857 1 0 1.0
0 0.75299 2.57143 1.51247 -0.21278 -0.45953 0.86230 0.15060 0.51429 1 0 1.0
0 0.31510 2.57143 1.40441 -0.21278 -0.45953 0.86230 0.06302 0.51429 1 0 1.0
cl_maskblue
0 0.31510 2.57143 1.40441 -0.20439 -0.52167 0.82830 0.06302 0.51429 1 0 1.0
0 0.75299 2.57143 1.51247 -0.20439 -0.52167 0.82830 0.15060 0.51429 1 0 1.0
0 0.70738 3.00000 1.77113 -0.20439 -0.52167 0.82830 0.14148 0.60000 1 0 1.0
cl_maskblue
0 0.31510 2.57143 1.40441 -0.20439 -0.52167 0.82830 0.06302 0.51429 1 0 1.0
0 0.70738 3.00000 1.77113 -0.20439 -0.52167 0.82830 0.14148 0.60000 1 0 1.0
0 0.26949 3.00000 1.66307 -0.20439 -0.52167 0.82830 0.05390 0.60000 1 0 1.0
cl_maskblue
0 0.70738 -3.00000 1.77113 -0.01845 0.51808 0.85513 0.14148 -0.60000 1 0 1.0
0 1.16259 -3.00000 1.78095 -0.01845 0.51808 0.85513 0.23252 -0.60000 1 0 1.0
0 1.20820 -2.57143 1.52229 -0.01845 0.51808 0.85513 0.24164 -0.51429 1 0 1.0
cl_maskblue
0 0.70738 -3.00000 1.77113 -0.01845 0.51808 0.85513 0.14148 -0.60000 1 0 1.0
0 1.20820 -2.57143 1.52229 -0.01845 0.51808 0.85513 0.24164 -0.51429 1 0 1.0
0 0.75299 -2.57143 1.51247 -0.01845 0.51808 0.85513 0.15060 -0.51429 1 0 1.0
cl_maskblue
0 0.75299 -2.57143 1.51247 -0.01919 0.45610 0.88972 0.15060 -0.51429 1 0 1.0
0 1.20820 -2.57143 1.52229 -0.01919 0.45610 0.88972 0.24164 -0.51429 1 0 1.0
0 1.24679 -2.14286 1.30342 -0.01919 0.45610 0.88972 0.24936 -0.42857 1 0 1.0
cl_maskblue
0 0.75299 -2.57143 1.51247 -0.01919 0.45610 0.88972 0.15060 -0.51429 1 0 1.0
0 1.24679 -2.14286 1.30342 -0.01919 0.45610 0.88972 0.24936 -0.42857 1 0 1.0
0 0.79158 -2.14286 1.29360 -0.01919 0.45610 0.88972 0.15832 -0.42857 1 0 1.0
cl_maskblue
0 0.79158 -2.14286 1.29360 -0.01989 0.38671 0.92199 0.15832 -0.42857 1 0 1.0
0 1.24679 -2.14286 1.30342 -0.01989 0.38671 0.92199 0.24936 -0.42857 1 0 1.0
0 1.27837 -1.71429 1.12434 -0.01989 0.38671 0.92199 0.25567 -0.34286 1 0 1.0
cl_maskblue
0 0.79158 -2.14286 1.29360 -0.01989 0.38671 0.92199 0.15832 -0.42857 1 0 1.0
0 1.27837 -1.71429 1.12434 -0.01989 0.38671 0.92199 0.25567 -0.34286 1 0 1.0
0 0.82316 -1.71429 1.11452 -0.01989 0.38671 0.92199 0.16463 -0.34286 1 0 1.0
cl_maskblue
0 0.82316 -1.71429 1.11452 -0.02051 0.31007 0.95049 0.16463 -0.34286 1 0 1.0
0 1.27837 -1.71429 1.12434 -0.02051 0.31007 0.95049 0.25567 -0.34286 1 0 1.0
0 1.30293 -1.28571 0.98506 -0.02051 0.31007 0.95049 0.26059 -0.25714 1 0 1.0
cl_maskblue
0 0.82316 -1.71429 1.11452 -0.02051 0.31007 0.95049 0.16463 -0.34286 1 0 1.0
0 1.30293 -1.28571 0.98506 -0.02051 0.31007 0.95049 0.26059 -0.25714 1 0 1.0
0 0.84772 -1.28571 0.97524 -0.02051 0.31007 0.95049 0.16954 -0.25714 1 0 1.0
cl_maskblue
0 0.84772 -1.28571 0.97524 -0.02101 0.22689 0.97369 0.16954 -0.25714 1 0 1.0
0 1.30293 -1.28571 0.98506 -0.02101 0.22689 0.97369 0.26059 -0.25714 1 0 1.0
0 1.32047 -0.85714 0.88558 -0.02101 0.22689 0.97369 0.26409 -0.17143 1 0 1.0
cl_maskblue
0 0.84772 -1.28571 0.97524 -0.02101 0.22689 0.97369 0.16954 -0.25714 1 0 1.0
0 1.32047 -0.85714 0.88558 -0.02101 0.22689 0.97369 0.26409 -0.17143 1 0 1.0
0 0.86526 -0.85714 0.87576 -0.02101 0.22689 0.97369 0.17305 -0.17143 1 0 1.0
cl_maskblue
0 0.86526 -0.85714 0.87576 -0.02136 0.13843 0.99014 0.17305 -0.17143 1 0 1.0
0 1.32047 -0.85714 0.88558 -0.02136 0.13843 0.99014 0.26409 -0.17143 1 0 1.0
0 1.33100 -0.42857 0.82589 -0.02136 0.13843 0.99014 0.26620 -0.08571 1 0 1.0
cl_maskblue
0 0.86526 -0.85714 0.87576 -0.02136 0.13843 0.99014 0.17305 -0.17143 1 0 1.0
0 1.33100 -0.42857 0.82589 -0.02136 0.13843 0.99014 0.26620 -0.08571 1 0 1.0
0 0.87579 -0.42857 0.81607 -0.02136 0.13843 0.99014 0.17516 -0.08571 1 0 1.0
cl_maskblue
0 0.87579 -0.42857 0.81607 -0.02155 0.04654 0.99868 0.17516 -0.08571 1 0 1.0
0 1.33100 -0.42857 0.82589 -0.02155 0.04654 0.99868 0.26620 -0.08571 1 0 1.0
0 1.33450 0.00000 0.80599 -0.02155 0.04654 0.99868 0.26690 0.00000 1 0 1.0
cl_maskblue
0 0.87579 -0.42857 0.81607 -0.02155 0.04654 0.99868 0.17516 -0.08571 1 0 1.0
0 1.33450 0.00000 0.80599 -0.02155 0.04654 0.99868 0.26690 0.00000 1 0 1.0
0 0.87929 0.00000 0.79617 -0.02155 0.04654 0.99868 0.17586 0.00000 1 0 1.0
cl_maskblue
0 0.87929 0.00000 0.79617 -0.02155 -0.04654 0.99868 0.17586 0.00000 1 0 1.0
0 1.33450 0.00000 0.80599 -0.02155 -0.04654 0.99868 0.26690 0.00000 1 0 1.0
0 1.33100 0.42857 0.82589 -0.02155 -0.04654 0.99868 0.26620 0.08571 1 0 1.0
cl_maskblue
0 0.87929 0.00000 0.79617 -0.02155 -0.04654 0.99868 0.17586 0.00000 1 0 1.0
0 1.33100 0.42857 0.82589 -0.02155 -0.04654 0.99868 0.26620 0.08571 1 0 1.0
0 0.87579 0.42857 0.81607 -0.02155 -0.04654 0.99868 0.17516 0.08571 1 0 1.0
cl_maskblue
0 0.87579 0.42857 0.81607 -0.02136 -0.13843 0.99014 0.17516 0.08571 1 0 1.0
0 1.33100 0.42857 0.82589 -0.02136 -0.13843 0.99014 0.26620 0.08571 1 0 1.0
0 1.32047 0.85714 0.88558 -0.02136 -0.13843 0.99014 0.26409 0.17143 1 0 1.0
cl_maskblue
0 0.87579 0.42857 0.81607 -0.02136 -0.13843 0.99014 0.17516 0.08571 1 0 1.0
0 1.32047 0.85714 0.88558 -0.02136 -0.13843 0.99014 0.26409 0.17143 1 0 1.0
0 0.86526 0.85714 0.87576 -0.02136 -0.13843 0.99014 0.17305 0.17143 1 0 1.0
cl_maskblue
0 0.86526 0.85714 0.87576 -0.02101 -0.22689 0.97369 0.17305 0.17143 1 0 1.0
0 1.32047 0.85714 0.88558 -0.02101 -0.22689 0.97369 0.26409 0.17143 1 0 1.0
0 1.30293 1.28571 0.98506 -0.02101 -0.22689 0.97369 0.26059 0.25714 1 0 1.0
cl_maskblue
0 0.86526 0.85714 0.87576 -0.02101 -0.22689 0.97369 0.17305 0.17143 1 0 1.0
0 1.30293 1.28571 0.98506 -0.02101 -0.22689 0.97369 0.26059 0.25714 1 0 1.0
0 0.84772 1.28571 0.97524 -0.02101 -0.22689 0.97369 0.16954 0.25714 1 0 1.0
cl_maskblue
0 0.84772 1.28571 0.97524 -0.02051 -0.31007 0.95049 0.16954 0.25714 1 0 1.0
0 1.30293 1.28571 0.98506 -0.02051 -0.31007 0.95049 0.26059 0.25714 1 0 1.0
0 1.27837 1.71429 1.12434 -0.02051 -0.31007 0.95049 0.25567 0.34286 1 0 1.0
cl_maskblue
0 0.84772 1.28571 0.97524 -0.02051 -0.31007 0.95049 0.16954 0.25714 1 0 1.0
0 1.27837 1.71429 1.12434 -0.02051 -0.31007 0.95049 0.25567 0.34286 1 0 1.0
0 0.82316 1.71429 1.11452 -0.02051 -0.31007 0.95049 0.16463 0.34286 1 0 1.0
cl_maskblue
0 0.82316 1.71429 1.11452 -0.01989 -0.38671 0.92199 0.16463 0.34286 1 0 1.0
0 1.27837 1.71429 1.12434 -0.01989 -0.38671 0.92199 0.25567 0.34286 1 0 1.0
0 1.24679 2.14286 1.30342 -0.01989 -0.38671 0.92199 0.24936 0.42857 1 0 1.0
cl_maskblue
0 0.82316 1.71429 1.11452 -0.01989 -0.38671 0.92199 0.16463 0.34286 1 0 1.0
0 1.24679 2.14286 1.30342 -0.01989 -0.38671 0.92199 0.24936 0.42857 1 0 1.0
0 0.79158 2.14286 1.29360 -0.01989 -0.38671 0.92199 0.15832 0.42857 1 0 1.0
cl_maskblue
0 0.79158 2.14286 1.29360 -0.01919 -0.45610 0.88972 0.15832 0.42857 1 0 1.0
0 1.24679 2.14286 1.30342 -0.01919 -0.45610 0.88972 0.24936 0.42857 1 0 1.0
0 1.20820 2.57143 1.52229 -0.01919 -0.45610 0.88972 0.24164 0.51429 1 0 1.0
cl_maskblue
0 0.79158 2.14286 1.29360 -0.01919 -0.45610 0.88972 0.15832 0.42857 1 0 1.0
0 1.20820 2.57143 1.52229 -0.01919 -0.45610 0.88972 0.24164 0.51429 1 0 1.0
0 0.75299 2.57143 1.51247 -0.01919 -0.45610 0.88972 0.15060 0.51429 1 0 1.0
cl_maskblue
0 0.75299 2.57143 1.51247 -0.01845 -0.51808 0.85513 0.15060 0.51429 1 0 1.0
0 1.20820 2.57143 1.52229 -0.01845 -0.51808 0.85513 0.24164 0.51429 1 0 1.0
0 1.16259 3.00000 1.78095 -0.01845 -0.51808 0.85513 0.23252 0.60000 1 0 1.0
cl_maskblue
0 0.75299 2.57143 1.51247 -0.01845 -0.51808 0.85513 0.15060 0.51429 1 0 1.0
0 1.16259 3.00000 1.78095 -0.01845 -0.51808 0.85513 0.23252 0.60000 1 0 1.0
0 0.70738 3.00000 1.77113 -0.01845 -0.51808 0.85513 0.14148 0.60000 1 0 1.0
cl_maskblue
0 1.16259 -3.00000 1.78095 -0.47416 0.49139 0.73056 0.23252 -0.60000 1 0 1.0
0 1.57261 -3.00000 2.04707 -0.47416 0.49139 0.73056 0.31452 -0.60000 1 0 1.0
0 1.61822 -2.57143 1.78840 -0.47416 0.49139 0.73056 0.32364 -0.51429 1 0 1.0
cl_maskblue
0 1.16259 -3.00000 1.78095 -0.47416 0.49139 0.73056 0.23252 -0.60000 1 0 1.0
0 1.61822 -2.57143 1.78840 -0.47416 0.49139 0.73056 0.32364 -0.51429 1 0 1.0
0 1.20820 -2.57143 1.52229 -0.47416 0.49139 0.73056 0.24164 -0.51429 1 0 1.0
cl_maskblue
0 1.20820 -2.57143 1.52229 -0.49130 0.43082 0.75697 0.24164 -0.51429 1 0 1.0
0 1.61822 -2.57143 1.78840 -0.49130 0.43082 0.75697 0.32364 -0.51429 1 0 1.0
0 1.65681 -2.14286 1.56953 -0.49130 0.43082 0.75697 0.33136 -0.42857 1 0 1.0
cl_maskblue
0 1.20820 -2.57143 1.52229 -0.49130 0.43082 0.75697 0.24164 -0.51429 1 0 1.0
0 1.65681 -2.14286 1.56953 -0.49130 0.43082 0.75697 0.33136 -0.42857 1 0 1.0
0 1.24679 -2.14286 1.30342 -0.49130 0.43082 0.75697 0.24936 -0.42857 1 0 1.0
cl_maskblue
0 1.24679 -2.14286 1.30342 -0.50711 0.36383 0.78132 0.24936 -0.42857 1 0 1.0
0 1.65681 -2.14286 1.56953 -0.50711 0.36383 0.78132 0.33136 -0.42857 1 0 1.0
0 1.68839 -1.71429 1.39046 -0.50711 0.36383 0.78132 0.33768 -0.34286 1 0 1.0
cl_maskblue
0 1.24679 -2.14286 1.30342 -0.50711 0.36383 0.78132 0.24936 -0.42857 1 0 1.0
0 1.68839 -1.71429 1.39046 -0.50711 0.36383 0.78132 0.33768 -0.34286 1 0 1.0
0 1.27837 -1.71429 1.12434 -0.50711 0.36383 0.78132 0.25567 -0.34286 1 0 1.0
cl_maskblue
0 1.27837 -1.71429 1.12434 -0.52091 0.29068 0.80259 0.25567 -0.34286 1 0 1.0
0 1.68839 -1.71429 1.39046 -0.52091 0.29068 0.80259 0.33768 -0.34286 1 0 1.0
0 1.71295 -1.28571 1.25118 -0.52091 0.29068 0.80259 0.34259 -0.25714 1 0 1.0
cl_maskblue
0 1.27837 -1.71429 1.12434 -0.52091 0.29068 0.80259 0.25567 -0.34286 1 0 1.0
0 1.71295 -1.28571 1.25118 -0.52091 0.29068 0.80259 0.34259 -0.25714 1 0 1.0
0 1.30293 -1.28571 0.98506 -0.52091 0.29068 0.80259 0.26059 -0.25714 1 0 1.0
cl_maskblue
0 1.30293 -1.28571 0.98506 -0.53204 0.21206 0.81973 0.26059 -0.25714 1 0 1.0
0 1.71295 -1.28571 1.25118 -0.53204 0.21206 0.81973 0.34259 -0.25714 1 0 1.0
0 1.73049 -0.85714 1.15169 -0.53204 0.21206 0.81973 0.34610 -0.17143 1 0 1.0
cl_maskblue
0 1.30293 -1.28571 0.98506 -0.53204 0.21206 0.81973 0.26059 -0.25714 1 0 1.0
0 1.73049 -0.85714 1.15169 -0.53204 0.21206 0.81973 0.34610 -0.17143 1 0 1.0
0 1.32047 -0.85714 0.88558 -0.53204 0.21206 0.81973 0.26409 -0.17143 1 0 1.0
cl_maskblue
0 1.32047 -0.85714 0.88558 -0.53986 0.12911 0.83179 0.26409 -0.17143 1 0 1.0
0 1.73049 -0.85714 1.15169 -0.53986 0.12911 0.83179 0.34610 -0.17143 1 0 1.0
0 1.74101 -0.42857 1.09200 -0.53986 0.12911 0.83179 0.34820 -0.08571 1 0 1.0
cl_maskblue
0 1.32047 -0.85714 0.88558 -0.53986 0.12911 0.83179 0.26409 -0.17143 1 0 1.0
0 1.74101 -0.42857 1.09200 -0.53986 0.12911 0.83179 0.34820 -0.08571 1 0 1.0
0 1.33100 -0.42857 0.82589 -0.53986 0.12911 0.83179 0.26620 -0.08571 1 0 1.0
cl_maskblue
0 1.33100 -0.42857 0.82589 -0.54391 0.04336 0.83802 0.26620 -0.08571 1 0 1.0
0 1.74101 -0.42857 1.09200 -0.54391 0.04336 0.83802 0.34820 -0.08571 1 0 1.0
0 1.74452 0.00000 1.07211 -0.54391 0.04336 0.83802 0.34890 0.00000 1 0 1.0
cl_maskblue
0 1.33100 -0.42857 0.82589 -0.54391 0.04336 0.83802 0.26620 -0.08571 1 0 1.0
0 1.74452 0.00000 1.07211 -0.54391 0.04336 0.83802 0.34890 0.00000 1 0 1.0
0 1.33450 0.00000 0.80599 -0.54391 0.04336 0.83802 0.26690 0.00000 1 0 1.0
cl_maskblue
0 1.33450 0.00000 0.80599 -0.54391 -0.04336 0.83802 0.26690 0.00000 1 0 1.0
0 1.74452 0.00000 1.07211 -0.54391 -0.04336 0.83802 0.34890 0.00000 1 0 1.0
0 1.74101 0.42857 1.09200 -0.54391 -0.04336 0.83802 0.34820 0.08571 1 0 1.0
cl_maskblue
0 1.33450 0.00000 0.80599 -0.54391 -0.04336 0.83802 0.26690 0.00000 1 0 1.0
0 1.74101 0.42857 1.09200 -0.54391 -0.04336 0.83802 0.34820 0.08571 1 0 1.0
0 1.33100 0.42857 0.82589 -0.54391 -0.04336 0.83802 0.26620 0.08571 1 0 1.0
cl_maskblue
0 1.33100 0.42857 0.82589 -0.53986 -0.12911 0.83179 0.26620 0.08571 1 0 1.0
0 1.74101 0.42857 1.09200 -0.53986 -0.12911 0.83179 0.34820 0.08571 1 0 1.0
0 1.73049 0.85714 1.15169 -0.53986 -0.12911 0.83179 0.34610 0.17143 1 0 1.0
cl_maskblue
0 1.33100 0.42857 0.82589 -0.53986 -0.12911 0.83179 0.26620 0.08571 1 0 1.0
0 1.73049 0.85714 1.15169 -0.53986 -0.12911 0.83179 0.34610 0.17143 1 0 1.0
0 1.32047 0.85714 0.88558 -0.53986 -0.12911 0.83179 0.26409 0.17143 1 0 1.0
cl_maskblue
0 1.32047 0.85714 0.88558 -0.53204 -0.21206 0.81973 0.26409 0.17143 1 0 1.0
0 1.73049 0.85714 1.15169 -0.53204 -0.21206 0.81973 0.34610 0.17143 1 0 1.0
0 1.71295 1.28571 1.25118 -0.53204 -0.21206 0.81973 0.34259 0.25714 1 0 1.0
cl_maskblue
0 1.32047 0.85714 0.88558 -0.53204 -0.21206 0.81973 0.26409 0.17143 1 0 1.0
0 1.71295 1.28571 1.25118 -0.53204 -0.21206 0.81973 0.34259 0.25714 1 0 1.0
0 1.30293 1.28571 0.98506 -0.53204 -0.21206 0.81973 0.26059 0.25714 1 0 1.0
cl_maskblue
0 1.30293 1.28571 0.98506 -0.52091 -0.29068 0.80259 0.26059 0.25714 1 0 1.0
0 1.71295 1.28571 1.25118 -0.52091 -0.29068 0.80259 0.34259 0.25714 1 0 1.0
0 1.68839 1.71429 1.39046 -0.52091 -0.29068 0.80259 0.33768 0.34286 1 0 1.0
cl_maskblue
0 1.30293 1.28571 0.98506 -0.52091 -0.29068 0.80259 0.26059 0.25714 1 0 1.0
0 1.68839 1.71429 1.39046 -0.52091 -0.29068 0.80259 0.33768 0.34286 1 0 1.0
0 1.27837 1.71429 1.12434 -0.52091 -0.29068 0.80259 0.25567 0.34286 1 0 1.0
cl_maskblue
0 1.27837 1.71429 1.12434 -0.50711 -0.36383 0.78132 0.25567 0.34286 1 0 1.0
0 1.68839 1.71429 1.39046 -0.50711 -0.36383 0.78132 0.33768 0.34286 1 0 1.0
0 1.65681 2.14286 1.56953 -0.50711 -0.36383 0.78132 0.33136 0.42857 1 0 1.0
cl_maskblue
0 1.27837 1.71429 1.12434 -0.50711 -0.36383 0.78132 0.25567 0.34286 1 0 1.0
0 1.65681 2.14286 1.56953 -0.50711 -0.36383 0.78132 0.33136 0.42857 1 0 1.0
0 1.24679 2.14286 1.30342 -0.50711 -0.36383 0.78132 0.24936 0.42857 1 0 1.0
cl_maskblue
0 1.24679 2.14286 1.30342 -0.49130 -0.43082 0.75697 0.24936 0.42857 1 0 1.0
0 1.65681 2.14286 1.56953 -0.49130 -0.43082 0.75697 0.33136 0.42857 1 0 1.0
0 1.61822 2.57143 1.78840 -0.49130 -0.43082 0.75697 0.32364 0.51429 1 0 1.0
cl_maskblue
0 1.24679 2.14286 1.30342 -0.49130 -0.43082 0.75697 0.24936 0.42857 1 0 1.0
0 1.61822 2.57143 1.78840 -0.49130 -0.43082 0.75697 0.32364 0.51429 1 0 1.0
0 1.20820 2.57143 1.52229 -0.49130 -0.43082 0.75697 0.24164 0.51429 1 0 1.0
cl_maskblue
0 1.20820 2.57143 1.52229 -0.47416 -0.49139 0.73056 0.24164 0.51429 1 0 1.0
0 1.61822 2.57143 1.78840 -0.47416 -0.49139 0.73056 0.32364 0.51429 1 0 1.0
0 1.57261 3.00000 2.04707 -0.47416 -0.49139 0.73056 0.31452 0.60000 1 0 1.0
cl_maskblue
0 1.20820 2.57143 1.52229 -0.47416 -0.49139 0.73056 0.24164 0.51429 1 0 1.0
0 1.57261 3.00000 2.04707 -0.47416 -0.49139 0.73056 0.31452 0.60000 1 0 1.0
0 1.16259 3.00000 1.78095 -0.47416 -0.49139 0.73056 0.23252 0.60000 1 0 1.0
cl_maskblue
0 -1.97270 -3.00000 1.42193 0.00000 0.00000 0.00000 -0.39454 -0.60000 1 0 1.0
0 -1.49639 -3.00000 1.31210 0.00000 0.00000 0.00000 -0.29928 -0.60000 1 0 1.0
0 -1.49639 -3.00000 1.31210 0.00000 0.00000 0.00000 -0.29928 -0.60000 1 0 1.0
cl_maskblue
0 -1.97270 -3.00000 1.42193 0.00000 0.00000 0.00000 -0.39454 -0.60000 1 0 1.0
0 -1.49639 -3.00000 1.31210 0.00000 0.00000 0.00000 -0.29928 -0.60000 1 0 1.0
0 -1.97270 -3.00000 1.42193 0.00000 0.00000 0.00000 -0.39454 -0.60000 1 0 1.0
cl_maskblue
0 0.70738 -3.00000 1.77113 0.00000 0.00000 0.00000 0.14148 -0.60000 1 0 1.0
0 1.16259 -3.00000 1.78095 0.00000 0.00000 0.00000 0.23252 -0.60000 1 0 1.0
0 1.16259 -3.00000 1.78095 0.00000 0.00000 0.00000 0.23252 -0.60000 1 0 1.0
cl_maskblue
0 0.70738 -3.00000 1.77113 0.00000 0.00000 0.00000 0.14148 -0.60000 1 0 1.0
0 1.16259 -3.00000 1.78095 0.00000 0.00000 0.00000 0.23252 -0.60000 1 0 1.0
0 0.70738 -3.00000 1.77113 0.00000 0.00000 0.00000 0.14148 -0.60000 1 0 1.0
cl_maskblue
0 1.16259 3.00000 1.78095 0.00000 0.00000 0.00000 0.23252 0.60000 1 0 1.0
0 0.70738 3.00000 1.77113 0.00000 0.00000 0.00000 0.14148 0.60000 1 0 1.0
0 0.70738 3.00000 1.77113 0.00000 0.00000 0.00000 0.14148 0.60000 1 0 1.0
cl_maskblue
0 1.16259 3.00000 1.78095 0.00000 0.00000 0.00000 0.23252 0.60000 1 0 1.0
0 0.70738 3.00000 1.77113 0.00000 0.00000 0.00000 0.14148 0.60000 1 0 1.0
0 1.16259 3.00000 1.78095 0.00000 0.00000 0.00000 0.23252 0.60000 1 0 1.0
cl_maskblue
0 -1.49639 3.00000 1.31210 0.00000 0.00000 0.00000 -0.29928 0.60000 1 0 1.0
0 -1.97270 3.00000 1.42193 0.00000 0.00000 0.00000 -0.39454 0.60000 1 0 1.0
0 -1.97270 3.00000 1.42193 0.00000 0.00000 0.00000 -0.39454 0.60000 1 0 1.0
cl_maskblue
0 -1.49639 3.00000 1.31210 0.00000 0.00000 0.00000 -0.29928 0.60000 1 0 1.0
0 -1.97270 3.00000 1.42193 0.00000 0.00000 0.00000 -0.39454 0.60000 1 0 1.0
0 -1.49639 3.00000 1.31210 0.00000 0.00000 0.00000 -0.29928 0.60000 1 0 1.0
cl_maskblue
0 -1.92709 -2.57143 1.16327 0.00000 0.00000 0.00000 -0.38542 -0.51429 1 0 1.0
0 -1.97270 -3.00000 1.42193 0.00000 0.00000 0.00000 -0.39454 -0.60000 1 0 1.0
0 -1.97270 -3.00000 1.42193 0.00000 0.00000 0.00000 -0.39454 -0.60000 1 0 1.0
cl_maskblue
0 -1.92709 -2.57143 1.16327 0.00000 0.00000 0.00000 -0.38542 -0.51429 1 0 1.0
0 -1.97270 -3.00000 1.42193 0.00000 0.00000 0.00000 -0.39454 -0.60000 1 0 1.0
0 -1.92709 -2.57143 1.16327 0.00000 0.00000 0.00000 -0.38542 -0.51429 1 0 1.0
cl_maskblue
0 1.73049 -0.85714 1.15169 0.00000 0.00000 0.00000 0.34610 -0.17143 1 0 1.0
0 1.74101 -0.42857 1.09200 0.00000 0.00000 0.00000 0.34820 -0.08571 1 0 1.0
0 1.74101 -0.42857 1.09200 0.00000 0.00000 0.00000 0.34820 -0.08571 1 0 1.0
cl_maskblue
0 1.73049 -0.85714 1.15169 0.00000 0.00000 0.00000 0.34610 -0.17143 1 0 1.0
0 1.74101 -0.42857 1.09200 0.00000 0.00000 0.00000 0.34820 -0.08571 1 0 1.0
0 1.73049 -0.85714 1.15169 0.00000 0.00000 0.00000 0.34610 -0.17143 1 0 1.0
cl_maskblue
0 -1.83236 1.28571 0.62605 0.00000 0.00000 0.00000 -0.36647 0.25714 1 0 1.0
0 -1.81482 0.85714 0.52656 0.00000 0.00000 0.00000 -0.36296 0.17143 1 0 1.0
0 -1.81482 0.85714 0.52656 0.00000 0.00000 0.00000 -0.36296 0.17143 1 0 1.0
cl_maskblue
0 -1.83236 1.28571 0.62605 0.00000 0.00000 0.00000 -0.36647 0.25714 1 0 1.0
0 -1.81482 0.85714 0.52656 0.00000 0.00000 0.00000 -0.36296 0.17143 1 0 1.0
0 -1.83236 1.28571 0.62605 0.00000 0.00000 0.00000 -0.36647 0.25714 1 0 1.0
cl_maskblue
0 1.65681 2.14286 1.56953 0.00000 0.00000 0.00000 0.33136 0.42857 1 0 1.0
0 1.61822 2.57143 1.78840 0.00000 0.00000 0.00000 0.32364 0.51429 1 0 1.0
0 1.61822 2.57143 1.78840 0.00000 0.00000 0.00000 0.32364 0.51429 1 0 1.0
cl_maskblue
0 1.65681 2.14286 1.56953 0.00000 0.00000 0.00000 0.33136 0.42857 1 0 1.0
0 1.61822 2.57143 1.78840 0.00000 0.00000 0.00000 0.32364 0.51429 1 0 1.0
0 1.65681 2.14286 1.56953 0.00000 0.00000 0.00000 0.33136 0.42857 1 0 1.0
cl_maskblue
0 1.16259 -3.00000 1.78095 0.00000 0.00000 0.00000 0.23252 -0.60000 1 0 1.0
0 1.57261 -3.00000 2.04707 0.00000 0.00000 0.00000 0.31452 -0.60000 1 0 1.0
0 1.57261 -3.00000 2.04707 0.00000 0.00000 0.00000 0.31452 -0.60000 1 0 1.0
cl_maskblue
0 1.16259 -3.00000 1.78095 0.00000 0.00000 0.00000 0.23252 -0.60000 1 0 1.0
0 1.57261 -3.00000 2.04707 0.00000 0.00000 0.00000 0.31452 -0.60000 1 0 1.0
0 1.16259 -3.00000 1.78095 0.00000 0.00000 0.00000 0.23252 -0.60000 1 0 1.0
cl_maskblue
0 -1.80429 -0.42857 0.46687 0.00000 0.00000 0.00000 -0.36086 -0.08571 1 0 1.0
0 -1.81482 -0.85714 0.52656 0.00000 0.00000 0.00000 -0.36296 -0.17143 1 0 1.0
0 -1.81482 -0.85714 0.52656 0.00000 0.00000 0.00000 -0.36296 -0.17143 1 0 1.0
cl_maskblue
0 -1.80429 -0.42857 0.46687 0.00000 0.00000 0.00000 -0.36086 -0.08571 1 0 1.0
0 -1.81482 -0.85714 0.52656 0.00000 0.00000 0.00000 -0.36296 -0.17143 1 0 1.0
0 -1.80429 -0.42857 0.46687 0.00000 0.00000 0.00000 -0.36086 -0.08571 1 0 1.0
cl_maskblue
0 1.57261 3.00000 2.04707 0.00000 0.00000 0.00000 0.31452 0.60000 1 0 1.0
0 1.16259 3.00000 1.78095 0.00000 0.00000 0.00000 0.23252 0.60000 1 0 1.0
0 1.16259 3.00000 1.78095 0.00000 0.00000 0.00000 0.23252 0.60000 1 0 1.0
cl_maskblue
0 1.57261 3.00000 2.04707 0.00000 0.00000 0.00000 0.31452 0.60000 1 0 1.0
0 1.16259 3.00000 1.78095 0.00000 0.00000 0.00000 0.23252 0.60000 1 0 1.0
0 1.57261 3.00000 2.04707 0.00000 0.00000 0.00000 0.31452 0.60000 1 0 1.0
cl_maskblue
0 -1.49639 -3.00000 1.31210 0.00000 0.00000 0.00000 -0.29928 -0.60000 1 0 1.0
0 -1.06527 -3.00000 1.45856 0.00000 0.00000 0.00000 -0.21305 -0.60000 1 0 1.0
0 -1.06527 -3.00000 1.45856 0.00000 0.00000 0.00000 -0.21305 -0.60000 1 0 1.0
cl_maskblue
0 -1.49639 -3.00000 1.31210 0.00000 0.00000 0.00000 -0.29928 -0.60000 1 0 1.0
0 -1.06527 -3.00000 1.45856 0.00000 0.00000 0.00000 -0.21305 -0.60000 1 0 1.0
0 -1.49639 -3.00000 1.31210 0.00000 0.00000 0.00000 -0.29928 -0.60000 1 0 1.0
cl_maskblue
0 -1.06527 3.00000 1.45856 0.00000 0.00000 0.00000 -0.21305 0.60000 1 0 1.0
0 -1.49639 3.00000 1.31210 0.00000 0.00000 0.00000 -0.29928 0.60000 1 0 1.0
0 -1.49639 3.00000 1.31210 0.00000 0.00000 0.00000 -0.29928 0.60000 1 0 1.0
cl_maskblue
0 -1.06527 3.00000 1.45856 0.00000 0.00000 0.00000 -0.21305 0.60000 1 0 1.0
0 -1.49639 3.00000 1.31210 0.00000 0.00000 0.00000 -0.29928 0.60000 1 0 1.0
0 -1.06527 3.00000 1.45856 0.00000 0.00000 0.00000 -0.21305 0.60000 1 0 1.0
cl_maskblue
0 1.74101 -0.42857 1.09200 0.00000 0.00000 0.00000 0.34820 -0.08571 1 0 1.0
0 1.74452 0.00000 1.07211 0.00000 0.00000 0.00000 0.34890 0.00000 1 0 1.0
0 1.74452 0.00000 1.07211 0.00000 0.00000 0.00000 0.34890 0.00000 1 0 1.0
cl_maskblue
0 1.74101 -0.42857 1.09200 0.00000 0.00000 0.00000 0.34820 -0.08571 1 0 1.0
0 1.74452 0.00000 1.07211 0.00000 0.00000 0.00000 0.34890 0.00000 1 0 1.0
0 1.74101 -0.42857 1.09200 0.00000 0.00000 0.00000 0.34820 -0.08571 1 0 1.0
cl_maskblue
0 1.61822 2.57143 1.78840 0.00000 0.00000 0.00000 0.32364 0.51429 1 0 1.0
0 1.57261 3.00000 2.04707 0.00000 0.00000 0.00000 0.31452 0.60000 1 0 1.0
0 1.57261 3.00000 2.04707 0.00000 0.00000 0.00000 0.31452 0.60000 1 0 1.0
cl_maskblue
0 1.61822 2.57143 1.78840 0.00000 0.00000 0.00000 0.32364 0.51429 1 0 1.0
0 1.57261 3.00000 2.04707 0.00000 0.00000 0.00000 0.31452 0.60000 1 0 1.0
0 1.61822 2.57143 1.78840 0.00000 0.00000 0.00000 0.32364 0.51429 1 0 1.0
cl_maskblue
0 -1.88849 -2.14286 0.94440 0.00000 0.00000 0.00000 -0.37770 -0.42857 1 0 1.0
0 -1.92709 -2.57143 1.16327 0.00000 0.00000 0.00000 -0.38542 -0.51429 1 0 1.0
0 -1.92709 -2.57143 1.16327 0.00000 0.00000 0.00000 -0.38542 -0.51429 1 0 1.0
cl_maskblue
0 -1.88849 -2.14286 0.94440 0.00000 0.00000 0.00000 -0.37770 -0.42857 1 0 1.0
0 -1.92709 -2.57143 1.16327 0.00000 0.00000 0.00000 -0.38542 -0.51429 1 0 1.0
0 -1.88849 -2.14286 0.94440 0.00000 0.00000 0.00000 -0.37770 -0.42857 1 0 1.0
cl_maskblue
0 -1.85692 1.71429 0.76533 0.00000 0.00000 0.00000 -0.37138 0.34286 1 0 1.0
0 -1.83236 1.28571 0.62605 0.00000 0.00000 0.00000 -0.36647 0.25714 1 0 1.0
0 -1.83236 1.28571 0.62605 0.00000 0.00000 0.00000 -0.36647 0.25714 1 0 1.0
cl_maskblue
0 -1.85692 1.71429 0.76533 0.00000 0.00000 0.00000 -0.37138 0.34286 1 0 1.0
0 -1.83236 1.28571 0.62605 0.00000 0.00000 0.00000 -0.36647 0.25714 1 0 1.0
0 -1.85692 1.71429 0.76533 0.00000 0.00000 0.00000 -0.37138 0.34286 1 0 1.0
cl_maskblue
0 1.57261 -3.00000 2.04707 0.00000 0.00000 0.00000 0.31452 -0.60000 1 0 1.0
0 1.61822 -2.57143 1.78840 0.00000 0.00000 0.00000 0.32364 -0.51429 1 0 1.0
0 1.61822 -2.57143 1.78840 0.00000 0.00000 0.00000 0.32364 -0.51429 1 0 1.0
cl_maskblue
0 1.57261 -3.00000 2.04707 0.00000 0.00000 0.00000 0.31452 -0.60000 1 0 1.0
0 1.61822 -2.57143 1.78840 0.00000 0.00000 0.00000 0.32364 -0.51429 1 0 1.0
0 1.57261 -3.00000 2.04707 0.00000 0.00000 0.00000 0.31452 -0.60000 1 0 1.0
cl_maskblue
0 -1.06527 -3.00000 1.45856 0.00000 0.00000 0.00000 -0.21305 -0.60000 1 0 1.0
0 -0.61683 -3.00000 1.50679 0.00000 0.00000 0.00000 -0.12337 -0.60000 1 0 1.0
0 -0.61683 -3.00000 1.50679 0.00000 0.00000 0.00000 -0.12337 -0.60000 1 0 1.0
cl_maskblue
0 -1.06527 -3.00000 1.45856 0.00000 0.00000 0.00000 -0.21305 -0.60000 1 0 1.0
0 -0.61683 -3.00000 1.50679 0.00000 0.00000 0.00000 -0.12337 -0.60000 1 0 1.0
0 -1.06527 -3.00000 1.45856 0.00000 0.00000 0.00000 -0.21305 -0.60000 1 0 1.0
cl_maskblue
0 1.74452 0.00000 1.07211 0.00000 0.00000 0.00000 0.34890 0.00000 1 0 1.0
0 1.74101 0.42857 1.09200 0.00000 0.00000 0.00000 0.34820 0.08571 1 0 1.0
0 1.74101 0.42857 1.09200 0.00000 0.00000 0.00000 0.34820 0.08571 1 0 1.0
cl_maskblue
0 1.74452 0.00000 1.07211 0.00000 0.00000 0.00000 0.34890 0.00000 1 0 1.0
0 1.74101 0.42857 1.09200 0.00000 0.00000 0.00000 0.34820 0.08571 1 0 1.0
0 1.74452 0.00000 1.07211 0.00000 0.00000 0.00000 0.34890 0.00000 1 0 1.0
cl_maskblue
0 -0.61683 3.00000 1.50679 0.00000 0.00000 0.00000 -0.12337 0.60000 1 0 1.0
0 -1.06527 3.00000 1.45856 0.00000 0.00000 0.00000 -0.21305 0.60000 1 0 1.0
0 -1.06527 3.00000 1.45856 0.00000 0.00000 0.00000 -0.21305 0.60000 1 0 1.0
cl_maskblue
0 -0.61683 3.00000 1.50679 0.00000 0.00000 0.00000 -0.12337 0.60000 1 0 1.0
0 -1.06527 3.00000 1.45856 0.00000 0.00000 0.00000 -0.21305 0.60000 1 0 1.0
0 -0.61683 3.00000 1.50679 0.00000 0.00000 0.00000 -0.12337 0.60000 1 0 1.0
cl_maskblue
0 -1.80078 0.00000 0.44697 0.00000 0.00000 0.00000 -0.36016 0.00000 1 0 1.0
0 -1.80429 -0.42857 0.46687 0.00000 0.00000 0.00000 -0.36086 -0.08571 1 0 1.0
0 -1.80429 -0.42857 0.46687 0.00000 0.00000 0.00000 -0.36086 -0.08571 1 0 1.0
cl_maskblue
0 -1.80078 0.00000 0.44697 0.00000 0.00000 0.00000 -0.36016 0.00000 1 0 1.0
0 -1.80429 -0.42857 0.46687 0.00000 0.00000 0.00000 -0.36086 -0.08571 1 0 1.0
0 -1.80078 0.00000 0.44697 0.00000 0.00000 0.00000 -0.36016 0.00000 1 0 1.0
cl_maskblue
0 1.61822 -2.57143 1.78840 0.00000 0.00000 0.00000 0.32364 -0.51429 1 0 1.0
0 1.65681 -2.14286 1.56953 0.00000 0.00000 0.00000 0.33136 -0.42857 1 0 1.0
0 1.65681 -2.14286 1.56953 0.00000 0.00000 0.00000 0.33136 -0.42857 1 0 1.0
cl_maskblue
0 1.61822 -2.57143 1.78840 0.00000 0.00000 0.00000 0.32364 -0.51429 1 0 1.0
0 1.65681 -2.14286 1.56953 0.00000 0.00000 0.00000 0.33136 -0.42857 1 0 1.0
0 1.61822 -2.57143 1.78840 0.00000 0.00000 0.00000 0.32364 -0.51429 1 0 1.0
cl_maskblue
0 -1.85692 -1.71429 0.76533 0.00000 0.00000 0.00000 -0.37138 -0.34286 1 0 1.0
0 -1.88849 -2.14286 0.94440 0.00000 0.00000 0.00000 -0.37770 -0.42857 1 0 1.0
0 -1.88849 -2.14286 0.94440 0.00000 0.00000 0.00000 -0.37770 -0.42857 1 0 1.0
cl_maskblue
0 -1.85692 -1.71429 0.76533 0.00000 0.00000 0.00000 -0.37138 -0.34286 1 0 1.0
0 -1.88849 -2.14286 0.94440 0.00000 0.00000 0.00000 -0.37770 -0.42857 1 0 1.0
0 -1.85692 -1.71429 0.76533 0.00000 0.00000 0.00000 -0.37138 -0.34286 1 0 1.0
cl_maskblue
0 1.74101 0.42857 1.09200 0.00000 0.00000 0.00000 0.34820 0.08571 1 0 1.0
0 1.73049 0.85714 1.15169 0.00000 0.00000 0.00000 0.34610 0.17143 1 0 1.0
0 1.73049 0.85714 1.15169 0.00000 0.00000 0.00000 0.34610 0.17143 1 0 1.0
cl_maskblue
0 1.74101 0.42857 1.09200 0.00000 0.00000 0.00000 0.34820 0.08571 1 0 1.0
0 1.73049 0.85714 1.15169 0.00000 0.00000 0.00000 0.34610 0.17143 1 0 1.0
0 1.74101 0.42857 1.09200 0.00000 0.00000 0.00000 0.34820 0.08571 1 0 1.0
cl_maskblue
0 -0.61683 -3.00000 1.50679 0.00000 0.00000 0.00000 -0.12337 -0.60000 1 0 1.0
0 -0.15107 -3.00000 1.45678 0.00000 0.00000 0.00000 -0.03021 -0.60000 1 0 1.0
0 -0.15107 -3.00000 1.45678 0.00000 0.00000 0.00000 -0.03021 -0.60000 1 0 1.0
cl_maskblue
0 -0.61683 -3.00000 1.50679 0.00000 0.00000 0.00000 -0.12337 -0.60000 1 0 1.0
0 -0.15107 -3.00000 1.45678 0.00000 0.00000 0.00000 -0.03021 -0.60000 1 0 1.0
0 -0.61683 -3.00000 1.50679 0.00000 0.00000 0.00000 -0.12337 -0.60000 1 0 1.0
cl_maskblue
0 -1.88849 2.14286 0.94440 0.00000 0.00000 0.00000 -0.37770 0.42857 1 0 1.0
0 -1.85692 1.71429 0.76533 0.00000 0.00000 0.00000 -0.37138 0.34286 1 0 1.0
0 -1.85692 1.71429 0.76533 0.00000 0.00000 0.00000 -0.37138 0.34286 1 0 1.0
cl_maskblue
0 -1.88849 2.14286 0.94440 0.00000 0.00000 0.00000 -0.37770 0.42857 1 0 1.0
0 -1.85692 1.71429 0.76533 0.00000 0.00000 0.00000 -0.37138 0.34286 1 0 1.0
0 -1.88849 2.14286 0.94440 0.00000 0.00000 0.00000 -0.37770 0.42857 1 0 1.0
cl_maskblue
0 -0.15107 3.00000 1.45678 0.00000 0.00000 0.00000 -0.03021 0.60000 1 0 1.0
0 -0.61683 3.00000 1.50679 0.00000 0.00000 0.00000 -0.12337 0.60000 1 0 1.0
0 -0.61683 3.00000 1.50679 0.00000 0.00000 0.00000 -0.12337 0.60000 1 0 1.0
cl_maskblue
0 -0.15107 3.00000 1.45678 0.00000 0.00000 0.00000 -0.03021 0.60000 1 0 1.0
0 -0.61683 3.00000 1.50679 0.00000 0.00000 0.00000 -0.12337 0.60000 1 0 1.0
0 -0.15107 3.00000 1.45678 0.00000 0.00000 0.00000 -0.03021 0.60000 1 0 1.0
cl_maskblue
0 1.65681 -2.14286 1.56953 0.00000 0.00000 0.00000 0.33136 -0.42857 1 0 1.0
0 1.68839 -1.71429 1.39046 0.00000 0.00000 0.00000 0.33768 -0.34286 1 0 1.0
0 1.68839 -1.71429 1.39046 0.00000 0.00000 0.00000 0.33768 -0.34286 1 0 1.0
cl_maskblue
0 1.65681 -2.14286 1.56953 0.00000 0.00000 0.00000 0.33136 -0.42857 1 0 1.0
0 1.68839 -1.71429 1.39046 0.00000 0.00000 0.00000 0.33768 -0.34286 1 0 1.0
0 1.65681 -2.14286 1.56953 0.00000 0.00000 0.00000 0.33136 -0.42857 1 0 1.0
cl_maskblue
0 -1.80429 0.42857 0.46687 0.00000 0.00000 0.00000 -0.36086 0.08571 1 0 1.0
0 -1.80078 0.00000 0.44697 0.00000 0.00000 0.00000 -0.36016 0.00000 1 0 1.0
0 -1.80078 0.00000 0.44697 0.00000 0.00000 0.00000 -0.36016 0.00000 1 0 1.0
cl_maskblue
0 -1.80429 0.42857 0.46687 0.00000 0.00000 0.00000 -0.36086 0.08571 1 0 1.0
0 -1.80078 0.00000 0.44697 0.00000 0.00000 0.00000 -0.36016 0.00000 1 0 1.0
0 -1.80429 0.42857 0.46687 0.00000 0.00000 0.00000 -0.36086 0.08571 1 0 1.0
cl_maskblue
0 1.73049 0.85714 1.15169 0.00000 0.00000 0.00000 0.34610 0.17143 1 0 1.0
0 1.71295 1.28571 1.25118 0.00000 0.00000 0.00000 0.34259 0.25714 1 0 1.0
0 1.71295 1.28571 1.25118 0.00000 0.00000 0.00000 0.34259 0.25714 1 0 1.0
cl_maskblue
0 1.73049 0.85714 1.15169 0.00000 0.00000 0.00000 0.34610 0.17143 1 0 1.0
0 1.71295 1.28571 1.25118 0.00000 0.00000 0.00000 0.34259 0.25714 1 0 1.0
0 1.73049 0.85714 1.15169 0.00000 0.00000 0.00000 0.34610 0.17143 1 0 1.0
cl_maskblue
0 -0.15107 -3.00000 1.45678 0.00000 0.00000 0.00000 -0.03021 -0.60000 1 0 1.0
0 0.26949 -3.00000 1.66307 0.00000 0.00000 0.00000 0.05390 -0.60000 1 0 1.0
0 0.26949 -3.00000 1.66307 0.00000 0.00000 0.00000 0.05390 -0.60000 1 0 1.0
cl_maskblue
0 -0.15107 -3.00000 1.45678 0.00000 0.00000 0.00000 -0.03021 -0.60000 1 0 1.0
0 0.26949 -3.00000 1.66307 0.00000 0.00000 0.00000 0.05390 -0.60000 1 0 1.0
0 -0.15107 -3.00000 1.45678 0.00000 0.00000 0.00000 -0.03021 -0.60000 1 0 1.0
cl_maskblue
0 0.26949 3.00000 1.66307 0.00000 0.00000 0.00000 0.05390 0.60000 1 0 1.0
0 -0.15107 3.00000 1.45678 0.00000 0.00000 0.00000 -0.03021 0.60000 1 0 1.0
0 -0.15107 3.00000 1.45678 0.00000 0.00000 0.00000 -0.03021 0.60000 1 0 1.0
cl_maskblue
0 0.26949 3.00000 1.66307 0.00000 0.00000 0.00000 0.05390 0.60000 1 0 1.0
0 -0.15107 3.00000 1.45678 0.00000 0.00000 0.00000 -0.03021 0.60000 1 0 1.0
0 0.26949 3.00000 1.66307 0.00000 0.00000 0.00000 0.05390 0.60000 1 0 1.0
cl_maskblue
0 -1.83236 -1.28571 0.62605 0.00000 0.00000 0.00000 -0.36647 -0.25714 1 0 1.0
0 -1.85692 -1.71429 0.76533 0.00000 0.00000 0.00000 -0.37138 -0.34286 1 0 1.0
0 -1.85692 -1.71429 0.76533 0.00000 0.00000 0.00000 -0.37138 -0.34286 1 0 1.0
cl_maskblue
0 -1.83236 -1.28571 0.62605 0.00000 0.00000 0.00000 -0.36647 -0.25714 1 0 1.0
0 -1.85692 -1.71429 0.76533 0.00000 0.00000 0.00000 -0.37138 -0.34286 1 0 1.0
0 -1.83236 -1.28571 0.62605 0.00000 0.00000 0.00000 -0.36647 -0.25714 1 0 1.0
cl_maskblue
0 -1.92709 2.57143 1.16327 0.00000 0.00000 0.00000 -0.38542 0.51429 1 0 1.0
0 -1.88849 2.14286 0.94440 0.00000 0.00000 0.00000 -0.37770 0.42857 1 0 1.0
0 -1.88849 2.14286 0.94440 0.00000 0.00000 0.00000 -0.37770 0.42857 1 0 1.0
cl_maskblue
0 -1.92709 2.57143 1.16327 0.00000 0.00000 0.00000 -0.38542 0.51429 1 0 1.0
0 -1.88849 2.14286 0.94440 0.00000 0.00000 0.00000 -0.37770 0.42857 1 0 1.0
0 -1.92709 2.57143 1.16327 0.00000 0.00000 0.00000 -0.38542 0.51429 1 0 1.0
cl_maskblue
0 1.68839 -1.71429 1.39046 0.00000 0.00000 0.00000 0.33768 -0.34286 1 0 1.0
0 1.71295 -1.28571 1.25118 0.00000 0.00000 0.00000 0.34259 -0.25714 1 0 1.0
0 1.71295 -1.28571 1.25118 0.00000 0.00000 0.00000 0.34259 -0.25714 1 0 1.0
cl_maskblue
0 1.68839 -1.71429 1.39046 0.00000 0.00000 0.00000 0.33768 -0.34286 1 0 1.0
0 1.71295 -1.28571 1.25118 0.00000 0.00000 0.00000 0.34259 -0.25714 1 0 1.0
0 1.68839 -1.71429 1.39046 0.00000 0.00000 0.00000 0.33768 -0.34286 1 0 1.0
cl_maskblue
0 1.71295 1.28571 1.25118 0.00000 0.00000 0.00000 0.34259 0.25714 1 0 1.0
0 1.68839 1.71429 1.39046 0.00000 0.00000 0.00000 0.33768 0.34286 1 0 1.0
0 1.68839 1.71429 1.39046 0.00000 0.00000 0.00000 0.33768 0.34286 1 0 1.0
cl_maskblue
0 1.71295 1.28571 1.25118 0.00000 0.00000 0.00000 0.34259 0.25714 1 0 1.0
0 1.68839 1.71429 1.39046 0.00000 0.00000 0.00000 0.33768 0.34286 1 0 1.0
0 1.71295 1.28571 1.25118 0.00000 0.00000 0.00000 0.34259 0.25714 1 0 1.0
cl_maskblue
0 0.26949 -3.00000 1.66307 0.00000 0.00000 0.00000 0.05390 -0.60000 1 0 1.0
0 0.70738 -3.00000 1.77113 0.00000 0.00000 0.00000 0.14148 -0.60000 1 0 1.0
0 0.70738 -3.00000 1.77113 0.00000 0.00000 0.00000 0.14148 -0.60000 1 0 1.0
cl_maskblue
0 0.26949 -3.00000 1.66307 0.00000 0.00000 0.00000 0.05390 -0.60000 1 0 1.0
0 0.70738 -3.00000 1.77113 0.00000 0.00000 0.00000 0.14148 -0.60000 1 0 1.0
0 0.26949 -3.00000 1.66307 0.00000 0.00000 0.00000 0.05390 -0.60000 1 0 1.0
cl_maskblue
0 -1.81482 0.85714 0.52656 0.00000 0.00000 0.00000 -0.36296 0.17143 1 0 1.0
0 -1.80429 0.42857 0.46687 0.00000 0.00000 0.00000 -0.36086 0.08571 1 0 1.0
0 -1.80429 0.42857 0.46687 0.00000 0.00000 0.00000 -0.36086 0.08571 1 0 1.0
cl_maskblue
0 -1.81482 0.85714 0.52656 0.00000 0.00000 0.00000 -0.36296 0.17143 1 0 1.0
0 -1.80429 0.42857 0.46687 0.00000 0.00000 0.00000 -0.36086 0.08571 1 0 1.0
0 -1.81482 0.85714 0.52656 0.00000 0.00000 0.00000 -0.36296 0.17143 1 0 1.0
cl_maskblue
0 0.70738 3.00000 1.77113 0.00000 0.00000 0.00000 0.14148 0.60000 1 0 1.0
0 0.26949 3.00000 1.66307 0.00000 0.00000 0.00000 0.05390 0.60000 1 0 1.0
0 0.26949 3.00000 1.66307 0.00000 0.00000 0.00000 0.05390 0.60000 1 0 1.0
cl_maskblue
0 0.70738 3.00000 1.77113 0.00000 0.00000 0.00000 0.14148 0.60000 1 0 1.0
0 0.26949 3.00000 1.66307 0.00000 0.00000 0.00000 0.05390 0.60000 1 0 1.0
0 0.70738 3.00000 1.77113 0.00000 0.00000 0.00000 0.14148 0.60000 1 0 1.0
cl_maskblue
0 1.71295 -1.28571 1.25118 0.00000 0.00000 0.00000 0.34259 -0.25714 1 0 1.0
0 1.73049 -0.85714 1.15169 0.00000 0.00000 0.00000 0.34610 -0.17143 1 0 1.0
0 1.73049 -0.85714 1.15169 0.00000 0.00000 0.00000 0.34610 -0.17143 1 0 1.0
cl_maskblue
0 1.71295 -1.28571 1.25118 0.00000 0.00000 0.00000 0.34259 -0.25714 1 0 1.0
0 1.73049 -0.85714 1.15169 0.00000 0.00000 0.00000 0.34610 -0.17143 1 0 1.0
0 1.71295 -1.28571 1.25118 0.00000 0.00000 0.00000 0.34259 -0.25714 1 0 1.0
cl_maskblue
0 -1.81482 -0.85714 0.52656 0.00000 0.00000 0.00000 -0.36296 -0.17143 1 0 1.0
0 -1.83236 -1.28571 0.62605 0.00000 0.00000 0.00000 -0.36647 -0.25714 1 0 1.0
0 -1.83236 -1.28571 0.62605 0.00000 0.00000 0.00000 -0.36647 -0.25714 1 0 1.0
cl_maskblue
0 -1.81482 -0.85714 0.52656 0.00000 0.00000 0.00000 -0.36296 -0.17143 1 0 1.0
0 -1.83236 -1.28571 0.62605 0.00000 0.00000 0.00000 -0.36647 -0.25714 1 0 1.0
0 -1.81482 -0.85714 0.52656 0.00000 0.00000 0.00000 -0.36296 -0.17143 1 0 1.0
cl_maskblue
0 1.68839 1.71429 1.39046 0.00000 0.00000 0.00000 0.33768 0.34286 1 0 1.0
0 1.65681 2.14286 1.56953 0.00000 0.00000 0.00000 0.33136 0.42857 1 0 1.0
0 1.65681 2.14286 1.56953 0.00000 0.00000 0.00000 0.33136 0.42857 1 0 1.0
cl_maskblue
0 1.68839 1.71429 1.39046 0.00000 0.00000 0.00000 0.33768 0.34286 1 0 1.0
0 1.65681 2.14286 1.56953 0.00000 0.00000 0.00000 0.33136 0.42857 1 0 1.0
0 1.68839 1.71429 1.39046 0.00000 0.00000 0.00000 0.33768 0.34286 1 0 1.0
cl_maskblue
0 -1.97270 3.00000 1.42193 0.00000 0.00000 0.00000 -0.39454 0.60000 1 0 1.0
0 -1.92709 2.57143 1.16327 0.00000 0.00000 0.00000 -0.38542 0.51429 1 0 1.0
0 -1.92709 2.57143 1.16327 0.00000 0.00000 0.00000 -0.38542 0.51429 1 0 1.0
cl_maskblue
0 -1.97270 3.00000 1.42193 0.00000 0.00000 0.00000 -0.39454 0.60000 1 0 1.0
0 -1.92709 2.57143 1.16327 0.00000 0.00000 0.00000 -0.38542 0.51429 1 0 1.0
0 -1.97270 3.00000 1.42193 0.00000 0.00000 0.00000 -0.39454 0.60000 1 0 1.0
cl_white
0 -0.26729 -2.95674 0.25000 -0.68053 0.43748 0.58778 -0.59135 0.05000 1 0 1.0
0 -0.54541 -3.38936 0.25000 -0.68053 0.43748 0.58778 -0.67787 0.05000 1 0 1.0
0 -0.49891 -3.41926 0.32608 -0.68053 0.43748 0.58778 -0.68385 0.06522 1 0 1.0
cl_white
0 -0.26729 -2.95674 0.25000 -0.68053 0.43748 0.58778 -0.59135 0.05000 1 0 1.0
0 -0.49891 -3.41926 0.32608 -0.68053 0.43748 0.58778 -0.68385 0.06522 1 0 1.0
0 -0.22080 -2.98663 0.32608 -0.68053 0.43748 0.58778 -0.59733 0.06522 1 0 1.0
cl_white
0 -0.22080 -2.98663 0.32608 0.25994 -0.16710 0.95106 -0.04416 -0.59733 1 0 1.0
0 -0.49891 -3.41926 0.32608 0.25994 -0.16710 0.95106 -0.09978 -0.68385 1 0 1.0
0 -0.42367 -3.46762 0.29702 0.25994 -0.16710 0.95106 -0.08473 -0.69352 1 0 1.0
cl_white
0 -0.22080 -2.98663 0.32608 0.25994 -0.16710 0.95106 -0.04416 -0.59733 1 0 1.0
0 -0.42367 -3.46762 0.29702 0.25994 -0.16710 0.95106 -0.08473 -0.69352 1 0 1.0
0 -0.14556 -3.03500 0.29702 0.25994 -0.16710 0.95106 -0.02911 -0.60700 1 0 1.0
cl_white
0 -0.14556 -3.03500 0.29702 0.84118 -0.54076 0.00000 -0.60700 0.05940 1 0 1.0
0 -0.42367 -3.46762 0.29702 0.84118 -0.54076 0.00000 -0.69352 0.05940 1 0 1.0
0 -0.42367 -3.46762 0.20298 0.84118 -0.54076 0.00000 -0.69352 0.04060 1 0 1.0
cl_white
0 -0.14556 -3.03500 0.29702 0.84118 -0.54076 0.00000 -0.60700 0.05940 1 0 1.0
0 -0.42367 -3.46762 0.20298 0.84118 -0.54076 0.00000 -0.69352 0.04060 1 0 1.0
0 -0.14556 -3.03500 0.20298 0.84118 -0.54076 0.00000 -0.60700 0.04060 1 0 1.0
cl_white
0 -0.14556 -3.03500 0.20298 0.25994 -0.16710 -0.95106 -0.02911 -0.60700 1 0 1.0
0 -0.42367 -3.46762 0.20298 0.25994 -0.16710 -0.95106 -0.08473 -0.69352 1 0 1.0
0 -0.49891 -3.41926 0.17392 0.25994 -0.16710 -0.95106 -0.09978 -0.68385 1 0 1.0
cl_white
0 -0.14556 -3.03500 0.20298 0.25994 -0.16710 -0.95106 -0.02911 -0.60700 1 0 1.0
0 -0.49891 -3.41926 0.17392 0.25994 -0.16710 -0.95106 -0.09978 -0.68385 1 0 1.0
0 -0.22080 -2.98663 0.17392 0.25994 -0.16710 -0.95106 -0.04416 -0.59733 1 0 1.0
cl_white
0 -0.22080 -2.98663 0.17392 -0.68053 0.43748 -0.58778 -0.59733 0.03478 1 0 1.0
0 -0.49891 -3.41926 0.17392 -0.68053 0.43748 -0.58778 -0.68385 0.03478 1 0 1.0
0 -0.54541 -3.38936 0.25000 -0.68053 0.43748 -0.58778 -0.67787 0.05000 1 0 1.0
cl_white
0 -0.22080 -2.98663 0.17392 -0.68053 0.43748 -0.58778 -0.59733 0.03478 1 0 1.0
0 -0.54541 -3.38936 0.25000 -0.68053 0.43748 -0.58778 -0.67787 0.05000 1 0 1.0
0 -0.26729 -2.95674 0.25000 -0.68053 0.43748 -0.58778 -0.59135 0.05000 1 0 1.0
cl_white
0 -0.54541 -3.38936 0.25000 -0.68053 0.43748 0.58779 -0.67787 0.05000 1 0 1.0
0 -0.79630 -3.77964 0.25000 -0.68053 0.43748 0.58779 -0.75593 0.05000 1 0 1.0
0 -0.74980 -3.80953 0.32608 -0.68053 0.43748 0.58779 -0.76191 0.06522 1 0 1.0
cl_white
0 -0.54541 -3.38936 0.25000 -0.68053 0.43748 0.58778 -0.67787 0.05000 1 0 1.0
0 -0.74980 -3.80953 0.32608 -0.68053 0.43748 0.58778 -0.76191 0.06522 1 0 1.0
0 -0.49891 -3.41926 0.32608 -0.68053 0.43748 0.58778 -0.68385 0.06522 1 0 1.0
cl_white
0 -0.49891 -3.41926 0.32608 0.25994 -0.16710 0.95106 -0.09978 -0.68385 1 0 1.0
0 -0.74980 -3.80953 0.32608 0.25994 -0.16710 0.95106 -0.14996 -0.76191 1 0 1.0
0 -0.67456 -3.85790 0.29702 0.25994 -0.16710 0.95106 -0.13491 -0.77158 1 0 1.0
cl_white
0 -0.49891 -3.41926 0.32608 0.25994 -0.16710 0.95106 -0.09978 -0.68385 1 0 1.0
0 -0.67456 -3.85790 0.29702 0.25994 -0.16710 0.95106 -0.13491 -0.77158 1 0 1.0
0 -0.42367 -3.46762 0.29702 0.25994 -0.16710 0.95106 -0.08473 -0.69352 1 0 1.0
cl_white
0 -0.42367 -3.46762 0.29702 0.84118 -0.54076 0.00000 -0.69352 0.05940 1 0 1.0
0 -0.67456 -3.85790 0.29702 0.84118 -0.54076 0.00000 -0.77158 0.05940 1 0 1.0
0 -0.67456 -3.85790 0.20298 0.84118 -0.54076 0.00000 -0.77158 0.04060 1 0 1.0
cl_white
0 -0.42367 -3.46762 0.29702 0.84118 -0.54076 0.00000 -0.69352 0.05940 1 0 1.0
0 -0.67456 -3.85790 0.20298 0.84118 -0.54076 0.00000 -0.77158 0.04060 1 0 1.0
0 -0.42367 -3.46762 0.20298 0.84118 -0.54076 0.00000 -0.69352 0.04060 1 0 1.0
cl_white
0 -0.42367 -3.46762 0.20298 0.25994 -0.16710 -0.95106 -0.08473 -0.69352 1 0 1.0
0 -0.67456 -3.85790 0.20298 0.25994 -0.16710 -0.95106 -0.13491 -0.77158 1 0 1.0
0 -0.74980 -3.80953 0.17392 0.25994 -0.16710 -0.95106 -0.14996 -0.76191 1 0 1.0
cl_white
0 -0.42367 -3.46762 0.20298 0.25994 -0.16710 -0.95106 -0.08473 -0.69352 1 0 1.0
0 -0.74980 -3.80953 0.17392 0.25994 -0.16710 -0.95106 -0.14996 -0.76191 1 0 1.0
0 -0.49891 -3.41926 0.17392 0.25994 -0.16710 -0.95106 -0.09978 -0.68385 1 0 1.0
cl_white
0 -0.49891 -3.41926 0.17392 -0.68053 0.43748 -0.58779 -0.68385 0.03478 1 0 1.0
0 -0.74980 -3.80953 0.17392 -0.68053 0.43748 -0.58779 -0.76191 0.03478 1 0 1.0
0 -0.79630 -3.77964 0.25000 -0.68053 0.43748 -0.58779 -0.75593 0.05000 1 0 1.0
cl_white
0 -0.49891 -3.41926 0.17392 -0.68053 0.43748 -0.58778 -0.68385 0.03478 1 0 1.0
0 -0.79630 -3.77964 0.25000 -0.68053 0.43748 -0.58778 -0.75593 0.05000 1 0 1.0
0 -0.54541 -3.38936 0.25000 -0.68053 0.43748 -0.58778 -0.67787 0.05000 1 0 1.0
cl_white
0 -0.79630 -3.77964 0.25000 -0.68053 0.43748 0.58779 -0.75593 0.05000 1 0 1.0
0 -0.99541 -4.08936 0.25000 -0.68053 0.43748 0.58779 -0.81787 0.05000 1 0 1.0
0 -0.94891 -4.11926 0.32608 -0.68053 0.43748 0.58779 -0.82385 0.06522 1 0 1.0
cl_white
0 -0.79630 -3.77964 0.25000 -0.68053 0.43748 0.58779 -0.75593 0.05000 1 0 1.0
0 -0.94891 -4.11926 0.32608 -0.68053 0.43748 0.58779 -0.82385 0.06522 1 0 1.0
0 -0.74980 -3.80953 0.32608 -0.68053 0.43748 0.58779 -0.76191 0.06522 1 0 1.0
cl_white
0 -0.74980 -3.80953 0.32608 0.25994 -0.16710 0.95106 -0.14996 -0.76191 1 0 1.0
0 -0.94891 -4.11926 0.32608 0.25994 -0.16710 0.95106 -0.18978 -0.82385 1 0 1.0
0 -0.87367 -4.16762 0.29702 0.25994 -0.16710 0.95106 -0.17473 -0.83352 1 0 1.0
cl_white
0 -0.74980 -3.80953 0.32608 0.25994 -0.16710 0.95106 -0.14996 -0.76191 1 0 1.0
0 -0.87367 -4.16762 0.29702 0.25994 -0.16710 0.95106 -0.17473 -0.83352 1 0 1.0
0 -0.67456 -3.85790 0.29702 0.25994 -0.16710 0.95106 -0.13491 -0.77158 1 0 1.0
cl_white
0 -0.67456 -3.85790 0.29702 0.84118 -0.54076 0.00000 -0.77158 0.05940 1 0 1.0
0 -0.87367 -4.16762 0.29702 0.84118 -0.54076 0.00000 -0.83352 0.05940 1 0 1.0
0 -0.87367 -4.16762 0.20298 0.84118 -0.54076 0.00000 -0.83352 0.04060 1 0 1.0
cl_white
0 -0.67456 -3.85790 0.29702 0.84118 -0.54076 0.00000 -0.77158 0.05940 1 0 1.0
0 -0.87367 -4.16762 0.20298 0.84118 -0.54076 0.00000 -0.83352 0.04060 1 0 1.0
0 -0.67456 -3.85790 0.20298 0.84118 -0.54076 0.00000 -0.77158 0.04060 1 0 1.0
cl_white
0 -0.67456 -3.85790 0.20298 0.25994 -0.16710 -0.95106 -0.13491 -0.77158 1 0 1.0
0 -0.87367 -4.16762 0.20298 0.25994 -0.16710 -0.95106 -0.17473 -0.83352 1 0 1.0
0 -0.94891 -4.11926 0.17392 0.25994 -0.16710 -0.95106 -0.18978 -0.82385 1 0 1.0
cl_white
0 -0.67456 -3.85790 0.20298 0.25994 -0.16710 -0.95106 -0.13491 -0.77158 1 0 1.0
0 -0.94891 -4.11926 0.17392 0.25994 -0.16710 -0.95106 -0.18978 -0.82385 1 0 1.0
0 -0.74980 -3.80953 0.17392 0.25994 -0.16710 -0.95106 -0.14996 -0.76191 1 0 1.0
cl_white
0 -0.74980 -3.80953 0.17392 -0.68053 0.43748 -0.58779 -0.76191 0.03478 1 0 1.0
0 -0.94891 -4.11926 0.17392 -0.68053 0.43748 -0.58779 -0.82385 0.03478 1 0 1.0
0 -0.99541 -4.08936 0.25000 -0.68053 0.43748 -0.58779 -0.81787 0.05000 1 0 1.0
cl_white
0 -0.74980 -3.80953 0.17392 -0.68053 0.43748 -0.58778 -0.76191 0.03478 1 0 1.0
0 -0.99541 -4.08936 0.25000 -0.68053 0.43748 -0.58778 -0.81787 0.05000 1 0 1.0
0 -0.79630 -3.77964 0.25000 -0.68053 0.43748 -0.58778 -0.75593 0.05000 1 0 1.0
cl_white
0 -0.99541 -4.08936 0.25000 -0.68053 0.43748 0.58779 -0.81787 0.05000 1 0 1.0
0 -1.12325 -4.28822 0.25000 -0.68053 0.43748 0.58779 -0.85764 0.05000 1 0 1.0
0 -1.07675 -4.31811 0.32608 -0.68053 0.43748 0.58779 -0.86362 0.06522 1 0 1.0
cl_white
0 -0.99541 -4.08936 0.25000 -0.68053 0.43748 0.58779 -0.81787 0.05000 1 0 1.0
0 -1.07675 -4.31811 0.32608 -0.68053 0.43748 0.58779 -0.86362 0.06522 1 0 1.0
0 -0.94891 -4.11926 0.32608 -0.68053 0.43748 0.58779 -0.82385 0.06522 1 0 1.0
cl_white
0 -0.94891 -4.11926 0.32608 0.25994 -0.16710 0.95106 -0.18978 -0.82385 1 0 1.0
0 -1.07675 -4.31811 0.32608 0.25994 -0.16710 0.95106 -0.21535 -0.86362 1 0 1.0
0 -1.00151 -4.36648 0.29702 0.25994 -0.16710 0.95106 -0.20030 -0.87330 1 0 1.0
cl_white
0 -0.94891 -4.11926 0.32608 0.25994 -0.16710 0.95106 -0.18978 -0.82385 1 0 1.0
0 -1.00151 -4.36648 0.29702 0.25994 -0.16710 0.95106 -0.20030 -0.87330 1 0 1.0
0 -0.87367 -4.16762 0.29702 0.25994 -0.16710 0.95106 -0.17473 -0.83352 1 0 1.0
cl_white
0 -0.87367 -4.16762 0.29702 0.84118 -0.54076 0.00000 -0.83352 0.05940 1 0 1.0
0 -1.00151 -4.36648 0.29702 0.84118 -0.54076 0.00000 -0.87330 0.05940 1 0 1.0
0 -1.00151 -4.36648 0.20298 0.84118 -0.54076 0.00000 -0.87330 0.04060 1 0 1.0
cl_white
0 -0.87367 -4.16762 0.29702 0.84118 -0.54076 0.00000 -0.83352 0.05940 1 0 1.0
0 -1.00151 -4.36648 0.20298 0.84118 -0.54076 0.00000 -0.87330 0.04060 1 0 1.0
0 -0.87367 -4.16762 0.20298 0.84118 -0.54076 0.00000 -0.83352 0.04060 1 0 1.0
cl_white
0 -0.87367 -4.16762 0.20298 0.25994 -0.16710 -0.95106 -0.17473 -0.83352 1 0 1.0
0 -1.00151 -4.36648 0.20298 0.25994 -0.16710 -0.95106 -0.20030 -0.87330 1 0 1.0
0 -1.07675 -4.31811 0.17392 0.25994 -0.16710 -0.95106 -0.21535 -0.86362 1 0 1.0
cl_white
0 -0.87367 -4.16762 0.20298 0.25994 -0.16710 -0.95106 -0.17473 -0.83352 1 0 1.0
0 -1.07675 -4.31811 0.17392 0.25994 -0.16710 -0.95106 -0.21535 -0.86362 1 0 1.0
0 -0.94891 -4.11926 0.17392 0.25994 -0.16710 -0.95106 -0.18978 -0.82385 1 0 1.0
cl_white
0 -0.94891 -4.11926 0.17392 -0.68053 0.43748 -0.58779 -0.82385 0.03478 1 0 1.0
0 -1.07675 -4.31811 0.17392 -0.68053 0.43748 -0.58779 -0.86362 0.03478 1 0 1.0
0 -1.12325 -4.28822 0.25000 -0.68053 0.43748 -0.58779 -0.85764 0.05000 1 0 1.0
cl_white
0 -0.94891 -4.11926 0.17392 -0.68053 0.43748 -0.58779 -0.82385 0.03478 1 0 1.0
0 -1.12325 -4.28822 0.25000 -0.68053 0.43748 -0.58779 -0.85764 0.05000 1 0 1.0
0 -0.99541 -4.08936 0.25000 -0.68053 0.43748 -0.58779 -0.81787 0.05000 1 0 1.0
cl_white
0 -1.12325 -4.28822 0.25000 0.00000 0.00000 0.00000 -0.85764 0.05000 1 0 1.0
0 -1.10000 -4.40000 0.25000 0.00000 0.00000 0.00000 -0.88000 0.05000 1 0 1.0
0 -1.10000 -4.40000 0.25000 0.00000 0.00000 0.00000 -0.88000 0.05000 1 0 1.0
cl_white
0 -1.12325 -4.28822 0.25000 -0.86922 -0.18075 0.46021 -0.85764 0.05000 1 0 1.0
0 -1.10000 -4.40000 0.25000 -0.86922 -0.18075 0.46021 -0.88000 0.05000 1 0 1.0
0 -1.07675 -4.31811 0.32608 -0.86922 -0.18075 0.46021 -0.86362 0.06522 1 0 1.0
cl_white
0 -1.07675 -4.31811 0.32608 0.00000 0.00000 0.00000 -0.21535 -0.86362 1 0 1.0
0 -1.10000 -4.40000 0.25000 0.00000 0.00000 0.00000 -0.22000 -0.88000 1 0 1.0
0 -1.10000 -4.40000 0.25000 0.00000 0.00000 0.00000 -0.22000 -0.88000 1 0 1.0
cl_white
0 -1.07675 -4.31811 0.32608 -0.13287 -0.65412 0.74463 -0.21535 -0.86362 1 0 1.0
0 -1.10000 -4.40000 0.25000 -0.13287 -0.65412 0.74463 -0.22000 -0.88000 1 0 1.0
0 -1.00151 -4.36648 0.29702 -0.13287 -0.65412 0.74463 -0.20030 -0.87330 1 0 1.0
cl_white
0 -1.00151 -4.36648 0.29702 0.00000 0.00000 0.00000 -0.20030 0.05940 1 0 1.0
0 -1.10000 -4.40000 0.25000 0.00000 0.00000 0.00000 -0.22000 0.05000 1 0 1.0
0 -1.10000 -4.40000 0.25000 0.00000 0.00000 0.00000 -0.22000 0.05000 1 0 1.0
cl_white
0 -1.00151 -4.36648 0.29702 0.32221 -0.94667 0.00000 -0.20030 0.05940 1 0 1.0
0 -1.10000 -4.40000 0.25000 0.32221 -0.94667 0.00000 -0.22000 0.05000 1 0 1.0
0 -1.00151 -4.36648 0.20298 0.32221 -0.94667 0.00000 -0.20030 0.04060 1 0 1.0
cl_white
0 -1.00151 -4.36648 0.20298 0.00000 0.00000 0.00000 -0.20030 -0.87330 1 0 1.0
0 -1.10000 -4.40000 0.25000 0.00000 0.00000 0.00000 -0.22000 -0.88000 1 0 1.0
0 -1.10000 -4.40000 0.25000 0.00000 0.00000 0.00000 -0.22000 -0.88000 1 0 1.0
cl_white
0 -1.00151 -4.36648 0.20298 -0.13287 -0.65412 -0.74463 -0.20030 -0.87330 1 0 1.0
0 -1.10000 -4.40000 0.25000 -0.13287 -0.65412 -0.74463 -0.22000 -0.88000 1 0 1.0
0 -1.07675 -4.31811 0.17392 -0.13287 -0.65412 -0.74463 -0.21535 -0.86362 1 0 1.0
cl_white
0 -1.07675 -4.31811 0.17392 0.00000 0.00000 0.00000 -0.86362 0.03478 1 0 1.0
0 -1.10000 -4.40000 0.25000 0.00000 0.00000 0.00000 -0.88000 0.05000 1 0 1.0
0 -1.10000 -4.40000 0.25000 0.00000 0.00000 0.00000 -0.88000 0.05000 1 0 1.0
cl_white
0 -1.07675 -4.31811 0.17392 -0.86922 -0.18075 -0.46021 -0.86362 0.03478 1 0 1.0
0 -1.10000 -4.40000 0.25000 -0.86922 -0.18075 -0.46021 -0.88000 0.05000 1 0 1.0
0 -1.12325 -4.28822 0.25000 -0.86922 -0.18075 -0.46021 -0.85764 0.05000 1 0 1.0
cl_white
0 -1.10000 -4.40000 0.25000 0.19643 -0.86581 0.46021 -0.22000 0.05000 1 0 1.0
0 -0.98866 -4.37474 0.25000 0.19643 -0.86581 0.46021 -0.19773 0.05000 1 0 1.0
0 -1.03516 -4.34485 0.32608 0.19643 -0.86581 0.46021 -0.20703 0.06522 1 0 1.0
cl_white
0 -1.10000 -4.40000 0.25000 0.00000 0.00000 0.00000 -0.22000 0.05000 1 0 1.0
0 -1.03516 -4.34485 0.32608 0.00000 0.00000 0.00000 -0.20703 0.06522 1 0 1.0
0 -1.10000 -4.40000 0.25000 0.00000 0.00000 0.00000 -0.22000 0.05000 1 0 1.0
cl_white
0 -1.10000 -4.40000 0.25000 -0.53991 -0.39245 0.74463 -0.22000 -0.88000 1 0 1.0
0 -1.03516 -4.34485 0.32608 -0.53991 -0.39245 0.74463 -0.20703 -0.86897 1 0 1.0
0 -1.11039 -4.29648 0.29702 -0.53991 -0.39245 0.74463 -0.22208 -0.85930 1 0 1.0
cl_white
0 -1.10000 -4.40000 0.25000 0.00000 0.00000 0.00000 -0.22000 -0.88000 1 0 1.0
0 -1.11039 -4.29648 0.29702 0.00000 0.00000 0.00000 -0.22208 -0.85930 1 0 1.0
0 -1.10000 -4.40000 0.25000 0.00000 0.00000 0.00000 -0.22000 -0.88000 1 0 1.0
cl_white
0 -1.10000 -4.40000 0.25000 -0.99500 -0.09989 0.00000 -0.88000 0.05000 1 0 1.0
0 -1.11039 -4.29648 0.29702 -0.99500 -0.09989 0.00000 -0.85930 0.05940 1 0 1.0
0 -1.11039 -4.29648 0.20298 -0.99500 -0.09989 0.00000 -0.85930 0.04060 1 0 1.0
cl_white
0 -1.10000 -4.40000 0.25000 0.00000 0.00000 0.00000 -0.88000 0.05000 1 0 1.0
0 -1.11039 -4.29648 0.20298 0.00000 0.00000 0.00000 -0.85930 0.04060 1 0 1.0
0 -1.10000 -4.40000 0.25000 0.00000 0.00000 0.00000 -0.88000 0.05000 1 0 1.0
cl_white
0 -1.10000 -4.40000 0.25000 -0.53991 -0.39245 -0.74463 -0.22000 -0.88000 1 0 1.0
0 -1.11039 -4.29648 0.20298 -0.53991 -0.39245 -0.74463 -0.22208 -0.85930 1 0 1.0
0 -1.03516 -4.34485 0.17392 -0.53991 -0.39245 -0.74463 -0.20703 -0.86897 1 0 1.0
cl_white
0 -1.10000 -4.40000 0.25000 0.00000 0.00000 0.00000 -0.22000 -0.88000 1 0 1.0
0 -1.03516 -4.34485 0.17392 0.00000 0.00000 0.00000 -0.20703 -0.86897 1 0 1.0
0 -1.10000 -4.40000 0.25000 0.00000 0.00000 0.00000 -0.22000 -0.88000 1 0 1.0
cl_white
0 -1.10000 -4.40000 0.25000 0.19643 -0.86581 -0.46021 -0.22000 0.05000 1 0 1.0
0 -1.03516 -4.34485 0.17392 0.19643 -0.86581 -0.46021 -0.20703 0.03478 1 0 1.0
0 -0.98866 -4.37474 0.25000 0.19643 -0.86581 -0.46021 -0.19773 0.05000 1 0 1.0
cl_white
0 -1.10000 -4.40000 0.25000 0.00000 0.00000 0.00000 -0.22000 0.05000 1 0 1.0
0 -0.98866 -4.37474 0.25000 0.00000 0.00000 0.00000 -0.19773 0.05000 1 0 1.0
0 -1.10000 -4.40000 0.25000 0.00000 0.00000 0.00000 -0.22000 0.05000 1 0 1.0
cl_white
0 -0.98866 -4.37474 0.25000 0.68053 -0.43748 0.58779 -0.87495 0.05000 1 0 1.0
0 -0.86082 -4.17588 0.25000 0.68053 -0.43748 0.58779 -0.83518 0.05000 1 0 1.0
0 -0.90732 -4.14599 0.32608 0.68053 -0.43748 0.58779 -0.82920 0.06522 1 0 1.0
cl_white
0 -0.98866 -4.37474 0.25000 0.68053 -0.43748 0.58779 -0.87495 0.05000 1 0 1.0
0 -0.90732 -4.14599 0.32608 0.68053 -0.43748 0.58779 -0.82920 0.06522 1 0 1.0
0 -1.03516 -4.34485 0.32608 0.68053 -0.43748 0.58779 -0.86897 0.06522 1 0 1.0
cl_white
0 -1.03516 -4.34485 0.32608 -0.25994 0.16710 0.95106 -0.20703 -0.86897 1 0 1.0
0 -0.90732 -4.14599 0.32608 -0.25994 0.16710 0.95106 -0.18146 -0.82920 1 0 1.0
0 -0.98256 -4.09763 0.29702 -0.25994 0.16710 0.95106 -0.19651 -0.81953 1 0 1.0
cl_white
0 -1.03516 -4.34485 0.32608 -0.25994 0.16710 0.95106 -0.20703 -0.86897 1 0 1.0
0 -0.98256 -4.09763 0.29702 -0.25994 0.16710 0.95106 -0.19651 -0.81953 1 0 1.0
0 -1.11039 -4.29648 0.29702 -0.25994 0.16710 0.95106 -0.22208 -0.85930 1 0 1.0
cl_white
0 -1.11039 -4.29648 0.29702 -0.84118 0.54076 0.00000 -0.85930 0.05940 1 0 1.0
0 -0.98256 -4.09763 0.29702 -0.84118 0.54076 0.00000 -0.81953 0.05940 1 0 1.0
0 -0.98256 -4.09763 0.20298 -0.84118 0.54076 0.00000 -0.81953 0.04060 1 0 1.0
cl_white
0 -1.11039 -4.29648 0.29702 -0.84118 0.54076 0.00000 -0.85930 0.05940 1 0 1.0
0 -0.98256 -4.09763 0.20298 -0.84118 0.54076 0.00000 -0.81953 0.04060 1 0 1.0
0 -1.11039 -4.29648 0.20298 -0.84118 0.54076 0.00000 -0.85930 0.04060 1 0 1.0
cl_white
0 -1.11039 -4.29648 0.20298 -0.25994 0.16710 -0.95106 -0.22208 -0.85930 1 0 1.0
0 -0.98256 -4.09763 0.20298 -0.25994 0.16710 -0.95106 -0.19651 -0.81953 1 0 1.0
0 -0.90732 -4.14599 0.17392 -0.25994 0.16710 -0.95106 -0.18146 -0.82920 1 0 1.0
cl_white
0 -1.11039 -4.29648 0.20298 -0.25994 0.16710 -0.95106 -0.22208 -0.85930 1 0 1.0
0 -0.90732 -4.14599 0.17392 -0.25994 0.16710 -0.95106 -0.18146 -0.82920 1 0 1.0
0 -1.03516 -4.34485 0.17392 -0.25994 0.16710 -0.95106 -0.20703 -0.86897 1 0 1.0
cl_white
0 -1.03516 -4.34485 0.17392 0.68053 -0.43748 -0.58779 -0.86897 0.03478 1 0 1.0
0 -0.90732 -4.14599 0.17392 0.68053 -0.43748 -0.58779 -0.82920 0.03478 1 0 1.0
0 -0.86082 -4.17588 0.25000 0.68053 -0.43748 -0.58779 -0.83518 0.05000 1 0 1.0
cl_white
0 -1.03516 -4.34485 0.17392 0.68053 -0.43748 -0.58779 -0.86897 0.03478 1 0 1.0
0 -0.86082 -4.17588 0.25000 0.68053 -0.43748 -0.58779 -0.83518 0.05000 1 0 1.0
0 -0.98866 -4.37474 0.25000 0.68053 -0.43748 -0.58779 -0.87495 0.05000 1 0 1.0
cl_white
0 -0.86082 -4.17588 0.25000 0.68053 -0.43748 0.58779 -0.83518 0.05000 1 0 1.0
0 -0.66171 -3.86616 0.25000 0.68053 -0.43748 0.58779 -0.77323 0.05000 1 0 1.0
0 -0.70821 -3.83627 0.32608 0.68053 -0.43748 0.58779 -0.76725 0.06522 1 0 1.0
cl_white
0 -0.86082 -4.17588 0.25000 0.68053 -0.43748 0.58779 -0.83518 0.05000 1 0 1.0
0 -0.70821 -3.83627 0.32608 0.68053 -0.43748 0.58779 -0.76725 0.06522 1 0 1.0
0 -0.90732 -4.14599 0.32608 0.68053 -0.43748 0.58779 -0.82920 0.06522 1 0 1.0
cl_white
0 -0.90732 -4.14599 0.32608 -0.25994 0.16710 0.95106 -0.18146 -0.82920 1 0 1.0
0 -0.70821 -3.83627 0.32608 -0.25994 0.16710 0.95106 -0.14164 -0.76725 1 0 1.0
0 -0.78345 -3.78790 0.29702 -0.25994 0.16710 0.95106 -0.15669 -0.75758 1 0 1.0
cl_white
0 -0.90732 -4.14599 0.32608 -0.25994 0.16710 0.95106 -0.18146 -0.82920 1 0 1.0
0 -0.78345 -3.78790 0.29702 -0.25994 0.16710 0.95106 -0.15669 -0.75758 1 0 1.0
0 -0.98256 -4.09763 0.29702 -0.25994 0.16710 0.95106 -0.19651 -0.81953 1 0 1.0
cl_white
0 -0.98256 -4.09763 0.29702 -0.84118 0.54076 0.00000 -0.81953 0.05940 1 0 1.0
0 -0.78345 -3.78790 0.29702 -0.84118 0.54076 0.00000 -0.75758 0.05940 1 0 1.0
0 -0.78345 -3.78790 0.20298 -0.84118 0.54076 0.00000 -0.75758 0.04060 1 0 1.0
cl_white
0 -0.98256 -4.09763 0.29702 -0.84118 0.54076 0.00000 -0.81953 0.05940 1 0 1.0
0 -0.78345 -3.78790 0.20298 -0.84118 0.54076 0.00000 -0.75758 0.04060 1 0 1.0
0 -0.98256 -4.09763 0.20298 -0.84118 0.54076 0.00000 -0.81953 0.04060 1 0 1.0
cl_white
0 -0.98256 -4.09763 0.20298 -0.25994 0.16710 -0.95106 -0.19651 -0.81953 1 0 1.0
0 -0.78345 -3.78790 0.20298 -0.25994 0.16710 -0.95106 -0.15669 -0.75758 1 0 1.0
0 -0.70821 -3.83627 0.17392 -0.25994 0.16710 -0.95106 -0.14164 -0.76725 1 0 1.0
cl_white
0 -0.98256 -4.09763 0.20298 -0.25994 0.16710 -0.95106 -0.19651 -0.81953 1 0 1.0
0 -0.70821 -3.83627 0.17392 -0.25994 0.16710 -0.95106 -0.14164 -0.76725 1 0 1.0
0 -0.90732 -4.14599 0.17392 -0.25994 0.16710 -0.95106 -0.18146 -0.82920 1 0 1.0
cl_white
0 -0.90732 -4.14599 0.17392 0.68053 -0.43748 -0.58779 -0.82920 0.03478 1 0 1.0
0 -0.70821 -3.83627 0.17392 0.68053 -0.43748 -0.58779 -0.76725 0.03478 1 0 1.0
0 -0.66171 -3.86616 0.25000 0.68053 -0.43748 -0.58779 -0.77323 0.05000 1 0 1.0
cl_white
0 -0.90732 -4.14599 0.17392 0.68053 -0.43748 -0.58779 -0.82920 0.03478 1 0 1.0
0 -0.66171 -3.86616 0.25000 0.68053 -0.43748 -0.58779 -0.77323 0.05000 1 0 1.0
0 -0.86082 -4.17588 0.25000 0.68053 -0.43748 -0.58779 -0.83518 0.05000 1 0 1.0
cl_white
0 -0.66171 -3.86616 0.25000 0.68053 -0.43748 0.58778 -0.77323 0.05000 1 0 1.0
0 -0.41082 -3.47588 0.25000 0.68053 -0.43748 0.58778 -0.69518 0.05000 1 0 1.0
0 -0.45732 -3.44599 0.32608 0.68053 -0.43748 0.58778 -0.68920 0.06522 1 0 1.0
cl_white
0 -0.66171 -3.86616 0.25000 0.68053 -0.43748 0.58779 -0.77323 0.05000 1 0 1.0
0 -0.45732 -3.44599 0.32608 0.68053 -0.43748 0.58779 -0.68920 0.06522 1 0 1.0
0 -0.70821 -3.83627 0.32608 0.68053 -0.43748 0.58779 -0.76725 0.06522 1 0 1.0
cl_white
0 -0.70821 -3.83627 0.32608 -0.25994 0.16710 0.95106 -0.14164 -0.76725 1 0 1.0
0 -0.45732 -3.44599 0.32608 -0.25994 0.16710 0.95106 -0.09146 -0.68920 1 0 1.0
0 -0.53256 -3.39763 0.29702 -0.25994 0.16710 0.95106 -0.10651 -0.67953 1 0 1.0
cl_white
0 -0.70821 -3.83627 0.32608 -0.25994 0.16710 0.95106 -0.14164 -0.76725 1 0 1.0
0 -0.53256 -3.39763 0.29702 -0.25994 0.16710 0.95106 -0.10651 -0.67953 1 0 1.0
0 -0.78345 -3.78790 0.29702 -0.25994 0.16710 0.95106 -0.15669 -0.75758 1 0 1.0
cl_white
0 -0.78345 -3.78790 0.29702 -0.84118 0.54076 0.00000 -0.75758 0.05940 1 0 1.0
0 -0.53256 -3.39763 0.29702 -0.84118 0.54076 0.00000 -0.67953 0.05940 1 0 1.0
0 -0.53256 -3.39763 0.20298 -0.84118 0.54076 0.00000 -0.67953 0.04060 1 0 1.0
cl_white
0 -0.78345 -3.78790 0.29702 -0.84118 0.54076 0.00000 -0.75758 0.05940 1 0 1.0
0 -0.53256 -3.39763 0.20298 -0.84118 0.54076 0.00000 -0.67953 0.04060 1 0 1.0
0 -0.78345 -3.78790 0.20298 -0.84118 0.54076 0.00000 -0.75758 0.04060 1 0 1.0
cl_white
0 -0.78345 -3.78790 0.20298 -0.25994 0.16710 -0.95106 -0.15669 -0.75758 1 0 1.0
0 -0.53256 -3.39763 0.20298 -0.25994 0.16710 -0.95106 -0.10651 -0.67953 1 0 1.0
0 -0.45732 -3.44599 0.17392 -0.25994 0.16710 -0.95106 -0.09146 -0.68920 1 0 1.0
cl_white
0 -0.78345 -3.78790 0.20298 -0.25994 0.16710 -0.95106 -0.15669 -0.75758 1 0 1.0
0 -0.45732 -3.44599 0.17392 -0.25994 0.16710 -0.95106 -0.09146 -0.68920 1 0 1.0
0 -0.70821 -3.83627 0.17392 -0.25994 0.16710 -0.95106 -0.14164 -0.76725 1 0 1.0
cl_white
0 -0.70821 -3.83627 0.17392 0.68053 -0.43748 -0.58778 -0.76725 0.03478 1 0 1.0
0 -0.45732 -3.44599 0.17392 0.68053 -0.43748 -0.58778 -0.68920 0.03478 1 0 1.0
0 -0.41082 -3.47588 0.25000 0.68053 -0.43748 -0.58778 -0.69518 0.05000 1 0 1.0
cl_white
0 -0.70821 -3.83627 0.17392 0.68053 -0.43748 -0.58779 -0.76725 0.03478 1 0 1.0
0 -0.41082 -3.47588 0.25000 0.68053 -0.43748 -0.58779 -0.69518 0.05000 1 0 1.0
0 -0.66171 -3.86616 0.25000 0.68053 -0.43748 -0.58779 -0.77323 0.05000 1 0 1.0
cl_white
0 -0.41082 -3.47588 0.25000 0.68053 -0.43748 0.58778 -0.69518 0.05000 1 0 1.0
0 -0.13271 -3.04326 0.25000 0.68053 -0.43748 0.58778 -0.60865 0.05000 1 0 1.0
0 -0.17920 -3.01337 0.32608 0.68053 -0.43748 0.58778 -0.60267 0.06522 1 0 1.0
cl_white
0 -0.41082 -3.47588 0.25000 0.68053 -0.43748 0.58778 -0.69518 0.05000 1 0 1.0
0 -0.17920 -3.01337 0.32608 0.68053 -0.43748 0.58778 -0.60267 0.06522 1 0 1.0
0 -0.45732 -3.44599 0.32608 0.68053 -0.43748 0.58778 -0.68920 0.06522 1 0 1.0
cl_white
0 -0.45732 -3.44599 0.32608 -0.25994 0.16710 0.95106 -0.09146 -0.68920 1 0 1.0
0 -0.17920 -3.01337 0.32608 -0.25994 0.16710 0.95106 -0.03584 -0.60267 1 0 1.0
0 -0.25444 -2.96500 0.29702 -0.25994 0.16710 0.95106 -0.05089 -0.59300 1 0 1.0
cl_white
0 -0.45732 -3.44599 0.32608 -0.25994 0.16710 0.95106 -0.09146 -0.68920 1 0 1.0
0 -0.25444 -2.96500 0.29702 -0.25994 0.16710 0.95106 -0.05089 -0.59300 1 0 1.0
0 -0.53256 -3.39763 0.29702 -0.25994 0.16710 0.95106 -0.10651 -0.67953 1 0 1.0
cl_white
0 -0.53256 -3.39763 0.29702 -0.84118 0.54076 0.00000 -0.67953 0.05940 1 0 1.0
0 -0.25444 -2.96500 0.29702 -0.84118 0.54076 0.00000 -0.59300 0.05940 1 0 1.0
0 -0.25444 -2.96500 0.20298 -0.84118 0.54076 0.00000 -0.59300 0.04060 1 0 1.0
cl_white
0 -0.53256 -3.39763 0.29702 -0.84118 0.54076 0.00000 -0.67953 0.05940 1 0 1.0
0 -0.25444 -2.96500 0.20298 -0.84118 0.54076 0.00000 -0.59300 0.04060 1 0 1.0
0 -0.53256 -3.39763 0.20298 -0.84118 0.54076 0.00000 -0.67953 0.04060 1 0 1.0
cl_white
0 -0.53256 -3.39763 0.20298 -0.25994 0.16710 -0.95106 -0.10651 -0.67953 1 0 1.0
0 -0.25444 -2.96500 0.20298 -0.25994 0.16710 -0.95106 -0.05089 -0.59300 1 0 1.0
0 -0.17920 -3.01337 0.17392 -0.25994 0.16710 -0.95106 -0.03584 -0.60267 1 0 1.0
cl_white
0 -0.53256 -3.39763 0.20298 -0.25994 0.16710 -0.95106 -0.10651 -0.67953 1 0 1.0
0 -0.17920 -3.01337 0.17392 -0.25994 0.16710 -0.95106 -0.03584 -0.60267 1 0 1.0
0 -0.45732 -3.44599 0.17392 -0.25994 0.16710 -0.95106 -0.09146 -0.68920 1 0 1.0
cl_white
0 -0.45732 -3.44599 0.17392 0.68053 -0.43748 -0.58778 -0.68920 0.03478 1 0 1.0
0 -0.17920 -3.01337 0.17392 0.68053 -0.43748 -0.58778 -0.60267 0.03478 1 0 1.0
0 -0.13271 -3.04326 0.25000 0.68053 -0.43748 -0.58778 -0.60865 0.05000 1 0 1.0
cl_white
0 -0.45732 -3.44599 0.17392 0.68053 -0.43748 -0.58778 -0.68920 0.03478 1 0 1.0
0 -0.13271 -3.04326 0.25000 0.68053 -0.43748 -0.58778 -0.60865 0.05000 1 0 1.0
0 -0.41082 -3.47588 0.25000 0.68053 -0.43748 -0.58778 -0.69518 0.05000 1 0 1.0
cl_white
0 -0.14556 -3.03500 0.20298 0.54076 0.84118 0.00000 -0.02911 0.04060 1 0 1.0
0 -0.22080 -2.98663 0.17392 0.54076 0.84118 0.00000 -0.04416 0.03478 1 0 1.0
0 -0.26729 -2.95674 0.25000 0.54076 0.84118 0.00000 -0.05346 0.05000 1 0 1.0
cl_white
0 -0.26729 -2.95674 0.25000 0.54076 0.84118 -0.00000 -0.05346 0.05000 1 0 1.0
0 -0.22080 -2.98663 0.32608 0.54076 0.84118 -0.00000 -0.04416 0.06522 1 0 1.0
0 -0.14556 -3.03500 0.29702 0.54076 0.84118 -0.00000 -0.02911 0.05940 1 0 1.0
cl_white
0 -0.26729 -2.95674 0.25000 0.54076 0.84118 0.00000 -0.05346 0.05000 1 0 1.0
0 -0.14556 -3.03500 0.29702 0.54076 0.84118 0.00000 -0.02911 0.05940 1 0 1.0
0 -0.14556 -3.03500 0.20298 0.54076 0.84118 0.00000 -0.02911 0.04060 1 0 1.0
cl_white
0 -0.17920 -3.01337 0.32608 0.54076 0.84118 0.00000 -0.03584 0.06522 1 0 1.0
0 -0.13271 -3.04326 0.25000 0.54076 0.84118 0.00000 -0.02654 0.05000 1 0 1.0
0 -0.17920 -3.01337 0.17392 0.54076 0.84118 0.00000 -0.03584 0.03478 1 0 1.0
cl_white
0 -0.17920 -3.01337 0.17392 0.54076 0.84118 0.00000 -0.03584 0.03478 1 0 1.0
0 -0.25444 -2.96500 0.20298 0.54076 0.84118 0.00000 -0.05089 0.04060 1 0 1.0
0 -0.25444 -2.96500 0.29702 0.54076 0.84118 0.00000 -0.05089 0.05940 1 0 1.0
cl_white
0 -0.17920 -3.01337 0.17392 0.54076 0.84118 0.00000 -0.03584 0.03478 1 0 1.0
0 -0.25444 -2.96500 0.29702 0.54076 0.84118 0.00000 -0.05089 0.05940 1 0 1.0
0 -0.17920 -3.01337 0.32608 0.54076 0.84118 0.00000 -0.03584 0.06522 1 0 1.0
cl_white
0 -0.13271 3.04326 0.25000 0.68053 0.43748 0.58778 0.60865 0.05000 1 0 1.0
0 -0.41082 3.47588 0.25000 0.68053 0.43748 0.58778 0.69518 0.05000 1 0 1.0
0 -0.45732 3.44599 0.32608 0.68053 0.43748 0.58778 0.68920 0.06522 1 0 1.0
cl_white
0 -0.13271 3.04326 0.25000 0.68053 0.43748 0.58778 0.60865 0.05000 1 0 1.0
0 -0.45732 3.44599 0.32608 0.68053 0.43748 0.58778 0.68920 0.06522 1 0 1.0
0 -0.17920 3.01337 0.32608 0.68053 0.43748 0.58778 0.60267 0.06522 1 0 1.0
cl_white
0 -0.17920 3.01337 0.32608 -0.25994 -0.16710 0.95106 -0.03584 0.60267 1 0 1.0
0 -0.45732 3.44599 0.32608 -0.25994 -0.16710 0.95106 -0.09146 0.68920 1 0 1.0
0 -0.53256 3.39763 0.29702 -0.25994 -0.16710 0.95106 -0.10651 0.67953 1 0 1.0
cl_white
0 -0.17920 3.01337 0.32608 -0.25994 -0.16710 0.95106 -0.03584 0.60267 1 0 1.0
0 -0.53256 3.39763 0.29702 -0.25994 -0.16710 0.95106 -0.10651 0.67953 1 0 1.0
0 -0.25444 2.96500 0.29702 -0.25994 -0.16710 0.95106 -0.05089 0.59300 1 0 1.0
cl_white
0 -0.25444 2.96500 0.29702 -0.84118 -0.54076 0.00000 0.59300 0.05940 1 0 1.0
0 -0.53256 3.39763 0.29702 -0.84118 -0.54076 0.00000 0.67953 0.05940 1 0 1.0
0 -0.53256 3.39763 0.20298 -0.84118 -0.54076 0.00000 0.67953 0.04060 1 0 1.0
cl_white
0 -0.25444 2.96500 0.29702 -0.84118 -0.54076 0.00000 0.59300 0.05940 1 0 1.0
0 -0.53256 3.39763 0.20298 -0.84118 -0.54076 0.00000 0.67953 0.04060 1 0 1.0
0 -0.25444 2.96500 0.20298 -0.84118 -0.54076 0.00000 0.59300 0.04060 1 0 1.0
cl_white
0 -0.25444 2.96500 0.20298 -0.25994 -0.16710 -0.95106 -0.05089 0.59300 1 0 1.0
0 -0.53256 3.39763 0.20298 -0.25994 -0.16710 -0.95106 -0.10651 0.67953 1 0 1.0
0 -0.45732 3.44599 0.17392 -0.25994 -0.16710 -0.95106 -0.09146 0.68920 1 0 1.0
cl_white
0 -0.25444 2.96500 0.20298 -0.25994 -0.16710 -0.95106 -0.05089 0.59300 1 0 1.0
0 -0.45732 3.44599 0.17392 -0.25994 -0.16710 -0.95106 -0.09146 0.68920 1 0 1.0
0 -0.17920 3.01337 0.17392 -0.25994 -0.16710 -0.95106 -0.03584 0.60267 1 0 1.0
cl_white
0 -0.17920 3.01337 0.17392 0.68053 0.43748 -0.58778 0.60267 0.03478 1 0 1.0
0 -0.45732 3.44599 0.17392 0.68053 0.43748 -0.58778 0.68920 0.03478 1 0 1.0
0 -0.41082 3.47588 0.25000 0.68053 0.43748 -0.58778 0.69518 0.05000 1 0 1.0
cl_white
0 -0.17920 3.01337 0.17392 0.68053 0.43748 -0.58778 0.60267 0.03478 1 0 1.0
0 -0.41082 3.47588 0.25000 0.68053 0.43748 -0.58778 0.69518 0.05000 1 0 1.0
0 -0.13271 3.04326 0.25000 0.68053 0.43748 -0.58778 0.60865 0.05000 1 0 1.0
cl_white
0 -0.41082 3.47588 0.25000 0.68053 0.43748 0.58779 0.69518 0.05000 1 0 1.0
0 -0.66171 3.86616 0.25000 0.68053 0.43748 0.58779 0.77323 0.05000 1 0 1.0
0 -0.70821 3.83627 0.32608 0.68053 0.43748 0.58779 0.76725 0.06522 1 0 1.0
cl_white
0 -0.41082 3.47588 0.25000 0.68053 0.43748 0.58778 0.69518 0.05000 1 0 1.0
0 -0.70821 3.83627 0.32608 0.68053 0.43748 0.58778 0.76725 0.06522 1 0 1.0
0 -0.45732 3.44599 0.32608 0.68053 0.43748 0.58778 0.68920 0.06522 1 0 1.0
cl_white
0 -0.45732 3.44599 0.32608 -0.25994 -0.16710 0.95106 -0.09146 0.68920 1 0 1.0
0 -0.70821 3.83627 0.32608 -0.25994 -0.16710 0.95106 -0.14164 0.76725 1 0 1.0
0 -0.78345 3.78790 0.29702 -0.25994 -0.16710 0.95106 -0.15669 0.75758 1 0 1.0
cl_white
0 -0.45732 3.44599 0.32608 -0.25994 -0.16710 0.95106 -0.09146 0.68920 1 0 1.0
0 -0.78345 3.78790 0.29702 -0.25994 -0.16710 0.95106 -0.15669 0.75758 1 0 1.0
0 -0.53256 3.39763 0.29702 -0.25994 -0.16710 0.95106 -0.10651 0.67953 1 0 1.0
cl_white
0 -0.53256 3.39763 0.29702 -0.84118 -0.54076 0.00000 0.67953 0.05940 1 0 1.0
0 -0.78345 3.78790 0.29702 -0.84118 -0.54076 0.00000 0.75758 0.05940 1 0 1.0
0 -0.78345 3.78790 0.20298 -0.84118 -0.54076 0.00000 0.75758 0.04060 1 0 1.0
cl_white
0 -0.53256 3.39763 0.29702 -0.84118 -0.54076 0.00000 0.67953 0.05940 1 0 1.0
0 -0.78345 3.78790 0.20298 -0.84118 -0.54076 0.00000 0.75758 0.04060 1 0 1.0
0 -0.53256 3.39763 0.20298 -0.84118 -0.54076 0.00000 0.67953 0.04060 1 0 1.0
cl_white
0 -0.53256 3.39763 0.20298 -0.25994 -0.16710 -0.95106 -0.10651 0.67953 1 0 1.0
0 -0.78345 3.78790 0.20298 -0.25994 -0.16710 -0.95106 -0.15669 0.75758 1 0 1.0
0 -0.70821 3.83627 0.17392 -0.25994 -0.16710 -0.95106 -0.14164 0.76725 1 0 1.0
cl_white
0 -0.53256 3.39763 0.20298 -0.25994 -0.16710 -0.95106 -0.10651 0.67953 1 0 1.0
0 -0.70821 3.83627 0.17392 -0.25994 -0.16710 -0.95106 -0.14164 0.76725 1 0 1.0
0 -0.45732 3.44599 0.17392 -0.25994 -0.16710 -0.95106 -0.09146 0.68920 1 0 1.0
cl_white
0 -0.45732 3.44599 0.17392 0.68053 0.43748 -0.58779 0.68920 0.03478 1 0 1.0
0 -0.70821 3.83627 0.17392 0.68053 0.43748 -0.58779 0.76725 0.03478 1 0 1.0
0 -0.66171 3.86616 0.25000 0.68053 0.43748 -0.58779 0.77323 0.05000 1 0 1.0
cl_white
0 -0.45732 3.44599 0.17392 0.68053 0.43748 -0.58778 0.68920 0.03478 1 0 1.0
0 -0.66171 3.86616 0.25000 0.68053 0.43748 -0.58778 0.77323 0.05000 1 0 1.0
0 -0.41082 3.47588 0.25000 0.68053 0.43748 -0.58778 0.69518 0.05000 1 0 1.0
cl_white
0 -0.66171 3.86616 0.25000 0.68053 0.43748 0.58779 0.77323 0.05000 1 0 1.0
0 -0.86082 4.17588 0.25000 0.68053 0.43748 0.58779 0.83518 0.05000 1 0 1.0
0 -0.90732 4.14599 0.32608 0.68053 0.43748 0.58779 0.82920 0.06522 1 0 1.0
cl_white
0 -0.66171 3.86616 0.25000 0.68053 0.43748 0.58778 0.77323 0.05000 1 0 1.0
0 -0.90732 4.14599 0.32608 0.68053 0.43748 0.58778 0.82920 0.06522 1 0 1.0
0 -0.70821 3.83627 0.32608 0.68053 0.43748 0.58778 0.76725 0.06522 1 0 1.0
cl_white
0 -0.70821 3.83627 0.32608 -0.25994 -0.16710 0.95106 -0.14164 0.76725 1 0 1.0
0 -0.90732 4.14599 0.32608 -0.25994 -0.16710 0.95106 -0.18146 0.82920 1 0 1.0
0 -0.98256 4.09763 0.29702 -0.25994 -0.16710 0.95106 -0.19651 0.81953 1 0 1.0
cl_white
0 -0.70821 3.83627 0.32608 -0.25994 -0.16710 0.95106 -0.14164 0.76725 1 0 1.0
0 -0.98256 4.09763 0.29702 -0.25994 -0.16710 0.95106 -0.19651 0.81953 1 0 1.0
0 -0.78345 3.78790 0.29702 -0.25994 -0.16710 0.95106 -0.15669 0.75758 1 0 1.0
cl_white
0 -0.78345 3.78790 0.29702 -0.84118 -0.54076 0.00000 0.75758 0.05940 1 0 1.0
0 -0.98256 4.09763 0.29702 -0.84118 -0.54076 0.00000 0.81953 0.05940 1 0 1.0
0 -0.98256 4.09763 0.20298 -0.84118 -0.54076 0.00000 0.81953 0.04060 1 0 1.0
cl_white
0 -0.78345 3.78790 0.29702 -0.84118 -0.54076 0.00000 0.75758 0.05940 1 0 1.0
0 -0.98256 4.09763 0.20298 -0.84118 -0.54076 0.00000 0.81953 0.04060 1 0 1.0
0 -0.78345 3.78790 0.20298 -0.84118 -0.54076 0.00000 0.75758 0.04060 1 0 1.0
cl_white
0 -0.78345 3.78790 0.20298 -0.25994 -0.16710 -0.95106 -0.15669 0.75758 1 0 1.0
0 -0.98256 4.09763 0.20298 -0.25994 -0.16710 -0.95106 -0.19651 0.81953 1 0 1.0
0 -0.90732 4.14599 0.17392 -0.25994 -0.16710 -0.95106 -0.18146 0.82920 1 0 1.0
cl_white
0 -0.78345 3.78790 0.20298 -0.25994 -0.16710 -0.95106 -0.15669 0.75758 1 0 1.0
0 -0.90732 4.14599 0.17392 -0.25994 -0.16710 -0.95106 -0.18146 0.82920 1 0 1.0
0 -0.70821 3.83627 0.17392 -0.25994 -0.16710 -0.95106 -0.14164 0.76725 1 0 1.0
cl_white
0 -0.70821 3.83627 0.17392 0.68053 0.43748 -0.58779 0.76725 0.03478 1 0 1.0
0 -0.90732 4.14599 0.17392 0.68053 0.43748 -0.58779 0.82920 0.03478 1 0 1.0
0 -0.86082 4.17588 0.25000 0.68053 0.43748 -0.58779 0.83518 0.05000 1 0 1.0
cl_white
0 -0.70821 3.83627 0.17392 0.68053 0.43748 -0.58779 0.76725 0.03478 1 0 1.0
0 -0.86082 4.17588 0.25000 0.68053 0.43748 -0.58779 0.83518 0.05000 1 0 1.0
0 -0.66171 3.86616 0.25000 0.68053 0.43748 -0.58779 0.77323 0.05000 1 0 1.0
cl_white
0 -0.86082 4.17588 0.25000 0.68053 0.43748 0.58779 0.83518 0.05000 1 0 1.0
0 -0.98866 4.37474 0.25000 0.68053 0.43748 0.58779 0.87495 0.05000 1 0 1.0
0 -1.03516 4.34485 0.32608 0.68053 0.43748 0.58779 0.86897 0.06522 1 0 1.0
cl_white
0 -0.86082 4.17588 0.25000 0.68053 0.43748 0.58779 0.83518 0.05000 1 0 1.0
0 -1.03516 4.34485 0.32608 0.68053 0.43748 0.58779 0.86897 0.06522 1 0 1.0
0 -0.90732 4.14599 0.32608 0.68053 0.43748 0.58779 0.82920 0.06522 1 0 1.0
cl_white
0 -0.90732 4.14599 0.32608 -0.25994 -0.16710 0.95106 -0.18146 0.82920 1 0 1.0
0 -1.03516 4.34485 0.32608 -0.25994 -0.16710 0.95106 -0.20703 0.86897 1 0 1.0
0 -1.11039 4.29648 0.29702 -0.25994 -0.16710 0.95106 -0.22208 0.85930 1 0 1.0
cl_white
0 -0.90732 4.14599 0.32608 -0.25994 -0.16710 0.95106 -0.18146 0.82920 1 0 1.0
0 -1.11039 4.29648 0.29702 -0.25994 -0.16710 0.95106 -0.22208 0.85930 1 0 1.0
0 -0.98256 4.09763 0.29702 -0.25994 -0.16710 0.95106 -0.19651 0.81953 1 0 1.0
cl_white
0 -0.98256 4.09763 0.29702 -0.84118 -0.54076 0.00000 0.81953 0.05940 1 0 1.0
0 -1.11039 4.29648 0.29702 -0.84118 -0.54076 0.00000 0.85930 0.05940 1 0 1.0
0 -1.11039 4.29648 0.20298 -0.84118 -0.54076 0.00000 0.85930 0.04060 1 0 1.0
cl_white
0 -0.98256 4.09763 0.29702 -0.84118 -0.54076 0.00000 0.81953 0.05940 1 0 1.0
0 -1.11039 4.29648 0.20298 -0.84118 -0.54076 0.00000 0.85930 0.04060 1 0 1.0
0 -0.98256 4.09763 0.20298 -0.84118 -0.54076 0.00000 0.81953 0.04060 1 0 1.0
cl_white
0 -0.98256 4.09763 0.20298 -0.25994 -0.16710 -0.95106 -0.19651 0.81953 1 0 1.0
0 -1.11039 4.29648 0.20298 -0.25994 -0.16710 -0.95106 -0.22208 0.85930 1 0 1.0
0 -1.03516 4.34485 0.17392 -0.25994 -0.16710 -0.95106 -0.20703 0.86897 1 0 1.0
cl_white
0 -0.98256 4.09763 0.20298 -0.25994 -0.16710 -0.95106 -0.19651 0.81953 1 0 1.0
0 -1.03516 4.34485 0.17392 -0.25994 -0.16710 -0.95106 -0.20703 0.86897 1 0 1.0
0 -0.90732 4.14599 0.17392 -0.25994 -0.16710 -0.95106 -0.18146 0.82920 1 0 1.0
cl_white
0 -0.90732 4.14599 0.17392 0.68053 0.43748 -0.58779 0.82920 0.03478 1 0 1.0
0 -1.03516 4.34485 0.17392 0.68053 0.43748 -0.58779 0.86897 0.03478 1 0 1.0
0 -0.98866 4.37474 0.25000 0.68053 0.43748 -0.58779 0.87495 0.05000 1 0 1.0
cl_white
0 -0.90732 4.14599 0.17392 0.68053 0.43748 -0.58779 0.82920 0.03478 1 0 1.0
0 -0.98866 4.37474 0.25000 0.68053 0.43748 -0.58779 0.87495 0.05000 1 0 1.0
0 -0.86082 4.17588 0.25000 0.68053 0.43748 -0.58779 0.83518 0.05000 1 0 1.0
cl_white
0 -0.98866 4.37474 0.25000 0.00000 0.00000 0.00000 -0.19773 0.05000 1 0 1.0
0 -1.10000 4.40000 0.25000 0.00000 0.00000 0.00000 -0.22000 0.05000 1 0 1.0
0 -1.10000 4.40000 0.25000 0.00000 0.00000 0.00000 -0.22000 0.05000 1 0 1.0
cl_white
0 -0.98866 4.37474 0.25000 0.19643 0.86581 0.46021 -0.19773 0.05000 1 0 1.0
0 -1.10000 4.40000 0.25000 0.19643 0.86581 0.46021 -0.22000 0.05000 1 0 1.0
0 -1.03516 4.34485 0.32608 0.19643 0.86581 0.46021 -0.20703 0.06522 1 0 1.0
cl_white
0 -1.03516 4.34485 0.32608 0.00000 0.00000 0.00000 -0.20703 0.86897 1 0 1.0
0 -1.10000 4.40000 0.25000 0.00000 0.00000 0.00000 -0.22000 0.88000 1 0 1.0
0 -1.10000 4.40000 0.25000 0.00000 0.00000 0.00000 -0.22000 0.88000 1 0 1.0
cl_white
0 -1.03516 4.34485 0.32608 -0.53991 0.39245 0.74463 -0.20703 0.86897 1 0 1.0
0 -1.10000 4.40000 0.25000 -0.53991 0.39245 0.74463 -0.22000 0.88000 1 0 1.0
0 -1.11039 4.29648 0.29702 -0.53991 0.39245 0.74463 -0.22208 0.85930 1 0 1.0
cl_white
0 -1.11039 4.29648 0.29702 0.00000 0.00000 0.00000 0.85930 0.05940 1 0 1.0
0 -1.10000 4.40000 0.25000 0.00000 0.00000 0.00000 0.88000 0.05000 1 0 1.0
0 -1.10000 4.40000 0.25000 0.00000 0.00000 0.00000 0.88000 0.05000 1 0 1.0
cl_white
0 -1.11039 4.29648 0.29702 -0.99500 0.09989 0.00000 0.85930 0.05940 1 0 1.0
0 -1.10000 4.40000 0.25000 -0.99500 0.09989 0.00000 0.88000 0.05000 1 0 1.0
0 -1.11039 4.29648 0.20298 -0.99500 0.09989 0.00000 0.85930 0.04060 1 0 1.0
cl_white
0 -1.11039 4.29648 0.20298 0.00000 0.00000 0.00000 -0.22208 0.85930 1 0 1.0
0 -1.10000 4.40000 0.25000 0.00000 0.00000 0.00000 -0.22000 0.88000 1 0 1.0
0 -1.10000 4.40000 0.25000 0.00000 0.00000 0.00000 -0.22000 0.88000 1 0 1.0
cl_white
0 -1.11039 4.29648 0.20298 -0.53991 0.39245 -0.74463 -0.22208 0.85930 1 0 1.0
0 -1.10000 4.40000 0.25000 -0.53991 0.39245 -0.74463 -0.22000 0.88000 1 0 1.0
0 -1.03516 4.34485 0.17392 -0.53991 0.39245 -0.74463 -0.20703 0.86897 1 0 1.0
cl_white
0 -1.03516 4.34485 0.17392 0.00000 0.00000 0.00000 -0.20703 0.03478 1 0 1.0
0 -1.10000 4.40000 0.25000 0.00000 0.00000 0.00000 -0.22000 0.05000 1 0 1.0
0 -1.10000 4.40000 0.25000 0.00000 0.00000 0.00000 -0.22000 0.05000 1 0 1.0
cl_white
0 -1.03516 4.34485 0.17392 0.19643 0.86581 -0.46021 -0.20703 0.03478 1 0 1.0
0 -1.10000 4.40000 0.25000 0.19643 0.86581 -0.46021 -0.22000 0.05000 1 0 1.0
0 -0.98866 4.37474 0.25000 0.19643 0.86581 -0.46021 -0.19773 0.05000 1 0 1.0
cl_white
0 -1.10000 4.40000 0.25000 -0.86922 0.18075 0.46021 0.88000 0.05000 1 0 1.0
0 -1.12325 4.28822 0.25000 -0.86922 0.18075 0.46021 0.85764 0.05000 1 0 1.0
0 -1.07675 4.31811 0.32608 -0.86922 0.18075 0.46021 0.86362 0.06522 1 0 1.0
cl_white
0 -1.10000 4.40000 0.25000 0.00000 0.00000 0.00000 0.88000 0.05000 1 0 1.0
0 -1.07675 4.31811 0.32608 0.00000 0.00000 0.00000 0.86362 0.06522 1 0 1.0
0 -1.10000 4.40000 0.25000 0.00000 0.00000 0.00000 0.88000 0.05000 1 0 1.0
cl_white
0 -1.10000 4.40000 0.25000 -0.13287 0.65412 0.74463 -0.22000 0.88000 1 0 1.0
0 -1.07675 4.31811 0.32608 -0.13287 0.65412 0.74463 -0.21535 0.86362 1 0 1.0
0 -1.00151 4.36648 0.29702 -0.13287 0.65412 0.74463 -0.20030 0.87330 1 0 1.0
cl_white
0 -1.10000 4.40000 0.25000 0.00000 0.00000 0.00000 -0.22000 0.88000 1 0 1.0
0 -1.00151 4.36648 0.29702 0.00000 0.00000 0.00000 -0.20030 0.87330 1 0 1.0
0 -1.10000 4.40000 0.25000 0.00000 0.00000 0.00000 -0.22000 0.88000 1 0 1.0
cl_white
0 -1.10000 4.40000 0.25000 0.32221 0.94667 0.00000 -0.22000 0.05000 1 0 1.0
0 -1.00151 4.36648 0.29702 0.32221 0.94667 0.00000 -0.20030 0.05940 1 0 1.0
0 -1.00151 4.36648 0.20298 0.32221 0.94667 0.00000 -0.20030 0.04060 1 0 1.0
cl_white
0 -1.10000 4.40000 0.25000 0.00000 0.00000 0.00000 -0.22000 0.05000 1 0 1.0
0 -1.00151 4.36648 0.20298 0.00000 0.00000 0.00000 -0.20030 0.04060 1 0 1.0
0 -1.10000 4.40000 0.25000 0.00000 0.00000 0.00000 -0.22000 0.05000 1 0 1.0
cl_white
0 -1.10000 4.40000 0.25000 -0.13287 0.65412 -0.74463 -0.22000 0.88000 1 0 1.0
0 -1.00151 4.36648 0.20298 -0.13287 0.65412 -0.74463 -0.20030 0.87330 1 0 1.0
0 -1.07675 4.31811 0.17392 -0.13287 0.65412 -0.74463 -0.21535 0.86362 1 0 1.0
cl_white
0 -1.10000 4.40000 0.25000 0.00000 0.00000 0.00000 -0.22000 0.88000 1 0 1.0
0 -1.07675 4.31811 0.17392 0.00000 0.00000 0.00000 -0.21535 0.86362 1 0 1.0
0 -1.10000 4.40000 0.25000 0.00000 0.00000 0.00000 -0.22000 0.88000 1 0 1.0
cl_white
0 -1.10000 4.40000 0.25000 -0.86922 0.18075 -0.46021 0.88000 0.05000 1 0 1.0
0 -1.07675 4.31811 0.17392 -0.86922 0.18075 -0.46021 0.86362 0.03478 1 0 1.0
0 -1.12325 4.28822 0.25000 -0.86922 0.18075 -0.46021 0.85764 0.05000 1 0 1.0
cl_white
0 -1.10000 4.40000 0.25000 0.00000 0.00000 0.00000 0.88000 0.05000 1 0 1.0
0 -1.12325 4.28822 0.25000 0.00000 0.00000 0.00000 0.85764 0.05000 1 0 1.0
0 -1.10000 4.40000 0.25000 0.00000 0.00000 0.00000 0.88000 0.05000 1 0 1.0
cl_white
0 -1.12325 4.28822 0.25000 -0.68053 -0.43748 0.58779 0.85764 0.05000 1 0 1.0
0 -0.99541 4.08936 0.25000 -0.68053 -0.43748 0.58779 0.81787 0.05000 1 0 1.0
0 -0.94891 4.11926 0.32608 -0.68053 -0.43748 0.58779 0.82385 0.06522 1 0 1.0
cl_white
0 -1.12325 4.28822 0.25000 -0.68053 -0.43748 0.58779 0.85764 0.05000 1 0 1.0
0 -0.94891 4.11926 0.32608 -0.68053 -0.43748 0.58779 0.82385 0.06522 1 0 1.0
0 -1.07675 4.31811 0.32608 -0.68053 -0.43748 0.58779 0.86362 0.06522 1 0 1.0
cl_white
0 -1.07675 4.31811 0.32608 0.25994 0.16710 0.95106 -0.21535 0.86362 1 0 1.0
0 -0.94891 4.11926 0.32608 0.25994 0.16710 0.95106 -0.18978 0.82385 1 0 1.0
0 -0.87367 4.16762 0.29702 0.25994 0.16710 0.95106 -0.17473 0.83352 1 0 1.0
cl_white
0 -1.07675 4.31811 0.32608 0.25994 0.16710 0.95106 -0.21535 0.86362 1 0 1.0
0 -0.87367 4.16762 0.29702 0.25994 0.16710 0.95106 -0.17473 0.83352 1 0 1.0
0 -1.00151 4.36648 0.29702 0.25994 0.16710 0.95106 -0.20030 0.87330 1 0 1.0
cl_white
0 -1.00151 4.36648 0.29702 0.84118 0.54076 0.00000 0.87330 0.05940 1 0 1.0
0 -0.87367 4.16762 0.29702 0.84118 0.54076 0.00000 0.83352 0.05940 1 0 1.0
0 -0.87367 4.16762 0.20298 0.84118 0.54076 0.00000 0.83352 0.04060 1 0 1.0
cl_white
0 -1.00151 4.36648 0.29702 0.84118 0.54076 0.00000 0.87330 0.05940 1 0 1.0
0 -0.87367 4.16762 0.20298 0.84118 0.54076 0.00000 0.83352 0.04060 1 0 1.0
0 -1.00151 4.36648 0.20298 0.84118 0.54076 0.00000 0.87330 0.04060 1 0 1.0
cl_white
0 -1.00151 4.36648 0.20298 0.25994 0.16710 -0.95106 -0.20030 0.87330 1 0 1.0
0 -0.87367 4.16762 0.20298 0.25994 0.16710 -0.95106 -0.17473 0.83352 1 0 1.0
0 -0.94891 4.11926 0.17392 0.25994 0.16710 -0.95106 -0.18978 0.82385 1 0 1.0
cl_white
0 -1.00151 4.36648 0.20298 0.25994 0.16710 -0.95106 -0.20030 0.87330 1 0 1.0
0 -0.94891 4.11926 0.17392 0.25994 0.16710 -0.95106 -0.18978 0.82385 1 0 1.0
0 -1.07675 4.31811 0.17392 0.25994 0.16710 -0.95106 -0.21535 0.86362 1 0 1.0
cl_white
0 -1.07675 4.31811 0.17392 -0.68053 -0.43748 -0.58779 0.86362 0.03478 1 0 1.0
0 -0.94891 4.11926 0.17392 -0.68053 -0.43748 -0.58779 0.82385 0.03478 1 0 1.0
0 -0.99541 4.08936 0.25000 -0.68053 -0.43748 -0.58779 0.81787 0.05000 1 0 1.0
cl_white
0 -1.07675 4.31811 0.17392 -0.68053 -0.43748 -0.58779 0.86362 0.03478 1 0 1.0
0 -0.99541 4.08936 0.25000 -0.68053 -0.43748 -0.58779 0.81787 0.05000 1 0 1.0
0 -1.12325 4.28822 0.25000 -0.68053 -0.43748 -0.58779 0.85764 0.05000 1 0 1.0
cl_white
0 -0.99541 4.08936 0.25000 -0.68053 -0.43748 0.58779 0.81787 0.05000 1 0 1.0
0 -0.79630 3.77964 0.25000 -0.68053 -0.43748 0.58779 0.75593 0.05000 1 0 1.0
0 -0.74980 3.80953 0.32608 -0.68053 -0.43748 0.58779 0.76191 0.06522 1 0 1.0
cl_white
0 -0.99541 4.08936 0.25000 -0.68053 -0.43748 0.58779 0.81787 0.05000 1 0 1.0
0 -0.74980 3.80953 0.32608 -0.68053 -0.43748 0.58779 0.76191 0.06522 1 0 1.0
0 -0.94891 4.11926 0.32608 -0.68053 -0.43748 0.58779 0.82385 0.06522 1 0 1.0
cl_white
0 -0.94891 4.11926 0.32608 0.25994 0.16710 0.95106 -0.18978 0.82385 1 0 1.0
0 -0.74980 3.80953 0.32608 0.25994 0.16710 0.95106 -0.14996 0.76191 1 0 1.0
0 -0.67456 3.85790 0.29702 0.25994 0.16710 0.95106 -0.13491 0.77158 1 0 1.0
cl_white
0 -0.94891 4.11926 0.32608 0.25994 0.16710 0.95106 -0.18978 0.82385 1 0 1.0
0 -0.67456 3.85790 0.29702 0.25994 0.16710 0.95106 -0.13491 0.77158 1 0 1.0
0 -0.87367 4.16762 0.29702 0.25994 0.16710 0.95106 -0.17473 0.83352 1 0 1.0
cl_white
0 -0.87367 4.16762 0.29702 0.84118 0.54076 0.00000 0.83352 0.05940 1 0 1.0
0 -0.67456 3.85790 0.29702 0.84118 0.54076 0.00000 0.77158 0.05940 1 0 1.0
0 -0.67456 3.85790 0.20298 0.84118 0.54076 0.00000 0.77158 0.04060 1 0 1.0
cl_white
0 -0.87367 4.16762 0.29702 0.84118 0.54076 0.00000 0.83352 0.05940 1 0 1.0
0 -0.67456 3.85790 0.20298 0.84118 0.54076 0.00000 0.77158 0.04060 1 0 1.0
0 -0.87367 4.16762 0.20298 0.84118 0.54076 0.00000 0.83352 0.04060 1 0 1.0
cl_white
0 -0.87367 4.16762 0.20298 0.25994 0.16710 -0.95106 -0.17473 0.83352 1 0 1.0
0 -0.67456 3.85790 0.20298 0.25994 0.16710 -0.95106 -0.13491 0.77158 1 0 1.0
0 -0.74980 3.80953 0.17392 0.25994 0.16710 -0.95106 -0.14996 0.76191 1 0 1.0
cl_white
0 -0.87367 4.16762 0.20298 0.25994 0.16710 -0.95106 -0.17473 0.83352 1 0 1.0
0 -0.74980 3.80953 0.17392 0.25994 0.16710 -0.95106 -0.14996 0.76191 1 0 1.0
0 -0.94891 4.11926 0.17392 0.25994 0.16710 -0.95106 -0.18978 0.82385 1 0 1.0
cl_white
0 -0.94891 4.11926 0.17392 -0.68053 -0.43748 -0.58779 0.82385 0.03478 1 0 1.0
0 -0.74980 3.80953 0.17392 -0.68053 -0.43748 -0.58779 0.76191 0.03478 1 0 1.0
0 -0.79630 3.77964 0.25000 -0.68053 -0.43748 -0.58779 0.75593 0.05000 1 0 1.0
cl_white
0 -0.94891 4.11926 0.17392 -0.68053 -0.43748 -0.58779 0.82385 0.03478 1 0 1.0
0 -0.79630 3.77964 0.25000 -0.68053 -0.43748 -0.58779 0.75593 0.05000 1 0 1.0
0 -0.99541 4.08936 0.25000 -0.68053 -0.43748 -0.58779 0.81787 0.05000 1 0 1.0
cl_white
0 -0.79630 3.77964 0.25000 -0.68053 -0.43748 0.58778 0.75593 0.05000 1 0 1.0
0 -0.54541 3.38936 0.25000 -0.68053 -0.43748 0.58778 0.67787 0.05000 1 0 1.0
0 -0.49891 3.41926 0.32608 -0.68053 -0.43748 0.58778 0.68385 0.06522 1 0 1.0
cl_white
0 -0.79630 3.77964 0.25000 -0.68053 -0.43748 0.58779 0.75593 0.05000 1 0 1.0
0 -0.49891 3.41926 0.32608 -0.68053 -0.43748 0.58779 0.68385 0.06522 1 0 1.0
0 -0.74980 3.80953 0.32608 -0.68053 -0.43748 0.58779 0.76191 0.06522 1 0 1.0
cl_white
0 -0.74980 3.80953 0.32608 0.25994 0.16710 0.95106 -0.14996 0.76191 1 0 1.0
0 -0.49891 3.41926 0.32608 0.25994 0.16710 0.95106 -0.09978 0.68385 1 0 1.0
0 -0.42367 3.46762 0.29702 0.25994 0.16710 0.95106 -0.08473 0.69352 1 0 1.0
cl_white
0 -0.74980 3.80953 0.32608 0.25994 0.16710 0.95106 -0.14996 0.76191 1 0 1.0
0 -0.42367 3.46762 0.29702 0.25994 0.16710 0.95106 -0.08473 0.69352 1 0 1.0
0 -0.67456 3.85790 0.29702 0.25994 0.16710 0.95106 -0.13491 0.77158 1 0 1.0
cl_white
0 -0.67456 3.85790 0.29702 0.84118 0.54076 0.00000 0.77158 0.05940 1 0 1.0
0 -0.42367 3.46762 0.29702 0.84118 0.54076 0.00000 0.69352 0.05940 1 0 1.0
0 -0.42367 3.46762 0.20298 0.84118 0.54076 0.00000 0.69352 0.04060 1 0 1.0
cl_white
0 -0.67456 3.85790 0.29702 0.84118 0.54076 0.00000 0.77158 0.05940 1 0 1.0
0 -0.42367 3.46762 0.20298 0.84118 0.54076 0.00000 0.69352 0.04060 1 0 1.0
0 -0.67456 3.85790 0.20298 0.84118 0.54076 0.00000 0.77158 0.04060 1 0 1.0
cl_white
0 -0.67456 3.85790 0.20298 0.25994 0.16710 -0.95106 -0.13491 0.77158 1 0 1.0
0 -0.42367 3.46762 0.20298 0.25994 0.16710 -0.95106 -0.08473 0.69352 1 0 1.0
0 -0.49891 3.41926 0.17392 0.25994 0.16710 -0.95106 -0.09978 0.68385 1 0 1.0
cl_white
0 -0.67456 3.85790 0.20298 0.25994 0.16710 -0.95106 -0.13491 0.77158 1 0 1.0
0 -0.49891 3.41926 0.17392 0.25994 0.16710 -0.95106 -0.09978 0.68385 1 0 1.0
0 -0.74980 3.80953 0.17392 0.25994 0.16710 -0.95106 -0.14996 0.76191 1 0 1.0
cl_white
0 -0.74980 3.80953 0.17392 -0.68053 -0.43748 -0.58778 0.76191 0.03478 1 0 1.0
0 -0.49891 3.41926 0.17392 -0.68053 -0.43748 -0.58778 0.68385 0.03478 1 0 1.0
0 -0.54541 3.38936 0.25000 -0.68053 -0.43748 -0.58778 0.67787 0.05000 1 0 1.0
cl_white
0 -0.74980 3.80953 0.17392 -0.68053 -0.43748 -0.58779 0.76191 0.03478 1 0 1.0
0 -0.54541 3.38936 0.25000 -0.68053 -0.43748 -0.58779 0.67787 0.05000 1 0 1.0
0 -0.79630 3.77964 0.25000 -0.68053 -0.43748 -0.58779 0.75593 0.05000 1 0 1.0
cl_white
0 -0.54541 3.38936 0.25000 -0.68053 -0.43748 0.58778 0.67787 0.05000 1 0 1.0
0 -0.26729 2.95674 0.25000 -0.68053 -0.43748 0.58778 0.59135 0.05000 1 0 1.0
0 -0.22080 2.98663 0.32608 -0.68053 -0.43748 0.58778 0.59733 0.06522 1 0 1.0
cl_white
0 -0.54541 3.38936 0.25000 -0.68053 -0.43748 0.58778 0.67787 0.05000 1 0 1.0
0 -0.22080 2.98663 0.32608 -0.68053 -0.43748 0.58778 0.59733 0.06522 1 0 1.0
0 -0.49891 3.41926 0.32608 -0.68053 -0.43748 0.58778 0.68385 0.06522 1 0 1.0
cl_white
0 -0.49891 3.41926 0.32608 0.25994 0.16710 0.95106 -0.09978 0.68385 1 0 1.0
0 -0.22080 2.98663 0.32608 0.25994 0.16710 0.95106 -0.04416 0.59733 1 0 1.0
0 -0.14556 3.03500 0.29702 0.25994 0.16710 0.95106 -0.02911 0.60700 1 0 1.0
cl_white
0 -0.49891 3.41926 0.32608 0.25994 0.16710 0.95106 -0.09978 0.68385 1 0 1.0
0 -0.14556 3.03500 0.29702 0.25994 0.16710 0.95106 -0.02911 0.60700 1 0 1.0
0 -0.42367 3.46762 0.29702 0.25994 0.16710 0.95106 -0.08473 0.69352 1 0 1.0
cl_white
0 -0.42367 3.46762 0.29702 0.84118 0.54076 0.00000 0.69352 0.05940 1 0 1.0
0 -0.14556 3.03500 0.29702 0.84118 0.54076 0.00000 0.60700 0.05940 1 0 1.0
0 -0.14556 3.03500 0.20298 0.84118 0.54076 0.00000 0.60700 0.04060 1 0 1.0
cl_white
0 -0.42367 3.46762 0.29702 0.84118 0.54076 0.00000 0.69352 0.05940 1 0 1.0
0 -0.14556 3.03500 0.20298 0.84118 0.54076 0.00000 0.60700 0.04060 1 0 1.0
0 -0.42367 3.46762 0.20298 0.84118 0.54076 0.00000 0.69352 0.04060 1 0 1.0
cl_white
0 -0.42367 3.46762 0.20298 0.25994 0.16710 -0.95106 -0.08473 0.69352 1 0 1.0
0 -0.14556 3.03500 0.20298 0.25994 0.16710 -0.95106 -0.02911 0.60700 1 0 1.0
0 -0.22080 2.98663 0.17392 0.25994 0.16710 -0.95106 -0.04416 0.59733 1 0 1.0
cl_white
0 -0.42367 3.46762 0.20298 0.25994 0.16710 -0.95106 -0.08473 0.69352 1 0 1.0
0 -0.22080 2.98663 0.17392 0.25994 0.16710 -0.95106 -0.04416 0.59733 1 0 1.0
0 -0.49891 3.41926 0.17392 0.25994 0.16710 -0.95106 -0.09978 0.68385 1 0 1.0
cl_white
0 -0.49891 3.41926 0.17392 -0.68053 -0.43748 -0.58778 0.68385 0.03478 1 0 1.0
0 -0.22080 2.98663 0.17392 -0.68053 -0.43748 -0.58778 0.59733 0.03478 1 0 1.0
0 -0.26729 2.95674 0.25000 -0.68053 -0.43748 -0.58778 0.59135 0.05000 1 0 1.0
cl_white
0 -0.49891 3.41926 0.17392 -0.68053 -0.43748 -0.58778 0.68385 0.03478 1 0 1.0
0 -0.26729 2.95674 0.25000 -0.68053 -0.43748 -0.58778 0.59135 0.05000 1 0 1.0
0 -0.54541 3.38936 0.25000 -0.68053 -0.43748 -0.58778 0.67787 0.05000 1 0 1.0
cl_white
0 -0.25444 2.96500 0.20298 0.54076 -0.84118 -0.00000 -0.05089 0.04060 1 0 1.0
0 -0.17920 3.01337 0.17392 0.54076 -0.84118 -0.00000 -0.03584 0.03478 1 0 1.0
0 -0.13271 3.04326 0.25000 0.54076 -0.84118 -0.00000 -0.02654 0.05000 1 0 1.0
cl_white
0 -0.13271 3.04326 0.25000 0.54076 -0.84118 0.00000 -0.02654 0.05000 1 0 1.0
0 -0.17920 3.01337 0.32608 0.54076 -0.84118 0.00000 -0.03584 0.06522 1 0 1.0
0 -0.25444 2.96500 0.29702 0.54076 -0.84118 0.00000 -0.05089 0.05940 1 0 1.0
cl_white
0 -0.13271 3.04326 0.25000 0.54076 -0.84118 0.00000 -0.02654 0.05000 1 0 1.0
0 -0.25444 2.96500 0.29702 0.54076 -0.84118 0.00000 -0.05089 0.05940 1 0 1.0
0 -0.25444 2.96500 0.20298 0.54076 -0.84118 0.00000 -0.05089 0.04060 1 0 1.0
cl_white
0 -0.22080 2.98663 0.32608 0.54076 -0.84118 0.00000 -0.04416 0.06522 1 0 1.0
0 -0.26729 2.95674 0.25000 0.54076 -0.84118 0.00000 -0.05346 0.05000 1 0 1.0
0 -0.22080 2.98663 0.17392 0.54076 -0.84118 0.00000 -0.04416 0.03478 1 0 1.0
cl_white
0 -0.22080 2.98663 0.17392 0.54076 -0.84118 0.00000 -0.04416 0.03478 1 0 1.0
0 -0.14556 3.03500 0.20298 0.54076 -0.84118 0.00000 -0.02911 0.04060 1 0 1.0
0 -0.14556 3.03500 0.29702 0.54076 -0.84118 0.00000 -0.02911 0.05940 1 0 1.0
cl_white
0 -0.22080 2.98663 0.17392 0.54076 -0.84118 0.00000 -0.04416 0.03478 1 0 1.0
0 -0.14556 3.03500 0.29702 0.54076 -0.84118 0.00000 -0.02911 0.05940 1 0 1.0
0 -0.22080 2.98663 0.32608 0.54076 -0.84118 0.00000 -0.04416 0.06522 1 0 1.0
cl_metal
0 0.17500 -1.05000 2.22500 -0.57735 -0.57735 -0.57735 0.03500 0.44500 1 0 1.0
0 0.17500 -1.10000 2.27500 -0.57735 -0.57735 -0.57735 0.03500 0.45500 1 0 1.0
0 0.12500 -1.05000 2.27500 -0.57735 -0.57735 -0.57735 0.02500 0.45500 1 0 1.0
cl_metal
0 0.17500 -1.10000 2.32500 -0.57735 -0.57735 0.57735 0.03500 -0.22000 1 0 1.0
0 0.17500 -1.05000 2.37500 -0.57735 -0.57735 0.57735 0.03500 -0.21000 1 0 1.0
0 0.12500 -1.05000 2.32500 -0.57735 -0.57735 0.57735 0.02500 -0.21000 1 0 1.0
cl_metal
0 0.17500 1.05000 2.22500 -0.57735 0.57735 -0.57735 0.03500 0.21000 1 0 1.0
0 0.12500 1.05000 2.27500 -0.57735 0.57735 -0.57735 0.02500 0.21000 1 0 1.0
0 0.17500 1.10000 2.27500 -0.57735 0.57735 -0.57735 0.03500 0.22000 1 0 1.0
cl_metal
0 0.17500 1.05000 2.37500 -0.57735 0.57735 0.57735 0.03500 0.47500 1 0 1.0
0 0.17500 1.10000 2.32500 -0.57735 0.57735 0.57735 0.03500 0.46500 1 0 1.0
0 0.12500 1.05000 2.32500 -0.57735 0.57735 0.57735 0.02500 0.46500 1 0 1.0
cl_metal
0 0.22500 -1.05000 2.22500 0.57735 -0.57735 -0.57735 0.04500 -0.21000 1 0 1.0
0 0.27500 -1.05000 2.27500 0.57735 -0.57735 -0.57735 0.05500 -0.21000 1 0 1.0
0 0.22500 -1.10000 2.27500 0.57735 -0.57735 -0.57735 0.04500 -0.22000 1 0 1.0
cl_metal
0 0.22500 -1.05000 2.37500 0.57735 -0.57735 0.57735 0.04500 0.47500 1 0 1.0
0 0.22500 -1.10000 2.32500 0.57735 -0.57735 0.57735 0.04500 0.46500 1 0 1.0
0 0.27500 -1.05000 2.32500 0.57735 -0.57735 0.57735 0.05500 0.46500 1 0 1.0
cl_metal
0 0.22500 1.05000 2.22500 0.57735 0.57735 -0.57735 0.04500 0.44500 1 0 1.0
0 0.22500 1.10000 2.27500 0.57735 0.57735 -0.57735 0.04500 0.45500 1 0 1.0
0 0.27500 1.05000 2.27500 0.57735 0.57735 -0.57735 0.05500 0.45500 1 0 1.0
cl_metal
0 0.22500 1.05000 2.37500 0.57735 0.57735 0.57735 0.04500 0.21000 1 0 1.0
0 0.27500 1.05000 2.32500 0.57735 0.57735 0.57735 0.05500 0.21000 1 0 1.0
0 0.22500 1.10000 2.32500 0.57735 0.57735 0.57735 0.04500 0.22000 1 0 1.0
cl_metal
0 0.17500 1.05000 2.22500 -0.70711 0.00000 -0.70711 0.03500 0.21000 1 0 1.0
0 0.17500 -1.05000 2.22500 -0.70711 0.00000 -0.70711 0.03500 -0.21000 1 0 1.0
0 0.12500 -1.05000 2.27500 -0.70711 0.00000 -0.70711 0.02500 -0.21000 1 0 1.0
cl_metal
0 0.17500 1.05000 2.22500 -0.70711 0.00000 -0.70711 0.03500 0.21000 1 0 1.0
0 0.12500 -1.05000 2.27500 -0.70711 0.00000 -0.70711 0.02500 -0.21000 1 0 1.0
0 0.12500 1.05000 2.27500 -0.70711 0.00000 -0.70711 0.02500 0.21000 1 0 1.0
cl_metal
0 0.17500 -1.10000 2.27500 -0.70711 -0.70711 -0.00000 0.03500 0.45500 1 0 1.0
0 0.17500 -1.10000 2.32500 -0.70711 -0.70711 -0.00000 0.03500 0.46500 1 0 1.0
0 0.12500 -1.05000 2.32500 -0.70711 -0.70711 -0.00000 0.02500 0.46500 1 0 1.0
cl_metal
0 0.17500 -1.10000 2.27500 -0.70711 -0.70711 0.00000 0.03500 0.45500 1 0 1.0
0 0.12500 -1.05000 2.32500 -0.70711 -0.70711 0.00000 0.02500 0.46500 1 0 1.0
0 0.12500 -1.05000 2.27500 -0.70711 -0.70711 0.00000 0.02500 0.45500 1 0 1.0
cl_metal
0 0.17500 -1.05000 2.37500 -0.70711 -0.00000 0.70711 0.03500 -0.21000 1 0 1.0
0 0.17500 1.05000 2.37500 -0.70711 -0.00000 0.70711 0.03500 0.21000 1 0 1.0
0 0.12500 1.05000 2.32500 -0.70711 -0.00000 0.70711 0.02500 0.21000 1 0 1.0
cl_metal
0 0.17500 -1.05000 2.37500 -0.70711 0.00000 0.70711 0.03500 -0.21000 1 0 1.0
0 0.12500 1.05000 2.32500 -0.70711 0.00000 0.70711 0.02500 0.21000 1 0 1.0
0 0.12500 -1.05000 2.32500 -0.70711 0.00000 0.70711 0.02500 -0.21000 1 0 1.0
cl_metal
0 0.17500 1.10000 2.32500 -0.70711 0.70711 0.00000 0.03500 0.46500 1 0 1.0
0 0.17500 1.10000 2.27500 -0.70711 0.70711 0.00000 0.03500 0.45500 1 0 1.0
0 0.12500 1.05000 2.27500 -0.70711 0.70711 0.00000 0.02500 0.45500 1 0 1.0
cl_metal
0 0.17500 1.10000 2.32500 -0.70711 0.70711 0.00000 0.03500 0.46500 1 0 1.0
0 0.12500 1.05000 2.27500 -0.70711 0.70711 0.00000 0.02500 0.45500 1 0 1.0
0 0.12500 1.05000 2.32500 -0.70711 0.70711 0.00000 0.02500 0.46500 1 0 1.0
cl_metal
0 0.22500 1.05000 2.22500 0.00000 0.70711 -0.70711 0.04500 0.44500 1 0 1.0
0 0.17500 1.05000 2.22500 0.00000 0.70711 -0.70711 0.03500 0.44500 1 0 1.0
0 0.17500 1.10000 2.27500 0.00000 0.70711 -0.70711 0.03500 0.45500 1 0 1.0
cl_metal
0 0.22500 1.05000 2.22500 0.00000 0.70711 -0.70711 0.04500 0.44500 1 0 1.0
0 0.17500 1.10000 2.27500 0.00000 0.70711 -0.70711 0.03500 0.45500 1 0 1.0
0 0.22500 1.10000 2.27500 0.00000 0.70711 -0.70711 0.04500 0.45500 1 0 1.0
cl_metal
0 0.17500 1.05000 2.37500 0.00000 0.70711 0.70711 0.03500 0.47500 1 0 1.0
0 0.22500 1.05000 2.37500 0.00000 0.70711 0.70711 0.04500 0.47500 1 0 1.0
0 0.22500 1.10000 2.32500 0.00000 0.70711 0.70711 0.04500 0.46500 1 0 1.0
cl_metal
0 0.17500 1.05000 2.37500 0.00000 0.70711 0.70711 0.03500 0.47500 1 0 1.0
0 0.22500 1.10000 2.32500 0.00000 0.70711 0.70711 0.04500 0.46500 1 0 1.0
0 0.17500 1.10000 2.32500 0.00000 0.70711 0.70711 0.03500 0.46500 1 0 1.0
cl_metal
0 0.27500 1.05000 2.32500 0.70711 0.70711 0.00000 0.05500 0.46500 1 0 1.0
0 0.27500 1.05000 2.27500 0.70711 0.70711 0.00000 0.05500 0.45500 1 0 1.0
0 0.22500 1.10000 2.27500 0.70711 0.70711 0.00000 0.04500 0.45500 1 0 1.0
cl_metal
0 0.27500 1.05000 2.32500 0.70711 0.70711 -0.00000 0.05500 0.46500 1 0 1.0
0 0.22500 1.10000 2.27500 0.70711 0.70711 -0.00000 0.04500 0.45500 1 0 1.0
0 0.22500 1.10000 2.32500 0.70711 0.70711 -0.00000 0.04500 0.46500 1 0 1.0
cl_metal
0 0.22500 -1.05000 2.22500 0.70711 -0.00000 -0.70711 0.04500 -0.21000 1 0 1.0
0 0.22500 1.05000 2.22500 0.70711 -0.00000 -0.70711 0.04500 0.21000 1 0 1.0
0 0.27500 1.05000 2.27500 0.70711 -0.00000 -0.70711 0.05500 0.21000 1 0 1.0
cl_metal
0 0.22500 -1.05000 2.22500 0.70711 0.00000 -0.70711 0.04500 -0.21000 1 0 1.0
0 0.27500 1.05000 2.27500 0.70711 0.00000 -0.70711 0.05500 0.21000 1 0 1.0
0 0.27500 -1.05000 2.27500 0.70711 0.00000 -0.70711 0.05500 -0.21000 1 0 1.0
cl_metal
0 0.22500 1.05000 2.37500 0.70711 0.00000 0.70711 0.04500 0.21000 1 0 1.0
0 0.22500 -1.05000 2.37500 0.70711 0.00000 0.70711 0.04500 -0.21000 1 0 1.0
0 0.27500 -1.05000 2.32500 0.70711 0.00000 0.70711 0.05500 -0.21000 1 0 1.0
cl_metal
0 0.22500 1.05000 2.37500 0.70711 0.00000 0.70711 0.04500 0.21000 1 0 1.0
0 0.27500 -1.05000 2.32500 0.70711 0.00000 0.70711 0.05500 -0.21000 1 0 1.0
0 0.27500 1.05000 2.32500 0.70711 0.00000 0.70711 0.05500 0.21000 1 0 1.0
cl_metal
0 0.22500 -1.10000 2.32500 0.70711 -0.70711 0.00000 0.04500 0.46500 1 0 1.0
0 0.22500 -1.10000 2.27500 0.70711 -0.70711 0.00000 0.04500 0.45500 1 0 1.0
0 0.27500 -1.05000 2.27500 0.70711 -0.70711 0.00000 0.05500 0.45500 1 0 1.0
cl_metal
0 0.22500 -1.10000 2.32500 0.70711 -0.70711 0.00000 0.04500 0.46500 1 0 1.0
0 0.27500 -1.05000 2.27500 0.70711 -0.70711 0.00000 0.05500 0.45500 1 0 1.0
0 0.27500 -1.05000 2.32500 0.70711 -0.70711 0.00000 0.05500 0.46500 1 0 1.0
cl_metal
0 0.17500 -1.05000 2.22500 0.00000 -0.70711 -0.70711 0.03500 0.44500 1 0 1.0
0 0.22500 -1.05000 2.22500 0.00000 -0.70711 -0.70711 0.04500 0.44500 1 0 1.0
0 0.22500 -1.10000 2.27500 0.00000 -0.70711 -0.70711 0.04500 0.45500 1 0 1.0
cl_metal
0 0.17500 -1.05000 2.22500 0.00000 -0.70711 -0.70711 0.03500 0.44500 1 0 1.0
0 0.22500 -1.10000 2.27500 0.00000 -0.70711 -0.70711 0.04500 0.45500 1 0 1.0
0 0.17500 -1.10000 2.27500 0.00000 -0.70711 -0.70711 0.03500 0.45500 1 0 1.0
cl_metal
0 0.22500 -1.05000 2.37500 0.00000 -0.70711 0.70711 0.04500 0.47500 1 0 1.0
0 0.17500 -1.05000 2.37500 0.00000 -0.70711 0.70711 0.03500 0.47500 1 0 1.0
0 0.17500 -1.10000 2.32500 0.00000 -0.70711 0.70711 0.03500 0.46500 1 0 1.0
cl_metal
0 0.22500 -1.05000 2.37500 0.00000 -0.70711 0.70711 0.04500 0.47500 1 0 1.0
0 0.17500 -1.10000 2.32500 0.00000 -0.70711 0.70711 0.03500 0.46500 1 0 1.0
0 0.22500 -1.10000 2.32500 0.00000 -0.70711 0.70711 0.04500 0.46500 1 0 1.0
cl_metal
0 0.17500 1.05000 2.22500 0.00000 0.00000 -1.00000 0.03500 0.21000 1 0 1.0
0 0.22500 1.05000 2.22500 0.00000 0.00000 -1.00000 0.04500 0.21000 1 0 1.0
0 0.22500 -1.05000 2.22500 0.00000 0.00000 -1.00000 0.04500 -0.21000 1 0 1.0
cl_metal
0 0.17500 1.05000 2.22500 0.00000 0.00000 -1.00000 0.03500 0.21000 1 0 1.0
0 0.22500 -1.05000 2.22500 0.00000 0.00000 -1.00000 0.04500 -0.21000 1 0 1.0
0 0.17500 -1.05000 2.22500 0.00000 0.00000 -1.00000 0.03500 -0.21000 1 0 1.0
cl_metal
0 0.12500 -1.05000 2.27500 -1.00000 0.00000 0.00000 -0.21000 0.45500 1 0 1.0
0 0.12500 -1.05000 2.32500 -1.00000 0.00000 0.00000 -0.21000 0.46500 1 0 1.0
0 0.12500 1.05000 2.32500 -1.00000 0.00000 0.00000 0.21000 0.46500 1 0 1.0
cl_metal
0 0.12500 -1.05000 2.27500 -1.00000 0.00000 0.00000 -0.21000 0.45500 1 0 1.0
0 0.12500 1.05000 2.32500 -1.00000 0.00000 0.00000 0.21000 0.46500 1 0 1.0
0 0.12500 1.05000 2.27500 -1.00000 0.00000 0.00000 0.21000 0.45500 1 0 1.0
cl_metal
0 0.22500 -1.10000 2.27500 0.00000 -1.00000 0.00000 0.04500 0.45500 1 0 1.0
0 0.22500 -1.10000 2.32500 0.00000 -1.00000 0.00000 0.04500 0.46500 1 0 1.0
0 0.17500 -1.10000 2.32500 0.00000 -1.00000 0.00000 0.03500 0.46500 1 0 1.0
cl_metal
0 0.22500 -1.10000 2.27500 0.00000 -1.00000 0.00000 0.04500 0.45500 1 0 1.0
0 0.17500 -1.10000 2.32500 0.00000 -1.00000 0.00000 0.03500 0.46500 1 0 1.0
0 0.17500 -1.10000 2.27500 0.00000 -1.00000 0.00000 0.03500 0.45500 1 0 1.0
cl_metal
0 0.22500 1.05000 2.37500 0.00000 0.00000 1.00000 0.04500 0.21000 1 0 1.0
0 0.17500 1.05000 2.37500 0.00000 0.00000 1.00000 0.03500 0.21000 1 0 1.0
0 0.17500 -1.05000 2.37500 0.00000 0.00000 1.00000 0.03500 -0.21000 1 0 1.0
cl_metal
0 0.22500 1.05000 2.37500 0.00000 0.00000 1.00000 0.04500 0.21000 1 0 1.0
0 0.17500 -1.05000 2.37500 0.00000 0.00000 1.00000 0.03500 -0.21000 1 0 1.0
0 0.22500 -1.05000 2.37500 0.00000 0.00000 1.00000 0.04500 -0.21000 1 0 1.0
cl_metal
0 0.17500 1.10000 2.27500 0.00000 1.00000 0.00000 0.03500 0.45500 1 0 1.0
0 0.17500 1.10000 2.32500 0.00000 1.00000 0.00000 0.03500 0.46500 1 0 1.0
0 0.22500 1.10000 2.32500 0.00000 1.00000 0.00000 0.04500 0.46500 1 0 1.0
cl_metal
0 0.17500 1.10000 2.27500 0.00000 1.00000 0.00000 0.03500 0.45500 1 0 1.0
0 0.22500 1.10000 2.32500 0.00000 1.00000 0.00000 0.04500 0.46500 1 0 1.0
0 0.22500 1.10000 2.27500 0.00000 1.00000 0.00000 0.04500 0.45500 1 0 1.0
cl_metal
0 0.27500 1.05000 2.27500 1.00000 0.00000 0.00000 0.21000 0.45500 1 0 1.0
0 0.27500 1.05000 2.32500 1.00000 0.00000 0.00000 0.21000 0.46500 1 0 1.0
0 0.27500 -1.05000 2.32500 1.00000 0.00000 0.00000 -0.21000 0.46500 1 0 1.0
cl_metal
0 0.27500 1.05000 2.27500 1.00000 0.00000 0.00000 0.21000 0.45500 1 0 1.0
0 0.27500 -1.05000 2.32500 1.00000 0.00000 0.00000 -0.21000 0.46500 1 0 1.0
0 0.27500 -1.05000 2.27500 1.00000 0.00000 0.00000 -0.21000 0.45500 1 0 1.0
end
