version 1
nodes
0 "root" -1
end
skeleton
time 0
0 0 0 0 0 0 0
end
triangles
cl_black
0 -3.79471 -2.70722 2.75000 -0.31858 -0.33572 -0.88645 -0.75894 -0.54144 1 0 1.0
0 -3.80949 -2.84787 2.80858 -0.31858 -0.33572 -0.88645 -0.76190 -0.56957 1 0 1.0
0 -3.92162 -2.80999 2.83453 -0.31858 -0.33572 -0.88645 -0.78432 -0.56200 1 0 1.0
cl_black
0 -3.79471 -2.70722 2.75000 -0.39462 -0.24182 -0.88645 -0.75894 -0.54144 1 0 1.0
0 -3.92162 -2.80999 2.83453 -0.39462 -0.24182 -0.88645 -0.78432 -0.56200 1 0 1.0
0 -3.93536 -2.69244 2.80858 -0.39462 -0.24182 -0.88645 -0.78707 -0.53849 1 0 1.0
cl_black
0 -3.81562 -2.90612 2.95000 -0.45783 -0.84321 -0.28175 -0.76312 0.59000 1 0 1.0
0 -3.95014 -2.83308 2.95000 -0.45783 -0.84321 -0.28175 -0.79003 0.59000 1 0 1.0
0 -3.92162 -2.80999 2.83453 -0.45783 -0.84321 -0.28175 -0.78432 0.56691 1 0 1.0
cl_black
0 -3.81562 -2.90612 2.95000 -0.37286 -0.85214 -0.36718 -0.76312 0.59000 1 0 1.0
0 -3.92162 -2.80999 2.83453 -0.37286 -0.85214 -0.36718 -0.78432 0.56691 1 0 1.0
0 -3.80949 -2.84787 2.80858 -0.37286 -0.85214 -0.36718 -0.76190 0.56172 1 0 1.0
cl_black
0 -3.99362 -2.68631 2.95000 -0.91105 -0.18755 -0.36718 -0.53726 0.59000 1 0 1.0
0 -3.93536 -2.69244 2.80858 -0.91105 -0.18755 -0.36718 -0.53849 0.56172 1 0 1.0
0 -3.92162 -2.80999 2.83453 -0.91105 -0.18755 -0.36718 -0.56200 0.56691 1 0 1.0
cl_black
0 -3.99362 -2.68631 2.95000 -0.91998 -0.27251 -0.28175 -0.53726 0.59000 1 0 1.0
0 -3.92162 -2.80999 2.83453 -0.91998 -0.27251 -0.28175 -0.56200 0.56691 1 0 1.0
0 -3.95014 -2.83308 2.95000 -0.91998 -0.27251 -0.28175 -0.56662 0.59000 1 0 1.0
cl_black
0 -3.81562 -2.90612 3.05000 -0.37286 -0.85214 0.36718 -0.76312 0.61000 1 0 1.0
0 -3.80949 -2.84787 3.19142 -0.37286 -0.85214 0.36718 -0.76190 0.63828 1 0 1.0
0 -3.92162 -2.80999 3.16547 -0.37286 -0.85214 0.36718 -0.78432 0.63309 1 0 1.0
cl_black
0 -3.81562 -2.90612 3.05000 -0.45783 -0.84321 0.28175 -0.76312 0.61000 1 0 1.0
0 -3.92162 -2.80999 3.16547 -0.45783 -0.84321 0.28175 -0.78432 0.63309 1 0 1.0
0 -3.95014 -2.83308 3.05000 -0.45783 -0.84321 0.28175 -0.79003 0.61000 1 0 1.0
cl_black
0 -3.79471 -2.70722 3.25000 -0.39462 -0.24182 0.88645 -0.75894 -0.54144 1 0 1.0
0 -3.93536 -2.69244 3.19142 -0.39462 -0.24182 0.88645 -0.78707 -0.53849 1 0 1.0
0 -3.92162 -2.80999 3.16547 -0.39462 -0.24182 0.88645 -0.78432 -0.56200 1 0 1.0
cl_black
0 -3.79471 -2.70722 3.25000 -0.31858 -0.33572 0.88645 -0.75894 -0.54144 1 0 1.0
0 -3.92162 -2.80999 3.16547 -0.31858 -0.33572 0.88645 -0.78432 -0.56200 1 0 1.0
0 -3.80949 -2.84787 3.19142 -0.31858 -0.33572 0.88645 -0.76190 -0.56957 1 0 1.0
cl_black
0 -3.99362 -2.68631 3.05000 -0.91998 -0.27251 0.28175 -0.53726 0.61000 1 0 1.0
0 -3.95014 -2.83308 3.05000 -0.91998 -0.27251 0.28175 -0.56662 0.61000 1 0 1.0
0 -3.92162 -2.80999 3.16547 -0.91998 -0.27251 0.28175 -0.56200 0.63309 1 0 1.0
cl_black
0 -3.99362 -2.68631 3.05000 -0.91105 -0.18755 0.36718 -0.53726 0.61000 1 0 1.0
0 -3.92162 -2.80999 3.16547 -0.91105 -0.18755 0.36718 -0.56200 0.63309 1 0 1.0
0 -3.93536 -2.69244 3.19142 -0.91105 -0.18755 0.36718 -0.53849 0.63828 1 0 1.0
cl_black
0 -3.56475 -0.51927 2.75000 -0.33572 0.31858 -0.88645 -0.71295 -0.10385 1 0 1.0
0 -3.70540 -0.50449 2.80858 -0.33572 0.31858 -0.88645 -0.74108 -0.10090 1 0 1.0
0 -3.66752 -0.39236 2.83453 -0.33572 0.31858 -0.88645 -0.73350 -0.07847 1 0 1.0
cl_black
0 -3.56475 -0.51927 2.75000 -0.24182 0.39462 -0.88645 -0.71295 -0.10385 1 0 1.0
0 -3.66752 -0.39236 2.83453 -0.24182 0.39462 -0.88645 -0.73350 -0.07847 1 0 1.0
0 -3.54997 -0.37862 2.80858 -0.24182 0.39462 -0.88645 -0.70999 -0.07572 1 0 1.0
cl_black
0 -3.76365 -0.49836 2.95000 -0.84322 0.45783 -0.28175 -0.09967 0.59000 1 0 1.0
0 -3.69061 -0.36384 2.95000 -0.84322 0.45783 -0.28175 -0.07277 0.59000 1 0 1.0
0 -3.66752 -0.39236 2.83453 -0.84322 0.45783 -0.28175 -0.07847 0.56691 1 0 1.0
cl_black
0 -3.76365 -0.49836 2.95000 -0.85215 0.37286 -0.36718 -0.09967 0.59000 1 0 1.0
0 -3.66752 -0.39236 2.83453 -0.85215 0.37286 -0.36718 -0.07847 0.56691 1 0 1.0
0 -3.70540 -0.50449 2.80858 -0.85215 0.37286 -0.36718 -0.10090 0.56172 1 0 1.0
cl_black
0 -3.54384 -0.32037 2.95000 -0.18754 0.91105 -0.36718 -0.70877 0.59000 1 0 1.0
0 -3.54997 -0.37862 2.80858 -0.18754 0.91105 -0.36718 -0.70999 0.56172 1 0 1.0
0 -3.66752 -0.39236 2.83453 -0.18754 0.91105 -0.36718 -0.73350 0.56691 1 0 1.0
cl_black
0 -3.54384 -0.32037 2.95000 -0.27251 0.91998 -0.28175 -0.70877 0.59000 1 0 1.0
0 -3.66752 -0.39236 2.83453 -0.27251 0.91998 -0.28175 -0.73350 0.56691 1 0 1.0
0 -3.69061 -0.36384 2.95000 -0.27251 0.91998 -0.28175 -0.73812 0.59000 1 0 1.0
cl_black
0 -3.56475 -0.51927 3.25000 -0.24182 0.39462 0.88645 -0.71295 -0.10385 1 0 1.0
0 -3.54997 -0.37862 3.19142 -0.24182 0.39462 0.88645 -0.70999 -0.07572 1 0 1.0
0 -3.66752 -0.39236 3.16547 -0.24182 0.39462 0.88645 -0.73350 -0.07847 1 0 1.0
cl_black
0 -3.56475 -0.51927 3.25000 -0.33572 0.31858 0.88645 -0.71295 -0.10385 1 0 1.0
0 -3.66752 -0.39236 3.16547 -0.33572 0.31858 0.88645 -0.73350 -0.07847 1 0 1.0
0 -3.70540 -0.50449 3.19142 -0.33572 0.31858 0.88645 -0.74108 -0.10090 1 0 1.0
cl_black
0 -3.54384 -0.32037 3.05000 -0.27251 0.91998 0.28175 -0.70877 0.61000 1 0 1.0
0 -3.69061 -0.36384 3.05000 -0.27251 0.91998 0.28175 -0.73812 0.61000 1 0 1.0
0 -3.66752 -0.39236 3.16547 -0.27251 0.91998 0.28175 -0.73350 0.63309 1 0 1.0
cl_black
0 -3.54384 -0.32037 3.05000 -0.18754 0.91105 0.36718 -0.70877 0.61000 1 0 1.0
0 -3.66752 -0.39236 3.16547 -0.18754 0.91105 0.36718 -0.73350 0.63309 1 0 1.0
0 -3.54997 -0.37862 3.19142 -0.18754 0.91105 0.36718 -0.70999 0.63828 1 0 1.0
cl_black
0 -3.76365 -0.49836 3.05000 -0.85215 0.37286 0.36718 -0.09967 0.61000 1 0 1.0
0 -3.70540 -0.50449 3.19142 -0.85215 0.37286 0.36718 -0.10090 0.63828 1 0 1.0
0 -3.66752 -0.39236 3.16547 -0.85215 0.37286 0.36718 -0.07847 0.63309 1 0 1.0
cl_black
0 -3.76365 -0.49836 3.05000 -0.84322 0.45783 0.28175 -0.09967 0.61000 1 0 1.0
0 -3.66752 -0.39236 3.16547 -0.84322 0.45783 0.28175 -0.07847 0.63309 1 0 1.0
0 -3.69061 -0.36384 3.05000 -0.84322 0.45783 0.28175 -0.07277 0.61000 1 0 1.0
cl_black
0 -1.60676 -2.93718 2.75000 0.33572 -0.31858 -0.88645 -0.32135 -0.58744 1 0 1.0
0 -1.46612 -2.95196 2.80858 0.33572 -0.31858 -0.88645 -0.29322 -0.59039 1 0 1.0
0 -1.50400 -3.06409 2.83453 0.33572 -0.31858 -0.88645 -0.30080 -0.61282 1 0 1.0
cl_black
0 -1.60676 -2.93718 2.75000 0.24182 -0.39462 -0.88645 -0.32135 -0.58744 1 0 1.0
0 -1.50400 -3.06409 2.83453 0.24182 -0.39462 -0.88645 -0.30080 -0.61282 1 0 1.0
0 -1.62155 -3.07783 2.80858 0.24182 -0.39462 -0.88645 -0.32431 -0.61557 1 0 1.0
cl_black
0 -1.40786 -2.95809 2.95000 0.84322 -0.45783 -0.28175 -0.59162 0.59000 1 0 1.0
0 -1.48090 -3.09261 2.95000 0.84322 -0.45783 -0.28175 -0.61852 0.59000 1 0 1.0
0 -1.50400 -3.06409 2.83453 0.84322 -0.45783 -0.28175 -0.61282 0.56691 1 0 1.0
cl_black
0 -1.40786 -2.95809 2.95000 0.85215 -0.37286 -0.36718 -0.59162 0.59000 1 0 1.0
0 -1.50400 -3.06409 2.83453 0.85215 -0.37286 -0.36718 -0.61282 0.56691 1 0 1.0
0 -1.46612 -2.95196 2.80858 0.85215 -0.37286 -0.36718 -0.59039 0.56172 1 0 1.0
cl_black
0 -1.62767 -3.13609 2.95000 0.18754 -0.91105 -0.36718 -0.32553 0.59000 1 0 1.0
0 -1.62155 -3.07783 2.80858 0.18754 -0.91105 -0.36718 -0.32431 0.56172 1 0 1.0
0 -1.50400 -3.06409 2.83453 0.18754 -0.91105 -0.36718 -0.30080 0.56691 1 0 1.0
cl_black
0 -1.62767 -3.13609 2.95000 0.27251 -0.91998 -0.28175 -0.32553 0.59000 1 0 1.0
0 -1.50400 -3.06409 2.83453 0.27251 -0.91998 -0.28175 -0.30080 0.56691 1 0 1.0
0 -1.48090 -3.09261 2.95000 0.27251 -0.91998 -0.28175 -0.29618 0.59000 1 0 1.0
cl_black
0 -1.60676 -2.93718 3.25000 0.24182 -0.39462 0.88645 -0.32135 -0.58744 1 0 1.0
0 -1.62155 -3.07783 3.19142 0.24182 -0.39462 0.88645 -0.32431 -0.61557 1 0 1.0
0 -1.50400 -3.06409 3.16547 0.24182 -0.39462 0.88645 -0.30080 -0.61282 1 0 1.0
cl_black
0 -1.60676 -2.93718 3.25000 0.33572 -0.31858 0.88645 -0.32135 -0.58744 1 0 1.0
0 -1.50400 -3.06409 3.16547 0.33572 -0.31858 0.88645 -0.30080 -0.61282 1 0 1.0
0 -1.46612 -2.95196 3.19142 0.33572 -0.31858 0.88645 -0.29322 -0.59039 1 0 1.0
cl_black
0 -1.62767 -3.13609 3.05000 0.27251 -0.91998 0.28175 -0.32553 0.61000 1 0 1.0
0 -1.48090 -3.09261 3.05000 0.27251 -0.91998 0.28175 -0.29618 0.61000 1 0 1.0
0 -1.50400 -3.06409 3.16547 0.27251 -0.91998 0.28175 -0.30080 0.63309 1 0 1.0
cl_black
0 -1.62767 -3.13609 3.05000 0.18754 -0.91105 0.36718 -0.32553 0.61000 1 0 1.0
0 -1.50400 -3.06409 3.16547 0.18754 -0.91105 0.36718 -0.30080 0.63309 1 0 1.0
0 -1.62155 -3.07783 3.19142 0.18754 -0.91105 0.36718 -0.32431 0.63828 1 0 1.0
cl_black
0 -1.40786 -2.95809 3.05000 0.85215 -0.37286 0.36718 -0.59162 0.61000 1 0 1.0
0 -1.46612 -2.95196 3.19142 0.85215 -0.37286 0.36718 -0.59039 0.63828 1 0 1.0
0 -1.50400 -3.06409 3.16547 0.85215 -0.37286 0.36718 -0.61282 0.63309 1 0 1.0
cl_black
0 -1.40786 -2.95809 3.05000 0.84322 -0.45783 0.28175 -0.59162 0.61000 1 0 1.0
0 -1.50400 -3.06409 3.16547 0.84322 -0.45783 0.28175 -0.61282 0.63309 1 0 1.0
0 -1.48090 -3.09261 3.05000 0.84322 -0.45783 0.28175 -0.61852 0.61000 1 0 1.0
cl_black
0 -1.37680 -0.74923 2.75000 0.31858 0.33572 -0.88645 -0.27536 -0.14985 1 0 1.0
0 -1.36202 -0.60859 2.80858 0.31858 0.33572 -0.88645 -0.27240 -0.12172 1 0 1.0
0 -1.24989 -0.64647 2.83453 0.31858 0.33572 -0.88645 -0.24998 -0.12929 1 0 1.0
cl_black
0 -1.37680 -0.74923 2.75000 0.39462 0.24182 -0.88645 -0.27536 -0.14985 1 0 1.0
0 -1.24989 -0.64647 2.83453 0.39462 0.24182 -0.88645 -0.24998 -0.12929 1 0 1.0
0 -1.23615 -0.76402 2.80858 0.39462 0.24182 -0.88645 -0.24723 -0.15280 1 0 1.0
cl_black
0 -1.35590 -0.55033 2.95000 0.45783 0.84322 -0.28175 -0.27118 0.59000 1 0 1.0
0 -1.22137 -0.62337 2.95000 0.45783 0.84322 -0.28175 -0.24427 0.59000 1 0 1.0
0 -1.24989 -0.64647 2.83453 0.45783 0.84322 -0.28175 -0.24998 0.56691 1 0 1.0
cl_black
0 -1.35590 -0.55033 2.95000 0.37286 0.85215 -0.36718 -0.27118 0.59000 1 0 1.0
0 -1.24989 -0.64647 2.83453 0.37286 0.85215 -0.36718 -0.24998 0.56691 1 0 1.0
0 -1.36202 -0.60859 2.80858 0.37286 0.85215 -0.36718 -0.27240 0.56172 1 0 1.0
cl_black
0 -1.17790 -0.77014 2.95000 0.91105 0.18754 -0.36718 -0.15403 0.59000 1 0 1.0
0 -1.23615 -0.76402 2.80858 0.91105 0.18754 -0.36718 -0.15280 0.56172 1 0 1.0
0 -1.24989 -0.64647 2.83453 0.91105 0.18754 -0.36718 -0.12929 0.56691 1 0 1.0
cl_black
0 -1.17790 -0.77014 2.95000 0.91998 0.27251 -0.28175 -0.15403 0.59000 1 0 1.0
0 -1.24989 -0.64647 2.83453 0.91998 0.27251 -0.28175 -0.12929 0.56691 1 0 1.0
0 -1.22137 -0.62337 2.95000 0.91998 0.27251 -0.28175 -0.12467 0.59000 1 0 1.0
cl_black
0 -1.37680 -0.74923 3.25000 0.39462 0.24182 0.88645 -0.27536 -0.14985 1 0 1.0
0 -1.23615 -0.76402 3.19142 0.39462 0.24182 0.88645 -0.24723 -0.15280 1 0 1.0
0 -1.24989 -0.64647 3.16547 0.39462 0.24182 0.88645 -0.24998 -0.12929 1 0 1.0
cl_black
0 -1.37680 -0.74923 3.25000 0.31858 0.33572 0.88645 -0.27536 -0.14985 1 0 1.0
0 -1.24989 -0.64647 3.16547 0.31858 0.33572 0.88645 -0.24998 -0.12929 1 0 1.0
0 -1.36202 -0.60859 3.19142 0.31858 0.33572 0.88645 -0.27240 -0.12172 1 0 1.0
cl_black
0 -1.17790 -0.77014 3.05000 0.91998 0.27251 0.28175 -0.15403 0.61000 1 0 1.0
0 -1.22137 -0.62337 3.05000 0.91998 0.27251 0.28175 -0.12467 0.61000 1 0 1.0
0 -1.24989 -0.64647 3.16547 0.91998 0.27251 0.28175 -0.12929 0.63309 1 0 1.0
cl_black
0 -1.17790 -0.77014 3.05000 0.91105 0.18754 0.36718 -0.15403 0.61000 1 0 1.0
0 -1.24989 -0.64647 3.16547 0.91105 0.18754 0.36718 -0.12929 0.63309 1 0 1.0
0 -1.23615 -0.76402 3.19142 0.91105 0.18754 0.36718 -0.15280 0.63828 1 0 1.0
cl_black
0 -1.35590 -0.55033 3.05000 0.37286 0.85215 0.36718 -0.27118 0.61000 1 0 1.0
0 -1.36202 -0.60859 3.19142 0.37286 0.85215 0.36718 -0.27240 0.63828 1 0 1.0
0 -1.24989 -0.64647 3.16547 0.37286 0.85215 0.36718 -0.24998 0.63309 1 0 1.0
cl_black
0 -1.35590 -0.55033 3.05000 0.45783 0.84322 0.28175 -0.27118 0.61000 1 0 1.0
0 -1.24989 -0.64647 3.16547 0.45783 0.84322 0.28175 -0.24998 0.63309 1 0 1.0
0 -1.22137 -0.62337 3.05000 0.45783 0.84322 0.28175 -0.24427 0.61000 1 0 1.0
cl_black
0 -3.56475 -0.51927 2.75000 -0.38059 0.04000 -0.92388 -0.71295 -0.10385 1 0 1.0
0 -3.79471 -2.70722 2.75000 -0.38059 0.04000 -0.92388 -0.75894 -0.54144 1 0 1.0
0 -3.93536 -2.69244 2.80858 -0.38059 0.04000 -0.92388 -0.78707 -0.53849 1 0 1.0
cl_black
0 -3.56475 -0.51927 2.75000 -0.38059 0.04000 -0.92388 -0.71295 -0.10385 1 0 1.0
0 -3.93536 -2.69244 2.80858 -0.38059 0.04000 -0.92388 -0.78707 -0.53849 1 0 1.0
0 -3.70540 -0.50449 2.80858 -0.38059 0.04000 -0.92388 -0.74108 -0.10090 1 0 1.0
cl_black
0 -3.70540 -0.50449 2.80858 -0.91882 0.09657 -0.38268 -0.10090 0.56172 1 0 1.0
0 -3.93536 -2.69244 2.80858 -0.91882 0.09657 -0.38268 -0.53849 0.56172 1 0 1.0
0 -3.99362 -2.68631 2.95000 -0.91882 0.09657 -0.38268 -0.53726 0.59000 1 0 1.0
cl_black
0 -3.70540 -0.50449 2.80858 -0.91882 0.09657 -0.38268 -0.10090 0.56172 1 0 1.0
0 -3.99362 -2.68631 2.95000 -0.91882 0.09657 -0.38268 -0.53726 0.59000 1 0 1.0
0 -3.76365 -0.49836 2.95000 -0.91882 0.09657 -0.38268 -0.09967 0.59000 1 0 1.0
cl_black
0 -3.81562 -2.90612 2.95000 -0.47716 -0.87882 0.00000 -0.76312 0.59000 1 0 1.0
0 -3.81562 -2.90612 3.05000 -0.47716 -0.87882 0.00000 -0.76312 0.61000 1 0 1.0
0 -3.95014 -2.83308 3.05000 -0.47716 -0.87882 0.00000 -0.79003 0.61000 1 0 1.0
cl_black
0 -3.81562 -2.90612 2.95000 -0.47716 -0.87882 0.00000 -0.76312 0.59000 1 0 1.0
0 -3.95014 -2.83308 3.05000 -0.47716 -0.87882 0.00000 -0.79003 0.61000 1 0 1.0
0 -3.95014 -2.83308 2.95000 -0.47716 -0.87882 0.00000 -0.79003 0.59000 1 0 1.0
cl_black
0 -3.95014 -2.83308 2.95000 -0.95882 -0.28402 0.00000 -0.56662 0.59000 1 0 1.0
0 -3.95014 -2.83308 3.05000 -0.95882 -0.28402 0.00000 -0.56662 0.61000 1 0 1.0
0 -3.99362 -2.68631 3.05000 -0.95882 -0.28402 0.00000 -0.53726 0.61000 1 0 1.0
cl_black
0 -3.95014 -2.83308 2.95000 -0.95882 -0.28402 0.00000 -0.56662 0.59000 1 0 1.0
0 -3.99362 -2.68631 3.05000 -0.95882 -0.28402 0.00000 -0.53726 0.61000 1 0 1.0
0 -3.99362 -2.68631 2.95000 -0.95882 -0.28402 0.00000 -0.53726 0.59000 1 0 1.0
cl_black
0 -3.79471 -2.70722 3.25000 -0.38059 0.04000 0.92388 -0.75894 -0.54144 1 0 1.0
0 -3.56475 -0.51927 3.25000 -0.38059 0.04000 0.92388 -0.71295 -0.10385 1 0 1.0
0 -3.70540 -0.50449 3.19142 -0.38059 0.04000 0.92388 -0.74108 -0.10090 1 0 1.0
cl_black
0 -3.79471 -2.70722 3.25000 -0.38059 0.04000 0.92388 -0.75894 -0.54144 1 0 1.0
0 -3.70540 -0.50449 3.19142 -0.38059 0.04000 0.92388 -0.74108 -0.10090 1 0 1.0
0 -3.93536 -2.69244 3.19142 -0.38059 0.04000 0.92388 -0.78707 -0.53849 1 0 1.0
cl_black
0 -3.93536 -2.69244 3.19142 -0.91882 0.09657 0.38268 -0.53849 0.63828 1 0 1.0
0 -3.70540 -0.50449 3.19142 -0.91882 0.09657 0.38268 -0.10090 0.63828 1 0 1.0
0 -3.76365 -0.49836 3.05000 -0.91882 0.09657 0.38268 -0.09967 0.61000 1 0 1.0
cl_black
0 -3.93536 -2.69244 3.19142 -0.91882 0.09657 0.38268 -0.53849 0.63828 1 0 1.0
0 -3.76365 -0.49836 3.05000 -0.91882 0.09657 0.38268 -0.09967 0.61000 1 0 1.0
0 -3.99362 -2.68631 3.05000 -0.91882 0.09657 0.38268 -0.53726 0.61000 1 0 1.0
cl_black
0 -3.54384 -0.32037 3.05000 -0.28401 0.95882 0.00000 -0.70877 0.61000 1 0 1.0
0 -3.54384 -0.32037 2.95000 -0.28401 0.95882 0.00000 -0.70877 0.59000 1 0 1.0
0 -3.69061 -0.36384 2.95000 -0.28401 0.95882 0.00000 -0.73812 0.59000 1 0 1.0
cl_black
0 -3.54384 -0.32037 3.05000 -0.28401 0.95882 0.00000 -0.70877 0.61000 1 0 1.0
0 -3.69061 -0.36384 2.95000 -0.28401 0.95882 0.00000 -0.73812 0.59000 1 0 1.0
0 -3.69061 -0.36384 3.05000 -0.28401 0.95882 0.00000 -0.73812 0.61000 1 0 1.0
cl_black
0 -3.69061 -0.36384 3.05000 -0.87882 0.47716 0.00000 -0.07277 0.61000 1 0 1.0
0 -3.69061 -0.36384 2.95000 -0.87882 0.47716 0.00000 -0.07277 0.59000 1 0 1.0
0 -3.76365 -0.49836 2.95000 -0.87882 0.47716 0.00000 -0.09967 0.59000 1 0 1.0
cl_black
0 -3.69061 -0.36384 3.05000 -0.87882 0.47716 0.00000 -0.07277 0.61000 1 0 1.0
0 -3.76365 -0.49836 2.95000 -0.87882 0.47716 0.00000 -0.09967 0.59000 1 0 1.0
0 -3.76365 -0.49836 3.05000 -0.87882 0.47716 0.00000 -0.09967 0.61000 1 0 1.0
cl_black
0 -1.37680 -0.74923 2.75000 0.04000 0.38059 -0.92388 -0.27536 -0.14985 1 0 1.0
0 -3.56475 -0.51927 2.75000 0.04000 0.38059 -0.92388 -0.71295 -0.10385 1 0 1.0
0 -3.54997 -0.37862 2.80858 0.04000 0.38059 -0.92388 -0.70999 -0.07572 1 0 1.0
cl_black
0 -1.37680 -0.74923 2.75000 0.04000 0.38059 -0.92388 -0.27536 -0.14985 1 0 1.0
0 -3.54997 -0.37862 2.80858 0.04000 0.38059 -0.92388 -0.70999 -0.07572 1 0 1.0
0 -1.36202 -0.60859 2.80858 0.04000 0.38059 -0.92388 -0.27240 -0.12172 1 0 1.0
cl_black
0 -1.36202 -0.60859 2.80858 0.09657 0.91882 -0.38268 -0.27240 0.56172 1 0 1.0
0 -3.54997 -0.37862 2.80858 0.09657 0.91882 -0.38268 -0.70999 0.56172 1 0 1.0
0 -3.54384 -0.32037 2.95000 0.09657 0.91882 -0.38268 -0.70877 0.59000 1 0 1.0
cl_black
0 -1.36202 -0.60859 2.80858 0.09657 0.91882 -0.38268 -0.27240 0.56172 1 0 1.0
0 -3.54384 -0.32037 2.95000 0.09657 0.91882 -0.38268 -0.70877 0.59000 1 0 1.0
0 -1.35590 -0.55033 2.95000 0.09657 0.91882 -0.38268 -0.27118 0.59000 1 0 1.0
cl_black
0 -3.56475 -0.51927 3.25000 0.04000 0.38059 0.92388 -0.71295 -0.10385 1 0 1.0
0 -1.37680 -0.74923 3.25000 0.04000 0.38059 0.92388 -0.27536 -0.14985 1 0 1.0
0 -1.36202 -0.60859 3.19142 0.04000 0.38059 0.92388 -0.27240 -0.12172 1 0 1.0
cl_black
0 -3.56475 -0.51927 3.25000 0.04000 0.38059 0.92388 -0.71295 -0.10385 1 0 1.0
0 -1.36202 -0.60859 3.19142 0.04000 0.38059 0.92388 -0.27240 -0.12172 1 0 1.0
0 -3.54997 -0.37862 3.19142 0.04000 0.38059 0.92388 -0.70999 -0.07572 1 0 1.0
cl_black
0 -3.54997 -0.37862 3.19142 0.09657 0.91882 0.38268 -0.70999 0.63828 1 0 1.0
0 -1.36202 -0.60859 3.19142 0.09657 0.91882 0.38268 -0.27240 0.63828 1 0 1.0
0 -1.35590 -0.55033 3.05000 0.09657 0.91882 0.38268 -0.27118 0.61000 1 0 1.0
cl_black
0 -3.54997 -0.37862 3.19142 0.09657 0.91882 0.38268 -0.70999 0.63828 1 0 1.0
0 -1.35590 -0.55033 3.05000 0.09657 0.91882 0.38268 -0.27118 0.61000 1 0 1.0
0 -3.54384 -0.32037 3.05000 0.09657 0.91882 0.38268 -0.70877 0.61000 1 0 1.0
cl_black
0 -1.17790 -0.77014 3.05000 0.95882 0.28401 0.00000 -0.15403 0.61000 1 0 1.0
0 -1.17790 -0.77014 2.95000 0.95882 0.28401 0.00000 -0.15403 0.59000 1 0 1.0
0 -1.22137 -0.62337 2.95000 0.95882 0.28401 0.00000 -0.12467 0.59000 1 0 1.0
cl_black
0 -1.17790 -0.77014 3.05000 0.95882 0.28401 0.00000 -0.15403 0.61000 1 0 1.0
0 -1.22137 -0.62337 2.95000 0.95882 0.28401 0.00000 -0.12467 0.59000 1 0 1.0
0 -1.22137 -0.62337 3.05000 0.95882 0.28401 0.00000 -0.12467 0.61000 1 0 1.0
cl_black
0 -1.22137 -0.62337 3.05000 0.47716 0.87882 0.00000 -0.24427 0.61000 1 0 1.0
0 -1.22137 -0.62337 2.95000 0.47716 0.87882 0.00000 -0.24427 0.59000 1 0 1.0
0 -1.35590 -0.55033 2.95000 0.47716 0.87882 0.00000 -0.27118 0.59000 1 0 1.0
cl_black
0 -1.22137 -0.62337 3.05000 0.47716 0.87882 0.00000 -0.24427 0.61000 1 0 1.0
0 -1.35590 -0.55033 2.95000 0.47716 0.87882 0.00000 -0.27118 0.59000 1 0 1.0
0 -1.35590 -0.55033 3.05000 0.47716 0.87882 0.00000 -0.27118 0.61000 1 0 1.0
cl_black
0 -1.60676 -2.93718 2.75000 0.38059 -0.04000 -0.92388 -0.32135 -0.58744 1 0 1.0
0 -1.37680 -0.74923 2.75000 0.38059 -0.04000 -0.92388 -0.27536 -0.14985 1 0 1.0
0 -1.23615 -0.76402 2.80858 0.38059 -0.04000 -0.92388 -0.24723 -0.15280 1 0 1.0
cl_black
0 -1.60676 -2.93718 2.75000 0.38059 -0.04000 -0.92388 -0.32135 -0.58744 1 0 1.0
0 -1.23615 -0.76402 2.80858 0.38059 -0.04000 -0.92388 -0.24723 -0.15280 1 0 1.0
0 -1.46612 -2.95196 2.80858 0.38059 -0.04000 -0.92388 -0.29322 -0.59039 1 0 1.0
cl_black
0 -1.46612 -2.95196 2.80858 0.91882 -0.09657 -0.38268 -0.59039 0.56172 1 0 1.0
0 -1.23615 -0.76402 2.80858 0.91882 -0.09657 -0.38268 -0.15280 0.56172 1 0 1.0
0 -1.17790 -0.77014 2.95000 0.91882 -0.09657 -0.38268 -0.15403 0.59000 1 0 1.0
cl_black
0 -1.46612 -2.95196 2.80858 0.91882 -0.09657 -0.38268 -0.59039 0.56172 1 0 1.0
0 -1.17790 -0.77014 2.95000 0.91882 -0.09657 -0.38268 -0.15403 0.59000 1 0 1.0
0 -1.40786 -2.95809 2.95000 0.91882 -0.09657 -0.38268 -0.59162 0.59000 1 0 1.0
cl_black
0 -1.37680 -0.74923 3.25000 0.38059 -0.04000 0.92388 -0.27536 -0.14985 1 0 1.0
0 -1.60676 -2.93718 3.25000 0.38059 -0.04000 0.92388 -0.32135 -0.58744 1 0 1.0
0 -1.46612 -2.95196 3.19142 0.38059 -0.04000 0.92388 -0.29322 -0.59039 1 0 1.0
cl_black
0 -1.37680 -0.74923 3.25000 0.38059 -0.04000 0.92388 -0.27536 -0.14985 1 0 1.0
0 -1.46612 -2.95196 3.19142 0.38059 -0.04000 0.92388 -0.29322 -0.59039 1 0 1.0
0 -1.23615 -0.76402 3.19142 0.38059 -0.04000 0.92388 -0.24723 -0.15280 1 0 1.0
cl_black
0 -1.23615 -0.76402 3.19142 0.91882 -0.09657 0.38268 -0.15280 0.63828 1 0 1.0
0 -1.46612 -2.95196 3.19142 0.91882 -0.09657 0.38268 -0.59039 0.63828 1 0 1.0
0 -1.40786 -2.95809 3.05000 0.91882 -0.09657 0.38268 -0.59162 0.61000 1 0 1.0
cl_black
0 -1.23615 -0.76402 3.19142 0.91882 -0.09657 0.38268 -0.15280 0.63828 1 0 1.0
0 -1.40786 -2.95809 3.05000 0.91882 -0.09657 0.38268 -0.59162 0.61000 1 0 1.0
0 -1.17790 -0.77014 3.05000 0.91882 -0.09657 0.38268 -0.15403 0.61000 1 0 1.0
cl_black
0 -1.62767 -3.13609 3.05000 0.28401 -0.95882 0.00000 -0.32553 0.61000 1 0 1.0
0 -1.62767 -3.13609 2.95000 0.28401 -0.95882 0.00000 -0.32553 0.59000 1 0 1.0
0 -1.48090 -3.09261 2.95000 0.28401 -0.95882 0.00000 -0.29618 0.59000 1 0 1.0
cl_black
0 -1.62767 -3.13609 3.05000 0.28401 -0.95882 0.00000 -0.32553 0.61000 1 0 1.0
0 -1.48090 -3.09261 2.95000 0.28401 -0.95882 0.00000 -0.29618 0.59000 1 0 1.0
0 -1.48090 -3.09261 3.05000 0.28401 -0.95882 0.00000 -0.29618 0.61000 1 0 1.0
cl_black
0 -1.48090 -3.09261 3.05000 0.87882 -0.47716 0.00000 -0.61852 0.61000 1 0 1.0
0 -1.48090 -3.09261 2.95000 0.87882 -0.47716 0.00000 -0.61852 0.59000 1 0 1.0
0 -1.40786 -2.95809 2.95000 0.87882 -0.47716 0.00000 -0.59162 0.59000 1 0 1.0
cl_black
0 -1.48090 -3.09261 3.05000 0.87882 -0.47716 0.00000 -0.61852 0.61000 1 0 1.0
0 -1.40786 -2.95809 2.95000 0.87882 -0.47716 0.00000 -0.59162 0.59000 1 0 1.0
0 -1.40786 -2.95809 3.05000 0.87882 -0.47716 0.00000 -0.59162 0.61000 1 0 1.0
cl_black
0 -3.79471 -2.70722 2.75000 -0.04000 -0.38059 -0.92388 -0.75894 -0.54144 1 0 1.0
0 -1.60676 -2.93718 2.75000 -0.04000 -0.38059 -0.92388 -0.32135 -0.58744 1 0 1.0
0 -1.62155 -3.07783 2.80858 -0.04000 -0.38059 -0.92388 -0.32431 -0.61557 1 0 1.0
cl_black
0 -3.79471 -2.70722 2.75000 -0.04000 -0.38059 -0.92388 -0.75894 -0.54144 1 0 1.0
0 -1.62155 -3.07783 2.80858 -0.04000 -0.38059 -0.92388 -0.32431 -0.61557 1 0 1.0
0 -3.80949 -2.84787 2.80858 -0.04000 -0.38059 -0.92388 -0.76190 -0.56957 1 0 1.0
cl_black
0 -3.80949 -2.84787 2.80858 -0.09657 -0.91882 -0.38268 -0.76190 0.56172 1 0 1.0
0 -1.62155 -3.07783 2.80858 -0.09657 -0.91882 -0.38268 -0.32431 0.56172 1 0 1.0
0 -1.62767 -3.13609 2.95000 -0.09657 -0.91882 -0.38268 -0.32553 0.59000 1 0 1.0
cl_black
0 -3.80949 -2.84787 2.80858 -0.09657 -0.91882 -0.38268 -0.76190 0.56172 1 0 1.0
0 -1.62767 -3.13609 2.95000 -0.09657 -0.91882 -0.38268 -0.32553 0.59000 1 0 1.0
0 -3.81562 -2.90612 2.95000 -0.09657 -0.91882 -0.38268 -0.76312 0.59000 1 0 1.0
cl_black
0 -1.60676 -2.93718 3.25000 -0.04000 -0.38059 0.92388 -0.32135 -0.58744 1 0 1.0
0 -3.79471 -2.70722 3.25000 -0.04000 -0.38059 0.92388 -0.75894 -0.54144 1 0 1.0
0 -3.80949 -2.84787 3.19142 -0.04000 -0.38059 0.92388 -0.76190 -0.56957 1 0 1.0
cl_black
0 -1.60676 -2.93718 3.25000 -0.04000 -0.38059 0.92388 -0.32135 -0.58744 1 0 1.0
0 -3.80949 -2.84787 3.19142 -0.04000 -0.38059 0.92388 -0.76190 -0.56957 1 0 1.0
0 -1.62155 -3.07783 3.19142 -0.04000 -0.38059 0.92388 -0.32431 -0.61557 1 0 1.0
cl_black
0 -1.62155 -3.07783 3.19142 -0.09657 -0.91882 0.38268 -0.32431 0.63828 1 0 1.0
0 -3.80949 -2.84787 3.19142 -0.09657 -0.91882 0.38268 -0.76190 0.63828 1 0 1.0
0 -3.81562 -2.90612 3.05000 -0.09657 -0.91882 0.38268 -0.76312 0.61000 1 0 1.0
cl_black
0 -1.62155 -3.07783 3.19142 -0.09657 -0.91882 0.38268 -0.32431 0.63828 1 0 1.0
0 -3.81562 -2.90612 3.05000 -0.09657 -0.91882 0.38268 -0.76312 0.61000 1 0 1.0
0 -1.62767 -3.13609 3.05000 -0.09657 -0.91882 0.38268 -0.32553 0.61000 1 0 1.0
cl_black
0 -3.56475 -0.51927 2.75000 0.00000 0.00000 -1.00000 -0.71295 -0.10385 1 0 1.0
0 -1.37680 -0.74923 2.75000 0.00000 0.00000 -1.00000 -0.27536 -0.14985 1 0 1.0
0 -1.60676 -2.93718 2.75000 0.00000 0.00000 -1.00000 -0.32135 -0.58744 1 0 1.0
cl_black
0 -3.56475 -0.51927 2.75000 0.00000 0.00000 -1.00000 -0.71295 -0.10385 1 0 1.0
0 -1.60676 -2.93718 2.75000 0.00000 0.00000 -1.00000 -0.32135 -0.58744 1 0 1.0
0 -3.79471 -2.70722 2.75000 0.00000 0.00000 -1.00000 -0.75894 -0.54144 1 0 1.0
cl_black
0 -3.99362 -2.68631 2.95000 -0.99452 0.10453 0.00000 -0.53726 0.59000 1 0 1.0
0 -3.99362 -2.68631 3.05000 -0.99452 0.10453 0.00000 -0.53726 0.61000 1 0 1.0
0 -3.76365 -0.49836 3.05000 -0.99452 0.10453 0.00000 -0.09967 0.61000 1 0 1.0
cl_black
0 -3.99362 -2.68631 2.95000 -0.99452 0.10453 0.00000 -0.53726 0.59000 1 0 1.0
0 -3.76365 -0.49836 3.05000 -0.99452 0.10453 0.00000 -0.09967 0.61000 1 0 1.0
0 -3.76365 -0.49836 2.95000 -0.99452 0.10453 0.00000 -0.09967 0.59000 1 0 1.0
cl_black
0 -1.62767 -3.13609 2.95000 -0.10453 -0.99452 0.00000 -0.32553 0.59000 1 0 1.0
0 -1.62767 -3.13609 3.05000 -0.10453 -0.99452 0.00000 -0.32553 0.61000 1 0 1.0
0 -3.81562 -2.90612 3.05000 -0.10453 -0.99452 0.00000 -0.76312 0.61000 1 0 1.0
cl_black
0 -1.62767 -3.13609 2.95000 -0.10453 -0.99452 0.00000 -0.32553 0.59000 1 0 1.0
0 -3.81562 -2.90612 3.05000 -0.10453 -0.99452 0.00000 -0.76312 0.61000 1 0 1.0
0 -3.81562 -2.90612 2.95000 -0.10453 -0.99452 0.00000 -0.76312 0.59000 1 0 1.0
cl_black
0 -1.37680 -0.74923 3.25000 0.00000 0.00000 1.00000 -0.27536 -0.14985 1 0 1.0
0 -3.56475 -0.51927 3.25000 0.00000 0.00000 1.00000 -0.71295 -0.10385 1 0 1.0
0 -3.79471 -2.70722 3.25000 0.00000 0.00000 1.00000 -0.75894 -0.54144 1 0 1.0
cl_black
0 -1.37680 -0.74923 3.25000 0.00000 0.00000 1.00000 -0.27536 -0.14985 1 0 1.0
0 -3.79471 -2.70722 3.25000 0.00000 0.00000 1.00000 -0.75894 -0.54144 1 0 1.0
0 -1.60676 -2.93718 3.25000 0.00000 0.00000 1.00000 -0.32135 -0.58744 1 0 1.0
cl_black
0 -3.54384 -0.32037 2.95000 0.10453 0.99452 0.00000 -0.70877 0.59000 1 0 1.0
0 -3.54384 -0.32037 3.05000 0.10453 0.99452 0.00000 -0.70877 0.61000 1 0 1.0
0 -1.35590 -0.55033 3.05000 0.10453 0.99452 0.00000 -0.27118 0.61000 1 0 1.0
cl_black
0 -3.54384 -0.32037 2.95000 0.10453 0.99452 0.00000 -0.70877 0.59000 1 0 1.0
0 -1.35590 -0.55033 3.05000 0.10453 0.99452 0.00000 -0.27118 0.61000 1 0 1.0
0 -1.35590 -0.55033 2.95000 0.10453 0.99452 0.00000 -0.27118 0.59000 1 0 1.0
cl_black
0 -1.17790 -0.77014 2.95000 0.99452 -0.10453 0.00000 -0.15403 0.59000 1 0 1.0
0 -1.17790 -0.77014 3.05000 0.99452 -0.10453 0.00000 -0.15403 0.61000 1 0 1.0
0 -1.40786 -2.95809 3.05000 0.99452 -0.10453 0.00000 -0.59162 0.61000 1 0 1.0
cl_black
0 -1.17790 -0.77014 2.95000 0.99452 -0.10453 0.00000 -0.15403 0.59000 1 0 1.0
0 -1.40786 -2.95809 3.05000 0.99452 -0.10453 0.00000 -0.59162 0.61000 1 0 1.0
0 -1.40786 -2.95809 2.95000 0.99452 -0.10453 0.00000 -0.59162 0.59000 1 0 1.0
cl_black
0 -3.56475 0.51927 2.75000 -0.24182 -0.39462 -0.88645 -0.71295 0.10385 1 0 1.0
0 -3.54997 0.37862 2.80858 -0.24182 -0.39462 -0.88645 -0.70999 0.07572 1 0 1.0
0 -3.66752 0.39236 2.83453 -0.24182 -0.39462 -0.88645 -0.73350 0.07847 1 0 1.0
cl_black
0 -3.56475 0.51927 2.75000 -0.33572 -0.31858 -0.88645 -0.71295 0.10385 1 0 1.0
0 -3.66752 0.39236 2.83453 -0.33572 -0.31858 -0.88645 -0.73350 0.07847 1 0 1.0
0 -3.70540 0.50449 2.80858 -0.33572 -0.31858 -0.88645 -0.74108 0.10090 1 0 1.0
cl_black
0 -3.54384 0.32037 2.95000 -0.27251 -0.91998 -0.28175 -0.70877 0.59000 1 0 1.0
0 -3.69061 0.36384 2.95000 -0.27251 -0.91998 -0.28175 -0.73812 0.59000 1 0 1.0
0 -3.66752 0.39236 2.83453 -0.27251 -0.91998 -0.28175 -0.73350 0.56691 1 0 1.0
cl_black
0 -3.54384 0.32037 2.95000 -0.18754 -0.91105 -0.36718 -0.70877 0.59000 1 0 1.0
0 -3.66752 0.39236 2.83453 -0.18754 -0.91105 -0.36718 -0.73350 0.56691 1 0 1.0
0 -3.54997 0.37862 2.80858 -0.18754 -0.91105 -0.36718 -0.70999 0.56172 1 0 1.0
cl_black
0 -3.76365 0.49836 2.95000 -0.85215 -0.37286 -0.36718 0.09967 0.59000 1 0 1.0
0 -3.70540 0.50449 2.80858 -0.85215 -0.37286 -0.36718 0.10090 0.56172 1 0 1.0
0 -3.66752 0.39236 2.83453 -0.85215 -0.37286 -0.36718 0.07847 0.56691 1 0 1.0
cl_black
0 -3.76365 0.49836 2.95000 -0.84322 -0.45783 -0.28175 0.09967 0.59000 1 0 1.0
0 -3.66752 0.39236 2.83453 -0.84322 -0.45783 -0.28175 0.07847 0.56691 1 0 1.0
0 -3.69061 0.36384 2.95000 -0.84322 -0.45783 -0.28175 0.07277 0.59000 1 0 1.0
cl_black
0 -3.54384 0.32037 3.05000 -0.18754 -0.91105 0.36718 -0.70877 0.61000 1 0 1.0
0 -3.54997 0.37862 3.19142 -0.18754 -0.91105 0.36718 -0.70999 0.63828 1 0 1.0
0 -3.66752 0.39236 3.16547 -0.18754 -0.91105 0.36718 -0.73350 0.63309 1 0 1.0
cl_black
0 -3.54384 0.32037 3.05000 -0.27251 -0.91998 0.28175 -0.70877 0.61000 1 0 1.0
0 -3.66752 0.39236 3.16547 -0.27251 -0.91998 0.28175 -0.73350 0.63309 1 0 1.0
0 -3.69061 0.36384 3.05000 -0.27251 -0.91998 0.28175 -0.73812 0.61000 1 0 1.0
cl_black
0 -3.56475 0.51927 3.25000 -0.33572 -0.31858 0.88645 -0.71295 0.10385 1 0 1.0
0 -3.70540 0.50449 3.19142 -0.33572 -0.31858 0.88645 -0.74108 0.10090 1 0 1.0
0 -3.66752 0.39236 3.16547 -0.33572 -0.31858 0.88645 -0.73350 0.07847 1 0 1.0
cl_black
0 -3.56475 0.51927 3.25000 -0.24182 -0.39462 0.88645 -0.71295 0.10385 1 0 1.0
0 -3.66752 0.39236 3.16547 -0.24182 -0.39462 0.88645 -0.73350 0.07847 1 0 1.0
0 -3.54997 0.37862 3.19142 -0.24182 -0.39462 0.88645 -0.70999 0.07572 1 0 1.0
cl_black
0 -3.76365 0.49836 3.05000 -0.84322 -0.45783 0.28175 0.09967 0.61000 1 0 1.0
0 -3.69061 0.36384 3.05000 -0.84322 -0.45783 0.28175 0.07277 0.61000 1 0 1.0
0 -3.66752 0.39236 3.16547 -0.84322 -0.45783 0.28175 0.07847 0.63309 1 0 1.0
cl_black
0 -3.76365 0.49836 3.05000 -0.85215 -0.37286 0.36718 0.09967 0.61000 1 0 1.0
0 -3.66752 0.39236 3.16547 -0.85215 -0.37286 0.36718 0.07847 0.63309 1 0 1.0
0 -3.70540 0.50449 3.19142 -0.85215 -0.37286 0.36718 0.10090 0.63828 1 0 1.0
cl_black
0 -3.79471 2.70722 2.75000 -0.39462 0.24182 -0.88645 -0.75894 0.54144 1 0 1.0
0 -3.93536 2.69244 2.80858 -0.39462 0.24182 -0.88645 -0.78707 0.53849 1 0 1.0
0 -3.92162 2.80999 2.83453 -0.39462 0.24182 -0.88645 -0.78432 0.56200 1 0 1.0
cl_black
0 -3.79471 2.70722 2.75000 -0.31858 0.33572 -0.88645 -0.75894 0.54144 1 0 1.0
0 -3.92162 2.80999 2.83453 -0.31858 0.33572 -0.88645 -0.78432 0.56200 1 0 1.0
0 -3.80949 2.84787 2.80858 -0.31858 0.33572 -0.88645 -0.76190 0.56957 1 0 1.0
cl_black
0 -3.99362 2.68631 2.95000 -0.91998 0.27251 -0.28175 0.53726 0.59000 1 0 1.0
0 -3.95014 2.83308 2.95000 -0.91998 0.27251 -0.28175 0.56662 0.59000 1 0 1.0
0 -3.92162 2.80999 2.83453 -0.91998 0.27251 -0.28175 0.56200 0.56691 1 0 1.0
cl_black
0 -3.99362 2.68631 2.95000 -0.91105 0.18755 -0.36718 0.53726 0.59000 1 0 1.0
0 -3.92162 2.80999 2.83453 -0.91105 0.18755 -0.36718 0.56200 0.56691 1 0 1.0
0 -3.93536 2.69244 2.80858 -0.91105 0.18755 -0.36718 0.53849 0.56172 1 0 1.0
cl_black
0 -3.81562 2.90612 2.95000 -0.37286 0.85214 -0.36718 -0.76312 0.59000 1 0 1.0
0 -3.80949 2.84787 2.80858 -0.37286 0.85214 -0.36718 -0.76190 0.56172 1 0 1.0
0 -3.92162 2.80999 2.83453 -0.37286 0.85214 -0.36718 -0.78432 0.56691 1 0 1.0
cl_black
0 -3.81562 2.90612 2.95000 -0.45783 0.84321 -0.28175 -0.76312 0.59000 1 0 1.0
0 -3.92162 2.80999 2.83453 -0.45783 0.84321 -0.28175 -0.78432 0.56691 1 0 1.0
0 -3.95014 2.83308 2.95000 -0.45783 0.84321 -0.28175 -0.79003 0.59000 1 0 1.0
cl_black
0 -3.79471 2.70722 3.25000 -0.31858 0.33572 0.88645 -0.75894 0.54144 1 0 1.0
0 -3.80949 2.84787 3.19142 -0.31858 0.33572 0.88645 -0.76190 0.56957 1 0 1.0
0 -3.92162 2.80999 3.16547 -0.31858 0.33572 0.88645 -0.78432 0.56200 1 0 1.0
cl_black
0 -3.79471 2.70722 3.25000 -0.39462 0.24182 0.88645 -0.75894 0.54144 1 0 1.0
0 -3.92162 2.80999 3.16547 -0.39462 0.24182 0.88645 -0.78432 0.56200 1 0 1.0
0 -3.93536 2.69244 3.19142 -0.39462 0.24182 0.88645 -0.78707 0.53849 1 0 1.0
cl_black
0 -3.81562 2.90612 3.05000 -0.45783 0.84321 0.28175 -0.76312 0.61000 1 0 1.0
0 -3.95014 2.83308 3.05000 -0.45783 0.84321 0.28175 -0.79003 0.61000 1 0 1.0
0 -3.92162 2.80999 3.16547 -0.45783 0.84321 0.28175 -0.78432 0.63309 1 0 1.0
cl_black
0 -3.81562 2.90612 3.05000 -0.37286 0.85214 0.36718 -0.76312 0.61000 1 0 1.0
0 -3.92162 2.80999 3.16547 -0.37286 0.85214 0.36718 -0.78432 0.63309 1 0 1.0
0 -3.80949 2.84787 3.19142 -0.37286 0.85214 0.36718 -0.76190 0.63828 1 0 1.0
cl_black
0 -3.99362 2.68631 3.05000 -0.91105 0.18755 0.36718 0.53726 0.61000 1 0 1.0
0 -3.93536 2.69244 3.19142 -0.91105 0.18755 0.36718 0.53849 0.63828 1 0 1.0
0 -3.92162 2.80999 3.16547 -0.91105 0.18755 0.36718 0.56200 0.63309 1 0 1.0
cl_black
0 -3.99362 2.68631 3.05000 -0.91998 0.27251 0.28175 0.53726 0.61000 1 0 1.0
0 -3.92162 2.80999 3.16547 -0.91998 0.27251 0.28175 0.56200 0.63309 1 0 1.0
0 -3.95014 2.83308 3.05000 -0.91998 0.27251 0.28175 0.56662 0.61000 1 0 1.0
cl_black
0 -1.37680 0.74923 2.75000 0.39462 -0.24182 -0.88645 -0.27536 0.14985 1 0 1.0
0 -1.23615 0.76402 2.80858 0.39462 -0.24182 -0.88645 -0.24723 0.15280 1 0 1.0
0 -1.24989 0.64647 2.83453 0.39462 -0.24182 -0.88645 -0.24998 0.12929 1 0 1.0
cl_black
0 -1.37680 0.74923 2.75000 0.31858 -0.33572 -0.88645 -0.27536 0.14985 1 0 1.0
0 -1.24989 0.64647 2.83453 0.31858 -0.33572 -0.88645 -0.24998 0.12929 1 0 1.0
0 -1.36202 0.60859 2.80858 0.31858 -0.33572 -0.88645 -0.27240 0.12172 1 0 1.0
cl_black
0 -1.17790 0.77014 2.95000 0.91998 -0.27251 -0.28175 0.15403 0.59000 1 0 1.0
0 -1.22137 0.62337 2.95000 0.91998 -0.27251 -0.28175 0.12467 0.59000 1 0 1.0
0 -1.24989 0.64647 2.83453 0.91998 -0.27251 -0.28175 0.12929 0.56691 1 0 1.0
cl_black
0 -1.17790 0.77014 2.95000 0.91105 -0.18754 -0.36718 0.15403 0.59000 1 0 1.0
0 -1.24989 0.64647 2.83453 0.91105 -0.18754 -0.36718 0.12929 0.56691 1 0 1.0
0 -1.23615 0.76402 2.80858 0.91105 -0.18754 -0.36718 0.15280 0.56172 1 0 1.0
cl_black
0 -1.35590 0.55033 2.95000 0.37286 -0.85215 -0.36718 -0.27118 0.59000 1 0 1.0
0 -1.36202 0.60859 2.80858 0.37286 -0.85215 -0.36718 -0.27240 0.56172 1 0 1.0
0 -1.24989 0.64647 2.83453 0.37286 -0.85215 -0.36718 -0.24998 0.56691 1 0 1.0
cl_black
0 -1.35590 0.55033 2.95000 0.45783 -0.84322 -0.28175 -0.27118 0.59000 1 0 1.0
0 -1.24989 0.64647 2.83453 0.45783 -0.84322 -0.28175 -0.24998 0.56691 1 0 1.0
0 -1.22137 0.62337 2.95000 0.45783 -0.84322 -0.28175 -0.24427 0.59000 1 0 1.0
cl_black
0 -1.37680 0.74923 3.25000 0.31858 -0.33572 0.88645 -0.27536 0.14985 1 0 1.0
0 -1.36202 0.60859 3.19142 0.31858 -0.33572 0.88645 -0.27240 0.12172 1 0 1.0
0 -1.24989 0.64647 3.16547 0.31858 -0.33572 0.88645 -0.24998 0.12929 1 0 1.0
cl_black
0 -1.37680 0.74923 3.25000 0.39462 -0.24182 0.88645 -0.27536 0.14985 1 0 1.0
0 -1.24989 0.64647 3.16547 0.39462 -0.24182 0.88645 -0.24998 0.12929 1 0 1.0
0 -1.23615 0.76402 3.19142 0.39462 -0.24182 0.88645 -0.24723 0.15280 1 0 1.0
cl_black
0 -1.35590 0.55033 3.05000 0.45783 -0.84322 0.28175 -0.27118 0.61000 1 0 1.0
0 -1.22137 0.62337 3.05000 0.45783 -0.84322 0.28175 -0.24427 0.61000 1 0 1.0
0 -1.24989 0.64647 3.16547 0.45783 -0.84322 0.28175 -0.24998 0.63309 1 0 1.0
cl_black
0 -1.35590 0.55033 3.05000 0.37286 -0.85215 0.36718 -0.27118 0.61000 1 0 1.0
0 -1.24989 0.64647 3.16547 0.37286 -0.85215 0.36718 -0.24998 0.63309 1 0 1.0
0 -1.36202 0.60859 3.19142 0.37286 -0.85215 0.36718 -0.27240 0.63828 1 0 1.0
cl_black
0 -1.17790 0.77014 3.05000 0.91105 -0.18754 0.36718 0.15403 0.61000 1 0 1.0
0 -1.23615 0.76402 3.19142 0.91105 -0.18754 0.36718 0.15280 0.63828 1 0 1.0
0 -1.24989 0.64647 3.16547 0.91105 -0.18754 0.36718 0.12929 0.63309 1 0 1.0
cl_black
0 -1.17790 0.77014 3.05000 0.91998 -0.27251 0.28175 0.15403 0.61000 1 0 1.0
0 -1.24989 0.64647 3.16547 0.91998 -0.27251 0.28175 0.12929 0.63309 1 0 1.0
0 -1.22137 0.62337 3.05000 0.91998 -0.27251 0.28175 0.12467 0.61000 1 0 1.0
cl_black
0 -1.60676 2.93718 2.75000 0.24182 0.39462 -0.88645 -0.32135 0.58744 1 0 1.0
0 -1.62155 3.07783 2.80858 0.24182 0.39462 -0.88645 -0.32431 0.61557 1 0 1.0
0 -1.50400 3.06409 2.83453 0.24182 0.39462 -0.88645 -0.30080 0.61282 1 0 1.0
cl_black
0 -1.60676 2.93718 2.75000 0.33572 0.31858 -0.88645 -0.32135 0.58744 1 0 1.0
0 -1.50400 3.06409 2.83453 0.33572 0.31858 -0.88645 -0.30080 0.61282 1 0 1.0
0 -1.46612 2.95196 2.80858 0.33572 0.31858 -0.88645 -0.29322 0.59039 1 0 1.0
cl_black
0 -1.62767 3.13609 2.95000 0.27251 0.91998 -0.28175 -0.32553 0.59000 1 0 1.0
0 -1.48090 3.09261 2.95000 0.27251 0.91998 -0.28175 -0.29618 0.59000 1 0 1.0
0 -1.50400 3.06409 2.83453 0.27251 0.91998 -0.28175 -0.30080 0.56691 1 0 1.0
cl_black
0 -1.62767 3.13609 2.95000 0.18754 0.91105 -0.36718 -0.32553 0.59000 1 0 1.0
0 -1.50400 3.06409 2.83453 0.18754 0.91105 -0.36718 -0.30080 0.56691 1 0 1.0
0 -1.62155 3.07783 2.80858 0.18754 0.91105 -0.36718 -0.32431 0.56172 1 0 1.0
cl_black
0 -1.40786 2.95809 2.95000 0.85215 0.37286 -0.36718 0.59162 0.59000 1 0 1.0
0 -1.46612 2.95196 2.80858 0.85215 0.37286 -0.36718 0.59039 0.56172 1 0 1.0
0 -1.50400 3.06409 2.83453 0.85215 0.37286 -0.36718 0.61282 0.56691 1 0 1.0
cl_black
0 -1.40786 2.95809 2.95000 0.84322 0.45783 -0.28175 0.59162 0.59000 1 0 1.0
0 -1.50400 3.06409 2.83453 0.84322 0.45783 -0.28175 0.61282 0.56691 1 0 1.0
0 -1.48090 3.09261 2.95000 0.84322 0.45783 -0.28175 0.61852 0.59000 1 0 1.0
cl_black
0 -1.60676 2.93718 3.25000 0.33572 0.31858 0.88645 -0.32135 0.58744 1 0 1.0
0 -1.46612 2.95196 3.19142 0.33572 0.31858 0.88645 -0.29322 0.59039 1 0 1.0
0 -1.50400 3.06409 3.16547 0.33572 0.31858 0.88645 -0.30080 0.61282 1 0 1.0
cl_black
0 -1.60676 2.93718 3.25000 0.24182 0.39462 0.88645 -0.32135 0.58744 1 0 1.0
0 -1.50400 3.06409 3.16547 0.24182 0.39462 0.88645 -0.30080 0.61282 1 0 1.0
0 -1.62155 3.07783 3.19142 0.24182 0.39462 0.88645 -0.32431 0.61557 1 0 1.0
cl_black
0 -1.40786 2.95809 3.05000 0.84322 0.45783 0.28175 0.59162 0.61000 1 0 1.0
0 -1.48090 3.09261 3.05000 0.84322 0.45783 0.28175 0.61852 0.61000 1 0 1.0
0 -1.50400 3.06409 3.16547 0.84322 0.45783 0.28175 0.61282 0.63309 1 0 1.0
cl_black
0 -1.40786 2.95809 3.05000 0.85215 0.37286 0.36718 0.59162 0.61000 1 0 1.0
0 -1.50400 3.06409 3.16547 0.85215 0.37286 0.36718 0.61282 0.63309 1 0 1.0
0 -1.46612 2.95196 3.19142 0.85215 0.37286 0.36718 0.59039 0.63828 1 0 1.0
cl_black
0 -1.62767 3.13609 3.05000 0.18754 0.91105 0.36718 -0.32553 0.61000 1 0 1.0
0 -1.62155 3.07783 3.19142 0.18754 0.91105 0.36718 -0.32431 0.63828 1 0 1.0
0 -1.50400 3.06409 3.16547 0.18754 0.91105 0.36718 -0.30080 0.63309 1 0 1.0
cl_black
0 -1.62767 3.13609 3.05000 0.27251 0.91998 0.28175 -0.32553 0.61000 1 0 1.0
0 -1.50400 3.06409 3.16547 0.27251 0.91998 0.28175 -0.30080 0.63309 1 0 1.0
0 -1.48090 3.09261 3.05000 0.27251 0.91998 0.28175 -0.29618 0.61000 1 0 1.0
cl_black
0 -3.79471 2.70722 2.75000 -0.38059 -0.04000 -0.92388 -0.75894 0.54144 1 0 1.0
0 -3.56475 0.51927 2.75000 -0.38059 -0.04000 -0.92388 -0.71295 0.10385 1 0 1.0
0 -3.70540 0.50449 2.80858 -0.38059 -0.04000 -0.92388 -0.74108 0.10090 1 0 1.0
cl_black
0 -3.79471 2.70722 2.75000 -0.38059 -0.04000 -0.92388 -0.75894 0.54144 1 0 1.0
0 -3.70540 0.50449 2.80858 -0.38059 -0.04000 -0.92388 -0.74108 0.10090 1 0 1.0
0 -3.93536 2.69244 2.80858 -0.38059 -0.04000 -0.92388 -0.78707 0.53849 1 0 1.0
cl_black
0 -3.93536 2.69244 2.80858 -0.91882 -0.09657 -0.38268 0.53849 0.56172 1 0 1.0
0 -3.70540 0.50449 2.80858 -0.91882 -0.09657 -0.38268 0.10090 0.56172 1 0 1.0
0 -3.76365 0.49836 2.95000 -0.91882 -0.09657 -0.38268 0.09967 0.59000 1 0 1.0
cl_black
0 -3.93536 2.69244 2.80858 -0.91882 -0.09657 -0.38268 0.53849 0.56172 1 0 1.0
0 -3.76365 0.49836 2.95000 -0.91882 -0.09657 -0.38268 0.09967 0.59000 1 0 1.0
0 -3.99362 2.68631 2.95000 -0.91882 -0.09657 -0.38268 0.53726 0.59000 1 0 1.0
cl_black
0 -3.54384 0.32037 2.95000 -0.28401 -0.95882 0.00000 -0.70877 0.59000 1 0 1.0
0 -3.54384 0.32037 3.05000 -0.28401 -0.95882 0.00000 -0.70877 0.61000 1 0 1.0
0 -3.69061 0.36384 3.05000 -0.28401 -0.95882 0.00000 -0.73812 0.61000 1 0 1.0
cl_black
0 -3.54384 0.32037 2.95000 -0.28401 -0.95882 0.00000 -0.70877 0.59000 1 0 1.0
0 -3.69061 0.36384 3.05000 -0.28401 -0.95882 0.00000 -0.73812 0.61000 1 0 1.0
0 -3.69061 0.36384 2.95000 -0.28401 -0.95882 0.00000 -0.73812 0.59000 1 0 1.0
cl_black
0 -3.69061 0.36384 2.95000 -0.87882 -0.47716 0.00000 0.07277 0.59000 1 0 1.0
0 -3.69061 0.36384 3.05000 -0.87882 -0.47716 0.00000 0.07277 0.61000 1 0 1.0
0 -3.76365 0.49836 3.05000 -0.87882 -0.47716 0.00000 0.09967 0.61000 1 0 1.0
cl_black
0 -3.69061 0.36384 2.95000 -0.87882 -0.47716 0.00000 0.07277 0.59000 1 0 1.0
0 -3.76365 0.49836 3.05000 -0.87882 -0.47716 0.00000 0.09967 0.61000 1 0 1.0
0 -3.76365 0.49836 2.95000 -0.87882 -0.47716 0.00000 0.09967 0.59000 1 0 1.0
cl_black
0 -3.56475 0.51927 3.25000 -0.38059 -0.04000 0.92388 -0.71295 0.10385 1 0 1.0
0 -3.79471 2.70722 3.25000 -0.38059 -0.04000 0.92388 -0.75894 0.54144 1 0 1.0
0 -3.93536 2.69244 3.19142 -0.38059 -0.04000 0.92388 -0.78707 0.53849 1 0 1.0
cl_black
0 -3.56475 0.51927 3.25000 -0.38059 -0.04000 0.92388 -0.71295 0.10385 1 0 1.0
0 -3.93536 2.69244 3.19142 -0.38059 -0.04000 0.92388 -0.78707 0.53849 1 0 1.0
0 -3.70540 0.50449 3.19142 -0.38059 -0.04000 0.92388 -0.74108 0.10090 1 0 1.0
cl_black
0 -3.70540 0.50449 3.19142 -0.91882 -0.09657 0.38268 0.10090 0.63828 1 0 1.0
0 -3.93536 2.69244 3.19142 -0.91882 -0.09657 0.38268 0.53849 0.63828 1 0 1.0
0 -3.99362 2.68631 3.05000 -0.91882 -0.09657 0.38268 0.53726 0.61000 1 0 1.0
cl_black
0 -3.70540 0.50449 3.19142 -0.91882 -0.09657 0.38268 0.10090 0.63828 1 0 1.0
0 -3.99362 2.68631 3.05000 -0.91882 -0.09657 0.38268 0.53726 0.61000 1 0 1.0
0 -3.76365 0.49836 3.05000 -0.91882 -0.09657 0.38268 0.09967 0.61000 1 0 1.0
cl_black
0 -3.81562 2.90612 3.05000 -0.47716 0.87882 0.00000 -0.76312 0.61000 1 0 1.0
0 -3.81562 2.90612 2.95000 -0.47716 0.87882 0.00000 -0.76312 0.59000 1 0 1.0
0 -3.95014 2.83308 2.95000 -0.47716 0.87882 0.00000 -0.79003 0.59000 1 0 1.0
cl_black
0 -3.81562 2.90612 3.05000 -0.47716 0.87882 0.00000 -0.76312 0.61000 1 0 1.0
0 -3.95014 2.83308 2.95000 -0.47716 0.87882 0.00000 -0.79003 0.59000 1 0 1.0
0 -3.95014 2.83308 3.05000 -0.47716 0.87882 0.00000 -0.79003 0.61000 1 0 1.0
cl_black
0 -3.95014 2.83308 3.05000 -0.95882 0.28402 0.00000 0.56662 0.61000 1 0 1.0
0 -3.95014 2.83308 2.95000 -0.95882 0.28402 0.00000 0.56662 0.59000 1 0 1.0
0 -3.99362 2.68631 2.95000 -0.95882 0.28402 0.00000 0.53726 0.59000 1 0 1.0
cl_black
0 -3.95014 2.83308 3.05000 -0.95882 0.28402 0.00000 0.56662 0.61000 1 0 1.0
0 -3.99362 2.68631 2.95000 -0.95882 0.28402 0.00000 0.53726 0.59000 1 0 1.0
0 -3.99362 2.68631 3.05000 -0.95882 0.28402 0.00000 0.53726 0.61000 1 0 1.0
cl_black
0 -1.60676 2.93718 2.75000 -0.04000 0.38059 -0.92388 -0.32135 0.58744 1 0 1.0
0 -3.79471 2.70722 2.75000 -0.04000 0.38059 -0.92388 -0.75894 0.54144 1 0 1.0
0 -3.80949 2.84787 2.80858 -0.04000 0.38059 -0.92388 -0.76190 0.56957 1 0 1.0
cl_black
0 -1.60676 2.93718 2.75000 -0.04000 0.38059 -0.92388 -0.32135 0.58744 1 0 1.0
0 -3.80949 2.84787 2.80858 -0.04000 0.38059 -0.92388 -0.76190 0.56957 1 0 1.0
0 -1.62155 3.07783 2.80858 -0.04000 0.38059 -0.92388 -0.32431 0.61557 1 0 1.0
cl_black
0 -1.62155 3.07783 2.80858 -0.09657 0.91882 -0.38268 -0.32431 0.56172 1 0 1.0
0 -3.80949 2.84787 2.80858 -0.09657 0.91882 -0.38268 -0.76190 0.56172 1 0 1.0
0 -3.81562 2.90612 2.95000 -0.09657 0.91882 -0.38268 -0.76312 0.59000 1 0 1.0
cl_black
0 -1.62155 3.07783 2.80858 -0.09657 0.91882 -0.38268 -0.32431 0.56172 1 0 1.0
0 -3.81562 2.90612 2.95000 -0.09657 0.91882 -0.38268 -0.76312 0.59000 1 0 1.0
0 -1.62767 3.13609 2.95000 -0.09657 0.91882 -0.38268 -0.32553 0.59000 1 0 1.0
cl_black
0 -3.79471 2.70722 3.25000 -0.04000 0.38059 0.92388 -0.75894 0.54144 1 0 1.0
0 -1.60676 2.93718 3.25000 -0.04000 0.38059 0.92388 -0.32135 0.58744 1 0 1.0
0 -1.62155 3.07783 3.19142 -0.04000 0.38059 0.92388 -0.32431 0.61557 1 0 1.0
cl_black
0 -3.79471 2.70722 3.25000 -0.04000 0.38059 0.92388 -0.75894 0.54144 1 0 1.0
0 -1.62155 3.07783 3.19142 -0.04000 0.38059 0.92388 -0.32431 0.61557 1 0 1.0
0 -3.80949 2.84787 3.19142 -0.04000 0.38059 0.92388 -0.76190 0.56957 1 0 1.0
cl_black
0 -3.80949 2.84787 3.19142 -0.09657 0.91882 0.38268 -0.76190 0.63828 1 0 1.0
0 -1.62155 3.07783 3.19142 -0.09657 0.91882 0.38268 -0.32431 0.63828 1 0 1.0
0 -1.62767 3.13609 3.05000 -0.09657 0.91882 0.38268 -0.32553 0.61000 1 0 1.0
cl_black
0 -3.80949 2.84787 3.19142 -0.09657 0.91882 0.38268 -0.76190 0.63828 1 0 1.0
0 -1.62767 3.13609 3.05000 -0.09657 0.91882 0.38268 -0.32553 0.61000 1 0 1.0
0 -3.81562 2.90612 3.05000 -0.09657 0.91882 0.38268 -0.76312 0.61000 1 0 1.0
cl_black
0 -1.40786 2.95809 3.05000 0.87882 0.47716 0.00000 0.59162 0.61000 1 0 1.0
0 -1.40786 2.95809 2.95000 0.87882 0.47716 0.00000 0.59162 0.59000 1 0 1.0
0 -1.48090 3.09261 2.95000 0.87882 0.47716 0.00000 0.61852 0.59000 1 0 1.0
cl_black
0 -1.40786 2.95809 3.05000 0.87882 0.47716 0.00000 0.59162 0.61000 1 0 1.0
0 -1.48090 3.09261 2.95000 0.87882 0.47716 0.00000 0.61852 0.59000 1 0 1.0
0 -1.48090 3.09261 3.05000 0.87882 0.47716 0.00000 0.61852 0.61000 1 0 1.0
cl_black
0 -1.48090 3.09261 3.05000 0.28401 0.95882 0.00000 -0.29618 0.61000 1 0 1.0
0 -1.48090 3.09261 2.95000 0.28401 0.95882 0.00000 -0.29618 0.59000 1 0 1.0
0 -1.62767 3.13609 2.95000 0.28401 0.95882 0.00000 -0.32553 0.59000 1 0 1.0
cl_black
0 -1.48090 3.09261 3.05000 0.28401 0.95882 0.00000 -0.29618 0.61000 1 0 1.0
0 -1.62767 3.13609 2.95000 0.28401 0.95882 0.00000 -0.32553 0.59000 1 0 1.0
0 -1.62767 3.13609 3.05000 0.28401 0.95882 0.00000 -0.32553 0.61000 1 0 1.0
cl_black
0 -1.37680 0.74923 2.75000 0.38059 0.04000 -0.92388 -0.27536 0.14985 1 0 1.0
0 -1.60676 2.93718 2.75000 0.38059 0.04000 -0.92388 -0.32135 0.58744 1 0 1.0
0 -1.46612 2.95196 2.80858 0.38059 0.04000 -0.92388 -0.29322 0.59039 1 0 1.0
cl_black
0 -1.37680 0.74923 2.75000 0.38059 0.04000 -0.92388 -0.27536 0.14985 1 0 1.0
0 -1.46612 2.95196 2.80858 0.38059 0.04000 -0.92388 -0.29322 0.59039 1 0 1.0
0 -1.23615 0.76402 2.80858 0.38059 0.04000 -0.92388 -0.24723 0.15280 1 0 1.0
cl_black
0 -1.23615 0.76402 2.80858 0.91882 0.09657 -0.38268 0.15280 0.56172 1 0 1.0
0 -1.46612 2.95196 2.80858 0.91882 0.09657 -0.38268 0.59039 0.56172 1 0 1.0
0 -1.40786 2.95809 2.95000 0.91882 0.09657 -0.38268 0.59162 0.59000 1 0 1.0
cl_black
0 -1.23615 0.76402 2.80858 0.91882 0.09657 -0.38268 0.15280 0.56172 1 0 1.0
0 -1.40786 2.95809 2.95000 0.91882 0.09657 -0.38268 0.59162 0.59000 1 0 1.0
0 -1.17790 0.77014 2.95000 0.91882 0.09657 -0.38268 0.15403 0.59000 1 0 1.0
cl_black
0 -1.60676 2.93718 3.25000 0.38059 0.04000 0.92388 -0.32135 0.58744 1 0 1.0
0 -1.37680 0.74923 3.25000 0.38059 0.04000 0.92388 -0.27536 0.14985 1 0 1.0
0 -1.23615 0.76402 3.19142 0.38059 0.04000 0.92388 -0.24723 0.15280 1 0 1.0
cl_black
0 -1.60676 2.93718 3.25000 0.38059 0.04000 0.92388 -0.32135 0.58744 1 0 1.0
0 -1.23615 0.76402 3.19142 0.38059 0.04000 0.92388 -0.24723 0.15280 1 0 1.0
0 -1.46612 2.95196 3.19142 0.38059 0.04000 0.92388 -0.29322 0.59039 1 0 1.0
cl_black
0 -1.46612 2.95196 3.19142 0.91882 0.09657 0.38268 0.59039 0.63828 1 0 1.0
0 -1.23615 0.76402 3.19142 0.91882 0.09657 0.38268 0.15280 0.63828 1 0 1.0
0 -1.17790 0.77014 3.05000 0.91882 0.09657 0.38268 0.15403 0.61000 1 0 1.0
cl_black
0 -1.46612 2.95196 3.19142 0.91882 0.09657 0.38268 0.59039 0.63828 1 0 1.0
0 -1.17790 0.77014 3.05000 0.91882 0.09657 0.38268 0.15403 0.61000 1 0 1.0
0 -1.40786 2.95809 3.05000 0.91882 0.09657 0.38268 0.59162 0.61000 1 0 1.0
cl_black
0 -1.35590 0.55033 3.05000 0.47716 -0.87882 0.00000 -0.27118 0.61000 1 0 1.0
0 -1.35590 0.55033 2.95000 0.47716 -0.87882 0.00000 -0.27118 0.59000 1 0 1.0
0 -1.22137 0.62337 2.95000 0.47716 -0.87882 0.00000 -0.24427 0.59000 1 0 1.0
cl_black
0 -1.35590 0.55033 3.05000 0.47716 -0.87882 0.00000 -0.27118 0.61000 1 0 1.0
0 -1.22137 0.62337 2.95000 0.47716 -0.87882 0.00000 -0.24427 0.59000 1 0 1.0
0 -1.22137 0.62337 3.05000 0.47716 -0.87882 0.00000 -0.24427 0.61000 1 0 1.0
cl_black
0 -1.22137 0.62337 3.05000 0.95882 -0.28401 0.00000 0.12467 0.61000 1 0 1.0
0 -1.22137 0.62337 2.95000 0.95882 -0.28401 0.00000 0.12467 0.59000 1 0 1.0
0 -1.17790 0.77014 2.95000 0.95882 -0.28401 0.00000 0.15403 0.59000 1 0 1.0
cl_black
0 -1.22137 0.62337 3.05000 0.95882 -0.28401 0.00000 0.12467 0.61000 1 0 1.0
0 -1.17790 0.77014 2.95000 0.95882 -0.28401 0.00000 0.15403 0.59000 1 0 1.0
0 -1.17790 0.77014 3.05000 0.95882 -0.28401 0.00000 0.15403 0.61000 1 0 1.0
cl_black
0 -3.56475 0.51927 2.75000 0.04000 -0.38059 -0.92388 -0.71295 0.10385 1 0 1.0
0 -1.37680 0.74923 2.75000 0.04000 -0.38059 -0.92388 -0.27536 0.14985 1 0 1.0
0 -1.36202 0.60859 2.80858 0.04000 -0.38059 -0.92388 -0.27240 0.12172 1 0 1.0
cl_black
0 -3.56475 0.51927 2.75000 0.04000 -0.38059 -0.92388 -0.71295 0.10385 1 0 1.0
0 -1.36202 0.60859 2.80858 0.04000 -0.38059 -0.92388 -0.27240 0.12172 1 0 1.0
0 -3.54997 0.37862 2.80858 0.04000 -0.38059 -0.92388 -0.70999 0.07572 1 0 1.0
cl_black
0 -3.54997 0.37862 2.80858 0.09657 -0.91882 -0.38268 -0.70999 0.56172 1 0 1.0
0 -1.36202 0.60859 2.80858 0.09657 -0.91882 -0.38268 -0.27240 0.56172 1 0 1.0
0 -1.35590 0.55033 2.95000 0.09657 -0.91882 -0.38268 -0.27118 0.59000 1 0 1.0
cl_black
0 -3.54997 0.37862 2.80858 0.09657 -0.91882 -0.38268 -0.70999 0.56172 1 0 1.0
0 -1.35590 0.55033 2.95000 0.09657 -0.91882 -0.38268 -0.27118 0.59000 1 0 1.0
0 -3.54384 0.32037 2.95000 0.09657 -0.91882 -0.38268 -0.70877 0.59000 1 0 1.0
cl_black
0 -1.37680 0.74923 3.25000 0.04000 -0.38059 0.92388 -0.27536 0.14985 1 0 1.0
0 -3.56475 0.51927 3.25000 0.04000 -0.38059 0.92388 -0.71295 0.10385 1 0 1.0
0 -3.54997 0.37862 3.19142 0.04000 -0.38059 0.92388 -0.70999 0.07572 1 0 1.0
cl_black
0 -1.37680 0.74923 3.25000 0.04000 -0.38059 0.92388 -0.27536 0.14985 1 0 1.0
0 -3.54997 0.37862 3.19142 0.04000 -0.38059 0.92388 -0.70999 0.07572 1 0 1.0
0 -1.36202 0.60859 3.19142 0.04000 -0.38059 0.92388 -0.27240 0.12172 1 0 1.0
cl_black
0 -1.36202 0.60859 3.19142 0.09657 -0.91882 0.38268 -0.27240 0.63828 1 0 1.0
0 -3.54997 0.37862 3.19142 0.09657 -0.91882 0.38268 -0.70999 0.63828 1 0 1.0
0 -3.54384 0.32037 3.05000 0.09657 -0.91882 0.38268 -0.70877 0.61000 1 0 1.0
cl_black
0 -1.36202 0.60859 3.19142 0.09657 -0.91882 0.38268 -0.27240 0.63828 1 0 1.0
0 -3.54384 0.32037 3.05000 0.09657 -0.91882 0.38268 -0.70877 0.61000 1 0 1.0
0 -1.35590 0.55033 3.05000 0.09657 -0.91882 0.38268 -0.27118 0.61000 1 0 1.0
cl_black
0 -3.79471 2.70722 2.75000 0.00000 0.00000 -1.00000 -0.75894 0.54144 1 0 1.0
0 -1.60676 2.93718 2.75000 0.00000 0.00000 -1.00000 -0.32135 0.58744 1 0 1.0
0 -1.37680 0.74923 2.75000 0.00000 0.00000 -1.00000 -0.27536 0.14985 1 0 1.0
cl_black
0 -3.79471 2.70722 2.75000 0.00000 0.00000 -1.00000 -0.75894 0.54144 1 0 1.0
0 -1.37680 0.74923 2.75000 0.00000 0.00000 -1.00000 -0.27536 0.14985 1 0 1.0
0 -3.56475 0.51927 2.75000 0.00000 0.00000 -1.00000 -0.71295 0.10385 1 0 1.0
cl_black
0 -3.76365 0.49836 2.95000 -0.99452 -0.10453 0.00000 0.09967 0.59000 1 0 1.0
0 -3.76365 0.49836 3.05000 -0.99452 -0.10453 0.00000 0.09967 0.61000 1 0 1.0
0 -3.99362 2.68631 3.05000 -0.99452 -0.10453 0.00000 0.53726 0.61000 1 0 1.0
cl_black
0 -3.76365 0.49836 2.95000 -0.99452 -0.10453 0.00000 0.09967 0.59000 1 0 1.0
0 -3.99362 2.68631 3.05000 -0.99452 -0.10453 0.00000 0.53726 0.61000 1 0 1.0
0 -3.99362 2.68631 2.95000 -0.99452 -0.10453 0.00000 0.53726 0.59000 1 0 1.0
cl_black
0 -1.35590 0.55033 2.95000 0.10453 -0.99452 0.00000 -0.27118 0.59000 1 0 1.0
0 -1.35590 0.55033 3.05000 0.10453 -0.99452 0.00000 -0.27118 0.61000 1 0 1.0
0 -3.54384 0.32037 3.05000 0.10453 -0.99452 0.00000 -0.70877 0.61000 1 0 1.0
cl_black
0 -1.35590 0.55033 2.95000 0.10453 -0.99452 0.00000 -0.27118 0.59000 1 0 1.0
0 -3.54384 0.32037 3.05000 0.10453 -0.99452 0.00000 -0.70877 0.61000 1 0 1.0
0 -3.54384 0.32037 2.95000 0.10453 -0.99452 0.00000 -0.70877 0.59000 1 0 1.0
cl_black
0 -1.60676 2.93718 3.25000 0.00000 0.00000 1.00000 -0.32135 0.58744 1 0 1.0
0 -3.79471 2.70722 3.25000 0.00000 0.00000 1.00000 -0.75894 0.54144 1 0 1.0
0 -3.56475 0.51927 3.25000 0.00000 0.00000 1.00000 -0.71295 0.10385 1 0 1.0
cl_black
0 -1.60676 2.93718 3.25000 0.00000 0.00000 1.00000 -0.32135 0.58744 1 0 1.0
0 -3.56475 0.51927 3.25000 0.00000 0.00000 1.00000 -0.71295 0.10385 1 0 1.0
0 -1.37680 0.74923 3.25000 0.00000 0.00000 1.00000 -0.27536 0.14985 1 0 1.0
cl_black
0 -3.81562 2.90612 2.95000 -0.10453 0.99452 0.00000 -0.76312 0.59000 1 0 1.0
0 -3.81562 2.90612 3.05000 -0.10453 0.99452 0.00000 -0.76312 0.61000 1 0 1.0
0 -1.62767 3.13609 3.05000 -0.10453 0.99452 0.00000 -0.32553 0.61000 1 0 1.0
cl_black
0 -3.81562 2.90612 2.95000 -0.10453 0.99452 0.00000 -0.76312 0.59000 1 0 1.0
0 -1.62767 3.13609 3.05000 -0.10453 0.99452 0.00000 -0.32553 0.61000 1 0 1.0
0 -1.62767 3.13609 2.95000 -0.10453 0.99452 0.00000 -0.32553 0.59000 1 0 1.0
cl_black
0 -1.40786 2.95809 2.95000 0.99452 0.10453 0.00000 0.59162 0.59000 1 0 1.0
0 -1.40786 2.95809 3.05000 0.99452 0.10453 0.00000 0.59162 0.61000 1 0 1.0
0 -1.17790 0.77014 3.05000 0.99452 0.10453 0.00000 0.15403 0.61000 1 0 1.0
cl_black
0 -1.40786 2.95809 2.95000 0.99452 0.10453 0.00000 0.59162 0.59000 1 0 1.0
0 -1.17790 0.77014 3.05000 0.99452 0.10453 0.00000 0.15403 0.61000 1 0 1.0
0 -1.17790 0.77014 2.95000 0.99452 0.10453 0.00000 0.15403 0.59000 1 0 1.0
cl_white
0 1.23466 -3.02467 2.87500 -0.63454 -0.51384 -0.57735 -0.60493 0.57500 1 0 1.0
0 1.22838 -3.08434 2.93500 -0.63454 -0.51384 -0.57735 -0.61687 0.58700 1 0 1.0
0 1.17499 -3.01840 2.93500 -0.63454 -0.51384 -0.57735 -0.60368 0.58700 1 0 1.0
cl_white
0 1.22838 -3.08434 2.96500 -0.63454 -0.51384 0.57735 -0.61687 0.59300 1 0 1.0
0 1.23466 -3.02467 3.02500 -0.63454 -0.51384 0.57735 -0.60493 0.60500 1 0 1.0
0 1.17499 -3.01840 2.96500 -0.63454 -0.51384 0.57735 -0.60368 0.59300 1 0 1.0
cl_white
0 1.42072 -1.25442 2.87500 -0.51384 0.63454 -0.57735 0.28414 0.57500 1 0 1.0
0 1.36105 -1.24815 2.93500 -0.51384 0.63454 -0.57735 0.27221 0.58700 1 0 1.0
0 1.42699 -1.19475 2.93500 -0.51384 0.63454 -0.57735 0.28540 0.58700 1 0 1.0
cl_white
0 1.42072 -1.25442 3.02500 -0.51384 0.63454 0.57735 0.28414 0.60500 1 0 1.0
0 1.42699 -1.19475 2.96500 -0.51384 0.63454 0.57735 0.28540 0.59300 1 0 1.0
0 1.36105 -1.24815 2.96500 -0.51384 0.63454 0.57735 0.27221 0.59300 1 0 1.0
cl_white
0 1.36394 -3.03826 2.87500 0.51384 -0.63454 -0.57735 0.27279 0.57500 1 0 1.0
0 1.42362 -3.04453 2.93500 0.51384 -0.63454 -0.57735 0.28472 0.58700 1 0 1.0
0 1.35767 -3.09793 2.93500 0.51384 -0.63454 -0.57735 0.27153 0.58700 1 0 1.0
cl_white
0 1.36394 -3.03826 3.02500 0.51384 -0.63454 0.57735 0.27279 0.60500 1 0 1.0
0 1.35767 -3.09793 2.96500 0.51384 -0.63454 0.57735 0.27153 0.59300 1 0 1.0
0 1.42362 -3.04453 2.96500 0.51384 -0.63454 0.57735 0.28472 0.59300 1 0 1.0
cl_white
0 1.55000 -1.26801 2.87500 0.63454 0.51384 -0.57735 -0.25360 0.57500 1 0 1.0
0 1.55628 -1.20834 2.93500 0.63454 0.51384 -0.57735 -0.24167 0.58700 1 0 1.0
0 1.60968 -1.27428 2.93500 0.63454 0.51384 -0.57735 -0.25486 0.58700 1 0 1.0
cl_white
0 1.55000 -1.26801 3.02500 0.63454 0.51384 0.57735 -0.25360 0.60500 1 0 1.0
0 1.60968 -1.27428 2.96500 0.63454 0.51384 0.57735 -0.25486 0.59300 1 0 1.0
0 1.55628 -1.20834 2.96500 0.63454 0.51384 0.57735 -0.24167 0.59300 1 0 1.0
cl_white
0 1.42072 -1.25442 2.87500 -0.70323 0.07391 -0.70711 0.28414 -0.25088 1 0 1.0
0 1.23466 -3.02467 2.87500 -0.70323 0.07391 -0.70711 0.24693 -0.60493 1 0 1.0
0 1.17499 -3.01840 2.93500 -0.70323 0.07391 -0.70711 0.23500 -0.60368 1 0 1.0
cl_white
0 1.42072 -1.25442 2.87500 -0.70323 0.07391 -0.70711 0.28414 -0.25088 1 0 1.0
0 1.17499 -3.01840 2.93500 -0.70323 0.07391 -0.70711 0.23500 -0.60368 1 0 1.0
0 1.36105 -1.24815 2.93500 -0.70323 0.07391 -0.70711 0.27221 -0.24963 1 0 1.0
cl_white
0 1.22838 -3.08434 2.93500 -0.77715 -0.62932 0.00000 -0.61687 0.58700 1 0 1.0
0 1.22838 -3.08434 2.96500 -0.77715 -0.62932 0.00000 -0.61687 0.59300 1 0 1.0
0 1.17499 -3.01840 2.96500 -0.77715 -0.62932 0.00000 -0.60368 0.59300 1 0 1.0
cl_white
0 1.22838 -3.08434 2.93500 -0.77715 -0.62932 0.00000 -0.61687 0.58700 1 0 1.0
0 1.17499 -3.01840 2.96500 -0.77715 -0.62932 0.00000 -0.60368 0.59300 1 0 1.0
0 1.17499 -3.01840 2.93500 -0.77715 -0.62932 0.00000 -0.60368 0.58700 1 0 1.0
cl_white
0 1.23466 -3.02467 3.02500 -0.70323 0.07391 0.70711 0.24693 -0.60493 1 0 1.0
0 1.42072 -1.25442 3.02500 -0.70323 0.07391 0.70711 0.28414 -0.25088 1 0 1.0
0 1.36105 -1.24815 2.96500 -0.70323 0.07391 0.70711 0.27221 -0.24963 1 0 1.0
cl_white
0 1.23466 -3.02467 3.02500 -0.70323 0.07391 0.70711 0.24693 -0.60493 1 0 1.0
0 1.36105 -1.24815 2.96500 -0.70323 0.07391 0.70711 0.27221 -0.24963 1 0 1.0
0 1.17499 -3.01840 2.96500 -0.70323 0.07391 0.70711 0.23500 -0.60368 1 0 1.0
cl_white
0 1.42699 -1.19475 2.96500 -0.62932 0.77715 0.00000 0.28540 0.59300 1 0 1.0
0 1.42699 -1.19475 2.93500 -0.62932 0.77715 0.00000 0.28540 0.58700 1 0 1.0
0 1.36105 -1.24815 2.93500 -0.62932 0.77715 0.00000 0.27221 0.58700 1 0 1.0
cl_white
0 1.42699 -1.19475 2.96500 -0.62932 0.77715 0.00000 0.28540 0.59300 1 0 1.0
0 1.36105 -1.24815 2.93500 -0.62932 0.77715 0.00000 0.27221 0.58700 1 0 1.0
0 1.36105 -1.24815 2.96500 -0.62932 0.77715 0.00000 0.27221 0.59300 1 0 1.0
cl_white
0 1.55000 -1.26801 2.87500 0.07391 0.70323 -0.70711 0.31000 -0.25360 1 0 1.0
0 1.42072 -1.25442 2.87500 0.07391 0.70323 -0.70711 0.28414 -0.25088 1 0 1.0
0 1.42699 -1.19475 2.93500 0.07391 0.70323 -0.70711 0.28540 -0.23895 1 0 1.0
cl_white
0 1.55000 -1.26801 2.87500 0.07391 0.70323 -0.70711 0.31000 -0.25360 1 0 1.0
0 1.42699 -1.19475 2.93500 0.07391 0.70323 -0.70711 0.28540 -0.23895 1 0 1.0
0 1.55628 -1.20834 2.93500 0.07391 0.70323 -0.70711 0.31126 -0.24167 1 0 1.0
cl_white
0 1.42072 -1.25442 3.02500 0.07391 0.70323 0.70711 0.28414 -0.25088 1 0 1.0
0 1.55000 -1.26801 3.02500 0.07391 0.70323 0.70711 0.31000 -0.25360 1 0 1.0
0 1.55628 -1.20834 2.96500 0.07391 0.70323 0.70711 0.31126 -0.24167 1 0 1.0
cl_white
0 1.42072 -1.25442 3.02500 0.07391 0.70323 0.70711 0.28414 -0.25088 1 0 1.0
0 1.55628 -1.20834 2.96500 0.07391 0.70323 0.70711 0.31126 -0.24167 1 0 1.0
0 1.42699 -1.19475 2.96500 0.07391 0.70323 0.70711 0.28540 -0.23895 1 0 1.0
cl_white
0 1.60968 -1.27428 2.96500 0.77715 0.62932 0.00000 -0.25486 0.59300 1 0 1.0
0 1.60968 -1.27428 2.93500 0.77715 0.62932 0.00000 -0.25486 0.58700 1 0 1.0
0 1.55628 -1.20834 2.93500 0.77715 0.62932 0.00000 -0.24167 0.58700 1 0 1.0
cl_white
0 1.60968 -1.27428 2.96500 0.77715 0.62932 0.00000 -0.25486 0.59300 1 0 1.0
0 1.55628 -1.20834 2.93500 0.77715 0.62932 0.00000 -0.24167 0.58700 1 0 1.0
0 1.55628 -1.20834 2.96500 0.77715 0.62932 0.00000 -0.24167 0.59300 1 0 1.0
cl_white
0 1.36394 -3.03826 2.87500 0.70323 -0.07391 -0.70711 0.27279 -0.60765 1 0 1.0
0 1.55000 -1.26801 2.87500 0.70323 -0.07391 -0.70711 0.31000 -0.25360 1 0 1.0
0 1.60968 -1.27428 2.93500 0.70323 -0.07391 -0.70711 0.32194 -0.25486 1 0 1.0
cl_white
0 1.36394 -3.03826 2.87500 0.70323 -0.07391 -0.70711 0.27279 -0.60765 1 0 1.0
0 1.60968 -1.27428 2.93500 0.70323 -0.07391 -0.70711 0.32194 -0.25486 1 0 1.0
0 1.42362 -3.04453 2.93500 0.70323 -0.07391 -0.70711 0.28472 -0.60891 1 0 1.0
cl_white
0 1.55000 -1.26801 3.02500 0.70323 -0.07391 0.70711 0.31000 -0.25360 1 0 1.0
0 1.36394 -3.03826 3.02500 0.70323 -0.07391 0.70711 0.27279 -0.60765 1 0 1.0
0 1.42362 -3.04453 2.96500 0.70323 -0.07391 0.70711 0.28472 -0.60891 1 0 1.0
cl_white
0 1.55000 -1.26801 3.02500 0.70323 -0.07391 0.70711 0.31000 -0.25360 1 0 1.0
0 1.42362 -3.04453 2.96500 0.70323 -0.07391 0.70711 0.28472 -0.60891 1 0 1.0
0 1.60968 -1.27428 2.96500 0.70323 -0.07391 0.70711 0.32194 -0.25486 1 0 1.0
cl_white
0 1.35767 -3.09793 2.96500 0.62932 -0.77715 0.00000 0.27153 0.59300 1 0 1.0
0 1.35767 -3.09793 2.93500 0.62932 -0.77715 0.00000 0.27153 0.58700 1 0 1.0
0 1.42362 -3.04453 2.93500 0.62932 -0.77715 0.00000 0.28472 0.58700 1 0 1.0
cl_white
0 1.35767 -3.09793 2.96500 0.62932 -0.77715 0.00000 0.27153 0.59300 1 0 1.0
0 1.42362 -3.04453 2.93500 0.62932 -0.77715 0.00000 0.28472 0.58700 1 0 1.0
0 1.42362 -3.04453 2.96500 0.62932 -0.77715 0.00000 0.28472 0.59300 1 0 1.0
cl_white
0 1.23466 -3.02467 2.87500 -0.07391 -0.70323 -0.70711 0.24693 -0.60493 1 0 1.0
0 1.36394 -3.03826 2.87500 -0.07391 -0.70323 -0.70711 0.27279 -0.60765 1 0 1.0
0 1.35767 -3.09793 2.93500 -0.07391 -0.70323 -0.70711 0.27153 -0.61959 1 0 1.0
cl_white
0 1.23466 -3.02467 2.87500 -0.07391 -0.70323 -0.70711 0.24693 -0.60493 1 0 1.0
0 1.35767 -3.09793 2.93500 -0.07391 -0.70323 -0.70711 0.27153 -0.61959 1 0 1.0
0 1.22838 -3.08434 2.93500 -0.07391 -0.70323 -0.70711 0.24568 -0.61687 1 0 1.0
cl_white
0 1.36394 -3.03826 3.02500 -0.07391 -0.70323 0.70711 0.27279 -0.60765 1 0 1.0
0 1.23466 -3.02467 3.02500 -0.07391 -0.70323 0.70711 0.24693 -0.60493 1 0 1.0
0 1.22838 -3.08434 2.96500 -0.07391 -0.70323 0.70711 0.24568 -0.61687 1 0 1.0
cl_white
0 1.36394 -3.03826 3.02500 -0.07391 -0.70323 0.70711 0.27279 -0.60765 1 0 1.0
0 1.22838 -3.08434 2.96500 -0.07391 -0.70323 0.70711 0.24568 -0.61687 1 0 1.0
0 1.35767 -3.09793 2.96500 -0.07391 -0.70323 0.70711 0.27153 -0.61959 1 0 1.0
cl_white
0 1.42072 -1.25442 2.87500 0.00000 0.00000 -1.00000 0.28414 -0.25088 1 0 1.0
0 1.55000 -1.26801 2.87500 0.00000 0.00000 -1.00000 0.31000 -0.25360 1 0 1.0
0 1.36394 -3.03826 2.87500 0.00000 0.00000 -1.00000 0.27279 -0.60765 1 0 1.0
cl_white
0 1.42072 -1.25442 2.87500 0.00000 0.00000 -1.00000 0.28414 -0.25088 1 0 1.0
0 1.36394 -3.03826 2.87500 0.00000 0.00000 -1.00000 0.27279 -0.60765 1 0 1.0
0 1.23466 -3.02467 2.87500 0.00000 0.00000 -1.00000 0.24693 -0.60493 1 0 1.0
cl_white
0 1.17499 -3.01840 2.93500 -0.99452 0.10453 0.00000 -0.60368 0.58700 1 0 1.0
0 1.17499 -3.01840 2.96500 -0.99452 0.10453 0.00000 -0.60368 0.59300 1 0 1.0
0 1.36105 -1.24815 2.96500 -0.99452 0.10453 0.00000 -0.24963 0.59300 1 0 1.0
cl_white
0 1.17499 -3.01840 2.93500 -0.99452 0.10453 0.00000 -0.60368 0.58700 1 0 1.0
0 1.36105 -1.24815 2.96500 -0.99452 0.10453 0.00000 -0.24963 0.59300 1 0 1.0
0 1.36105 -1.24815 2.93500 -0.99452 0.10453 0.00000 -0.24963 0.58700 1 0 1.0
cl_white
0 1.35767 -3.09793 2.93500 -0.10453 -0.99452 0.00000 0.27153 0.58700 1 0 1.0
0 1.35767 -3.09793 2.96500 -0.10453 -0.99452 0.00000 0.27153 0.59300 1 0 1.0
0 1.22838 -3.08434 2.96500 -0.10453 -0.99452 0.00000 0.24568 0.59300 1 0 1.0
cl_white
0 1.35767 -3.09793 2.93500 -0.10453 -0.99452 0.00000 0.27153 0.58700 1 0 1.0
0 1.22838 -3.08434 2.96500 -0.10453 -0.99452 0.00000 0.24568 0.59300 1 0 1.0
0 1.22838 -3.08434 2.93500 -0.10453 -0.99452 0.00000 0.24568 0.58700 1 0 1.0
cl_white
0 1.55000 -1.26801 3.02500 0.00000 0.00000 1.00000 0.31000 -0.25360 1 0 1.0
0 1.42072 -1.25442 3.02500 0.00000 0.00000 1.00000 0.28414 -0.25088 1 0 1.0
0 1.23466 -3.02467 3.02500 0.00000 0.00000 1.00000 0.24693 -0.60493 1 0 1.0
cl_white
0 1.55000 -1.26801 3.02500 0.00000 0.00000 1.00000 0.31000 -0.25360 1 0 1.0
0 1.23466 -3.02467 3.02500 0.00000 0.00000 1.00000 0.24693 -0.60493 1 0 1.0
0 1.36394 -3.03826 3.02500 0.00000 0.00000 1.00000 0.27279 -0.60765 1 0 1.0
cl_white
0 1.42699 -1.19475 2.93500 0.10453 0.99452 0.00000 0.28540 0.58700 1 0 1.0
0 1.42699 -1.19475 2.96500 0.10453 0.99452 0.00000 0.28540 0.59300 1 0 1.0
0 1.55628 -1.20834 2.96500 0.10453 0.99452 0.00000 0.31126 0.59300 1 0 1.0
cl_white
0 1.42699 -1.19475 2.93500 0.10453 0.99452 0.00000 0.28540 0.58700 1 0 1.0
0 1.55628 -1.20834 2.96500 0.10453 0.99452 0.00000 0.31126 0.59300 1 0 1.0
0 1.55628 -1.20834 2.93500 0.10453 0.99452 0.00000 0.31126 0.58700 1 0 1.0
cl_white
0 1.60968 -1.27428 2.93500 0.99452 -0.10453 0.00000 -0.25486 0.58700 1 0 1.0
0 1.60968 -1.27428 2.96500 0.99452 -0.10453 0.00000 -0.25486 0.59300 1 0 1.0
0 1.42362 -3.04453 2.96500 0.99452 -0.10453 0.00000 -0.60891 0.59300 1 0 1.0
cl_white
0 1.60968 -1.27428 2.93500 0.99452 -0.10453 0.00000 -0.25486 0.58700 1 0 1.0
0 1.42362 -3.04453 2.96500 0.99452 -0.10453 0.00000 -0.60891 0.59300 1 0 1.0
0 1.42362 -3.04453 2.93500 0.99452 -0.10453 0.00000 -0.60891 0.58700 1 0 1.0
cl_white
0 0.43904 -2.94105 2.84500 -0.63454 -0.51384 -0.57735 -0.58821 0.56900 1 0 1.0
0 0.43277 -3.00072 2.90500 -0.63454 -0.51384 -0.57735 -0.60014 0.58100 1 0 1.0
0 0.37937 -2.93478 2.90500 -0.63454 -0.51384 -0.57735 -0.58696 0.58100 1 0 1.0
cl_white
0 0.43277 -3.00072 2.93500 -0.63454 -0.51384 0.57735 -0.60014 0.58700 1 0 1.0
0 0.43904 -2.94105 2.99500 -0.63454 -0.51384 0.57735 -0.58821 0.59900 1 0 1.0
0 0.37937 -2.93478 2.93500 -0.63454 -0.51384 0.57735 -0.58696 0.58700 1 0 1.0
cl_white
0 0.62510 -1.17080 2.84500 -0.51384 0.63454 -0.57735 0.12502 0.56900 1 0 1.0
0 0.56543 -1.16453 2.90500 -0.51384 0.63454 -0.57735 0.11309 0.58100 1 0 1.0
0 0.63137 -1.11113 2.90500 -0.51384 0.63454 -0.57735 0.12627 0.58100 1 0 1.0
cl_white
0 0.62510 -1.17080 2.99500 -0.51384 0.63454 0.57735 0.12502 0.59900 1 0 1.0
0 0.63137 -1.11113 2.93500 -0.51384 0.63454 0.57735 0.12627 0.58700 1 0 1.0
0 0.56543 -1.16453 2.93500 -0.51384 0.63454 0.57735 0.11309 0.58700 1 0 1.0
cl_white
0 0.56833 -2.95464 2.84500 0.51384 -0.63454 -0.57735 0.11367 0.56900 1 0 1.0
0 0.62800 -2.96091 2.90500 0.51384 -0.63454 -0.57735 0.12560 0.58100 1 0 1.0
0 0.56206 -3.01431 2.90500 0.51384 -0.63454 -0.57735 0.11241 0.58100 1 0 1.0
cl_white
0 0.56833 -2.95464 2.99500 0.51384 -0.63454 0.57735 0.11367 0.59900 1 0 1.0
0 0.56206 -3.01431 2.93500 0.51384 -0.63454 0.57735 0.11241 0.58700 1 0 1.0
0 0.62800 -2.96091 2.93500 0.51384 -0.63454 0.57735 0.12560 0.58700 1 0 1.0
cl_white
0 0.75439 -1.18439 2.84500 0.63454 0.51384 -0.57735 -0.23688 0.56900 1 0 1.0
0 0.76066 -1.12472 2.90500 0.63454 0.51384 -0.57735 -0.22494 0.58100 1 0 1.0
0 0.81406 -1.19066 2.90500 0.63454 0.51384 -0.57735 -0.23813 0.58100 1 0 1.0
cl_white
0 0.75439 -1.18439 2.99500 0.63454 0.51384 0.57735 -0.23688 0.59900 1 0 1.0
0 0.81406 -1.19066 2.93500 0.63454 0.51384 0.57735 -0.23813 0.58700 1 0 1.0
0 0.76066 -1.12472 2.93500 0.63454 0.51384 0.57735 -0.22494 0.58700 1 0 1.0
cl_white
0 0.62510 -1.17080 2.84500 -0.70323 0.07391 -0.70711 0.12502 -0.23416 1 0 1.0
0 0.43904 -2.94105 2.84500 -0.70323 0.07391 -0.70711 0.08781 -0.58821 1 0 1.0
0 0.37937 -2.93478 2.90500 -0.70323 0.07391 -0.70711 0.07587 -0.58696 1 0 1.0
cl_white
0 0.62510 -1.17080 2.84500 -0.70323 0.07391 -0.70711 0.12502 -0.23416 1 0 1.0
0 0.37937 -2.93478 2.90500 -0.70323 0.07391 -0.70711 0.07587 -0.58696 1 0 1.0
0 0.56543 -1.16453 2.90500 -0.70323 0.07391 -0.70711 0.11309 -0.23291 1 0 1.0
cl_white
0 0.43277 -3.00072 2.90500 -0.77715 -0.62932 0.00000 -0.60014 0.58100 1 0 1.0
0 0.43277 -3.00072 2.93500 -0.77715 -0.62932 0.00000 -0.60014 0.58700 1 0 1.0
0 0.37937 -2.93478 2.93500 -0.77715 -0.62932 0.00000 -0.58696 0.58700 1 0 1.0
cl_white
0 0.43277 -3.00072 2.90500 -0.77715 -0.62932 0.00000 -0.60014 0.58100 1 0 1.0
0 0.37937 -2.93478 2.93500 -0.77715 -0.62932 0.00000 -0.58696 0.58700 1 0 1.0
0 0.37937 -2.93478 2.90500 -0.77715 -0.62932 0.00000 -0.58696 0.58100 1 0 1.0
cl_white
0 0.43904 -2.94105 2.99500 -0.70323 0.07391 0.70711 0.08781 -0.58821 1 0 1.0
0 0.62510 -1.17080 2.99500 -0.70323 0.07391 0.70711 0.12502 -0.23416 1 0 1.0
0 0.56543 -1.16453 2.93500 -0.70323 0.07391 0.70711 0.11309 -0.23291 1 0 1.0
cl_white
0 0.43904 -2.94105 2.99500 -0.70323 0.07391 0.70711 0.08781 -0.58821 1 0 1.0
0 0.56543 -1.16453 2.93500 -0.70323 0.07391 0.70711 0.11309 -0.23291 1 0 1.0
0 0.37937 -2.93478 2.93500 -0.70323 0.07391 0.70711 0.07587 -0.58696 1 0 1.0
cl_white
0 0.63137 -1.11113 2.93500 -0.62932 0.77715 0.00000 0.12627 0.58700 1 0 1.0
0 0.63137 -1.11113 2.90500 -0.62932 0.77715 0.00000 0.12627 0.58100 1 0 1.0
0 0.56543 -1.16453 2.90500 -0.62932 0.77715 0.00000 0.11309 0.58100 1 0 1.0
cl_white
0 0.63137 -1.11113 2.93500 -0.62932 0.77715 0.00000 0.12627 0.58700 1 0 1.0
0 0.56543 -1.16453 2.90500 -0.62932 0.77715 0.00000 0.11309 0.58100 1 0 1.0
0 0.56543 -1.16453 2.93500 -0.62932 0.77715 0.00000 0.11309 0.58700 1 0 1.0
cl_white
0 0.75439 -1.18439 2.84500 0.07391 0.70323 -0.70711 0.15088 -0.23688 1 0 1.0
0 0.62510 -1.17080 2.84500 0.07391 0.70323 -0.70711 0.12502 -0.23416 1 0 1.0
0 0.63137 -1.11113 2.90500 0.07391 0.70323 -0.70711 0.12627 -0.22223 1 0 1.0
cl_white
0 0.75439 -1.18439 2.84500 0.07391 0.70323 -0.70711 0.15088 -0.23688 1 0 1.0
0 0.63137 -1.11113 2.90500 0.07391 0.70323 -0.70711 0.12627 -0.22223 1 0 1.0
0 0.76066 -1.12472 2.90500 0.07391 0.70323 -0.70711 0.15213 -0.22494 1 0 1.0
cl_white
0 0.62510 -1.17080 2.99500 0.07391 0.70323 0.70711 0.12502 -0.23416 1 0 1.0
0 0.75439 -1.18439 2.99500 0.07391 0.70323 0.70711 0.15088 -0.23688 1 0 1.0
0 0.76066 -1.12472 2.93500 0.07391 0.70323 0.70711 0.15213 -0.22494 1 0 1.0
cl_white
0 0.62510 -1.17080 2.99500 0.07391 0.70323 0.70711 0.12502 -0.23416 1 0 1.0
0 0.76066 -1.12472 2.93500 0.07391 0.70323 0.70711 0.15213 -0.22494 1 0 1.0
0 0.63137 -1.11113 2.93500 0.07391 0.70323 0.70711 0.12627 -0.22223 1 0 1.0
cl_white
0 0.81406 -1.19066 2.93500 0.77715 0.62932 0.00000 -0.23813 0.58700 1 0 1.0
0 0.81406 -1.19066 2.90500 0.77715 0.62932 0.00000 -0.23813 0.58100 1 0 1.0
0 0.76066 -1.12472 2.90500 0.77715 0.62932 0.00000 -0.22494 0.58100 1 0 1.0
cl_white
0 0.81406 -1.19066 2.93500 0.77715 0.62932 0.00000 -0.23813 0.58700 1 0 1.0
0 0.76066 -1.12472 2.90500 0.77715 0.62932 0.00000 -0.22494 0.58100 1 0 1.0
0 0.76066 -1.12472 2.93500 0.77715 0.62932 0.00000 -0.22494 0.58700 1 0 1.0
cl_white
0 0.56833 -2.95464 2.84500 0.70323 -0.07391 -0.70711 0.11367 -0.59093 1 0 1.0
0 0.75439 -1.18439 2.84500 0.70323 -0.07391 -0.70711 0.15088 -0.23688 1 0 1.0
0 0.81406 -1.19066 2.90500 0.70323 -0.07391 -0.70711 0.16281 -0.23813 1 0 1.0
cl_white
0 0.56833 -2.95464 2.84500 0.70323 -0.07391 -0.70711 0.11367 -0.59093 1 0 1.0
0 0.81406 -1.19066 2.90500 0.70323 -0.07391 -0.70711 0.16281 -0.23813 1 0 1.0
0 0.62800 -2.96091 2.90500 0.70323 -0.07391 -0.70711 0.12560 -0.59218 1 0 1.0
cl_white
0 0.75439 -1.18439 2.99500 0.70323 -0.07391 0.70711 0.15088 -0.23688 1 0 1.0
0 0.56833 -2.95464 2.99500 0.70323 -0.07391 0.70711 0.11367 -0.59093 1 0 1.0
0 0.62800 -2.96091 2.93500 0.70323 -0.07391 0.70711 0.12560 -0.59218 1 0 1.0
cl_white
0 0.75439 -1.18439 2.99500 0.70323 -0.07391 0.70711 0.15088 -0.23688 1 0 1.0
0 0.62800 -2.96091 2.93500 0.70323 -0.07391 0.70711 0.12560 -0.59218 1 0 1.0
0 0.81406 -1.19066 2.93500 0.70323 -0.07391 0.70711 0.16281 -0.23813 1 0 1.0
cl_white
0 0.56206 -3.01431 2.93500 0.62932 -0.77715 0.00000 0.11241 0.58700 1 0 1.0
0 0.56206 -3.01431 2.90500 0.62932 -0.77715 0.00000 0.11241 0.58100 1 0 1.0
0 0.62800 -2.96091 2.90500 0.62932 -0.77715 0.00000 0.12560 0.58100 1 0 1.0
cl_white
0 0.56206 -3.01431 2.93500 0.62932 -0.77715 0.00000 0.11241 0.58700 1 0 1.0
0 0.62800 -2.96091 2.90500 0.62932 -0.77715 0.00000 0.12560 0.58100 1 0 1.0
0 0.62800 -2.96091 2.93500 0.62932 -0.77715 0.00000 0.12560 0.58700 1 0 1.0
cl_white
0 0.43904 -2.94105 2.84500 -0.07391 -0.70323 -0.70711 0.08781 -0.58821 1 0 1.0
0 0.56833 -2.95464 2.84500 -0.07391 -0.70323 -0.70711 0.11367 -0.59093 1 0 1.0
0 0.56206 -3.01431 2.90500 -0.07391 -0.70323 -0.70711 0.11241 -0.60286 1 0 1.0
cl_white
0 0.43904 -2.94105 2.84500 -0.07391 -0.70323 -0.70711 0.08781 -0.58821 1 0 1.0
0 0.56206 -3.01431 2.90500 -0.07391 -0.70323 -0.70711 0.11241 -0.60286 1 0 1.0
0 0.43277 -3.00072 2.90500 -0.07391 -0.70323 -0.70711 0.08655 -0.60014 1 0 1.0
cl_white
0 0.56833 -2.95464 2.99500 -0.07391 -0.70323 0.70711 0.11367 -0.59093 1 0 1.0
0 0.43904 -2.94105 2.99500 -0.07391 -0.70323 0.70711 0.08781 -0.58821 1 0 1.0
0 0.43277 -3.00072 2.93500 -0.07391 -0.70323 0.70711 0.08655 -0.60014 1 0 1.0
cl_white
0 0.56833 -2.95464 2.99500 -0.07391 -0.70323 0.70711 0.11367 -0.59093 1 0 1.0
0 0.43277 -3.00072 2.93500 -0.07391 -0.70323 0.70711 0.08655 -0.60014 1 0 1.0
0 0.56206 -3.01431 2.93500 -0.07391 -0.70323 0.70711 0.11241 -0.60286 1 0 1.0
cl_white
0 0.62510 -1.17080 2.84500 0.00000 0.00000 -1.00000 0.12502 -0.23416 1 0 1.0
0 0.75439 -1.18439 2.84500 0.00000 0.00000 -1.00000 0.15088 -0.23688 1 0 1.0
0 0.56833 -2.95464 2.84500 0.00000 0.00000 -1.00000 0.11367 -0.59093 1 0 1.0
cl_white
0 0.62510 -1.17080 2.84500 0.00000 0.00000 -1.00000 0.12502 -0.23416 1 0 1.0
0 0.56833 -2.95464 2.84500 0.00000 0.00000 -1.00000 0.11367 -0.59093 1 0 1.0
0 0.43904 -2.94105 2.84500 0.00000 0.00000 -1.00000 0.08781 -0.58821 1 0 1.0
cl_white
0 0.37937 -2.93478 2.90500 -0.99452 0.10453 0.00000 -0.58696 0.58100 1 0 1.0
0 0.37937 -2.93478 2.93500 -0.99452 0.10453 0.00000 -0.58696 0.58700 1 0 1.0
0 0.56543 -1.16453 2.93500 -0.99452 0.10453 0.00000 -0.23291 0.58700 1 0 1.0
cl_white
0 0.37937 -2.93478 2.90500 -0.99452 0.10453 0.00000 -0.58696 0.58100 1 0 1.0
0 0.56543 -1.16453 2.93500 -0.99452 0.10453 0.00000 -0.23291 0.58700 1 0 1.0
0 0.56543 -1.16453 2.90500 -0.99452 0.10453 0.00000 -0.23291 0.58100 1 0 1.0
cl_white
0 0.56206 -3.01431 2.90500 -0.10453 -0.99452 0.00000 0.11241 0.58100 1 0 1.0
0 0.56206 -3.01431 2.93500 -0.10453 -0.99452 0.00000 0.11241 0.58700 1 0 1.0
0 0.43277 -3.00072 2.93500 -0.10453 -0.99452 0.00000 0.08655 0.58700 1 0 1.0
cl_white
0 0.56206 -3.01431 2.90500 -0.10453 -0.99452 0.00000 0.11241 0.58100 1 0 1.0
0 0.43277 -3.00072 2.93500 -0.10453 -0.99452 0.00000 0.08655 0.58700 1 0 1.0
0 0.43277 -3.00072 2.90500 -0.10453 -0.99452 0.00000 0.08655 0.58100 1 0 1.0
cl_white
0 0.75439 -1.18439 2.99500 0.00000 0.00000 1.00000 0.15088 -0.23688 1 0 1.0
0 0.62510 -1.17080 2.99500 0.00000 0.00000 1.00000 0.12502 -0.23416 1 0 1.0
0 0.43904 -2.94105 2.99500 0.00000 0.00000 1.00000 0.08781 -0.58821 1 0 1.0
cl_white
0 0.75439 -1.18439 2.99500 0.00000 0.00000 1.00000 0.15088 -0.23688 1 0 1.0
0 0.43904 -2.94105 2.99500 0.00000 0.00000 1.00000 0.08781 -0.58821 1 0 1.0
0 0.56833 -2.95464 2.99500 0.00000 0.00000 1.00000 0.11367 -0.59093 1 0 1.0
cl_white
0 0.63137 -1.11113 2.90500 0.10453 0.99452 0.00000 0.12627 0.58100 1 0 1.0
0 0.63137 -1.11113 2.93500 0.10453 0.99452 0.00000 0.12627 0.58700 1 0 1.0
0 0.76066 -1.12472 2.93500 0.10453 0.99452 0.00000 0.15213 0.58700 1 0 1.0
cl_white
0 0.63137 -1.11113 2.90500 0.10453 0.99452 0.00000 0.12627 0.58100 1 0 1.0
0 0.76066 -1.12472 2.93500 0.10453 0.99452 0.00000 0.15213 0.58700 1 0 1.0
0 0.76066 -1.12472 2.90500 0.10453 0.99452 0.00000 0.15213 0.58100 1 0 1.0
cl_white
0 0.81406 -1.19066 2.90500 0.99452 -0.10453 0.00000 -0.23813 0.58100 1 0 1.0
0 0.81406 -1.19066 2.93500 0.99452 -0.10453 0.00000 -0.23813 0.58700 1 0 1.0
0 0.62800 -2.96091 2.93500 0.99452 -0.10453 0.00000 -0.59218 0.58700 1 0 1.0
cl_white
0 0.81406 -1.19066 2.90500 0.99452 -0.10453 0.00000 -0.23813 0.58100 1 0 1.0
0 0.62800 -2.96091 2.93500 0.99452 -0.10453 0.00000 -0.59218 0.58700 1 0 1.0
0 0.62800 -2.96091 2.90500 0.99452 -0.10453 0.00000 -0.59218 0.58100 1 0 1.0
cl_white
0 -0.35658 -2.85742 2.81500 -0.63454 -0.51384 -0.57735 -0.57148 0.56300 1 0 1.0
0 -0.36285 -2.91710 2.87500 -0.63454 -0.51384 -0.57735 -0.58342 0.57500 1 0 1.0
0 -0.41625 -2.85115 2.87500 -0.63454 -0.51384 -0.57735 -0.57023 0.57500 1 0 1.0
cl_white
0 -0.36285 -2.91710 2.90500 -0.63454 -0.51384 0.57735 -0.58342 0.58100 1 0 1.0
0 -0.35658 -2.85742 2.96500 -0.63454 -0.51384 0.57735 -0.57148 0.59300 1 0 1.0
0 -0.41625 -2.85115 2.90500 -0.63454 -0.51384 0.57735 -0.57023 0.58100 1 0 1.0
cl_white
0 -0.17052 -1.08718 2.81500 -0.51384 0.63454 -0.57735 -0.03410 0.56300 1 0 1.0
0 -0.23019 -1.08090 2.87500 -0.51384 0.63454 -0.57735 -0.04604 0.57500 1 0 1.0
0 -0.16425 -1.02750 2.87500 -0.51384 0.63454 -0.57735 -0.03285 0.57500 1 0 1.0
cl_white
0 -0.17052 -1.08718 2.96500 -0.51384 0.63454 0.57735 -0.03410 0.59300 1 0 1.0
0 -0.16425 -1.02750 2.90500 -0.51384 0.63454 0.57735 -0.03285 0.58100 1 0 1.0
0 -0.23019 -1.08090 2.90500 -0.51384 0.63454 0.57735 -0.04604 0.58100 1 0 1.0
cl_white
0 -0.22729 -2.87101 2.81500 0.51384 -0.63454 -0.57735 -0.04546 0.56300 1 0 1.0
0 -0.16762 -2.87728 2.87500 0.51384 -0.63454 -0.57735 -0.03352 0.57500 1 0 1.0
0 -0.23356 -2.93068 2.87500 0.51384 -0.63454 -0.57735 -0.04671 0.57500 1 0 1.0
cl_white
0 -0.22729 -2.87101 2.96500 0.51384 -0.63454 0.57735 -0.04546 0.59300 1 0 1.0
0 -0.23356 -2.93068 2.90500 0.51384 -0.63454 0.57735 -0.04671 0.58100 1 0 1.0
0 -0.16762 -2.87728 2.90500 0.51384 -0.63454 0.57735 -0.03352 0.58100 1 0 1.0
cl_white
0 -0.04123 -1.10076 2.81500 0.63454 0.51384 -0.57735 -0.22015 0.56300 1 0 1.0
0 -0.03496 -1.04109 2.87500 0.63454 0.51384 -0.57735 -0.20822 0.57500 1 0 1.0
0 0.01844 -1.10704 2.87500 0.63454 0.51384 -0.57735 -0.22141 0.57500 1 0 1.0
cl_white
0 -0.04123 -1.10076 2.96500 0.63454 0.51384 0.57735 -0.22015 0.59300 1 0 1.0
0 0.01844 -1.10704 2.90500 0.63454 0.51384 0.57735 -0.22141 0.58100 1 0 1.0
0 -0.03496 -1.04109 2.90500 0.63454 0.51384 0.57735 -0.20822 0.58100 1 0 1.0
cl_white
0 -0.17052 -1.08718 2.81500 -0.70323 0.07391 -0.70711 -0.03410 -0.21744 1 0 1.0
0 -0.35658 -2.85742 2.81500 -0.70323 0.07391 -0.70711 -0.07132 -0.57148 1 0 1.0
0 -0.41625 -2.85115 2.87500 -0.70323 0.07391 -0.70711 -0.08325 -0.57023 1 0 1.0
cl_white
0 -0.17052 -1.08718 2.81500 -0.70323 0.07391 -0.70711 -0.03410 -0.21744 1 0 1.0
0 -0.41625 -2.85115 2.87500 -0.70323 0.07391 -0.70711 -0.08325 -0.57023 1 0 1.0
0 -0.23019 -1.08090 2.87500 -0.70323 0.07391 -0.70711 -0.04604 -0.21618 1 0 1.0
cl_white
0 -0.36285 -2.91710 2.87500 -0.77715 -0.62932 0.00000 -0.58342 0.57500 1 0 1.0
0 -0.36285 -2.91710 2.90500 -0.77715 -0.62932 0.00000 -0.58342 0.58100 1 0 1.0
0 -0.41625 -2.85115 2.90500 -0.77715 -0.62932 0.00000 -0.57023 0.58100 1 0 1.0
cl_white
0 -0.36285 -2.91710 2.87500 -0.77715 -0.62932 0.00000 -0.58342 0.57500 1 0 1.0
0 -0.41625 -2.85115 2.90500 -0.77715 -0.62932 0.00000 -0.57023 0.58100 1 0 1.0
0 -0.41625 -2.85115 2.87500 -0.77715 -0.62932 0.00000 -0.57023 0.57500 1 0 1.0
cl_white
0 -0.35658 -2.85742 2.96500 -0.70323 0.07391 0.70711 -0.07132 -0.57148 1 0 1.0
0 -0.17052 -1.08718 2.96500 -0.70323 0.07391 0.70711 -0.03410 -0.21744 1 0 1.0
0 -0.23019 -1.08090 2.90500 -0.70323 0.07391 0.70711 -0.04604 -0.21618 1 0 1.0
cl_white
0 -0.35658 -2.85742 2.96500 -0.70323 0.07391 0.70711 -0.07132 -0.57148 1 0 1.0
0 -0.23019 -1.08090 2.90500 -0.70323 0.07391 0.70711 -0.04604 -0.21618 1 0 1.0
0 -0.41625 -2.85115 2.90500 -0.70323 0.07391 0.70711 -0.08325 -0.57023 1 0 1.0
cl_white
0 -0.16425 -1.02750 2.90500 -0.62932 0.77715 0.00000 -0.03285 0.58100 1 0 1.0
0 -0.16425 -1.02750 2.87500 -0.62932 0.77715 0.00000 -0.03285 0.57500 1 0 1.0
0 -0.23019 -1.08090 2.87500 -0.62932 0.77715 0.00000 -0.04604 0.57500 1 0 1.0
cl_white
0 -0.16425 -1.02750 2.90500 -0.62932 0.77715 0.00000 -0.03285 0.58100 1 0 1.0
0 -0.23019 -1.08090 2.87500 -0.62932 0.77715 0.00000 -0.04604 0.57500 1 0 1.0
0 -0.23019 -1.08090 2.90500 -0.62932 0.77715 0.00000 -0.04604 0.58100 1 0 1.0
cl_white
0 -0.04123 -1.10076 2.81500 0.07391 0.70323 -0.70711 -0.00825 -0.22015 1 0 1.0
0 -0.17052 -1.08718 2.81500 0.07391 0.70323 -0.70711 -0.03410 -0.21744 1 0 1.0
0 -0.16425 -1.02750 2.87500 0.07391 0.70323 -0.70711 -0.03285 -0.20550 1 0 1.0
cl_white
0 -0.04123 -1.10076 2.81500 0.07391 0.70323 -0.70711 -0.00825 -0.22015 1 0 1.0
0 -0.16425 -1.02750 2.87500 0.07391 0.70323 -0.70711 -0.03285 -0.20550 1 0 1.0
0 -0.03496 -1.04109 2.87500 0.07391 0.70323 -0.70711 -0.00699 -0.20822 1 0 1.0
cl_white
0 -0.17052 -1.08718 2.96500 0.07391 0.70323 0.70711 -0.03410 -0.21744 1 0 1.0
0 -0.04123 -1.10076 2.96500 0.07391 0.70323 0.70711 -0.00825 -0.22015 1 0 1.0
0 -0.03496 -1.04109 2.90500 0.07391 0.70323 0.70711 -0.00699 -0.20822 1 0 1.0
cl_white
0 -0.17052 -1.08718 2.96500 0.07391 0.70323 0.70711 -0.03410 -0.21744 1 0 1.0
0 -0.03496 -1.04109 2.90500 0.07391 0.70323 0.70711 -0.00699 -0.20822 1 0 1.0
0 -0.16425 -1.02750 2.90500 0.07391 0.70323 0.70711 -0.03285 -0.20550 1 0 1.0
cl_white
0 0.01844 -1.10704 2.90500 0.77715 0.62932 0.00000 -0.22141 0.58100 1 0 1.0
0 0.01844 -1.10704 2.87500 0.77715 0.62932 0.00000 -0.22141 0.57500 1 0 1.0
0 -0.03496 -1.04109 2.87500 0.77715 0.62932 0.00000 -0.20822 0.57500 1 0 1.0
cl_white
0 0.01844 -1.10704 2.90500 0.77715 0.62932 0.00000 -0.22141 0.58100 1 0 1.0
0 -0.03496 -1.04109 2.87500 0.77715 0.62932 0.00000 -0.20822 0.57500 1 0 1.0
0 -0.03496 -1.04109 2.90500 0.77715 0.62932 0.00000 -0.20822 0.58100 1 0 1.0
cl_white
0 -0.22729 -2.87101 2.81500 0.70323 -0.07391 -0.70711 -0.04546 -0.57420 1 0 1.0
0 -0.04123 -1.10076 2.81500 0.70323 -0.07391 -0.70711 -0.00825 -0.22015 1 0 1.0
0 0.01844 -1.10704 2.87500 0.70323 -0.07391 -0.70711 0.00369 -0.22141 1 0 1.0
cl_white
0 -0.22729 -2.87101 2.81500 0.70323 -0.07391 -0.70711 -0.04546 -0.57420 1 0 1.0
0 0.01844 -1.10704 2.87500 0.70323 -0.07391 -0.70711 0.00369 -0.22141 1 0 1.0
0 -0.16762 -2.87728 2.87500 0.70323 -0.07391 -0.70711 -0.03352 -0.57546 1 0 1.0
cl_white
0 -0.04123 -1.10076 2.96500 0.70323 -0.07391 0.70711 -0.00825 -0.22015 1 0 1.0
0 -0.22729 -2.87101 2.96500 0.70323 -0.07391 0.70711 -0.04546 -0.57420 1 0 1.0
0 -0.16762 -2.87728 2.90500 0.70323 -0.07391 0.70711 -0.03352 -0.57546 1 0 1.0
cl_white
0 -0.04123 -1.10076 2.96500 0.70323 -0.07391 0.70711 -0.00825 -0.22015 1 0 1.0
0 -0.16762 -2.87728 2.90500 0.70323 -0.07391 0.70711 -0.03352 -0.57546 1 0 1.0
0 0.01844 -1.10704 2.90500 0.70323 -0.07391 0.70711 0.00369 -0.22141 1 0 1.0
cl_white
0 -0.23356 -2.93068 2.90500 0.62932 -0.77715 0.00000 -0.04671 0.58100 1 0 1.0
0 -0.23356 -2.93068 2.87500 0.62932 -0.77715 0.00000 -0.04671 0.57500 1 0 1.0
0 -0.16762 -2.87728 2.87500 0.62932 -0.77715 0.00000 -0.03352 0.57500 1 0 1.0
cl_white
0 -0.23356 -2.93068 2.90500 0.62932 -0.77715 0.00000 -0.04671 0.58100 1 0 1.0
0 -0.16762 -2.87728 2.87500 0.62932 -0.77715 0.00000 -0.03352 0.57500 1 0 1.0
0 -0.16762 -2.87728 2.90500 0.62932 -0.77715 0.00000 -0.03352 0.58100 1 0 1.0
cl_white
0 -0.35658 -2.85742 2.81500 -0.07391 -0.70323 -0.70711 -0.07132 -0.57148 1 0 1.0
0 -0.22729 -2.87101 2.81500 -0.07391 -0.70323 -0.70711 -0.04546 -0.57420 1 0 1.0
0 -0.23356 -2.93068 2.87500 -0.07391 -0.70323 -0.70711 -0.04671 -0.58614 1 0 1.0
cl_white
0 -0.35658 -2.85742 2.81500 -0.07391 -0.70323 -0.70711 -0.07132 -0.57148 1 0 1.0
0 -0.23356 -2.93068 2.87500 -0.07391 -0.70323 -0.70711 -0.04671 -0.58614 1 0 1.0
0 -0.36285 -2.91710 2.87500 -0.07391 -0.70323 -0.70711 -0.07257 -0.58342 1 0 1.0
cl_white
0 -0.22729 -2.87101 2.96500 -0.07391 -0.70323 0.70711 -0.04546 -0.57420 1 0 1.0
0 -0.35658 -2.85742 2.96500 -0.07391 -0.70323 0.70711 -0.07132 -0.57148 1 0 1.0
0 -0.36285 -2.91710 2.90500 -0.07391 -0.70323 0.70711 -0.07257 -0.58342 1 0 1.0
cl_white
0 -0.22729 -2.87101 2.96500 -0.07391 -0.70323 0.70711 -0.04546 -0.57420 1 0 1.0
0 -0.36285 -2.91710 2.90500 -0.07391 -0.70323 0.70711 -0.07257 -0.58342 1 0 1.0
0 -0.23356 -2.93068 2.90500 -0.07391 -0.70323 0.70711 -0.04671 -0.58614 1 0 1.0
cl_white
0 -0.17052 -1.08718 2.81500 0.00000 0.00000 -1.00000 -0.03410 -0.21744 1 0 1.0
0 -0.04123 -1.10076 2.81500 0.00000 0.00000 -1.00000 -0.00825 -0.22015 1 0 1.0
0 -0.22729 -2.87101 2.81500 0.00000 0.00000 -1.00000 -0.04546 -0.57420 1 0 1.0
cl_white
0 -0.17052 -1.08718 2.81500 0.00000 0.00000 -1.00000 -0.03410 -0.21744 1 0 1.0
0 -0.22729 -2.87101 2.81500 0.00000 0.00000 -1.00000 -0.04546 -0.57420 1 0 1.0
0 -0.35658 -2.85742 2.81500 0.00000 0.00000 -1.00000 -0.07132 -0.57148 1 0 1.0
cl_white
0 -0.41625 -2.85115 2.87500 -0.99452 0.10453 0.00000 -0.57023 0.57500 1 0 1.0
0 -0.41625 -2.85115 2.90500 -0.99452 0.10453 0.00000 -0.57023 0.58100 1 0 1.0
0 -0.23019 -1.08090 2.90500 -0.99452 0.10453 0.00000 -0.21618 0.58100 1 0 1.0
cl_white
0 -0.41625 -2.85115 2.87500 -0.99452 0.10453 0.00000 -0.57023 0.57500 1 0 1.0
0 -0.23019 -1.08090 2.90500 -0.99452 0.10453 0.00000 -0.21618 0.58100 1 0 1.0
0 -0.23019 -1.08090 2.87500 -0.99452 0.10453 0.00000 -0.21618 0.57500 1 0 1.0
cl_white
0 -0.23356 -2.93068 2.87500 -0.10453 -0.99452 0.00000 -0.04671 0.57500 1 0 1.0
0 -0.23356 -2.93068 2.90500 -0.10453 -0.99452 0.00000 -0.04671 0.58100 1 0 1.0
0 -0.36285 -2.91710 2.90500 -0.10453 -0.99452 0.00000 -0.07257 0.58100 1 0 1.0
cl_white
0 -0.23356 -2.93068 2.87500 -0.10453 -0.99452 0.00000 -0.04671 0.57500 1 0 1.0
0 -0.36285 -2.91710 2.90500 -0.10453 -0.99452 0.00000 -0.07257 0.58100 1 0 1.0
0 -0.36285 -2.91710 2.87500 -0.10453 -0.99452 0.00000 -0.07257 0.57500 1 0 1.0
cl_white
0 -0.04123 -1.10076 2.96500 0.00000 0.00000 1.00000 -0.00825 -0.22015 1 0 1.0
0 -0.17052 -1.08718 2.96500 0.00000 0.00000 1.00000 -0.03410 -0.21744 1 0 1.0
0 -0.35658 -2.85742 2.96500 0.00000 0.00000 1.00000 -0.07132 -0.57148 1 0 1.0
cl_white
0 -0.04123 -1.10076 2.96500 0.00000 0.00000 1.00000 -0.00825 -0.22015 1 0 1.0
0 -0.35658 -2.85742 2.96500 0.00000 0.00000 1.00000 -0.07132 -0.57148 1 0 1.0
0 -0.22729 -2.87101 2.96500 0.00000 0.00000 1.00000 -0.04546 -0.57420 1 0 1.0
cl_white
0 -0.16425 -1.02750 2.87500 0.10453 0.99452 0.00000 -0.03285 0.57500 1 0 1.0
0 -0.16425 -1.02750 2.90500 0.10453 0.99452 0.00000 -0.03285 0.58100 1 0 1.0
0 -0.03496 -1.04109 2.90500 0.10453 0.99452 0.00000 -0.00699 0.58100 1 0 1.0
cl_white
0 -0.16425 -1.02750 2.87500 0.10453 0.99452 0.00000 -0.03285 0.57500 1 0 1.0
0 -0.03496 -1.04109 2.90500 0.10453 0.99452 0.00000 -0.00699 0.58100 1 0 1.0
0 -0.03496 -1.04109 2.87500 0.10453 0.99452 0.00000 -0.00699 0.57500 1 0 1.0
cl_white
0 0.01844 -1.10704 2.87500 0.99452 -0.10453 0.00000 -0.22141 0.57500 1 0 1.0
0 0.01844 -1.10704 2.90500 0.99452 -0.10453 0.00000 -0.22141 0.58100 1 0 1.0
0 -0.16762 -2.87728 2.90500 0.99452 -0.10453 0.00000 -0.57546 0.58100 1 0 1.0
cl_white
0 0.01844 -1.10704 2.87500 0.99452 -0.10453 0.00000 -0.22141 0.57500 1 0 1.0
0 -0.16762 -2.87728 2.90500 0.99452 -0.10453 0.00000 -0.57546 0.58100 1 0 1.0
0 -0.16762 -2.87728 2.87500 0.99452 -0.10453 0.00000 -0.57546 0.57500 1 0 1.0
cl_white
0 -1.15220 -2.77380 2.78500 -0.63454 -0.51384 -0.57735 -0.55476 0.55700 1 0 1.0
0 -1.15847 -2.83347 2.84500 -0.63454 -0.51384 -0.57735 -0.56669 0.56900 1 0 1.0
0 -1.21187 -2.76753 2.84500 -0.63454 -0.51384 -0.57735 -0.55351 0.56900 1 0 1.0
cl_white
0 -1.15847 -2.83347 2.87500 -0.63454 -0.51384 0.57735 -0.56669 0.57500 1 0 1.0
0 -1.15220 -2.77380 2.93500 -0.63454 -0.51384 0.57735 -0.55476 0.58700 1 0 1.0
0 -1.21187 -2.76753 2.87500 -0.63454 -0.51384 0.57735 -0.55351 0.57500 1 0 1.0
cl_white
0 -0.96614 -1.00355 2.78500 -0.51384 0.63454 -0.57735 -0.19323 0.55700 1 0 1.0
0 -1.02581 -0.99728 2.84500 -0.51384 0.63454 -0.57735 -0.20516 0.56900 1 0 1.0
0 -0.95986 -0.94388 2.84500 -0.51384 0.63454 -0.57735 -0.19197 0.56900 1 0 1.0
cl_white
0 -0.96614 -1.00355 2.93500 -0.51384 0.63454 0.57735 -0.19323 0.58700 1 0 1.0
0 -0.95986 -0.94388 2.87500 -0.51384 0.63454 0.57735 -0.19197 0.57500 1 0 1.0
0 -1.02581 -0.99728 2.87500 -0.51384 0.63454 0.57735 -0.20516 0.57500 1 0 1.0
cl_white
0 -1.02291 -2.78739 2.78500 0.51384 -0.63454 -0.57735 -0.20458 0.55700 1 0 1.0
0 -0.96324 -2.79366 2.84500 0.51384 -0.63454 -0.57735 -0.19265 0.56900 1 0 1.0
0 -1.02918 -2.84706 2.84500 0.51384 -0.63454 -0.57735 -0.20584 0.56900 1 0 1.0
cl_white
0 -1.02291 -2.78739 2.93500 0.51384 -0.63454 0.57735 -0.20458 0.58700 1 0 1.0
0 -1.02918 -2.84706 2.87500 0.51384 -0.63454 0.57735 -0.20584 0.57500 1 0 1.0
0 -0.96324 -2.79366 2.87500 0.51384 -0.63454 0.57735 -0.19265 0.57500 1 0 1.0
cl_white
0 -0.83685 -1.01714 2.78500 0.63454 0.51384 -0.57735 -0.20343 0.55700 1 0 1.0
0 -0.83058 -0.95747 2.84500 0.63454 0.51384 -0.57735 -0.19149 0.56900 1 0 1.0
0 -0.77718 -1.02341 2.84500 0.63454 0.51384 -0.57735 -0.20468 0.56900 1 0 1.0
cl_white
0 -0.83685 -1.01714 2.93500 0.63454 0.51384 0.57735 -0.20343 0.58700 1 0 1.0
0 -0.77718 -1.02341 2.87500 0.63454 0.51384 0.57735 -0.20468 0.57500 1 0 1.0
0 -0.83058 -0.95747 2.87500 0.63454 0.51384 0.57735 -0.19149 0.57500 1 0 1.0
cl_white
0 -0.96614 -1.00355 2.78500 -0.70323 0.07391 -0.70711 -0.19323 -0.20071 1 0 1.0
0 -1.15220 -2.77380 2.78500 -0.70323 0.07391 -0.70711 -0.23044 -0.55476 1 0 1.0
0 -1.21187 -2.76753 2.84500 -0.70323 0.07391 -0.70711 -0.24237 -0.55351 1 0 1.0
cl_white
0 -0.96614 -1.00355 2.78500 -0.70323 0.07391 -0.70711 -0.19323 -0.20071 1 0 1.0
0 -1.21187 -2.76753 2.84500 -0.70323 0.07391 -0.70711 -0.24237 -0.55351 1 0 1.0
0 -1.02581 -0.99728 2.84500 -0.70323 0.07391 -0.70711 -0.20516 -0.19946 1 0 1.0
cl_white
0 -1.15847 -2.83347 2.84500 -0.77715 -0.62932 0.00000 -0.56669 0.56900 1 0 1.0
0 -1.15847 -2.83347 2.87500 -0.77715 -0.62932 0.00000 -0.56669 0.57500 1 0 1.0
0 -1.21187 -2.76753 2.87500 -0.77715 -0.62932 0.00000 -0.55351 0.57500 1 0 1.0
cl_white
0 -1.15847 -2.83347 2.84500 -0.77715 -0.62932 0.00000 -0.56669 0.56900 1 0 1.0
0 -1.21187 -2.76753 2.87500 -0.77715 -0.62932 0.00000 -0.55351 0.57500 1 0 1.0
0 -1.21187 -2.76753 2.84500 -0.77715 -0.62932 0.00000 -0.55351 0.56900 1 0 1.0
cl_white
0 -1.15220 -2.77380 2.93500 -0.70323 0.07391 0.70711 -0.23044 -0.55476 1 0 1.0
0 -0.96614 -1.00355 2.93500 -0.70323 0.07391 0.70711 -0.19323 -0.20071 1 0 1.0
0 -1.02581 -0.99728 2.87500 -0.70323 0.07391 0.70711 -0.20516 -0.19946 1 0 1.0
cl_white
0 -1.15220 -2.77380 2.93500 -0.70323 0.07391 0.70711 -0.23044 -0.55476 1 0 1.0
0 -1.02581 -0.99728 2.87500 -0.70323 0.07391 0.70711 -0.20516 -0.19946 1 0 1.0
0 -1.21187 -2.76753 2.87500 -0.70323 0.07391 0.70711 -0.24237 -0.55351 1 0 1.0
cl_white
0 -0.95986 -0.94388 2.87500 -0.62932 0.77715 0.00000 -0.19197 0.57500 1 0 1.0
0 -0.95986 -0.94388 2.84500 -0.62932 0.77715 0.00000 -0.19197 0.56900 1 0 1.0
0 -1.02581 -0.99728 2.84500 -0.62932 0.77715 0.00000 -0.20516 0.56900 1 0 1.0
cl_white
0 -0.95986 -0.94388 2.87500 -0.62932 0.77715 0.00000 -0.19197 0.57500 1 0 1.0
0 -1.02581 -0.99728 2.84500 -0.62932 0.77715 0.00000 -0.20516 0.56900 1 0 1.0
0 -1.02581 -0.99728 2.87500 -0.62932 0.77715 0.00000 -0.20516 0.57500 1 0 1.0
cl_white
0 -0.83685 -1.01714 2.78500 0.07391 0.70323 -0.70711 -0.16737 -0.20343 1 0 1.0
0 -0.96614 -1.00355 2.78500 0.07391 0.70323 -0.70711 -0.19323 -0.20071 1 0 1.0
0 -0.95986 -0.94388 2.84500 0.07391 0.70323 -0.70711 -0.19197 -0.18878 1 0 1.0
cl_white
0 -0.83685 -1.01714 2.78500 0.07391 0.70323 -0.70711 -0.16737 -0.20343 1 0 1.0
0 -0.95986 -0.94388 2.84500 0.07391 0.70323 -0.70711 -0.19197 -0.18878 1 0 1.0
0 -0.83058 -0.95747 2.84500 0.07391 0.70323 -0.70711 -0.16612 -0.19149 1 0 1.0
cl_white
0 -0.96614 -1.00355 2.93500 0.07391 0.70323 0.70711 -0.19323 -0.20071 1 0 1.0
0 -0.83685 -1.01714 2.93500 0.07391 0.70323 0.70711 -0.16737 -0.20343 1 0 1.0
0 -0.83058 -0.95747 2.87500 0.07391 0.70323 0.70711 -0.16612 -0.19149 1 0 1.0
cl_white
0 -0.96614 -1.00355 2.93500 0.07391 0.70323 0.70711 -0.19323 -0.20071 1 0 1.0
0 -0.83058 -0.95747 2.87500 0.07391 0.70323 0.70711 -0.16612 -0.19149 1 0 1.0
0 -0.95986 -0.94388 2.87500 0.07391 0.70323 0.70711 -0.19197 -0.18878 1 0 1.0
cl_white
0 -0.77718 -1.02341 2.87500 0.77715 0.62932 0.00000 -0.20468 0.57500 1 0 1.0
0 -0.77718 -1.02341 2.84500 0.77715 0.62932 0.00000 -0.20468 0.56900 1 0 1.0
0 -0.83058 -0.95747 2.84500 0.77715 0.62932 0.00000 -0.19149 0.56900 1 0 1.0
cl_white
0 -0.77718 -1.02341 2.87500 0.77715 0.62932 0.00000 -0.20468 0.57500 1 0 1.0
0 -0.83058 -0.95747 2.84500 0.77715 0.62932 0.00000 -0.19149 0.56900 1 0 1.0
0 -0.83058 -0.95747 2.87500 0.77715 0.62932 0.00000 -0.19149 0.57500 1 0 1.0
cl_white
0 -1.02291 -2.78739 2.78500 0.70323 -0.07391 -0.70711 -0.20458 -0.55748 1 0 1.0
0 -0.83685 -1.01714 2.78500 0.70323 -0.07391 -0.70711 -0.16737 -0.20343 1 0 1.0
0 -0.77718 -1.02341 2.84500 0.70323 -0.07391 -0.70711 -0.15544 -0.20468 1 0 1.0
cl_white
0 -1.02291 -2.78739 2.78500 0.70323 -0.07391 -0.70711 -0.20458 -0.55748 1 0 1.0
0 -0.77718 -1.02341 2.84500 0.70323 -0.07391 -0.70711 -0.15544 -0.20468 1 0 1.0
0 -0.96324 -2.79366 2.84500 0.70323 -0.07391 -0.70711 -0.19265 -0.55873 1 0 1.0
cl_white
0 -0.83685 -1.01714 2.93500 0.70323 -0.07391 0.70711 -0.16737 -0.20343 1 0 1.0
0 -1.02291 -2.78739 2.93500 0.70323 -0.07391 0.70711 -0.20458 -0.55748 1 0 1.0
0 -0.96324 -2.79366 2.87500 0.70323 -0.07391 0.70711 -0.19265 -0.55873 1 0 1.0
cl_white
0 -0.83685 -1.01714 2.93500 0.70323 -0.07391 0.70711 -0.16737 -0.20343 1 0 1.0
0 -0.96324 -2.79366 2.87500 0.70323 -0.07391 0.70711 -0.19265 -0.55873 1 0 1.0
0 -0.77718 -1.02341 2.87500 0.70323 -0.07391 0.70711 -0.15544 -0.20468 1 0 1.0
cl_white
0 -1.02918 -2.84706 2.87500 0.62932 -0.77715 0.00000 -0.20584 0.57500 1 0 1.0
0 -1.02918 -2.84706 2.84500 0.62932 -0.77715 0.00000 -0.20584 0.56900 1 0 1.0
0 -0.96324 -2.79366 2.84500 0.62932 -0.77715 0.00000 -0.19265 0.56900 1 0 1.0
cl_white
0 -1.02918 -2.84706 2.87500 0.62932 -0.77715 0.00000 -0.20584 0.57500 1 0 1.0
0 -0.96324 -2.79366 2.84500 0.62932 -0.77715 0.00000 -0.19265 0.56900 1 0 1.0
0 -0.96324 -2.79366 2.87500 0.62932 -0.77715 0.00000 -0.19265 0.57500 1 0 1.0
cl_white
0 -1.15220 -2.77380 2.78500 -0.07391 -0.70323 -0.70711 -0.23044 -0.55476 1 0 1.0
0 -1.02291 -2.78739 2.78500 -0.07391 -0.70323 -0.70711 -0.20458 -0.55748 1 0 1.0
0 -1.02918 -2.84706 2.84500 -0.07391 -0.70323 -0.70711 -0.20584 -0.56941 1 0 1.0
cl_white
0 -1.15220 -2.77380 2.78500 -0.07391 -0.70323 -0.70711 -0.23044 -0.55476 1 0 1.0
0 -1.02918 -2.84706 2.84500 -0.07391 -0.70323 -0.70711 -0.20584 -0.56941 1 0 1.0
0 -1.15847 -2.83347 2.84500 -0.07391 -0.70323 -0.70711 -0.23169 -0.56669 1 0 1.0
cl_white
0 -1.02291 -2.78739 2.93500 -0.07391 -0.70323 0.70711 -0.20458 -0.55748 1 0 1.0
0 -1.15220 -2.77380 2.93500 -0.07391 -0.70323 0.70711 -0.23044 -0.55476 1 0 1.0
0 -1.15847 -2.83347 2.87500 -0.07391 -0.70323 0.70711 -0.23169 -0.56669 1 0 1.0
cl_white
0 -1.02291 -2.78739 2.93500 -0.07391 -0.70323 0.70711 -0.20458 -0.55748 1 0 1.0
0 -1.15847 -2.83347 2.87500 -0.07391 -0.70323 0.70711 -0.23169 -0.56669 1 0 1.0
0 -1.02918 -2.84706 2.87500 -0.07391 -0.70323 0.70711 -0.20584 -0.56941 1 0 1.0
cl_white
0 -0.96614 -1.00355 2.78500 0.00000 0.00000 -1.00000 -0.19323 -0.20071 1 0 1.0
0 -0.83685 -1.01714 2.78500 0.00000 0.00000 -1.00000 -0.16737 -0.20343 1 0 1.0
0 -1.02291 -2.78739 2.78500 0.00000 0.00000 -1.00000 -0.20458 -0.55748 1 0 1.0
cl_white
0 -0.96614 -1.00355 2.78500 0.00000 0.00000 -1.00000 -0.19323 -0.20071 1 0 1.0
0 -1.02291 -2.78739 2.78500 0.00000 0.00000 -1.00000 -0.20458 -0.55748 1 0 1.0
0 -1.15220 -2.77380 2.78500 0.00000 0.00000 -1.00000 -0.23044 -0.55476 1 0 1.0
cl_white
0 -1.21187 -2.76753 2.84500 -0.99452 0.10453 0.00000 -0.55351 0.56900 1 0 1.0
0 -1.21187 -2.76753 2.87500 -0.99452 0.10453 0.00000 -0.55351 0.57500 1 0 1.0
0 -1.02581 -0.99728 2.87500 -0.99452 0.10453 0.00000 -0.19946 0.57500 1 0 1.0
cl_white
0 -1.21187 -2.76753 2.84500 -0.99452 0.10453 0.00000 -0.55351 0.56900 1 0 1.0
0 -1.02581 -0.99728 2.87500 -0.99452 0.10453 0.00000 -0.19946 0.57500 1 0 1.0
0 -1.02581 -0.99728 2.84500 -0.99452 0.10453 0.00000 -0.19946 0.56900 1 0 1.0
cl_white
0 -1.02918 -2.84706 2.84500 -0.10453 -0.99452 0.00000 -0.20584 0.56900 1 0 1.0
0 -1.02918 -2.84706 2.87500 -0.10453 -0.99452 0.00000 -0.20584 0.57500 1 0 1.0
0 -1.15847 -2.83347 2.87500 -0.10453 -0.99452 0.00000 -0.23169 0.57500 1 0 1.0
cl_white
0 -1.02918 -2.84706 2.84500 -0.10453 -0.99452 0.00000 -0.20584 0.56900 1 0 1.0
0 -1.15847 -2.83347 2.87500 -0.10453 -0.99452 0.00000 -0.23169 0.57500 1 0 1.0
0 -1.15847 -2.83347 2.84500 -0.10453 -0.99452 0.00000 -0.23169 0.56900 1 0 1.0
cl_white
0 -0.83685 -1.01714 2.93500 0.00000 0.00000 1.00000 -0.16737 -0.20343 1 0 1.0
0 -0.96614 -1.00355 2.93500 0.00000 0.00000 1.00000 -0.19323 -0.20071 1 0 1.0
0 -1.15220 -2.77380 2.93500 0.00000 0.00000 1.00000 -0.23044 -0.55476 1 0 1.0
cl_white
0 -0.83685 -1.01714 2.93500 0.00000 0.00000 1.00000 -0.16737 -0.20343 1 0 1.0
0 -1.15220 -2.77380 2.93500 0.00000 0.00000 1.00000 -0.23044 -0.55476 1 0 1.0
0 -1.02291 -2.78739 2.93500 0.00000 0.00000 1.00000 -0.20458 -0.55748 1 0 1.0
cl_white
0 -0.95986 -0.94388 2.84500 0.10453 0.99452 0.00000 -0.19197 0.56900 1 0 1.0
0 -0.95986 -0.94388 2.87500 0.10453 0.99452 0.00000 -0.19197 0.57500 1 0 1.0
0 -0.83058 -0.95747 2.87500 0.10453 0.99452 0.00000 -0.16612 0.57500 1 0 1.0
cl_white
0 -0.95986 -0.94388 2.84500 0.10453 0.99452 0.00000 -0.19197 0.56900 1 0 1.0
0 -0.83058 -0.95747 2.87500 0.10453 0.99452 0.00000 -0.16612 0.57500 1 0 1.0
0 -0.83058 -0.95747 2.84500 0.10453 0.99452 0.00000 -0.16612 0.56900 1 0 1.0
cl_white
0 -0.77718 -1.02341 2.84500 0.99452 -0.10453 0.00000 -0.20468 0.56900 1 0 1.0
0 -0.77718 -1.02341 2.87500 0.99452 -0.10453 0.00000 -0.20468 0.57500 1 0 1.0
0 -0.96324 -2.79366 2.87500 0.99452 -0.10453 0.00000 -0.55873 0.57500 1 0 1.0
cl_white
0 -0.77718 -1.02341 2.84500 0.99452 -0.10453 0.00000 -0.20468 0.56900 1 0 1.0
0 -0.96324 -2.79366 2.87500 0.99452 -0.10453 0.00000 -0.55873 0.57500 1 0 1.0
0 -0.96324 -2.79366 2.84500 0.99452 -0.10453 0.00000 -0.55873 0.56900 1 0 1.0
cl_white
0 1.42072 1.25442 2.87500 -0.51384 -0.63454 -0.57735 0.28414 0.57500 1 0 1.0
0 1.42699 1.19475 2.93500 -0.51384 -0.63454 -0.57735 0.28540 0.58700 1 0 1.0
0 1.36105 1.24815 2.93500 -0.51384 -0.63454 -0.57735 0.27221 0.58700 1 0 1.0
cl_white
0 1.42699 1.19475 2.96500 -0.51384 -0.63454 0.57735 0.28540 0.59300 1 0 1.0
0 1.42072 1.25442 3.02500 -0.51384 -0.63454 0.57735 0.28414 0.60500 1 0 1.0
0 1.36105 1.24815 2.96500 -0.51384 -0.63454 0.57735 0.27221 0.59300 1 0 1.0
cl_white
0 1.23466 3.02467 2.87500 -0.63454 0.51384 -0.57735 0.60493 0.57500 1 0 1.0
0 1.17499 3.01840 2.93500 -0.63454 0.51384 -0.57735 0.60368 0.58700 1 0 1.0
0 1.22838 3.08434 2.93500 -0.63454 0.51384 -0.57735 0.61687 0.58700 1 0 1.0
cl_white
0 1.23466 3.02467 3.02500 -0.63454 0.51384 0.57735 0.60493 0.60500 1 0 1.0
0 1.22838 3.08434 2.96500 -0.63454 0.51384 0.57735 0.61687 0.59300 1 0 1.0
0 1.17499 3.01840 2.96500 -0.63454 0.51384 0.57735 0.60368 0.59300 1 0 1.0
cl_white
0 1.55000 1.26801 2.87500 0.63454 -0.51384 -0.57735 0.25360 0.57500 1 0 1.0
0 1.60968 1.27428 2.93500 0.63454 -0.51384 -0.57735 0.25486 0.58700 1 0 1.0
0 1.55628 1.20834 2.93500 0.63454 -0.51384 -0.57735 0.24167 0.58700 1 0 1.0
cl_white
0 1.55000 1.26801 3.02500 0.63454 -0.51384 0.57735 0.25360 0.60500 1 0 1.0
0 1.55628 1.20834 2.96500 0.63454 -0.51384 0.57735 0.24167 0.59300 1 0 1.0
0 1.60968 1.27428 2.96500 0.63454 -0.51384 0.57735 0.25486 0.59300 1 0 1.0
cl_white
0 1.36394 3.03826 2.87500 0.51384 0.63454 -0.57735 0.27279 0.57500 1 0 1.0
0 1.35767 3.09793 2.93500 0.51384 0.63454 -0.57735 0.27153 0.58700 1 0 1.0
0 1.42362 3.04453 2.93500 0.51384 0.63454 -0.57735 0.28472 0.58700 1 0 1.0
cl_white
0 1.36394 3.03826 3.02500 0.51384 0.63454 0.57735 0.27279 0.60500 1 0 1.0
0 1.42362 3.04453 2.96500 0.51384 0.63454 0.57735 0.28472 0.59300 1 0 1.0
0 1.35767 3.09793 2.96500 0.51384 0.63454 0.57735 0.27153 0.59300 1 0 1.0
cl_white
0 1.23466 3.02467 2.87500 -0.70323 -0.07391 -0.70711 0.24693 0.60493 1 0 1.0
0 1.42072 1.25442 2.87500 -0.70323 -0.07391 -0.70711 0.28414 0.25088 1 0 1.0
0 1.36105 1.24815 2.93500 -0.70323 -0.07391 -0.70711 0.27221 0.24963 1 0 1.0
cl_white
0 1.23466 3.02467 2.87500 -0.70323 -0.07391 -0.70711 0.24693 0.60493 1 0 1.0
0 1.36105 1.24815 2.93500 -0.70323 -0.07391 -0.70711 0.27221 0.24963 1 0 1.0
0 1.17499 3.01840 2.93500 -0.70323 -0.07391 -0.70711 0.23500 0.60368 1 0 1.0
cl_white
0 1.42699 1.19475 2.93500 -0.62932 -0.77715 0.00000 0.28540 0.58700 1 0 1.0
0 1.42699 1.19475 2.96500 -0.62932 -0.77715 0.00000 0.28540 0.59300 1 0 1.0
0 1.36105 1.24815 2.96500 -0.62932 -0.77715 0.00000 0.27221 0.59300 1 0 1.0
cl_white
0 1.42699 1.19475 2.93500 -0.62932 -0.77715 0.00000 0.28540 0.58700 1 0 1.0
0 1.36105 1.24815 2.96500 -0.62932 -0.77715 0.00000 0.27221 0.59300 1 0 1.0
0 1.36105 1.24815 2.93500 -0.62932 -0.77715 0.00000 0.27221 0.58700 1 0 1.0
cl_white
0 1.42072 1.25442 3.02500 -0.70323 -0.07391 0.70711 0.28414 0.25088 1 0 1.0
0 1.23466 3.02467 3.02500 -0.70323 -0.07391 0.70711 0.24693 0.60493 1 0 1.0
0 1.17499 3.01840 2.96500 -0.70323 -0.07391 0.70711 0.23500 0.60368 1 0 1.0
cl_white
0 1.42072 1.25442 3.02500 -0.70323 -0.07391 0.70711 0.28414 0.25088 1 0 1.0
0 1.17499 3.01840 2.96500 -0.70323 -0.07391 0.70711 0.23500 0.60368 1 0 1.0
0 1.36105 1.24815 2.96500 -0.70323 -0.07391 0.70711 0.27221 0.24963 1 0 1.0
cl_white
0 1.22838 3.08434 2.96500 -0.77715 0.62932 0.00000 0.61687 0.59300 1 0 1.0
0 1.22838 3.08434 2.93500 -0.77715 0.62932 0.00000 0.61687 0.58700 1 0 1.0
0 1.17499 3.01840 2.93500 -0.77715 0.62932 0.00000 0.60368 0.58700 1 0 1.0
cl_white
0 1.22838 3.08434 2.96500 -0.77715 0.62932 0.00000 0.61687 0.59300 1 0 1.0
0 1.17499 3.01840 2.93500 -0.77715 0.62932 0.00000 0.60368 0.58700 1 0 1.0
0 1.17499 3.01840 2.96500 -0.77715 0.62932 0.00000 0.60368 0.59300 1 0 1.0
cl_white
0 1.36394 3.03826 2.87500 -0.07391 0.70323 -0.70711 0.27279 0.60765 1 0 1.0
0 1.23466 3.02467 2.87500 -0.07391 0.70323 -0.70711 0.24693 0.60493 1 0 1.0
0 1.22838 3.08434 2.93500 -0.07391 0.70323 -0.70711 0.24568 0.61687 1 0 1.0
cl_white
0 1.36394 3.03826 2.87500 -0.07391 0.70323 -0.70711 0.27279 0.60765 1 0 1.0
0 1.22838 3.08434 2.93500 -0.07391 0.70323 -0.70711 0.24568 0.61687 1 0 1.0
0 1.35767 3.09793 2.93500 -0.07391 0.70323 -0.70711 0.27153 0.61959 1 0 1.0
cl_white
0 1.23466 3.02467 3.02500 -0.07391 0.70323 0.70711 0.24693 0.60493 1 0 1.0
0 1.36394 3.03826 3.02500 -0.07391 0.70323 0.70711 0.27279 0.60765 1 0 1.0
0 1.35767 3.09793 2.96500 -0.07391 0.70323 0.70711 0.27153 0.61959 1 0 1.0
cl_white
0 1.23466 3.02467 3.02500 -0.07391 0.70323 0.70711 0.24693 0.60493 1 0 1.0
0 1.35767 3.09793 2.96500 -0.07391 0.70323 0.70711 0.27153 0.61959 1 0 1.0
0 1.22838 3.08434 2.96500 -0.07391 0.70323 0.70711 0.24568 0.61687 1 0 1.0
cl_white
0 1.42362 3.04453 2.96500 0.62932 0.77715 0.00000 0.28472 0.59300 1 0 1.0
0 1.42362 3.04453 2.93500 0.62932 0.77715 0.00000 0.28472 0.58700 1 0 1.0
0 1.35767 3.09793 2.93500 0.62932 0.77715 0.00000 0.27153 0.58700 1 0 1.0
cl_white
0 1.42362 3.04453 2.96500 0.62932 0.77715 0.00000 0.28472 0.59300 1 0 1.0
0 1.35767 3.09793 2.93500 0.62932 0.77715 0.00000 0.27153 0.58700 1 0 1.0
0 1.35767 3.09793 2.96500 0.62932 0.77715 0.00000 0.27153 0.59300 1 0 1.0
cl_white
0 1.55000 1.26801 2.87500 0.70323 0.07391 -0.70711 0.31000 0.25360 1 0 1.0
0 1.36394 3.03826 2.87500 0.70323 0.07391 -0.70711 0.27279 0.60765 1 0 1.0
0 1.42362 3.04453 2.93500 0.70323 0.07391 -0.70711 0.28472 0.60891 1 0 1.0
cl_white
0 1.55000 1.26801 2.87500 0.70323 0.07391 -0.70711 0.31000 0.25360 1 0 1.0
0 1.42362 3.04453 2.93500 0.70323 0.07391 -0.70711 0.28472 0.60891 1 0 1.0
0 1.60968 1.27428 2.93500 0.70323 0.07391 -0.70711 0.32194 0.25486 1 0 1.0
cl_white
0 1.36394 3.03826 3.02500 0.70323 0.07391 0.70711 0.27279 0.60765 1 0 1.0
0 1.55000 1.26801 3.02500 0.70323 0.07391 0.70711 0.31000 0.25360 1 0 1.0
0 1.60968 1.27428 2.96500 0.70323 0.07391 0.70711 0.32194 0.25486 1 0 1.0
cl_white
0 1.36394 3.03826 3.02500 0.70323 0.07391 0.70711 0.27279 0.60765 1 0 1.0
0 1.60968 1.27428 2.96500 0.70323 0.07391 0.70711 0.32194 0.25486 1 0 1.0
0 1.42362 3.04453 2.96500 0.70323 0.07391 0.70711 0.28472 0.60891 1 0 1.0
cl_white
0 1.55628 1.20834 2.96500 0.77715 -0.62932 0.00000 0.24167 0.59300 1 0 1.0
0 1.55628 1.20834 2.93500 0.77715 -0.62932 0.00000 0.24167 0.58700 1 0 1.0
0 1.60968 1.27428 2.93500 0.77715 -0.62932 0.00000 0.25486 0.58700 1 0 1.0
cl_white
0 1.55628 1.20834 2.96500 0.77715 -0.62932 0.00000 0.24167 0.59300 1 0 1.0
0 1.60968 1.27428 2.93500 0.77715 -0.62932 0.00000 0.25486 0.58700 1 0 1.0
0 1.60968 1.27428 2.96500 0.77715 -0.62932 0.00000 0.25486 0.59300 1 0 1.0
cl_white
0 1.42072 1.25442 2.87500 0.07391 -0.70323 -0.70711 0.28414 0.25088 1 0 1.0
0 1.55000 1.26801 2.87500 0.07391 -0.70323 -0.70711 0.31000 0.25360 1 0 1.0
0 1.55628 1.20834 2.93500 0.07391 -0.70323 -0.70711 0.31126 0.24167 1 0 1.0
cl_white
0 1.42072 1.25442 2.87500 0.07391 -0.70323 -0.70711 0.28414 0.25088 1 0 1.0
0 1.55628 1.20834 2.93500 0.07391 -0.70323 -0.70711 0.31126 0.24167 1 0 1.0
0 1.42699 1.19475 2.93500 0.07391 -0.70323 -0.70711 0.28540 0.23895 1 0 1.0
cl_white
0 1.55000 1.26801 3.02500 0.07391 -0.70323 0.70711 0.31000 0.25360 1 0 1.0
0 1.42072 1.25442 3.02500 0.07391 -0.70323 0.70711 0.28414 0.25088 1 0 1.0
0 1.42699 1.19475 2.96500 0.07391 -0.70323 0.70711 0.28540 0.23895 1 0 1.0
cl_white
0 1.55000 1.26801 3.02500 0.07391 -0.70323 0.70711 0.31000 0.25360 1 0 1.0
0 1.42699 1.19475 2.96500 0.07391 -0.70323 0.70711 0.28540 0.23895 1 0 1.0
0 1.55628 1.20834 2.96500 0.07391 -0.70323 0.70711 0.31126 0.24167 1 0 1.0
cl_white
0 1.23466 3.02467 2.87500 0.00000 0.00000 -1.00000 0.24693 0.60493 1 0 1.0
0 1.36394 3.03826 2.87500 0.00000 0.00000 -1.00000 0.27279 0.60765 1 0 1.0
0 1.55000 1.26801 2.87500 0.00000 0.00000 -1.00000 0.31000 0.25360 1 0 1.0
cl_white
0 1.23466 3.02467 2.87500 0.00000 0.00000 -1.00000 0.24693 0.60493 1 0 1.0
0 1.55000 1.26801 2.87500 0.00000 0.00000 -1.00000 0.31000 0.25360 1 0 1.0
0 1.42072 1.25442 2.87500 0.00000 0.00000 -1.00000 0.28414 0.25088 1 0 1.0
cl_white
0 1.36105 1.24815 2.93500 -0.99452 -0.10453 0.00000 0.24963 0.58700 1 0 1.0
0 1.36105 1.24815 2.96500 -0.99452 -0.10453 0.00000 0.24963 0.59300 1 0 1.0
0 1.17499 3.01840 2.96500 -0.99452 -0.10453 0.00000 0.60368 0.59300 1 0 1.0
cl_white
0 1.36105 1.24815 2.93500 -0.99452 -0.10453 0.00000 0.24963 0.58700 1 0 1.0
0 1.17499 3.01840 2.96500 -0.99452 -0.10453 0.00000 0.60368 0.59300 1 0 1.0
0 1.17499 3.01840 2.93500 -0.99452 -0.10453 0.00000 0.60368 0.58700 1 0 1.0
cl_white
0 1.55628 1.20834 2.93500 0.10453 -0.99452 0.00000 0.31126 0.58700 1 0 1.0
0 1.55628 1.20834 2.96500 0.10453 -0.99452 0.00000 0.31126 0.59300 1 0 1.0
0 1.42699 1.19475 2.96500 0.10453 -0.99452 0.00000 0.28540 0.59300 1 0 1.0
cl_white
0 1.55628 1.20834 2.93500 0.10453 -0.99452 0.00000 0.31126 0.58700 1 0 1.0
0 1.42699 1.19475 2.96500 0.10453 -0.99452 0.00000 0.28540 0.59300 1 0 1.0
0 1.42699 1.19475 2.93500 0.10453 -0.99452 0.00000 0.28540 0.58700 1 0 1.0
cl_white
0 1.36394 3.03826 3.02500 0.00000 0.00000 1.00000 0.27279 0.60765 1 0 1.0
0 1.23466 3.02467 3.02500 0.00000 0.00000 1.00000 0.24693 0.60493 1 0 1.0
0 1.42072 1.25442 3.02500 0.00000 0.00000 1.00000 0.28414 0.25088 1 0 1.0
cl_white
0 1.36394 3.03826 3.02500 0.00000 0.00000 1.00000 0.27279 0.60765 1 0 1.0
0 1.42072 1.25442 3.02500 0.00000 0.00000 1.00000 0.28414 0.25088 1 0 1.0
0 1.55000 1.26801 3.02500 0.00000 0.00000 1.00000 0.31000 0.25360 1 0 1.0
cl_white
0 1.22838 3.08434 2.93500 -0.10453 0.99452 0.00000 0.24568 0.58700 1 0 1.0
0 1.22838 3.08434 2.96500 -0.10453 0.99452 0.00000 0.24568 0.59300 1 0 1.0
0 1.35767 3.09793 2.96500 -0.10453 0.99452 0.00000 0.27153 0.59300 1 0 1.0
cl_white
0 1.22838 3.08434 2.93500 -0.10453 0.99452 0.00000 0.24568 0.58700 1 0 1.0
0 1.35767 3.09793 2.96500 -0.10453 0.99452 0.00000 0.27153 0.59300 1 0 1.0
0 1.35767 3.09793 2.93500 -0.10453 0.99452 0.00000 0.27153 0.58700 1 0 1.0
cl_white
0 1.42362 3.04453 2.93500 0.99452 0.10453 0.00000 0.60891 0.58700 1 0 1.0
0 1.42362 3.04453 2.96500 0.99452 0.10453 0.00000 0.60891 0.59300 1 0 1.0
0 1.60968 1.27428 2.96500 0.99452 0.10453 0.00000 0.25486 0.59300 1 0 1.0
cl_white
0 1.42362 3.04453 2.93500 0.99452 0.10453 0.00000 0.60891 0.58700 1 0 1.0
0 1.60968 1.27428 2.96500 0.99452 0.10453 0.00000 0.25486 0.59300 1 0 1.0
0 1.60968 1.27428 2.93500 0.99452 0.10453 0.00000 0.25486 0.58700 1 0 1.0
cl_white
0 0.62510 1.17080 2.84500 -0.51384 -0.63454 -0.57735 0.12502 0.56900 1 0 1.0
0 0.63137 1.11113 2.90500 -0.51384 -0.63454 -0.57735 0.12627 0.58100 1 0 1.0
0 0.56543 1.16453 2.90500 -0.51384 -0.63454 -0.57735 0.11309 0.58100 1 0 1.0
cl_white
0 0.63137 1.11113 2.93500 -0.51384 -0.63454 0.57735 0.12627 0.58700 1 0 1.0
0 0.62510 1.17080 2.99500 -0.51384 -0.63454 0.57735 0.12502 0.59900 1 0 1.0
0 0.56543 1.16453 2.93500 -0.51384 -0.63454 0.57735 0.11309 0.58700 1 0 1.0
cl_white
0 0.43904 2.94105 2.84500 -0.63454 0.51384 -0.57735 0.58821 0.56900 1 0 1.0
0 0.37937 2.93478 2.90500 -0.63454 0.51384 -0.57735 0.58696 0.58100 1 0 1.0
0 0.43277 3.00072 2.90500 -0.63454 0.51384 -0.57735 0.60014 0.58100 1 0 1.0
cl_white
0 0.43904 2.94105 2.99500 -0.63454 0.51384 0.57735 0.58821 0.59900 1 0 1.0
0 0.43277 3.00072 2.93500 -0.63454 0.51384 0.57735 0.60014 0.58700 1 0 1.0
0 0.37937 2.93478 2.93500 -0.63454 0.51384 0.57735 0.58696 0.58700 1 0 1.0
cl_white
0 0.75439 1.18439 2.84500 0.63454 -0.51384 -0.57735 0.23688 0.56900 1 0 1.0
0 0.81406 1.19066 2.90500 0.63454 -0.51384 -0.57735 0.23813 0.58100 1 0 1.0
0 0.76066 1.12472 2.90500 0.63454 -0.51384 -0.57735 0.22494 0.58100 1 0 1.0
cl_white
0 0.75439 1.18439 2.99500 0.63454 -0.51384 0.57735 0.23688 0.59900 1 0 1.0
0 0.76066 1.12472 2.93500 0.63454 -0.51384 0.57735 0.22494 0.58700 1 0 1.0
0 0.81406 1.19066 2.93500 0.63454 -0.51384 0.57735 0.23813 0.58700 1 0 1.0
cl_white
0 0.56833 2.95464 2.84500 0.51384 0.63454 -0.57735 0.11367 0.56900 1 0 1.0
0 0.56206 3.01431 2.90500 0.51384 0.63454 -0.57735 0.11241 0.58100 1 0 1.0
0 0.62800 2.96091 2.90500 0.51384 0.63454 -0.57735 0.12560 0.58100 1 0 1.0
cl_white
0 0.56833 2.95464 2.99500 0.51384 0.63454 0.57735 0.11367 0.59900 1 0 1.0
0 0.62800 2.96091 2.93500 0.51384 0.63454 0.57735 0.12560 0.58700 1 0 1.0
0 0.56206 3.01431 2.93500 0.51384 0.63454 0.57735 0.11241 0.58700 1 0 1.0
cl_white
0 0.43904 2.94105 2.84500 -0.70323 -0.07391 -0.70711 0.08781 0.58821 1 0 1.0
0 0.62510 1.17080 2.84500 -0.70323 -0.07391 -0.70711 0.12502 0.23416 1 0 1.0
0 0.56543 1.16453 2.90500 -0.70323 -0.07391 -0.70711 0.11309 0.23291 1 0 1.0
cl_white
0 0.43904 2.94105 2.84500 -0.70323 -0.07391 -0.70711 0.08781 0.58821 1 0 1.0
0 0.56543 1.16453 2.90500 -0.70323 -0.07391 -0.70711 0.11309 0.23291 1 0 1.0
0 0.37937 2.93478 2.90500 -0.70323 -0.07391 -0.70711 0.07587 0.58696 1 0 1.0
cl_white
0 0.63137 1.11113 2.90500 -0.62932 -0.77715 0.00000 0.12627 0.58100 1 0 1.0
0 0.63137 1.11113 2.93500 -0.62932 -0.77715 0.00000 0.12627 0.58700 1 0 1.0
0 0.56543 1.16453 2.93500 -0.62932 -0.77715 0.00000 0.11309 0.58700 1 0 1.0
cl_white
0 0.63137 1.11113 2.90500 -0.62932 -0.77715 0.00000 0.12627 0.58100 1 0 1.0
0 0.56543 1.16453 2.93500 -0.62932 -0.77715 0.00000 0.11309 0.58700 1 0 1.0
0 0.56543 1.16453 2.90500 -0.62932 -0.77715 0.00000 0.11309 0.58100 1 0 1.0
cl_white
0 0.62510 1.17080 2.99500 -0.70323 -0.07391 0.70711 0.12502 0.23416 1 0 1.0
0 0.43904 2.94105 2.99500 -0.70323 -0.07391 0.70711 0.08781 0.58821 1 0 1.0
0 0.37937 2.93478 2.93500 -0.70323 -0.07391 0.70711 0.07587 0.58696 1 0 1.0
cl_white
0 0.62510 1.17080 2.99500 -0.70323 -0.07391 0.70711 0.12502 0.23416 1 0 1.0
0 0.37937 2.93478 2.93500 -0.70323 -0.07391 0.70711 0.07587 0.58696 1 0 1.0
0 0.56543 1.16453 2.93500 -0.70323 -0.07391 0.70711 0.11309 0.23291 1 0 1.0
cl_white
0 0.43277 3.00072 2.93500 -0.77715 0.62932 0.00000 0.60014 0.58700 1 0 1.0
0 0.43277 3.00072 2.90500 -0.77715 0.62932 0.00000 0.60014 0.58100 1 0 1.0
0 0.37937 2.93478 2.90500 -0.77715 0.62932 0.00000 0.58696 0.58100 1 0 1.0
cl_white
0 0.43277 3.00072 2.93500 -0.77715 0.62932 0.00000 0.60014 0.58700 1 0 1.0
0 0.37937 2.93478 2.90500 -0.77715 0.62932 0.00000 0.58696 0.58100 1 0 1.0
0 0.37937 2.93478 2.93500 -0.77715 0.62932 0.00000 0.58696 0.58700 1 0 1.0
cl_white
0 0.56833 2.95464 2.84500 -0.07391 0.70323 -0.70711 0.11367 0.59093 1 0 1.0
0 0.43904 2.94105 2.84500 -0.07391 0.70323 -0.70711 0.08781 0.58821 1 0 1.0
0 0.43277 3.00072 2.90500 -0.07391 0.70323 -0.70711 0.08655 0.60014 1 0 1.0
cl_white
0 0.56833 2.95464 2.84500 -0.07391 0.70323 -0.70711 0.11367 0.59093 1 0 1.0
0 0.43277 3.00072 2.90500 -0.07391 0.70323 -0.70711 0.08655 0.60014 1 0 1.0
0 0.56206 3.01431 2.90500 -0.07391 0.70323 -0.70711 0.11241 0.60286 1 0 1.0
cl_white
0 0.43904 2.94105 2.99500 -0.07391 0.70323 0.70711 0.08781 0.58821 1 0 1.0
0 0.56833 2.95464 2.99500 -0.07391 0.70323 0.70711 0.11367 0.59093 1 0 1.0
0 0.56206 3.01431 2.93500 -0.07391 0.70323 0.70711 0.11241 0.60286 1 0 1.0
cl_white
0 0.43904 2.94105 2.99500 -0.07391 0.70323 0.70711 0.08781 0.58821 1 0 1.0
0 0.56206 3.01431 2.93500 -0.07391 0.70323 0.70711 0.11241 0.60286 1 0 1.0
0 0.43277 3.00072 2.93500 -0.07391 0.70323 0.70711 0.08655 0.60014 1 0 1.0
cl_white
0 0.62800 2.96091 2.93500 0.62932 0.77715 0.00000 0.12560 0.58700 1 0 1.0
0 0.62800 2.96091 2.90500 0.62932 0.77715 0.00000 0.12560 0.58100 1 0 1.0
0 0.56206 3.01431 2.90500 0.62932 0.77715 0.00000 0.11241 0.58100 1 0 1.0
cl_white
0 0.62800 2.96091 2.93500 0.62932 0.77715 0.00000 0.12560 0.58700 1 0 1.0
0 0.56206 3.01431 2.90500 0.62932 0.77715 0.00000 0.11241 0.58100 1 0 1.0
0 0.56206 3.01431 2.93500 0.62932 0.77715 0.00000 0.11241 0.58700 1 0 1.0
cl_white
0 0.75439 1.18439 2.84500 0.70323 0.07391 -0.70711 0.15088 0.23688 1 0 1.0
0 0.56833 2.95464 2.84500 0.70323 0.07391 -0.70711 0.11367 0.59093 1 0 1.0
0 0.62800 2.96091 2.90500 0.70323 0.07391 -0.70711 0.12560 0.59218 1 0 1.0
cl_white
0 0.75439 1.18439 2.84500 0.70323 0.07391 -0.70711 0.15088 0.23688 1 0 1.0
0 0.62800 2.96091 2.90500 0.70323 0.07391 -0.70711 0.12560 0.59218 1 0 1.0
0 0.81406 1.19066 2.90500 0.70323 0.07391 -0.70711 0.16281 0.23813 1 0 1.0
cl_white
0 0.56833 2.95464 2.99500 0.70323 0.07391 0.70711 0.11367 0.59093 1 0 1.0
0 0.75439 1.18439 2.99500 0.70323 0.07391 0.70711 0.15088 0.23688 1 0 1.0
0 0.81406 1.19066 2.93500 0.70323 0.07391 0.70711 0.16281 0.23813 1 0 1.0
cl_white
0 0.56833 2.95464 2.99500 0.70323 0.07391 0.70711 0.11367 0.59093 1 0 1.0
0 0.81406 1.19066 2.93500 0.70323 0.07391 0.70711 0.16281 0.23813 1 0 1.0
0 0.62800 2.96091 2.93500 0.70323 0.07391 0.70711 0.12560 0.59218 1 0 1.0
cl_white
0 0.76066 1.12472 2.93500 0.77715 -0.62932 0.00000 0.22494 0.58700 1 0 1.0
0 0.76066 1.12472 2.90500 0.77715 -0.62932 0.00000 0.22494 0.58100 1 0 1.0
0 0.81406 1.19066 2.90500 0.77715 -0.62932 0.00000 0.23813 0.58100 1 0 1.0
cl_white
0 0.76066 1.12472 2.93500 0.77715 -0.62932 0.00000 0.22494 0.58700 1 0 1.0
0 0.81406 1.19066 2.90500 0.77715 -0.62932 0.00000 0.23813 0.58100 1 0 1.0
0 0.81406 1.19066 2.93500 0.77715 -0.62932 0.00000 0.23813 0.58700 1 0 1.0
cl_white
0 0.62510 1.17080 2.84500 0.07391 -0.70323 -0.70711 0.12502 0.23416 1 0 1.0
0 0.75439 1.18439 2.84500 0.07391 -0.70323 -0.70711 0.15088 0.23688 1 0 1.0
0 0.76066 1.12472 2.90500 0.07391 -0.70323 -0.70711 0.15213 0.22494 1 0 1.0
cl_white
0 0.62510 1.17080 2.84500 0.07391 -0.70323 -0.70711 0.12502 0.23416 1 0 1.0
0 0.76066 1.12472 2.90500 0.07391 -0.70323 -0.70711 0.15213 0.22494 1 0 1.0
0 0.63137 1.11113 2.90500 0.07391 -0.70323 -0.70711 0.12627 0.22223 1 0 1.0
cl_white
0 0.75439 1.18439 2.99500 0.07391 -0.70323 0.70711 0.15088 0.23688 1 0 1.0
0 0.62510 1.17080 2.99500 0.07391 -0.70323 0.70711 0.12502 0.23416 1 0 1.0
0 0.63137 1.11113 2.93500 0.07391 -0.70323 0.70711 0.12627 0.22223 1 0 1.0
cl_white
0 0.75439 1.18439 2.99500 0.07391 -0.70323 0.70711 0.15088 0.23688 1 0 1.0
0 0.63137 1.11113 2.93500 0.07391 -0.70323 0.70711 0.12627 0.22223 1 0 1.0
0 0.76066 1.12472 2.93500 0.07391 -0.70323 0.70711 0.15213 0.22494 1 0 1.0
cl_white
0 0.43904 2.94105 2.84500 0.00000 0.00000 -1.00000 0.08781 0.58821 1 0 1.0
0 0.56833 2.95464 2.84500 0.00000 0.00000 -1.00000 0.11367 0.59093 1 0 1.0
0 0.75439 1.18439 2.84500 0.00000 0.00000 -1.00000 0.15088 0.23688 1 0 1.0
cl_white
0 0.43904 2.94105 2.84500 0.00000 0.00000 -1.00000 0.08781 0.58821 1 0 1.0
0 0.75439 1.18439 2.84500 0.00000 0.00000 -1.00000 0.15088 0.23688 1 0 1.0
0 0.62510 1.17080 2.84500 0.00000 0.00000 -1.00000 0.12502 0.23416 1 0 1.0
cl_white
0 0.56543 1.16453 2.90500 -0.99452 -0.10453 0.00000 0.23291 0.58100 1 0 1.0
0 0.56543 1.16453 2.93500 -0.99452 -0.10453 0.00000 0.23291 0.58700 1 0 1.0
0 0.37937 2.93478 2.93500 -0.99452 -0.10453 0.00000 0.58696 0.58700 1 0 1.0
cl_white
0 0.56543 1.16453 2.90500 -0.99452 -0.10453 0.00000 0.23291 0.58100 1 0 1.0
0 0.37937 2.93478 2.93500 -0.99452 -0.10453 0.00000 0.58696 0.58700 1 0 1.0
0 0.37937 2.93478 2.90500 -0.99452 -0.10453 0.00000 0.58696 0.58100 1 0 1.0
cl_white
0 0.76066 1.12472 2.90500 0.10453 -0.99452 0.00000 0.15213 0.58100 1 0 1.0
0 0.76066 1.12472 2.93500 0.10453 -0.99452 0.00000 0.15213 0.58700 1 0 1.0
0 0.63137 1.11113 2.93500 0.10453 -0.99452 0.00000 0.12627 0.58700 1 0 1.0
cl_white
0 0.76066 1.12472 2.90500 0.10453 -0.99452 0.00000 0.15213 0.58100 1 0 1.0
0 0.63137 1.11113 2.93500 0.10453 -0.99452 0.00000 0.12627 0.58700 1 0 1.0
0 0.63137 1.11113 2.90500 0.10453 -0.99452 0.00000 0.12627 0.58100 1 0 1.0
cl_white
0 0.56833 2.95464 2.99500 0.00000 0.00000 1.00000 0.11367 0.59093 1 0 1.0
0 0.43904 2.94105 2.99500 0.00000 0.00000 1.00000 0.08781 0.58821 1 0 1.0
0 0.62510 1.17080 2.99500 0.00000 0.00000 1.00000 0.12502 0.23416 1 0 1.0
cl_white
0 0.56833 2.95464 2.99500 0.00000 0.00000 1.00000 0.11367 0.59093 1 0 1.0
0 0.62510 1.17080 2.99500 0.00000 0.00000 1.00000 0.12502 0.23416 1 0 1.0
0 0.75439 1.18439 2.99500 0.00000 0.00000 1.00000 0.15088 0.23688 1 0 1.0
cl_white
0 0.43277 3.00072 2.90500 -0.10453 0.99452 0.00000 0.08655 0.58100 1 0 1.0
0 0.43277 3.00072 2.93500 -0.10453 0.99452 0.00000 0.08655 0.58700 1 0 1.0
0 0.56206 3.01431 2.93500 -0.10453 0.99452 0.00000 0.11241 0.58700 1 0 1.0
cl_white
0 0.43277 3.00072 2.90500 -0.10453 0.99452 0.00000 0.08655 0.58100 1 0 1.0
0 0.56206 3.01431 2.93500 -0.10453 0.99452 0.00000 0.11241 0.58700 1 0 1.0
0 0.56206 3.01431 2.90500 -0.10453 0.99452 0.00000 0.11241 0.58100 1 0 1.0
cl_white
0 0.62800 2.96091 2.90500 0.99452 0.10453 0.00000 0.59218 0.58100 1 0 1.0
0 0.62800 2.96091 2.93500 0.99452 0.10453 0.00000 0.59218 0.58700 1 0 1.0
0 0.81406 1.19066 2.93500 0.99452 0.10453 0.00000 0.23813 0.58700 1 0 1.0
cl_white
0 0.62800 2.96091 2.90500 0.99452 0.10453 0.00000 0.59218 0.58100 1 0 1.0
0 0.81406 1.19066 2.93500 0.99452 0.10453 0.00000 0.23813 0.58700 1 0 1.0
0 0.81406 1.19066 2.90500 0.99452 0.10453 0.00000 0.23813 0.58100 1 0 1.0
cl_white
0 -0.17052 1.08718 2.81500 -0.51384 -0.63454 -0.57735 -0.03410 0.56300 1 0 1.0
0 -0.16425 1.02750 2.87500 -0.51384 -0.63454 -0.57735 -0.03285 0.57500 1 0 1.0
0 -0.23019 1.08090 2.87500 -0.51384 -0.63454 -0.57735 -0.04604 0.57500 1 0 1.0
cl_white
0 -0.16425 1.02750 2.90500 -0.51384 -0.63454 0.57735 -0.03285 0.58100 1 0 1.0
0 -0.17052 1.08718 2.96500 -0.51384 -0.63454 0.57735 -0.03410 0.59300 1 0 1.0
0 -0.23019 1.08090 2.90500 -0.51384 -0.63454 0.57735 -0.04604 0.58100 1 0 1.0
cl_white
0 -0.35658 2.85742 2.81500 -0.63454 0.51384 -0.57735 0.57148 0.56300 1 0 1.0
0 -0.41625 2.85115 2.87500 -0.63454 0.51384 -0.57735 0.57023 0.57500 1 0 1.0
0 -0.36285 2.91710 2.87500 -0.63454 0.51384 -0.57735 0.58342 0.57500 1 0 1.0
cl_white
0 -0.35658 2.85742 2.96500 -0.63454 0.51384 0.57735 0.57148 0.59300 1 0 1.0
0 -0.36285 2.91710 2.90500 -0.63454 0.51384 0.57735 0.58342 0.58100 1 0 1.0
0 -0.41625 2.85115 2.90500 -0.63454 0.51384 0.57735 0.57023 0.58100 1 0 1.0
cl_white
0 -0.04123 1.10076 2.81500 0.63454 -0.51384 -0.57735 0.22015 0.56300 1 0 1.0
0 0.01844 1.10704 2.87500 0.63454 -0.51384 -0.57735 0.22141 0.57500 1 0 1.0
0 -0.03496 1.04109 2.87500 0.63454 -0.51384 -0.57735 0.20822 0.57500 1 0 1.0
cl_white
0 -0.04123 1.10076 2.96500 0.63454 -0.51384 0.57735 0.22015 0.59300 1 0 1.0
0 -0.03496 1.04109 2.90500 0.63454 -0.51384 0.57735 0.20822 0.58100 1 0 1.0
0 0.01844 1.10704 2.90500 0.63454 -0.51384 0.57735 0.22141 0.58100 1 0 1.0
cl_white
0 -0.22729 2.87101 2.81500 0.51384 0.63454 -0.57735 -0.04546 0.56300 1 0 1.0
0 -0.23356 2.93068 2.87500 0.51384 0.63454 -0.57735 -0.04671 0.57500 1 0 1.0
0 -0.16762 2.87728 2.87500 0.51384 0.63454 -0.57735 -0.03352 0.57500 1 0 1.0
cl_white
0 -0.22729 2.87101 2.96500 0.51384 0.63454 0.57735 -0.04546 0.59300 1 0 1.0
0 -0.16762 2.87728 2.90500 0.51384 0.63454 0.57735 -0.03352 0.58100 1 0 1.0
0 -0.23356 2.93068 2.90500 0.51384 0.63454 0.57735 -0.04671 0.58100 1 0 1.0
cl_white
0 -0.35658 2.85742 2.81500 -0.70323 -0.07391 -0.70711 -0.07132 0.57148 1 0 1.0
0 -0.17052 1.08718 2.81500 -0.70323 -0.07391 -0.70711 -0.03410 0.21744 1 0 1.0
0 -0.23019 1.08090 2.87500 -0.70323 -0.07391 -0.70711 -0.04604 0.21618 1 0 1.0
cl_white
0 -0.35658 2.85742 2.81500 -0.70323 -0.07391 -0.70711 -0.07132 0.57148 1 0 1.0
0 -0.23019 1.08090 2.87500 -0.70323 -0.07391 -0.70711 -0.04604 0.21618 1 0 1.0
0 -0.41625 2.85115 2.87500 -0.70323 -0.07391 -0.70711 -0.08325 0.57023 1 0 1.0
cl_white
0 -0.16425 1.02750 2.87500 -0.62932 -0.77715 0.00000 -0.03285 0.57500 1 0 1.0
0 -0.16425 1.02750 2.90500 -0.62932 -0.77715 0.00000 -0.03285 0.58100 1 0 1.0
0 -0.23019 1.08090 2.90500 -0.62932 -0.77715 0.00000 -0.04604 0.58100 1 0 1.0
cl_white
0 -0.16425 1.02750 2.87500 -0.62932 -0.77715 0.00000 -0.03285 0.57500 1 0 1.0
0 -0.23019 1.08090 2.90500 -0.62932 -0.77715 0.00000 -0.04604 0.58100 1 0 1.0
0 -0.23019 1.08090 2.87500 -0.62932 -0.77715 0.00000 -0.04604 0.57500 1 0 1.0
cl_white
0 -0.17052 1.08718 2.96500 -0.70323 -0.07391 0.70711 -0.03410 0.21744 1 0 1.0
0 -0.35658 2.85742 2.96500 -0.70323 -0.07391 0.70711 -0.07132 0.57148 1 0 1.0
0 -0.41625 2.85115 2.90500 -0.70323 -0.07391 0.70711 -0.08325 0.57023 1 0 1.0
cl_white
0 -0.17052 1.08718 2.96500 -0.70323 -0.07391 0.70711 -0.03410 0.21744 1 0 1.0
0 -0.41625 2.85115 2.90500 -0.70323 -0.07391 0.70711 -0.08325 0.57023 1 0 1.0
0 -0.23019 1.08090 2.90500 -0.70323 -0.07391 0.70711 -0.04604 0.21618 1 0 1.0
cl_white
0 -0.36285 2.91710 2.90500 -0.77715 0.62932 0.00000 0.58342 0.58100 1 0 1.0
0 -0.36285 2.91710 2.87500 -0.77715 0.62932 0.00000 0.58342 0.57500 1 0 1.0
0 -0.41625 2.85115 2.87500 -0.77715 0.62932 0.00000 0.57023 0.57500 1 0 1.0
cl_white
0 -0.36285 2.91710 2.90500 -0.77715 0.62932 0.00000 0.58342 0.58100 1 0 1.0
0 -0.41625 2.85115 2.87500 -0.77715 0.62932 0.00000 0.57023 0.57500 1 0 1.0
0 -0.41625 2.85115 2.90500 -0.77715 0.62932 0.00000 0.57023 0.58100 1 0 1.0
cl_white
0 -0.22729 2.87101 2.81500 -0.07391 0.70323 -0.70711 -0.04546 0.57420 1 0 1.0
0 -0.35658 2.85742 2.81500 -0.07391 0.70323 -0.70711 -0.07132 0.57148 1 0 1.0
0 -0.36285 2.91710 2.87500 -0.07391 0.70323 -0.70711 -0.07257 0.58342 1 0 1.0
cl_white
0 -0.22729 2.87101 2.81500 -0.07391 0.70323 -0.70711 -0.04546 0.57420 1 0 1.0
0 -0.36285 2.91710 2.87500 -0.07391 0.70323 -0.70711 -0.07257 0.58342 1 0 1.0
0 -0.23356 2.93068 2.87500 -0.07391 0.70323 -0.70711 -0.04671 0.58614 1 0 1.0
cl_white
0 -0.35658 2.85742 2.96500 -0.07391 0.70323 0.70711 -0.07132 0.57148 1 0 1.0
0 -0.22729 2.87101 2.96500 -0.07391 0.70323 0.70711 -0.04546 0.57420 1 0 1.0
0 -0.23356 2.93068 2.90500 -0.07391 0.70323 0.70711 -0.04671 0.58614 1 0 1.0
cl_white
0 -0.35658 2.85742 2.96500 -0.07391 0.70323 0.70711 -0.07132 0.57148 1 0 1.0
0 -0.23356 2.93068 2.90500 -0.07391 0.70323 0.70711 -0.04671 0.58614 1 0 1.0
0 -0.36285 2.91710 2.90500 -0.07391 0.70323 0.70711 -0.07257 0.58342 1 0 1.0
cl_white
0 -0.16762 2.87728 2.90500 0.62932 0.77715 0.00000 -0.03352 0.58100 1 0 1.0
0 -0.16762 2.87728 2.87500 0.62932 0.77715 0.00000 -0.03352 0.57500 1 0 1.0
0 -0.23356 2.93068 2.87500 0.62932 0.77715 0.00000 -0.04671 0.57500 1 0 1.0
cl_white
0 -0.16762 2.87728 2.90500 0.62932 0.77715 0.00000 -0.03352 0.58100 1 0 1.0
0 -0.23356 2.93068 2.87500 0.62932 0.77715 0.00000 -0.04671 0.57500 1 0 1.0
0 -0.23356 2.93068 2.90500 0.62932 0.77715 0.00000 -0.04671 0.58100 1 0 1.0
cl_white
0 -0.04123 1.10076 2.81500 0.70323 0.07391 -0.70711 -0.00825 0.22015 1 0 1.0
0 -0.22729 2.87101 2.81500 0.70323 0.07391 -0.70711 -0.04546 0.57420 1 0 1.0
0 -0.16762 2.87728 2.87500 0.70323 0.07391 -0.70711 -0.03352 0.57546 1 0 1.0
cl_white
0 -0.04123 1.10076 2.81500 0.70323 0.07391 -0.70711 -0.00825 0.22015 1 0 1.0
0 -0.16762 2.87728 2.87500 0.70323 0.07391 -0.70711 -0.03352 0.57546 1 0 1.0
0 0.01844 1.10704 2.87500 0.70323 0.07391 -0.70711 0.00369 0.22141 1 0 1.0
cl_white
0 -0.22729 2.87101 2.96500 0.70323 0.07391 0.70711 -0.04546 0.57420 1 0 1.0
0 -0.04123 1.10076 2.96500 0.70323 0.07391 0.70711 -0.00825 0.22015 1 0 1.0
0 0.01844 1.10704 2.90500 0.70323 0.07391 0.70711 0.00369 0.22141 1 0 1.0
cl_white
0 -0.22729 2.87101 2.96500 0.70323 0.07391 0.70711 -0.04546 0.57420 1 0 1.0
0 0.01844 1.10704 2.90500 0.70323 0.07391 0.70711 0.00369 0.22141 1 0 1.0
0 -0.16762 2.87728 2.90500 0.70323 0.07391 0.70711 -0.03352 0.57546 1 0 1.0
cl_white
0 -0.03496 1.04109 2.90500 0.77715 -0.62932 0.00000 0.20822 0.58100 1 0 1.0
0 -0.03496 1.04109 2.87500 0.77715 -0.62932 0.00000 0.20822 0.57500 1 0 1.0
0 0.01844 1.10704 2.87500 0.77715 -0.62932 0.00000 0.22141 0.57500 1 0 1.0
cl_white
0 -0.03496 1.04109 2.90500 0.77715 -0.62932 0.00000 0.20822 0.58100 1 0 1.0
0 0.01844 1.10704 2.87500 0.77715 -0.62932 0.00000 0.22141 0.57500 1 0 1.0
0 0.01844 1.10704 2.90500 0.77715 -0.62932 0.00000 0.22141 0.58100 1 0 1.0
cl_white
0 -0.17052 1.08718 2.81500 0.07391 -0.70323 -0.70711 -0.03410 0.21744 1 0 1.0
0 -0.04123 1.10076 2.81500 0.07391 -0.70323 -0.70711 -0.00825 0.22015 1 0 1.0
0 -0.03496 1.04109 2.87500 0.07391 -0.70323 -0.70711 -0.00699 0.20822 1 0 1.0
cl_white
0 -0.17052 1.08718 2.81500 0.07391 -0.70323 -0.70711 -0.03410 0.21744 1 0 1.0
0 -0.03496 1.04109 2.87500 0.07391 -0.70323 -0.70711 -0.00699 0.20822 1 0 1.0
0 -0.16425 1.02750 2.87500 0.07391 -0.70323 -0.70711 -0.03285 0.20550 1 0 1.0
cl_white
0 -0.04123 1.10076 2.96500 0.07391 -0.70323 0.70711 -0.00825 0.22015 1 0 1.0
0 -0.17052 1.08718 2.96500 0.07391 -0.70323 0.70711 -0.03410 0.21744 1 0 1.0
0 -0.16425 1.02750 2.90500 0.07391 -0.70323 0.70711 -0.03285 0.20550 1 0 1.0
cl_white
0 -0.04123 1.10076 2.96500 0.07391 -0.70323 0.70711 -0.00825 0.22015 1 0 1.0
0 -0.16425 1.02750 2.90500 0.07391 -0.70323 0.70711 -0.03285 0.20550 1 0 1.0
0 -0.03496 1.04109 2.90500 0.07391 -0.70323 0.70711 -0.00699 0.20822 1 0 1.0
cl_white
0 -0.35658 2.85742 2.81500 0.00000 0.00000 -1.00000 -0.07132 0.57148 1 0 1.0
0 -0.22729 2.87101 2.81500 0.00000 0.00000 -1.00000 -0.04546 0.57420 1 0 1.0
0 -0.04123 1.10076 2.81500 0.00000 0.00000 -1.00000 -0.00825 0.22015 1 0 1.0
cl_white
0 -0.35658 2.85742 2.81500 0.00000 0.00000 -1.00000 -0.07132 0.57148 1 0 1.0
0 -0.04123 1.10076 2.81500 0.00000 0.00000 -1.00000 -0.00825 0.22015 1 0 1.0
0 -0.17052 1.08718 2.81500 0.00000 0.00000 -1.00000 -0.03410 0.21744 1 0 1.0
cl_white
0 -0.23019 1.08090 2.87500 -0.99452 -0.10453 0.00000 0.21618 0.57500 1 0 1.0
0 -0.23019 1.08090 2.90500 -0.99452 -0.10453 0.00000 0.21618 0.58100 1 0 1.0
0 -0.41625 2.85115 2.90500 -0.99452 -0.10453 0.00000 0.57023 0.58100 1 0 1.0
cl_white
0 -0.23019 1.08090 2.87500 -0.99452 -0.10453 0.00000 0.21618 0.57500 1 0 1.0
0 -0.41625 2.85115 2.90500 -0.99452 -0.10453 0.00000 0.57023 0.58100 1 0 1.0
0 -0.41625 2.85115 2.87500 -0.99452 -0.10453 0.00000 0.57023 0.57500 1 0 1.0
cl_white
0 -0.03496 1.04109 2.87500 0.10453 -0.99452 0.00000 -0.00699 0.57500 1 0 1.0
0 -0.03496 1.04109 2.90500 0.10453 -0.99452 0.00000 -0.00699 0.58100 1 0 1.0
0 -0.16425 1.02750 2.90500 0.10453 -0.99452 0.00000 -0.03285 0.58100 1 0 1.0
cl_white
0 -0.03496 1.04109 2.87500 0.10453 -0.99452 0.00000 -0.00699 0.57500 1 0 1.0
0 -0.16425 1.02750 2.90500 0.10453 -0.99452 0.00000 -0.03285 0.58100 1 0 1.0
0 -0.16425 1.02750 2.87500 0.10453 -0.99452 0.00000 -0.03285 0.57500 1 0 1.0
cl_white
0 -0.22729 2.87101 2.96500 0.00000 0.00000 1.00000 -0.04546 0.57420 1 0 1.0
0 -0.35658 2.85742 2.96500 0.00000 0.00000 1.00000 -0.07132 0.57148 1 0 1.0
0 -0.17052 1.08718 2.96500 0.00000 0.00000 1.00000 -0.03410 0.21744 1 0 1.0
cl_white
0 -0.22729 2.87101 2.96500 0.00000 0.00000 1.00000 -0.04546 0.57420 1 0 1.0
0 -0.17052 1.08718 2.96500 0.00000 0.00000 1.00000 -0.03410 0.21744 1 0 1.0
0 -0.04123 1.10076 2.96500 0.00000 0.00000 1.00000 -0.00825 0.22015 1 0 1.0
cl_white
0 -0.36285 2.91710 2.87500 -0.10453 0.99452 0.00000 -0.07257 0.57500 1 0 1.0
0 -0.36285 2.91710 2.90500 -0.10453 0.99452 0.00000 -0.07257 0.58100 1 0 1.0
0 -0.23356 2.93068 2.90500 -0.10453 0.99452 0.00000 -0.04671 0.58100 1 0 1.0
cl_white
0 -0.36285 2.91710 2.87500 -0.10453 0.99452 0.00000 -0.07257 0.57500 1 0 1.0
0 -0.23356 2.93068 2.90500 -0.10453 0.99452 0.00000 -0.04671 0.58100 1 0 1.0
0 -0.23356 2.93068 2.87500 -0.10453 0.99452 0.00000 -0.04671 0.57500 1 0 1.0
cl_white
0 -0.16762 2.87728 2.87500 0.99452 0.10453 0.00000 0.57546 0.57500 1 0 1.0
0 -0.16762 2.87728 2.90500 0.99452 0.10453 0.00000 0.57546 0.58100 1 0 1.0
0 0.01844 1.10704 2.90500 0.99452 0.10453 0.00000 0.22141 0.58100 1 0 1.0
cl_white
0 -0.16762 2.87728 2.87500 0.99452 0.10453 0.00000 0.57546 0.57500 1 0 1.0
0 0.01844 1.10704 2.90500 0.99452 0.10453 0.00000 0.22141 0.58100 1 0 1.0
0 0.01844 1.10704 2.87500 0.99452 0.10453 0.00000 0.22141 0.57500 1 0 1.0
cl_white
0 -0.96614 1.00355 2.78500 -0.51384 -0.63454 -0.57735 -0.19323 0.55700 1 0 1.0
0 -0.95986 0.94388 2.84500 -0.51384 -0.63454 -0.57735 -0.19197 0.56900 1 0 1.0
0 -1.02581 0.99728 2.84500 -0.51384 -0.63454 -0.57735 -0.20516 0.56900 1 0 1.0
cl_white
0 -0.95986 0.94388 2.87500 -0.51384 -0.63454 0.57735 -0.19197 0.57500 1 0 1.0
0 -0.96614 1.00355 2.93500 -0.51384 -0.63454 0.57735 -0.19323 0.58700 1 0 1.0
0 -1.02581 0.99728 2.87500 -0.51384 -0.63454 0.57735 -0.20516 0.57500 1 0 1.0
cl_white
0 -1.15220 2.77380 2.78500 -0.63454 0.51384 -0.57735 0.55476 0.55700 1 0 1.0
0 -1.21187 2.76753 2.84500 -0.63454 0.51384 -0.57735 0.55351 0.56900 1 0 1.0
0 -1.15847 2.83347 2.84500 -0.63454 0.51384 -0.57735 0.56669 0.56900 1 0 1.0
cl_white
0 -1.15220 2.77380 2.93500 -0.63454 0.51384 0.57735 0.55476 0.58700 1 0 1.0
0 -1.15847 2.83347 2.87500 -0.63454 0.51384 0.57735 0.56669 0.57500 1 0 1.0
0 -1.21187 2.76753 2.87500 -0.63454 0.51384 0.57735 0.55351 0.57500 1 0 1.0
cl_white
0 -0.83685 1.01714 2.78500 0.63454 -0.51384 -0.57735 0.20343 0.55700 1 0 1.0
0 -0.77718 1.02341 2.84500 0.63454 -0.51384 -0.57735 0.20468 0.56900 1 0 1.0
0 -0.83058 0.95747 2.84500 0.63454 -0.51384 -0.57735 0.19149 0.56900 1 0 1.0
cl_white
0 -0.83685 1.01714 2.93500 0.63454 -0.51384 0.57735 0.20343 0.58700 1 0 1.0
0 -0.83058 0.95747 2.87500 0.63454 -0.51384 0.57735 0.19149 0.57500 1 0 1.0
0 -0.77718 1.02341 2.87500 0.63454 -0.51384 0.57735 0.20468 0.57500 1 0 1.0
cl_white
0 -1.02291 2.78739 2.78500 0.51384 0.63454 -0.57735 -0.20458 0.55700 1 0 1.0
0 -1.02918 2.84706 2.84500 0.51384 0.63454 -0.57735 -0.20584 0.56900 1 0 1.0
0 -0.96324 2.79366 2.84500 0.51384 0.63454 -0.57735 -0.19265 0.56900 1 0 1.0
cl_white
0 -1.02291 2.78739 2.93500 0.51384 0.63454 0.57735 -0.20458 0.58700 1 0 1.0
0 -0.96324 2.79366 2.87500 0.51384 0.63454 0.57735 -0.19265 0.57500 1 0 1.0
0 -1.02918 2.84706 2.87500 0.51384 0.63454 0.57735 -0.20584 0.57500 1 0 1.0
cl_white
0 -1.15220 2.77380 2.78500 -0.70323 -0.07391 -0.70711 -0.23044 0.55476 1 0 1.0
0 -0.96614 1.00355 2.78500 -0.70323 -0.07391 -0.70711 -0.19323 0.20071 1 0 1.0
0 -1.02581 0.99728 2.84500 -0.70323 -0.07391 -0.70711 -0.20516 0.19946 1 0 1.0
cl_white
0 -1.15220 2.77380 2.78500 -0.70323 -0.07391 -0.70711 -0.23044 0.55476 1 0 1.0
0 -1.02581 0.99728 2.84500 -0.70323 -0.07391 -0.70711 -0.20516 0.19946 1 0 1.0
0 -1.21187 2.76753 2.84500 -0.70323 -0.07391 -0.70711 -0.24237 0.55351 1 0 1.0
cl_white
0 -0.95986 0.94388 2.84500 -0.62932 -0.77715 0.00000 -0.19197 0.56900 1 0 1.0
0 -0.95986 0.94388 2.87500 -0.62932 -0.77715 0.00000 -0.19197 0.57500 1 0 1.0
0 -1.02581 0.99728 2.87500 -0.62932 -0.77715 0.00000 -0.20516 0.57500 1 0 1.0
cl_white
0 -0.95986 0.94388 2.84500 -0.62932 -0.77715 0.00000 -0.19197 0.56900 1 0 1.0
0 -1.02581 0.99728 2.87500 -0.62932 -0.77715 0.00000 -0.20516 0.57500 1 0 1.0
0 -1.02581 0.99728 2.84500 -0.62932 -0.77715 0.00000 -0.20516 0.56900 1 0 1.0
cl_white
0 -0.96614 1.00355 2.93500 -0.70323 -0.07391 0.70711 -0.19323 0.20071 1 0 1.0
0 -1.15220 2.77380 2.93500 -0.70323 -0.07391 0.70711 -0.23044 0.55476 1 0 1.0
0 -1.21187 2.76753 2.87500 -0.70323 -0.07391 0.70711 -0.24237 0.55351 1 0 1.0
cl_white
0 -0.96614 1.00355 2.93500 -0.70323 -0.07391 0.70711 -0.19323 0.20071 1 0 1.0
0 -1.21187 2.76753 2.87500 -0.70323 -0.07391 0.70711 -0.24237 0.55351 1 0 1.0
0 -1.02581 0.99728 2.87500 -0.70323 -0.07391 0.70711 -0.20516 0.19946 1 0 1.0
cl_white
0 -1.15847 2.83347 2.87500 -0.77715 0.62932 0.00000 0.56669 0.57500 1 0 1.0
0 -1.15847 2.83347 2.84500 -0.77715 0.62932 0.00000 0.56669 0.56900 1 0 1.0
0 -1.21187 2.76753 2.84500 -0.77715 0.62932 0.00000 0.55351 0.56900 1 0 1.0
cl_white
0 -1.15847 2.83347 2.87500 -0.77715 0.62932 0.00000 0.56669 0.57500 1 0 1.0
0 -1.21187 2.76753 2.84500 -0.77715 0.62932 0.00000 0.55351 0.56900 1 0 1.0
0 -1.21187 2.76753 2.87500 -0.77715 0.62932 0.00000 0.55351 0.57500 1 0 1.0
cl_white
0 -1.02291 2.78739 2.78500 -0.07391 0.70323 -0.70711 -0.20458 0.55748 1 0 1.0
0 -1.15220 2.77380 2.78500 -0.07391 0.70323 -0.70711 -0.23044 0.55476 1 0 1.0
0 -1.15847 2.83347 2.84500 -0.07391 0.70323 -0.70711 -0.23169 0.56669 1 0 1.0
cl_white
0 -1.02291 2.78739 2.78500 -0.07391 0.70323 -0.70711 -0.20458 0.55748 1 0 1.0
0 -1.15847 2.83347 2.84500 -0.07391 0.70323 -0.70711 -0.23169 0.56669 1 0 1.0
0 -1.02918 2.84706 2.84500 -0.07391 0.70323 -0.70711 -0.20584 0.56941 1 0 1.0
cl_white
0 -1.15220 2.77380 2.93500 -0.07391 0.70323 0.70711 -0.23044 0.55476 1 0 1.0
0 -1.02291 2.78739 2.93500 -0.07391 0.70323 0.70711 -0.20458 0.55748 1 0 1.0
0 -1.02918 2.84706 2.87500 -0.07391 0.70323 0.70711 -0.20584 0.56941 1 0 1.0
cl_white
0 -1.15220 2.77380 2.93500 -0.07391 0.70323 0.70711 -0.23044 0.55476 1 0 1.0
0 -1.02918 2.84706 2.87500 -0.07391 0.70323 0.70711 -0.20584 0.56941 1 0 1.0
0 -1.15847 2.83347 2.87500 -0.07391 0.70323 0.70711 -0.23169 0.56669 1 0 1.0
cl_white
0 -0.96324 2.79366 2.87500 0.62932 0.77715 0.00000 -0.19265 0.57500 1 0 1.0
0 -0.96324 2.79366 2.84500 0.62932 0.77715 0.00000 -0.19265 0.56900 1 0 1.0
0 -1.02918 2.84706 2.84500 0.62932 0.77715 0.00000 -0.20584 0.56900 1 0 1.0
cl_white
0 -0.96324 2.79366 2.87500 0.62932 0.77715 0.00000 -0.19265 0.57500 1 0 1.0
0 -1.02918 2.84706 2.84500 0.62932 0.77715 0.00000 -0.20584 0.56900 1 0 1.0
0 -1.02918 2.84706 2.87500 0.62932 0.77715 0.00000 -0.20584 0.57500 1 0 1.0
cl_white
0 -0.83685 1.01714 2.78500 0.70323 0.07391 -0.70711 -0.16737 0.20343 1 0 1.0
0 -1.02291 2.78739 2.78500 0.70323 0.07391 -0.70711 -0.20458 0.55748 1 0 1.0
0 -0.96324 2.79366 2.84500 0.70323 0.07391 -0.70711 -0.19265 0.55873 1 0 1.0
cl_white
0 -0.83685 1.01714 2.78500 0.70323 0.07391 -0.70711 -0.16737 0.20343 1 0 1.0
0 -0.96324 2.79366 2.84500 0.70323 0.07391 -0.70711 -0.19265 0.55873 1 0 1.0
0 -0.77718 1.02341 2.84500 0.70323 0.07391 -0.70711 -0.15544 0.20468 1 0 1.0
cl_white
0 -1.02291 2.78739 2.93500 0.70323 0.07391 0.70711 -0.20458 0.55748 1 0 1.0
0 -0.83685 1.01714 2.93500 0.70323 0.07391 0.70711 -0.16737 0.20343 1 0 1.0
0 -0.77718 1.02341 2.87500 0.70323 0.07391 0.70711 -0.15544 0.20468 1 0 1.0
cl_white
0 -1.02291 2.78739 2.93500 0.70323 0.07391 0.70711 -0.20458 0.55748 1 0 1.0
0 -0.77718 1.02341 2.87500 0.70323 0.07391 0.70711 -0.15544 0.20468 1 0 1.0
0 -0.96324 2.79366 2.87500 0.70323 0.07391 0.70711 -0.19265 0.55873 1 0 1.0
cl_white
0 -0.83058 0.95747 2.87500 0.77715 -0.62932 0.00000 0.19149 0.57500 1 0 1.0
0 -0.83058 0.95747 2.84500 0.77715 -0.62932 0.00000 0.19149 0.56900 1 0 1.0
0 -0.77718 1.02341 2.84500 0.77715 -0.62932 0.00000 0.20468 0.56900 1 0 1.0
cl_white
0 -0.83058 0.95747 2.87500 0.77715 -0.62932 0.00000 0.19149 0.57500 1 0 1.0
0 -0.77718 1.02341 2.84500 0.77715 -0.62932 0.00000 0.20468 0.56900 1 0 1.0
0 -0.77718 1.02341 2.87500 0.77715 -0.62932 0.00000 0.20468 0.57500 1 0 1.0
cl_white
0 -0.96614 1.00355 2.78500 0.07391 -0.70323 -0.70711 -0.19323 0.20071 1 0 1.0
0 -0.83685 1.01714 2.78500 0.07391 -0.70323 -0.70711 -0.16737 0.20343 1 0 1.0
0 -0.83058 0.95747 2.84500 0.07391 -0.70323 -0.70711 -0.16612 0.19149 1 0 1.0
cl_white
0 -0.96614 1.00355 2.78500 0.07391 -0.70323 -0.70711 -0.19323 0.20071 1 0 1.0
0 -0.83058 0.95747 2.84500 0.07391 -0.70323 -0.70711 -0.16612 0.19149 1 0 1.0
0 -0.95986 0.94388 2.84500 0.07391 -0.70323 -0.70711 -0.19197 0.18878 1 0 1.0
cl_white
0 -0.83685 1.01714 2.93500 0.07391 -0.70323 0.70711 -0.16737 0.20343 1 0 1.0
0 -0.96614 1.00355 2.93500 0.07391 -0.70323 0.70711 -0.19323 0.20071 1 0 1.0
0 -0.95986 0.94388 2.87500 0.07391 -0.70323 0.70711 -0.19197 0.18878 1 0 1.0
cl_white
0 -0.83685 1.01714 2.93500 0.07391 -0.70323 0.70711 -0.16737 0.20343 1 0 1.0
0 -0.95986 0.94388 2.87500 0.07391 -0.70323 0.70711 -0.19197 0.18878 1 0 1.0
0 -0.83058 0.95747 2.87500 0.07391 -0.70323 0.70711 -0.16612 0.19149 1 0 1.0
cl_white
0 -1.15220 2.77380 2.78500 0.00000 0.00000 -1.00000 -0.23044 0.55476 1 0 1.0
0 -1.02291 2.78739 2.78500 0.00000 0.00000 -1.00000 -0.20458 0.55748 1 0 1.0
0 -0.83685 1.01714 2.78500 0.00000 0.00000 -1.00000 -0.16737 0.20343 1 0 1.0
cl_white
0 -1.15220 2.77380 2.78500 0.00000 0.00000 -1.00000 -0.23044 0.55476 1 0 1.0
0 -0.83685 1.01714 2.78500 0.00000 0.00000 -1.00000 -0.16737 0.20343 1 0 1.0
0 -0.96614 1.00355 2.78500 0.00000 0.00000 -1.00000 -0.19323 0.20071 1 0 1.0
cl_white
0 -1.02581 0.99728 2.84500 -0.99452 -0.10453 0.00000 0.19946 0.56900 1 0 1.0
0 -1.02581 0.99728 2.87500 -0.99452 -0.10453 0.00000 0.19946 0.57500 1 0 1.0
0 -1.21187 2.76753 2.87500 -0.99452 -0.10453 0.00000 0.55351 0.57500 1 0 1.0
cl_white
0 -1.02581 0.99728 2.84500 -0.99452 -0.10453 0.00000 0.19946 0.56900 1 0 1.0
0 -1.21187 2.76753 2.87500 -0.99452 -0.10453 0.00000 0.55351 0.57500 1 0 1.0
0 -1.21187 2.76753 2.84500 -0.99452 -0.10453 0.00000 0.55351 0.56900 1 0 1.0
cl_white
0 -0.83058 0.95747 2.84500 0.10453 -0.99452 0.00000 -0.16612 0.56900 1 0 1.0
0 -0.83058 0.95747 2.87500 0.10453 -0.99452 0.00000 -0.16612 0.57500 1 0 1.0
0 -0.95986 0.94388 2.87500 0.10453 -0.99452 0.00000 -0.19197 0.57500 1 0 1.0
cl_white
0 -0.83058 0.95747 2.84500 0.10453 -0.99452 0.00000 -0.16612 0.56900 1 0 1.0
0 -0.95986 0.94388 2.87500 0.10453 -0.99452 0.00000 -0.19197 0.57500 1 0 1.0
0 -0.95986 0.94388 2.84500 0.10453 -0.99452 0.00000 -0.19197 0.56900 1 0 1.0
cl_white
0 -1.02291 2.78739 2.93500 0.00000 0.00000 1.00000 -0.20458 0.55748 1 0 1.0
0 -1.15220 2.77380 2.93500 0.00000 0.00000 1.00000 -0.23044 0.55476 1 0 1.0
0 -0.96614 1.00355 2.93500 0.00000 0.00000 1.00000 -0.19323 0.20071 1 0 1.0
cl_white
0 -1.02291 2.78739 2.93500 0.00000 0.00000 1.00000 -0.20458 0.55748 1 0 1.0
0 -0.96614 1.00355 2.93500 0.00000 0.00000 1.00000 -0.19323 0.20071 1 0 1.0
0 -0.83685 1.01714 2.93500 0.00000 0.00000 1.00000 -0.16737 0.20343 1 0 1.0
cl_white
0 -1.15847 2.83347 2.84500 -0.10453 0.99452 0.00000 -0.23169 0.56900 1 0 1.0
0 -1.15847 2.83347 2.87500 -0.10453 0.99452 0.00000 -0.23169 0.57500 1 0 1.0
0 -1.02918 2.84706 2.87500 -0.10453 0.99452 0.00000 -0.20584 0.57500 1 0 1.0
cl_white
0 -1.15847 2.83347 2.84500 -0.10453 0.99452 0.00000 -0.23169 0.56900 1 0 1.0
0 -1.02918 2.84706 2.87500 -0.10453 0.99452 0.00000 -0.20584 0.57500 1 0 1.0
0 -1.02918 2.84706 2.84500 -0.10453 0.99452 0.00000 -0.20584 0.56900 1 0 1.0
cl_white
0 -0.96324 2.79366 2.84500 0.99452 0.10453 0.00000 0.55873 0.56900 1 0 1.0
0 -0.96324 2.79366 2.87500 0.99452 0.10453 0.00000 0.55873 0.57500 1 0 1.0
0 -0.77718 1.02341 2.87500 0.99452 0.10453 0.00000 0.20468 0.57500 1 0 1.0
cl_white
0 -0.96324 2.79366 2.84500 0.99452 0.10453 0.00000 0.55873 0.56900 1 0 1.0
0 -0.77718 1.02341 2.87500 0.99452 0.10453 0.00000 0.20468 0.57500 1 0 1.0
0 -0.77718 1.02341 2.84500 0.99452 0.10453 0.00000 0.20468 0.56900 1 0 1.0
cl_white
0 -4.26315 -2.85909 0.00000 -0.31858 -0.33572 -0.88645 -0.85263 -0.57182 1 0 1.0
0 -4.28902 -3.10522 0.10251 -0.31858 -0.33572 -0.88645 -0.85780 -0.62104 1 0 1.0
0 -4.48524 -3.03893 0.14793 -0.31858 -0.33572 -0.88645 -0.89705 -0.60779 1 0 1.0
cl_white
0 -4.26315 -2.85909 0.00000 -0.39462 -0.24182 -0.88645 -0.85263 -0.57182 1 0 1.0
0 -4.48524 -3.03893 0.14793 -0.39462 -0.24182 -0.88645 -0.89705 -0.60779 1 0 1.0
0 -4.50928 -2.83322 0.10251 -0.39462 -0.24182 -0.88645 -0.90186 -0.56664 1 0 1.0
cl_white
0 -4.29974 -3.20717 0.35000 -0.45783 -0.84322 -0.28175 -0.85995 0.07000 1 0 1.0
0 -4.53515 -3.07935 0.35000 -0.45783 -0.84322 -0.28175 -0.90703 0.07000 1 0 1.0
0 -4.48524 -3.03893 0.14793 -0.45783 -0.84322 -0.28175 -0.89705 0.02959 1 0 1.0
cl_white
0 -4.29974 -3.20717 0.35000 -0.37286 -0.85215 -0.36718 -0.85995 0.07000 1 0 1.0
0 -4.48524 -3.03893 0.14793 -0.37286 -0.85215 -0.36718 -0.89705 0.02959 1 0 1.0
0 -4.28902 -3.10522 0.10251 -0.37286 -0.85215 -0.36718 -0.85780 0.02050 1 0 1.0
cl_white
0 -4.61124 -2.82250 0.35000 -0.91105 -0.18755 -0.36718 -0.56450 0.07000 1 0 1.0
0 -4.50928 -2.83322 0.10251 -0.91105 -0.18755 -0.36718 -0.56664 0.02050 1 0 1.0
0 -4.48524 -3.03893 0.14793 -0.91105 -0.18755 -0.36718 -0.60779 0.02959 1 0 1.0
cl_white
0 -4.61124 -2.82250 0.35000 -0.91998 -0.27251 -0.28175 -0.56450 0.07000 1 0 1.0
0 -4.48524 -3.03893 0.14793 -0.91998 -0.27251 -0.28175 -0.60779 0.02959 1 0 1.0
0 -4.53515 -3.07935 0.35000 -0.91998 -0.27251 -0.28175 -0.61587 0.07000 1 0 1.0
cl_white
0 -4.29974 -3.20717 0.45000 -0.37286 -0.85215 0.36718 -0.85995 0.09000 1 0 1.0
0 -4.28902 -3.10522 0.69749 -0.37286 -0.85215 0.36718 -0.85780 0.13950 1 0 1.0
0 -4.48524 -3.03893 0.65207 -0.37286 -0.85215 0.36718 -0.89705 0.13041 1 0 1.0
cl_white
0 -4.29974 -3.20717 0.45000 -0.45783 -0.84322 0.28175 -0.85995 0.09000 1 0 1.0
0 -4.48524 -3.03893 0.65207 -0.45783 -0.84322 0.28175 -0.89705 0.13041 1 0 1.0
0 -4.53515 -3.07935 0.45000 -0.45783 -0.84322 0.28175 -0.90703 0.09000 1 0 1.0
cl_white
0 -4.26315 -2.85909 0.80000 -0.39462 -0.24182 0.88645 -0.85263 -0.57182 1 0 1.0
0 -4.50928 -2.83322 0.69749 -0.39462 -0.24182 0.88645 -0.90186 -0.56664 1 0 1.0
0 -4.48524 -3.03893 0.65207 -0.39462 -0.24182 0.88645 -0.89705 -0.60779 1 0 1.0
cl_white
0 -4.26315 -2.85909 0.80000 -0.31858 -0.33572 0.88645 -0.85263 -0.57182 1 0 1.0
0 -4.48524 -3.03893 0.65207 -0.31858 -0.33572 0.88645 -0.89705 -0.60779 1 0 1.0
0 -4.28902 -3.10522 0.69749 -0.31858 -0.33572 0.88645 -0.85780 -0.62104 1 0 1.0
cl_white
0 -4.61124 -2.82250 0.45000 -0.91998 -0.27251 0.28175 -0.56450 0.09000 1 0 1.0
0 -4.53515 -3.07935 0.45000 -0.91998 -0.27251 0.28175 -0.61587 0.09000 1 0 1.0
0 -4.48524 -3.03893 0.65207 -0.91998 -0.27251 0.28175 -0.60779 0.13041 1 0 1.0
cl_white
0 -4.61124 -2.82250 0.45000 -0.91105 -0.18755 0.36718 -0.56450 0.09000 1 0 1.0
0 -4.48524 -3.03893 0.65207 -0.91105 -0.18755 0.36718 -0.60779 0.13041 1 0 1.0
0 -4.50928 -2.83322 0.69749 -0.91105 -0.18755 0.36718 -0.56664 0.13950 1 0 1.0
cl_white
0 -3.99138 -0.27333 0.00000 -0.33572 0.31858 -0.88645 -0.79828 -0.05467 1 0 1.0
0 -4.23751 -0.24746 0.10251 -0.33572 0.31858 -0.88645 -0.84750 -0.04949 1 0 1.0
0 -4.17122 -0.05124 0.14793 -0.33572 0.31858 -0.88645 -0.83424 -0.01025 1 0 1.0
cl_white
0 -3.99138 -0.27333 0.00000 -0.24182 0.39462 -0.88645 -0.79828 -0.05467 1 0 1.0
0 -4.17122 -0.05124 0.14793 -0.24182 0.39462 -0.88645 -0.83424 -0.01025 1 0 1.0
0 -3.96551 -0.02720 0.10251 -0.24182 0.39462 -0.88645 -0.79310 -0.00544 1 0 1.0
cl_white
0 -4.33946 -0.23674 0.35000 -0.84322 0.45783 -0.28175 -0.04735 0.07000 1 0 1.0
0 -4.21164 -0.00133 0.35000 -0.84322 0.45783 -0.28175 -0.00027 0.07000 1 0 1.0
0 -4.17122 -0.05124 0.14793 -0.84322 0.45783 -0.28175 -0.01025 0.02959 1 0 1.0
cl_white
0 -4.33946 -0.23674 0.35000 -0.85215 0.37286 -0.36718 -0.04735 0.07000 1 0 1.0
0 -4.17122 -0.05124 0.14793 -0.85215 0.37286 -0.36718 -0.01025 0.02959 1 0 1.0
0 -4.23751 -0.24746 0.10251 -0.85215 0.37286 -0.36718 -0.04949 0.02050 1 0 1.0
cl_white
0 -3.95479 0.07475 0.35000 -0.18754 0.91105 -0.36718 -0.79096 0.07000 1 0 1.0
0 -3.96551 -0.02720 0.10251 -0.18754 0.91105 -0.36718 -0.79310 0.02050 1 0 1.0
0 -4.17122 -0.05124 0.14793 -0.18754 0.91105 -0.36718 -0.83424 0.02959 1 0 1.0
cl_white
0 -3.95479 0.07475 0.35000 -0.27251 0.91998 -0.28175 -0.79096 0.07000 1 0 1.0
0 -4.17122 -0.05124 0.14793 -0.27251 0.91998 -0.28175 -0.83424 0.02959 1 0 1.0
0 -4.21164 -0.00133 0.35000 -0.27251 0.91998 -0.28175 -0.84233 0.07000 1 0 1.0
cl_white
0 -3.99138 -0.27333 0.80000 -0.24182 0.39462 0.88645 -0.79828 -0.05467 1 0 1.0
0 -3.96551 -0.02720 0.69749 -0.24182 0.39462 0.88645 -0.79310 -0.00544 1 0 1.0
0 -4.17122 -0.05124 0.65207 -0.24182 0.39462 0.88645 -0.83424 -0.01025 1 0 1.0
cl_white
0 -3.99138 -0.27333 0.80000 -0.33572 0.31858 0.88645 -0.79828 -0.05467 1 0 1.0
0 -4.17122 -0.05124 0.65207 -0.33572 0.31858 0.88645 -0.83424 -0.01025 1 0 1.0
0 -4.23751 -0.24746 0.69749 -0.33572 0.31858 0.88645 -0.84750 -0.04949 1 0 1.0
cl_white
0 -3.95479 0.07475 0.45000 -0.27251 0.91998 0.28175 -0.79096 0.09000 1 0 1.0
0 -4.21164 -0.00133 0.45000 -0.27251 0.91998 0.28175 -0.84233 0.09000 1 0 1.0
0 -4.17122 -0.05124 0.65207 -0.27251 0.91998 0.28175 -0.83424 0.13041 1 0 1.0
cl_white
0 -3.95479 0.07475 0.45000 -0.18754 0.91105 0.36718 -0.79096 0.09000 1 0 1.0
0 -4.17122 -0.05124 0.65207 -0.18754 0.91105 0.36718 -0.83424 0.13041 1 0 1.0
0 -3.96551 -0.02720 0.69749 -0.18754 0.91105 0.36718 -0.79310 0.13950 1 0 1.0
cl_white
0 -4.33946 -0.23674 0.45000 -0.85215 0.37286 0.36718 -0.04735 0.09000 1 0 1.0
0 -4.23751 -0.24746 0.69749 -0.85215 0.37286 0.36718 -0.04949 0.13950 1 0 1.0
0 -4.17122 -0.05124 0.65207 -0.85215 0.37286 0.36718 -0.01025 0.13041 1 0 1.0
cl_white
0 -4.33946 -0.23674 0.45000 -0.84322 0.45783 0.28175 -0.04735 0.09000 1 0 1.0
0 -4.17122 -0.05124 0.65207 -0.84322 0.45783 0.28175 -0.01025 0.13041 1 0 1.0
0 -4.21164 -0.00133 0.45000 -0.84322 0.45783 0.28175 -0.00027 0.09000 1 0 1.0
cl_white
0 3.99138 -3.72667 0.00000 0.33572 -0.31858 -0.88645 0.79828 -0.74533 1 0 1.0
0 4.23751 -3.75254 0.10251 0.33572 -0.31858 -0.88645 0.84750 -0.75051 1 0 1.0
0 4.17122 -3.94876 0.14793 0.33572 -0.31858 -0.88645 0.83424 -0.78975 1 0 1.0
cl_white
0 3.99138 -3.72667 0.00000 0.24182 -0.39462 -0.88645 0.79828 -0.74533 1 0 1.0
0 4.17122 -3.94876 0.14793 0.24182 -0.39462 -0.88645 0.83424 -0.78975 1 0 1.0
0 3.96551 -3.97280 0.10251 0.24182 -0.39462 -0.88645 0.79310 -0.79456 1 0 1.0
cl_white
0 4.33946 -3.76326 0.35000 0.84322 -0.45783 -0.28175 -0.75265 0.07000 1 0 1.0
0 4.21164 -3.99867 0.35000 0.84322 -0.45783 -0.28175 -0.79973 0.07000 1 0 1.0
0 4.17122 -3.94876 0.14793 0.84322 -0.45783 -0.28175 -0.78975 0.02959 1 0 1.0
cl_white
0 4.33946 -3.76326 0.35000 0.85215 -0.37286 -0.36718 -0.75265 0.07000 1 0 1.0
0 4.17122 -3.94876 0.14793 0.85215 -0.37286 -0.36718 -0.78975 0.02959 1 0 1.0
0 4.23751 -3.75254 0.10251 0.85215 -0.37286 -0.36718 -0.75051 0.02050 1 0 1.0
cl_white
0 3.95479 -4.07475 0.35000 0.18754 -0.91105 -0.36718 0.79096 0.07000 1 0 1.0
0 3.96551 -3.97280 0.10251 0.18754 -0.91105 -0.36718 0.79310 0.02050 1 0 1.0
0 4.17122 -3.94876 0.14793 0.18754 -0.91105 -0.36718 0.83424 0.02959 1 0 1.0
cl_white
0 3.95479 -4.07475 0.35000 0.27251 -0.91998 -0.28175 0.79096 0.07000 1 0 1.0
0 4.17122 -3.94876 0.14793 0.27251 -0.91998 -0.28175 0.83424 0.02959 1 0 1.0
0 4.21164 -3.99867 0.35000 0.27251 -0.91998 -0.28175 0.84233 0.07000 1 0 1.0
cl_white
0 3.99138 -3.72667 0.80000 0.24182 -0.39462 0.88645 0.79828 -0.74533 1 0 1.0
0 3.96551 -3.97280 0.69749 0.24182 -0.39462 0.88645 0.79310 -0.79456 1 0 1.0
0 4.17122 -3.94876 0.65207 0.24182 -0.39462 0.88645 0.83424 -0.78975 1 0 1.0
cl_white
0 3.99138 -3.72667 0.80000 0.33572 -0.31858 0.88645 0.79828 -0.74533 1 0 1.0
0 4.17122 -3.94876 0.65207 0.33572 -0.31858 0.88645 0.83424 -0.78975 1 0 1.0
0 4.23751 -3.75254 0.69749 0.33572 -0.31858 0.88645 0.84750 -0.75051 1 0 1.0
cl_white
0 3.95479 -4.07475 0.45000 0.27251 -0.91998 0.28175 0.79096 0.09000 1 0 1.0
0 4.21164 -3.99867 0.45000 0.27251 -0.91998 0.28175 0.84233 0.09000 1 0 1.0
0 4.17122 -3.94876 0.65207 0.27251 -0.91998 0.28175 0.83424 0.13041 1 0 1.0
cl_white
0 3.95479 -4.07475 0.45000 0.18754 -0.91105 0.36718 0.79096 0.09000 1 0 1.0
0 4.17122 -3.94876 0.65207 0.18754 -0.91105 0.36718 0.83424 0.13041 1 0 1.0
0 3.96551 -3.97280 0.69749 0.18754 -0.91105 0.36718 0.79310 0.13950 1 0 1.0
cl_white
0 4.33946 -3.76326 0.45000 0.85215 -0.37286 0.36718 -0.75265 0.09000 1 0 1.0
0 4.23751 -3.75254 0.69749 0.85215 -0.37286 0.36718 -0.75051 0.13950 1 0 1.0
0 4.17122 -3.94876 0.65207 0.85215 -0.37286 0.36718 -0.78975 0.13041 1 0 1.0
cl_white
0 4.33946 -3.76326 0.45000 0.84322 -0.45783 0.28175 -0.75265 0.09000 1 0 1.0
0 4.17122 -3.94876 0.65207 0.84322 -0.45783 0.28175 -0.78975 0.13041 1 0 1.0
0 4.21164 -3.99867 0.45000 0.84322 -0.45783 0.28175 -0.79973 0.09000 1 0 1.0
cl_white
0 4.26315 -1.14091 0.00000 0.31858 0.33572 -0.88645 0.85263 -0.22818 1 0 1.0
0 4.28902 -0.89478 0.10251 0.31858 0.33572 -0.88645 0.85780 -0.17896 1 0 1.0
0 4.48524 -0.96107 0.14793 0.31858 0.33572 -0.88645 0.89705 -0.19221 1 0 1.0
cl_white
0 4.26315 -1.14091 0.00000 0.39462 0.24182 -0.88645 0.85263 -0.22818 1 0 1.0
0 4.48524 -0.96107 0.14793 0.39462 0.24182 -0.88645 0.89705 -0.19221 1 0 1.0
0 4.50928 -1.16678 0.10251 0.39462 0.24182 -0.88645 0.90186 -0.23336 1 0 1.0
cl_white
0 4.29974 -0.79283 0.35000 0.45783 0.84322 -0.28175 0.85995 0.07000 1 0 1.0
0 4.53515 -0.92065 0.35000 0.45783 0.84322 -0.28175 0.90703 0.07000 1 0 1.0
0 4.48524 -0.96107 0.14793 0.45783 0.84322 -0.28175 0.89705 0.02959 1 0 1.0
cl_white
0 4.29974 -0.79283 0.35000 0.37286 0.85215 -0.36718 0.85995 0.07000 1 0 1.0
0 4.48524 -0.96107 0.14793 0.37286 0.85215 -0.36718 0.89705 0.02959 1 0 1.0
0 4.28902 -0.89478 0.10251 0.37286 0.85215 -0.36718 0.85780 0.02050 1 0 1.0
cl_white
0 4.61124 -1.17750 0.35000 0.91105 0.18755 -0.36718 -0.23550 0.07000 1 0 1.0
0 4.50928 -1.16678 0.10251 0.91105 0.18755 -0.36718 -0.23336 0.02050 1 0 1.0
0 4.48524 -0.96107 0.14793 0.91105 0.18755 -0.36718 -0.19221 0.02959 1 0 1.0
cl_white
0 4.61124 -1.17750 0.35000 0.91998 0.27251 -0.28175 -0.23550 0.07000 1 0 1.0
0 4.48524 -0.96107 0.14793 0.91998 0.27251 -0.28175 -0.19221 0.02959 1 0 1.0
0 4.53515 -0.92065 0.35000 0.91998 0.27251 -0.28175 -0.18413 0.07000 1 0 1.0
cl_white
0 4.26315 -1.14091 0.80000 0.39462 0.24182 0.88645 0.85263 -0.22818 1 0 1.0
0 4.50928 -1.16678 0.69749 0.39462 0.24182 0.88645 0.90186 -0.23336 1 0 1.0
0 4.48524 -0.96107 0.65207 0.39462 0.24182 0.88645 0.89705 -0.19221 1 0 1.0
cl_white
0 4.26315 -1.14091 0.80000 0.31858 0.33572 0.88645 0.85263 -0.22818 1 0 1.0
0 4.48524 -0.96107 0.65207 0.31858 0.33572 0.88645 0.89705 -0.19221 1 0 1.0
0 4.28902 -0.89478 0.69749 0.31858 0.33572 0.88645 0.85780 -0.17896 1 0 1.0
cl_white
0 4.61124 -1.17750 0.45000 0.91998 0.27251 0.28175 -0.23550 0.09000 1 0 1.0
0 4.53515 -0.92065 0.45000 0.91998 0.27251 0.28175 -0.18413 0.09000 1 0 1.0
0 4.48524 -0.96107 0.65207 0.91998 0.27251 0.28175 -0.19221 0.13041 1 0 1.0
cl_white
0 4.61124 -1.17750 0.45000 0.91105 0.18755 0.36718 -0.23550 0.09000 1 0 1.0
0 4.48524 -0.96107 0.65207 0.91105 0.18755 0.36718 -0.19221 0.13041 1 0 1.0
0 4.50928 -1.16678 0.69749 0.91105 0.18755 0.36718 -0.23336 0.13950 1 0 1.0
cl_white
0 4.29974 -0.79283 0.45000 0.37286 0.85214 0.36718 0.85995 0.09000 1 0 1.0
0 4.28902 -0.89478 0.69749 0.37286 0.85214 0.36718 0.85780 0.13950 1 0 1.0
0 4.48524 -0.96107 0.65207 0.37286 0.85214 0.36718 0.89705 0.13041 1 0 1.0
cl_white
0 4.29974 -0.79283 0.45000 0.45783 0.84321 0.28175 0.85995 0.09000 1 0 1.0
0 4.48524 -0.96107 0.65207 0.45783 0.84321 0.28175 0.89705 0.13041 1 0 1.0
0 4.53515 -0.92065 0.45000 0.45783 0.84321 0.28175 0.90703 0.09000 1 0 1.0
cl_white
0 -3.99138 -0.27333 0.00000 -0.38059 0.04000 -0.92388 -0.79828 -0.05467 1 0 1.0
0 -4.26315 -2.85909 0.00000 -0.38059 0.04000 -0.92388 -0.85263 -0.57182 1 0 1.0
0 -4.50928 -2.83322 0.10251 -0.38059 0.04000 -0.92388 -0.90186 -0.56664 1 0 1.0
cl_white
0 -3.99138 -0.27333 0.00000 -0.38059 0.04000 -0.92388 -0.79828 -0.05467 1 0 1.0
0 -4.50928 -2.83322 0.10251 -0.38059 0.04000 -0.92388 -0.90186 -0.56664 1 0 1.0
0 -4.23751 -0.24746 0.10251 -0.38059 0.04000 -0.92388 -0.84750 -0.04949 1 0 1.0
cl_white
0 -4.23751 -0.24746 0.10251 -0.91882 0.09657 -0.38268 -0.04949 0.02050 1 0 1.0
0 -4.50928 -2.83322 0.10251 -0.91882 0.09657 -0.38268 -0.56664 0.02050 1 0 1.0
0 -4.61124 -2.82250 0.35000 -0.91882 0.09657 -0.38268 -0.56450 0.07000 1 0 1.0
cl_white
0 -4.23751 -0.24746 0.10251 -0.91882 0.09657 -0.38268 -0.04949 0.02050 1 0 1.0
0 -4.61124 -2.82250 0.35000 -0.91882 0.09657 -0.38268 -0.56450 0.07000 1 0 1.0
0 -4.33946 -0.23674 0.35000 -0.91882 0.09657 -0.38268 -0.04735 0.07000 1 0 1.0
cl_white
0 -4.29974 -3.20717 0.35000 -0.47716 -0.87882 0.00000 -0.85995 0.07000 1 0 1.0
0 -4.29974 -3.20717 0.45000 -0.47716 -0.87882 0.00000 -0.85995 0.09000 1 0 1.0
0 -4.53515 -3.07935 0.45000 -0.47716 -0.87882 0.00000 -0.90703 0.09000 1 0 1.0
cl_white
0 -4.29974 -3.20717 0.35000 -0.47716 -0.87882 0.00000 -0.85995 0.07000 1 0 1.0
0 -4.53515 -3.07935 0.45000 -0.47716 -0.87882 0.00000 -0.90703 0.09000 1 0 1.0
0 -4.53515 -3.07935 0.35000 -0.47716 -0.87882 0.00000 -0.90703 0.07000 1 0 1.0
cl_white
0 -4.53515 -3.07935 0.35000 -0.95882 -0.28401 0.00000 -0.61587 0.07000 1 0 1.0
0 -4.53515 -3.07935 0.45000 -0.95882 -0.28401 0.00000 -0.61587 0.09000 1 0 1.0
0 -4.61124 -2.82250 0.45000 -0.95882 -0.28401 0.00000 -0.56450 0.09000 1 0 1.0
cl_white
0 -4.53515 -3.07935 0.35000 -0.95882 -0.28401 0.00000 -0.61587 0.07000 1 0 1.0
0 -4.61124 -2.82250 0.45000 -0.95882 -0.28401 0.00000 -0.56450 0.09000 1 0 1.0
0 -4.61124 -2.82250 0.35000 -0.95882 -0.28401 0.00000 -0.56450 0.07000 1 0 1.0
cl_white
0 -4.26315 -2.85909 0.80000 -0.38059 0.04000 0.92388 -0.85263 -0.57182 1 0 1.0
0 -3.99138 -0.27333 0.80000 -0.38059 0.04000 0.92388 -0.79828 -0.05467 1 0 1.0
0 -4.23751 -0.24746 0.69749 -0.38059 0.04000 0.92388 -0.84750 -0.04949 1 0 1.0
cl_white
0 -4.26315 -2.85909 0.80000 -0.38059 0.04000 0.92388 -0.85263 -0.57182 1 0 1.0
0 -4.23751 -0.24746 0.69749 -0.38059 0.04000 0.92388 -0.84750 -0.04949 1 0 1.0
0 -4.50928 -2.83322 0.69749 -0.38059 0.04000 0.92388 -0.90186 -0.56664 1 0 1.0
cl_white
0 -4.50928 -2.83322 0.69749 -0.91882 0.09657 0.38268 -0.56664 0.13950 1 0 1.0
0 -4.23751 -0.24746 0.69749 -0.91882 0.09657 0.38268 -0.04949 0.13950 1 0 1.0
0 -4.33946 -0.23674 0.45000 -0.91882 0.09657 0.38268 -0.04735 0.09000 1 0 1.0
cl_white
0 -4.50928 -2.83322 0.69749 -0.91882 0.09657 0.38268 -0.56664 0.13950 1 0 1.0
0 -4.33946 -0.23674 0.45000 -0.91882 0.09657 0.38268 -0.04735 0.09000 1 0 1.0
0 -4.61124 -2.82250 0.45000 -0.91882 0.09657 0.38268 -0.56450 0.09000 1 0 1.0
cl_white
0 -3.95479 0.07475 0.45000 -0.28402 0.95882 0.00000 -0.79096 0.09000 1 0 1.0
0 -3.95479 0.07475 0.35000 -0.28402 0.95882 0.00000 -0.79096 0.07000 1 0 1.0
0 -4.21164 -0.00133 0.35000 -0.28402 0.95882 0.00000 -0.84233 0.07000 1 0 1.0
cl_white
0 -3.95479 0.07475 0.45000 -0.28401 0.95882 -0.00000 -0.79096 0.09000 1 0 1.0
0 -4.21164 -0.00133 0.35000 -0.28401 0.95882 -0.00000 -0.84233 0.07000 1 0 1.0
0 -4.21164 -0.00133 0.45000 -0.28401 0.95882 -0.00000 -0.84233 0.09000 1 0 1.0
cl_white
0 -4.21164 -0.00133 0.45000 -0.87882 0.47716 -0.00000 -0.00027 0.09000 1 0 1.0
0 -4.21164 -0.00133 0.35000 -0.87882 0.47716 -0.00000 -0.00027 0.07000 1 0 1.0
0 -4.33946 -0.23674 0.35000 -0.87882 0.47716 -0.00000 -0.04735 0.07000 1 0 1.0
cl_white
0 -4.21164 -0.00133 0.45000 -0.87882 0.47716 0.00000 -0.00027 0.09000 1 0 1.0
0 -4.33946 -0.23674 0.35000 -0.87882 0.47716 0.00000 -0.04735 0.07000 1 0 1.0
0 -4.33946 -0.23674 0.45000 -0.87882 0.47716 0.00000 -0.04735 0.09000 1 0 1.0
cl_white
0 4.26315 -1.14091 0.00000 0.04000 0.38059 -0.92388 0.85263 -0.22818 1 0 1.0
0 -3.99138 -0.27333 0.00000 0.04000 0.38059 -0.92388 -0.79828 -0.05467 1 0 1.0
0 -3.96551 -0.02720 0.10251 0.04000 0.38059 -0.92388 -0.79310 -0.00544 1 0 1.0
cl_white
0 4.26315 -1.14091 0.00000 0.04000 0.38059 -0.92388 0.85263 -0.22818 1 0 1.0
0 -3.96551 -0.02720 0.10251 0.04000 0.38059 -0.92388 -0.79310 -0.00544 1 0 1.0
0 4.28902 -0.89478 0.10251 0.04000 0.38059 -0.92388 0.85780 -0.17896 1 0 1.0
cl_white
0 4.28902 -0.89478 0.10251 0.09657 0.91882 -0.38268 0.85780 0.02050 1 0 1.0
0 -3.96551 -0.02720 0.10251 0.09657 0.91882 -0.38268 -0.79310 0.02050 1 0 1.0
0 -3.95479 0.07475 0.35000 0.09657 0.91882 -0.38268 -0.79096 0.07000 1 0 1.0
cl_white
0 4.28902 -0.89478 0.10251 0.09657 0.91882 -0.38268 0.85780 0.02050 1 0 1.0
0 -3.95479 0.07475 0.35000 0.09657 0.91882 -0.38268 -0.79096 0.07000 1 0 1.0
0 4.29974 -0.79283 0.35000 0.09657 0.91882 -0.38268 0.85995 0.07000 1 0 1.0
cl_white
0 -3.99138 -0.27333 0.80000 0.04000 0.38059 0.92388 -0.79828 -0.05467 1 0 1.0
0 4.26315 -1.14091 0.80000 0.04000 0.38059 0.92388 0.85263 -0.22818 1 0 1.0
0 4.28902 -0.89478 0.69749 0.04000 0.38059 0.92388 0.85780 -0.17896 1 0 1.0
cl_white
0 -3.99138 -0.27333 0.80000 0.04000 0.38059 0.92388 -0.79828 -0.05467 1 0 1.0
0 4.28902 -0.89478 0.69749 0.04000 0.38059 0.92388 0.85780 -0.17896 1 0 1.0
0 -3.96551 -0.02720 0.69749 0.04000 0.38059 0.92388 -0.79310 -0.00544 1 0 1.0
cl_white
0 -3.96551 -0.02720 0.69749 0.09657 0.91882 0.38268 -0.79310 0.13950 1 0 1.0
0 4.28902 -0.89478 0.69749 0.09657 0.91882 0.38268 0.85780 0.13950 1 0 1.0
0 4.29974 -0.79283 0.45000 0.09657 0.91882 0.38268 0.85995 0.09000 1 0 1.0
cl_white
0 -3.96551 -0.02720 0.69749 0.09657 0.91882 0.38268 -0.79310 0.13950 1 0 1.0
0 4.29974 -0.79283 0.45000 0.09657 0.91882 0.38268 0.85995 0.09000 1 0 1.0
0 -3.95479 0.07475 0.45000 0.09657 0.91882 0.38268 -0.79096 0.09000 1 0 1.0
cl_white
0 4.61124 -1.17750 0.45000 0.95882 0.28401 0.00000 -0.23550 0.09000 1 0 1.0
0 4.61124 -1.17750 0.35000 0.95882 0.28401 0.00000 -0.23550 0.07000 1 0 1.0
0 4.53515 -0.92065 0.35000 0.95882 0.28401 0.00000 -0.18413 0.07000 1 0 1.0
cl_white
0 4.61124 -1.17750 0.45000 0.95882 0.28402 0.00000 -0.23550 0.09000 1 0 1.0
0 4.53515 -0.92065 0.35000 0.95882 0.28402 0.00000 -0.18413 0.07000 1 0 1.0
0 4.53515 -0.92065 0.45000 0.95882 0.28402 0.00000 -0.18413 0.09000 1 0 1.0
cl_white
0 4.53515 -0.92065 0.45000 0.47716 0.87882 0.00000 0.90703 0.09000 1 0 1.0
0 4.53515 -0.92065 0.35000 0.47716 0.87882 0.00000 0.90703 0.07000 1 0 1.0
0 4.29974 -0.79283 0.35000 0.47716 0.87882 0.00000 0.85995 0.07000 1 0 1.0
cl_white
0 4.53515 -0.92065 0.45000 0.47716 0.87882 0.00000 0.90703 0.09000 1 0 1.0
0 4.29974 -0.79283 0.35000 0.47716 0.87882 0.00000 0.85995 0.07000 1 0 1.0
0 4.29974 -0.79283 0.45000 0.47716 0.87882 0.00000 0.85995 0.09000 1 0 1.0
cl_white
0 3.99138 -3.72667 0.00000 0.38059 -0.04000 -0.92388 0.79828 -0.74533 1 0 1.0
0 4.26315 -1.14091 0.00000 0.38059 -0.04000 -0.92388 0.85263 -0.22818 1 0 1.0
0 4.50928 -1.16678 0.10251 0.38059 -0.04000 -0.92388 0.90186 -0.23336 1 0 1.0
cl_white
0 3.99138 -3.72667 0.00000 0.38059 -0.04000 -0.92388 0.79828 -0.74533 1 0 1.0
0 4.50928 -1.16678 0.10251 0.38059 -0.04000 -0.92388 0.90186 -0.23336 1 0 1.0
0 4.23751 -3.75254 0.10251 0.38059 -0.04000 -0.92388 0.84750 -0.75051 1 0 1.0
cl_white
0 4.23751 -3.75254 0.10251 0.91882 -0.09657 -0.38268 -0.75051 0.02050 1 0 1.0
0 4.50928 -1.16678 0.10251 0.91882 -0.09657 -0.38268 -0.23336 0.02050 1 0 1.0
0 4.61124 -1.17750 0.35000 0.91882 -0.09657 -0.38268 -0.23550 0.07000 1 0 1.0
cl_white
0 4.23751 -3.75254 0.10251 0.91882 -0.09657 -0.38268 -0.75051 0.02050 1 0 1.0
0 4.61124 -1.17750 0.35000 0.91882 -0.09657 -0.38268 -0.23550 0.07000 1 0 1.0
0 4.33946 -3.76326 0.35000 0.91882 -0.09657 -0.38268 -0.75265 0.07000 1 0 1.0
cl_white
0 4.26315 -1.14091 0.80000 0.38059 -0.04000 0.92388 0.85263 -0.22818 1 0 1.0
0 3.99138 -3.72667 0.80000 0.38059 -0.04000 0.92388 0.79828 -0.74533 1 0 1.0
0 4.23751 -3.75254 0.69749 0.38059 -0.04000 0.92388 0.84750 -0.75051 1 0 1.0
cl_white
0 4.26315 -1.14091 0.80000 0.38059 -0.04000 0.92388 0.85263 -0.22818 1 0 1.0
0 4.23751 -3.75254 0.69749 0.38059 -0.04000 0.92388 0.84750 -0.75051 1 0 1.0
0 4.50928 -1.16678 0.69749 0.38059 -0.04000 0.92388 0.90186 -0.23336 1 0 1.0
cl_white
0 4.50928 -1.16678 0.69749 0.91882 -0.09657 0.38268 -0.23336 0.13950 1 0 1.0
0 4.23751 -3.75254 0.69749 0.91882 -0.09657 0.38268 -0.75051 0.13950 1 0 1.0
0 4.33946 -3.76326 0.45000 0.91882 -0.09657 0.38268 -0.75265 0.09000 1 0 1.0
cl_white
0 4.50928 -1.16678 0.69749 0.91882 -0.09657 0.38268 -0.23336 0.13950 1 0 1.0
0 4.33946 -3.76326 0.45000 0.91882 -0.09657 0.38268 -0.75265 0.09000 1 0 1.0
0 4.61124 -1.17750 0.45000 0.91882 -0.09657 0.38268 -0.23550 0.09000 1 0 1.0
cl_white
0 3.95479 -4.07475 0.45000 0.28402 -0.95882 0.00000 0.79096 0.09000 1 0 1.0
0 3.95479 -4.07475 0.35000 0.28402 -0.95882 0.00000 0.79096 0.07000 1 0 1.0
0 4.21164 -3.99867 0.35000 0.28402 -0.95882 0.00000 0.84233 0.07000 1 0 1.0
cl_white
0 3.95479 -4.07475 0.45000 0.28401 -0.95882 -0.00000 0.79096 0.09000 1 0 1.0
0 4.21164 -3.99867 0.35000 0.28401 -0.95882 -0.00000 0.84233 0.07000 1 0 1.0
0 4.21164 -3.99867 0.45000 0.28401 -0.95882 -0.00000 0.84233 0.09000 1 0 1.0
cl_white
0 4.21164 -3.99867 0.45000 0.87882 -0.47716 -0.00000 -0.79973 0.09000 1 0 1.0
0 4.21164 -3.99867 0.35000 0.87882 -0.47716 -0.00000 -0.79973 0.07000 1 0 1.0
0 4.33946 -3.76326 0.35000 0.87882 -0.47716 -0.00000 -0.75265 0.07000 1 0 1.0
cl_white
0 4.21164 -3.99867 0.45000 0.87882 -0.47716 0.00000 -0.79973 0.09000 1 0 1.0
0 4.33946 -3.76326 0.35000 0.87882 -0.47716 0.00000 -0.75265 0.07000 1 0 1.0
0 4.33946 -3.76326 0.45000 0.87882 -0.47716 0.00000 -0.75265 0.09000 1 0 1.0
cl_white
0 -4.26315 -2.85909 0.00000 -0.04000 -0.38059 -0.92388 -0.85263 -0.57182 1 0 1.0
0 3.99138 -3.72667 0.00000 -0.04000 -0.38059 -0.92388 0.79828 -0.74533 1 0 1.0
0 3.96551 -3.97280 0.10251 -0.04000 -0.38059 -0.92388 0.79310 -0.79456 1 0 1.0
cl_white
0 -4.26315 -2.85909 0.00000 -0.04000 -0.38059 -0.92388 -0.85263 -0.57182 1 0 1.0
0 3.96551 -3.97280 0.10251 -0.04000 -0.38059 -0.92388 0.79310 -0.79456 1 0 1.0
0 -4.28902 -3.10522 0.10251 -0.04000 -0.38059 -0.92388 -0.85780 -0.62104 1 0 1.0
cl_white
0 -4.28902 -3.10522 0.10251 -0.09657 -0.91882 -0.38268 -0.85780 0.02050 1 0 1.0
0 3.96551 -3.97280 0.10251 -0.09657 -0.91882 -0.38268 0.79310 0.02050 1 0 1.0
0 3.95479 -4.07475 0.35000 -0.09657 -0.91882 -0.38268 0.79096 0.07000 1 0 1.0
cl_white
0 -4.28902 -3.10522 0.10251 -0.09657 -0.91882 -0.38268 -0.85780 0.02050 1 0 1.0
0 3.95479 -4.07475 0.35000 -0.09657 -0.91882 -0.38268 0.79096 0.07000 1 0 1.0
0 -4.29974 -3.20717 0.35000 -0.09657 -0.91882 -0.38268 -0.85995 0.07000 1 0 1.0
cl_white
0 3.99138 -3.72667 0.80000 -0.04000 -0.38059 0.92388 0.79828 -0.74533 1 0 1.0
0 -4.26315 -2.85909 0.80000 -0.04000 -0.38059 0.92388 -0.85263 -0.57182 1 0 1.0
0 -4.28902 -3.10522 0.69749 -0.04000 -0.38059 0.92388 -0.85780 -0.62104 1 0 1.0
cl_white
0 3.99138 -3.72667 0.80000 -0.04000 -0.38059 0.92388 0.79828 -0.74533 1 0 1.0
0 -4.28902 -3.10522 0.69749 -0.04000 -0.38059 0.92388 -0.85780 -0.62104 1 0 1.0
0 3.96551 -3.97280 0.69749 -0.04000 -0.38059 0.92388 0.79310 -0.79456 1 0 1.0
cl_white
0 3.96551 -3.97280 0.69749 -0.09657 -0.91882 0.38268 0.79310 0.13950 1 0 1.0
0 -4.28902 -3.10522 0.69749 -0.09657 -0.91882 0.38268 -0.85780 0.13950 1 0 1.0
0 -4.29974 -3.20717 0.45000 -0.09657 -0.91882 0.38268 -0.85995 0.09000 1 0 1.0
cl_white
0 3.96551 -3.97280 0.69749 -0.09657 -0.91882 0.38268 0.79310 0.13950 1 0 1.0
0 -4.29974 -3.20717 0.45000 -0.09657 -0.91882 0.38268 -0.85995 0.09000 1 0 1.0
0 3.95479 -4.07475 0.45000 -0.09657 -0.91882 0.38268 0.79096 0.09000 1 0 1.0
cl_white
0 -3.99138 -0.27333 0.00000 0.00000 0.00000 -1.00000 -0.79828 -0.05467 1 0 1.0
0 4.26315 -1.14091 0.00000 0.00000 0.00000 -1.00000 0.85263 -0.22818 1 0 1.0
0 3.99138 -3.72667 0.00000 0.00000 0.00000 -1.00000 0.79828 -0.74533 1 0 1.0
cl_white
0 -3.99138 -0.27333 0.00000 0.00000 0.00000 -1.00000 -0.79828 -0.05467 1 0 1.0
0 3.99138 -3.72667 0.00000 0.00000 0.00000 -1.00000 0.79828 -0.74533 1 0 1.0
0 -4.26315 -2.85909 0.00000 0.00000 0.00000 -1.00000 -0.85263 -0.57182 1 0 1.0
cl_white
0 -4.61124 -2.82250 0.35000 -0.99452 0.10453 0.00000 -0.56450 0.07000 1 0 1.0
0 -4.61124 -2.82250 0.45000 -0.99452 0.10453 0.00000 -0.56450 0.09000 1 0 1.0
0 -4.33946 -0.23674 0.45000 -0.99452 0.10453 0.00000 -0.04735 0.09000 1 0 1.0
cl_white
0 -4.61124 -2.82250 0.35000 -0.99452 0.10453 0.00000 -0.56450 0.07000 1 0 1.0
0 -4.33946 -0.23674 0.45000 -0.99452 0.10453 0.00000 -0.04735 0.09000 1 0 1.0
0 -4.33946 -0.23674 0.35000 -0.99452 0.10453 0.00000 -0.04735 0.07000 1 0 1.0
cl_white
0 3.95479 -4.07475 0.35000 -0.10453 -0.99452 0.00000 0.79096 0.07000 1 0 1.0
0 3.95479 -4.07475 0.45000 -0.10453 -0.99452 0.00000 0.79096 0.09000 1 0 1.0
0 -4.29974 -3.20717 0.45000 -0.10453 -0.99452 0.00000 -0.85995 0.09000 1 0 1.0
cl_white
0 3.95479 -4.07475 0.35000 -0.10453 -0.99452 0.00000 0.79096 0.07000 1 0 1.0
0 -4.29974 -3.20717 0.45000 -0.10453 -0.99452 0.00000 -0.85995 0.09000 1 0 1.0
0 -4.29974 -3.20717 0.35000 -0.10453 -0.99452 0.00000 -0.85995 0.07000 1 0 1.0
cl_white
0 4.26315 -1.14091 0.80000 0.00000 0.00000 1.00000 0.85263 -0.22818 1 0 1.0
0 -3.99138 -0.27333 0.80000 0.00000 0.00000 1.00000 -0.79828 -0.05467 1 0 1.0
0 -4.26315 -2.85909 0.80000 0.00000 0.00000 1.00000 -0.85263 -0.57182 1 0 1.0
cl_white
0 4.26315 -1.14091 0.80000 0.00000 0.00000 1.00000 0.85263 -0.22818 1 0 1.0
0 -4.26315 -2.85909 0.80000 0.00000 0.00000 1.00000 -0.85263 -0.57182 1 0 1.0
0 3.99138 -3.72667 0.80000 0.00000 0.00000 1.00000 0.79828 -0.74533 1 0 1.0
cl_white
0 -3.95479 0.07475 0.35000 0.10453 0.99452 0.00000 -0.79096 0.07000 1 0 1.0
0 -3.95479 0.07475 0.45000 0.10453 0.99452 0.00000 -0.79096 0.09000 1 0 1.0
0 4.29974 -0.79283 0.45000 0.10453 0.99452 0.00000 0.85995 0.09000 1 0 1.0
cl_white
0 -3.95479 0.07475 0.35000 0.10453 0.99452 0.00000 -0.79096 0.07000 1 0 1.0
0 4.29974 -0.79283 0.45000 0.10453 0.99452 0.00000 0.85995 0.09000 1 0 1.0
0 4.29974 -0.79283 0.35000 0.10453 0.99452 0.00000 0.85995 0.07000 1 0 1.0
cl_white
0 4.61124 -1.17750 0.35000 0.99452 -0.10453 0.00000 -0.23550 0.07000 1 0 1.0
0 4.61124 -1.17750 0.45000 0.99452 -0.10453 0.00000 -0.23550 0.09000 1 0 1.0
0 4.33946 -3.76326 0.45000 0.99452 -0.10453 0.00000 -0.75265 0.09000 1 0 1.0
cl_white
0 4.61124 -1.17750 0.35000 0.99452 -0.10453 0.00000 -0.23550 0.07000 1 0 1.0
0 4.33946 -3.76326 0.45000 0.99452 -0.10453 0.00000 -0.75265 0.09000 1 0 1.0
0 4.33946 -3.76326 0.35000 0.99452 -0.10453 0.00000 -0.75265 0.07000 1 0 1.0
cl_white
0 -3.99138 0.27333 0.00000 -0.24182 -0.39462 -0.88645 -0.79828 0.05467 1 0 1.0
0 -3.96551 0.02720 0.10251 -0.24182 -0.39462 -0.88645 -0.79310 0.00544 1 0 1.0
0 -4.17122 0.05124 0.14793 -0.24182 -0.39462 -0.88645 -0.83424 0.01025 1 0 1.0
cl_white
0 -3.99138 0.27333 0.00000 -0.33572 -0.31858 -0.88645 -0.79828 0.05467 1 0 1.0
0 -4.17122 0.05124 0.14793 -0.33572 -0.31858 -0.88645 -0.83424 0.01025 1 0 1.0
0 -4.23751 0.24746 0.10251 -0.33572 -0.31858 -0.88645 -0.84750 0.04949 1 0 1.0
cl_white
0 -3.95479 -0.07475 0.35000 -0.27251 -0.91998 -0.28175 -0.79096 0.07000 1 0 1.0
0 -4.21164 0.00133 0.35000 -0.27251 -0.91998 -0.28175 -0.84233 0.07000 1 0 1.0
0 -4.17122 0.05124 0.14793 -0.27251 -0.91998 -0.28175 -0.83424 0.02959 1 0 1.0
cl_white
0 -3.95479 -0.07475 0.35000 -0.18754 -0.91105 -0.36718 -0.79096 0.07000 1 0 1.0
0 -4.17122 0.05124 0.14793 -0.18754 -0.91105 -0.36718 -0.83424 0.02959 1 0 1.0
0 -3.96551 0.02720 0.10251 -0.18754 -0.91105 -0.36718 -0.79310 0.02050 1 0 1.0
cl_white
0 -4.33946 0.23674 0.35000 -0.85215 -0.37286 -0.36718 0.04735 0.07000 1 0 1.0
0 -4.23751 0.24746 0.10251 -0.85215 -0.37286 -0.36718 0.04949 0.02050 1 0 1.0
0 -4.17122 0.05124 0.14793 -0.85215 -0.37286 -0.36718 0.01025 0.02959 1 0 1.0
cl_white
0 -4.33946 0.23674 0.35000 -0.84322 -0.45783 -0.28175 0.04735 0.07000 1 0 1.0
0 -4.17122 0.05124 0.14793 -0.84322 -0.45783 -0.28175 0.01025 0.02959 1 0 1.0
0 -4.21164 0.00133 0.35000 -0.84322 -0.45783 -0.28175 0.00027 0.07000 1 0 1.0
cl_white
0 -3.95479 -0.07475 0.45000 -0.18754 -0.91105 0.36718 -0.79096 0.09000 1 0 1.0
0 -3.96551 0.02720 0.69749 -0.18754 -0.91105 0.36718 -0.79310 0.13950 1 0 1.0
0 -4.17122 0.05124 0.65207 -0.18754 -0.91105 0.36718 -0.83424 0.13041 1 0 1.0
cl_white
0 -3.95479 -0.07475 0.45000 -0.27251 -0.91998 0.28175 -0.79096 0.09000 1 0 1.0
0 -4.17122 0.05124 0.65207 -0.27251 -0.91998 0.28175 -0.83424 0.13041 1 0 1.0
0 -4.21164 0.00133 0.45000 -0.27251 -0.91998 0.28175 -0.84233 0.09000 1 0 1.0
cl_white
0 -3.99138 0.27333 0.80000 -0.33572 -0.31858 0.88645 -0.79828 0.05467 1 0 1.0
0 -4.23751 0.24746 0.69749 -0.33572 -0.31858 0.88645 -0.84750 0.04949 1 0 1.0
0 -4.17122 0.05124 0.65207 -0.33572 -0.31858 0.88645 -0.83424 0.01025 1 0 1.0
cl_white
0 -3.99138 0.27333 0.80000 -0.24182 -0.39462 0.88645 -0.79828 0.05467 1 0 1.0
0 -4.17122 0.05124 0.65207 -0.24182 -0.39462 0.88645 -0.83424 0.01025 1 0 1.0
0 -3.96551 0.02720 0.69749 -0.24182 -0.39462 0.88645 -0.79310 0.00544 1 0 1.0
cl_white
0 -4.33946 0.23674 0.45000 -0.84322 -0.45783 0.28175 0.04735 0.09000 1 0 1.0
0 -4.21164 0.00133 0.45000 -0.84322 -0.45783 0.28175 0.00027 0.09000 1 0 1.0
0 -4.17122 0.05124 0.65207 -0.84322 -0.45783 0.28175 0.01025 0.13041 1 0 1.0
cl_white
0 -4.33946 0.23674 0.45000 -0.85215 -0.37286 0.36718 0.04735 0.09000 1 0 1.0
0 -4.17122 0.05124 0.65207 -0.85215 -0.37286 0.36718 0.01025 0.13041 1 0 1.0
0 -4.23751 0.24746 0.69749 -0.85215 -0.37286 0.36718 0.04949 0.13950 1 0 1.0
cl_white
0 -4.26315 2.85909 0.00000 -0.39462 0.24182 -0.88645 -0.85263 0.57182 1 0 1.0
0 -4.50928 2.83322 0.10251 -0.39462 0.24182 -0.88645 -0.90186 0.56664 1 0 1.0
0 -4.48524 3.03893 0.14793 -0.39462 0.24182 -0.88645 -0.89705 0.60779 1 0 1.0
cl_white
0 -4.26315 2.85909 0.00000 -0.31858 0.33572 -0.88645 -0.85263 0.57182 1 0 1.0
0 -4.48524 3.03893 0.14793 -0.31858 0.33572 -0.88645 -0.89705 0.60779 1 0 1.0
0 -4.28902 3.10522 0.10251 -0.31858 0.33572 -0.88645 -0.85780 0.62104 1 0 1.0
cl_white
0 -4.61124 2.82250 0.35000 -0.91998 0.27251 -0.28175 0.56450 0.07000 1 0 1.0
0 -4.53515 3.07935 0.35000 -0.91998 0.27251 -0.28175 0.61587 0.07000 1 0 1.0
0 -4.48524 3.03893 0.14793 -0.91998 0.27251 -0.28175 0.60779 0.02959 1 0 1.0
cl_white
0 -4.61124 2.82250 0.35000 -0.91105 0.18755 -0.36718 0.56450 0.07000 1 0 1.0
0 -4.48524 3.03893 0.14793 -0.91105 0.18755 -0.36718 0.60779 0.02959 1 0 1.0
0 -4.50928 2.83322 0.10251 -0.91105 0.18755 -0.36718 0.56664 0.02050 1 0 1.0
cl_white
0 -4.29974 3.20717 0.35000 -0.37286 0.85215 -0.36718 -0.85995 0.07000 1 0 1.0
0 -4.28902 3.10522 0.10251 -0.37286 0.85215 -0.36718 -0.85780 0.02050 1 0 1.0
0 -4.48524 3.03893 0.14793 -0.37286 0.85215 -0.36718 -0.89705 0.02959 1 0 1.0
cl_white
0 -4.29974 3.20717 0.35000 -0.45783 0.84321 -0.28175 -0.85995 0.07000 1 0 1.0
0 -4.48524 3.03893 0.14793 -0.45783 0.84321 -0.28175 -0.89705 0.02959 1 0 1.0
0 -4.53515 3.07935 0.35000 -0.45783 0.84321 -0.28175 -0.90703 0.07000 1 0 1.0
cl_white
0 -4.26315 2.85909 0.80000 -0.31858 0.33572 0.88645 -0.85263 0.57182 1 0 1.0
0 -4.28902 3.10522 0.69749 -0.31858 0.33572 0.88645 -0.85780 0.62104 1 0 1.0
0 -4.48524 3.03893 0.65207 -0.31858 0.33572 0.88645 -0.89705 0.60779 1 0 1.0
cl_white
0 -4.26315 2.85909 0.80000 -0.39462 0.24182 0.88645 -0.85263 0.57182 1 0 1.0
0 -4.48524 3.03893 0.65207 -0.39462 0.24182 0.88645 -0.89705 0.60779 1 0 1.0
0 -4.50928 2.83322 0.69749 -0.39462 0.24182 0.88645 -0.90186 0.56664 1 0 1.0
cl_white
0 -4.29974 3.20717 0.45000 -0.45783 0.84322 0.28175 -0.85995 0.09000 1 0 1.0
0 -4.53515 3.07935 0.45000 -0.45783 0.84322 0.28175 -0.90703 0.09000 1 0 1.0
0 -4.48524 3.03893 0.65207 -0.45783 0.84322 0.28175 -0.89705 0.13041 1 0 1.0
cl_white
0 -4.29974 3.20717 0.45000 -0.37286 0.85215 0.36718 -0.85995 0.09000 1 0 1.0
0 -4.48524 3.03893 0.65207 -0.37286 0.85215 0.36718 -0.89705 0.13041 1 0 1.0
0 -4.28902 3.10522 0.69749 -0.37286 0.85215 0.36718 -0.85780 0.13950 1 0 1.0
cl_white
0 -4.61124 2.82250 0.45000 -0.91105 0.18755 0.36718 0.56450 0.09000 1 0 1.0
0 -4.50928 2.83322 0.69749 -0.91105 0.18755 0.36718 0.56664 0.13950 1 0 1.0
0 -4.48524 3.03893 0.65207 -0.91105 0.18755 0.36718 0.60779 0.13041 1 0 1.0
cl_white
0 -4.61124 2.82250 0.45000 -0.91998 0.27251 0.28175 0.56450 0.09000 1 0 1.0
0 -4.48524 3.03893 0.65207 -0.91998 0.27251 0.28175 0.60779 0.13041 1 0 1.0
0 -4.53515 3.07935 0.45000 -0.91998 0.27251 0.28175 0.61587 0.09000 1 0 1.0
cl_white
0 4.26315 1.14091 0.00000 0.39462 -0.24182 -0.88645 0.85263 0.22818 1 0 1.0
0 4.50928 1.16678 0.10251 0.39462 -0.24182 -0.88645 0.90186 0.23336 1 0 1.0
0 4.48524 0.96107 0.14793 0.39462 -0.24182 -0.88645 0.89705 0.19221 1 0 1.0
cl_white
0 4.26315 1.14091 0.00000 0.31858 -0.33572 -0.88645 0.85263 0.22818 1 0 1.0
0 4.48524 0.96107 0.14793 0.31858 -0.33572 -0.88645 0.89705 0.19221 1 0 1.0
0 4.28902 0.89478 0.10251 0.31858 -0.33572 -0.88645 0.85780 0.17896 1 0 1.0
cl_white
0 4.61124 1.17750 0.35000 0.91998 -0.27251 -0.28175 0.23550 0.07000 1 0 1.0
0 4.53515 0.92065 0.35000 0.91998 -0.27251 -0.28175 0.18413 0.07000 1 0 1.0
0 4.48524 0.96107 0.14793 0.91998 -0.27251 -0.28175 0.19221 0.02959 1 0 1.0
cl_white
0 4.61124 1.17750 0.35000 0.91105 -0.18755 -0.36718 0.23550 0.07000 1 0 1.0
0 4.48524 0.96107 0.14793 0.91105 -0.18755 -0.36718 0.19221 0.02959 1 0 1.0
0 4.50928 1.16678 0.10251 0.91105 -0.18755 -0.36718 0.23336 0.02050 1 0 1.0
cl_white
0 4.29974 0.79283 0.35000 0.37286 -0.85215 -0.36718 0.85995 0.07000 1 0 1.0
0 4.28902 0.89478 0.10251 0.37286 -0.85215 -0.36718 0.85780 0.02050 1 0 1.0
0 4.48524 0.96107 0.14793 0.37286 -0.85215 -0.36718 0.89705 0.02959 1 0 1.0
cl_white
0 4.29974 0.79283 0.35000 0.45783 -0.84321 -0.28175 0.85995 0.07000 1 0 1.0
0 4.48524 0.96107 0.14793 0.45783 -0.84321 -0.28175 0.89705 0.02959 1 0 1.0
0 4.53515 0.92065 0.35000 0.45783 -0.84321 -0.28175 0.90703 0.07000 1 0 1.0
cl_white
0 4.26315 1.14091 0.80000 0.31858 -0.33572 0.88645 0.85263 0.22818 1 0 1.0
0 4.28902 0.89478 0.69749 0.31858 -0.33572 0.88645 0.85780 0.17896 1 0 1.0
0 4.48524 0.96107 0.65207 0.31858 -0.33572 0.88645 0.89705 0.19221 1 0 1.0
cl_white
0 4.26315 1.14091 0.80000 0.39462 -0.24182 0.88645 0.85263 0.22818 1 0 1.0
0 4.48524 0.96107 0.65207 0.39462 -0.24182 0.88645 0.89705 0.19221 1 0 1.0
0 4.50928 1.16678 0.69749 0.39462 -0.24182 0.88645 0.90186 0.23336 1 0 1.0
cl_white
0 4.29974 0.79283 0.45000 0.45783 -0.84322 0.28175 0.85995 0.09000 1 0 1.0
0 4.53515 0.92065 0.45000 0.45783 -0.84322 0.28175 0.90703 0.09000 1 0 1.0
0 4.48524 0.96107 0.65207 0.45783 -0.84322 0.28175 0.89705 0.13041 1 0 1.0
cl_white
0 4.29974 0.79283 0.45000 0.37286 -0.85215 0.36718 0.85995 0.09000 1 0 1.0
0 4.48524 0.96107 0.65207 0.37286 -0.85215 0.36718 0.89705 0.13041 1 0 1.0
0 4.28902 0.89478 0.69749 0.37286 -0.85215 0.36718 0.85780 0.13950 1 0 1.0
cl_white
0 4.61124 1.17750 0.45000 0.91105 -0.18755 0.36718 0.23550 0.09000 1 0 1.0
0 4.50928 1.16678 0.69749 0.91105 -0.18755 0.36718 0.23336 0.13950 1 0 1.0
0 4.48524 0.96107 0.65207 0.91105 -0.18755 0.36718 0.19221 0.13041 1 0 1.0
cl_white
0 4.61124 1.17750 0.45000 0.91998 -0.27251 0.28175 0.23550 0.09000 1 0 1.0
0 4.48524 0.96107 0.65207 0.91998 -0.27251 0.28175 0.19221 0.13041 1 0 1.0
0 4.53515 0.92065 0.45000 0.91998 -0.27251 0.28175 0.18413 0.09000 1 0 1.0
cl_white
0 3.99138 3.72667 0.00000 0.24182 0.39462 -0.88645 0.79828 0.74533 1 0 1.0
0 3.96551 3.97280 0.10251 0.24182 0.39462 -0.88645 0.79310 0.79456 1 0 1.0
0 4.17122 3.94876 0.14793 0.24182 0.39462 -0.88645 0.83424 0.78975 1 0 1.0
cl_white
0 3.99138 3.72667 0.00000 0.33572 0.31858 -0.88645 0.79828 0.74533 1 0 1.0
0 4.17122 3.94876 0.14793 0.33572 0.31858 -0.88645 0.83424 0.78975 1 0 1.0
0 4.23751 3.75254 0.10251 0.33572 0.31858 -0.88645 0.84750 0.75051 1 0 1.0
cl_white
0 3.95479 4.07475 0.35000 0.27251 0.91998 -0.28175 0.79096 0.07000 1 0 1.0
0 4.21164 3.99867 0.35000 0.27251 0.91998 -0.28175 0.84233 0.07000 1 0 1.0
0 4.17122 3.94876 0.14793 0.27251 0.91998 -0.28175 0.83424 0.02959 1 0 1.0
cl_white
0 3.95479 4.07475 0.35000 0.18754 0.91105 -0.36718 0.79096 0.07000 1 0 1.0
0 4.17122 3.94876 0.14793 0.18754 0.91105 -0.36718 0.83424 0.02959 1 0 1.0
0 3.96551 3.97280 0.10251 0.18754 0.91105 -0.36718 0.79310 0.02050 1 0 1.0
cl_white
0 4.33946 3.76326 0.35000 0.85215 0.37286 -0.36718 0.75265 0.07000 1 0 1.0
0 4.23751 3.75254 0.10251 0.85215 0.37286 -0.36718 0.75051 0.02050 1 0 1.0
0 4.17122 3.94876 0.14793 0.85215 0.37286 -0.36718 0.78975 0.02959 1 0 1.0
cl_white
0 4.33946 3.76326 0.35000 0.84322 0.45783 -0.28175 0.75265 0.07000 1 0 1.0
0 4.17122 3.94876 0.14793 0.84322 0.45783 -0.28175 0.78975 0.02959 1 0 1.0
0 4.21164 3.99867 0.35000 0.84322 0.45783 -0.28175 0.79973 0.07000 1 0 1.0
cl_white
0 3.99138 3.72667 0.80000 0.33572 0.31858 0.88645 0.79828 0.74533 1 0 1.0
0 4.23751 3.75254 0.69749 0.33572 0.31858 0.88645 0.84750 0.75051 1 0 1.0
0 4.17122 3.94876 0.65207 0.33572 0.31858 0.88645 0.83424 0.78975 1 0 1.0
cl_white
0 3.99138 3.72667 0.80000 0.24182 0.39462 0.88645 0.79828 0.74533 1 0 1.0
0 4.17122 3.94876 0.65207 0.24182 0.39462 0.88645 0.83424 0.78975 1 0 1.0
0 3.96551 3.97280 0.69749 0.24182 0.39462 0.88645 0.79310 0.79456 1 0 1.0
cl_white
0 4.33946 3.76326 0.45000 0.84322 0.45783 0.28175 0.75265 0.09000 1 0 1.0
0 4.21164 3.99867 0.45000 0.84322 0.45783 0.28175 0.79973 0.09000 1 0 1.0
0 4.17122 3.94876 0.65207 0.84322 0.45783 0.28175 0.78975 0.13041 1 0 1.0
cl_white
0 4.33946 3.76326 0.45000 0.85215 0.37286 0.36718 0.75265 0.09000 1 0 1.0
0 4.17122 3.94876 0.65207 0.85215 0.37286 0.36718 0.78975 0.13041 1 0 1.0
0 4.23751 3.75254 0.69749 0.85215 0.37286 0.36718 0.75051 0.13950 1 0 1.0
cl_white
0 3.95479 4.07475 0.45000 0.18754 0.91105 0.36718 0.79096 0.09000 1 0 1.0
0 3.96551 3.97280 0.69749 0.18754 0.91105 0.36718 0.79310 0.13950 1 0 1.0
0 4.17122 3.94876 0.65207 0.18754 0.91105 0.36718 0.83424 0.13041 1 0 1.0
cl_white
0 3.95479 4.07475 0.45000 0.27251 0.91998 0.28175 0.79096 0.09000 1 0 1.0
0 4.17122 3.94876 0.65207 0.27251 0.91998 0.28175 0.83424 0.13041 1 0 1.0
0 4.21164 3.99867 0.45000 0.27251 0.91998 0.28175 0.84233 0.09000 1 0 1.0
cl_white
0 -4.26315 2.85909 0.00000 -0.38059 -0.04000 -0.92388 -0.85263 0.57182 1 0 1.0
0 -3.99138 0.27333 0.00000 -0.38059 -0.04000 -0.92388 -0.79828 0.05467 1 0 1.0
0 -4.23751 0.24746 0.10251 -0.38059 -0.04000 -0.92388 -0.84750 0.04949 1 0 1.0
cl_white
0 -4.26315 2.85909 0.00000 -0.38059 -0.04000 -0.92388 -0.85263 0.57182 1 0 1.0
0 -4.23751 0.24746 0.10251 -0.38059 -0.04000 -0.92388 -0.84750 0.04949 1 0 1.0
0 -4.50928 2.83322 0.10251 -0.38059 -0.04000 -0.92388 -0.90186 0.56664 1 0 1.0
cl_white
0 -4.50928 2.83322 0.10251 -0.91882 -0.09657 -0.38268 0.56664 0.02050 1 0 1.0
0 -4.23751 0.24746 0.10251 -0.91882 -0.09657 -0.38268 0.04949 0.02050 1 0 1.0
0 -4.33946 0.23674 0.35000 -0.91882 -0.09657 -0.38268 0.04735 0.07000 1 0 1.0
cl_white
0 -4.50928 2.83322 0.10251 -0.91882 -0.09657 -0.38268 0.56664 0.02050 1 0 1.0
0 -4.33946 0.23674 0.35000 -0.91882 -0.09657 -0.38268 0.04735 0.07000 1 0 1.0
0 -4.61124 2.82250 0.35000 -0.91882 -0.09657 -0.38268 0.56450 0.07000 1 0 1.0
cl_white
0 -3.95479 -0.07475 0.35000 -0.28401 -0.95882 0.00000 -0.79096 0.07000 1 0 1.0
0 -3.95479 -0.07475 0.45000 -0.28401 -0.95882 0.00000 -0.79096 0.09000 1 0 1.0
0 -4.21164 0.00133 0.45000 -0.28401 -0.95882 0.00000 -0.84233 0.09000 1 0 1.0
cl_white
0 -3.95479 -0.07475 0.35000 -0.28401 -0.95882 0.00000 -0.79096 0.07000 1 0 1.0
0 -4.21164 0.00133 0.45000 -0.28401 -0.95882 0.00000 -0.84233 0.09000 1 0 1.0
0 -4.21164 0.00133 0.35000 -0.28401 -0.95882 0.00000 -0.84233 0.07000 1 0 1.0
cl_white
0 -4.21164 0.00133 0.35000 -0.87882 -0.47716 0.00000 0.00027 0.07000 1 0 1.0
0 -4.21164 0.00133 0.45000 -0.87882 -0.47716 0.00000 0.00027 0.09000 1 0 1.0
0 -4.33946 0.23674 0.45000 -0.87882 -0.47716 0.00000 0.04735 0.09000 1 0 1.0
cl_white
0 -4.21164 0.00133 0.35000 -0.87882 -0.47716 0.00000 0.00027 0.07000 1 0 1.0
0 -4.33946 0.23674 0.45000 -0.87882 -0.47716 0.00000 0.04735 0.09000 1 0 1.0
0 -4.33946 0.23674 0.35000 -0.87882 -0.47716 0.00000 0.04735 0.07000 1 0 1.0
cl_white
0 -3.99138 0.27333 0.80000 -0.38059 -0.04000 0.92388 -0.79828 0.05467 1 0 1.0
0 -4.26315 2.85909 0.80000 -0.38059 -0.04000 0.92388 -0.85263 0.57182 1 0 1.0
0 -4.50928 2.83322 0.69749 -0.38059 -0.04000 0.92388 -0.90186 0.56664 1 0 1.0
cl_white
0 -3.99138 0.27333 0.80000 -0.38059 -0.04000 0.92388 -0.79828 0.05467 1 0 1.0
0 -4.50928 2.83322 0.69749 -0.38059 -0.04000 0.92388 -0.90186 0.56664 1 0 1.0
0 -4.23751 0.24746 0.69749 -0.38059 -0.04000 0.92388 -0.84750 0.04949 1 0 1.0
cl_white
0 -4.23751 0.24746 0.69749 -0.91882 -0.09657 0.38268 0.04949 0.13950 1 0 1.0
0 -4.50928 2.83322 0.69749 -0.91882 -0.09657 0.38268 0.56664 0.13950 1 0 1.0
0 -4.61124 2.82250 0.45000 -0.91882 -0.09657 0.38268 0.56450 0.09000 1 0 1.0
cl_white
0 -4.23751 0.24746 0.69749 -0.91882 -0.09657 0.38268 0.04949 0.13950 1 0 1.0
0 -4.61124 2.82250 0.45000 -0.91882 -0.09657 0.38268 0.56450 0.09000 1 0 1.0
0 -4.33946 0.23674 0.45000 -0.91882 -0.09657 0.38268 0.04735 0.09000 1 0 1.0
cl_white
0 -4.29974 3.20717 0.45000 -0.47716 0.87882 0.00000 -0.85995 0.09000 1 0 1.0
0 -4.29974 3.20717 0.35000 -0.47716 0.87882 0.00000 -0.85995 0.07000 1 0 1.0
0 -4.53515 3.07935 0.35000 -0.47716 0.87882 0.00000 -0.90703 0.07000 1 0 1.0
cl_white
0 -4.29974 3.20717 0.45000 -0.47716 0.87882 -0.00000 -0.85995 0.09000 1 0 1.0
0 -4.53515 3.07935 0.35000 -0.47716 0.87882 -0.00000 -0.90703 0.07000 1 0 1.0
0 -4.53515 3.07935 0.45000 -0.47716 0.87882 -0.00000 -0.90703 0.09000 1 0 1.0
cl_white
0 -4.53515 3.07935 0.45000 -0.95882 0.28402 -0.00000 0.61587 0.09000 1 0 1.0
0 -4.53515 3.07935 0.35000 -0.95882 0.28402 -0.00000 0.61587 0.07000 1 0 1.0
0 -4.61124 2.82250 0.35000 -0.95882 0.28402 -0.00000 0.56450 0.07000 1 0 1.0
cl_white
0 -4.53515 3.07935 0.45000 -0.95882 0.28401 0.00000 0.61587 0.09000 1 0 1.0
0 -4.61124 2.82250 0.35000 -0.95882 0.28401 0.00000 0.56450 0.07000 1 0 1.0
0 -4.61124 2.82250 0.45000 -0.95882 0.28401 0.00000 0.56450 0.09000 1 0 1.0
cl_white
0 3.99138 3.72667 0.00000 -0.04000 0.38059 -0.92388 0.79828 0.74533 1 0 1.0
0 -4.26315 2.85909 0.00000 -0.04000 0.38059 -0.92388 -0.85263 0.57182 1 0 1.0
0 -4.28902 3.10522 0.10251 -0.04000 0.38059 -0.92388 -0.85780 0.62104 1 0 1.0
cl_white
0 3.99138 3.72667 0.00000 -0.04000 0.38059 -0.92388 0.79828 0.74533 1 0 1.0
0 -4.28902 3.10522 0.10251 -0.04000 0.38059 -0.92388 -0.85780 0.62104 1 0 1.0
0 3.96551 3.97280 0.10251 -0.04000 0.38059 -0.92388 0.79310 0.79456 1 0 1.0
cl_white
0 3.96551 3.97280 0.10251 -0.09657 0.91882 -0.38268 0.79310 0.02050 1 0 1.0
0 -4.28902 3.10522 0.10251 -0.09657 0.91882 -0.38268 -0.85780 0.02050 1 0 1.0
0 -4.29974 3.20717 0.35000 -0.09657 0.91882 -0.38268 -0.85995 0.07000 1 0 1.0
cl_white
0 3.96551 3.97280 0.10251 -0.09657 0.91882 -0.38268 0.79310 0.02050 1 0 1.0
0 -4.29974 3.20717 0.35000 -0.09657 0.91882 -0.38268 -0.85995 0.07000 1 0 1.0
0 3.95479 4.07475 0.35000 -0.09657 0.91882 -0.38268 0.79096 0.07000 1 0 1.0
cl_white
0 -4.26315 2.85909 0.80000 -0.04000 0.38059 0.92388 -0.85263 0.57182 1 0 1.0
0 3.99138 3.72667 0.80000 -0.04000 0.38059 0.92388 0.79828 0.74533 1 0 1.0
0 3.96551 3.97280 0.69749 -0.04000 0.38059 0.92388 0.79310 0.79456 1 0 1.0
cl_white
0 -4.26315 2.85909 0.80000 -0.04000 0.38059 0.92388 -0.85263 0.57182 1 0 1.0
0 3.96551 3.97280 0.69749 -0.04000 0.38059 0.92388 0.79310 0.79456 1 0 1.0
0 -4.28902 3.10522 0.69749 -0.04000 0.38059 0.92388 -0.85780 0.62104 1 0 1.0
cl_white
0 -4.28902 3.10522 0.69749 -0.09657 0.91882 0.38268 -0.85780 0.13950 1 0 1.0
0 3.96551 3.97280 0.69749 -0.09657 0.91882 0.38268 0.79310 0.13950 1 0 1.0
0 3.95479 4.07475 0.45000 -0.09657 0.91882 0.38268 0.79096 0.09000 1 0 1.0
cl_white
0 -4.28902 3.10522 0.69749 -0.09657 0.91882 0.38268 -0.85780 0.13950 1 0 1.0
0 3.95479 4.07475 0.45000 -0.09657 0.91882 0.38268 0.79096 0.09000 1 0 1.0
0 -4.29974 3.20717 0.45000 -0.09657 0.91882 0.38268 -0.85995 0.09000 1 0 1.0
cl_white
0 4.33946 3.76326 0.45000 0.87882 0.47716 0.00000 0.75265 0.09000 1 0 1.0
0 4.33946 3.76326 0.35000 0.87882 0.47716 0.00000 0.75265 0.07000 1 0 1.0
0 4.21164 3.99867 0.35000 0.87882 0.47716 0.00000 0.79973 0.07000 1 0 1.0
cl_white
0 4.33946 3.76326 0.45000 0.87882 0.47716 0.00000 0.75265 0.09000 1 0 1.0
0 4.21164 3.99867 0.35000 0.87882 0.47716 0.00000 0.79973 0.07000 1 0 1.0
0 4.21164 3.99867 0.45000 0.87882 0.47716 0.00000 0.79973 0.09000 1 0 1.0
cl_white
0 4.21164 3.99867 0.45000 0.28401 0.95882 0.00000 0.84233 0.09000 1 0 1.0
0 4.21164 3.99867 0.35000 0.28401 0.95882 0.00000 0.84233 0.07000 1 0 1.0
0 3.95479 4.07475 0.35000 0.28401 0.95882 0.00000 0.79096 0.07000 1 0 1.0
cl_white
0 4.21164 3.99867 0.45000 0.28402 0.95882 0.00000 0.84233 0.09000 1 0 1.0
0 3.95479 4.07475 0.35000 0.28402 0.95882 0.00000 0.79096 0.07000 1 0 1.0
0 3.95479 4.07475 0.45000 0.28402 0.95882 0.00000 0.79096 0.09000 1 0 1.0
cl_white
0 4.26315 1.14091 0.00000 0.38059 0.04000 -0.92388 0.85263 0.22818 1 0 1.0
0 3.99138 3.72667 0.00000 0.38059 0.04000 -0.92388 0.79828 0.74533 1 0 1.0
0 4.23751 3.75254 0.10251 0.38059 0.04000 -0.92388 0.84750 0.75051 1 0 1.0
cl_white
0 4.26315 1.14091 0.00000 0.38059 0.04000 -0.92388 0.85263 0.22818 1 0 1.0
0 4.23751 3.75254 0.10251 0.38059 0.04000 -0.92388 0.84750 0.75051 1 0 1.0
0 4.50928 1.16678 0.10251 0.38059 0.04000 -0.92388 0.90186 0.23336 1 0 1.0
cl_white
0 4.50928 1.16678 0.10251 0.91882 0.09657 -0.38268 0.23336 0.02050 1 0 1.0
0 4.23751 3.75254 0.10251 0.91882 0.09657 -0.38268 0.75051 0.02050 1 0 1.0
0 4.33946 3.76326 0.35000 0.91882 0.09657 -0.38268 0.75265 0.07000 1 0 1.0
cl_white
0 4.50928 1.16678 0.10251 0.91882 0.09657 -0.38268 0.23336 0.02050 1 0 1.0
0 4.33946 3.76326 0.35000 0.91882 0.09657 -0.38268 0.75265 0.07000 1 0 1.0
0 4.61124 1.17750 0.35000 0.91882 0.09657 -0.38268 0.23550 0.07000 1 0 1.0
cl_white
0 3.99138 3.72667 0.80000 0.38059 0.04000 0.92388 0.79828 0.74533 1 0 1.0
0 4.26315 1.14091 0.80000 0.38059 0.04000 0.92388 0.85263 0.22818 1 0 1.0
0 4.50928 1.16678 0.69749 0.38059 0.04000 0.92388 0.90186 0.23336 1 0 1.0
cl_white
0 3.99138 3.72667 0.80000 0.38059 0.04000 0.92388 0.79828 0.74533 1 0 1.0
0 4.50928 1.16678 0.69749 0.38059 0.04000 0.92388 0.90186 0.23336 1 0 1.0
0 4.23751 3.75254 0.69749 0.38059 0.04000 0.92388 0.84750 0.75051 1 0 1.0
cl_white
0 4.23751 3.75254 0.69749 0.91882 0.09657 0.38268 0.75051 0.13950 1 0 1.0
0 4.50928 1.16678 0.69749 0.91882 0.09657 0.38268 0.23336 0.13950 1 0 1.0
0 4.61124 1.17750 0.45000 0.91882 0.09657 0.38268 0.23550 0.09000 1 0 1.0
cl_white
0 4.23751 3.75254 0.69749 0.91882 0.09657 0.38268 0.75051 0.13950 1 0 1.0
0 4.61124 1.17750 0.45000 0.91882 0.09657 0.38268 0.23550 0.09000 1 0 1.0
0 4.33946 3.76326 0.45000 0.91882 0.09657 0.38268 0.75265 0.09000 1 0 1.0
cl_white
0 4.29974 0.79283 0.45000 0.47716 -0.87882 0.00000 0.85995 0.09000 1 0 1.0
0 4.29974 0.79283 0.35000 0.47716 -0.87882 0.00000 0.85995 0.07000 1 0 1.0
0 4.53515 0.92065 0.35000 0.47716 -0.87882 0.00000 0.90703 0.07000 1 0 1.0
cl_white
0 4.29974 0.79283 0.45000 0.47716 -0.87882 -0.00000 0.85995 0.09000 1 0 1.0
0 4.53515 0.92065 0.35000 0.47716 -0.87882 -0.00000 0.90703 0.07000 1 0 1.0
0 4.53515 0.92065 0.45000 0.47716 -0.87882 -0.00000 0.90703 0.09000 1 0 1.0
cl_white
0 4.53515 0.92065 0.45000 0.95882 -0.28402 -0.00000 0.18413 0.09000 1 0 1.0
0 4.53515 0.92065 0.35000 0.95882 -0.28402 -0.00000 0.18413 0.07000 1 0 1.0
0 4.61124 1.17750 0.35000 0.95882 -0.28402 -0.00000 0.23550 0.07000 1 0 1.0
cl_white
0 4.53515 0.92065 0.45000 0.95882 -0.28401 0.00000 0.18413 0.09000 1 0 1.0
0 4.61124 1.17750 0.35000 0.95882 -0.28401 0.00000 0.23550 0.07000 1 0 1.0
0 4.61124 1.17750 0.45000 0.95882 -0.28401 0.00000 0.23550 0.09000 1 0 1.0
cl_white
0 -3.99138 0.27333 0.00000 0.04000 -0.38059 -0.92388 -0.79828 0.05467 1 0 1.0
0 4.26315 1.14091 0.00000 0.04000 -0.38059 -0.92388 0.85263 0.22818 1 0 1.0
0 4.28902 0.89478 0.10251 0.04000 -0.38059 -0.92388 0.85780 0.17896 1 0 1.0
cl_white
0 -3.99138 0.27333 0.00000 0.04000 -0.38059 -0.92388 -0.79828 0.05467 1 0 1.0
0 4.28902 0.89478 0.10251 0.04000 -0.38059 -0.92388 0.85780 0.17896 1 0 1.0
0 -3.96551 0.02720 0.10251 0.04000 -0.38059 -0.92388 -0.79310 0.00544 1 0 1.0
cl_white
0 -3.96551 0.02720 0.10251 0.09657 -0.91882 -0.38268 -0.79310 0.02050 1 0 1.0
0 4.28902 0.89478 0.10251 0.09657 -0.91882 -0.38268 0.85780 0.02050 1 0 1.0
0 4.29974 0.79283 0.35000 0.09657 -0.91882 -0.38268 0.85995 0.07000 1 0 1.0
cl_white
0 -3.96551 0.02720 0.10251 0.09657 -0.91882 -0.38268 -0.79310 0.02050 1 0 1.0
0 4.29974 0.79283 0.35000 0.09657 -0.91882 -0.38268 0.85995 0.07000 1 0 1.0
0 -3.95479 -0.07475 0.35000 0.09657 -0.91882 -0.38268 -0.79096 0.07000 1 0 1.0
cl_white
0 4.26315 1.14091 0.80000 0.04000 -0.38059 0.92388 0.85263 0.22818 1 0 1.0
0 -3.99138 0.27333 0.80000 0.04000 -0.38059 0.92388 -0.79828 0.05467 1 0 1.0
0 -3.96551 0.02720 0.69749 0.04000 -0.38059 0.92388 -0.79310 0.00544 1 0 1.0
cl_white
0 4.26315 1.14091 0.80000 0.04000 -0.38059 0.92388 0.85263 0.22818 1 0 1.0
0 -3.96551 0.02720 0.69749 0.04000 -0.38059 0.92388 -0.79310 0.00544 1 0 1.0
0 4.28902 0.89478 0.69749 0.04000 -0.38059 0.92388 0.85780 0.17896 1 0 1.0
cl_white
0 4.28902 0.89478 0.69749 0.09657 -0.91882 0.38268 0.85780 0.13950 1 0 1.0
0 -3.96551 0.02720 0.69749 0.09657 -0.91882 0.38268 -0.79310 0.13950 1 0 1.0
0 -3.95479 -0.07475 0.45000 0.09657 -0.91882 0.38268 -0.79096 0.09000 1 0 1.0
cl_white
0 4.28902 0.89478 0.69749 0.09657 -0.91882 0.38268 0.85780 0.13950 1 0 1.0
0 -3.95479 -0.07475 0.45000 0.09657 -0.91882 0.38268 -0.79096 0.09000 1 0 1.0
0 4.29974 0.79283 0.45000 0.09657 -0.91882 0.38268 0.85995 0.09000 1 0 1.0
cl_white
0 -4.26315 2.85909 0.00000 0.00000 0.00000 -1.00000 -0.85263 0.57182 1 0 1.0
0 3.99138 3.72667 0.00000 0.00000 0.00000 -1.00000 0.79828 0.74533 1 0 1.0
0 4.26315 1.14091 0.00000 0.00000 0.00000 -1.00000 0.85263 0.22818 1 0 1.0
cl_white
0 -4.26315 2.85909 0.00000 0.00000 0.00000 -1.00000 -0.85263 0.57182 1 0 1.0
0 4.26315 1.14091 0.00000 0.00000 0.00000 -1.00000 0.85263 0.22818 1 0 1.0
0 -3.99138 0.27333 0.00000 0.00000 0.00000 -1.00000 -0.79828 0.05467 1 0 1.0
cl_white
0 -4.33946 0.23674 0.35000 -0.99452 -0.10453 0.00000 0.04735 0.07000 1 0 1.0
0 -4.33946 0.23674 0.45000 -0.99452 -0.10453 0.00000 0.04735 0.09000 1 0 1.0
0 -4.61124 2.82250 0.45000 -0.99452 -0.10453 0.00000 0.56450 0.09000 1 0 1.0
cl_white
0 -4.33946 0.23674 0.35000 -0.99452 -0.10453 0.00000 0.04735 0.07000 1 0 1.0
0 -4.61124 2.82250 0.45000 -0.99452 -0.10453 0.00000 0.56450 0.09000 1 0 1.0
0 -4.61124 2.82250 0.35000 -0.99452 -0.10453 0.00000 0.56450 0.07000 1 0 1.0
cl_white
0 4.29974 0.79283 0.35000 0.10453 -0.99452 0.00000 0.85995 0.07000 1 0 1.0
0 4.29974 0.79283 0.45000 0.10453 -0.99452 0.00000 0.85995 0.09000 1 0 1.0
0 -3.95479 -0.07475 0.45000 0.10453 -0.99452 0.00000 -0.79096 0.09000 1 0 1.0
cl_white
0 4.29974 0.79283 0.35000 0.10453 -0.99452 0.00000 0.85995 0.07000 1 0 1.0
0 -3.95479 -0.07475 0.45000 0.10453 -0.99452 0.00000 -0.79096 0.09000 1 0 1.0
0 -3.95479 -0.07475 0.35000 0.10453 -0.99452 0.00000 -0.79096 0.07000 1 0 1.0
cl_white
0 3.99138 3.72667 0.80000 0.00000 0.00000 1.00000 0.79828 0.74533 1 0 1.0
0 -4.26315 2.85909 0.80000 0.00000 0.00000 1.00000 -0.85263 0.57182 1 0 1.0
0 -3.99138 0.27333 0.80000 0.00000 0.00000 1.00000 -0.79828 0.05467 1 0 1.0
cl_white
0 3.99138 3.72667 0.80000 0.00000 0.00000 1.00000 0.79828 0.74533 1 0 1.0
0 -3.99138 0.27333 0.80000 0.00000 0.00000 1.00000 -0.79828 0.05467 1 0 1.0
0 4.26315 1.14091 0.80000 0.00000 0.00000 1.00000 0.85263 0.22818 1 0 1.0
cl_white
0 -4.29974 3.20717 0.35000 -0.10453 0.99452 0.00000 -0.85995 0.07000 1 0 1.0
0 -4.29974 3.20717 0.45000 -0.10453 0.99452 0.00000 -0.85995 0.09000 1 0 1.0
0 3.95479 4.07475 0.45000 -0.10453 0.99452 0.00000 0.79096 0.09000 1 0 1.0
cl_white
0 -4.29974 3.20717 0.35000 -0.10453 0.99452 0.00000 -0.85995 0.07000 1 0 1.0
0 3.95479 4.07475 0.45000 -0.10453 0.99452 0.00000 0.79096 0.09000 1 0 1.0
0 3.95479 4.07475 0.35000 -0.10453 0.99452 0.00000 0.79096 0.07000 1 0 1.0
cl_white
0 4.33946 3.76326 0.35000 0.99452 0.10453 0.00000 0.75265 0.07000 1 0 1.0
0 4.33946 3.76326 0.45000 0.99452 0.10453 0.00000 0.75265 0.09000 1 0 1.0
0 4.61124 1.17750 0.45000 0.99452 0.10453 0.00000 0.23550 0.09000 1 0 1.0
cl_white
0 4.33946 3.76326 0.35000 0.99452 0.10453 0.00000 0.75265 0.07000 1 0 1.0
0 4.61124 1.17750 0.45000 0.99452 0.10453 0.00000 0.23550 0.09000 1 0 1.0
0 4.61124 1.17750 0.35000 0.99452 0.10453 0.00000 0.23550 0.07000 1 0 1.0
cl_white
0 2.19333 -3.13549 0.45000 -0.28849 -0.22035 -0.93179 0.43867 -0.62710 1 0 1.0
0 2.16201 -3.43345 0.53016 -0.28849 -0.22035 -0.93179 0.43240 -0.68669 1 0 1.0
0 1.87798 -3.39085 0.60802 -0.28849 -0.22035 -0.93179 0.37560 -0.67817 1 0 1.0
cl_white
0 2.19333 -3.13549 0.45000 -0.27551 -0.23637 -0.93179 0.43867 -0.62710 1 0 1.0
0 1.87798 -3.39085 0.60802 -0.27551 -0.23637 -0.93179 0.37560 -0.67817 1 0 1.0
0 1.89536 -3.10417 0.53016 -0.27551 -0.23637 -0.93179 0.37907 -0.62083 1 0 1.0
cl_white
0 2.16201 -3.43345 0.53016 -0.28872 -0.66359 -0.69014 0.43240 -0.68669 1 0 1.0
0 2.13899 -3.65248 0.75039 -0.28872 -0.66359 -0.69014 0.42780 -0.73050 1 0 1.0
0 1.86177 -3.54505 0.76307 -0.28872 -0.66359 -0.69014 0.37235 -0.70901 1 0 1.0
cl_white
0 2.16201 -3.43345 0.53016 -0.28872 -0.66359 -0.69014 0.43240 -0.68669 1 0 1.0
0 1.86177 -3.54505 0.76307 -0.28872 -0.66359 -0.69014 0.37235 -0.70901 1 0 1.0
0 1.87798 -3.39085 0.60802 -0.28872 -0.66359 -0.69014 0.37560 -0.67817 1 0 1.0
cl_white
0 2.13061 -3.73220 1.05000 -0.34532 -0.90062 -0.26387 0.42612 0.21000 1 0 1.0
0 1.84102 -3.62116 1.05000 -0.34532 -0.90062 -0.26387 0.36820 0.21000 1 0 1.0
0 1.86177 -3.54505 0.76307 -0.34532 -0.90062 -0.26387 0.37235 0.15261 1 0 1.0
cl_white
0 2.13061 -3.73220 1.05000 -0.35983 -0.89910 -0.24929 0.42612 0.21000 1 0 1.0
0 1.86177 -3.54505 0.76307 -0.35983 -0.89910 -0.24929 0.37235 0.15261 1 0 1.0
0 2.13899 -3.65248 0.75039 -0.35983 -0.89910 -0.24929 0.42780 0.15008 1 0 1.0
cl_white
0 1.84102 -3.62116 1.05000 -0.75849 -0.61422 -0.21778 -0.72423 0.21000 1 0 1.0
0 1.64501 -3.37911 1.05000 -0.75849 -0.61422 -0.21778 -0.67582 0.21000 1 0 1.0
0 1.72377 -3.37464 0.76307 -0.75849 -0.61422 -0.21778 -0.67493 0.15261 1 0 1.0
cl_white
0 1.84102 -3.62116 1.05000 -0.75849 -0.61422 -0.21778 -0.72423 0.21000 1 0 1.0
0 1.72377 -3.37464 0.76307 -0.75849 -0.61422 -0.21778 -0.67493 0.15261 1 0 1.0
0 1.86177 -3.54505 0.76307 -0.75849 -0.61422 -0.21778 -0.70901 0.15261 1 0 1.0
cl_white
0 1.59661 -3.07277 1.05000 -0.95426 -0.16503 -0.24929 -0.61455 0.21000 1 0 1.0
0 1.67633 -3.08115 0.75039 -0.95426 -0.16503 -0.24929 -0.61623 0.15008 1 0 1.0
0 1.72377 -3.37464 0.76307 -0.95426 -0.16503 -0.24929 -0.67493 0.15261 1 0 1.0
cl_white
0 1.59661 -3.07277 1.05000 -0.95274 -0.15053 -0.26387 -0.61455 0.21000 1 0 1.0
0 1.72377 -3.37464 0.76307 -0.95274 -0.15053 -0.26387 -0.67493 0.15261 1 0 1.0
0 1.64501 -3.37911 1.05000 -0.95274 -0.15053 -0.26387 -0.67582 0.21000 1 0 1.0
cl_white
0 1.67633 -3.08115 0.75039 -0.70912 -0.14445 -0.69014 -0.61623 0.15008 1 0 1.0
0 1.89536 -3.10417 0.53016 -0.70912 -0.14445 -0.69014 -0.62083 0.10603 1 0 1.0
0 1.87798 -3.39085 0.60802 -0.70912 -0.14445 -0.69014 -0.67817 0.12160 1 0 1.0
cl_white
0 1.67633 -3.08115 0.75039 -0.70912 -0.14445 -0.69013 -0.61623 0.15008 1 0 1.0
0 1.87798 -3.39085 0.60802 -0.70912 -0.14445 -0.69013 -0.67817 0.12160 1 0 1.0
0 1.72377 -3.37464 0.76307 -0.70912 -0.14445 -0.69013 -0.67493 0.15261 1 0 1.0
cl_white
0 1.87798 -3.39085 0.60802 -0.63454 -0.51384 -0.57735 -0.67817 0.12160 1 0 1.0
0 1.86177 -3.54505 0.76307 -0.63454 -0.51384 -0.57735 -0.70901 0.15261 1 0 1.0
0 1.72377 -3.37464 0.76307 -0.63454 -0.51384 -0.57735 -0.67493 0.15261 1 0 1.0
cl_white
0 2.13061 -3.73220 1.25000 -0.35983 -0.89910 0.24929 0.42612 0.25000 1 0 1.0
0 2.13899 -3.65248 1.54961 -0.35983 -0.89910 0.24929 0.42780 0.30992 1 0 1.0
0 1.86177 -3.54505 1.53693 -0.35983 -0.89910 0.24929 0.37235 0.30739 1 0 1.0
cl_white
0 2.13061 -3.73220 1.25000 -0.34532 -0.90062 0.26387 0.42612 0.25000 1 0 1.0
0 1.86177 -3.54505 1.53693 -0.34532 -0.90062 0.26387 0.37235 0.30739 1 0 1.0
0 1.84102 -3.62116 1.25000 -0.34532 -0.90062 0.26387 0.36820 0.25000 1 0 1.0
cl_white
0 2.13899 -3.65248 1.54961 -0.28872 -0.66359 0.69014 0.42780 -0.73050 1 0 1.0
0 2.16201 -3.43345 1.76984 -0.28872 -0.66359 0.69014 0.43240 -0.68669 1 0 1.0
0 1.87798 -3.39085 1.69198 -0.28872 -0.66359 0.69014 0.37560 -0.67817 1 0 1.0
cl_white
0 2.13899 -3.65248 1.54961 -0.28872 -0.66359 0.69014 0.42780 -0.73050 1 0 1.0
0 1.87798 -3.39085 1.69198 -0.28872 -0.66359 0.69014 0.37560 -0.67817 1 0 1.0
0 1.86177 -3.54505 1.53693 -0.28872 -0.66359 0.69014 0.37235 -0.70901 1 0 1.0
cl_white
0 2.19333 -3.13549 1.85000 -0.27551 -0.23637 0.93179 0.43867 -0.62710 1 0 1.0
0 1.89536 -3.10417 1.76984 -0.27551 -0.23637 0.93179 0.37907 -0.62083 1 0 1.0
0 1.87798 -3.39085 1.69198 -0.27551 -0.23637 0.93179 0.37560 -0.67817 1 0 1.0
cl_white
0 2.19333 -3.13549 1.85000 -0.28849 -0.22034 0.93179 0.43867 -0.62710 1 0 1.0
0 1.87798 -3.39085 1.69198 -0.28849 -0.22034 0.93179 0.37560 -0.67817 1 0 1.0
0 2.16201 -3.43345 1.76984 -0.28849 -0.22034 0.93179 0.43240 -0.68669 1 0 1.0
cl_white
0 1.89536 -3.10417 1.76984 -0.70912 -0.14445 0.69014 -0.62083 0.35397 1 0 1.0
0 1.67633 -3.08115 1.54961 -0.70912 -0.14445 0.69014 -0.61623 0.30992 1 0 1.0
0 1.72377 -3.37464 1.53693 -0.70912 -0.14445 0.69014 -0.67493 0.30739 1 0 1.0
cl_white
0 1.89536 -3.10417 1.76984 -0.70912 -0.14445 0.69013 -0.62083 0.35397 1 0 1.0
0 1.72377 -3.37464 1.53693 -0.70912 -0.14445 0.69013 -0.67493 0.30739 1 0 1.0
0 1.87798 -3.39085 1.69198 -0.70912 -0.14445 0.69013 -0.67817 0.33840 1 0 1.0
cl_white
0 1.59661 -3.07277 1.25000 -0.95274 -0.15053 0.26387 -0.61455 0.25000 1 0 1.0
0 1.64501 -3.37911 1.25000 -0.95274 -0.15053 0.26387 -0.67582 0.25000 1 0 1.0
0 1.72377 -3.37464 1.53693 -0.95274 -0.15053 0.26387 -0.67493 0.30739 1 0 1.0
cl_white
0 1.59661 -3.07277 1.25000 -0.95426 -0.16503 0.24929 -0.61455 0.25000 1 0 1.0
0 1.72377 -3.37464 1.53693 -0.95426 -0.16503 0.24929 -0.67493 0.30739 1 0 1.0
0 1.67633 -3.08115 1.54961 -0.95426 -0.16503 0.24929 -0.61623 0.30992 1 0 1.0
cl_white
0 1.64501 -3.37911 1.25000 -0.75849 -0.61422 0.21778 -0.67582 0.25000 1 0 1.0
0 1.84102 -3.62116 1.25000 -0.75849 -0.61422 0.21778 -0.72423 0.25000 1 0 1.0
0 1.86177 -3.54505 1.53693 -0.75849 -0.61422 0.21778 -0.70901 0.30739 1 0 1.0
cl_white
0 1.64501 -3.37911 1.25000 -0.75849 -0.61422 0.21778 -0.67582 0.25000 1 0 1.0
0 1.86177 -3.54505 1.53693 -0.75849 -0.61422 0.21778 -0.70901 0.30739 1 0 1.0
0 1.72377 -3.37464 1.53693 -0.75849 -0.61422 0.21778 -0.67493 0.30739 1 0 1.0
cl_white
0 1.86177 -3.54505 1.53693 -0.63454 -0.51384 0.57735 -0.70901 0.30739 1 0 1.0
0 1.87798 -3.39085 1.69198 -0.63454 -0.51384 0.57735 -0.67817 0.33840 1 0 1.0
0 1.72377 -3.37464 1.53693 -0.63454 -0.51384 0.57735 -0.67493 0.30739 1 0 1.0
cl_white
0 2.38148 -1.34535 0.45000 -0.22035 0.28849 -0.93179 0.47630 -0.26907 1 0 1.0
0 2.08351 -1.31403 0.53016 -0.22035 0.28849 -0.93179 0.41670 -0.26281 1 0 1.0
0 2.12611 -1.03000 0.60802 -0.22035 0.28849 -0.93179 0.42522 -0.20600 1 0 1.0
cl_white
0 2.38148 -1.34535 0.45000 -0.23637 0.27551 -0.93179 0.47630 -0.26907 1 0 1.0
0 2.12611 -1.03000 0.60802 -0.23637 0.27551 -0.93179 0.42522 -0.20600 1 0 1.0
0 2.41279 -1.04738 0.53016 -0.23637 0.27551 -0.93179 0.48256 -0.20948 1 0 1.0
cl_white
0 2.08351 -1.31403 0.53016 -0.66359 0.28872 -0.69013 0.41670 -0.26281 1 0 1.0
0 1.86448 -1.29101 0.75039 -0.66359 0.28872 -0.69013 0.37290 -0.25820 1 0 1.0
0 1.97191 -1.01379 0.76307 -0.66359 0.28872 -0.69013 0.39438 -0.20276 1 0 1.0
cl_white
0 2.08351 -1.31403 0.53016 -0.66359 0.28872 -0.69013 0.41670 -0.26281 1 0 1.0
0 1.97191 -1.01379 0.76307 -0.66359 0.28872 -0.69013 0.39438 -0.20276 1 0 1.0
0 2.12611 -1.03000 0.60802 -0.66359 0.28872 -0.69013 0.42522 -0.20600 1 0 1.0
cl_white
0 1.78476 -1.28263 1.05000 -0.90062 0.34533 -0.26387 -0.25653 0.21000 1 0 1.0
0 1.89580 -0.99304 1.05000 -0.90062 0.34533 -0.26387 -0.19861 0.21000 1 0 1.0
0 1.97191 -1.01379 0.76307 -0.90062 0.34533 -0.26387 -0.20276 0.15261 1 0 1.0
cl_white
0 1.78476 -1.28263 1.05000 -0.89910 0.35983 -0.24929 -0.25653 0.21000 1 0 1.0
0 1.97191 -1.01379 0.76307 -0.89910 0.35983 -0.24929 -0.20276 0.15261 1 0 1.0
0 1.86448 -1.29101 0.75039 -0.89910 0.35983 -0.24929 -0.25820 0.15008 1 0 1.0
cl_white
0 1.89580 -0.99304 1.05000 -0.61422 0.75849 -0.21778 0.37916 0.21000 1 0 1.0
0 2.13785 -0.79703 1.05000 -0.61422 0.75849 -0.21778 0.42757 0.21000 1 0 1.0
0 2.14232 -0.87580 0.76307 -0.61422 0.75849 -0.21778 0.42846 0.15261 1 0 1.0
cl_white
0 1.89580 -0.99304 1.05000 -0.61422 0.75849 -0.21778 0.37916 0.21000 1 0 1.0
0 2.14232 -0.87580 0.76307 -0.61422 0.75849 -0.21778 0.42846 0.15261 1 0 1.0
0 1.97191 -1.01379 0.76307 -0.61422 0.75849 -0.21778 0.39438 0.15261 1 0 1.0
cl_white
0 2.44419 -0.74863 1.05000 -0.16503 0.95426 -0.24929 0.48884 0.21000 1 0 1.0
0 2.43581 -0.82835 0.75039 -0.16503 0.95426 -0.24929 0.48716 0.15008 1 0 1.0
0 2.14232 -0.87580 0.76307 -0.16503 0.95426 -0.24929 0.42846 0.15261 1 0 1.0
cl_white
0 2.44419 -0.74863 1.05000 -0.15053 0.95274 -0.26387 0.48884 0.21000 1 0 1.0
0 2.14232 -0.87580 0.76307 -0.15053 0.95274 -0.26387 0.42846 0.15261 1 0 1.0
0 2.13785 -0.79703 1.05000 -0.15053 0.95274 -0.26387 0.42757 0.21000 1 0 1.0
cl_white
0 2.43581 -0.82835 0.75039 -0.14445 0.70912 -0.69013 0.48716 0.15008 1 0 1.0
0 2.41279 -1.04738 0.53016 -0.14445 0.70912 -0.69013 0.48256 0.10603 1 0 1.0
0 2.12611 -1.03000 0.60802 -0.14445 0.70912 -0.69013 0.42522 0.12160 1 0 1.0
cl_white
0 2.43581 -0.82835 0.75039 -0.14445 0.70912 -0.69013 0.48716 0.15008 1 0 1.0
0 2.12611 -1.03000 0.60802 -0.14445 0.70912 -0.69013 0.42522 0.12160 1 0 1.0
0 2.14232 -0.87580 0.76307 -0.14445 0.70912 -0.69013 0.42846 0.15261 1 0 1.0
cl_white
0 2.12611 -1.03000 0.60802 -0.51384 0.63454 -0.57735 0.42522 0.12160 1 0 1.0
0 1.97191 -1.01379 0.76307 -0.51384 0.63454 -0.57735 0.39438 0.15261 1 0 1.0
0 2.14232 -0.87580 0.76307 -0.51384 0.63454 -0.57735 0.42846 0.15261 1 0 1.0
cl_white
0 2.38148 -1.34535 1.85000 -0.23637 0.27551 0.93179 0.47630 -0.26907 1 0 1.0
0 2.41279 -1.04738 1.76984 -0.23637 0.27551 0.93179 0.48256 -0.20948 1 0 1.0
0 2.12611 -1.03000 1.69198 -0.23637 0.27551 0.93179 0.42522 -0.20600 1 0 1.0
cl_white
0 2.38148 -1.34535 1.85000 -0.22034 0.28849 0.93179 0.47630 -0.26907 1 0 1.0
0 2.12611 -1.03000 1.69198 -0.22034 0.28849 0.93179 0.42522 -0.20600 1 0 1.0
0 2.08351 -1.31403 1.76984 -0.22034 0.28849 0.93179 0.41670 -0.26281 1 0 1.0
cl_white
0 2.41279 -1.04738 1.76984 -0.14445 0.70912 0.69014 0.48256 0.35397 1 0 1.0
0 2.43581 -0.82835 1.54961 -0.14445 0.70912 0.69014 0.48716 0.30992 1 0 1.0
0 2.14232 -0.87580 1.53693 -0.14445 0.70912 0.69014 0.42846 0.30739 1 0 1.0
cl_white
0 2.41279 -1.04738 1.76984 -0.14445 0.70912 0.69013 0.48256 0.35397 1 0 1.0
0 2.14232 -0.87580 1.53693 -0.14445 0.70912 0.69013 0.42846 0.30739 1 0 1.0
0 2.12611 -1.03000 1.69198 -0.14445 0.70912 0.69013 0.42522 0.33840 1 0 1.0
cl_white
0 2.44419 -0.74863 1.25000 -0.15053 0.95274 0.26387 0.48884 0.25000 1 0 1.0
0 2.13785 -0.79703 1.25000 -0.15053 0.95274 0.26387 0.42757 0.25000 1 0 1.0
0 2.14232 -0.87580 1.53693 -0.15053 0.95274 0.26387 0.42846 0.30739 1 0 1.0
cl_white
0 2.44419 -0.74863 1.25000 -0.16503 0.95426 0.24929 0.48884 0.25000 1 0 1.0
0 2.14232 -0.87580 1.53693 -0.16503 0.95426 0.24929 0.42846 0.30739 1 0 1.0
0 2.43581 -0.82835 1.54961 -0.16503 0.95426 0.24929 0.48716 0.30992 1 0 1.0
cl_white
0 2.13785 -0.79703 1.25000 -0.61422 0.75849 0.21778 0.42757 0.25000 1 0 1.0
0 1.89580 -0.99304 1.25000 -0.61422 0.75849 0.21778 0.37916 0.25000 1 0 1.0
0 1.97191 -1.01379 1.53693 -0.61422 0.75849 0.21778 0.39438 0.30739 1 0 1.0
cl_white
0 2.13785 -0.79703 1.25000 -0.61422 0.75849 0.21778 0.42757 0.25000 1 0 1.0
0 1.97191 -1.01379 1.53693 -0.61422 0.75849 0.21778 0.39438 0.30739 1 0 1.0
0 2.14232 -0.87580 1.53693 -0.61422 0.75849 0.21778 0.42846 0.30739 1 0 1.0
cl_white
0 1.78476 -1.28263 1.25000 -0.89910 0.35983 0.24929 -0.25653 0.25000 1 0 1.0
0 1.86448 -1.29101 1.54961 -0.89910 0.35983 0.24929 -0.25820 0.30992 1 0 1.0
0 1.97191 -1.01379 1.53693 -0.89910 0.35983 0.24929 -0.20276 0.30739 1 0 1.0
cl_white
0 1.78476 -1.28263 1.25000 -0.90062 0.34533 0.26387 -0.25653 0.25000 1 0 1.0
0 1.97191 -1.01379 1.53693 -0.90062 0.34533 0.26387 -0.20276 0.30739 1 0 1.0
0 1.89580 -0.99304 1.25000 -0.90062 0.34533 0.26387 -0.19861 0.25000 1 0 1.0
cl_white
0 1.86448 -1.29101 1.54961 -0.66359 0.28872 0.69013 0.37290 -0.25820 1 0 1.0
0 2.08351 -1.31403 1.76984 -0.66359 0.28872 0.69013 0.41670 -0.26281 1 0 1.0
0 2.12611 -1.03000 1.69198 -0.66359 0.28872 0.69013 0.42522 -0.20600 1 0 1.0
cl_white
0 1.86448 -1.29101 1.54961 -0.66359 0.28872 0.69013 0.37290 -0.25820 1 0 1.0
0 2.12611 -1.03000 1.69198 -0.66359 0.28872 0.69013 0.42522 -0.20600 1 0 1.0
0 1.97191 -1.01379 1.53693 -0.66359 0.28872 0.69013 0.39438 -0.20276 1 0 1.0
cl_white
0 2.12611 -1.03000 1.69198 -0.51384 0.63454 0.57735 0.42522 0.33840 1 0 1.0
0 2.14232 -0.87580 1.53693 -0.51384 0.63454 0.57735 0.42846 0.30739 1 0 1.0
0 1.97191 -1.01379 1.53693 -0.51384 0.63454 0.57735 0.39438 0.30739 1 0 1.0
cl_white
0 3.58566 -3.28183 0.45000 0.22035 -0.28849 -0.93179 0.71713 -0.65637 1 0 1.0
0 3.88362 -3.31314 0.53016 0.22035 -0.28849 -0.93179 0.77672 -0.66263 1 0 1.0
0 3.84102 -3.59717 0.60802 0.22035 -0.28849 -0.93179 0.76820 -0.71943 1 0 1.0
cl_white
0 3.58566 -3.28183 0.45000 0.23637 -0.27551 -0.93179 0.71713 -0.65637 1 0 1.0
0 3.84102 -3.59717 0.60802 0.23637 -0.27551 -0.93179 0.76820 -0.71943 1 0 1.0
0 3.55434 -3.57979 0.53016 0.23637 -0.27551 -0.93179 0.71087 -0.71596 1 0 1.0
cl_white
0 3.88362 -3.31314 0.53016 0.66359 -0.28872 -0.69013 0.77672 -0.66263 1 0 1.0
0 4.10265 -3.33616 0.75039 0.66359 -0.28872 -0.69013 0.82053 -0.66723 1 0 1.0
0 3.99522 -3.61338 0.76307 0.66359 -0.28872 -0.69013 0.79904 -0.72268 1 0 1.0
cl_white
0 3.88362 -3.31314 0.53016 0.66359 -0.28872 -0.69013 0.77672 -0.66263 1 0 1.0
0 3.99522 -3.61338 0.76307 0.66359 -0.28872 -0.69013 0.79904 -0.72268 1 0 1.0
0 3.84102 -3.59717 0.60802 0.66359 -0.28872 -0.69013 0.76820 -0.71943 1 0 1.0
cl_white
0 4.18237 -3.34454 1.05000 0.90062 -0.34533 -0.26387 -0.66891 0.21000 1 0 1.0
0 4.07133 -3.63413 1.05000 0.90062 -0.34533 -0.26387 -0.72683 0.21000 1 0 1.0
0 3.99522 -3.61338 0.76307 0.90062 -0.34533 -0.26387 -0.72268 0.15261 1 0 1.0
cl_white
0 4.18237 -3.34454 1.05000 0.89910 -0.35983 -0.24929 -0.66891 0.21000 1 0 1.0
0 3.99522 -3.61338 0.76307 0.89910 -0.35983 -0.24929 -0.72268 0.15261 1 0 1.0
0 4.10265 -3.33616 0.75039 0.89910 -0.35983 -0.24929 -0.66723 0.15008 1 0 1.0
cl_white
0 4.07133 -3.63413 1.05000 0.61422 -0.75849 -0.21778 0.81427 0.21000 1 0 1.0
0 3.82928 -3.83014 1.05000 0.61422 -0.75849 -0.21778 0.76586 0.21000 1 0 1.0
0 3.82481 -3.75138 0.76307 0.61422 -0.75849 -0.21778 0.76496 0.15261 1 0 1.0
cl_white
0 4.07133 -3.63413 1.05000 0.61422 -0.75849 -0.21778 0.81427 0.21000 1 0 1.0
0 3.82481 -3.75138 0.76307 0.61422 -0.75849 -0.21778 0.76496 0.15261 1 0 1.0
0 3.99522 -3.61338 0.76307 0.61422 -0.75849 -0.21778 0.79904 0.15261 1 0 1.0
cl_white
0 3.52294 -3.87854 1.05000 0.16503 -0.95426 -0.24929 0.70459 0.21000 1 0 1.0
0 3.53132 -3.79882 0.75039 0.16503 -0.95426 -0.24929 0.70626 0.15008 1 0 1.0
0 3.82481 -3.75138 0.76307 0.16503 -0.95426 -0.24929 0.76496 0.15261 1 0 1.0
cl_white
0 3.52294 -3.87854 1.05000 0.15053 -0.95274 -0.26387 0.70459 0.21000 1 0 1.0
0 3.82481 -3.75138 0.76307 0.15053 -0.95274 -0.26387 0.76496 0.15261 1 0 1.0
0 3.82928 -3.83014 1.05000 0.15053 -0.95274 -0.26387 0.76586 0.21000 1 0 1.0
cl_white
0 3.53132 -3.79882 0.75039 0.14445 -0.70912 -0.69014 0.70626 0.15008 1 0 1.0
0 3.55434 -3.57979 0.53016 0.14445 -0.70912 -0.69014 0.71087 0.10603 1 0 1.0
0 3.84102 -3.59717 0.60802 0.14445 -0.70912 -0.69014 0.76820 0.12160 1 0 1.0
cl_white
0 3.53132 -3.79882 0.75039 0.14445 -0.70912 -0.69013 0.70626 0.15008 1 0 1.0
0 3.84102 -3.59717 0.60802 0.14445 -0.70912 -0.69013 0.76820 0.12160 1 0 1.0
0 3.82481 -3.75138 0.76307 0.14445 -0.70912 -0.69013 0.76496 0.15261 1 0 1.0
cl_white
0 3.84102 -3.59717 0.60802 0.51384 -0.63454 -0.57735 0.76820 0.12160 1 0 1.0
0 3.99522 -3.61338 0.76307 0.51384 -0.63454 -0.57735 0.79904 0.15261 1 0 1.0
0 3.82481 -3.75138 0.76307 0.51384 -0.63454 -0.57735 0.76496 0.15261 1 0 1.0
cl_white
0 3.58566 -3.28183 1.85000 0.23637 -0.27551 0.93179 0.71713 -0.65637 1 0 1.0
0 3.55434 -3.57979 1.76984 0.23637 -0.27551 0.93179 0.71087 -0.71596 1 0 1.0
0 3.84102 -3.59717 1.69198 0.23637 -0.27551 0.93179 0.76820 -0.71943 1 0 1.0
cl_white
0 3.58566 -3.28183 1.85000 0.22034 -0.28849 0.93179 0.71713 -0.65637 1 0 1.0
0 3.84102 -3.59717 1.69198 0.22034 -0.28849 0.93179 0.76820 -0.71943 1 0 1.0
0 3.88362 -3.31314 1.76984 0.22034 -0.28849 0.93179 0.77672 -0.66263 1 0 1.0
cl_white
0 3.55434 -3.57979 1.76984 0.14445 -0.70912 0.69014 0.71087 0.35397 1 0 1.0
0 3.53132 -3.79882 1.54961 0.14445 -0.70912 0.69014 0.70626 0.30992 1 0 1.0
0 3.82481 -3.75138 1.53693 0.14445 -0.70912 0.69014 0.76496 0.30739 1 0 1.0
cl_white
0 3.55434 -3.57979 1.76984 0.14445 -0.70912 0.69013 0.71087 0.35397 1 0 1.0
0 3.82481 -3.75138 1.53693 0.14445 -0.70912 0.69013 0.76496 0.30739 1 0 1.0
0 3.84102 -3.59717 1.69198 0.14445 -0.70912 0.69013 0.76820 0.33840 1 0 1.0
cl_white
0 3.52294 -3.87854 1.25000 0.15053 -0.95274 0.26387 0.70459 0.25000 1 0 1.0
0 3.82928 -3.83014 1.25000 0.15053 -0.95274 0.26387 0.76586 0.25000 1 0 1.0
0 3.82481 -3.75138 1.53693 0.15053 -0.95274 0.26387 0.76496 0.30739 1 0 1.0
cl_white
0 3.52294 -3.87854 1.25000 0.16503 -0.95426 0.24929 0.70459 0.25000 1 0 1.0
0 3.82481 -3.75138 1.53693 0.16503 -0.95426 0.24929 0.76496 0.30739 1 0 1.0
0 3.53132 -3.79882 1.54961 0.16503 -0.95426 0.24929 0.70626 0.30992 1 0 1.0
cl_white
0 3.82928 -3.83014 1.25000 0.61422 -0.75849 0.21778 0.76586 0.25000 1 0 1.0
0 4.07133 -3.63413 1.25000 0.61422 -0.75849 0.21778 0.81427 0.25000 1 0 1.0
0 3.99522 -3.61338 1.53693 0.61422 -0.75849 0.21778 0.79904 0.30739 1 0 1.0
cl_white
0 3.82928 -3.83014 1.25000 0.61422 -0.75849 0.21778 0.76586 0.25000 1 0 1.0
0 3.99522 -3.61338 1.53693 0.61422 -0.75849 0.21778 0.79904 0.30739 1 0 1.0
0 3.82481 -3.75138 1.53693 0.61422 -0.75849 0.21778 0.76496 0.30739 1 0 1.0
cl_white
0 4.18237 -3.34454 1.25000 0.89910 -0.35983 0.24929 -0.66891 0.25000 1 0 1.0
0 4.10265 -3.33616 1.54961 0.89910 -0.35983 0.24929 -0.66723 0.30992 1 0 1.0
0 3.99522 -3.61338 1.53693 0.89910 -0.35983 0.24929 -0.72268 0.30739 1 0 1.0
cl_white
0 4.18237 -3.34454 1.25000 0.90062 -0.34533 0.26387 -0.66891 0.25000 1 0 1.0
0 3.99522 -3.61338 1.53693 0.90062 -0.34533 0.26387 -0.72268 0.30739 1 0 1.0
0 4.07133 -3.63413 1.25000 0.90062 -0.34533 0.26387 -0.72683 0.25000 1 0 1.0
cl_white
0 4.10265 -3.33616 1.54961 0.66359 -0.28872 0.69013 0.82053 -0.66723 1 0 1.0
0 3.88362 -3.31314 1.76984 0.66359 -0.28872 0.69013 0.77672 -0.66263 1 0 1.0
0 3.84102 -3.59717 1.69198 0.66359 -0.28872 0.69013 0.76820 -0.71943 1 0 1.0
cl_white
0 4.10265 -3.33616 1.54961 0.66359 -0.28872 0.69013 0.82053 -0.66723 1 0 1.0
0 3.84102 -3.59717 1.69198 0.66359 -0.28872 0.69013 0.76820 -0.71943 1 0 1.0
0 3.99522 -3.61338 1.53693 0.66359 -0.28872 0.69013 0.79904 -0.72268 1 0 1.0
cl_white
0 3.84102 -3.59717 1.69198 0.51384 -0.63454 0.57735 0.76820 0.33840 1 0 1.0
0 3.82481 -3.75138 1.53693 0.51384 -0.63454 0.57735 0.76496 0.30739 1 0 1.0
0 3.99522 -3.61338 1.53693 0.51384 -0.63454 0.57735 0.79904 0.30739 1 0 1.0
cl_white
0 3.77381 -1.49169 0.45000 0.28849 0.22034 -0.93179 0.75476 -0.29834 1 0 1.0
0 3.80512 -1.19372 0.53016 0.28849 0.22034 -0.93179 0.76102 -0.23874 1 0 1.0
0 4.08915 -1.23632 0.60802 0.28849 0.22034 -0.93179 0.81783 -0.24726 1 0 1.0
cl_white
0 3.77381 -1.49169 0.45000 0.27551 0.23637 -0.93179 0.75476 -0.29834 1 0 1.0
0 4.08915 -1.23632 0.60802 0.27551 0.23637 -0.93179 0.81783 -0.24726 1 0 1.0
0 4.07177 -1.52300 0.53016 0.27551 0.23637 -0.93179 0.81435 -0.30460 1 0 1.0
cl_white
0 3.80512 -1.19372 0.53016 0.28872 0.66359 -0.69014 0.76102 -0.23874 1 0 1.0
0 3.82815 -0.97469 0.75039 0.28872 0.66359 -0.69014 0.76563 -0.19494 1 0 1.0
0 4.10536 -1.08212 0.76307 0.28872 0.66359 -0.69014 0.82107 -0.21642 1 0 1.0
cl_white
0 3.80512 -1.19372 0.53016 0.28872 0.66359 -0.69013 0.76102 -0.23874 1 0 1.0
0 4.10536 -1.08212 0.76307 0.28872 0.66359 -0.69013 0.82107 -0.21642 1 0 1.0
0 4.08915 -1.23632 0.60802 0.28872 0.66359 -0.69013 0.81783 -0.24726 1 0 1.0
cl_white
0 3.83652 -0.89497 1.05000 0.34533 0.90062 -0.26387 0.76730 0.21000 1 0 1.0
0 4.12611 -1.00601 1.05000 0.34533 0.90062 -0.26387 0.82522 0.21000 1 0 1.0
0 4.10536 -1.08212 0.76307 0.34533 0.90062 -0.26387 0.82107 0.15261 1 0 1.0
cl_white
0 3.83652 -0.89497 1.05000 0.35983 0.89910 -0.24929 0.76730 0.21000 1 0 1.0
0 4.10536 -1.08212 0.76307 0.35983 0.89910 -0.24929 0.82107 0.15261 1 0 1.0
0 3.82815 -0.97469 0.75039 0.35983 0.89910 -0.24929 0.76563 0.15008 1 0 1.0
cl_white
0 4.12611 -1.00601 1.05000 0.75849 0.61422 -0.21778 -0.20120 0.21000 1 0 1.0
0 4.32212 -1.24806 1.05000 0.75849 0.61422 -0.21778 -0.24961 0.21000 1 0 1.0
0 4.24336 -1.25253 0.76307 0.75849 0.61422 -0.21778 -0.25051 0.15261 1 0 1.0
cl_white
0 4.12611 -1.00601 1.05000 0.75849 0.61422 -0.21778 -0.20120 0.21000 1 0 1.0
0 4.24336 -1.25253 0.76307 0.75849 0.61422 -0.21778 -0.25051 0.15261 1 0 1.0
0 4.10536 -1.08212 0.76307 0.75849 0.61422 -0.21778 -0.21642 0.15261 1 0 1.0
cl_white
0 4.37052 -1.55440 1.05000 0.95426 0.16503 -0.24929 -0.31088 0.21000 1 0 1.0
0 4.29080 -1.54602 0.75039 0.95426 0.16503 -0.24929 -0.30920 0.15008 1 0 1.0
0 4.24336 -1.25253 0.76307 0.95426 0.16503 -0.24929 -0.25051 0.15261 1 0 1.0
cl_white
0 4.37052 -1.55440 1.05000 0.95274 0.15053 -0.26387 -0.31088 0.21000 1 0 1.0
0 4.24336 -1.25253 0.76307 0.95274 0.15053 -0.26387 -0.25051 0.15261 1 0 1.0
0 4.32212 -1.24806 1.05000 0.95274 0.15053 -0.26387 -0.24961 0.21000 1 0 1.0
cl_white
0 4.29080 -1.54602 0.75039 0.70912 0.14444 -0.69014 -0.30920 0.15008 1 0 1.0
0 4.07177 -1.52300 0.53016 0.70912 0.14444 -0.69014 -0.30460 0.10603 1 0 1.0
0 4.08915 -1.23632 0.60802 0.70912 0.14444 -0.69014 -0.24726 0.12160 1 0 1.0
cl_white
0 4.29080 -1.54602 0.75039 0.70912 0.14445 -0.69013 -0.30920 0.15008 1 0 1.0
0 4.08915 -1.23632 0.60802 0.70912 0.14445 -0.69013 -0.24726 0.12160 1 0 1.0
0 4.24336 -1.25253 0.76307 0.70912 0.14445 -0.69013 -0.25051 0.15261 1 0 1.0
cl_white
0 4.08915 -1.23632 0.60802 0.63454 0.51384 -0.57735 -0.24726 0.12160 1 0 1.0
0 4.10536 -1.08212 0.76307 0.63454 0.51384 -0.57735 -0.21642 0.15261 1 0 1.0
0 4.24336 -1.25253 0.76307 0.63454 0.51384 -0.57735 -0.25051 0.15261 1 0 1.0
cl_white
0 3.77381 -1.49169 1.85000 0.27551 0.23637 0.93179 0.75476 -0.29834 1 0 1.0
0 4.07177 -1.52300 1.76984 0.27551 0.23637 0.93179 0.81435 -0.30460 1 0 1.0
0 4.08915 -1.23632 1.69198 0.27551 0.23637 0.93179 0.81783 -0.24726 1 0 1.0
cl_white
0 3.77381 -1.49169 1.85000 0.28849 0.22034 0.93179 0.75476 -0.29834 1 0 1.0
0 4.08915 -1.23632 1.69198 0.28849 0.22034 0.93179 0.81783 -0.24726 1 0 1.0
0 3.80512 -1.19372 1.76984 0.28849 0.22034 0.93179 0.76102 -0.23874 1 0 1.0
cl_white
0 4.07177 -1.52300 1.76984 0.70912 0.14445 0.69014 -0.30460 0.35397 1 0 1.0
0 4.29080 -1.54602 1.54961 0.70912 0.14445 0.69014 -0.30920 0.30992 1 0 1.0
0 4.24336 -1.25253 1.53693 0.70912 0.14445 0.69014 -0.25051 0.30739 1 0 1.0
cl_white
0 4.07177 -1.52300 1.76984 0.70912 0.14445 0.69014 -0.30460 0.35397 1 0 1.0
0 4.24336 -1.25253 1.53693 0.70912 0.14445 0.69014 -0.25051 0.30739 1 0 1.0
0 4.08915 -1.23632 1.69198 0.70912 0.14445 0.69014 -0.24726 0.33840 1 0 1.0
cl_white
0 4.37052 -1.55440 1.25000 0.95274 0.15053 0.26387 -0.31088 0.25000 1 0 1.0
0 4.32212 -1.24806 1.25000 0.95274 0.15053 0.26387 -0.24961 0.25000 1 0 1.0
0 4.24336 -1.25253 1.53693 0.95274 0.15053 0.26387 -0.25051 0.30739 1 0 1.0
cl_white
0 4.37052 -1.55440 1.25000 0.95426 0.16503 0.24929 -0.31088 0.25000 1 0 1.0
0 4.24336 -1.25253 1.53693 0.95426 0.16503 0.24929 -0.25051 0.30739 1 0 1.0
0 4.29080 -1.54602 1.54961 0.95426 0.16503 0.24929 -0.30920 0.30992 1 0 1.0
cl_white
0 4.32212 -1.24806 1.25000 0.75849 0.61422 0.21778 -0.24961 0.25000 1 0 1.0
0 4.12611 -1.00601 1.25000 0.75849 0.61422 0.21778 -0.20120 0.25000 1 0 1.0
0 4.10536 -1.08212 1.53693 0.75849 0.61422 0.21778 -0.21642 0.30739 1 0 1.0
cl_white
0 4.32212 -1.24806 1.25000 0.75849 0.61422 0.21778 -0.24961 0.25000 1 0 1.0
0 4.10536 -1.08212 1.53693 0.75849 0.61422 0.21778 -0.21642 0.30739 1 0 1.0
0 4.24336 -1.25253 1.53693 0.75849 0.61422 0.21778 -0.25051 0.30739 1 0 1.0
cl_white
0 3.83652 -0.89497 1.25000 0.35983 0.89910 0.24929 0.76730 0.25000 1 0 1.0
0 3.82815 -0.97469 1.54961 0.35983 0.89910 0.24929 0.76563 0.30992 1 0 1.0
0 4.10536 -1.08212 1.53693 0.35983 0.89910 0.24929 0.82107 0.30739 1 0 1.0
cl_white
0 3.83652 -0.89497 1.25000 0.34533 0.90062 0.26387 0.76730 0.25000 1 0 1.0
0 4.10536 -1.08212 1.53693 0.34533 0.90062 0.26387 0.82107 0.30739 1 0 1.0
0 4.12611 -1.00601 1.25000 0.34533 0.90062 0.26387 0.82522 0.25000 1 0 1.0
cl_white
0 3.82815 -0.97469 1.54961 0.28872 0.66359 0.69013 0.76563 -0.19494 1 0 1.0
0 3.80512 -1.19372 1.76984 0.28872 0.66359 0.69013 0.76102 -0.23874 1 0 1.0
0 4.08915 -1.23632 1.69198 0.28872 0.66359 0.69013 0.81783 -0.24726 1 0 1.0
cl_white
0 3.82815 -0.97469 1.54961 0.28872 0.66359 0.69014 0.76563 -0.19494 1 0 1.0
0 4.08915 -1.23632 1.69198 0.28872 0.66359 0.69014 0.81783 -0.24726 1 0 1.0
0 4.10536 -1.08212 1.53693 0.28872 0.66359 0.69014 0.82107 -0.21642 1 0 1.0
cl_white
0 4.08915 -1.23632 1.69198 0.63454 0.51384 0.57735 -0.24726 0.33840 1 0 1.0
0 4.24336 -1.25253 1.53693 0.63454 0.51384 0.57735 -0.25051 0.30739 1 0 1.0
0 4.10536 -1.08212 1.53693 0.63454 0.51384 0.57735 -0.21642 0.30739 1 0 1.0
cl_white
0 2.38148 -1.34535 0.45000 -0.25704 0.02702 -0.96602 0.47630 -0.26907 1 0 1.0
0 2.19333 -3.13549 0.45000 -0.25704 0.02702 -0.96602 0.43867 -0.62710 1 0 1.0
0 1.89536 -3.10417 0.53016 -0.25704 0.02702 -0.96602 0.37907 -0.62083 1 0 1.0
cl_white
0 2.38148 -1.34535 0.45000 -0.25704 0.02702 -0.96602 0.47630 -0.26907 1 0 1.0
0 1.89536 -3.10417 0.53016 -0.25704 0.02702 -0.96602 0.37907 -0.62083 1 0 1.0
0 2.08351 -1.31403 0.53016 -0.25704 0.02702 -0.96602 0.41670 -0.26281 1 0 1.0
cl_white
0 2.08351 -1.31403 0.53016 -0.70323 0.07391 -0.70711 0.41670 -0.26281 1 0 1.0
0 1.89536 -3.10417 0.53016 -0.70323 0.07391 -0.70711 0.37907 -0.62083 1 0 1.0
0 1.67633 -3.08115 0.75039 -0.70323 0.07391 -0.70711 0.33527 -0.61623 1 0 1.0
cl_white
0 2.08351 -1.31403 0.53016 -0.70323 0.07391 -0.70711 0.41670 -0.26281 1 0 1.0
0 1.67633 -3.08115 0.75039 -0.70323 0.07391 -0.70711 0.33527 -0.61623 1 0 1.0
0 1.86448 -1.29101 0.75039 -0.70323 0.07391 -0.70711 0.37290 -0.25820 1 0 1.0
cl_white
0 1.86448 -1.29101 0.75039 -0.96073 0.10098 -0.25845 -0.25820 0.15008 1 0 1.0
0 1.67633 -3.08115 0.75039 -0.96073 0.10098 -0.25845 -0.61623 0.15008 1 0 1.0
0 1.59661 -3.07277 1.05000 -0.96073 0.10098 -0.25845 -0.61455 0.21000 1 0 1.0
cl_white
0 1.86448 -1.29101 0.75039 -0.96073 0.10098 -0.25845 -0.25820 0.15008 1 0 1.0
0 1.59661 -3.07277 1.05000 -0.96073 0.10098 -0.25845 -0.61455 0.21000 1 0 1.0
0 1.78476 -1.28263 1.05000 -0.96073 0.10098 -0.25845 -0.25653 0.21000 1 0 1.0
cl_white
0 2.13061 -3.73220 1.05000 -0.35801 -0.93372 0.00000 0.42612 0.21000 1 0 1.0
0 2.13061 -3.73220 1.25000 -0.35801 -0.93372 0.00000 0.42612 0.25000 1 0 1.0
0 1.84102 -3.62116 1.25000 -0.35801 -0.93372 0.00000 0.36820 0.25000 1 0 1.0
cl_white
0 2.13061 -3.73220 1.05000 -0.35801 -0.93372 0.00000 0.42612 0.21000 1 0 1.0
0 1.84102 -3.62116 1.25000 -0.35801 -0.93372 0.00000 0.36820 0.25000 1 0 1.0
0 1.84102 -3.62116 1.05000 -0.35801 -0.93372 0.00000 0.36820 0.21000 1 0 1.0
cl_white
0 1.84102 -3.62116 1.05000 -0.77715 -0.62932 0.00000 -0.72423 0.21000 1 0 1.0
0 1.84102 -3.62116 1.25000 -0.77715 -0.62932 0.00000 -0.72423 0.25000 1 0 1.0
0 1.64501 -3.37911 1.25000 -0.77715 -0.62932 0.00000 -0.67582 0.25000 1 0 1.0
cl_white
0 1.84102 -3.62116 1.05000 -0.77715 -0.62932 0.00000 -0.72423 0.21000 1 0 1.0
0 1.64501 -3.37911 1.25000 -0.77715 -0.62932 0.00000 -0.67582 0.25000 1 0 1.0
0 1.64501 -3.37911 1.05000 -0.77715 -0.62932 0.00000 -0.67582 0.21000 1 0 1.0
cl_white
0 1.64501 -3.37911 1.05000 -0.98775 -0.15606 0.00000 -0.67582 0.21000 1 0 1.0
0 1.64501 -3.37911 1.25000 -0.98775 -0.15606 0.00000 -0.67582 0.25000 1 0 1.0
0 1.59661 -3.07277 1.25000 -0.98775 -0.15606 0.00000 -0.61455 0.25000 1 0 1.0
cl_white
0 1.64501 -3.37911 1.05000 -0.98775 -0.15606 0.00000 -0.67582 0.21000 1 0 1.0
0 1.59661 -3.07277 1.25000 -0.98775 -0.15606 0.00000 -0.61455 0.25000 1 0 1.0
0 1.59661 -3.07277 1.05000 -0.98775 -0.15606 0.00000 -0.61455 0.21000 1 0 1.0
cl_white
0 2.19333 -3.13549 1.85000 -0.25704 0.02702 0.96602 0.43867 -0.62710 1 0 1.0
0 2.38148 -1.34535 1.85000 -0.25704 0.02702 0.96602 0.47630 -0.26907 1 0 1.0
0 2.08351 -1.31403 1.76984 -0.25704 0.02702 0.96602 0.41670 -0.26281 1 0 1.0
cl_white
0 2.19333 -3.13549 1.85000 -0.25704 0.02702 0.96602 0.43867 -0.62710 1 0 1.0
0 2.08351 -1.31403 1.76984 -0.25704 0.02702 0.96602 0.41670 -0.26281 1 0 1.0
0 1.89536 -3.10417 1.76984 -0.25704 0.02702 0.96602 0.37907 -0.62083 1 0 1.0
cl_white
0 1.89536 -3.10417 1.76984 -0.70323 0.07391 0.70711 0.37907 -0.62083 1 0 1.0
0 2.08351 -1.31403 1.76984 -0.70323 0.07391 0.70711 0.41670 -0.26281 1 0 1.0
0 1.86448 -1.29101 1.54961 -0.70323 0.07391 0.70711 0.37290 -0.25820 1 0 1.0
cl_white
0 1.89536 -3.10417 1.76984 -0.70323 0.07391 0.70711 0.37907 -0.62083 1 0 1.0
0 1.86448 -1.29101 1.54961 -0.70323 0.07391 0.70711 0.37290 -0.25820 1 0 1.0
0 1.67633 -3.08115 1.54961 -0.70323 0.07391 0.70711 0.33527 -0.61623 1 0 1.0
cl_white
0 1.67633 -3.08115 1.54961 -0.96073 0.10098 0.25845 -0.61623 0.30992 1 0 1.0
0 1.86448 -1.29101 1.54961 -0.96073 0.10098 0.25845 -0.25820 0.30992 1 0 1.0
0 1.78476 -1.28263 1.25000 -0.96073 0.10098 0.25845 -0.25653 0.25000 1 0 1.0
cl_white
0 1.67633 -3.08115 1.54961 -0.96073 0.10098 0.25845 -0.61623 0.30992 1 0 1.0
0 1.78476 -1.28263 1.25000 -0.96073 0.10098 0.25845 -0.25653 0.25000 1 0 1.0
0 1.59661 -3.07277 1.25000 -0.96073 0.10098 0.25845 -0.61455 0.25000 1 0 1.0
cl_white
0 2.44419 -0.74863 1.25000 -0.15606 0.98775 0.00000 0.48884 0.25000 1 0 1.0
0 2.44419 -0.74863 1.05000 -0.15606 0.98775 0.00000 0.48884 0.21000 1 0 1.0
0 2.13785 -0.79703 1.05000 -0.15606 0.98775 0.00000 0.42757 0.21000 1 0 1.0
cl_white
0 2.44419 -0.74863 1.25000 -0.15606 0.98775 -0.00000 0.48884 0.25000 1 0 1.0
0 2.13785 -0.79703 1.05000 -0.15606 0.98775 -0.00000 0.42757 0.21000 1 0 1.0
0 2.13785 -0.79703 1.25000 -0.15606 0.98775 -0.00000 0.42757 0.25000 1 0 1.0
cl_white
0 2.13785 -0.79703 1.25000 -0.62932 0.77715 -0.00000 0.42757 0.25000 1 0 1.0
0 2.13785 -0.79703 1.05000 -0.62932 0.77715 -0.00000 0.42757 0.21000 1 0 1.0
0 1.89580 -0.99304 1.05000 -0.62932 0.77715 -0.00000 0.37916 0.21000 1 0 1.0
cl_white
0 2.13785 -0.79703 1.25000 -0.62932 0.77715 -0.00000 0.42757 0.25000 1 0 1.0
0 1.89580 -0.99304 1.05000 -0.62932 0.77715 -0.00000 0.37916 0.21000 1 0 1.0
0 1.89580 -0.99304 1.25000 -0.62932 0.77715 -0.00000 0.37916 0.25000 1 0 1.0
cl_white
0 1.89580 -0.99304 1.25000 -0.93372 0.35801 -0.00000 -0.19861 0.25000 1 0 1.0
0 1.89580 -0.99304 1.05000 -0.93372 0.35801 -0.00000 -0.19861 0.21000 1 0 1.0
0 1.78476 -1.28263 1.05000 -0.93372 0.35801 -0.00000 -0.25653 0.21000 1 0 1.0
cl_white
0 1.89580 -0.99304 1.25000 -0.93372 0.35801 0.00000 -0.19861 0.25000 1 0 1.0
0 1.78476 -1.28263 1.05000 -0.93372 0.35801 0.00000 -0.25653 0.21000 1 0 1.0
0 1.78476 -1.28263 1.25000 -0.93372 0.35801 0.00000 -0.25653 0.25000 1 0 1.0
cl_white
0 3.77381 -1.49169 0.45000 0.02702 0.25704 -0.96602 0.75476 -0.29834 1 0 1.0
0 2.38148 -1.34535 0.45000 0.02702 0.25704 -0.96602 0.47630 -0.26907 1 0 1.0
0 2.41279 -1.04738 0.53016 0.02702 0.25704 -0.96602 0.48256 -0.20948 1 0 1.0
cl_white
0 3.77381 -1.49169 0.45000 0.02702 0.25704 -0.96602 0.75476 -0.29834 1 0 1.0
0 2.41279 -1.04738 0.53016 0.02702 0.25704 -0.96602 0.48256 -0.20948 1 0 1.0
0 3.80512 -1.19372 0.53016 0.02702 0.25704 -0.96602 0.76102 -0.23874 1 0 1.0
cl_white
0 3.80512 -1.19372 0.53016 0.07391 0.70323 -0.70711 0.76102 -0.23874 1 0 1.0
0 2.41279 -1.04738 0.53016 0.07391 0.70323 -0.70711 0.48256 -0.20948 1 0 1.0
0 2.43581 -0.82835 0.75039 0.07391 0.70323 -0.70711 0.48716 -0.16567 1 0 1.0
cl_white
0 3.80512 -1.19372 0.53016 0.07391 0.70323 -0.70711 0.76102 -0.23874 1 0 1.0
0 2.43581 -0.82835 0.75039 0.07391 0.70323 -0.70711 0.48716 -0.16567 1 0 1.0
0 3.82815 -0.97469 0.75039 0.07391 0.70323 -0.70711 0.76563 -0.19494 1 0 1.0
cl_white
0 3.82815 -0.97469 0.75039 0.10098 0.96073 -0.25845 0.76563 0.15008 1 0 1.0
0 2.43581 -0.82835 0.75039 0.10098 0.96073 -0.25845 0.48716 0.15008 1 0 1.0
0 2.44419 -0.74863 1.05000 0.10098 0.96073 -0.25845 0.48884 0.21000 1 0 1.0
cl_white
0 3.82815 -0.97469 0.75039 0.10098 0.96073 -0.25845 0.76563 0.15008 1 0 1.0
0 2.44419 -0.74863 1.05000 0.10098 0.96073 -0.25845 0.48884 0.21000 1 0 1.0
0 3.83652 -0.89497 1.05000 0.10098 0.96073 -0.25845 0.76730 0.21000 1 0 1.0
cl_white
0 2.38148 -1.34535 1.85000 0.02702 0.25704 0.96602 0.47630 -0.26907 1 0 1.0
0 3.77381 -1.49169 1.85000 0.02702 0.25704 0.96602 0.75476 -0.29834 1 0 1.0
0 3.80512 -1.19372 1.76984 0.02702 0.25704 0.96602 0.76102 -0.23874 1 0 1.0
cl_white
0 2.38148 -1.34535 1.85000 0.02702 0.25704 0.96602 0.47630 -0.26907 1 0 1.0
0 3.80512 -1.19372 1.76984 0.02702 0.25704 0.96602 0.76102 -0.23874 1 0 1.0
0 2.41279 -1.04738 1.76984 0.02702 0.25704 0.96602 0.48256 -0.20948 1 0 1.0
cl_white
0 2.41279 -1.04738 1.76984 0.07391 0.70323 0.70711 0.48256 -0.20948 1 0 1.0
0 3.80512 -1.19372 1.76984 0.07391 0.70323 0.70711 0.76102 -0.23874 1 0 1.0
0 3.82815 -0.97469 1.54961 0.07391 0.70323 0.70711 0.76563 -0.19494 1 0 1.0
cl_white
0 2.41279 -1.04738 1.76984 0.07391 0.70323 0.70711 0.48256 -0.20948 1 0 1.0
0 3.82815 -0.97469 1.54961 0.07391 0.70323 0.70711 0.76563 -0.19494 1 0 1.0
0 2.43581 -0.82835 1.54961 0.07391 0.70323 0.70711 0.48716 -0.16567 1 0 1.0
cl_white
0 2.43581 -0.82835 1.54961 0.10098 0.96073 0.25845 0.48716 0.30992 1 0 1.0
0 3.82815 -0.97469 1.54961 0.10098 0.96073 0.25845 0.76563 0.30992 1 0 1.0
0 3.83652 -0.89497 1.25000 0.10098 0.96073 0.25845 0.76730 0.25000 1 0 1.0
cl_white
0 2.43581 -0.82835 1.54961 0.10098 0.96073 0.25845 0.48716 0.30992 1 0 1.0
0 3.83652 -0.89497 1.25000 0.10098 0.96073 0.25845 0.76730 0.25000 1 0 1.0
0 2.44419 -0.74863 1.25000 0.10098 0.96073 0.25845 0.48884 0.25000 1 0 1.0
cl_white
0 4.37052 -1.55440 1.25000 0.98775 0.15606 0.00000 -0.31088 0.25000 1 0 1.0
0 4.37052 -1.55440 1.05000 0.98775 0.15606 0.00000 -0.31088 0.21000 1 0 1.0
0 4.32212 -1.24806 1.05000 0.98775 0.15606 0.00000 -0.24961 0.21000 1 0 1.0
cl_white
0 4.37052 -1.55440 1.25000 0.98775 0.15606 0.00000 -0.31088 0.25000 1 0 1.0
0 4.32212 -1.24806 1.05000 0.98775 0.15606 0.00000 -0.24961 0.21000 1 0 1.0
0 4.32212 -1.24806 1.25000 0.98775 0.15606 0.00000 -0.24961 0.25000 1 0 1.0
cl_white
0 4.32212 -1.24806 1.25000 0.77715 0.62932 0.00000 -0.24961 0.25000 1 0 1.0
0 4.32212 -1.24806 1.05000 0.77715 0.62932 0.00000 -0.24961 0.21000 1 0 1.0
0 4.12611 -1.00601 1.05000 0.77715 0.62932 0.00000 -0.20120 0.21000 1 0 1.0
cl_white
0 4.32212 -1.24806 1.25000 0.77715 0.62932 0.00000 -0.24961 0.25000 1 0 1.0
0 4.12611 -1.00601 1.05000 0.77715 0.62932 0.00000 -0.20120 0.21000 1 0 1.0
0 4.12611 -1.00601 1.25000 0.77715 0.62932 0.00000 -0.20120 0.25000 1 0 1.0
cl_white
0 4.12611 -1.00601 1.25000 0.35801 0.93372 0.00000 0.82522 0.25000 1 0 1.0
0 4.12611 -1.00601 1.05000 0.35801 0.93372 0.00000 0.82522 0.21000 1 0 1.0
0 3.83652 -0.89497 1.05000 0.35801 0.93372 0.00000 0.76730 0.21000 1 0 1.0
cl_white
0 4.12611 -1.00601 1.25000 0.35801 0.93372 0.00000 0.82522 0.25000 1 0 1.0
0 3.83652 -0.89497 1.05000 0.35801 0.93372 0.00000 0.76730 0.21000 1 0 1.0
0 3.83652 -0.89497 1.25000 0.35801 0.93372 0.00000 0.76730 0.25000 1 0 1.0
cl_white
0 3.58566 -3.28183 0.45000 0.25704 -0.02702 -0.96602 0.71713 -0.65637 1 0 1.0
0 3.77381 -1.49169 0.45000 0.25704 -0.02702 -0.96602 0.75476 -0.29834 1 0 1.0
0 4.07177 -1.52300 0.53016 0.25704 -0.02702 -0.96602 0.81435 -0.30460 1 0 1.0
cl_white
0 3.58566 -3.28183 0.45000 0.25704 -0.02702 -0.96602 0.71713 -0.65637 1 0 1.0
0 4.07177 -1.52300 0.53016 0.25704 -0.02702 -0.96602 0.81435 -0.30460 1 0 1.0
0 3.88362 -3.31314 0.53016 0.25704 -0.02702 -0.96602 0.77672 -0.66263 1 0 1.0
cl_white
0 3.88362 -3.31314 0.53016 0.70323 -0.07391 -0.70711 0.77672 -0.66263 1 0 1.0
0 4.07177 -1.52300 0.53016 0.70323 -0.07391 -0.70711 0.81435 -0.30460 1 0 1.0
0 4.29080 -1.54602 0.75039 0.70323 -0.07391 -0.70711 0.85816 -0.30920 1 0 1.0
cl_white
0 3.88362 -3.31314 0.53016 0.70323 -0.07391 -0.70711 0.77672 -0.66263 1 0 1.0
0 4.29080 -1.54602 0.75039 0.70323 -0.07391 -0.70711 0.85816 -0.30920 1 0 1.0
0 4.10265 -3.33616 0.75039 0.70323 -0.07391 -0.70711 0.82053 -0.66723 1 0 1.0
cl_white
0 4.10265 -3.33616 0.75039 0.96073 -0.10098 -0.25845 -0.66723 0.15008 1 0 1.0
0 4.29080 -1.54602 0.75039 0.96073 -0.10098 -0.25845 -0.30920 0.15008 1 0 1.0
0 4.37052 -1.55440 1.05000 0.96073 -0.10098 -0.25845 -0.31088 0.21000 1 0 1.0
cl_white
0 4.10265 -3.33616 0.75039 0.96073 -0.10098 -0.25845 -0.66723 0.15008 1 0 1.0
0 4.37052 -1.55440 1.05000 0.96073 -0.10098 -0.25845 -0.31088 0.21000 1 0 1.0
0 4.18237 -3.34454 1.05000 0.96073 -0.10098 -0.25845 -0.66891 0.21000 1 0 1.0
cl_white
0 3.77381 -1.49169 1.85000 0.25704 -0.02702 0.96602 0.75476 -0.29834 1 0 1.0
0 3.58566 -3.28183 1.85000 0.25704 -0.02702 0.96602 0.71713 -0.65637 1 0 1.0
0 3.88362 -3.31314 1.76984 0.25704 -0.02702 0.96602 0.77672 -0.66263 1 0 1.0
cl_white
0 3.77381 -1.49169 1.85000 0.25704 -0.02702 0.96602 0.75476 -0.29834 1 0 1.0
0 3.88362 -3.31314 1.76984 0.25704 -0.02702 0.96602 0.77672 -0.66263 1 0 1.0
0 4.07177 -1.52300 1.76984 0.25704 -0.02702 0.96602 0.81435 -0.30460 1 0 1.0
cl_white
0 4.07177 -1.52300 1.76984 0.70323 -0.07391 0.70711 0.81435 -0.30460 1 0 1.0
0 3.88362 -3.31314 1.76984 0.70323 -0.07391 0.70711 0.77672 -0.66263 1 0 1.0
0 4.10265 -3.33616 1.54961 0.70323 -0.07391 0.70711 0.82053 -0.66723 1 0 1.0
cl_white
0 4.07177 -1.52300 1.76984 0.70323 -0.07391 0.70711 0.81435 -0.30460 1 0 1.0
0 4.10265 -3.33616 1.54961 0.70323 -0.07391 0.70711 0.82053 -0.66723 1 0 1.0
0 4.29080 -1.54602 1.54961 0.70323 -0.07391 0.70711 0.85816 -0.30920 1 0 1.0
cl_white
0 4.29080 -1.54602 1.54961 0.96073 -0.10098 0.25845 -0.30920 0.30992 1 0 1.0
0 4.10265 -3.33616 1.54961 0.96073 -0.10098 0.25845 -0.66723 0.30992 1 0 1.0
0 4.18237 -3.34454 1.25000 0.96073 -0.10098 0.25845 -0.66891 0.25000 1 0 1.0
cl_white
0 4.29080 -1.54602 1.54961 0.96073 -0.10098 0.25845 -0.30920 0.30992 1 0 1.0
0 4.18237 -3.34454 1.25000 0.96073 -0.10098 0.25845 -0.66891 0.25000 1 0 1.0
0 4.37052 -1.55440 1.25000 0.96073 -0.10098 0.25845 -0.31088 0.25000 1 0 1.0
cl_white
0 3.52294 -3.87854 1.25000 0.15606 -0.98775 0.00000 0.70459 0.25000 1 0 1.0
0 3.52294 -3.87854 1.05000 0.15606 -0.98775 0.00000 0.70459 0.21000 1 0 1.0
0 3.82928 -3.83014 1.05000 0.15606 -0.98775 0.00000 0.76586 0.21000 1 0 1.0
cl_white
0 3.52294 -3.87854 1.25000 0.15606 -0.98775 -0.00000 0.70459 0.25000 1 0 1.0
0 3.82928 -3.83014 1.05000 0.15606 -0.98775 -0.00000 0.76586 0.21000 1 0 1.0
0 3.82928 -3.83014 1.25000 0.15606 -0.98775 -0.00000 0.76586 0.25000 1 0 1.0
cl_white
0 3.82928 -3.83014 1.25000 0.62932 -0.77715 -0.00000 0.76586 0.25000 1 0 1.0
0 3.82928 -3.83014 1.05000 0.62932 -0.77715 -0.00000 0.76586 0.21000 1 0 1.0
0 4.07133 -3.63413 1.05000 0.62932 -0.77715 -0.00000 0.81427 0.21000 1 0 1.0
cl_white
0 3.82928 -3.83014 1.25000 0.62932 -0.77715 0.00000 0.76586 0.25000 1 0 1.0
0 4.07133 -3.63413 1.05000 0.62932 -0.77715 0.00000 0.81427 0.21000 1 0 1.0
0 4.07133 -3.63413 1.25000 0.62932 -0.77715 0.00000 0.81427 0.25000 1 0 1.0
cl_white
0 4.07133 -3.63413 1.25000 0.93372 -0.35802 0.00000 -0.72683 0.25000 1 0 1.0
0 4.07133 -3.63413 1.05000 0.93372 -0.35802 0.00000 -0.72683 0.21000 1 0 1.0
0 4.18237 -3.34454 1.05000 0.93372 -0.35802 0.00000 -0.66891 0.21000 1 0 1.0
cl_white
0 4.07133 -3.63413 1.25000 0.93372 -0.35802 0.00000 -0.72683 0.25000 1 0 1.0
0 4.18237 -3.34454 1.05000 0.93372 -0.35802 0.00000 -0.66891 0.21000 1 0 1.0
0 4.18237 -3.34454 1.25000 0.93372 -0.35802 0.00000 -0.66891 0.25000 1 0 1.0
cl_white
0 2.19333 -3.13549 0.45000 -0.02702 -0.25704 -0.96602 0.43867 -0.62710 1 0 1.0
0 3.58566 -3.28183 0.45000 -0.02702 -0.25704 -0.96602 0.71713 -0.65637 1 0 1.0
0 3.55434 -3.57979 0.53016 -0.02702 -0.25704 -0.96602 0.71087 -0.71596 1 0 1.0
cl_white
0 2.19333 -3.13549 0.45000 -0.02702 -0.25704 -0.96602 0.43867 -0.62710 1 0 1.0
0 3.55434 -3.57979 0.53016 -0.02702 -0.25704 -0.96602 0.71087 -0.71596 1 0 1.0
0 2.16201 -3.43345 0.53016 -0.02702 -0.25704 -0.96602 0.43240 -0.68669 1 0 1.0
cl_white
0 2.16201 -3.43345 0.53016 -0.07391 -0.70323 -0.70711 0.43240 -0.68669 1 0 1.0
0 3.55434 -3.57979 0.53016 -0.07391 -0.70323 -0.70711 0.71087 -0.71596 1 0 1.0
0 3.53132 -3.79882 0.75039 -0.07391 -0.70323 -0.70711 0.70626 -0.75976 1 0 1.0
cl_white
0 2.16201 -3.43345 0.53016 -0.07391 -0.70323 -0.70711 0.43240 -0.68669 1 0 1.0
0 3.53132 -3.79882 0.75039 -0.07391 -0.70323 -0.70711 0.70626 -0.75976 1 0 1.0
0 2.13899 -3.65248 0.75039 -0.07391 -0.70323 -0.70711 0.42780 -0.73050 1 0 1.0
cl_white
0 2.13899 -3.65248 0.75039 -0.10098 -0.96073 -0.25845 0.42780 0.15008 1 0 1.0
0 3.53132 -3.79882 0.75039 -0.10098 -0.96073 -0.25845 0.70626 0.15008 1 0 1.0
0 3.52294 -3.87854 1.05000 -0.10098 -0.96073 -0.25845 0.70459 0.21000 1 0 1.0
cl_white
0 2.13899 -3.65248 0.75039 -0.10098 -0.96073 -0.25845 0.42780 0.15008 1 0 1.0
0 3.52294 -3.87854 1.05000 -0.10098 -0.96073 -0.25845 0.70459 0.21000 1 0 1.0
0 2.13061 -3.73220 1.05000 -0.10098 -0.96073 -0.25845 0.42612 0.21000 1 0 1.0
cl_white
0 3.58566 -3.28183 1.85000 -0.02702 -0.25704 0.96602 0.71713 -0.65637 1 0 1.0
0 2.19333 -3.13549 1.85000 -0.02702 -0.25704 0.96602 0.43867 -0.62710 1 0 1.0
0 2.16201 -3.43345 1.76984 -0.02702 -0.25704 0.96602 0.43240 -0.68669 1 0 1.0
cl_white
0 3.58566 -3.28183 1.85000 -0.02702 -0.25704 0.96602 0.71713 -0.65637 1 0 1.0
0 2.16201 -3.43345 1.76984 -0.02702 -0.25704 0.96602 0.43240 -0.68669 1 0 1.0
0 3.55434 -3.57979 1.76984 -0.02702 -0.25704 0.96602 0.71087 -0.71596 1 0 1.0
cl_white
0 3.55434 -3.57979 1.76984 -0.07391 -0.70323 0.70711 0.71087 -0.71596 1 0 1.0
0 2.16201 -3.43345 1.76984 -0.07391 -0.70323 0.70711 0.43240 -0.68669 1 0 1.0
0 2.13899 -3.65248 1.54961 -0.07391 -0.70323 0.70711 0.42780 -0.73050 1 0 1.0
cl_white
0 3.55434 -3.57979 1.76984 -0.07391 -0.70323 0.70711 0.71087 -0.71596 1 0 1.0
0 2.13899 -3.65248 1.54961 -0.07391 -0.70323 0.70711 0.42780 -0.73050 1 0 1.0
0 3.53132 -3.79882 1.54961 -0.07391 -0.70323 0.70711 0.70626 -0.75976 1 0 1.0
cl_white
0 3.53132 -3.79882 1.54961 -0.10098 -0.96073 0.25845 0.70626 0.30992 1 0 1.0
0 2.13899 -3.65248 1.54961 -0.10098 -0.96073 0.25845 0.42780 0.30992 1 0 1.0
0 2.13061 -3.73220 1.25000 -0.10098 -0.96073 0.25845 0.42612 0.25000 1 0 1.0
cl_white
0 3.53132 -3.79882 1.54961 -0.10098 -0.96073 0.25845 0.70626 0.30992 1 0 1.0
0 2.13061 -3.73220 1.25000 -0.10098 -0.96073 0.25845 0.42612 0.25000 1 0 1.0
0 3.52294 -3.87854 1.25000 -0.10098 -0.96073 0.25845 0.70459 0.25000 1 0 1.0
cl_white
0 2.38148 -1.34535 0.45000 0.00000 0.00000 -1.00000 0.47630 -0.26907 1 0 1.0
0 3.77381 -1.49169 0.45000 0.00000 0.00000 -1.00000 0.75476 -0.29834 1 0 1.0
0 3.58566 -3.28183 0.45000 0.00000 0.00000 -1.00000 0.71713 -0.65637 1 0 1.0
cl_white
0 2.38148 -1.34535 0.45000 0.00000 0.00000 -1.00000 0.47630 -0.26907 1 0 1.0
0 3.58566 -3.28183 0.45000 0.00000 0.00000 -1.00000 0.71713 -0.65637 1 0 1.0
0 2.19333 -3.13549 0.45000 0.00000 0.00000 -1.00000 0.43867 -0.62710 1 0 1.0
cl_white
0 1.59661 -3.07277 1.05000 -0.99452 0.10453 0.00000 -0.61455 0.21000 1 0 1.0
0 1.59661 -3.07277 1.25000 -0.99452 0.10453 0.00000 -0.61455 0.25000 1 0 1.0
0 1.78476 -1.28263 1.25000 -0.99452 0.10453 0.00000 -0.25653 0.25000 1 0 1.0
cl_white
0 1.59661 -3.07277 1.05000 -0.99452 0.10453 0.00000 -0.61455 0.21000 1 0 1.0
0 1.78476 -1.28263 1.25000 -0.99452 0.10453 0.00000 -0.25653 0.25000 1 0 1.0
0 1.78476 -1.28263 1.05000 -0.99452 0.10453 0.00000 -0.25653 0.21000 1 0 1.0
cl_white
0 3.52294 -3.87854 1.05000 -0.10453 -0.99452 0.00000 0.70459 0.21000 1 0 1.0
0 3.52294 -3.87854 1.25000 -0.10453 -0.99452 0.00000 0.70459 0.25000 1 0 1.0
0 2.13061 -3.73220 1.25000 -0.10453 -0.99452 0.00000 0.42612 0.25000 1 0 1.0
cl_white
0 3.52294 -3.87854 1.05000 -0.10453 -0.99452 0.00000 0.70459 0.21000 1 0 1.0
0 2.13061 -3.73220 1.25000 -0.10453 -0.99452 0.00000 0.42612 0.25000 1 0 1.0
0 2.13061 -3.73220 1.05000 -0.10453 -0.99452 0.00000 0.42612 0.21000 1 0 1.0
cl_white
0 3.77381 -1.49169 1.85000 0.00000 0.00000 1.00000 0.75476 -0.29834 1 0 1.0
0 2.38148 -1.34535 1.85000 0.00000 0.00000 1.00000 0.47630 -0.26907 1 0 1.0
0 2.19333 -3.13549 1.85000 0.00000 0.00000 1.00000 0.43867 -0.62710 1 0 1.0
cl_white
0 3.77381 -1.49169 1.85000 0.00000 0.00000 1.00000 0.75476 -0.29834 1 0 1.0
0 2.19333 -3.13549 1.85000 0.00000 0.00000 1.00000 0.43867 -0.62710 1 0 1.0
0 3.58566 -3.28183 1.85000 0.00000 0.00000 1.00000 0.71713 -0.65637 1 0 1.0
cl_white
0 2.44419 -0.74863 1.05000 0.10453 0.99452 0.00000 0.48884 0.21000 1 0 1.0
0 2.44419 -0.74863 1.25000 0.10453 0.99452 0.00000 0.48884 0.25000 1 0 1.0
0 3.83652 -0.89497 1.25000 0.10453 0.99452 0.00000 0.76730 0.25000 1 0 1.0
cl_white
0 2.44419 -0.74863 1.05000 0.10453 0.99452 0.00000 0.48884 0.21000 1 0 1.0
0 3.83652 -0.89497 1.25000 0.10453 0.99452 0.00000 0.76730 0.25000 1 0 1.0
0 3.83652 -0.89497 1.05000 0.10453 0.99452 0.00000 0.76730 0.21000 1 0 1.0
cl_white
0 4.37052 -1.55440 1.05000 0.99452 -0.10453 0.00000 -0.31088 0.21000 1 0 1.0
0 4.37052 -1.55440 1.25000 0.99452 -0.10453 0.00000 -0.31088 0.25000 1 0 1.0
0 4.18237 -3.34454 1.25000 0.99452 -0.10453 0.00000 -0.66891 0.25000 1 0 1.0
cl_white
0 4.37052 -1.55440 1.05000 0.99452 -0.10453 0.00000 -0.31088 0.21000 1 0 1.0
0 4.18237 -3.34454 1.25000 0.99452 -0.10453 0.00000 -0.66891 0.25000 1 0 1.0
0 4.18237 -3.34454 1.05000 0.99452 -0.10453 0.00000 -0.66891 0.21000 1 0 1.0
cl_white
0 2.38148 1.34535 0.45000 -0.23637 -0.27551 -0.93179 0.47630 0.26907 1 0 1.0
0 2.41279 1.04738 0.53016 -0.23637 -0.27551 -0.93179 0.48256 0.20948 1 0 1.0
0 2.12611 1.03000 0.60802 -0.23637 -0.27551 -0.93179 0.42522 0.20600 1 0 1.0
cl_white
0 2.38148 1.34535 0.45000 -0.22034 -0.28849 -0.93179 0.47630 0.26907 1 0 1.0
0 2.12611 1.03000 0.60802 -0.22034 -0.28849 -0.93179 0.42522 0.20600 1 0 1.0
0 2.08351 1.31403 0.53016 -0.22034 -0.28849 -0.93179 0.41670 0.26281 1 0 1.0
cl_white
0 2.41279 1.04738 0.53016 -0.14445 -0.70912 -0.69014 0.48256 0.10603 1 0 1.0
0 2.43581 0.82835 0.75039 -0.14445 -0.70912 -0.69014 0.48716 0.15008 1 0 1.0
0 2.14232 0.87580 0.76307 -0.14445 -0.70912 -0.69014 0.42846 0.15261 1 0 1.0
cl_white
0 2.41279 1.04738 0.53016 -0.14445 -0.70912 -0.69013 0.48256 0.10603 1 0 1.0
0 2.14232 0.87580 0.76307 -0.14445 -0.70912 -0.69013 0.42846 0.15261 1 0 1.0
0 2.12611 1.03000 0.60802 -0.14445 -0.70912 -0.69013 0.42522 0.12160 1 0 1.0
cl_white
0 2.44419 0.74863 1.05000 -0.15053 -0.95274 -0.26387 0.48884 0.21000 1 0 1.0
0 2.13785 0.79703 1.05000 -0.15053 -0.95274 -0.26387 0.42757 0.21000 1 0 1.0
0 2.14232 0.87580 0.76307 -0.15053 -0.95274 -0.26387 0.42846 0.15261 1 0 1.0
cl_white
0 2.44419 0.74863 1.05000 -0.16503 -0.95426 -0.24929 0.48884 0.21000 1 0 1.0
0 2.14232 0.87580 0.76307 -0.16503 -0.95426 -0.24929 0.42846 0.15261 1 0 1.0
0 2.43581 0.82835 0.75039 -0.16503 -0.95426 -0.24929 0.48716 0.15008 1 0 1.0
cl_white
0 2.13785 0.79703 1.05000 -0.61422 -0.75849 -0.21778 0.42757 0.21000 1 0 1.0
0 1.89580 0.99304 1.05000 -0.61422 -0.75849 -0.21778 0.37916 0.21000 1 0 1.0
0 1.97191 1.01379 0.76307 -0.61422 -0.75849 -0.21778 0.39438 0.15261 1 0 1.0
cl_white
0 2.13785 0.79703 1.05000 -0.61422 -0.75849 -0.21778 0.42757 0.21000 1 0 1.0
0 1.97191 1.01379 0.76307 -0.61422 -0.75849 -0.21778 0.39438 0.15261 1 0 1.0
0 2.14232 0.87580 0.76307 -0.61422 -0.75849 -0.21778 0.42846 0.15261 1 0 1.0
cl_white
0 1.78476 1.28263 1.05000 -0.89910 -0.35983 -0.24929 0.25653 0.21000 1 0 1.0
0 1.86448 1.29101 0.75039 -0.89910 -0.35983 -0.24929 0.25820 0.15008 1 0 1.0
0 1.97191 1.01379 0.76307 -0.89910 -0.35983 -0.24929 0.20276 0.15261 1 0 1.0
cl_white
0 1.78476 1.28263 1.05000 -0.90062 -0.34533 -0.26387 0.25653 0.21000 1 0 1.0
0 1.97191 1.01379 0.76307 -0.90062 -0.34533 -0.26387 0.20276 0.15261 1 0 1.0
0 1.89580 0.99304 1.05000 -0.90062 -0.34533 -0.26387 0.19861 0.21000 1 0 1.0
cl_white
0 1.86448 1.29101 0.75039 -0.66359 -0.28872 -0.69013 0.37290 0.25820 1 0 1.0
0 2.08351 1.31403 0.53016 -0.66359 -0.28872 -0.69013 0.41670 0.26281 1 0 1.0
0 2.12611 1.03000 0.60802 -0.66359 -0.28872 -0.69013 0.42522 0.20600 1 0 1.0
cl_white
0 1.86448 1.29101 0.75039 -0.66359 -0.28872 -0.69013 0.37290 0.25820 1 0 1.0
0 2.12611 1.03000 0.60802 -0.66359 -0.28872 -0.69013 0.42522 0.20600 1 0 1.0
0 1.97191 1.01379 0.76307 -0.66359 -0.28872 -0.69013 0.39438 0.20276 1 0 1.0
cl_white
0 2.12611 1.03000 0.60802 -0.51384 -0.63454 -0.57735 0.42522 0.12160 1 0 1.0
0 2.14232 0.87580 0.76307 -0.51384 -0.63454 -0.57735 0.42846 0.15261 1 0 1.0
0 1.97191 1.01379 0.76307 -0.51384 -0.63454 -0.57735 0.39438 0.15261 1 0 1.0
cl_white
0 2.44419 0.74863 1.25000 -0.16503 -0.95426 0.24929 0.48884 0.25000 1 0 1.0
0 2.43581 0.82835 1.54961 -0.16503 -0.95426 0.24929 0.48716 0.30992 1 0 1.0
0 2.14232 0.87580 1.53693 -0.16503 -0.95426 0.24929 0.42846 0.30739 1 0 1.0
cl_white
0 2.44419 0.74863 1.25000 -0.15053 -0.95274 0.26387 0.48884 0.25000 1 0 1.0
0 2.14232 0.87580 1.53693 -0.15053 -0.95274 0.26387 0.42846 0.30739 1 0 1.0
0 2.13785 0.79703 1.25000 -0.15053 -0.95274 0.26387 0.42757 0.25000 1 0 1.0
cl_white
0 2.43581 0.82835 1.54961 -0.14445 -0.70912 0.69014 0.48716 0.30992 1 0 1.0
0 2.41279 1.04738 1.76984 -0.14445 -0.70912 0.69014 0.48256 0.35397 1 0 1.0
0 2.12611 1.03000 1.69198 -0.14445 -0.70912 0.69014 0.42522 0.33840 1 0 1.0
cl_white
0 2.43581 0.82835 1.54961 -0.14445 -0.70912 0.69013 0.48716 0.30992 1 0 1.0
0 2.12611 1.03000 1.69198 -0.14445 -0.70912 0.69013 0.42522 0.33840 1 0 1.0
0 2.14232 0.87580 1.53693 -0.14445 -0.70912 0.69013 0.42846 0.30739 1 0 1.0
cl_white
0 2.38148 1.34535 1.85000 -0.22034 -0.28849 0.93179 0.47630 0.26907 1 0 1.0
0 2.08351 1.31403 1.76984 -0.22034 -0.28849 0.93179 0.41670 0.26281 1 0 1.0
0 2.12611 1.03000 1.69198 -0.22034 -0.28849 0.93179 0.42522 0.20600 1 0 1.0
cl_white
0 2.38148 1.34535 1.85000 -0.23637 -0.27551 0.93179 0.47630 0.26907 1 0 1.0
0 2.12611 1.03000 1.69198 -0.23637 -0.27551 0.93179 0.42522 0.20600 1 0 1.0
0 2.41279 1.04738 1.76984 -0.23637 -0.27551 0.93179 0.48256 0.20948 1 0 1.0
cl_white
0 2.08351 1.31403 1.76984 -0.66359 -0.28872 0.69013 0.41670 0.26281 1 0 1.0
0 1.86448 1.29101 1.54961 -0.66359 -0.28872 0.69013 0.37290 0.25820 1 0 1.0
0 1.97191 1.01379 1.53693 -0.66359 -0.28872 0.69013 0.39438 0.20276 1 0 1.0
cl_white
0 2.08351 1.31403 1.76984 -0.66359 -0.28872 0.69013 0.41670 0.26281 1 0 1.0
0 1.97191 1.01379 1.53693 -0.66359 -0.28872 0.69013 0.39438 0.20276 1 0 1.0
0 2.12611 1.03000 1.69198 -0.66359 -0.28872 0.69013 0.42522 0.20600 1 0 1.0
cl_white
0 1.78476 1.28263 1.25000 -0.90062 -0.34533 0.26387 0.25653 0.25000 1 0 1.0
0 1.89580 0.99304 1.25000 -0.90062 -0.34533 0.26387 0.19861 0.25000 1 0 1.0
0 1.97191 1.01379 1.53693 -0.90062 -0.34533 0.26387 0.20276 0.30739 1 0 1.0
cl_white
0 1.78476 1.28263 1.25000 -0.89910 -0.35983 0.24929 0.25653 0.25000 1 0 1.0
0 1.97191 1.01379 1.53693 -0.89910 -0.35983 0.24929 0.20276 0.30739 1 0 1.0
0 1.86448 1.29101 1.54961 -0.89910 -0.35983 0.24929 0.25820 0.30992 1 0 1.0
cl_white
0 1.89580 0.99304 1.25000 -0.61422 -0.75849 0.21778 0.37916 0.25000 1 0 1.0
0 2.13785 0.79703 1.25000 -0.61422 -0.75849 0.21778 0.42757 0.25000 1 0 1.0
0 2.14232 0.87580 1.53693 -0.61422 -0.75849 0.21778 0.42846 0.30739 1 0 1.0
cl_white
0 1.89580 0.99304 1.25000 -0.61422 -0.75849 0.21778 0.37916 0.25000 1 0 1.0
0 2.14232 0.87580 1.53693 -0.61422 -0.75849 0.21778 0.42846 0.30739 1 0 1.0
0 1.97191 1.01379 1.53693 -0.61422 -0.75849 0.21778 0.39438 0.30739 1 0 1.0
cl_white
0 2.14232 0.87580 1.53693 -0.51384 -0.63454 0.57735 0.42846 0.30739 1 0 1.0
0 2.12611 1.03000 1.69198 -0.51384 -0.63454 0.57735 0.42522 0.33840 1 0 1.0
0 1.97191 1.01379 1.53693 -0.51384 -0.63454 0.57735 0.39438 0.30739 1 0 1.0
cl_white
0 2.19333 3.13549 0.45000 -0.27551 0.23637 -0.93179 0.43867 0.62710 1 0 1.0
0 1.89536 3.10417 0.53016 -0.27551 0.23637 -0.93179 0.37907 0.62083 1 0 1.0
0 1.87798 3.39085 0.60802 -0.27551 0.23637 -0.93179 0.37560 0.67817 1 0 1.0
cl_white
0 2.19333 3.13549 0.45000 -0.28849 0.22035 -0.93179 0.43867 0.62710 1 0 1.0
0 1.87798 3.39085 0.60802 -0.28849 0.22035 -0.93179 0.37560 0.67817 1 0 1.0
0 2.16201 3.43345 0.53016 -0.28849 0.22035 -0.93179 0.43240 0.68669 1 0 1.0
cl_white
0 1.89536 3.10417 0.53016 -0.70912 0.14445 -0.69013 0.62083 0.10603 1 0 1.0
0 1.67633 3.08115 0.75039 -0.70912 0.14445 -0.69013 0.61623 0.15008 1 0 1.0
0 1.72377 3.37464 0.76307 -0.70912 0.14445 -0.69013 0.67493 0.15261 1 0 1.0
cl_white
0 1.89536 3.10417 0.53016 -0.70912 0.14445 -0.69014 0.62083 0.10603 1 0 1.0
0 1.72377 3.37464 0.76307 -0.70912 0.14445 -0.69014 0.67493 0.15261 1 0 1.0
0 1.87798 3.39085 0.60802 -0.70912 0.14445 -0.69014 0.67817 0.12160 1 0 1.0
cl_white
0 1.59661 3.07277 1.05000 -0.95274 0.15053 -0.26387 0.61455 0.21000 1 0 1.0
0 1.64501 3.37911 1.05000 -0.95274 0.15053 -0.26387 0.67582 0.21000 1 0 1.0
0 1.72377 3.37464 0.76307 -0.95274 0.15053 -0.26387 0.67493 0.15261 1 0 1.0
cl_white
0 1.59661 3.07277 1.05000 -0.95426 0.16503 -0.24929 0.61455 0.21000 1 0 1.0
0 1.72377 3.37464 0.76307 -0.95426 0.16503 -0.24929 0.67493 0.15261 1 0 1.0
0 1.67633 3.08115 0.75039 -0.95426 0.16503 -0.24929 0.61623 0.15008 1 0 1.0
cl_white
0 1.64501 3.37911 1.05000 -0.75849 0.61422 -0.21778 0.67582 0.21000 1 0 1.0
0 1.84102 3.62116 1.05000 -0.75849 0.61422 -0.21778 0.72423 0.21000 1 0 1.0
0 1.86177 3.54505 0.76307 -0.75849 0.61422 -0.21778 0.70901 0.15261 1 0 1.0
cl_white
0 1.64501 3.37911 1.05000 -0.75849 0.61422 -0.21778 0.67582 0.21000 1 0 1.0
0 1.86177 3.54505 0.76307 -0.75849 0.61422 -0.21778 0.70901 0.15261 1 0 1.0
0 1.72377 3.37464 0.76307 -0.75849 0.61422 -0.21778 0.67493 0.15261 1 0 1.0
cl_white
0 2.13061 3.73220 1.05000 -0.35983 0.89910 -0.24929 0.42612 0.21000 1 0 1.0
0 2.13899 3.65248 0.75039 -0.35983 0.89910 -0.24929 0.42780 0.15008 1 0 1.0
0 1.86177 3.54505 0.76307 -0.35983 0.89910 -0.24929 0.37235 0.15261 1 0 1.0
cl_white
0 2.13061 3.73220 1.05000 -0.34533 0.90062 -0.26387 0.42612 0.21000 1 0 1.0
0 1.86177 3.54505 0.76307 -0.34533 0.90062 -0.26387 0.37235 0.15261 1 0 1.0
0 1.84102 3.62116 1.05000 -0.34533 0.90062 -0.26387 0.36820 0.21000 1 0 1.0
cl_white
0 2.13899 3.65248 0.75039 -0.28872 0.66359 -0.69014 0.42780 0.73050 1 0 1.0
0 2.16201 3.43345 0.53016 -0.28872 0.66359 -0.69014 0.43240 0.68669 1 0 1.0
0 1.87798 3.39085 0.60802 -0.28872 0.66359 -0.69014 0.37560 0.67817 1 0 1.0
cl_white
0 2.13899 3.65248 0.75039 -0.28872 0.66359 -0.69014 0.42780 0.73050 1 0 1.0
0 1.87798 3.39085 0.60802 -0.28872 0.66359 -0.69014 0.37560 0.67817 1 0 1.0
0 1.86177 3.54505 0.76307 -0.28872 0.66359 -0.69014 0.37235 0.70901 1 0 1.0
cl_white
0 1.87798 3.39085 0.60802 -0.63454 0.51384 -0.57735 0.67817 0.12160 1 0 1.0
0 1.72377 3.37464 0.76307 -0.63454 0.51384 -0.57735 0.67493 0.15261 1 0 1.0
0 1.86177 3.54505 0.76307 -0.63454 0.51384 -0.57735 0.70901 0.15261 1 0 1.0
cl_white
0 2.19333 3.13549 1.85000 -0.28849 0.22034 0.93179 0.43867 0.62710 1 0 1.0
0 2.16201 3.43345 1.76984 -0.28849 0.22034 0.93179 0.43240 0.68669 1 0 1.0
0 1.87798 3.39085 1.69198 -0.28849 0.22034 0.93179 0.37560 0.67817 1 0 1.0
cl_white
0 2.19333 3.13549 1.85000 -0.27551 0.23637 0.93179 0.43867 0.62710 1 0 1.0
0 1.87798 3.39085 1.69198 -0.27551 0.23637 0.93179 0.37560 0.67817 1 0 1.0
0 1.89536 3.10417 1.76984 -0.27551 0.23637 0.93179 0.37907 0.62083 1 0 1.0
cl_white
0 2.16201 3.43345 1.76984 -0.28872 0.66359 0.69014 0.43240 0.68669 1 0 1.0
0 2.13899 3.65248 1.54961 -0.28872 0.66359 0.69014 0.42780 0.73050 1 0 1.0
0 1.86177 3.54505 1.53693 -0.28872 0.66359 0.69014 0.37235 0.70901 1 0 1.0
cl_white
0 2.16201 3.43345 1.76984 -0.28872 0.66359 0.69014 0.43240 0.68669 1 0 1.0
0 1.86177 3.54505 1.53693 -0.28872 0.66359 0.69014 0.37235 0.70901 1 0 1.0
0 1.87798 3.39085 1.69198 -0.28872 0.66359 0.69014 0.37560 0.67817 1 0 1.0
cl_white
0 2.13061 3.73220 1.25000 -0.34532 0.90062 0.26387 0.42612 0.25000 1 0 1.0
0 1.84102 3.62116 1.25000 -0.34532 0.90062 0.26387 0.36820 0.25000 1 0 1.0
0 1.86177 3.54505 1.53693 -0.34532 0.90062 0.26387 0.37235 0.30739 1 0 1.0
cl_white
0 2.13061 3.73220 1.25000 -0.35983 0.89910 0.24929 0.42612 0.25000 1 0 1.0
0 1.86177 3.54505 1.53693 -0.35983 0.89910 0.24929 0.37235 0.30739 1 0 1.0
0 2.13899 3.65248 1.54961 -0.35983 0.89910 0.24929 0.42780 0.30992 1 0 1.0
cl_white
0 1.84102 3.62116 1.25000 -0.75849 0.61422 0.21778 0.72423 0.25000 1 0 1.0
0 1.64501 3.37911 1.25000 -0.75849 0.61422 0.21778 0.67582 0.25000 1 0 1.0
0 1.72377 3.37464 1.53693 -0.75849 0.61422 0.21778 0.67493 0.30739 1 0 1.0
cl_white
0 1.84102 3.62116 1.25000 -0.75849 0.61422 0.21778 0.72423 0.25000 1 0 1.0
0 1.72377 3.37464 1.53693 -0.75849 0.61422 0.21778 0.67493 0.30739 1 0 1.0
0 1.86177 3.54505 1.53693 -0.75849 0.61422 0.21778 0.70901 0.30739 1 0 1.0
cl_white
0 1.59661 3.07277 1.25000 -0.95426 0.16503 0.24929 0.61455 0.25000 1 0 1.0
0 1.67633 3.08115 1.54961 -0.95426 0.16503 0.24929 0.61623 0.30992 1 0 1.0
0 1.72377 3.37464 1.53693 -0.95426 0.16503 0.24929 0.67493 0.30739 1 0 1.0
cl_white
0 1.59661 3.07277 1.25000 -0.95274 0.15053 0.26387 0.61455 0.25000 1 0 1.0
0 1.72377 3.37464 1.53693 -0.95274 0.15053 0.26387 0.67493 0.30739 1 0 1.0
0 1.64501 3.37911 1.25000 -0.95274 0.15053 0.26387 0.67582 0.25000 1 0 1.0
cl_white
0 1.67633 3.08115 1.54961 -0.70912 0.14445 0.69013 0.61623 0.30992 1 0 1.0
0 1.89536 3.10417 1.76984 -0.70912 0.14445 0.69013 0.62083 0.35397 1 0 1.0
0 1.87798 3.39085 1.69198 -0.70912 0.14445 0.69013 0.67817 0.33840 1 0 1.0
cl_white
0 1.67633 3.08115 1.54961 -0.70912 0.14445 0.69013 0.61623 0.30992 1 0 1.0
0 1.87798 3.39085 1.69198 -0.70912 0.14445 0.69013 0.67817 0.33840 1 0 1.0
0 1.72377 3.37464 1.53693 -0.70912 0.14445 0.69013 0.67493 0.30739 1 0 1.0
cl_white
0 1.87798 3.39085 1.69198 -0.63454 0.51384 0.57735 0.67817 0.33840 1 0 1.0
0 1.86177 3.54505 1.53693 -0.63454 0.51384 0.57735 0.70901 0.30739 1 0 1.0
0 1.72377 3.37464 1.53693 -0.63454 0.51384 0.57735 0.67493 0.30739 1 0 1.0
cl_white
0 3.77381 1.49169 0.45000 0.27551 -0.23637 -0.93179 0.75476 0.29834 1 0 1.0
0 4.07177 1.52300 0.53016 0.27551 -0.23637 -0.93179 0.81435 0.30460 1 0 1.0
0 4.08915 1.23632 0.60802 0.27551 -0.23637 -0.93179 0.81783 0.24726 1 0 1.0
cl_white
0 3.77381 1.49169 0.45000 0.28849 -0.22034 -0.93179 0.75476 0.29834 1 0 1.0
0 4.08915 1.23632 0.60802 0.28849 -0.22034 -0.93179 0.81783 0.24726 1 0 1.0
0 3.80512 1.19372 0.53016 0.28849 -0.22034 -0.93179 0.76102 0.23874 1 0 1.0
cl_white
0 4.07177 1.52300 0.53016 0.70912 -0.14445 -0.69014 0.30460 0.10603 1 0 1.0
0 4.29080 1.54602 0.75039 0.70912 -0.14445 -0.69014 0.30920 0.15008 1 0 1.0
0 4.24336 1.25253 0.76307 0.70912 -0.14445 -0.69014 0.25051 0.15261 1 0 1.0
cl_white
0 4.07177 1.52300 0.53016 0.70912 -0.14445 -0.69014 0.30460 0.10603 1 0 1.0
0 4.24336 1.25253 0.76307 0.70912 -0.14445 -0.69014 0.25051 0.15261 1 0 1.0
0 4.08915 1.23632 0.60802 0.70912 -0.14445 -0.69014 0.24726 0.12160 1 0 1.0
cl_white
0 4.37052 1.55440 1.05000 0.95274 -0.15053 -0.26387 0.31088 0.21000 1 0 1.0
0 4.32212 1.24806 1.05000 0.95274 -0.15053 -0.26387 0.24961 0.21000 1 0 1.0
0 4.24336 1.25253 0.76307 0.95274 -0.15053 -0.26387 0.25051 0.15261 1 0 1.0
cl_white
0 4.37052 1.55440 1.05000 0.95426 -0.16503 -0.24929 0.31088 0.21000 1 0 1.0
0 4.24336 1.25253 0.76307 0.95426 -0.16503 -0.24929 0.25051 0.15261 1 0 1.0
0 4.29080 1.54602 0.75039 0.95426 -0.16503 -0.24929 0.30920 0.15008 1 0 1.0
cl_white
0 4.32212 1.24806 1.05000 0.75849 -0.61422 -0.21778 0.24961 0.21000 1 0 1.0
0 4.12611 1.00601 1.05000 0.75849 -0.61422 -0.21778 0.20120 0.21000 1 0 1.0
0 4.10536 1.08212 0.76307 0.75849 -0.61422 -0.21778 0.21642 0.15261 1 0 1.0
cl_white
0 4.32212 1.24806 1.05000 0.75849 -0.61422 -0.21778 0.24961 0.21000 1 0 1.0
0 4.10536 1.08212 0.76307 0.75849 -0.61422 -0.21778 0.21642 0.15261 1 0 1.0
0 4.24336 1.25253 0.76307 0.75849 -0.61422 -0.21778 0.25051 0.15261 1 0 1.0
cl_white
0 3.83652 0.89497 1.05000 0.35983 -0.89910 -0.24929 0.76730 0.21000 1 0 1.0
0 3.82815 0.97469 0.75039 0.35983 -0.89910 -0.24929 0.76563 0.15008 1 0 1.0
0 4.10536 1.08212 0.76307 0.35983 -0.89910 -0.24929 0.82107 0.15261 1 0 1.0
cl_white
0 3.83652 0.89497 1.05000 0.34533 -0.90062 -0.26387 0.76730 0.21000 1 0 1.0
0 4.10536 1.08212 0.76307 0.34533 -0.90062 -0.26387 0.82107 0.15261 1 0 1.0
0 4.12611 1.00601 1.05000 0.34533 -0.90062 -0.26387 0.82522 0.21000 1 0 1.0
cl_white
0 3.82815 0.97469 0.75039 0.28872 -0.66359 -0.69013 0.76563 0.19494 1 0 1.0
0 3.80512 1.19372 0.53016 0.28872 -0.66359 -0.69013 0.76102 0.23874 1 0 1.0
0 4.08915 1.23632 0.60802 0.28872 -0.66359 -0.69013 0.81783 0.24726 1 0 1.0
cl_white
0 3.82815 0.97469 0.75039 0.28872 -0.66359 -0.69014 0.76563 0.19494 1 0 1.0
0 4.08915 1.23632 0.60802 0.28872 -0.66359 -0.69014 0.81783 0.24726 1 0 1.0
0 4.10536 1.08212 0.76307 0.28872 -0.66359 -0.69014 0.82107 0.21642 1 0 1.0
cl_white
0 4.08915 1.23632 0.60802 0.63454 -0.51384 -0.57735 0.24726 0.12160 1 0 1.0
0 4.24336 1.25253 0.76307 0.63454 -0.51384 -0.57735 0.25051 0.15261 1 0 1.0
0 4.10536 1.08212 0.76307 0.63454 -0.51384 -0.57735 0.21642 0.15261 1 0 1.0
cl_white
0 3.77381 1.49169 1.85000 0.28849 -0.22034 0.93179 0.75476 0.29834 1 0 1.0
0 3.80512 1.19372 1.76984 0.28849 -0.22034 0.93179 0.76102 0.23874 1 0 1.0
0 4.08915 1.23632 1.69198 0.28849 -0.22034 0.93179 0.81783 0.24726 1 0 1.0
cl_white
0 3.77381 1.49169 1.85000 0.27551 -0.23637 0.93179 0.75476 0.29834 1 0 1.0
0 4.08915 1.23632 1.69198 0.27551 -0.23637 0.93179 0.81783 0.24726 1 0 1.0
0 4.07177 1.52300 1.76984 0.27551 -0.23637 0.93179 0.81435 0.30460 1 0 1.0
cl_white
0 3.80512 1.19372 1.76984 0.28872 -0.66359 0.69014 0.76102 0.23874 1 0 1.0
0 3.82815 0.97469 1.54961 0.28872 -0.66359 0.69014 0.76563 0.19494 1 0 1.0
0 4.10536 1.08212 1.53693 0.28872 -0.66359 0.69014 0.82107 0.21642 1 0 1.0
cl_white
0 3.80512 1.19372 1.76984 0.28872 -0.66359 0.69013 0.76102 0.23874 1 0 1.0
0 4.10536 1.08212 1.53693 0.28872 -0.66359 0.69013 0.82107 0.21642 1 0 1.0
0 4.08915 1.23632 1.69198 0.28872 -0.66359 0.69013 0.81783 0.24726 1 0 1.0
cl_white
0 3.83652 0.89497 1.25000 0.34533 -0.90062 0.26387 0.76730 0.25000 1 0 1.0
0 4.12611 1.00601 1.25000 0.34533 -0.90062 0.26387 0.82522 0.25000 1 0 1.0
0 4.10536 1.08212 1.53693 0.34533 -0.90062 0.26387 0.82107 0.30739 1 0 1.0
cl_white
0 3.83652 0.89497 1.25000 0.35983 -0.89910 0.24929 0.76730 0.25000 1 0 1.0
0 4.10536 1.08212 1.53693 0.35983 -0.89910 0.24929 0.82107 0.30739 1 0 1.0
0 3.82815 0.97469 1.54961 0.35983 -0.89910 0.24929 0.76563 0.30992 1 0 1.0
cl_white
0 4.12611 1.00601 1.25000 0.75849 -0.61422 0.21778 0.20120 0.25000 1 0 1.0
0 4.32212 1.24806 1.25000 0.75849 -0.61422 0.21778 0.24961 0.25000 1 0 1.0
0 4.24336 1.25253 1.53693 0.75849 -0.61422 0.21778 0.25051 0.30739 1 0 1.0
cl_white
0 4.12611 1.00601 1.25000 0.75849 -0.61422 0.21778 0.20120 0.25000 1 0 1.0
0 4.24336 1.25253 1.53693 0.75849 -0.61422 0.21778 0.25051 0.30739 1 0 1.0
0 4.10536 1.08212 1.53693 0.75849 -0.61422 0.21778 0.21642 0.30739 1 0 1.0
cl_white
0 4.37052 1.55440 1.25000 0.95426 -0.16503 0.24929 0.31088 0.25000 1 0 1.0
0 4.29080 1.54602 1.54961 0.95426 -0.16503 0.24929 0.30920 0.30992 1 0 1.0
0 4.24336 1.25253 1.53693 0.95426 -0.16503 0.24929 0.25051 0.30739 1 0 1.0
cl_white
0 4.37052 1.55440 1.25000 0.95274 -0.15053 0.26387 0.31088 0.25000 1 0 1.0
0 4.24336 1.25253 1.53693 0.95274 -0.15053 0.26387 0.25051 0.30739 1 0 1.0
0 4.32212 1.24806 1.25000 0.95274 -0.15053 0.26387 0.24961 0.25000 1 0 1.0
cl_white
0 4.29080 1.54602 1.54961 0.70912 -0.14444 0.69014 0.30920 0.30992 1 0 1.0
0 4.07177 1.52300 1.76984 0.70912 -0.14444 0.69014 0.30460 0.35397 1 0 1.0
0 4.08915 1.23632 1.69198 0.70912 -0.14444 0.69014 0.24726 0.33840 1 0 1.0
cl_white
0 4.29080 1.54602 1.54961 0.70912 -0.14445 0.69013 0.30920 0.30992 1 0 1.0
0 4.08915 1.23632 1.69198 0.70912 -0.14445 0.69013 0.24726 0.33840 1 0 1.0
0 4.24336 1.25253 1.53693 0.70912 -0.14445 0.69013 0.25051 0.30739 1 0 1.0
cl_white
0 4.08915 1.23632 1.69198 0.63454 -0.51384 0.57735 0.24726 0.33840 1 0 1.0
0 4.10536 1.08212 1.53693 0.63454 -0.51384 0.57735 0.21642 0.30739 1 0 1.0
0 4.24336 1.25253 1.53693 0.63454 -0.51384 0.57735 0.25051 0.30739 1 0 1.0
cl_white
0 3.58566 3.28183 0.45000 0.23637 0.27551 -0.93179 0.71713 0.65637 1 0 1.0
0 3.55434 3.57979 0.53016 0.23637 0.27551 -0.93179 0.71087 0.71596 1 0 1.0
0 3.84102 3.59717 0.60802 0.23637 0.27551 -0.93179 0.76820 0.71943 1 0 1.0
cl_white
0 3.58566 3.28183 0.45000 0.22035 0.28849 -0.93179 0.71713 0.65637 1 0 1.0
0 3.84102 3.59717 0.60802 0.22035 0.28849 -0.93179 0.76820 0.71943 1 0 1.0
0 3.88362 3.31314 0.53016 0.22035 0.28849 -0.93179 0.77672 0.66263 1 0 1.0
cl_white
0 3.55434 3.57979 0.53016 0.14445 0.70912 -0.69014 0.71087 0.10603 1 0 1.0
0 3.53132 3.79882 0.75039 0.14445 0.70912 -0.69014 0.70626 0.15008 1 0 1.0
0 3.82481 3.75138 0.76307 0.14445 0.70912 -0.69014 0.76496 0.15261 1 0 1.0
cl_white
0 3.55434 3.57979 0.53016 0.14445 0.70912 -0.69013 0.71087 0.10603 1 0 1.0
0 3.82481 3.75138 0.76307 0.14445 0.70912 -0.69013 0.76496 0.15261 1 0 1.0
0 3.84102 3.59717 0.60802 0.14445 0.70912 -0.69013 0.76820 0.12160 1 0 1.0
cl_white
0 3.52294 3.87854 1.05000 0.15053 0.95274 -0.26387 0.70459 0.21000 1 0 1.0
0 3.82928 3.83014 1.05000 0.15053 0.95274 -0.26387 0.76586 0.21000 1 0 1.0
0 3.82481 3.75138 0.76307 0.15053 0.95274 -0.26387 0.76496 0.15261 1 0 1.0
cl_white
0 3.52294 3.87854 1.05000 0.16503 0.95426 -0.24929 0.70459 0.21000 1 0 1.0
0 3.82481 3.75138 0.76307 0.16503 0.95426 -0.24929 0.76496 0.15261 1 0 1.0
0 3.53132 3.79882 0.75039 0.16503 0.95426 -0.24929 0.70626 0.15008 1 0 1.0
cl_white
0 3.82928 3.83014 1.05000 0.61422 0.75849 -0.21778 0.76586 0.21000 1 0 1.0
0 4.07133 3.63413 1.05000 0.61422 0.75849 -0.21778 0.81427 0.21000 1 0 1.0
0 3.99522 3.61338 0.76307 0.61422 0.75849 -0.21778 0.79904 0.15261 1 0 1.0
cl_white
0 3.82928 3.83014 1.05000 0.61422 0.75849 -0.21778 0.76586 0.21000 1 0 1.0
0 3.99522 3.61338 0.76307 0.61422 0.75849 -0.21778 0.79904 0.15261 1 0 1.0
0 3.82481 3.75138 0.76307 0.61422 0.75849 -0.21778 0.76496 0.15261 1 0 1.0
cl_white
0 4.18237 3.34454 1.05000 0.89910 0.35983 -0.24929 0.66891 0.21000 1 0 1.0
0 4.10265 3.33616 0.75039 0.89910 0.35983 -0.24929 0.66723 0.15008 1 0 1.0
0 3.99522 3.61338 0.76307 0.89910 0.35983 -0.24929 0.72268 0.15261 1 0 1.0
cl_white
0 4.18237 3.34454 1.05000 0.90062 0.34533 -0.26387 0.66891 0.21000 1 0 1.0
0 3.99522 3.61338 0.76307 0.90062 0.34533 -0.26387 0.72268 0.15261 1 0 1.0
0 4.07133 3.63413 1.05000 0.90062 0.34533 -0.26387 0.72683 0.21000 1 0 1.0
cl_white
0 4.10265 3.33616 0.75039 0.66359 0.28872 -0.69013 0.82053 0.66723 1 0 1.0
0 3.88362 3.31314 0.53016 0.66359 0.28872 -0.69013 0.77672 0.66263 1 0 1.0
0 3.84102 3.59717 0.60802 0.66359 0.28872 -0.69013 0.76820 0.71943 1 0 1.0
cl_white
0 4.10265 3.33616 0.75039 0.66359 0.28872 -0.69013 0.82053 0.66723 1 0 1.0
0 3.84102 3.59717 0.60802 0.66359 0.28872 -0.69013 0.76820 0.71943 1 0 1.0
0 3.99522 3.61338 0.76307 0.66359 0.28872 -0.69013 0.79904 0.72268 1 0 1.0
cl_white
0 3.84102 3.59717 0.60802 0.51384 0.63454 -0.57735 0.76820 0.12160 1 0 1.0
0 3.82481 3.75138 0.76307 0.51384 0.63454 -0.57735 0.76496 0.15261 1 0 1.0
0 3.99522 3.61338 0.76307 0.51384 0.63454 -0.57735 0.79904 0.15261 1 0 1.0
cl_white
0 3.58566 3.28183 1.85000 0.22034 0.28849 0.93179 0.71713 0.65637 1 0 1.0
0 3.88362 3.31314 1.76984 0.22034 0.28849 0.93179 0.77672 0.66263 1 0 1.0
0 3.84102 3.59717 1.69198 0.22034 0.28849 0.93179 0.76820 0.71943 1 0 1.0
cl_white
0 3.58566 3.28183 1.85000 0.23637 0.27551 0.93179 0.71713 0.65637 1 0 1.0
0 3.84102 3.59717 1.69198 0.23637 0.27551 0.93179 0.76820 0.71943 1 0 1.0
0 3.55434 3.57979 1.76984 0.23637 0.27551 0.93179 0.71087 0.71596 1 0 1.0
cl_white
0 3.88362 3.31314 1.76984 0.66359 0.28872 0.69013 0.77672 0.66263 1 0 1.0
0 4.10265 3.33616 1.54961 0.66359 0.28872 0.69013 0.82053 0.66723 1 0 1.0
0 3.99522 3.61338 1.53693 0.66359 0.28872 0.69013 0.79904 0.72268 1 0 1.0
cl_white
0 3.88362 3.31314 1.76984 0.66359 0.28872 0.69013 0.77672 0.66263 1 0 1.0
0 3.99522 3.61338 1.53693 0.66359 0.28872 0.69013 0.79904 0.72268 1 0 1.0
0 3.84102 3.59717 1.69198 0.66359 0.28872 0.69013 0.76820 0.71943 1 0 1.0
cl_white
0 4.18237 3.34454 1.25000 0.90062 0.34533 0.26387 0.66891 0.25000 1 0 1.0
0 4.07133 3.63413 1.25000 0.90062 0.34533 0.26387 0.72683 0.25000 1 0 1.0
0 3.99522 3.61338 1.53693 0.90062 0.34533 0.26387 0.72268 0.30739 1 0 1.0
cl_white
0 4.18237 3.34454 1.25000 0.89910 0.35983 0.24929 0.66891 0.25000 1 0 1.0
0 3.99522 3.61338 1.53693 0.89910 0.35983 0.24929 0.72268 0.30739 1 0 1.0
0 4.10265 3.33616 1.54961 0.89910 0.35983 0.24929 0.66723 0.30992 1 0 1.0
cl_white
0 4.07133 3.63413 1.25000 0.61422 0.75849 0.21778 0.81427 0.25000 1 0 1.0
0 3.82928 3.83014 1.25000 0.61422 0.75849 0.21778 0.76586 0.25000 1 0 1.0
0 3.82481 3.75138 1.53693 0.61422 0.75849 0.21778 0.76496 0.30739 1 0 1.0
cl_white
0 4.07133 3.63413 1.25000 0.61422 0.75849 0.21778 0.81427 0.25000 1 0 1.0
0 3.82481 3.75138 1.53693 0.61422 0.75849 0.21778 0.76496 0.30739 1 0 1.0
0 3.99522 3.61338 1.53693 0.61422 0.75849 0.21778 0.79904 0.30739 1 0 1.0
cl_white
0 3.52294 3.87854 1.25000 0.16503 0.95426 0.24929 0.70459 0.25000 1 0 1.0
0 3.53132 3.79882 1.54961 0.16503 0.95426 0.24929 0.70626 0.30992 1 0 1.0
0 3.82481 3.75138 1.53693 0.16503 0.95426 0.24929 0.76496 0.30739 1 0 1.0
cl_white
0 3.52294 3.87854 1.25000 0.15053 0.95274 0.26387 0.70459 0.25000 1 0 1.0
0 3.82481 3.75138 1.53693 0.15053 0.95274 0.26387 0.76496 0.30739 1 0 1.0
0 3.82928 3.83014 1.25000 0.15053 0.95274 0.26387 0.76586 0.25000 1 0 1.0
cl_white
0 3.53132 3.79882 1.54961 0.14445 0.70912 0.69014 0.70626 0.30992 1 0 1.0
0 3.55434 3.57979 1.76984 0.14445 0.70912 0.69014 0.71087 0.35397 1 0 1.0
0 3.84102 3.59717 1.69198 0.14445 0.70912 0.69014 0.76820 0.33840 1 0 1.0
cl_white
0 3.53132 3.79882 1.54961 0.14445 0.70912 0.69013 0.70626 0.30992 1 0 1.0
0 3.84102 3.59717 1.69198 0.14445 0.70912 0.69013 0.76820 0.33840 1 0 1.0
0 3.82481 3.75138 1.53693 0.14445 0.70912 0.69013 0.76496 0.30739 1 0 1.0
cl_white
0 3.84102 3.59717 1.69198 0.51384 0.63454 0.57735 0.76820 0.33840 1 0 1.0
0 3.99522 3.61338 1.53693 0.51384 0.63454 0.57735 0.79904 0.30739 1 0 1.0
0 3.82481 3.75138 1.53693 0.51384 0.63454 0.57735 0.76496 0.30739 1 0 1.0
cl_white
0 2.19333 3.13549 0.45000 -0.25704 -0.02702 -0.96602 0.43867 0.62710 1 0 1.0
0 2.38148 1.34535 0.45000 -0.25704 -0.02702 -0.96602 0.47630 0.26907 1 0 1.0
0 2.08351 1.31403 0.53016 -0.25704 -0.02702 -0.96602 0.41670 0.26281 1 0 1.0
cl_white
0 2.19333 3.13549 0.45000 -0.25704 -0.02702 -0.96602 0.43867 0.62710 1 0 1.0
0 2.08351 1.31403 0.53016 -0.25704 -0.02702 -0.96602 0.41670 0.26281 1 0 1.0
0 1.89536 3.10417 0.53016 -0.25704 -0.02702 -0.96602 0.37907 0.62083 1 0 1.0
cl_white
0 1.89536 3.10417 0.53016 -0.70323 -0.07391 -0.70711 0.37907 0.62083 1 0 1.0
0 2.08351 1.31403 0.53016 -0.70323 -0.07391 -0.70711 0.41670 0.26281 1 0 1.0
0 1.86448 1.29101 0.75039 -0.70323 -0.07391 -0.70711 0.37290 0.25820 1 0 1.0
cl_white
0 1.89536 3.10417 0.53016 -0.70323 -0.07391 -0.70711 0.37907 0.62083 1 0 1.0
0 1.86448 1.29101 0.75039 -0.70323 -0.07391 -0.70711 0.37290 0.25820 1 0 1.0
0 1.67633 3.08115 0.75039 -0.70323 -0.07391 -0.70711 0.33527 0.61623 1 0 1.0
cl_white
0 1.67633 3.08115 0.75039 -0.96073 -0.10098 -0.25845 0.61623 0.15008 1 0 1.0
0 1.86448 1.29101 0.75039 -0.96073 -0.10098 -0.25845 0.25820 0.15008 1 0 1.0
0 1.78476 1.28263 1.05000 -0.96073 -0.10098 -0.25845 0.25653 0.21000 1 0 1.0
cl_white
0 1.67633 3.08115 0.75039 -0.96073 -0.10098 -0.25845 0.61623 0.15008 1 0 1.0
0 1.78476 1.28263 1.05000 -0.96073 -0.10098 -0.25845 0.25653 0.21000 1 0 1.0
0 1.59661 3.07277 1.05000 -0.96073 -0.10098 -0.25845 0.61455 0.21000 1 0 1.0
cl_white
0 2.44419 0.74863 1.05000 -0.15606 -0.98775 0.00000 0.48884 0.21000 1 0 1.0
0 2.44419 0.74863 1.25000 -0.15606 -0.98775 0.00000 0.48884 0.25000 1 0 1.0
0 2.13785 0.79703 1.25000 -0.15606 -0.98775 0.00000 0.42757 0.25000 1 0 1.0
cl_white
0 2.44419 0.74863 1.05000 -0.15606 -0.98775 0.00000 0.48884 0.21000 1 0 1.0
0 2.13785 0.79703 1.25000 -0.15606 -0.98775 0.00000 0.42757 0.25000 1 0 1.0
0 2.13785 0.79703 1.05000 -0.15606 -0.98775 0.00000 0.42757 0.21000 1 0 1.0
cl_white
0 2.13785 0.79703 1.05000 -0.62932 -0.77715 0.00000 0.42757 0.21000 1 0 1.0
0 2.13785 0.79703 1.25000 -0.62932 -0.77715 0.00000 0.42757 0.25000 1 0 1.0
0 1.89580 0.99304 1.25000 -0.62932 -0.77715 0.00000 0.37916 0.25000 1 0 1.0
cl_white
0 2.13785 0.79703 1.05000 -0.62932 -0.77715 0.00000 0.42757 0.21000 1 0 1.0
0 1.89580 0.99304 1.25000 -0.62932 -0.77715 0.00000 0.37916 0.25000 1 0 1.0
0 1.89580 0.99304 1.05000 -0.62932 -0.77715 0.00000 0.37916 0.21000 1 0 1.0
cl_white
0 1.89580 0.99304 1.05000 -0.93372 -0.35801 0.00000 0.19861 0.21000 1 0 1.0
0 1.89580 0.99304 1.25000 -0.93372 -0.35801 0.00000 0.19861 0.25000 1 0 1.0
0 1.78476 1.28263 1.25000 -0.93372 -0.35801 0.00000 0.25653 0.25000 1 0 1.0
cl_white
0 1.89580 0.99304 1.05000 -0.93372 -0.35801 0.00000 0.19861 0.21000 1 0 1.0
0 1.78476 1.28263 1.25000 -0.93372 -0.35801 0.00000 0.25653 0.25000 1 0 1.0
0 1.78476 1.28263 1.05000 -0.93372 -0.35801 0.00000 0.25653 0.21000 1 0 1.0
cl_white
0 2.38148 1.34535 1.85000 -0.25704 -0.02702 0.96602 0.47630 0.26907 1 0 1.0
0 2.19333 3.13549 1.85000 -0.25704 -0.02702 0.96602 0.43867 0.62710 1 0 1.0
0 1.89536 3.10417 1.76984 -0.25704 -0.02702 0.96602 0.37907 0.62083 1 0 1.0
cl_white
0 2.38148 1.34535 1.85000 -0.25704 -0.02702 0.96602 0.47630 0.26907 1 0 1.0
0 1.89536 3.10417 1.76984 -0.25704 -0.02702 0.96602 0.37907 0.62083 1 0 1.0
0 2.08351 1.31403 1.76984 -0.25704 -0.02702 0.96602 0.41670 0.26281 1 0 1.0
cl_white
0 2.08351 1.31403 1.76984 -0.70323 -0.07391 0.70711 0.41670 0.26281 1 0 1.0
0 1.89536 3.10417 1.76984 -0.70323 -0.07391 0.70711 0.37907 0.62083 1 0 1.0
0 1.67633 3.08115 1.54961 -0.70323 -0.07391 0.70711 0.33527 0.61623 1 0 1.0
cl_white
0 2.08351 1.31403 1.76984 -0.70323 -0.07391 0.70711 0.41670 0.26281 1 0 1.0
0 1.67633 3.08115 1.54961 -0.70323 -0.07391 0.70711 0.33527 0.61623 1 0 1.0
0 1.86448 1.29101 1.54961 -0.70323 -0.07391 0.70711 0.37290 0.25820 1 0 1.0
cl_white
0 1.86448 1.29101 1.54961 -0.96073 -0.10098 0.25845 0.25820 0.30992 1 0 1.0
0 1.67633 3.08115 1.54961 -0.96073 -0.10098 0.25845 0.61623 0.30992 1 0 1.0
0 1.59661 3.07277 1.25000 -0.96073 -0.10098 0.25845 0.61455 0.25000 1 0 1.0
cl_white
0 1.86448 1.29101 1.54961 -0.96073 -0.10098 0.25845 0.25820 0.30992 1 0 1.0
0 1.59661 3.07277 1.25000 -0.96073 -0.10098 0.25845 0.61455 0.25000 1 0 1.0
0 1.78476 1.28263 1.25000 -0.96073 -0.10098 0.25845 0.25653 0.25000 1 0 1.0
cl_white
0 2.13061 3.73220 1.25000 -0.35801 0.93372 0.00000 0.42612 0.25000 1 0 1.0
0 2.13061 3.73220 1.05000 -0.35801 0.93372 0.00000 0.42612 0.21000 1 0 1.0
0 1.84102 3.62116 1.05000 -0.35801 0.93372 0.00000 0.36820 0.21000 1 0 1.0
cl_white
0 2.13061 3.73220 1.25000 -0.35801 0.93372 -0.00000 0.42612 0.25000 1 0 1.0
0 1.84102 3.62116 1.05000 -0.35801 0.93372 -0.00000 0.36820 0.21000 1 0 1.0
0 1.84102 3.62116 1.25000 -0.35801 0.93372 -0.00000 0.36820 0.25000 1 0 1.0
cl_white
0 1.84102 3.62116 1.25000 -0.77715 0.62932 -0.00000 0.72423 0.25000 1 0 1.0
0 1.84102 3.62116 1.05000 -0.77715 0.62932 -0.00000 0.72423 0.21000 1 0 1.0
0 1.64501 3.37911 1.05000 -0.77715 0.62932 -0.00000 0.67582 0.21000 1 0 1.0
cl_white
0 1.84102 3.62116 1.25000 -0.77715 0.62932 -0.00000 0.72423 0.25000 1 0 1.0
0 1.64501 3.37911 1.05000 -0.77715 0.62932 -0.00000 0.67582 0.21000 1 0 1.0
0 1.64501 3.37911 1.25000 -0.77715 0.62932 -0.00000 0.67582 0.25000 1 0 1.0
cl_white
0 1.64501 3.37911 1.25000 -0.98775 0.15606 -0.00000 0.67582 0.25000 1 0 1.0
0 1.64501 3.37911 1.05000 -0.98775 0.15606 -0.00000 0.67582 0.21000 1 0 1.0
0 1.59661 3.07277 1.05000 -0.98775 0.15606 -0.00000 0.61455 0.21000 1 0 1.0
cl_white
0 1.64501 3.37911 1.25000 -0.98775 0.15606 0.00000 0.67582 0.25000 1 0 1.0
0 1.59661 3.07277 1.05000 -0.98775 0.15606 0.00000 0.61455 0.21000 1 0 1.0
0 1.59661 3.07277 1.25000 -0.98775 0.15606 0.00000 0.61455 0.25000 1 0 1.0
cl_white
0 3.58566 3.28183 0.45000 -0.02702 0.25704 -0.96602 0.71713 0.65637 1 0 1.0
0 2.19333 3.13549 0.45000 -0.02702 0.25704 -0.96602 0.43867 0.62710 1 0 1.0
0 2.16201 3.43345 0.53016 -0.02702 0.25704 -0.96602 0.43240 0.68669 1 0 1.0
cl_white
0 3.58566 3.28183 0.45000 -0.02702 0.25704 -0.96602 0.71713 0.65637 1 0 1.0
0 2.16201 3.43345 0.53016 -0.02702 0.25704 -0.96602 0.43240 0.68669 1 0 1.0
0 3.55434 3.57979 0.53016 -0.02702 0.25704 -0.96602 0.71087 0.71596 1 0 1.0
cl_white
0 3.55434 3.57979 0.53016 -0.07391 0.70323 -0.70711 0.71087 0.71596 1 0 1.0
0 2.16201 3.43345 0.53016 -0.07391 0.70323 -0.70711 0.43240 0.68669 1 0 1.0
0 2.13899 3.65248 0.75039 -0.07391 0.70323 -0.70711 0.42780 0.73050 1 0 1.0
cl_white
0 3.55434 3.57979 0.53016 -0.07391 0.70323 -0.70711 0.71087 0.71596 1 0 1.0
0 2.13899 3.65248 0.75039 -0.07391 0.70323 -0.70711 0.42780 0.73050 1 0 1.0
0 3.53132 3.79882 0.75039 -0.07391 0.70323 -0.70711 0.70626 0.75976 1 0 1.0
cl_white
0 3.53132 3.79882 0.75039 -0.10098 0.96073 -0.25845 0.70626 0.15008 1 0 1.0
0 2.13899 3.65248 0.75039 -0.10098 0.96073 -0.25845 0.42780 0.15008 1 0 1.0
0 2.13061 3.73220 1.05000 -0.10098 0.96073 -0.25845 0.42612 0.21000 1 0 1.0
cl_white
0 3.53132 3.79882 0.75039 -0.10098 0.96073 -0.25845 0.70626 0.15008 1 0 1.0
0 2.13061 3.73220 1.05000 -0.10098 0.96073 -0.25845 0.42612 0.21000 1 0 1.0
0 3.52294 3.87854 1.05000 -0.10098 0.96073 -0.25845 0.70459 0.21000 1 0 1.0
cl_white
0 2.19333 3.13549 1.85000 -0.02702 0.25704 0.96602 0.43867 0.62710 1 0 1.0
0 3.58566 3.28183 1.85000 -0.02702 0.25704 0.96602 0.71713 0.65637 1 0 1.0
0 3.55434 3.57979 1.76984 -0.02702 0.25704 0.96602 0.71087 0.71596 1 0 1.0
cl_white
0 2.19333 3.13549 1.85000 -0.02702 0.25704 0.96602 0.43867 0.62710 1 0 1.0
0 3.55434 3.57979 1.76984 -0.02702 0.25704 0.96602 0.71087 0.71596 1 0 1.0
0 2.16201 3.43345 1.76984 -0.02702 0.25704 0.96602 0.43240 0.68669 1 0 1.0
cl_white
0 2.16201 3.43345 1.76984 -0.07391 0.70323 0.70711 0.43240 0.68669 1 0 1.0
0 3.55434 3.57979 1.76984 -0.07391 0.70323 0.70711 0.71087 0.71596 1 0 1.0
0 3.53132 3.79882 1.54961 -0.07391 0.70323 0.70711 0.70626 0.75976 1 0 1.0
cl_white
0 2.16201 3.43345 1.76984 -0.07391 0.70323 0.70711 0.43240 0.68669 1 0 1.0
0 3.53132 3.79882 1.54961 -0.07391 0.70323 0.70711 0.70626 0.75976 1 0 1.0
0 2.13899 3.65248 1.54961 -0.07391 0.70323 0.70711 0.42780 0.73050 1 0 1.0
cl_white
0 2.13899 3.65248 1.54961 -0.10098 0.96073 0.25845 0.42780 0.30992 1 0 1.0
0 3.53132 3.79882 1.54961 -0.10098 0.96073 0.25845 0.70626 0.30992 1 0 1.0
0 3.52294 3.87854 1.25000 -0.10098 0.96073 0.25845 0.70459 0.25000 1 0 1.0
cl_white
0 2.13899 3.65248 1.54961 -0.10098 0.96073 0.25845 0.42780 0.30992 1 0 1.0
0 3.52294 3.87854 1.25000 -0.10098 0.96073 0.25845 0.70459 0.25000 1 0 1.0
0 2.13061 3.73220 1.25000 -0.10098 0.96073 0.25845 0.42612 0.25000 1 0 1.0
cl_white
0 4.18237 3.34454 1.25000 0.93372 0.35802 0.00000 0.66891 0.25000 1 0 1.0
0 4.18237 3.34454 1.05000 0.93372 0.35802 0.00000 0.66891 0.21000 1 0 1.0
0 4.07133 3.63413 1.05000 0.93372 0.35802 0.00000 0.72683 0.21000 1 0 1.0
cl_white
0 4.18237 3.34454 1.25000 0.93372 0.35802 0.00000 0.66891 0.25000 1 0 1.0
0 4.07133 3.63413 1.05000 0.93372 0.35802 0.00000 0.72683 0.21000 1 0 1.0
0 4.07133 3.63413 1.25000 0.93372 0.35802 0.00000 0.72683 0.25000 1 0 1.0
cl_white
0 4.07133 3.63413 1.25000 0.62932 0.77715 0.00000 0.81427 0.25000 1 0 1.0
0 4.07133 3.63413 1.05000 0.62932 0.77715 0.00000 0.81427 0.21000 1 0 1.0
0 3.82928 3.83014 1.05000 0.62932 0.77715 0.00000 0.76586 0.21000 1 0 1.0
cl_white
0 4.07133 3.63413 1.25000 0.62932 0.77715 0.00000 0.81427 0.25000 1 0 1.0
0 3.82928 3.83014 1.05000 0.62932 0.77715 0.00000 0.76586 0.21000 1 0 1.0
0 3.82928 3.83014 1.25000 0.62932 0.77715 0.00000 0.76586 0.25000 1 0 1.0
cl_white
0 3.82928 3.83014 1.25000 0.15606 0.98775 0.00000 0.76586 0.25000 1 0 1.0
0 3.82928 3.83014 1.05000 0.15606 0.98775 0.00000 0.76586 0.21000 1 0 1.0
0 3.52294 3.87854 1.05000 0.15606 0.98775 0.00000 0.70459 0.21000 1 0 1.0
cl_white
0 3.82928 3.83014 1.25000 0.15606 0.98775 0.00000 0.76586 0.25000 1 0 1.0
0 3.52294 3.87854 1.05000 0.15606 0.98775 0.00000 0.70459 0.21000 1 0 1.0
0 3.52294 3.87854 1.25000 0.15606 0.98775 0.00000 0.70459 0.25000 1 0 1.0
cl_white
0 3.77381 1.49169 0.45000 0.25704 0.02702 -0.96602 0.75476 0.29834 1 0 1.0
0 3.58566 3.28183 0.45000 0.25704 0.02702 -0.96602 0.71713 0.65637 1 0 1.0
0 3.88362 3.31314 0.53016 0.25704 0.02702 -0.96602 0.77672 0.66263 1 0 1.0
cl_white
0 3.77381 1.49169 0.45000 0.25704 0.02702 -0.96602 0.75476 0.29834 1 0 1.0
0 3.88362 3.31314 0.53016 0.25704 0.02702 -0.96602 0.77672 0.66263 1 0 1.0
0 4.07177 1.52300 0.53016 0.25704 0.02702 -0.96602 0.81435 0.30460 1 0 1.0
cl_white
0 4.07177 1.52300 0.53016 0.70323 0.07391 -0.70711 0.81435 0.30460 1 0 1.0
0 3.88362 3.31314 0.53016 0.70323 0.07391 -0.70711 0.77672 0.66263 1 0 1.0
0 4.10265 3.33616 0.75039 0.70323 0.07391 -0.70711 0.82053 0.66723 1 0 1.0
cl_white
0 4.07177 1.52300 0.53016 0.70323 0.07391 -0.70711 0.81435 0.30460 1 0 1.0
0 4.10265 3.33616 0.75039 0.70323 0.07391 -0.70711 0.82053 0.66723 1 0 1.0
0 4.29080 1.54602 0.75039 0.70323 0.07391 -0.70711 0.85816 0.30920 1 0 1.0
cl_white
0 4.29080 1.54602 0.75039 0.96073 0.10098 -0.25845 0.30920 0.15008 1 0 1.0
0 4.10265 3.33616 0.75039 0.96073 0.10098 -0.25845 0.66723 0.15008 1 0 1.0
0 4.18237 3.34454 1.05000 0.96073 0.10098 -0.25845 0.66891 0.21000 1 0 1.0
cl_white
0 4.29080 1.54602 0.75039 0.96073 0.10098 -0.25845 0.30920 0.15008 1 0 1.0
0 4.18237 3.34454 1.05000 0.96073 0.10098 -0.25845 0.66891 0.21000 1 0 1.0
0 4.37052 1.55440 1.05000 0.96073 0.10098 -0.25845 0.31088 0.21000 1 0 1.0
cl_white
0 3.58566 3.28183 1.85000 0.25704 0.02702 0.96602 0.71713 0.65637 1 0 1.0
0 3.77381 1.49169 1.85000 0.25704 0.02702 0.96602 0.75476 0.29834 1 0 1.0
0 4.07177 1.52300 1.76984 0.25704 0.02702 0.96602 0.81435 0.30460 1 0 1.0
cl_white
0 3.58566 3.28183 1.85000 0.25704 0.02702 0.96602 0.71713 0.65637 1 0 1.0
0 4.07177 1.52300 1.76984 0.25704 0.02702 0.96602 0.81435 0.30460 1 0 1.0
0 3.88362 3.31314 1.76984 0.25704 0.02702 0.96602 0.77672 0.66263 1 0 1.0
cl_white
0 3.88362 3.31314 1.76984 0.70323 0.07391 0.70711 0.77672 0.66263 1 0 1.0
0 4.07177 1.52300 1.76984 0.70323 0.07391 0.70711 0.81435 0.30460 1 0 1.0
0 4.29080 1.54602 1.54961 0.70323 0.07391 0.70711 0.85816 0.30920 1 0 1.0
cl_white
0 3.88362 3.31314 1.76984 0.70323 0.07391 0.70711 0.77672 0.66263 1 0 1.0
0 4.29080 1.54602 1.54961 0.70323 0.07391 0.70711 0.85816 0.30920 1 0 1.0
0 4.10265 3.33616 1.54961 0.70323 0.07391 0.70711 0.82053 0.66723 1 0 1.0
cl_white
0 4.10265 3.33616 1.54961 0.96073 0.10098 0.25845 0.66723 0.30992 1 0 1.0
0 4.29080 1.54602 1.54961 0.96073 0.10098 0.25845 0.30920 0.30992 1 0 1.0
0 4.37052 1.55440 1.25000 0.96073 0.10098 0.25845 0.31088 0.25000 1 0 1.0
cl_white
0 4.10265 3.33616 1.54961 0.96073 0.10098 0.25845 0.66723 0.30992 1 0 1.0
0 4.37052 1.55440 1.25000 0.96073 0.10098 0.25845 0.31088 0.25000 1 0 1.0
0 4.18237 3.34454 1.25000 0.96073 0.10098 0.25845 0.66891 0.25000 1 0 1.0
cl_white
0 3.83652 0.89497 1.25000 0.35801 -0.93372 0.00000 0.76730 0.25000 1 0 1.0
0 3.83652 0.89497 1.05000 0.35801 -0.93372 0.00000 0.76730 0.21000 1 0 1.0
0 4.12611 1.00601 1.05000 0.35801 -0.93372 0.00000 0.82522 0.21000 1 0 1.0
cl_white
0 3.83652 0.89497 1.25000 0.35801 -0.93372 -0.00000 0.76730 0.25000 1 0 1.0
0 4.12611 1.00601 1.05000 0.35801 -0.93372 -0.00000 0.82522 0.21000 1 0 1.0
0 4.12611 1.00601 1.25000 0.35801 -0.93372 -0.00000 0.82522 0.25000 1 0 1.0
cl_white
0 4.12611 1.00601 1.25000 0.77715 -0.62932 -0.00000 0.20120 0.25000 1 0 1.0
0 4.12611 1.00601 1.05000 0.77715 -0.62932 -0.00000 0.20120 0.21000 1 0 1.0
0 4.32212 1.24806 1.05000 0.77715 -0.62932 -0.00000 0.24961 0.21000 1 0 1.0
cl_white
0 4.12611 1.00601 1.25000 0.77715 -0.62932 -0.00000 0.20120 0.25000 1 0 1.0
0 4.32212 1.24806 1.05000 0.77715 -0.62932 -0.00000 0.24961 0.21000 1 0 1.0
0 4.32212 1.24806 1.25000 0.77715 -0.62932 -0.00000 0.24961 0.25000 1 0 1.0
cl_white
0 4.32212 1.24806 1.25000 0.98775 -0.15606 -0.00000 0.24961 0.25000 1 0 1.0
0 4.32212 1.24806 1.05000 0.98775 -0.15606 -0.00000 0.24961 0.21000 1 0 1.0
0 4.37052 1.55440 1.05000 0.98775 -0.15606 -0.00000 0.31088 0.21000 1 0 1.0
cl_white
0 4.32212 1.24806 1.25000 0.98775 -0.15606 0.00000 0.24961 0.25000 1 0 1.0
0 4.37052 1.55440 1.05000 0.98775 -0.15606 0.00000 0.31088 0.21000 1 0 1.0
0 4.37052 1.55440 1.25000 0.98775 -0.15606 0.00000 0.31088 0.25000 1 0 1.0
cl_white
0 2.38148 1.34535 0.45000 0.02702 -0.25704 -0.96602 0.47630 0.26907 1 0 1.0
0 3.77381 1.49169 0.45000 0.02702 -0.25704 -0.96602 0.75476 0.29834 1 0 1.0
0 3.80512 1.19372 0.53016 0.02702 -0.25704 -0.96602 0.76102 0.23874 1 0 1.0
cl_white
0 2.38148 1.34535 0.45000 0.02702 -0.25704 -0.96602 0.47630 0.26907 1 0 1.0
0 3.80512 1.19372 0.53016 0.02702 -0.25704 -0.96602 0.76102 0.23874 1 0 1.0
0 2.41279 1.04738 0.53016 0.02702 -0.25704 -0.96602 0.48256 0.20948 1 0 1.0
cl_white
0 2.41279 1.04738 0.53016 0.07391 -0.70323 -0.70711 0.48256 0.20948 1 0 1.0
0 3.80512 1.19372 0.53016 0.07391 -0.70323 -0.70711 0.76102 0.23874 1 0 1.0
0 3.82815 0.97469 0.75039 0.07391 -0.70323 -0.70711 0.76563 0.19494 1 0 1.0
cl_white
0 2.41279 1.04738 0.53016 0.07391 -0.70323 -0.70711 0.48256 0.20948 1 0 1.0
0 3.82815 0.97469 0.75039 0.07391 -0.70323 -0.70711 0.76563 0.19494 1 0 1.0
0 2.43581 0.82835 0.75039 0.07391 -0.70323 -0.70711 0.48716 0.16567 1 0 1.0
cl_white
0 2.43581 0.82835 0.75039 0.10098 -0.96073 -0.25845 0.48716 0.15008 1 0 1.0
0 3.82815 0.97469 0.75039 0.10098 -0.96073 -0.25845 0.76563 0.15008 1 0 1.0
0 3.83652 0.89497 1.05000 0.10098 -0.96073 -0.25845 0.76730 0.21000 1 0 1.0
cl_white
0 2.43581 0.82835 0.75039 0.10098 -0.96073 -0.25845 0.48716 0.15008 1 0 1.0
0 3.83652 0.89497 1.05000 0.10098 -0.96073 -0.25845 0.76730 0.21000 1 0 1.0
0 2.44419 0.74863 1.05000 0.10098 -0.96073 -0.25845 0.48884 0.21000 1 0 1.0
cl_white
0 3.77381 1.49169 1.85000 0.02702 -0.25704 0.96602 0.75476 0.29834 1 0 1.0
0 2.38148 1.34535 1.85000 0.02702 -0.25704 0.96602 0.47630 0.26907 1 0 1.0
0 2.41279 1.04738 1.76984 0.02702 -0.25704 0.96602 0.48256 0.20948 1 0 1.0
cl_white
0 3.77381 1.49169 1.85000 0.02702 -0.25704 0.96602 0.75476 0.29834 1 0 1.0
0 2.41279 1.04738 1.76984 0.02702 -0.25704 0.96602 0.48256 0.20948 1 0 1.0
0 3.80512 1.19372 1.76984 0.02702 -0.25704 0.96602 0.76102 0.23874 1 0 1.0
cl_white
0 3.80512 1.19372 1.76984 0.07391 -0.70323 0.70711 0.76102 0.23874 1 0 1.0
0 2.41279 1.04738 1.76984 0.07391 -0.70323 0.70711 0.48256 0.20948 1 0 1.0
0 2.43581 0.82835 1.54961 0.07391 -0.70323 0.70711 0.48716 0.16567 1 0 1.0
cl_white
0 3.80512 1.19372 1.76984 0.07391 -0.70323 0.70711 0.76102 0.23874 1 0 1.0
0 2.43581 0.82835 1.54961 0.07391 -0.70323 0.70711 0.48716 0.16567 1 0 1.0
0 3.82815 0.97469 1.54961 0.07391 -0.70323 0.70711 0.76563 0.19494 1 0 1.0
cl_white
0 3.82815 0.97469 1.54961 0.10098 -0.96073 0.25845 0.76563 0.30992 1 0 1.0
0 2.43581 0.82835 1.54961 0.10098 -0.96073 0.25845 0.48716 0.30992 1 0 1.0
0 2.44419 0.74863 1.25000 0.10098 -0.96073 0.25845 0.48884 0.25000 1 0 1.0
cl_white
0 3.82815 0.97469 1.54961 0.10098 -0.96073 0.25845 0.76563 0.30992 1 0 1.0
0 2.44419 0.74863 1.25000 0.10098 -0.96073 0.25845 0.48884 0.25000 1 0 1.0
0 3.83652 0.89497 1.25000 0.10098 -0.96073 0.25845 0.76730 0.25000 1 0 1.0
cl_white
0 2.19333 3.13549 0.45000 0.00000 0.00000 -1.00000 0.43867 0.62710 1 0 1.0
0 3.58566 3.28183 0.45000 0.00000 0.00000 -1.00000 0.71713 0.65637 1 0 1.0
0 3.77381 1.49169 0.45000 0.00000 0.00000 -1.00000 0.75476 0.29834 1 0 1.0
cl_white
0 2.19333 3.13549 0.45000 0.00000 0.00000 -1.00000 0.43867 0.62710 1 0 1.0
0 3.77381 1.49169 0.45000 0.00000 0.00000 -1.00000 0.75476 0.29834 1 0 1.0
0 2.38148 1.34535 0.45000 0.00000 0.00000 -1.00000 0.47630 0.26907 1 0 1.0
cl_white
0 1.78476 1.28263 1.05000 -0.99452 -0.10453 0.00000 0.25653 0.21000 1 0 1.0
0 1.78476 1.28263 1.25000 -0.99452 -0.10453 0.00000 0.25653 0.25000 1 0 1.0
0 1.59661 3.07277 1.25000 -0.99452 -0.10453 0.00000 0.61455 0.25000 1 0 1.0
cl_white
0 1.78476 1.28263 1.05000 -0.99452 -0.10453 0.00000 0.25653 0.21000 1 0 1.0
0 1.59661 3.07277 1.25000 -0.99452 -0.10453 0.00000 0.61455 0.25000 1 0 1.0
0 1.59661 3.07277 1.05000 -0.99452 -0.10453 0.00000 0.61455 0.21000 1 0 1.0
cl_white
0 3.83652 0.89497 1.05000 0.10453 -0.99452 0.00000 0.76730 0.21000 1 0 1.0
0 3.83652 0.89497 1.25000 0.10453 -0.99452 0.00000 0.76730 0.25000 1 0 1.0
0 2.44419 0.74863 1.25000 0.10453 -0.99452 0.00000 0.48884 0.25000 1 0 1.0
cl_white
0 3.83652 0.89497 1.05000 0.10453 -0.99452 0.00000 0.76730 0.21000 1 0 1.0
0 2.44419 0.74863 1.25000 0.10453 -0.99452 0.00000 0.48884 0.25000 1 0 1.0
0 2.44419 0.74863 1.05000 0.10453 -0.99452 0.00000 0.48884 0.21000 1 0 1.0
cl_white
0 3.58566 3.28183 1.85000 0.00000 0.00000 1.00000 0.71713 0.65637 1 0 1.0
0 2.19333 3.13549 1.85000 0.00000 0.00000 1.00000 0.43867 0.62710 1 0 1.0
0 2.38148 1.34535 1.85000 0.00000 0.00000 1.00000 0.47630 0.26907 1 0 1.0
cl_white
0 3.58566 3.28183 1.85000 0.00000 0.00000 1.00000 0.71713 0.65637 1 0 1.0
0 2.38148 1.34535 1.85000 0.00000 0.00000 1.00000 0.47630 0.26907 1 0 1.0
0 3.77381 1.49169 1.85000 0.00000 0.00000 1.00000 0.75476 0.29834 1 0 1.0
cl_white
0 2.13061 3.73220 1.05000 -0.10453 0.99452 0.00000 0.42612 0.21000 1 0 1.0
0 2.13061 3.73220 1.25000 -0.10453 0.99452 0.00000 0.42612 0.25000 1 0 1.0
0 3.52294 3.87854 1.25000 -0.10453 0.99452 0.00000 0.70459 0.25000 1 0 1.0
cl_white
0 2.13061 3.73220 1.05000 -0.10453 0.99452 0.00000 0.42612 0.21000 1 0 1.0
0 3.52294 3.87854 1.25000 -0.10453 0.99452 0.00000 0.70459 0.25000 1 0 1.0
0 3.52294 3.87854 1.05000 -0.10453 0.99452 0.00000 0.70459 0.21000 1 0 1.0
cl_white
0 4.18237 3.34454 1.05000 0.99452 0.10453 0.00000 0.66891 0.21000 1 0 1.0
0 4.18237 3.34454 1.25000 0.99452 0.10453 0.00000 0.66891 0.25000 1 0 1.0
0 4.37052 1.55440 1.25000 0.99452 0.10453 0.00000 0.31088 0.25000 1 0 1.0
cl_white
0 4.18237 3.34454 1.05000 0.99452 0.10453 0.00000 0.66891 0.21000 1 0 1.0
0 4.37052 1.55440 1.25000 0.99452 0.10453 0.00000 0.31088 0.25000 1 0 1.0
0 4.37052 1.55440 1.05000 0.99452 0.10453 0.00000 0.31088 0.21000 1 0 1.0
cl_red
0 -3.28969 -2.20727 0.60000 -0.28849 -0.22035 -0.93179 -0.65794 -0.44145 1 0 1.0
0 -3.33927 -2.67905 0.72692 -0.28849 -0.22035 -0.93179 -0.66785 -0.53581 1 0 1.0
0 -3.78899 -2.61159 0.85020 -0.28849 -0.22035 -0.93179 -0.75780 -0.52232 1 0 1.0
cl_red
0 -3.28969 -2.20727 0.60000 -0.27551 -0.23637 -0.93179 -0.65794 -0.44145 1 0 1.0
0 -3.78899 -2.61159 0.85020 -0.27551 -0.23637 -0.93179 -0.75780 -0.52232 1 0 1.0
0 -3.76147 -2.15768 0.72692 -0.27551 -0.23637 -0.93179 -0.75229 -0.43154 1 0 1.0
cl_red
0 -3.33927 -2.67905 0.72692 -0.28872 -0.66359 -0.69014 -0.66785 -0.53581 1 0 1.0
0 -3.37572 -3.02584 1.07562 -0.28872 -0.66359 -0.69014 -0.67514 -0.60517 1 0 1.0
0 -3.81465 -2.85575 1.09570 -0.28872 -0.66359 -0.69014 -0.76293 -0.57115 1 0 1.0
cl_red
0 -3.33927 -2.67905 0.72692 -0.28872 -0.66359 -0.69014 -0.66785 -0.53581 1 0 1.0
0 -3.81465 -2.85575 1.09570 -0.28872 -0.66359 -0.69014 -0.76293 -0.57115 1 0 1.0
0 -3.78899 -2.61159 0.85020 -0.28872 -0.66359 -0.69014 -0.75780 -0.52232 1 0 1.0
cl_red
0 -3.38899 -3.15207 1.55000 -0.34533 -0.90062 -0.26387 -0.67780 0.31000 1 0 1.0
0 -3.84750 -2.97626 1.55000 -0.34533 -0.90062 -0.26387 -0.76950 0.31000 1 0 1.0
0 -3.81465 -2.85575 1.09570 -0.34533 -0.90062 -0.26387 -0.76293 0.21914 1 0 1.0
cl_red
0 -3.38899 -3.15207 1.55000 -0.35983 -0.89910 -0.24929 -0.67780 0.31000 1 0 1.0
0 -3.81465 -2.85575 1.09570 -0.35983 -0.89910 -0.24929 -0.76293 0.21914 1 0 1.0
0 -3.37572 -3.02584 1.07562 -0.35983 -0.89910 -0.24929 -0.67514 0.21512 1 0 1.0
cl_red
0 -3.84750 -2.97626 1.55000 -0.75849 -0.61422 -0.21778 -0.59525 0.31000 1 0 1.0
0 -4.15785 -2.59301 1.55000 -0.75849 -0.61422 -0.21778 -0.51860 0.31000 1 0 1.0
0 -4.03314 -2.58593 1.09570 -0.75849 -0.61422 -0.21778 -0.51719 0.21914 1 0 1.0
cl_red
0 -3.84750 -2.97626 1.55000 -0.75849 -0.61422 -0.21778 -0.59525 0.31000 1 0 1.0
0 -4.03314 -2.58593 1.09570 -0.75849 -0.61422 -0.21778 -0.51719 0.21914 1 0 1.0
0 -3.81465 -2.85575 1.09570 -0.75849 -0.61422 -0.21778 -0.57115 0.21914 1 0 1.0
cl_red
0 -4.23448 -2.10797 1.55000 -0.95426 -0.16503 -0.24929 -0.42159 0.31000 1 0 1.0
0 -4.10826 -2.12123 1.07562 -0.95426 -0.16503 -0.24929 -0.42425 0.21512 1 0 1.0
0 -4.03314 -2.58593 1.09570 -0.95426 -0.16503 -0.24929 -0.51719 0.21914 1 0 1.0
cl_red
0 -4.23448 -2.10797 1.55000 -0.95274 -0.15053 -0.26387 -0.42159 0.31000 1 0 1.0
0 -4.03314 -2.58593 1.09570 -0.95274 -0.15053 -0.26387 -0.51719 0.21914 1 0 1.0
0 -4.15785 -2.59301 1.55000 -0.95274 -0.15053 -0.26387 -0.51860 0.31000 1 0 1.0
cl_red
0 -4.10826 -2.12123 1.07562 -0.70912 -0.14445 -0.69014 -0.42425 0.21512 1 0 1.0
0 -3.76147 -2.15768 0.72692 -0.70912 -0.14445 -0.69014 -0.43154 0.14538 1 0 1.0
0 -3.78899 -2.61159 0.85020 -0.70912 -0.14445 -0.69014 -0.52232 0.17004 1 0 1.0
cl_red
0 -4.10826 -2.12123 1.07562 -0.70912 -0.14445 -0.69013 -0.42425 0.21512 1 0 1.0
0 -3.78899 -2.61159 0.85020 -0.70912 -0.14445 -0.69013 -0.52232 0.17004 1 0 1.0
0 -4.03314 -2.58593 1.09570 -0.70912 -0.14445 -0.69013 -0.51719 0.21914 1 0 1.0
cl_red
0 -3.78899 -2.61159 0.85020 -0.63454 -0.51384 -0.57735 -0.52232 0.17004 1 0 1.0
0 -3.81465 -2.85575 1.09570 -0.63454 -0.51384 -0.57735 -0.57115 0.21914 1 0 1.0
0 -4.03314 -2.58593 1.09570 -0.63454 -0.51384 -0.57735 -0.51719 0.21914 1 0 1.0
cl_red
0 -3.38899 -3.15207 2.05000 -0.35983 -0.89910 0.24929 -0.67780 0.41000 1 0 1.0
0 -3.37572 -3.02584 2.52438 -0.35983 -0.89910 0.24929 -0.67514 0.50488 1 0 1.0
0 -3.81465 -2.85575 2.50430 -0.35983 -0.89910 0.24929 -0.76293 0.50086 1 0 1.0
cl_red
0 -3.38899 -3.15207 2.05000 -0.34533 -0.90062 0.26387 -0.67780 0.41000 1 0 1.0
0 -3.81465 -2.85575 2.50430 -0.34533 -0.90062 0.26387 -0.76293 0.50086 1 0 1.0
0 -3.84750 -2.97626 2.05000 -0.34533 -0.90062 0.26387 -0.76950 0.41000 1 0 1.0
cl_red
0 -3.37572 -3.02584 2.52438 -0.28872 -0.66359 0.69014 -0.67514 -0.60517 1 0 1.0
0 -3.33927 -2.67905 2.87308 -0.28872 -0.66359 0.69014 -0.66785 -0.53581 1 0 1.0
0 -3.78899 -2.61159 2.74980 -0.28872 -0.66359 0.69014 -0.75780 -0.52232 1 0 1.0
cl_red
0 -3.37572 -3.02584 2.52438 -0.28872 -0.66359 0.69014 -0.67514 -0.60517 1 0 1.0
0 -3.78899 -2.61159 2.74980 -0.28872 -0.66359 0.69014 -0.75780 -0.52232 1 0 1.0
0 -3.81465 -2.85575 2.50430 -0.28872 -0.66359 0.69014 -0.76293 -0.57115 1 0 1.0
cl_red
0 -3.28969 -2.20727 3.00000 -0.27551 -0.23637 0.93179 -0.65794 -0.44145 1 0 1.0
0 -3.76147 -2.15768 2.87308 -0.27551 -0.23637 0.93179 -0.75229 -0.43154 1 0 1.0
0 -3.78899 -2.61159 2.74980 -0.27551 -0.23637 0.93179 -0.75780 -0.52232 1 0 1.0
cl_red
0 -3.28969 -2.20727 3.00000 -0.28849 -0.22035 0.93179 -0.65794 -0.44145 1 0 1.0
0 -3.78899 -2.61159 2.74980 -0.28849 -0.22035 0.93179 -0.75780 -0.52232 1 0 1.0
0 -3.33927 -2.67905 2.87308 -0.28849 -0.22035 0.93179 -0.66785 -0.53581 1 0 1.0
cl_red
0 -3.76147 -2.15768 2.87308 -0.70912 -0.14445 0.69014 -0.43154 0.57462 1 0 1.0
0 -4.10826 -2.12123 2.52438 -0.70912 -0.14445 0.69014 -0.42425 0.50488 1 0 1.0
0 -4.03314 -2.58593 2.50430 -0.70912 -0.14445 0.69014 -0.51719 0.50086 1 0 1.0
cl_red
0 -3.76147 -2.15768 2.87308 -0.70912 -0.14445 0.69014 -0.43154 0.57462 1 0 1.0
0 -4.03314 -2.58593 2.50430 -0.70912 -0.14445 0.69014 -0.51719 0.50086 1 0 1.0
0 -3.78899 -2.61159 2.74980 -0.70912 -0.14445 0.69014 -0.52232 0.54996 1 0 1.0
cl_red
0 -4.23448 -2.10797 2.05000 -0.95274 -0.15053 0.26387 -0.42159 0.41000 1 0 1.0
0 -4.15785 -2.59301 2.05000 -0.95274 -0.15053 0.26387 -0.51860 0.41000 1 0 1.0
0 -4.03314 -2.58593 2.50430 -0.95274 -0.15053 0.26387 -0.51719 0.50086 1 0 1.0
cl_red
0 -4.23448 -2.10797 2.05000 -0.95426 -0.16503 0.24929 -0.42159 0.41000 1 0 1.0
0 -4.03314 -2.58593 2.50430 -0.95426 -0.16503 0.24929 -0.51719 0.50086 1 0 1.0
0 -4.10826 -2.12123 2.52438 -0.95426 -0.16503 0.24929 -0.42425 0.50488 1 0 1.0
cl_red
0 -4.15785 -2.59301 2.05000 -0.75849 -0.61422 0.21778 -0.51860 0.41000 1 0 1.0
0 -3.84750 -2.97626 2.05000 -0.75849 -0.61422 0.21778 -0.59525 0.41000 1 0 1.0
0 -3.81465 -2.85575 2.50430 -0.75849 -0.61422 0.21778 -0.57115 0.50086 1 0 1.0
cl_red
0 -4.15785 -2.59301 2.05000 -0.75849 -0.61422 0.21778 -0.51860 0.41000 1 0 1.0
0 -3.81465 -2.85575 2.50430 -0.75849 -0.61422 0.21778 -0.57115 0.50086 1 0 1.0
0 -4.03314 -2.58593 2.50430 -0.75849 -0.61422 0.21778 -0.51719 0.50086 1 0 1.0
cl_red
0 -3.81465 -2.85575 2.50430 -0.63454 -0.51384 0.57735 -0.57115 0.50086 1 0 1.0
0 -3.78899 -2.61159 2.74980 -0.63454 -0.51384 0.57735 -0.52232 0.54996 1 0 1.0
0 -4.03314 -2.58593 2.50430 -0.63454 -0.51384 0.57735 -0.51719 0.50086 1 0 1.0
cl_red
0 -3.17471 -1.11330 0.60000 -0.22035 0.28849 -0.93179 -0.63494 -0.22266 1 0 1.0
0 -3.64648 -1.06371 0.72692 -0.22035 0.28849 -0.93179 -0.72930 -0.21274 1 0 1.0
0 -3.57903 -0.61400 0.85020 -0.22035 0.28849 -0.93179 -0.71581 -0.12280 1 0 1.0
cl_red
0 -3.17471 -1.11330 0.60000 -0.23637 0.27551 -0.93179 -0.63494 -0.22266 1 0 1.0
0 -3.57903 -0.61400 0.85020 -0.23637 0.27551 -0.93179 -0.71581 -0.12280 1 0 1.0
0 -3.12512 -0.64152 0.72692 -0.23637 0.27551 -0.93179 -0.62502 -0.12830 1 0 1.0
cl_red
0 -3.64648 -1.06371 0.72692 -0.66359 0.28872 -0.69013 -0.72930 -0.21274 1 0 1.0
0 -3.99328 -1.02726 1.07562 -0.66359 0.28872 -0.69013 -0.79866 -0.20545 1 0 1.0
0 -3.82319 -0.58833 1.09570 -0.66359 0.28872 -0.69013 -0.76464 -0.11767 1 0 1.0
cl_red
0 -3.64648 -1.06371 0.72692 -0.66359 0.28872 -0.69013 -0.72930 -0.21274 1 0 1.0
0 -3.82319 -0.58833 1.09570 -0.66359 0.28872 -0.69013 -0.76464 -0.11767 1 0 1.0
0 -3.57903 -0.61400 0.85020 -0.66359 0.28872 -0.69013 -0.71581 -0.12280 1 0 1.0
cl_red
0 -4.11950 -1.01399 1.55000 -0.90062 0.34533 -0.26387 -0.20280 0.31000 1 0 1.0
0 -3.94369 -0.55548 1.55000 -0.90062 0.34533 -0.26387 -0.11110 0.31000 1 0 1.0
0 -3.82319 -0.58833 1.09570 -0.90062 0.34533 -0.26387 -0.11767 0.21914 1 0 1.0
cl_red
0 -4.11950 -1.01399 1.55000 -0.89910 0.35983 -0.24929 -0.20280 0.31000 1 0 1.0
0 -3.82319 -0.58833 1.09570 -0.89910 0.35983 -0.24929 -0.11767 0.21914 1 0 1.0
0 -3.99328 -1.02726 1.07562 -0.89910 0.35983 -0.24929 -0.20545 0.21512 1 0 1.0
cl_red
0 -3.94369 -0.55548 1.55000 -0.61422 0.75849 -0.21778 -0.78874 0.31000 1 0 1.0
0 -3.56045 -0.24513 1.55000 -0.61422 0.75849 -0.21778 -0.71209 0.31000 1 0 1.0
0 -3.55337 -0.36984 1.09570 -0.61422 0.75849 -0.21778 -0.71067 0.21914 1 0 1.0
cl_red
0 -3.94369 -0.55548 1.55000 -0.61422 0.75849 -0.21778 -0.78874 0.31000 1 0 1.0
0 -3.55337 -0.36984 1.09570 -0.61422 0.75849 -0.21778 -0.71067 0.21914 1 0 1.0
0 -3.82319 -0.58833 1.09570 -0.61422 0.75849 -0.21778 -0.76464 0.21914 1 0 1.0
cl_red
0 -3.07540 -0.16850 1.55000 -0.16503 0.95426 -0.24929 -0.61508 0.31000 1 0 1.0
0 -3.08867 -0.29472 1.07562 -0.16503 0.95426 -0.24929 -0.61773 0.21512 1 0 1.0
0 -3.55337 -0.36984 1.09570 -0.16503 0.95426 -0.24929 -0.71067 0.21914 1 0 1.0
cl_red
0 -3.07540 -0.16850 1.55000 -0.15053 0.95274 -0.26387 -0.61508 0.31000 1 0 1.0
0 -3.55337 -0.36984 1.09570 -0.15053 0.95274 -0.26387 -0.71067 0.21914 1 0 1.0
0 -3.56045 -0.24513 1.55000 -0.15053 0.95274 -0.26387 -0.71209 0.31000 1 0 1.0
cl_red
0 -3.08867 -0.29472 1.07562 -0.14445 0.70912 -0.69014 -0.61773 0.21512 1 0 1.0
0 -3.12512 -0.64152 0.72692 -0.14445 0.70912 -0.69014 -0.62502 0.14538 1 0 1.0
0 -3.57903 -0.61400 0.85020 -0.14445 0.70912 -0.69014 -0.71581 0.17004 1 0 1.0
cl_red
0 -3.08867 -0.29472 1.07562 -0.14445 0.70912 -0.69014 -0.61773 0.21512 1 0 1.0
0 -3.57903 -0.61400 0.85020 -0.14445 0.70912 -0.69014 -0.71581 0.17004 1 0 1.0
0 -3.55337 -0.36984 1.09570 -0.14445 0.70912 -0.69014 -0.71067 0.21914 1 0 1.0
cl_red
0 -3.57903 -0.61400 0.85020 -0.51384 0.63454 -0.57735 -0.71581 0.17004 1 0 1.0
0 -3.82319 -0.58833 1.09570 -0.51384 0.63454 -0.57735 -0.76464 0.21914 1 0 1.0
0 -3.55337 -0.36984 1.09570 -0.51384 0.63454 -0.57735 -0.71067 0.21914 1 0 1.0
cl_red
0 -3.17471 -1.11330 3.00000 -0.23637 0.27551 0.93179 -0.63494 -0.22266 1 0 1.0
0 -3.12512 -0.64152 2.87308 -0.23637 0.27551 0.93179 -0.62502 -0.12830 1 0 1.0
0 -3.57903 -0.61400 2.74980 -0.23637 0.27551 0.93179 -0.71581 -0.12280 1 0 1.0
cl_red
0 -3.17471 -1.11330 3.00000 -0.22035 0.28849 0.93179 -0.63494 -0.22266 1 0 1.0
0 -3.57903 -0.61400 2.74980 -0.22035 0.28849 0.93179 -0.71581 -0.12280 1 0 1.0
0 -3.64648 -1.06371 2.87308 -0.22035 0.28849 0.93179 -0.72930 -0.21274 1 0 1.0
cl_red
0 -3.12512 -0.64152 2.87308 -0.14445 0.70912 0.69014 -0.62502 0.57462 1 0 1.0
0 -3.08867 -0.29472 2.52438 -0.14445 0.70912 0.69014 -0.61773 0.50488 1 0 1.0
0 -3.55337 -0.36984 2.50430 -0.14445 0.70912 0.69014 -0.71067 0.50086 1 0 1.0
cl_red
0 -3.12512 -0.64152 2.87308 -0.14445 0.70912 0.69014 -0.62502 0.57462 1 0 1.0
0 -3.55337 -0.36984 2.50430 -0.14445 0.70912 0.69014 -0.71067 0.50086 1 0 1.0
0 -3.57903 -0.61400 2.74980 -0.14445 0.70912 0.69014 -0.71581 0.54996 1 0 1.0
cl_red
0 -3.07540 -0.16850 2.05000 -0.15053 0.95274 0.26387 -0.61508 0.41000 1 0 1.0
0 -3.56045 -0.24513 2.05000 -0.15053 0.95274 0.26387 -0.71209 0.41000 1 0 1.0
0 -3.55337 -0.36984 2.50430 -0.15053 0.95274 0.26387 -0.71067 0.50086 1 0 1.0
cl_red
0 -3.07540 -0.16850 2.05000 -0.16503 0.95426 0.24929 -0.61508 0.41000 1 0 1.0
0 -3.55337 -0.36984 2.50430 -0.16503 0.95426 0.24929 -0.71067 0.50086 1 0 1.0
0 -3.08867 -0.29472 2.52438 -0.16503 0.95426 0.24929 -0.61773 0.50488 1 0 1.0
cl_red
0 -3.56045 -0.24513 2.05000 -0.61422 0.75849 0.21778 -0.71209 0.41000 1 0 1.0
0 -3.94369 -0.55548 2.05000 -0.61422 0.75849 0.21778 -0.78874 0.41000 1 0 1.0
0 -3.82319 -0.58833 2.50430 -0.61422 0.75849 0.21778 -0.76464 0.50086 1 0 1.0
cl_red
0 -3.56045 -0.24513 2.05000 -0.61422 0.75849 0.21778 -0.71209 0.41000 1 0 1.0
0 -3.82319 -0.58833 2.50430 -0.61422 0.75849 0.21778 -0.76464 0.50086 1 0 1.0
0 -3.55337 -0.36984 2.50430 -0.61422 0.75849 0.21778 -0.71067 0.50086 1 0 1.0
cl_red
0 -4.11950 -1.01399 2.05000 -0.89910 0.35983 0.24929 -0.20280 0.41000 1 0 1.0
0 -3.99328 -1.02726 2.52438 -0.89910 0.35983 0.24929 -0.20545 0.50488 1 0 1.0
0 -3.82319 -0.58833 2.50430 -0.89910 0.35983 0.24929 -0.11767 0.50086 1 0 1.0
cl_red
0 -4.11950 -1.01399 2.05000 -0.90062 0.34533 0.26387 -0.20280 0.41000 1 0 1.0
0 -3.82319 -0.58833 2.50430 -0.90062 0.34533 0.26387 -0.11767 0.50086 1 0 1.0
0 -3.94369 -0.55548 2.05000 -0.90062 0.34533 0.26387 -0.11110 0.41000 1 0 1.0
cl_red
0 -3.99328 -1.02726 2.52438 -0.66359 0.28872 0.69014 -0.79866 -0.20545 1 0 1.0
0 -3.64648 -1.06371 2.87308 -0.66359 0.28872 0.69014 -0.72930 -0.21274 1 0 1.0
0 -3.57903 -0.61400 2.74980 -0.66359 0.28872 0.69014 -0.71581 -0.12280 1 0 1.0
cl_red
0 -3.99328 -1.02726 2.52438 -0.66359 0.28872 0.69013 -0.79866 -0.20545 1 0 1.0
0 -3.57903 -0.61400 2.74980 -0.66359 0.28872 0.69013 -0.71581 -0.12280 1 0 1.0
0 -3.82319 -0.58833 2.50430 -0.66359 0.28872 0.69013 -0.76464 -0.11767 1 0 1.0
cl_red
0 -3.57903 -0.61400 2.74980 -0.51384 0.63454 0.57735 -0.71581 0.54996 1 0 1.0
0 -3.55337 -0.36984 2.50430 -0.51384 0.63454 0.57735 -0.71067 0.50086 1 0 1.0
0 -3.82319 -0.58833 2.50430 -0.51384 0.63454 0.57735 -0.76464 0.50086 1 0 1.0
cl_red
0 1.98128 -2.76127 0.60000 0.22035 -0.28849 -0.93179 0.39626 -0.55225 1 0 1.0
0 2.45306 -2.81086 0.72692 0.22035 -0.28849 -0.93179 0.49061 -0.56217 1 0 1.0
0 2.38560 -3.26057 0.85020 0.22035 -0.28849 -0.93179 0.47712 -0.65211 1 0 1.0
cl_red
0 1.98128 -2.76127 0.60000 0.23637 -0.27551 -0.93179 0.39626 -0.55225 1 0 1.0
0 2.38560 -3.26057 0.85020 0.23637 -0.27551 -0.93179 0.47712 -0.65211 1 0 1.0
0 1.93169 -3.23305 0.72692 0.23637 -0.27551 -0.93179 0.38634 -0.64661 1 0 1.0
cl_red
0 2.45306 -2.81086 0.72692 0.66359 -0.28872 -0.69013 0.49061 -0.56217 1 0 1.0
0 2.79985 -2.84731 1.07562 0.66359 -0.28872 -0.69013 0.55997 -0.56946 1 0 1.0
0 2.62976 -3.28623 1.09570 0.66359 -0.28872 -0.69013 0.52595 -0.65725 1 0 1.0
cl_red
0 2.45306 -2.81086 0.72692 0.66359 -0.28872 -0.69013 0.49061 -0.56217 1 0 1.0
0 2.62976 -3.28623 1.09570 0.66359 -0.28872 -0.69013 0.52595 -0.65725 1 0 1.0
0 2.38560 -3.26057 0.85020 0.66359 -0.28872 -0.69013 0.47712 -0.65211 1 0 1.0
cl_red
0 2.92607 -2.86057 1.55000 0.90062 -0.34533 -0.26387 -0.57211 0.31000 1 0 1.0
0 2.75027 -3.31908 1.55000 0.90062 -0.34533 -0.26387 -0.66382 0.31000 1 0 1.0
0 2.62976 -3.28623 1.09570 0.90062 -0.34533 -0.26387 -0.65725 0.21914 1 0 1.0
cl_red
0 2.92607 -2.86057 1.55000 0.89910 -0.35983 -0.24929 -0.57211 0.31000 1 0 1.0
0 2.62976 -3.28623 1.09570 0.89910 -0.35983 -0.24929 -0.65725 0.21914 1 0 1.0
0 2.79985 -2.84731 1.07562 0.89910 -0.35983 -0.24929 -0.56946 0.21512 1 0 1.0
cl_red
0 2.75027 -3.31908 1.55000 0.61422 -0.75849 -0.21778 0.55005 0.31000 1 0 1.0
0 2.36702 -3.62943 1.55000 0.61422 -0.75849 -0.21778 0.47340 0.31000 1 0 1.0
0 2.35994 -3.50472 1.09570 0.61422 -0.75849 -0.21778 0.47199 0.21914 1 0 1.0
cl_red
0 2.75027 -3.31908 1.55000 0.61422 -0.75849 -0.21778 0.55005 0.31000 1 0 1.0
0 2.35994 -3.50472 1.09570 0.61422 -0.75849 -0.21778 0.47199 0.21914 1 0 1.0
0 2.62976 -3.28623 1.09570 0.61422 -0.75849 -0.21778 0.52595 0.21914 1 0 1.0
cl_red
0 1.88198 -3.70607 1.55000 0.16503 -0.95426 -0.24929 0.37640 0.31000 1 0 1.0
0 1.89524 -3.57984 1.07562 0.16503 -0.95426 -0.24929 0.37905 0.21512 1 0 1.0
0 2.35994 -3.50472 1.09570 0.16503 -0.95426 -0.24929 0.47199 0.21914 1 0 1.0
cl_red
0 1.88198 -3.70607 1.55000 0.15053 -0.95274 -0.26387 0.37640 0.31000 1 0 1.0
0 2.35994 -3.50472 1.09570 0.15053 -0.95274 -0.26387 0.47199 0.21914 1 0 1.0
0 2.36702 -3.62943 1.55000 0.15053 -0.95274 -0.26387 0.47340 0.31000 1 0 1.0
cl_red
0 1.89524 -3.57984 1.07562 0.14445 -0.70912 -0.69013 0.37905 0.21512 1 0 1.0
0 1.93169 -3.23305 0.72692 0.14445 -0.70912 -0.69013 0.38634 0.14538 1 0 1.0
0 2.38560 -3.26057 0.85020 0.14445 -0.70912 -0.69013 0.47712 0.17004 1 0 1.0
cl_red
0 1.89524 -3.57984 1.07562 0.14445 -0.70912 -0.69014 0.37905 0.21512 1 0 1.0
0 2.38560 -3.26057 0.85020 0.14445 -0.70912 -0.69014 0.47712 0.17004 1 0 1.0
0 2.35994 -3.50472 1.09570 0.14445 -0.70912 -0.69014 0.47199 0.21914 1 0 1.0
cl_red
0 2.38560 -3.26057 0.85020 0.51384 -0.63454 -0.57735 0.47712 0.17004 1 0 1.0
0 2.62976 -3.28623 1.09570 0.51384 -0.63454 -0.57735 0.52595 0.21914 1 0 1.0
0 2.35994 -3.50472 1.09570 0.51384 -0.63454 -0.57735 0.47199 0.21914 1 0 1.0
cl_red
0 1.98128 -2.76127 3.00000 0.23637 -0.27551 0.93179 0.39626 -0.55225 1 0 1.0
0 1.93169 -3.23305 2.87308 0.23637 -0.27551 0.93179 0.38634 -0.64661 1 0 1.0
0 2.38560 -3.26057 2.74980 0.23637 -0.27551 0.93179 0.47712 -0.65211 1 0 1.0
cl_red
0 1.98128 -2.76127 3.00000 0.22035 -0.28849 0.93179 0.39626 -0.55225 1 0 1.0
0 2.38560 -3.26057 2.74980 0.22035 -0.28849 0.93179 0.47712 -0.65211 1 0 1.0
0 2.45306 -2.81086 2.87308 0.22035 -0.28849 0.93179 0.49061 -0.56217 1 0 1.0
cl_red
0 1.93169 -3.23305 2.87308 0.14445 -0.70912 0.69014 0.38634 0.57462 1 0 1.0
0 1.89524 -3.57984 2.52438 0.14445 -0.70912 0.69014 0.37905 0.50488 1 0 1.0
0 2.35994 -3.50472 2.50430 0.14445 -0.70912 0.69014 0.47199 0.50086 1 0 1.0
cl_red
0 1.93169 -3.23305 2.87308 0.14445 -0.70912 0.69014 0.38634 0.57462 1 0 1.0
0 2.35994 -3.50472 2.50430 0.14445 -0.70912 0.69014 0.47199 0.50086 1 0 1.0
0 2.38560 -3.26057 2.74980 0.14445 -0.70912 0.69014 0.47712 0.54996 1 0 1.0
cl_red
0 1.88198 -3.70607 2.05000 0.15053 -0.95274 0.26387 0.37640 0.41000 1 0 1.0
0 2.36702 -3.62943 2.05000 0.15053 -0.95274 0.26387 0.47340 0.41000 1 0 1.0
0 2.35994 -3.50472 2.50430 0.15053 -0.95274 0.26387 0.47199 0.50086 1 0 1.0
cl_red
0 1.88198 -3.70607 2.05000 0.16503 -0.95426 0.24929 0.37640 0.41000 1 0 1.0
0 2.35994 -3.50472 2.50430 0.16503 -0.95426 0.24929 0.47199 0.50086 1 0 1.0
0 1.89524 -3.57984 2.52438 0.16503 -0.95426 0.24929 0.37905 0.50488 1 0 1.0
cl_red
0 2.36702 -3.62943 2.05000 0.61422 -0.75849 0.21778 0.47340 0.41000 1 0 1.0
0 2.75027 -3.31908 2.05000 0.61422 -0.75849 0.21778 0.55005 0.41000 1 0 1.0
0 2.62976 -3.28623 2.50430 0.61422 -0.75849 0.21778 0.52595 0.50086 1 0 1.0
cl_red
0 2.36702 -3.62943 2.05000 0.61422 -0.75849 0.21778 0.47340 0.41000 1 0 1.0
0 2.62976 -3.28623 2.50430 0.61422 -0.75849 0.21778 0.52595 0.50086 1 0 1.0
0 2.35994 -3.50472 2.50430 0.61422 -0.75849 0.21778 0.47199 0.50086 1 0 1.0
cl_red
0 2.92607 -2.86057 2.05000 0.89910 -0.35983 0.24929 -0.57211 0.41000 1 0 1.0
0 2.79985 -2.84731 2.52438 0.89910 -0.35983 0.24929 -0.56946 0.50488 1 0 1.0
0 2.62976 -3.28623 2.50430 0.89910 -0.35983 0.24929 -0.65725 0.50086 1 0 1.0
cl_red
0 2.92607 -2.86057 2.05000 0.90062 -0.34533 0.26387 -0.57211 0.41000 1 0 1.0
0 2.62976 -3.28623 2.50430 0.90062 -0.34533 0.26387 -0.65725 0.50086 1 0 1.0
0 2.75027 -3.31908 2.05000 0.90062 -0.34533 0.26387 -0.66382 0.41000 1 0 1.0
cl_red
0 2.79985 -2.84731 2.52438 0.66359 -0.28872 0.69014 0.55997 -0.56946 1 0 1.0
0 2.45306 -2.81086 2.87308 0.66359 -0.28872 0.69014 0.49061 -0.56217 1 0 1.0
0 2.38560 -3.26057 2.74980 0.66359 -0.28872 0.69014 0.47712 -0.65211 1 0 1.0
cl_red
0 2.79985 -2.84731 2.52438 0.66359 -0.28872 0.69013 0.55997 -0.56946 1 0 1.0
0 2.38560 -3.26057 2.74980 0.66359 -0.28872 0.69013 0.47712 -0.65211 1 0 1.0
0 2.62976 -3.28623 2.50430 0.66359 -0.28872 0.69013 0.52595 -0.65725 1 0 1.0
cl_red
0 2.38560 -3.26057 2.74980 0.51384 -0.63454 0.57735 0.47712 0.54996 1 0 1.0
0 2.35994 -3.50472 2.50430 0.51384 -0.63454 0.57735 0.47199 0.50086 1 0 1.0
0 2.62976 -3.28623 2.50430 0.51384 -0.63454 0.57735 0.52595 0.50086 1 0 1.0
cl_red
0 2.09626 -1.66730 0.60000 0.28849 0.22035 -0.93179 0.41925 -0.33346 1 0 1.0
0 2.14585 -1.19552 0.72692 0.28849 0.22035 -0.93179 0.42917 -0.23910 1 0 1.0
0 2.59556 -1.26297 0.85020 0.28849 0.22035 -0.93179 0.51911 -0.25259 1 0 1.0
cl_red
0 2.09626 -1.66730 0.60000 0.27551 0.23637 -0.93179 0.41925 -0.33346 1 0 1.0
0 2.59556 -1.26297 0.85020 0.27551 0.23637 -0.93179 0.51911 -0.25259 1 0 1.0
0 2.56804 -1.71688 0.72692 0.27551 0.23637 -0.93179 0.51361 -0.34338 1 0 1.0
cl_red
0 2.14585 -1.19552 0.72692 0.28872 0.66359 -0.69014 0.42917 -0.23910 1 0 1.0
0 2.18230 -0.84872 1.07562 0.28872 0.66359 -0.69014 0.43646 -0.16974 1 0 1.0
0 2.62122 -1.01882 1.09570 0.28872 0.66359 -0.69014 0.52424 -0.20376 1 0 1.0
cl_red
0 2.14585 -1.19552 0.72692 0.28872 0.66359 -0.69014 0.42917 -0.23910 1 0 1.0
0 2.62122 -1.01882 1.09570 0.28872 0.66359 -0.69014 0.52424 -0.20376 1 0 1.0
0 2.59556 -1.26297 0.85020 0.28872 0.66359 -0.69014 0.51911 -0.25259 1 0 1.0
cl_red
0 2.19556 -0.72250 1.55000 0.34533 0.90062 -0.26387 0.43911 0.31000 1 0 1.0
0 2.65407 -0.89831 1.55000 0.34533 0.90062 -0.26387 0.53081 0.31000 1 0 1.0
0 2.62122 -1.01882 1.09570 0.34533 0.90062 -0.26387 0.52424 0.21914 1 0 1.0
cl_red
0 2.19556 -0.72250 1.55000 0.35983 0.89910 -0.24929 0.43911 0.31000 1 0 1.0
0 2.62122 -1.01882 1.09570 0.35983 0.89910 -0.24929 0.52424 0.21914 1 0 1.0
0 2.18230 -0.84872 1.07562 0.35983 0.89910 -0.24929 0.43646 0.21512 1 0 1.0
cl_red
0 2.65407 -0.89831 1.55000 0.75849 0.61422 -0.21778 -0.17966 0.31000 1 0 1.0
0 2.96442 -1.28155 1.55000 0.75849 0.61422 -0.21778 -0.25631 0.31000 1 0 1.0
0 2.83972 -1.28863 1.09570 0.75849 0.61422 -0.21778 -0.25773 0.21914 1 0 1.0
cl_red
0 2.65407 -0.89831 1.55000 0.75849 0.61422 -0.21778 -0.17966 0.31000 1 0 1.0
0 2.83972 -1.28863 1.09570 0.75849 0.61422 -0.21778 -0.25773 0.21914 1 0 1.0
0 2.62122 -1.01882 1.09570 0.75849 0.61422 -0.21778 -0.20376 0.21914 1 0 1.0
cl_red
0 3.04106 -1.76660 1.55000 0.95426 0.16503 -0.24929 -0.35332 0.31000 1 0 1.0
0 2.91483 -1.75333 1.07562 0.95426 0.16503 -0.24929 -0.35067 0.21512 1 0 1.0
0 2.83972 -1.28863 1.09570 0.95426 0.16503 -0.24929 -0.25773 0.21914 1 0 1.0
cl_red
0 3.04106 -1.76660 1.55000 0.95274 0.15053 -0.26387 -0.35332 0.31000 1 0 1.0
0 2.83972 -1.28863 1.09570 0.95274 0.15053 -0.26387 -0.25773 0.21914 1 0 1.0
0 2.96442 -1.28155 1.55000 0.95274 0.15053 -0.26387 -0.25631 0.31000 1 0 1.0
cl_red
0 2.91483 -1.75333 1.07562 0.70912 0.14445 -0.69014 -0.35067 0.21512 1 0 1.0
0 2.56804 -1.71688 0.72692 0.70912 0.14445 -0.69014 -0.34338 0.14538 1 0 1.0
0 2.59556 -1.26297 0.85020 0.70912 0.14445 -0.69014 -0.25259 0.17004 1 0 1.0
cl_red
0 2.91483 -1.75333 1.07562 0.70912 0.14445 -0.69013 -0.35067 0.21512 1 0 1.0
0 2.59556 -1.26297 0.85020 0.70912 0.14445 -0.69013 -0.25259 0.17004 1 0 1.0
0 2.83972 -1.28863 1.09570 0.70912 0.14445 -0.69013 -0.25773 0.21914 1 0 1.0
cl_red
0 2.59556 -1.26297 0.85020 0.63454 0.51384 -0.57735 -0.25259 0.17004 1 0 1.0
0 2.62122 -1.01882 1.09570 0.63454 0.51384 -0.57735 -0.20376 0.21914 1 0 1.0
0 2.83972 -1.28863 1.09570 0.63454 0.51384 -0.57735 -0.25773 0.21914 1 0 1.0
cl_red
0 2.09626 -1.66730 3.00000 0.27551 0.23637 0.93179 0.41925 -0.33346 1 0 1.0
0 2.56804 -1.71688 2.87308 0.27551 0.23637 0.93179 0.51361 -0.34338 1 0 1.0
0 2.59556 -1.26297 2.74980 0.27551 0.23637 0.93179 0.51911 -0.25259 1 0 1.0
cl_red
0 2.09626 -1.66730 3.00000 0.28849 0.22035 0.93179 0.41925 -0.33346 1 0 1.0
0 2.59556 -1.26297 2.74980 0.28849 0.22035 0.93179 0.51911 -0.25259 1 0 1.0
0 2.14585 -1.19552 2.87308 0.28849 0.22035 0.93179 0.42917 -0.23910 1 0 1.0
cl_red
0 2.56804 -1.71688 2.87308 0.70912 0.14445 0.69014 -0.34338 0.57462 1 0 1.0
0 2.91483 -1.75333 2.52438 0.70912 0.14445 0.69014 -0.35067 0.50488 1 0 1.0
0 2.83972 -1.28863 2.50430 0.70912 0.14445 0.69014 -0.25773 0.50086 1 0 1.0
cl_red
0 2.56804 -1.71688 2.87308 0.70912 0.14445 0.69014 -0.34338 0.57462 1 0 1.0
0 2.83972 -1.28863 2.50430 0.70912 0.14445 0.69014 -0.25773 0.50086 1 0 1.0
0 2.59556 -1.26297 2.74980 0.70912 0.14445 0.69014 -0.25259 0.54996 1 0 1.0
cl_red
0 3.04106 -1.76660 2.05000 0.95274 0.15053 0.26387 -0.35332 0.41000 1 0 1.0
0 2.96442 -1.28155 2.05000 0.95274 0.15053 0.26387 -0.25631 0.41000 1 0 1.0
0 2.83972 -1.28863 2.50430 0.95274 0.15053 0.26387 -0.25773 0.50086 1 0 1.0
cl_red
0 3.04106 -1.76660 2.05000 0.95426 0.16503 0.24929 -0.35332 0.41000 1 0 1.0
0 2.83972 -1.28863 2.50430 0.95426 0.16503 0.24929 -0.25773 0.50086 1 0 1.0
0 2.91483 -1.75333 2.52438 0.95426 0.16503 0.24929 -0.35067 0.50488 1 0 1.0
cl_red
0 2.96442 -1.28155 2.05000 0.75849 0.61422 0.21778 -0.25631 0.41000 1 0 1.0
0 2.65407 -0.89831 2.05000 0.75849 0.61422 0.21778 -0.17966 0.41000 1 0 1.0
0 2.62122 -1.01882 2.50430 0.75849 0.61422 0.21778 -0.20376 0.50086 1 0 1.0
cl_red
0 2.96442 -1.28155 2.05000 0.75849 0.61422 0.21778 -0.25631 0.41000 1 0 1.0
0 2.62122 -1.01882 2.50430 0.75849 0.61422 0.21778 -0.20376 0.50086 1 0 1.0
0 2.83972 -1.28863 2.50430 0.75849 0.61422 0.21778 -0.25773 0.50086 1 0 1.0
cl_red
0 2.19556 -0.72250 2.05000 0.35983 0.89910 0.24929 0.43911 0.41000 1 0 1.0
0 2.18230 -0.84872 2.52438 0.35983 0.89910 0.24929 0.43646 0.50488 1 0 1.0
0 2.62122 -1.01882 2.50430 0.35983 0.89910 0.24929 0.52424 0.50086 1 0 1.0
cl_red
0 2.19556 -0.72250 2.05000 0.34533 0.90062 0.26387 0.43911 0.41000 1 0 1.0
0 2.62122 -1.01882 2.50430 0.34533 0.90062 0.26387 0.52424 0.50086 1 0 1.0
0 2.65407 -0.89831 2.05000 0.34533 0.90062 0.26387 0.53081 0.41000 1 0 1.0
cl_red
0 2.18230 -0.84872 2.52438 0.28872 0.66359 0.69014 0.43646 -0.16974 1 0 1.0
0 2.14585 -1.19552 2.87308 0.28872 0.66359 0.69014 0.42917 -0.23910 1 0 1.0
0 2.59556 -1.26297 2.74980 0.28872 0.66359 0.69014 0.51911 -0.25259 1 0 1.0
cl_red
0 2.18230 -0.84872 2.52438 0.28872 0.66359 0.69014 0.43646 -0.16974 1 0 1.0
0 2.59556 -1.26297 2.74980 0.28872 0.66359 0.69014 0.51911 -0.25259 1 0 1.0
0 2.62122 -1.01882 2.50430 0.28872 0.66359 0.69014 0.52424 -0.20376 1 0 1.0
cl_red
0 2.59556 -1.26297 2.74980 0.63454 0.51384 0.57735 -0.25259 0.54996 1 0 1.0
0 2.83972 -1.28863 2.50430 0.63454 0.51384 0.57735 -0.25773 0.50086 1 0 1.0
0 2.62122 -1.01882 2.50430 0.63454 0.51384 0.57735 -0.20376 0.50086 1 0 1.0
cl_red
0 -3.17471 -1.11330 0.60000 -0.25704 0.02702 -0.96602 -0.63494 -0.22266 1 0 1.0
0 -3.28969 -2.20727 0.60000 -0.25704 0.02702 -0.96602 -0.65794 -0.44145 1 0 1.0
0 -3.76147 -2.15768 0.72692 -0.25704 0.02702 -0.96602 -0.75229 -0.43154 1 0 1.0
cl_red
0 -3.17471 -1.11330 0.60000 -0.25704 0.02702 -0.96602 -0.63494 -0.22266 1 0 1.0
0 -3.76147 -2.15768 0.72692 -0.25704 0.02702 -0.96602 -0.75229 -0.43154 1 0 1.0
0 -3.64648 -1.06371 0.72692 -0.25704 0.02702 -0.96602 -0.72930 -0.21274 1 0 1.0
cl_red
0 -3.64648 -1.06371 0.72692 -0.70323 0.07391 -0.70711 -0.72930 -0.21274 1 0 1.0
0 -3.76147 -2.15768 0.72692 -0.70323 0.07391 -0.70711 -0.75229 -0.43154 1 0 1.0
0 -4.10826 -2.12123 1.07562 -0.70323 0.07391 -0.70711 -0.82165 -0.42425 1 0 1.0
cl_red
0 -3.64648 -1.06371 0.72692 -0.70323 0.07391 -0.70711 -0.72930 -0.21274 1 0 1.0
0 -4.10826 -2.12123 1.07562 -0.70323 0.07391 -0.70711 -0.82165 -0.42425 1 0 1.0
0 -3.99328 -1.02726 1.07562 -0.70323 0.07391 -0.70711 -0.79866 -0.20545 1 0 1.0
cl_red
0 -3.99328 -1.02726 1.07562 -0.96073 0.10098 -0.25845 -0.20545 0.21512 1 0 1.0
0 -4.10826 -2.12123 1.07562 -0.96073 0.10098 -0.25845 -0.42425 0.21512 1 0 1.0
0 -4.23448 -2.10797 1.55000 -0.96073 0.10098 -0.25845 -0.42159 0.31000 1 0 1.0
cl_red
0 -3.99328 -1.02726 1.07562 -0.96073 0.10098 -0.25845 -0.20545 0.21512 1 0 1.0
0 -4.23448 -2.10797 1.55000 -0.96073 0.10098 -0.25845 -0.42159 0.31000 1 0 1.0
0 -4.11950 -1.01399 1.55000 -0.96073 0.10098 -0.25845 -0.20280 0.31000 1 0 1.0
cl_red
0 -3.38899 -3.15207 1.55000 -0.35801 -0.93372 0.00000 -0.67780 0.31000 1 0 1.0
0 -3.38899 -3.15207 2.05000 -0.35801 -0.93372 0.00000 -0.67780 0.41000 1 0 1.0
0 -3.84750 -2.97626 2.05000 -0.35801 -0.93372 0.00000 -0.76950 0.41000 1 0 1.0
cl_red
0 -3.38899 -3.15207 1.55000 -0.35801 -0.93372 0.00000 -0.67780 0.31000 1 0 1.0
0 -3.84750 -2.97626 2.05000 -0.35801 -0.93372 0.00000 -0.76950 0.41000 1 0 1.0
0 -3.84750 -2.97626 1.55000 -0.35801 -0.93372 0.00000 -0.76950 0.31000 1 0 1.0
cl_red
0 -3.84750 -2.97626 1.55000 -0.77715 -0.62932 0.00000 -0.59525 0.31000 1 0 1.0
0 -3.84750 -2.97626 2.05000 -0.77715 -0.62932 0.00000 -0.59525 0.41000 1 0 1.0
0 -4.15785 -2.59301 2.05000 -0.77715 -0.62932 0.00000 -0.51860 0.41000 1 0 1.0
cl_red
0 -3.84750 -2.97626 1.55000 -0.77715 -0.62932 0.00000 -0.59525 0.31000 1 0 1.0
0 -4.15785 -2.59301 2.05000 -0.77715 -0.62932 0.00000 -0.51860 0.41000 1 0 1.0
0 -4.15785 -2.59301 1.55000 -0.77715 -0.62932 0.00000 -0.51860 0.31000 1 0 1.0
cl_red
0 -4.15785 -2.59301 1.55000 -0.98775 -0.15606 0.00000 -0.51860 0.31000 1 0 1.0
0 -4.15785 -2.59301 2.05000 -0.98775 -0.15606 0.00000 -0.51860 0.41000 1 0 1.0
0 -4.23448 -2.10797 2.05000 -0.98775 -0.15606 0.00000 -0.42159 0.41000 1 0 1.0
cl_red
0 -4.15785 -2.59301 1.55000 -0.98775 -0.15606 0.00000 -0.51860 0.31000 1 0 1.0
0 -4.23448 -2.10797 2.05000 -0.98775 -0.15606 0.00000 -0.42159 0.41000 1 0 1.0
0 -4.23448 -2.10797 1.55000 -0.98775 -0.15606 0.00000 -0.42159 0.31000 1 0 1.0
cl_red
0 -3.28969 -2.20727 3.00000 -0.25704 0.02702 0.96602 -0.65794 -0.44145 1 0 1.0
0 -3.17471 -1.11330 3.00000 -0.25704 0.02702 0.96602 -0.63494 -0.22266 1 0 1.0
0 -3.64648 -1.06371 2.87308 -0.25704 0.02702 0.96602 -0.72930 -0.21274 1 0 1.0
cl_red
0 -3.28969 -2.20727 3.00000 -0.25704 0.02702 0.96602 -0.65794 -0.44145 1 0 1.0
0 -3.64648 -1.06371 2.87308 -0.25704 0.02702 0.96602 -0.72930 -0.21274 1 0 1.0
0 -3.76147 -2.15768 2.87308 -0.25704 0.02702 0.96602 -0.75229 -0.43154 1 0 1.0
cl_red
0 -3.76147 -2.15768 2.87308 -0.70323 0.07391 0.70711 -0.75229 -0.43154 1 0 1.0
0 -3.64648 -1.06371 2.87308 -0.70323 0.07391 0.70711 -0.72930 -0.21274 1 0 1.0
0 -3.99328 -1.02726 2.52438 -0.70323 0.07391 0.70711 -0.79866 -0.20545 1 0 1.0
cl_red
0 -3.76147 -2.15768 2.87308 -0.70323 0.07391 0.70711 -0.75229 -0.43154 1 0 1.0
0 -3.99328 -1.02726 2.52438 -0.70323 0.07391 0.70711 -0.79866 -0.20545 1 0 1.0
0 -4.10826 -2.12123 2.52438 -0.70323 0.07391 0.70711 -0.82165 -0.42425 1 0 1.0
cl_red
0 -4.10826 -2.12123 2.52438 -0.96073 0.10098 0.25845 -0.42425 0.50488 1 0 1.0
0 -3.99328 -1.02726 2.52438 -0.96073 0.10098 0.25845 -0.20545 0.50488 1 0 1.0
0 -4.11950 -1.01399 2.05000 -0.96073 0.10098 0.25845 -0.20280 0.41000 1 0 1.0
cl_red
0 -4.10826 -2.12123 2.52438 -0.96073 0.10098 0.25845 -0.42425 0.50488 1 0 1.0
0 -4.11950 -1.01399 2.05000 -0.96073 0.10098 0.25845 -0.20280 0.41000 1 0 1.0
0 -4.23448 -2.10797 2.05000 -0.96073 0.10098 0.25845 -0.42159 0.41000 1 0 1.0
cl_red
0 -3.07540 -0.16850 2.05000 -0.15606 0.98775 0.00000 -0.61508 0.41000 1 0 1.0
0 -3.07540 -0.16850 1.55000 -0.15606 0.98775 0.00000 -0.61508 0.31000 1 0 1.0
0 -3.56045 -0.24513 1.55000 -0.15606 0.98775 0.00000 -0.71209 0.31000 1 0 1.0
cl_red
0 -3.07540 -0.16850 2.05000 -0.15606 0.98775 0.00000 -0.61508 0.41000 1 0 1.0
0 -3.56045 -0.24513 1.55000 -0.15606 0.98775 0.00000 -0.71209 0.31000 1 0 1.0
0 -3.56045 -0.24513 2.05000 -0.15606 0.98775 0.00000 -0.71209 0.41000 1 0 1.0
cl_red
0 -3.56045 -0.24513 2.05000 -0.62932 0.77715 0.00000 -0.71209 0.41000 1 0 1.0
0 -3.56045 -0.24513 1.55000 -0.62932 0.77715 0.00000 -0.71209 0.31000 1 0 1.0
0 -3.94369 -0.55548 1.55000 -0.62932 0.77715 0.00000 -0.78874 0.31000 1 0 1.0
cl_red
0 -3.56045 -0.24513 2.05000 -0.62932 0.77715 0.00000 -0.71209 0.41000 1 0 1.0
0 -3.94369 -0.55548 1.55000 -0.62932 0.77715 0.00000 -0.78874 0.31000 1 0 1.0
0 -3.94369 -0.55548 2.05000 -0.62932 0.77715 0.00000 -0.78874 0.41000 1 0 1.0
cl_red
0 -3.94369 -0.55548 2.05000 -0.93372 0.35802 0.00000 -0.11110 0.41000 1 0 1.0
0 -3.94369 -0.55548 1.55000 -0.93372 0.35802 0.00000 -0.11110 0.31000 1 0 1.0
0 -4.11950 -1.01399 1.55000 -0.93372 0.35802 0.00000 -0.20280 0.31000 1 0 1.0
cl_red
0 -3.94369 -0.55548 2.05000 -0.93372 0.35802 0.00000 -0.11110 0.41000 1 0 1.0
0 -4.11950 -1.01399 1.55000 -0.93372 0.35802 0.00000 -0.20280 0.31000 1 0 1.0
0 -4.11950 -1.01399 2.05000 -0.93372 0.35802 0.00000 -0.20280 0.41000 1 0 1.0
cl_red
0 2.09626 -1.66730 0.60000 0.02702 0.25704 -0.96602 0.41925 -0.33346 1 0 1.0
0 -3.17471 -1.11330 0.60000 0.02702 0.25704 -0.96602 -0.63494 -0.22266 1 0 1.0
0 -3.12512 -0.64152 0.72692 0.02702 0.25704 -0.96602 -0.62502 -0.12830 1 0 1.0
cl_red
0 2.09626 -1.66730 0.60000 0.02702 0.25704 -0.96602 0.41925 -0.33346 1 0 1.0
0 -3.12512 -0.64152 0.72692 0.02702 0.25704 -0.96602 -0.62502 -0.12830 1 0 1.0
0 2.14585 -1.19552 0.72692 0.02702 0.25704 -0.96602 0.42917 -0.23910 1 0 1.0
cl_red
0 2.14585 -1.19552 0.72692 0.07391 0.70323 -0.70711 0.42917 -0.23910 1 0 1.0
0 -3.12512 -0.64152 0.72692 0.07391 0.70323 -0.70711 -0.62502 -0.12830 1 0 1.0
0 -3.08867 -0.29472 1.07562 0.07391 0.70323 -0.70711 -0.61773 -0.05894 1 0 1.0
cl_red
0 2.14585 -1.19552 0.72692 0.07391 0.70323 -0.70711 0.42917 -0.23910 1 0 1.0
0 -3.08867 -0.29472 1.07562 0.07391 0.70323 -0.70711 -0.61773 -0.05894 1 0 1.0
0 2.18230 -0.84872 1.07562 0.07391 0.70323 -0.70711 0.43646 -0.16974 1 0 1.0
cl_red
0 2.18230 -0.84872 1.07562 0.10098 0.96073 -0.25845 0.43646 0.21512 1 0 1.0
0 -3.08867 -0.29472 1.07562 0.10098 0.96073 -0.25845 -0.61773 0.21512 1 0 1.0
0 -3.07540 -0.16850 1.55000 0.10098 0.96073 -0.25845 -0.61508 0.31000 1 0 1.0
cl_red
0 2.18230 -0.84872 1.07562 0.10098 0.96073 -0.25845 0.43646 0.21512 1 0 1.0
0 -3.07540 -0.16850 1.55000 0.10098 0.96073 -0.25845 -0.61508 0.31000 1 0 1.0
0 2.19556 -0.72250 1.55000 0.10098 0.96073 -0.25845 0.43911 0.31000 1 0 1.0
cl_red
0 -3.17471 -1.11330 3.00000 0.02702 0.25704 0.96602 -0.63494 -0.22266 1 0 1.0
0 2.09626 -1.66730 3.00000 0.02702 0.25704 0.96602 0.41925 -0.33346 1 0 1.0
0 2.14585 -1.19552 2.87308 0.02702 0.25704 0.96602 0.42917 -0.23910 1 0 1.0
cl_red
0 -3.17471 -1.11330 3.00000 0.02702 0.25704 0.96602 -0.63494 -0.22266 1 0 1.0
0 2.14585 -1.19552 2.87308 0.02702 0.25704 0.96602 0.42917 -0.23910 1 0 1.0
0 -3.12512 -0.64152 2.87308 0.02702 0.25704 0.96602 -0.62502 -0.12830 1 0 1.0
cl_red
0 -3.12512 -0.64152 2.87308 0.07391 0.70323 0.70711 -0.62502 -0.12830 1 0 1.0
0 2.14585 -1.19552 2.87308 0.07391 0.70323 0.70711 0.42917 -0.23910 1 0 1.0
0 2.18230 -0.84872 2.52438 0.07391 0.70323 0.70711 0.43646 -0.16974 1 0 1.0
cl_red
0 -3.12512 -0.64152 2.87308 0.07391 0.70323 0.70711 -0.62502 -0.12830 1 0 1.0
0 2.18230 -0.84872 2.52438 0.07391 0.70323 0.70711 0.43646 -0.16974 1 0 1.0
0 -3.08867 -0.29472 2.52438 0.07391 0.70323 0.70711 -0.61773 -0.05894 1 0 1.0
cl_red
0 -3.08867 -0.29472 2.52438 0.10098 0.96073 0.25845 -0.61773 0.50488 1 0 1.0
0 2.18230 -0.84872 2.52438 0.10098 0.96073 0.25845 0.43646 0.50488 1 0 1.0
0 2.19556 -0.72250 2.05000 0.10098 0.96073 0.25845 0.43911 0.41000 1 0 1.0
cl_red
0 -3.08867 -0.29472 2.52438 0.10098 0.96073 0.25845 -0.61773 0.50488 1 0 1.0
0 2.19556 -0.72250 2.05000 0.10098 0.96073 0.25845 0.43911 0.41000 1 0 1.0
0 -3.07540 -0.16850 2.05000 0.10098 0.96073 0.25845 -0.61508 0.41000 1 0 1.0
cl_red
0 3.04106 -1.76660 2.05000 0.98775 0.15606 0.00000 -0.35332 0.41000 1 0 1.0
0 3.04106 -1.76660 1.55000 0.98775 0.15606 0.00000 -0.35332 0.31000 1 0 1.0
0 2.96442 -1.28155 1.55000 0.98775 0.15606 0.00000 -0.25631 0.31000 1 0 1.0
cl_red
0 3.04106 -1.76660 2.05000 0.98775 0.15606 0.00000 -0.35332 0.41000 1 0 1.0
0 2.96442 -1.28155 1.55000 0.98775 0.15606 0.00000 -0.25631 0.31000 1 0 1.0
0 2.96442 -1.28155 2.05000 0.98775 0.15606 0.00000 -0.25631 0.41000 1 0 1.0
cl_red
0 2.96442 -1.28155 2.05000 0.77715 0.62932 0.00000 -0.25631 0.41000 1 0 1.0
0 2.96442 -1.28155 1.55000 0.77715 0.62932 0.00000 -0.25631 0.31000 1 0 1.0
0 2.65407 -0.89831 1.55000 0.77715 0.62932 0.00000 -0.17966 0.31000 1 0 1.0
cl_red
0 2.96442 -1.28155 2.05000 0.77715 0.62932 0.00000 -0.25631 0.41000 1 0 1.0
0 2.65407 -0.89831 1.55000 0.77715 0.62932 0.00000 -0.17966 0.31000 1 0 1.0
0 2.65407 -0.89831 2.05000 0.77715 0.62932 0.00000 -0.17966 0.41000 1 0 1.0
cl_red
0 2.65407 -0.89831 2.05000 0.35801 0.93372 0.00000 0.53081 0.41000 1 0 1.0
0 2.65407 -0.89831 1.55000 0.35801 0.93372 0.00000 0.53081 0.31000 1 0 1.0
0 2.19556 -0.72250 1.55000 0.35801 0.93372 0.00000 0.43911 0.31000 1 0 1.0
cl_red
0 2.65407 -0.89831 2.05000 0.35801 0.93372 0.00000 0.53081 0.41000 1 0 1.0
0 2.19556 -0.72250 1.55000 0.35801 0.93372 0.00000 0.43911 0.31000 1 0 1.0
0 2.19556 -0.72250 2.05000 0.35801 0.93372 0.00000 0.43911 0.41000 1 0 1.0
cl_red
0 1.98128 -2.76127 0.60000 0.25704 -0.02702 -0.96602 0.39626 -0.55225 1 0 1.0
0 2.09626 -1.66730 0.60000 0.25704 -0.02702 -0.96602 0.41925 -0.33346 1 0 1.0
0 2.56804 -1.71688 0.72692 0.25704 -0.02702 -0.96602 0.51361 -0.34338 1 0 1.0
cl_red
0 1.98128 -2.76127 0.60000 0.25704 -0.02702 -0.96602 0.39626 -0.55225 1 0 1.0
0 2.56804 -1.71688 0.72692 0.25704 -0.02702 -0.96602 0.51361 -0.34338 1 0 1.0
0 2.45306 -2.81086 0.72692 0.25704 -0.02702 -0.96602 0.49061 -0.56217 1 0 1.0
cl_red
0 2.45306 -2.81086 0.72692 0.70323 -0.07391 -0.70711 0.49061 -0.56217 1 0 1.0
0 2.56804 -1.71688 0.72692 0.70323 -0.07391 -0.70711 0.51361 -0.34338 1 0 1.0
0 2.91483 -1.75333 1.07562 0.70323 -0.07391 -0.70711 0.58297 -0.35067 1 0 1.0
cl_red
0 2.45306 -2.81086 0.72692 0.70323 -0.07391 -0.70711 0.49061 -0.56217 1 0 1.0
0 2.91483 -1.75333 1.07562 0.70323 -0.07391 -0.70711 0.58297 -0.35067 1 0 1.0
0 2.79985 -2.84731 1.07562 0.70323 -0.07391 -0.70711 0.55997 -0.56946 1 0 1.0
cl_red
0 2.79985 -2.84731 1.07562 0.96073 -0.10098 -0.25845 -0.56946 0.21512 1 0 1.0
0 2.91483 -1.75333 1.07562 0.96073 -0.10098 -0.25845 -0.35067 0.21512 1 0 1.0
0 3.04106 -1.76660 1.55000 0.96073 -0.10098 -0.25845 -0.35332 0.31000 1 0 1.0
cl_red
0 2.79985 -2.84731 1.07562 0.96073 -0.10098 -0.25845 -0.56946 0.21512 1 0 1.0
0 3.04106 -1.76660 1.55000 0.96073 -0.10098 -0.25845 -0.35332 0.31000 1 0 1.0
0 2.92607 -2.86057 1.55000 0.96073 -0.10098 -0.25845 -0.57211 0.31000 1 0 1.0
cl_red
0 2.09626 -1.66730 3.00000 0.25704 -0.02702 0.96602 0.41925 -0.33346 1 0 1.0
0 1.98128 -2.76127 3.00000 0.25704 -0.02702 0.96602 0.39626 -0.55225 1 0 1.0
0 2.45306 -2.81086 2.87308 0.25704 -0.02702 0.96602 0.49061 -0.56217 1 0 1.0
cl_red
0 2.09626 -1.66730 3.00000 0.25704 -0.02702 0.96602 0.41925 -0.33346 1 0 1.0
0 2.45306 -2.81086 2.87308 0.25704 -0.02702 0.96602 0.49061 -0.56217 1 0 1.0
0 2.56804 -1.71688 2.87308 0.25704 -0.02702 0.96602 0.51361 -0.34338 1 0 1.0
cl_red
0 2.56804 -1.71688 2.87308 0.70323 -0.07391 0.70711 0.51361 -0.34338 1 0 1.0
0 2.45306 -2.81086 2.87308 0.70323 -0.07391 0.70711 0.49061 -0.56217 1 0 1.0
0 2.79985 -2.84731 2.52438 0.70323 -0.07391 0.70711 0.55997 -0.56946 1 0 1.0
cl_red
0 2.56804 -1.71688 2.87308 0.70323 -0.07391 0.70711 0.51361 -0.34338 1 0 1.0
0 2.79985 -2.84731 2.52438 0.70323 -0.07391 0.70711 0.55997 -0.56946 1 0 1.0
0 2.91483 -1.75333 2.52438 0.70323 -0.07391 0.70711 0.58297 -0.35067 1 0 1.0
cl_red
0 2.91483 -1.75333 2.52438 0.96073 -0.10098 0.25845 -0.35067 0.50488 1 0 1.0
0 2.79985 -2.84731 2.52438 0.96073 -0.10098 0.25845 -0.56946 0.50488 1 0 1.0
0 2.92607 -2.86057 2.05000 0.96073 -0.10098 0.25845 -0.57211 0.41000 1 0 1.0
cl_red
0 2.91483 -1.75333 2.52438 0.96073 -0.10098 0.25845 -0.35067 0.50488 1 0 1.0
0 2.92607 -2.86057 2.05000 0.96073 -0.10098 0.25845 -0.57211 0.41000 1 0 1.0
0 3.04106 -1.76660 2.05000 0.96073 -0.10098 0.25845 -0.35332 0.41000 1 0 1.0
cl_red
0 1.88198 -3.70607 2.05000 0.15606 -0.98775 0.00000 0.37640 0.41000 1 0 1.0
0 1.88198 -3.70607 1.55000 0.15606 -0.98775 0.00000 0.37640 0.31000 1 0 1.0
0 2.36702 -3.62943 1.55000 0.15606 -0.98775 0.00000 0.47340 0.31000 1 0 1.0
cl_red
0 1.88198 -3.70607 2.05000 0.15606 -0.98775 0.00000 0.37640 0.41000 1 0 1.0
0 2.36702 -3.62943 1.55000 0.15606 -0.98775 0.00000 0.47340 0.31000 1 0 1.0
0 2.36702 -3.62943 2.05000 0.15606 -0.98775 0.00000 0.47340 0.41000 1 0 1.0
cl_red
0 2.36702 -3.62943 2.05000 0.62932 -0.77715 0.00000 0.47340 0.41000 1 0 1.0
0 2.36702 -3.62943 1.55000 0.62932 -0.77715 0.00000 0.47340 0.31000 1 0 1.0
0 2.75027 -3.31908 1.55000 0.62932 -0.77715 0.00000 0.55005 0.31000 1 0 1.0
cl_red
0 2.36702 -3.62943 2.05000 0.62932 -0.77715 0.00000 0.47340 0.41000 1 0 1.0
0 2.75027 -3.31908 1.55000 0.62932 -0.77715 0.00000 0.55005 0.31000 1 0 1.0
0 2.75027 -3.31908 2.05000 0.62932 -0.77715 0.00000 0.55005 0.41000 1 0 1.0
cl_red
0 2.75027 -3.31908 2.05000 0.93372 -0.35801 0.00000 -0.66382 0.41000 1 0 1.0
0 2.75027 -3.31908 1.55000 0.93372 -0.35801 0.00000 -0.66382 0.31000 1 0 1.0
0 2.92607 -2.86057 1.55000 0.93372 -0.35801 0.00000 -0.57211 0.31000 1 0 1.0
cl_red
0 2.75027 -3.31908 2.05000 0.93372 -0.35801 0.00000 -0.66382 0.41000 1 0 1.0
0 2.92607 -2.86057 1.55000 0.93372 -0.35801 0.00000 -0.57211 0.31000 1 0 1.0
0 2.92607 -2.86057 2.05000 0.93372 -0.35801 0.00000 -0.57211 0.41000 1 0 1.0
cl_red
0 -3.28969 -2.20727 0.60000 -0.02702 -0.25704 -0.96602 -0.65794 -0.44145 1 0 1.0
0 1.98128 -2.76127 0.60000 -0.02702 -0.25704 -0.96602 0.39626 -0.55225 1 0 1.0
0 1.93169 -3.23305 0.72692 -0.02702 -0.25704 -0.96602 0.38634 -0.64661 1 0 1.0
cl_red
0 -3.28969 -2.20727 0.60000 -0.02702 -0.25704 -0.96602 -0.65794 -0.44145 1 0 1.0
0 1.93169 -3.23305 0.72692 -0.02702 -0.25704 -0.96602 0.38634 -0.64661 1 0 1.0
0 -3.33927 -2.67905 0.72692 -0.02702 -0.25704 -0.96602 -0.66785 -0.53581 1 0 1.0
cl_red
0 -3.33927 -2.67905 0.72692 -0.07391 -0.70323 -0.70711 -0.66785 -0.53581 1 0 1.0
0 1.93169 -3.23305 0.72692 -0.07391 -0.70323 -0.70711 0.38634 -0.64661 1 0 1.0
0 1.89524 -3.57984 1.07562 -0.07391 -0.70323 -0.70711 0.37905 -0.71597 1 0 1.0
cl_red
0 -3.33927 -2.67905 0.72692 -0.07391 -0.70323 -0.70711 -0.66785 -0.53581 1 0 1.0
0 1.89524 -3.57984 1.07562 -0.07391 -0.70323 -0.70711 0.37905 -0.71597 1 0 1.0
0 -3.37572 -3.02584 1.07562 -0.07391 -0.70323 -0.70711 -0.67514 -0.60517 1 0 1.0
cl_red
0 -3.37572 -3.02584 1.07562 -0.10098 -0.96073 -0.25845 -0.67514 0.21512 1 0 1.0
0 1.89524 -3.57984 1.07562 -0.10098 -0.96073 -0.25845 0.37905 0.21512 1 0 1.0
0 1.88198 -3.70607 1.55000 -0.10098 -0.96073 -0.25845 0.37640 0.31000 1 0 1.0
cl_red
0 -3.37572 -3.02584 1.07562 -0.10098 -0.96073 -0.25845 -0.67514 0.21512 1 0 1.0
0 1.88198 -3.70607 1.55000 -0.10098 -0.96073 -0.25845 0.37640 0.31000 1 0 1.0
0 -3.38899 -3.15207 1.55000 -0.10098 -0.96073 -0.25845 -0.67780 0.31000 1 0 1.0
cl_red
0 1.98128 -2.76127 3.00000 -0.02702 -0.25704 0.96602 0.39626 -0.55225 1 0 1.0
0 -3.28969 -2.20727 3.00000 -0.02702 -0.25704 0.96602 -0.65794 -0.44145 1 0 1.0
0 -3.33927 -2.67905 2.87308 -0.02702 -0.25704 0.96602 -0.66785 -0.53581 1 0 1.0
cl_red
0 1.98128 -2.76127 3.00000 -0.02702 -0.25704 0.96602 0.39626 -0.55225 1 0 1.0
0 -3.33927 -2.67905 2.87308 -0.02702 -0.25704 0.96602 -0.66785 -0.53581 1 0 1.0
0 1.93169 -3.23305 2.87308 -0.02702 -0.25704 0.96602 0.38634 -0.64661 1 0 1.0
cl_red
0 1.93169 -3.23305 2.87308 -0.07391 -0.70323 0.70711 0.38634 -0.64661 1 0 1.0
0 -3.33927 -2.67905 2.87308 -0.07391 -0.70323 0.70711 -0.66785 -0.53581 1 0 1.0
0 -3.37572 -3.02584 2.52438 -0.07391 -0.70323 0.70711 -0.67514 -0.60517 1 0 1.0
cl_red
0 1.93169 -3.23305 2.87308 -0.07391 -0.70323 0.70711 0.38634 -0.64661 1 0 1.0
0 -3.37572 -3.02584 2.52438 -0.07391 -0.70323 0.70711 -0.67514 -0.60517 1 0 1.0
0 1.89524 -3.57984 2.52438 -0.07391 -0.70323 0.70711 0.37905 -0.71597 1 0 1.0
cl_red
0 1.89524 -3.57984 2.52438 -0.10098 -0.96073 0.25845 0.37905 0.50488 1 0 1.0
0 -3.37572 -3.02584 2.52438 -0.10098 -0.96073 0.25845 -0.67514 0.50488 1 0 1.0
0 -3.38899 -3.15207 2.05000 -0.10098 -0.96073 0.25845 -0.67780 0.41000 1 0 1.0
cl_red
0 1.89524 -3.57984 2.52438 -0.10098 -0.96073 0.25845 0.37905 0.50488 1 0 1.0
0 -3.38899 -3.15207 2.05000 -0.10098 -0.96073 0.25845 -0.67780 0.41000 1 0 1.0
0 1.88198 -3.70607 2.05000 -0.10098 -0.96073 0.25845 0.37640 0.41000 1 0 1.0
cl_red
0 -3.17471 -1.11330 0.60000 0.00000 0.00000 -1.00000 -0.63494 -0.22266 1 0 1.0
0 2.09626 -1.66730 0.60000 0.00000 0.00000 -1.00000 0.41925 -0.33346 1 0 1.0
0 1.98128 -2.76127 0.60000 0.00000 0.00000 -1.00000 0.39626 -0.55225 1 0 1.0
cl_red
0 -3.17471 -1.11330 0.60000 0.00000 0.00000 -1.00000 -0.63494 -0.22266 1 0 1.0
0 1.98128 -2.76127 0.60000 0.00000 0.00000 -1.00000 0.39626 -0.55225 1 0 1.0
0 -3.28969 -2.20727 0.60000 0.00000 0.00000 -1.00000 -0.65794 -0.44145 1 0 1.0
cl_red
0 -4.23448 -2.10797 1.55000 -0.99452 0.10453 0.00000 -0.42159 0.31000 1 0 1.0
0 -4.23448 -2.10797 2.05000 -0.99452 0.10453 0.00000 -0.42159 0.41000 1 0 1.0
0 -4.11950 -1.01399 2.05000 -0.99452 0.10453 0.00000 -0.20280 0.41000 1 0 1.0
cl_red
0 -4.23448 -2.10797 1.55000 -0.99452 0.10453 0.00000 -0.42159 0.31000 1 0 1.0
0 -4.11950 -1.01399 2.05000 -0.99452 0.10453 0.00000 -0.20280 0.41000 1 0 1.0
0 -4.11950 -1.01399 1.55000 -0.99452 0.10453 0.00000 -0.20280 0.31000 1 0 1.0
cl_red
0 1.88198 -3.70607 1.55000 -0.10453 -0.99452 0.00000 0.37640 0.31000 1 0 1.0
0 1.88198 -3.70607 2.05000 -0.10453 -0.99452 0.00000 0.37640 0.41000 1 0 1.0
0 -3.38899 -3.15207 2.05000 -0.10453 -0.99452 0.00000 -0.67780 0.41000 1 0 1.0
cl_red
0 1.88198 -3.70607 1.55000 -0.10453 -0.99452 0.00000 0.37640 0.31000 1 0 1.0
0 -3.38899 -3.15207 2.05000 -0.10453 -0.99452 0.00000 -0.67780 0.41000 1 0 1.0
0 -3.38899 -3.15207 1.55000 -0.10453 -0.99452 0.00000 -0.67780 0.31000 1 0 1.0
cl_red
0 2.09626 -1.66730 3.00000 0.00000 0.00000 1.00000 0.41925 -0.33346 1 0 1.0
0 -3.17471 -1.11330 3.00000 0.00000 0.00000 1.00000 -0.63494 -0.22266 1 0 1.0
0 -3.28969 -2.20727 3.00000 0.00000 0.00000 1.00000 -0.65794 -0.44145 1 0 1.0
cl_red
0 2.09626 -1.66730 3.00000 0.00000 0.00000 1.00000 0.41925 -0.33346 1 0 1.0
0 -3.28969 -2.20727 3.00000 0.00000 0.00000 1.00000 -0.65794 -0.44145 1 0 1.0
0 1.98128 -2.76127 3.00000 0.00000 0.00000 1.00000 0.39626 -0.55225 1 0 1.0
cl_red
0 -3.07540 -0.16850 1.55000 0.10453 0.99452 0.00000 -0.61508 0.31000 1 0 1.0
0 -3.07540 -0.16850 2.05000 0.10453 0.99452 0.00000 -0.61508 0.41000 1 0 1.0
0 2.19556 -0.72250 2.05000 0.10453 0.99452 0.00000 0.43911 0.41000 1 0 1.0
cl_red
0 -3.07540 -0.16850 1.55000 0.10453 0.99452 0.00000 -0.61508 0.31000 1 0 1.0
0 2.19556 -0.72250 2.05000 0.10453 0.99452 0.00000 0.43911 0.41000 1 0 1.0
0 2.19556 -0.72250 1.55000 0.10453 0.99452 0.00000 0.43911 0.31000 1 0 1.0
cl_red
0 3.04106 -1.76660 1.55000 0.99452 -0.10453 0.00000 -0.35332 0.31000 1 0 1.0
0 3.04106 -1.76660 2.05000 0.99452 -0.10453 0.00000 -0.35332 0.41000 1 0 1.0
0 2.92607 -2.86057 2.05000 0.99452 -0.10453 0.00000 -0.57211 0.41000 1 0 1.0
cl_red
0 3.04106 -1.76660 1.55000 0.99452 -0.10453 0.00000 -0.35332 0.31000 1 0 1.0
0 2.92607 -2.86057 2.05000 0.99452 -0.10453 0.00000 -0.57211 0.41000 1 0 1.0
0 2.92607 -2.86057 1.55000 0.99452 -0.10453 0.00000 -0.57211 0.31000 1 0 1.0
cl_red
0 -3.17471 1.11330 0.60000 -0.23637 -0.27551 -0.93179 -0.63494 0.22266 1 0 1.0
0 -3.12512 0.64152 0.72692 -0.23637 -0.27551 -0.93179 -0.62502 0.12830 1 0 1.0
0 -3.57903 0.61400 0.85020 -0.23637 -0.27551 -0.93179 -0.71581 0.12280 1 0 1.0
cl_red
0 -3.17471 1.11330 0.60000 -0.22035 -0.28849 -0.93179 -0.63494 0.22266 1 0 1.0
0 -3.57903 0.61400 0.85020 -0.22035 -0.28849 -0.93179 -0.71581 0.12280 1 0 1.0
0 -3.64648 1.06371 0.72692 -0.22035 -0.28849 -0.93179 -0.72930 0.21274 1 0 1.0
cl_red
0 -3.12512 0.64152 0.72692 -0.14445 -0.70912 -0.69014 -0.62502 0.14538 1 0 1.0
0 -3.08867 0.29472 1.07562 -0.14445 -0.70912 -0.69014 -0.61773 0.21512 1 0 1.0
0 -3.55337 0.36984 1.09570 -0.14445 -0.70912 -0.69014 -0.71067 0.21914 1 0 1.0
cl_red
0 -3.12512 0.64152 0.72692 -0.14445 -0.70912 -0.69014 -0.62502 0.14538 1 0 1.0
0 -3.55337 0.36984 1.09570 -0.14445 -0.70912 -0.69014 -0.71067 0.21914 1 0 1.0
0 -3.57903 0.61400 0.85020 -0.14445 -0.70912 -0.69014 -0.71581 0.17004 1 0 1.0
cl_red
0 -3.07540 0.16850 1.55000 -0.15053 -0.95274 -0.26387 -0.61508 0.31000 1 0 1.0
0 -3.56045 0.24513 1.55000 -0.15053 -0.95274 -0.26387 -0.71209 0.31000 1 0 1.0
0 -3.55337 0.36984 1.09570 -0.15053 -0.95274 -0.26387 -0.71067 0.21914 1 0 1.0
cl_red
0 -3.07540 0.16850 1.55000 -0.16503 -0.95426 -0.24929 -0.61508 0.31000 1 0 1.0
0 -3.55337 0.36984 1.09570 -0.16503 -0.95426 -0.24929 -0.71067 0.21914 1 0 1.0
0 -3.08867 0.29472 1.07562 -0.16503 -0.95426 -0.24929 -0.61773 0.21512 1 0 1.0
cl_red
0 -3.56045 0.24513 1.55000 -0.61422 -0.75849 -0.21778 -0.71209 0.31000 1 0 1.0
0 -3.94369 0.55548 1.55000 -0.61422 -0.75849 -0.21778 -0.78874 0.31000 1 0 1.0
0 -3.82319 0.58833 1.09570 -0.61422 -0.75849 -0.21778 -0.76464 0.21914 1 0 1.0
cl_red
0 -3.56045 0.24513 1.55000 -0.61422 -0.75849 -0.21778 -0.71209 0.31000 1 0 1.0
0 -3.82319 0.58833 1.09570 -0.61422 -0.75849 -0.21778 -0.76464 0.21914 1 0 1.0
0 -3.55337 0.36984 1.09570 -0.61422 -0.75849 -0.21778 -0.71067 0.21914 1 0 1.0
cl_red
0 -4.11950 1.01399 1.55000 -0.89910 -0.35983 -0.24929 0.20280 0.31000 1 0 1.0
0 -3.99328 1.02726 1.07562 -0.89910 -0.35983 -0.24929 0.20545 0.21512 1 0 1.0
0 -3.82319 0.58833 1.09570 -0.89910 -0.35983 -0.24929 0.11767 0.21914 1 0 1.0
cl_red
0 -4.11950 1.01399 1.55000 -0.90062 -0.34533 -0.26387 0.20280 0.31000 1 0 1.0
0 -3.82319 0.58833 1.09570 -0.90062 -0.34533 -0.26387 0.11767 0.21914 1 0 1.0
0 -3.94369 0.55548 1.55000 -0.90062 -0.34533 -0.26387 0.11110 0.31000 1 0 1.0
cl_red
0 -3.99328 1.02726 1.07562 -0.66359 -0.28872 -0.69013 -0.79866 0.20545 1 0 1.0
0 -3.64648 1.06371 0.72692 -0.66359 -0.28872 -0.69013 -0.72930 0.21274 1 0 1.0
0 -3.57903 0.61400 0.85020 -0.66359 -0.28872 -0.69013 -0.71581 0.12280 1 0 1.0
cl_red
0 -3.99328 1.02726 1.07562 -0.66359 -0.28872 -0.69013 -0.79866 0.20545 1 0 1.0
0 -3.57903 0.61400 0.85020 -0.66359 -0.28872 -0.69013 -0.71581 0.12280 1 0 1.0
0 -3.82319 0.58833 1.09570 -0.66359 -0.28872 -0.69013 -0.76464 0.11767 1 0 1.0
cl_red
0 -3.57903 0.61400 0.85020 -0.51384 -0.63454 -0.57735 -0.71581 0.17004 1 0 1.0
0 -3.55337 0.36984 1.09570 -0.51384 -0.63454 -0.57735 -0.71067 0.21914 1 0 1.0
0 -3.82319 0.58833 1.09570 -0.51384 -0.63454 -0.57735 -0.76464 0.21914 1 0 1.0
cl_red
0 -3.07540 0.16850 2.05000 -0.16503 -0.95426 0.24929 -0.61508 0.41000 1 0 1.0
0 -3.08867 0.29472 2.52438 -0.16503 -0.95426 0.24929 -0.61773 0.50488 1 0 1.0
0 -3.55337 0.36984 2.50430 -0.16503 -0.95426 0.24929 -0.71067 0.50086 1 0 1.0
cl_red
0 -3.07540 0.16850 2.05000 -0.15053 -0.95274 0.26387 -0.61508 0.41000 1 0 1.0
0 -3.55337 0.36984 2.50430 -0.15053 -0.95274 0.26387 -0.71067 0.50086 1 0 1.0
0 -3.56045 0.24513 2.05000 -0.15053 -0.95274 0.26387 -0.71209 0.41000 1 0 1.0
cl_red
0 -3.08867 0.29472 2.52438 -0.14445 -0.70912 0.69014 -0.61773 0.50488 1 0 1.0
0 -3.12512 0.64152 2.87308 -0.14445 -0.70912 0.69014 -0.62502 0.57462 1 0 1.0
0 -3.57903 0.61400 2.74980 -0.14445 -0.70912 0.69014 -0.71581 0.54996 1 0 1.0
cl_red
0 -3.08867 0.29472 2.52438 -0.14445 -0.70912 0.69014 -0.61773 0.50488 1 0 1.0
0 -3.57903 0.61400 2.74980 -0.14445 -0.70912 0.69014 -0.71581 0.54996 1 0 1.0
0 -3.55337 0.36984 2.50430 -0.14445 -0.70912 0.69014 -0.71067 0.50086 1 0 1.0
cl_red
0 -3.17471 1.11330 3.00000 -0.22035 -0.28849 0.93179 -0.63494 0.22266 1 0 1.0
0 -3.64648 1.06371 2.87308 -0.22035 -0.28849 0.93179 -0.72930 0.21274 1 0 1.0
0 -3.57903 0.61400 2.74980 -0.22035 -0.28849 0.93179 -0.71581 0.12280 1 0 1.0
cl_red
0 -3.17471 1.11330 3.00000 -0.23637 -0.27551 0.93179 -0.63494 0.22266 1 0 1.0
0 -3.57903 0.61400 2.74980 -0.23637 -0.27551 0.93179 -0.71581 0.12280 1 0 1.0
0 -3.12512 0.64152 2.87308 -0.23637 -0.27551 0.93179 -0.62502 0.12830 1 0 1.0
cl_red
0 -3.64648 1.06371 2.87308 -0.66359 -0.28872 0.69014 -0.72930 0.21274 1 0 1.0
0 -3.99328 1.02726 2.52438 -0.66359 -0.28872 0.69014 -0.79866 0.20545 1 0 1.0
0 -3.82319 0.58833 2.50430 -0.66359 -0.28872 0.69014 -0.76464 0.11767 1 0 1.0
cl_red
0 -3.64648 1.06371 2.87308 -0.66359 -0.28872 0.69013 -0.72930 0.21274 1 0 1.0
0 -3.82319 0.58833 2.50430 -0.66359 -0.28872 0.69013 -0.76464 0.11767 1 0 1.0
0 -3.57903 0.61400 2.74980 -0.66359 -0.28872 0.69013 -0.71581 0.12280 1 0 1.0
cl_red
0 -4.11950 1.01399 2.05000 -0.90062 -0.34533 0.26387 0.20280 0.41000 1 0 1.0
0 -3.94369 0.55548 2.05000 -0.90062 -0.34533 0.26387 0.11110 0.41000 1 0 1.0
0 -3.82319 0.58833 2.50430 -0.90062 -0.34533 0.26387 0.11767 0.50086 1 0 1.0
cl_red
0 -4.11950 1.01399 2.05000 -0.89910 -0.35983 0.24929 0.20280 0.41000 1 0 1.0
0 -3.82319 0.58833 2.50430 -0.89910 -0.35983 0.24929 0.11767 0.50086 1 0 1.0
0 -3.99328 1.02726 2.52438 -0.89910 -0.35983 0.24929 0.20545 0.50488 1 0 1.0
cl_red
0 -3.94369 0.55548 2.05000 -0.61422 -0.75849 0.21778 -0.78874 0.41000 1 0 1.0
0 -3.56045 0.24513 2.05000 -0.61422 -0.75849 0.21778 -0.71209 0.41000 1 0 1.0
0 -3.55337 0.36984 2.50430 -0.61422 -0.75849 0.21778 -0.71067 0.50086 1 0 1.0
cl_red
0 -3.94369 0.55548 2.05000 -0.61422 -0.75849 0.21778 -0.78874 0.41000 1 0 1.0
0 -3.55337 0.36984 2.50430 -0.61422 -0.75849 0.21778 -0.71067 0.50086 1 0 1.0
0 -3.82319 0.58833 2.50430 -0.61422 -0.75849 0.21778 -0.76464 0.50086 1 0 1.0
cl_red
0 -3.55337 0.36984 2.50430 -0.51384 -0.63454 0.57735 -0.71067 0.50086 1 0 1.0
0 -3.57903 0.61400 2.74980 -0.51384 -0.63454 0.57735 -0.71581 0.54996 1 0 1.0
0 -3.82319 0.58833 2.50430 -0.51384 -0.63454 0.57735 -0.76464 0.50086 1 0 1.0
cl_red
0 -3.28969 2.20727 0.60000 -0.27551 0.23637 -0.93179 -0.65794 0.44145 1 0 1.0
0 -3.76147 2.15768 0.72692 -0.27551 0.23637 -0.93179 -0.75229 0.43154 1 0 1.0
0 -3.78899 2.61159 0.85020 -0.27551 0.23637 -0.93179 -0.75780 0.52232 1 0 1.0
cl_red
0 -3.28969 2.20727 0.60000 -0.28849 0.22035 -0.93179 -0.65794 0.44145 1 0 1.0
0 -3.78899 2.61159 0.85020 -0.28849 0.22035 -0.93179 -0.75780 0.52232 1 0 1.0
0 -3.33927 2.67905 0.72692 -0.28849 0.22035 -0.93179 -0.66785 0.53581 1 0 1.0
cl_red
0 -3.76147 2.15768 0.72692 -0.70912 0.14445 -0.69014 0.43154 0.14538 1 0 1.0
0 -4.10826 2.12123 1.07562 -0.70912 0.14445 -0.69014 0.42425 0.21512 1 0 1.0
0 -4.03314 2.58593 1.09570 -0.70912 0.14445 -0.69014 0.51719 0.21914 1 0 1.0
cl_red
0 -3.76147 2.15768 0.72692 -0.70912 0.14445 -0.69013 0.43154 0.14538 1 0 1.0
0 -4.03314 2.58593 1.09570 -0.70912 0.14445 -0.69013 0.51719 0.21914 1 0 1.0
0 -3.78899 2.61159 0.85020 -0.70912 0.14445 -0.69013 0.52232 0.17004 1 0 1.0
cl_red
0 -4.23448 2.10797 1.55000 -0.95274 0.15053 -0.26387 0.42159 0.31000 1 0 1.0
0 -4.15785 2.59301 1.55000 -0.95274 0.15053 -0.26387 0.51860 0.31000 1 0 1.0
0 -4.03314 2.58593 1.09570 -0.95274 0.15053 -0.26387 0.51719 0.21914 1 0 1.0
cl_red
0 -4.23448 2.10797 1.55000 -0.95426 0.16503 -0.24929 0.42159 0.31000 1 0 1.0
0 -4.03314 2.58593 1.09570 -0.95426 0.16503 -0.24929 0.51719 0.21914 1 0 1.0
0 -4.10826 2.12123 1.07562 -0.95426 0.16503 -0.24929 0.42425 0.21512 1 0 1.0
cl_red
0 -4.15785 2.59301 1.55000 -0.75849 0.61422 -0.21778 0.51860 0.31000 1 0 1.0
0 -3.84750 2.97626 1.55000 -0.75849 0.61422 -0.21778 0.59525 0.31000 1 0 1.0
0 -3.81465 2.85575 1.09570 -0.75849 0.61422 -0.21778 0.57115 0.21914 1 0 1.0
cl_red
0 -4.15785 2.59301 1.55000 -0.75849 0.61422 -0.21778 0.51860 0.31000 1 0 1.0
0 -3.81465 2.85575 1.09570 -0.75849 0.61422 -0.21778 0.57115 0.21914 1 0 1.0
0 -4.03314 2.58593 1.09570 -0.75849 0.61422 -0.21778 0.51719 0.21914 1 0 1.0
cl_red
0 -3.38899 3.15207 1.55000 -0.35983 0.89910 -0.24929 -0.67780 0.31000 1 0 1.0
0 -3.37572 3.02584 1.07562 -0.35983 0.89910 -0.24929 -0.67514 0.21512 1 0 1.0
0 -3.81465 2.85575 1.09570 -0.35983 0.89910 -0.24929 -0.76293 0.21914 1 0 1.0
cl_red
0 -3.38899 3.15207 1.55000 -0.34533 0.90062 -0.26387 -0.67780 0.31000 1 0 1.0
0 -3.81465 2.85575 1.09570 -0.34533 0.90062 -0.26387 -0.76293 0.21914 1 0 1.0
0 -3.84750 2.97626 1.55000 -0.34533 0.90062 -0.26387 -0.76950 0.31000 1 0 1.0
cl_red
0 -3.37572 3.02584 1.07562 -0.28872 0.66359 -0.69014 -0.67514 0.60517 1 0 1.0
0 -3.33927 2.67905 0.72692 -0.28872 0.66359 -0.69014 -0.66785 0.53581 1 0 1.0
0 -3.78899 2.61159 0.85020 -0.28872 0.66359 -0.69014 -0.75780 0.52232 1 0 1.0
cl_red
0 -3.37572 3.02584 1.07562 -0.28872 0.66359 -0.69014 -0.67514 0.60517 1 0 1.0
0 -3.78899 2.61159 0.85020 -0.28872 0.66359 -0.69014 -0.75780 0.52232 1 0 1.0
0 -3.81465 2.85575 1.09570 -0.28872 0.66359 -0.69014 -0.76293 0.57115 1 0 1.0
cl_red
0 -3.78899 2.61159 0.85020 -0.63454 0.51384 -0.57735 0.52232 0.17004 1 0 1.0
0 -4.03314 2.58593 1.09570 -0.63454 0.51384 -0.57735 0.51719 0.21914 1 0 1.0
0 -3.81465 2.85575 1.09570 -0.63454 0.51384 -0.57735 0.57115 0.21914 1 0 1.0
cl_red
0 -3.28969 2.20727 3.00000 -0.28849 0.22035 0.93179 -0.65794 0.44145 1 0 1.0
0 -3.33927 2.67905 2.87308 -0.28849 0.22035 0.93179 -0.66785 0.53581 1 0 1.0
0 -3.78899 2.61159 2.74980 -0.28849 0.22035 0.93179 -0.75780 0.52232 1 0 1.0
cl_red
0 -3.28969 2.20727 3.00000 -0.27551 0.23637 0.93179 -0.65794 0.44145 1 0 1.0
0 -3.78899 2.61159 2.74980 -0.27551 0.23637 0.93179 -0.75780 0.52232 1 0 1.0
0 -3.76147 2.15768 2.87308 -0.27551 0.23637 0.93179 -0.75229 0.43154 1 0 1.0
cl_red
0 -3.33927 2.67905 2.87308 -0.28872 0.66359 0.69014 -0.66785 0.53581 1 0 1.0
0 -3.37572 3.02584 2.52438 -0.28872 0.66359 0.69014 -0.67514 0.60517 1 0 1.0
0 -3.81465 2.85575 2.50430 -0.28872 0.66359 0.69014 -0.76293 0.57115 1 0 1.0
cl_red
0 -3.33927 2.67905 2.87308 -0.28872 0.66359 0.69014 -0.66785 0.53581 1 0 1.0
0 -3.81465 2.85575 2.50430 -0.28872 0.66359 0.69014 -0.76293 0.57115 1 0 1.0
0 -3.78899 2.61159 2.74980 -0.28872 0.66359 0.69014 -0.75780 0.52232 1 0 1.0
cl_red
0 -3.38899 3.15207 2.05000 -0.34533 0.90062 0.26387 -0.67780 0.41000 1 0 1.0
0 -3.84750 2.97626 2.05000 -0.34533 0.90062 0.26387 -0.76950 0.41000 1 0 1.0
0 -3.81465 2.85575 2.50430 -0.34533 0.90062 0.26387 -0.76293 0.50086 1 0 1.0
cl_red
0 -3.38899 3.15207 2.05000 -0.35983 0.89910 0.24929 -0.67780 0.41000 1 0 1.0
0 -3.81465 2.85575 2.50430 -0.35983 0.89910 0.24929 -0.76293 0.50086 1 0 1.0
0 -3.37572 3.02584 2.52438 -0.35983 0.89910 0.24929 -0.67514 0.50488 1 0 1.0
cl_red
0 -3.84750 2.97626 2.05000 -0.75849 0.61422 0.21778 0.59525 0.41000 1 0 1.0
0 -4.15785 2.59301 2.05000 -0.75849 0.61422 0.21778 0.51860 0.41000 1 0 1.0
0 -4.03314 2.58593 2.50430 -0.75849 0.61422 0.21778 0.51719 0.50086 1 0 1.0
cl_red
0 -3.84750 2.97626 2.05000 -0.75849 0.61422 0.21778 0.59525 0.41000 1 0 1.0
0 -4.03314 2.58593 2.50430 -0.75849 0.61422 0.21778 0.51719 0.50086 1 0 1.0
0 -3.81465 2.85575 2.50430 -0.75849 0.61422 0.21778 0.57115 0.50086 1 0 1.0
cl_red
0 -4.23448 2.10797 2.05000 -0.95426 0.16503 0.24929 0.42159 0.41000 1 0 1.0
0 -4.10826 2.12123 2.52438 -0.95426 0.16503 0.24929 0.42425 0.50488 1 0 1.0
0 -4.03314 2.58593 2.50430 -0.95426 0.16503 0.24929 0.51719 0.50086 1 0 1.0
cl_red
0 -4.23448 2.10797 2.05000 -0.95274 0.15053 0.26387 0.42159 0.41000 1 0 1.0
0 -4.03314 2.58593 2.50430 -0.95274 0.15053 0.26387 0.51719 0.50086 1 0 1.0
0 -4.15785 2.59301 2.05000 -0.95274 0.15053 0.26387 0.51860 0.41000 1 0 1.0
cl_red
0 -4.10826 2.12123 2.52438 -0.70912 0.14445 0.69014 0.42425 0.50488 1 0 1.0
0 -3.76147 2.15768 2.87308 -0.70912 0.14445 0.69014 0.43154 0.57462 1 0 1.0
0 -3.78899 2.61159 2.74980 -0.70912 0.14445 0.69014 0.52232 0.54996 1 0 1.0
cl_red
0 -4.10826 2.12123 2.52438 -0.70912 0.14445 0.69014 0.42425 0.50488 1 0 1.0
0 -3.78899 2.61159 2.74980 -0.70912 0.14445 0.69014 0.52232 0.54996 1 0 1.0
0 -4.03314 2.58593 2.50430 -0.70912 0.14445 0.69014 0.51719 0.50086 1 0 1.0
cl_red
0 -3.78899 2.61159 2.74980 -0.63454 0.51384 0.57735 0.52232 0.54996 1 0 1.0
0 -3.81465 2.85575 2.50430 -0.63454 0.51384 0.57735 0.57115 0.50086 1 0 1.0
0 -4.03314 2.58593 2.50430 -0.63454 0.51384 0.57735 0.51719 0.50086 1 0 1.0
cl_red
0 2.09626 1.66730 0.60000 0.27551 -0.23637 -0.93179 0.41925 0.33346 1 0 1.0
0 2.56804 1.71688 0.72692 0.27551 -0.23637 -0.93179 0.51361 0.34338 1 0 1.0
0 2.59556 1.26297 0.85020 0.27551 -0.23637 -0.93179 0.51911 0.25259 1 0 1.0
cl_red
0 2.09626 1.66730 0.60000 0.28849 -0.22035 -0.93179 0.41925 0.33346 1 0 1.0
0 2.59556 1.26297 0.85020 0.28849 -0.22035 -0.93179 0.51911 0.25259 1 0 1.0
0 2.14585 1.19552 0.72692 0.28849 -0.22035 -0.93179 0.42917 0.23910 1 0 1.0
cl_red
0 2.56804 1.71688 0.72692 0.70912 -0.14445 -0.69014 0.34338 0.14538 1 0 1.0
0 2.91483 1.75333 1.07562 0.70912 -0.14445 -0.69014 0.35067 0.21512 1 0 1.0
0 2.83972 1.28863 1.09570 0.70912 -0.14445 -0.69014 0.25773 0.21914 1 0 1.0
cl_red
0 2.56804 1.71688 0.72692 0.70912 -0.14445 -0.69013 0.34338 0.14538 1 0 1.0
0 2.83972 1.28863 1.09570 0.70912 -0.14445 -0.69013 0.25773 0.21914 1 0 1.0
0 2.59556 1.26297 0.85020 0.70912 -0.14445 -0.69013 0.25259 0.17004 1 0 1.0
cl_red
0 3.04106 1.76660 1.55000 0.95274 -0.15053 -0.26387 0.35332 0.31000 1 0 1.0
0 2.96442 1.28155 1.55000 0.95274 -0.15053 -0.26387 0.25631 0.31000 1 0 1.0
0 2.83972 1.28863 1.09570 0.95274 -0.15053 -0.26387 0.25773 0.21914 1 0 1.0
cl_red
0 3.04106 1.76660 1.55000 0.95426 -0.16503 -0.24929 0.35332 0.31000 1 0 1.0
0 2.83972 1.28863 1.09570 0.95426 -0.16503 -0.24929 0.25773 0.21914 1 0 1.0
0 2.91483 1.75333 1.07562 0.95426 -0.16503 -0.24929 0.35067 0.21512 1 0 1.0
cl_red
0 2.96442 1.28155 1.55000 0.75849 -0.61422 -0.21778 0.25631 0.31000 1 0 1.0
0 2.65407 0.89831 1.55000 0.75849 -0.61422 -0.21778 0.17966 0.31000 1 0 1.0
0 2.62122 1.01882 1.09570 0.75849 -0.61422 -0.21778 0.20376 0.21914 1 0 1.0
cl_red
0 2.96442 1.28155 1.55000 0.75849 -0.61422 -0.21778 0.25631 0.31000 1 0 1.0
0 2.62122 1.01882 1.09570 0.75849 -0.61422 -0.21778 0.20376 0.21914 1 0 1.0
0 2.83972 1.28863 1.09570 0.75849 -0.61422 -0.21778 0.25773 0.21914 1 0 1.0
cl_red
0 2.19556 0.72250 1.55000 0.35983 -0.89910 -0.24929 0.43911 0.31000 1 0 1.0
0 2.18230 0.84872 1.07562 0.35983 -0.89910 -0.24929 0.43646 0.21512 1 0 1.0
0 2.62122 1.01882 1.09570 0.35983 -0.89910 -0.24929 0.52424 0.21914 1 0 1.0
cl_red
0 2.19556 0.72250 1.55000 0.34533 -0.90062 -0.26387 0.43911 0.31000 1 0 1.0
0 2.62122 1.01882 1.09570 0.34533 -0.90062 -0.26387 0.52424 0.21914 1 0 1.0
0 2.65407 0.89831 1.55000 0.34533 -0.90062 -0.26387 0.53081 0.31000 1 0 1.0
cl_red
0 2.18230 0.84872 1.07562 0.28872 -0.66359 -0.69014 0.43646 0.16974 1 0 1.0
0 2.14585 1.19552 0.72692 0.28872 -0.66359 -0.69014 0.42917 0.23910 1 0 1.0
0 2.59556 1.26297 0.85020 0.28872 -0.66359 -0.69014 0.51911 0.25259 1 0 1.0
cl_red
0 2.18230 0.84872 1.07562 0.28872 -0.66359 -0.69014 0.43646 0.16974 1 0 1.0
0 2.59556 1.26297 0.85020 0.28872 -0.66359 -0.69014 0.51911 0.25259 1 0 1.0
0 2.62122 1.01882 1.09570 0.28872 -0.66359 -0.69014 0.52424 0.20376 1 0 1.0
cl_red
0 2.59556 1.26297 0.85020 0.63454 -0.51384 -0.57735 0.25259 0.17004 1 0 1.0
0 2.83972 1.28863 1.09570 0.63454 -0.51384 -0.57735 0.25773 0.21914 1 0 1.0
0 2.62122 1.01882 1.09570 0.63454 -0.51384 -0.57735 0.20376 0.21914 1 0 1.0
cl_red
0 2.09626 1.66730 3.00000 0.28849 -0.22035 0.93179 0.41925 0.33346 1 0 1.0
0 2.14585 1.19552 2.87308 0.28849 -0.22035 0.93179 0.42917 0.23910 1 0 1.0
0 2.59556 1.26297 2.74980 0.28849 -0.22035 0.93179 0.51911 0.25259 1 0 1.0
cl_red
0 2.09626 1.66730 3.00000 0.27551 -0.23637 0.93179 0.41925 0.33346 1 0 1.0
0 2.59556 1.26297 2.74980 0.27551 -0.23637 0.93179 0.51911 0.25259 1 0 1.0
0 2.56804 1.71688 2.87308 0.27551 -0.23637 0.93179 0.51361 0.34338 1 0 1.0
cl_red
0 2.14585 1.19552 2.87308 0.28872 -0.66359 0.69014 0.42917 0.23910 1 0 1.0
0 2.18230 0.84872 2.52438 0.28872 -0.66359 0.69014 0.43646 0.16974 1 0 1.0
0 2.62122 1.01882 2.50430 0.28872 -0.66359 0.69014 0.52424 0.20376 1 0 1.0
cl_red
0 2.14585 1.19552 2.87308 0.28872 -0.66359 0.69014 0.42917 0.23910 1 0 1.0
0 2.62122 1.01882 2.50430 0.28872 -0.66359 0.69014 0.52424 0.20376 1 0 1.0
0 2.59556 1.26297 2.74980 0.28872 -0.66359 0.69014 0.51911 0.25259 1 0 1.0
cl_red
0 2.19556 0.72250 2.05000 0.34533 -0.90062 0.26387 0.43911 0.41000 1 0 1.0
0 2.65407 0.89831 2.05000 0.34533 -0.90062 0.26387 0.53081 0.41000 1 0 1.0
0 2.62122 1.01882 2.50430 0.34533 -0.90062 0.26387 0.52424 0.50086 1 0 1.0
cl_red
0 2.19556 0.72250 2.05000 0.35983 -0.89910 0.24929 0.43911 0.41000 1 0 1.0
0 2.62122 1.01882 2.50430 0.35983 -0.89910 0.24929 0.52424 0.50086 1 0 1.0
0 2.18230 0.84872 2.52438 0.35983 -0.89910 0.24929 0.43646 0.50488 1 0 1.0
cl_red
0 2.65407 0.89831 2.05000 0.75849 -0.61422 0.21778 0.17966 0.41000 1 0 1.0
0 2.96442 1.28155 2.05000 0.75849 -0.61422 0.21778 0.25631 0.41000 1 0 1.0
0 2.83972 1.28863 2.50430 0.75849 -0.61422 0.21778 0.25773 0.50086 1 0 1.0
cl_red
0 2.65407 0.89831 2.05000 0.75849 -0.61422 0.21778 0.17966 0.41000 1 0 1.0
0 2.83972 1.28863 2.50430 0.75849 -0.61422 0.21778 0.25773 0.50086 1 0 1.0
0 2.62122 1.01882 2.50430 0.75849 -0.61422 0.21778 0.20376 0.50086 1 0 1.0
cl_red
0 3.04106 1.76660 2.05000 0.95426 -0.16503 0.24929 0.35332 0.41000 1 0 1.0
0 2.91483 1.75333 2.52438 0.95426 -0.16503 0.24929 0.35067 0.50488 1 0 1.0
0 2.83972 1.28863 2.50430 0.95426 -0.16503 0.24929 0.25773 0.50086 1 0 1.0
cl_red
0 3.04106 1.76660 2.05000 0.95274 -0.15053 0.26387 0.35332 0.41000 1 0 1.0
0 2.83972 1.28863 2.50430 0.95274 -0.15053 0.26387 0.25773 0.50086 1 0 1.0
0 2.96442 1.28155 2.05000 0.95274 -0.15053 0.26387 0.25631 0.41000 1 0 1.0
cl_red
0 2.91483 1.75333 2.52438 0.70912 -0.14445 0.69014 0.35067 0.50488 1 0 1.0
0 2.56804 1.71688 2.87308 0.70912 -0.14445 0.69014 0.34338 0.57462 1 0 1.0
0 2.59556 1.26297 2.74980 0.70912 -0.14445 0.69014 0.25259 0.54996 1 0 1.0
cl_red
0 2.91483 1.75333 2.52438 0.70912 -0.14445 0.69014 0.35067 0.50488 1 0 1.0
0 2.59556 1.26297 2.74980 0.70912 -0.14445 0.69014 0.25259 0.54996 1 0 1.0
0 2.83972 1.28863 2.50430 0.70912 -0.14445 0.69014 0.25773 0.50086 1 0 1.0
cl_red
0 2.59556 1.26297 2.74980 0.63454 -0.51384 0.57735 0.25259 0.54996 1 0 1.0
0 2.62122 1.01882 2.50430 0.63454 -0.51384 0.57735 0.20376 0.50086 1 0 1.0
0 2.83972 1.28863 2.50430 0.63454 -0.51384 0.57735 0.25773 0.50086 1 0 1.0
cl_red
0 1.98128 2.76127 0.60000 0.23637 0.27551 -0.93179 0.39626 0.55225 1 0 1.0
0 1.93169 3.23305 0.72692 0.23637 0.27551 -0.93179 0.38634 0.64661 1 0 1.0
0 2.38560 3.26057 0.85020 0.23637 0.27551 -0.93179 0.47712 0.65211 1 0 1.0
cl_red
0 1.98128 2.76127 0.60000 0.22035 0.28849 -0.93179 0.39626 0.55225 1 0 1.0
0 2.38560 3.26057 0.85020 0.22035 0.28849 -0.93179 0.47712 0.65211 1 0 1.0
0 2.45306 2.81086 0.72692 0.22035 0.28849 -0.93179 0.49061 0.56217 1 0 1.0
cl_red
0 1.93169 3.23305 0.72692 0.14445 0.70912 -0.69013 0.38634 0.14538 1 0 1.0
0 1.89524 3.57984 1.07562 0.14445 0.70912 -0.69013 0.37905 0.21512 1 0 1.0
0 2.35994 3.50472 1.09570 0.14445 0.70912 -0.69013 0.47199 0.21914 1 0 1.0
cl_red
0 1.93169 3.23305 0.72692 0.14445 0.70912 -0.69014 0.38634 0.14538 1 0 1.0
0 2.35994 3.50472 1.09570 0.14445 0.70912 -0.69014 0.47199 0.21914 1 0 1.0
0 2.38560 3.26057 0.85020 0.14445 0.70912 -0.69014 0.47712 0.17004 1 0 1.0
cl_red
0 1.88198 3.70607 1.55000 0.15053 0.95274 -0.26387 0.37640 0.31000 1 0 1.0
0 2.36702 3.62943 1.55000 0.15053 0.95274 -0.26387 0.47340 0.31000 1 0 1.0
0 2.35994 3.50472 1.09570 0.15053 0.95274 -0.26387 0.47199 0.21914 1 0 1.0
cl_red
0 1.88198 3.70607 1.55000 0.16503 0.95426 -0.24929 0.37640 0.31000 1 0 1.0
0 2.35994 3.50472 1.09570 0.16503 0.95426 -0.24929 0.47199 0.21914 1 0 1.0
0 1.89524 3.57984 1.07562 0.16503 0.95426 -0.24929 0.37905 0.21512 1 0 1.0
cl_red
0 2.36702 3.62943 1.55000 0.61422 0.75849 -0.21778 0.47340 0.31000 1 0 1.0
0 2.75027 3.31908 1.55000 0.61422 0.75849 -0.21778 0.55005 0.31000 1 0 1.0
0 2.62976 3.28623 1.09570 0.61422 0.75849 -0.21778 0.52595 0.21914 1 0 1.0
cl_red
0 2.36702 3.62943 1.55000 0.61422 0.75849 -0.21778 0.47340 0.31000 1 0 1.0
0 2.62976 3.28623 1.09570 0.61422 0.75849 -0.21778 0.52595 0.21914 1 0 1.0
0 2.35994 3.50472 1.09570 0.61422 0.75849 -0.21778 0.47199 0.21914 1 0 1.0
cl_red
0 2.92607 2.86057 1.55000 0.89910 0.35983 -0.24929 0.57211 0.31000 1 0 1.0
0 2.79985 2.84731 1.07562 0.89910 0.35983 -0.24929 0.56946 0.21512 1 0 1.0
0 2.62976 3.28623 1.09570 0.89910 0.35983 -0.24929 0.65725 0.21914 1 0 1.0
cl_red
0 2.92607 2.86057 1.55000 0.90062 0.34533 -0.26387 0.57211 0.31000 1 0 1.0
0 2.62976 3.28623 1.09570 0.90062 0.34533 -0.26387 0.65725 0.21914 1 0 1.0
0 2.75027 3.31908 1.55000 0.90062 0.34533 -0.26387 0.66382 0.31000 1 0 1.0
cl_red
0 2.79985 2.84731 1.07562 0.66359 0.28872 -0.69013 0.55997 0.56946 1 0 1.0
0 2.45306 2.81086 0.72692 0.66359 0.28872 -0.69013 0.49061 0.56217 1 0 1.0
0 2.38560 3.26057 0.85020 0.66359 0.28872 -0.69013 0.47712 0.65211 1 0 1.0
cl_red
0 2.79985 2.84731 1.07562 0.66359 0.28872 -0.69013 0.55997 0.56946 1 0 1.0
0 2.38560 3.26057 0.85020 0.66359 0.28872 -0.69013 0.47712 0.65211 1 0 1.0
0 2.62976 3.28623 1.09570 0.66359 0.28872 -0.69013 0.52595 0.65725 1 0 1.0
cl_red
0 2.38560 3.26057 0.85020 0.51384 0.63454 -0.57735 0.47712 0.17004 1 0 1.0
0 2.35994 3.50472 1.09570 0.51384 0.63454 -0.57735 0.47199 0.21914 1 0 1.0
0 2.62976 3.28623 1.09570 0.51384 0.63454 -0.57735 0.52595 0.21914 1 0 1.0
cl_red
0 1.98128 2.76127 3.00000 0.22035 0.28849 0.93179 0.39626 0.55225 1 0 1.0
0 2.45306 2.81086 2.87308 0.22035 0.28849 0.93179 0.49061 0.56217 1 0 1.0
0 2.38560 3.26057 2.74980 0.22035 0.28849 0.93179 0.47712 0.65211 1 0 1.0
cl_red
0 1.98128 2.76127 3.00000 0.23637 0.27551 0.93179 0.39626 0.55225 1 0 1.0
0 2.38560 3.26057 2.74980 0.23637 0.27551 0.93179 0.47712 0.65211 1 0 1.0
0 1.93169 3.23305 2.87308 0.23637 0.27551 0.93179 0.38634 0.64661 1 0 1.0
cl_red
0 2.45306 2.81086 2.87308 0.66359 0.28872 0.69014 0.49061 0.56217 1 0 1.0
0 2.79985 2.84731 2.52438 0.66359 0.28872 0.69014 0.55997 0.56946 1 0 1.0
0 2.62976 3.28623 2.50430 0.66359 0.28872 0.69014 0.52595 0.65725 1 0 1.0
cl_red
0 2.45306 2.81086 2.87308 0.66359 0.28872 0.69013 0.49061 0.56217 1 0 1.0
0 2.62976 3.28623 2.50430 0.66359 0.28872 0.69013 0.52595 0.65725 1 0 1.0
0 2.38560 3.26057 2.74980 0.66359 0.28872 0.69013 0.47712 0.65211 1 0 1.0
cl_red
0 2.92607 2.86057 2.05000 0.90062 0.34533 0.26387 0.57211 0.41000 1 0 1.0
0 2.75027 3.31908 2.05000 0.90062 0.34533 0.26387 0.66382 0.41000 1 0 1.0
0 2.62976 3.28623 2.50430 0.90062 0.34533 0.26387 0.65725 0.50086 1 0 1.0
cl_red
0 2.92607 2.86057 2.05000 0.89910 0.35983 0.24929 0.57211 0.41000 1 0 1.0
0 2.62976 3.28623 2.50430 0.89910 0.35983 0.24929 0.65725 0.50086 1 0 1.0
0 2.79985 2.84731 2.52438 0.89910 0.35983 0.24929 0.56946 0.50488 1 0 1.0
cl_red
0 2.75027 3.31908 2.05000 0.61422 0.75849 0.21778 0.55005 0.41000 1 0 1.0
0 2.36702 3.62943 2.05000 0.61422 0.75849 0.21778 0.47340 0.41000 1 0 1.0
0 2.35994 3.50472 2.50430 0.61422 0.75849 0.21778 0.47199 0.50086 1 0 1.0
cl_red
0 2.75027 3.31908 2.05000 0.61422 0.75849 0.21778 0.55005 0.41000 1 0 1.0
0 2.35994 3.50472 2.50430 0.61422 0.75849 0.21778 0.47199 0.50086 1 0 1.0
0 2.62976 3.28623 2.50430 0.61422 0.75849 0.21778 0.52595 0.50086 1 0 1.0
cl_red
0 1.88198 3.70607 2.05000 0.16503 0.95426 0.24929 0.37640 0.41000 1 0 1.0
0 1.89524 3.57984 2.52438 0.16503 0.95426 0.24929 0.37905 0.50488 1 0 1.0
0 2.35994 3.50472 2.50430 0.16503 0.95426 0.24929 0.47199 0.50086 1 0 1.0
cl_red
0 1.88198 3.70607 2.05000 0.15053 0.95274 0.26387 0.37640 0.41000 1 0 1.0
0 2.35994 3.50472 2.50430 0.15053 0.95274 0.26387 0.47199 0.50086 1 0 1.0
0 2.36702 3.62943 2.05000 0.15053 0.95274 0.26387 0.47340 0.41000 1 0 1.0
cl_red
0 1.89524 3.57984 2.52438 0.14445 0.70912 0.69014 0.37905 0.50488 1 0 1.0
0 1.93169 3.23305 2.87308 0.14445 0.70912 0.69014 0.38634 0.57462 1 0 1.0
0 2.38560 3.26057 2.74980 0.14445 0.70912 0.69014 0.47712 0.54996 1 0 1.0
cl_red
0 1.89524 3.57984 2.52438 0.14445 0.70912 0.69014 0.37905 0.50488 1 0 1.0
0 2.38560 3.26057 2.74980 0.14445 0.70912 0.69014 0.47712 0.54996 1 0 1.0
0 2.35994 3.50472 2.50430 0.14445 0.70912 0.69014 0.47199 0.50086 1 0 1.0
cl_red
0 2.38560 3.26057 2.74980 0.51384 0.63454 0.57735 0.47712 0.54996 1 0 1.0
0 2.62976 3.28623 2.50430 0.51384 0.63454 0.57735 0.52595 0.50086 1 0 1.0
0 2.35994 3.50472 2.50430 0.51384 0.63454 0.57735 0.47199 0.50086 1 0 1.0
cl_red
0 -3.28969 2.20727 0.60000 -0.25704 -0.02702 -0.96602 -0.65794 0.44145 1 0 1.0
0 -3.17471 1.11330 0.60000 -0.25704 -0.02702 -0.96602 -0.63494 0.22266 1 0 1.0
0 -3.64648 1.06371 0.72692 -0.25704 -0.02702 -0.96602 -0.72930 0.21274 1 0 1.0
cl_red
0 -3.28969 2.20727 0.60000 -0.25704 -0.02702 -0.96602 -0.65794 0.44145 1 0 1.0
0 -3.64648 1.06371 0.72692 -0.25704 -0.02702 -0.96602 -0.72930 0.21274 1 0 1.0
0 -3.76147 2.15768 0.72692 -0.25704 -0.02702 -0.96602 -0.75229 0.43154 1 0 1.0
cl_red
0 -3.76147 2.15768 0.72692 -0.70323 -0.07391 -0.70711 -0.75229 0.43154 1 0 1.0
0 -3.64648 1.06371 0.72692 -0.70323 -0.07391 -0.70711 -0.72930 0.21274 1 0 1.0
0 -3.99328 1.02726 1.07562 -0.70323 -0.07391 -0.70711 -0.79866 0.20545 1 0 1.0
cl_red
0 -3.76147 2.15768 0.72692 -0.70323 -0.07391 -0.70711 -0.75229 0.43154 1 0 1.0
0 -3.99328 1.02726 1.07562 -0.70323 -0.07391 -0.70711 -0.79866 0.20545 1 0 1.0
0 -4.10826 2.12123 1.07562 -0.70323 -0.07391 -0.70711 -0.82165 0.42425 1 0 1.0
cl_red
0 -4.10826 2.12123 1.07562 -0.96073 -0.10098 -0.25845 0.42425 0.21512 1 0 1.0
0 -3.99328 1.02726 1.07562 -0.96073 -0.10098 -0.25845 0.20545 0.21512 1 0 1.0
0 -4.11950 1.01399 1.55000 -0.96073 -0.10098 -0.25845 0.20280 0.31000 1 0 1.0
cl_red
0 -4.10826 2.12123 1.07562 -0.96073 -0.10098 -0.25845 0.42425 0.21512 1 0 1.0
0 -4.11950 1.01399 1.55000 -0.96073 -0.10098 -0.25845 0.20280 0.31000 1 0 1.0
0 -4.23448 2.10797 1.55000 -0.96073 -0.10098 -0.25845 0.42159 0.31000 1 0 1.0
cl_red
0 -3.07540 0.16850 1.55000 -0.15606 -0.98775 0.00000 -0.61508 0.31000 1 0 1.0
0 -3.07540 0.16850 2.05000 -0.15606 -0.98775 0.00000 -0.61508 0.41000 1 0 1.0
0 -3.56045 0.24513 2.05000 -0.15606 -0.98775 0.00000 -0.71209 0.41000 1 0 1.0
cl_red
0 -3.07540 0.16850 1.55000 -0.15606 -0.98775 0.00000 -0.61508 0.31000 1 0 1.0
0 -3.56045 0.24513 2.05000 -0.15606 -0.98775 0.00000 -0.71209 0.41000 1 0 1.0
0 -3.56045 0.24513 1.55000 -0.15606 -0.98775 0.00000 -0.71209 0.31000 1 0 1.0
cl_red
0 -3.56045 0.24513 1.55000 -0.62932 -0.77715 0.00000 -0.71209 0.31000 1 0 1.0
0 -3.56045 0.24513 2.05000 -0.62932 -0.77715 0.00000 -0.71209 0.41000 1 0 1.0
0 -3.94369 0.55548 2.05000 -0.62932 -0.77715 0.00000 -0.78874 0.41000 1 0 1.0
cl_red
0 -3.56045 0.24513 1.55000 -0.62932 -0.77715 0.00000 -0.71209 0.31000 1 0 1.0
0 -3.94369 0.55548 2.05000 -0.62932 -0.77715 0.00000 -0.78874 0.41000 1 0 1.0
0 -3.94369 0.55548 1.55000 -0.62932 -0.77715 0.00000 -0.78874 0.31000 1 0 1.0
cl_red
0 -3.94369 0.55548 1.55000 -0.93372 -0.35802 0.00000 0.11110 0.31000 1 0 1.0
0 -3.94369 0.55548 2.05000 -0.93372 -0.35802 0.00000 0.11110 0.41000 1 0 1.0
0 -4.11950 1.01399 2.05000 -0.93372 -0.35802 0.00000 0.20280 0.41000 1 0 1.0
cl_red
0 -3.94369 0.55548 1.55000 -0.93372 -0.35802 0.00000 0.11110 0.31000 1 0 1.0
0 -4.11950 1.01399 2.05000 -0.93372 -0.35802 0.00000 0.20280 0.41000 1 0 1.0
0 -4.11950 1.01399 1.55000 -0.93372 -0.35802 0.00000 0.20280 0.31000 1 0 1.0
cl_red
0 -3.17471 1.11330 3.00000 -0.25704 -0.02702 0.96602 -0.63494 0.22266 1 0 1.0
0 -3.28969 2.20727 3.00000 -0.25704 -0.02702 0.96602 -0.65794 0.44145 1 0 1.0
0 -3.76147 2.15768 2.87308 -0.25704 -0.02702 0.96602 -0.75229 0.43154 1 0 1.0
cl_red
0 -3.17471 1.11330 3.00000 -0.25704 -0.02702 0.96602 -0.63494 0.22266 1 0 1.0
0 -3.76147 2.15768 2.87308 -0.25704 -0.02702 0.96602 -0.75229 0.43154 1 0 1.0
0 -3.64648 1.06371 2.87308 -0.25704 -0.02702 0.96602 -0.72930 0.21274 1 0 1.0
cl_red
0 -3.64648 1.06371 2.87308 -0.70323 -0.07391 0.70711 -0.72930 0.21274 1 0 1.0
0 -3.76147 2.15768 2.87308 -0.70323 -0.07391 0.70711 -0.75229 0.43154 1 0 1.0
0 -4.10826 2.12123 2.52438 -0.70323 -0.07391 0.70711 -0.82165 0.42425 1 0 1.0
cl_red
0 -3.64648 1.06371 2.87308 -0.70323 -0.07391 0.70711 -0.72930 0.21274 1 0 1.0
0 -4.10826 2.12123 2.52438 -0.70323 -0.07391 0.70711 -0.82165 0.42425 1 0 1.0
0 -3.99328 1.02726 2.52438 -0.70323 -0.07391 0.70711 -0.79866 0.20545 1 0 1.0
cl_red
0 -3.99328 1.02726 2.52438 -0.96073 -0.10098 0.25845 0.20545 0.50488 1 0 1.0
0 -4.10826 2.12123 2.52438 -0.96073 -0.10098 0.25845 0.42425 0.50488 1 0 1.0
0 -4.23448 2.10797 2.05000 -0.96073 -0.10098 0.25845 0.42159 0.41000 1 0 1.0
cl_red
0 -3.99328 1.02726 2.52438 -0.96073 -0.10098 0.25845 0.20545 0.50488 1 0 1.0
0 -4.23448 2.10797 2.05000 -0.96073 -0.10098 0.25845 0.42159 0.41000 1 0 1.0
0 -4.11950 1.01399 2.05000 -0.96073 -0.10098 0.25845 0.20280 0.41000 1 0 1.0
cl_red
0 -3.38899 3.15207 2.05000 -0.35801 0.93372 0.00000 -0.67780 0.41000 1 0 1.0
0 -3.38899 3.15207 1.55000 -0.35801 0.93372 0.00000 -0.67780 0.31000 1 0 1.0
0 -3.84750 2.97626 1.55000 -0.35801 0.93372 0.00000 -0.76950 0.31000 1 0 1.0
cl_red
0 -3.38899 3.15207 2.05000 -0.35801 0.93372 0.00000 -0.67780 0.41000 1 0 1.0
0 -3.84750 2.97626 1.55000 -0.35801 0.93372 0.00000 -0.76950 0.31000 1 0 1.0
0 -3.84750 2.97626 2.05000 -0.35801 0.93372 0.00000 -0.76950 0.41000 1 0 1.0
cl_red
0 -3.84750 2.97626 2.05000 -0.77715 0.62932 0.00000 0.59525 0.41000 1 0 1.0
0 -3.84750 2.97626 1.55000 -0.77715 0.62932 0.00000 0.59525 0.31000 1 0 1.0
0 -4.15785 2.59301 1.55000 -0.77715 0.62932 0.00000 0.51860 0.31000 1 0 1.0
cl_red
0 -3.84750 2.97626 2.05000 -0.77715 0.62932 0.00000 0.59525 0.41000 1 0 1.0
0 -4.15785 2.59301 1.55000 -0.77715 0.62932 0.00000 0.51860 0.31000 1 0 1.0
0 -4.15785 2.59301 2.05000 -0.77715 0.62932 0.00000 0.51860 0.41000 1 0 1.0
cl_red
0 -4.15785 2.59301 2.05000 -0.98775 0.15606 0.00000 0.51860 0.41000 1 0 1.0
0 -4.15785 2.59301 1.55000 -0.98775 0.15606 0.00000 0.51860 0.31000 1 0 1.0
0 -4.23448 2.10797 1.55000 -0.98775 0.15606 0.00000 0.42159 0.31000 1 0 1.0
cl_red
0 -4.15785 2.59301 2.05000 -0.98775 0.15606 0.00000 0.51860 0.41000 1 0 1.0
0 -4.23448 2.10797 1.55000 -0.98775 0.15606 0.00000 0.42159 0.31000 1 0 1.0
0 -4.23448 2.10797 2.05000 -0.98775 0.15606 0.00000 0.42159 0.41000 1 0 1.0
cl_red
0 1.98128 2.76127 0.60000 -0.02702 0.25704 -0.96602 0.39626 0.55225 1 0 1.0
0 -3.28969 2.20727 0.60000 -0.02702 0.25704 -0.96602 -0.65794 0.44145 1 0 1.0
0 -3.33927 2.67905 0.72692 -0.02702 0.25704 -0.96602 -0.66785 0.53581 1 0 1.0
cl_red
0 1.98128 2.76127 0.60000 -0.02702 0.25704 -0.96602 0.39626 0.55225 1 0 1.0
0 -3.33927 2.67905 0.72692 -0.02702 0.25704 -0.96602 -0.66785 0.53581 1 0 1.0
0 1.93169 3.23305 0.72692 -0.02702 0.25704 -0.96602 0.38634 0.64661 1 0 1.0
cl_red
0 1.93169 3.23305 0.72692 -0.07391 0.70323 -0.70711 0.38634 0.64661 1 0 1.0
0 -3.33927 2.67905 0.72692 -0.07391 0.70323 -0.70711 -0.66785 0.53581 1 0 1.0
0 -3.37572 3.02584 1.07562 -0.07391 0.70323 -0.70711 -0.67514 0.60517 1 0 1.0
cl_red
0 1.93169 3.23305 0.72692 -0.07391 0.70323 -0.70711 0.38634 0.64661 1 0 1.0
0 -3.37572 3.02584 1.07562 -0.07391 0.70323 -0.70711 -0.67514 0.60517 1 0 1.0
0 1.89524 3.57984 1.07562 -0.07391 0.70323 -0.70711 0.37905 0.71597 1 0 1.0
cl_red
0 1.89524 3.57984 1.07562 -0.10098 0.96073 -0.25845 0.37905 0.21512 1 0 1.0
0 -3.37572 3.02584 1.07562 -0.10098 0.96073 -0.25845 -0.67514 0.21512 1 0 1.0
0 -3.38899 3.15207 1.55000 -0.10098 0.96073 -0.25845 -0.67780 0.31000 1 0 1.0
cl_red
0 1.89524 3.57984 1.07562 -0.10098 0.96073 -0.25845 0.37905 0.21512 1 0 1.0
0 -3.38899 3.15207 1.55000 -0.10098 0.96073 -0.25845 -0.67780 0.31000 1 0 1.0
0 1.88198 3.70607 1.55000 -0.10098 0.96073 -0.25845 0.37640 0.31000 1 0 1.0
cl_red
0 -3.28969 2.20727 3.00000 -0.02702 0.25704 0.96602 -0.65794 0.44145 1 0 1.0
0 1.98128 2.76127 3.00000 -0.02702 0.25704 0.96602 0.39626 0.55225 1 0 1.0
0 1.93169 3.23305 2.87308 -0.02702 0.25704 0.96602 0.38634 0.64661 1 0 1.0
cl_red
0 -3.28969 2.20727 3.00000 -0.02702 0.25704 0.96602 -0.65794 0.44145 1 0 1.0
0 1.93169 3.23305 2.87308 -0.02702 0.25704 0.96602 0.38634 0.64661 1 0 1.0
0 -3.33927 2.67905 2.87308 -0.02702 0.25704 0.96602 -0.66785 0.53581 1 0 1.0
cl_red
0 -3.33927 2.67905 2.87308 -0.07391 0.70323 0.70711 -0.66785 0.53581 1 0 1.0
0 1.93169 3.23305 2.87308 -0.07391 0.70323 0.70711 0.38634 0.64661 1 0 1.0
0 1.89524 3.57984 2.52438 -0.07391 0.70323 0.70711 0.37905 0.71597 1 0 1.0
cl_red
0 -3.33927 2.67905 2.87308 -0.07391 0.70323 0.70711 -0.66785 0.53581 1 0 1.0
0 1.89524 3.57984 2.52438 -0.07391 0.70323 0.70711 0.37905 0.71597 1 0 1.0
0 -3.37572 3.02584 2.52438 -0.07391 0.70323 0.70711 -0.67514 0.60517 1 0 1.0
cl_red
0 -3.37572 3.02584 2.52438 -0.10098 0.96073 0.25845 -0.67514 0.50488 1 0 1.0
0 1.89524 3.57984 2.52438 -0.10098 0.96073 0.25845 0.37905 0.50488 1 0 1.0
0 1.88198 3.70607 2.05000 -0.10098 0.96073 0.25845 0.37640 0.41000 1 0 1.0
cl_red
0 -3.37572 3.02584 2.52438 -0.10098 0.96073 0.25845 -0.67514 0.50488 1 0 1.0
0 1.88198 3.70607 2.05000 -0.10098 0.96073 0.25845 0.37640 0.41000 1 0 1.0
0 -3.38899 3.15207 2.05000 -0.10098 0.96073 0.25845 -0.67780 0.41000 1 0 1.0
cl_red
0 2.92607 2.86057 2.05000 0.93372 0.35801 0.00000 0.57211 0.41000 1 0 1.0
0 2.92607 2.86057 1.55000 0.93372 0.35801 0.00000 0.57211 0.31000 1 0 1.0
0 2.75027 3.31908 1.55000 0.93372 0.35801 0.00000 0.66382 0.31000 1 0 1.0
cl_red
0 2.92607 2.86057 2.05000 0.93372 0.35801 0.00000 0.57211 0.41000 1 0 1.0
0 2.75027 3.31908 1.55000 0.93372 0.35801 0.00000 0.66382 0.31000 1 0 1.0
0 2.75027 3.31908 2.05000 0.93372 0.35801 0.00000 0.66382 0.41000 1 0 1.0
cl_red
0 2.75027 3.31908 2.05000 0.62932 0.77715 0.00000 0.55005 0.41000 1 0 1.0
0 2.75027 3.31908 1.55000 0.62932 0.77715 0.00000 0.55005 0.31000 1 0 1.0
0 2.36702 3.62943 1.55000 0.62932 0.77715 0.00000 0.47340 0.31000 1 0 1.0
cl_red
0 2.75027 3.31908 2.05000 0.62932 0.77715 0.00000 0.55005 0.41000 1 0 1.0
0 2.36702 3.62943 1.55000 0.62932 0.77715 0.00000 0.47340 0.31000 1 0 1.0
0 2.36702 3.62943 2.05000 0.62932 0.77715 0.00000 0.47340 0.41000 1 0 1.0
cl_red
0 2.36702 3.62943 2.05000 0.15606 0.98775 0.00000 0.47340 0.41000 1 0 1.0
0 2.36702 3.62943 1.55000 0.15606 0.98775 0.00000 0.47340 0.31000 1 0 1.0
0 1.88198 3.70607 1.55000 0.15606 0.98775 0.00000 0.37640 0.31000 1 0 1.0
cl_red
0 2.36702 3.62943 2.05000 0.15606 0.98775 0.00000 0.47340 0.41000 1 0 1.0
0 1.88198 3.70607 1.55000 0.15606 0.98775 0.00000 0.37640 0.31000 1 0 1.0
0 1.88198 3.70607 2.05000 0.15606 0.98775 0.00000 0.37640 0.41000 1 0 1.0
cl_red
0 2.09626 1.66730 0.60000 0.25704 0.02702 -0.96602 0.41925 0.33346 1 0 1.0
0 1.98128 2.76127 0.60000 0.25704 0.02702 -0.96602 0.39626 0.55225 1 0 1.0
0 2.45306 2.81086 0.72692 0.25704 0.02702 -0.96602 0.49061 0.56217 1 0 1.0
cl_red
0 2.09626 1.66730 0.60000 0.25704 0.02702 -0.96602 0.41925 0.33346 1 0 1.0
0 2.45306 2.81086 0.72692 0.25704 0.02702 -0.96602 0.49061 0.56217 1 0 1.0
0 2.56804 1.71688 0.72692 0.25704 0.02702 -0.96602 0.51361 0.34338 1 0 1.0
cl_red
0 2.56804 1.71688 0.72692 0.70323 0.07391 -0.70711 0.51361 0.34338 1 0 1.0
0 2.45306 2.81086 0.72692 0.70323 0.07391 -0.70711 0.49061 0.56217 1 0 1.0
0 2.79985 2.84731 1.07562 0.70323 0.07391 -0.70711 0.55997 0.56946 1 0 1.0
cl_red
0 2.56804 1.71688 0.72692 0.70323 0.07391 -0.70711 0.51361 0.34338 1 0 1.0
0 2.79985 2.84731 1.07562 0.70323 0.07391 -0.70711 0.55997 0.56946 1 0 1.0
0 2.91483 1.75333 1.07562 0.70323 0.07391 -0.70711 0.58297 0.35067 1 0 1.0
cl_red
0 2.91483 1.75333 1.07562 0.96073 0.10098 -0.25845 0.35067 0.21512 1 0 1.0
0 2.79985 2.84731 1.07562 0.96073 0.10098 -0.25845 0.56946 0.21512 1 0 1.0
0 2.92607 2.86057 1.55000 0.96073 0.10098 -0.25845 0.57211 0.31000 1 0 1.0
cl_red
0 2.91483 1.75333 1.07562 0.96073 0.10098 -0.25845 0.35067 0.21512 1 0 1.0
0 2.92607 2.86057 1.55000 0.96073 0.10098 -0.25845 0.57211 0.31000 1 0 1.0
0 3.04106 1.76660 1.55000 0.96073 0.10098 -0.25845 0.35332 0.31000 1 0 1.0
cl_red
0 1.98128 2.76127 3.00000 0.25704 0.02702 0.96602 0.39626 0.55225 1 0 1.0
0 2.09626 1.66730 3.00000 0.25704 0.02702 0.96602 0.41925 0.33346 1 0 1.0
0 2.56804 1.71688 2.87308 0.25704 0.02702 0.96602 0.51361 0.34338 1 0 1.0
cl_red
0 1.98128 2.76127 3.00000 0.25704 0.02702 0.96602 0.39626 0.55225 1 0 1.0
0 2.56804 1.71688 2.87308 0.25704 0.02702 0.96602 0.51361 0.34338 1 0 1.0
0 2.45306 2.81086 2.87308 0.25704 0.02702 0.96602 0.49061 0.56217 1 0 1.0
cl_red
0 2.45306 2.81086 2.87308 0.70323 0.07391 0.70711 0.49061 0.56217 1 0 1.0
0 2.56804 1.71688 2.87308 0.70323 0.07391 0.70711 0.51361 0.34338 1 0 1.0
0 2.91483 1.75333 2.52438 0.70323 0.07391 0.70711 0.58297 0.35067 1 0 1.0
cl_red
0 2.45306 2.81086 2.87308 0.70323 0.07391 0.70711 0.49061 0.56217 1 0 1.0
0 2.91483 1.75333 2.52438 0.70323 0.07391 0.70711 0.58297 0.35067 1 0 1.0
0 2.79985 2.84731 2.52438 0.70323 0.07391 0.70711 0.55997 0.56946 1 0 1.0
cl_red
0 2.79985 2.84731 2.52438 0.96073 0.10098 0.25845 0.56946 0.50488 1 0 1.0
0 2.91483 1.75333 2.52438 0.96073 0.10098 0.25845 0.35067 0.50488 1 0 1.0
0 3.04106 1.76660 2.05000 0.96073 0.10098 0.25845 0.35332 0.41000 1 0 1.0
cl_red
0 2.79985 2.84731 2.52438 0.96073 0.10098 0.25845 0.56946 0.50488 1 0 1.0
0 3.04106 1.76660 2.05000 0.96073 0.10098 0.25845 0.35332 0.41000 1 0 1.0
0 2.92607 2.86057 2.05000 0.96073 0.10098 0.25845 0.57211 0.41000 1 0 1.0
cl_red
0 2.19556 0.72250 2.05000 0.35801 -0.93372 0.00000 0.43911 0.41000 1 0 1.0
0 2.19556 0.72250 1.55000 0.35801 -0.93372 0.00000 0.43911 0.31000 1 0 1.0
0 2.65407 0.89831 1.55000 0.35801 -0.93372 0.00000 0.53081 0.31000 1 0 1.0
cl_red
0 2.19556 0.72250 2.05000 0.35801 -0.93372 0.00000 0.43911 0.41000 1 0 1.0
0 2.65407 0.89831 1.55000 0.35801 -0.93372 0.00000 0.53081 0.31000 1 0 1.0
0 2.65407 0.89831 2.05000 0.35801 -0.93372 0.00000 0.53081 0.41000 1 0 1.0
cl_red
0 2.65407 0.89831 2.05000 0.77715 -0.62932 0.00000 0.17966 0.41000 1 0 1.0
0 2.65407 0.89831 1.55000 0.77715 -0.62932 0.00000 0.17966 0.31000 1 0 1.0
0 2.96442 1.28155 1.55000 0.77715 -0.62932 0.00000 0.25631 0.31000 1 0 1.0
cl_red
0 2.65407 0.89831 2.05000 0.77715 -0.62932 0.00000 0.17966 0.41000 1 0 1.0
0 2.96442 1.28155 1.55000 0.77715 -0.62932 0.00000 0.25631 0.31000 1 0 1.0
0 2.96442 1.28155 2.05000 0.77715 -0.62932 0.00000 0.25631 0.41000 1 0 1.0
cl_red
0 2.96442 1.28155 2.05000 0.98775 -0.15606 0.00000 0.25631 0.41000 1 0 1.0
0 2.96442 1.28155 1.55000 0.98775 -0.15606 0.00000 0.25631 0.31000 1 0 1.0
0 3.04106 1.76660 1.55000 0.98775 -0.15606 0.00000 0.35332 0.31000 1 0 1.0
cl_red
0 2.96442 1.28155 2.05000 0.98775 -0.15606 0.00000 0.25631 0.41000 1 0 1.0
0 3.04106 1.76660 1.55000 0.98775 -0.15606 0.00000 0.35332 0.31000 1 0 1.0
0 3.04106 1.76660 2.05000 0.98775 -0.15606 0.00000 0.35332 0.41000 1 0 1.0
cl_red
0 -3.17471 1.11330 0.60000 0.02702 -0.25704 -0.96602 -0.63494 0.22266 1 0 1.0
0 2.09626 1.66730 0.60000 0.02702 -0.25704 -0.96602 0.41925 0.33346 1 0 1.0
0 2.14585 1.19552 0.72692 0.02702 -0.25704 -0.96602 0.42917 0.23910 1 0 1.0
cl_red
0 -3.17471 1.11330 0.60000 0.02702 -0.25704 -0.96602 -0.63494 0.22266 1 0 1.0
0 2.14585 1.19552 0.72692 0.02702 -0.25704 -0.96602 0.42917 0.23910 1 0 1.0
0 -3.12512 0.64152 0.72692 0.02702 -0.25704 -0.96602 -0.62502 0.12830 1 0 1.0
cl_red
0 -3.12512 0.64152 0.72692 0.07391 -0.70323 -0.70711 -0.62502 0.12830 1 0 1.0
0 2.14585 1.19552 0.72692 0.07391 -0.70323 -0.70711 0.42917 0.23910 1 0 1.0
0 2.18230 0.84872 1.07562 0.07391 -0.70323 -0.70711 0.43646 0.16974 1 0 1.0
cl_red
0 -3.12512 0.64152 0.72692 0.07391 -0.70323 -0.70711 -0.62502 0.12830 1 0 1.0
0 2.18230 0.84872 1.07562 0.07391 -0.70323 -0.70711 0.43646 0.16974 1 0 1.0
0 -3.08867 0.29472 1.07562 0.07391 -0.70323 -0.70711 -0.61773 0.05894 1 0 1.0
cl_red
0 -3.08867 0.29472 1.07562 0.10098 -0.96073 -0.25845 -0.61773 0.21512 1 0 1.0
0 2.18230 0.84872 1.07562 0.10098 -0.96073 -0.25845 0.43646 0.21512 1 0 1.0
0 2.19556 0.72250 1.55000 0.10098 -0.96073 -0.25845 0.43911 0.31000 1 0 1.0
cl_red
0 -3.08867 0.29472 1.07562 0.10098 -0.96073 -0.25845 -0.61773 0.21512 1 0 1.0
0 2.19556 0.72250 1.55000 0.10098 -0.96073 -0.25845 0.43911 0.31000 1 0 1.0
0 -3.07540 0.16850 1.55000 0.10098 -0.96073 -0.25845 -0.61508 0.31000 1 0 1.0
cl_red
0 2.09626 1.66730 3.00000 0.02702 -0.25704 0.96602 0.41925 0.33346 1 0 1.0
0 -3.17471 1.11330 3.00000 0.02702 -0.25704 0.96602 -0.63494 0.22266 1 0 1.0
0 -3.12512 0.64152 2.87308 0.02702 -0.25704 0.96602 -0.62502 0.12830 1 0 1.0
cl_red
0 2.09626 1.66730 3.00000 0.02702 -0.25704 0.96602 0.41925 0.33346 1 0 1.0
0 -3.12512 0.64152 2.87308 0.02702 -0.25704 0.96602 -0.62502 0.12830 1 0 1.0
0 2.14585 1.19552 2.87308 0.02702 -0.25704 0.96602 0.42917 0.23910 1 0 1.0
cl_red
0 2.14585 1.19552 2.87308 0.07391 -0.70323 0.70711 0.42917 0.23910 1 0 1.0
0 -3.12512 0.64152 2.87308 0.07391 -0.70323 0.70711 -0.62502 0.12830 1 0 1.0
0 -3.08867 0.29472 2.52438 0.07391 -0.70323 0.70711 -0.61773 0.05894 1 0 1.0
cl_red
0 2.14585 1.19552 2.87308 0.07391 -0.70323 0.70711 0.42917 0.23910 1 0 1.0
0 -3.08867 0.29472 2.52438 0.07391 -0.70323 0.70711 -0.61773 0.05894 1 0 1.0
0 2.18230 0.84872 2.52438 0.07391 -0.70323 0.70711 0.43646 0.16974 1 0 1.0
cl_red
0 2.18230 0.84872 2.52438 0.10098 -0.96073 0.25845 0.43646 0.50488 1 0 1.0
0 -3.08867 0.29472 2.52438 0.10098 -0.96073 0.25845 -0.61773 0.50488 1 0 1.0
0 -3.07540 0.16850 2.05000 0.10098 -0.96073 0.25845 -0.61508 0.41000 1 0 1.0
cl_red
0 2.18230 0.84872 2.52438 0.10098 -0.96073 0.25845 0.43646 0.50488 1 0 1.0
0 -3.07540 0.16850 2.05000 0.10098 -0.96073 0.25845 -0.61508 0.41000 1 0 1.0
0 2.19556 0.72250 2.05000 0.10098 -0.96073 0.25845 0.43911 0.41000 1 0 1.0
cl_red
0 -3.28969 2.20727 0.60000 0.00000 0.00000 -1.00000 -0.65794 0.44145 1 0 1.0
0 1.98128 2.76127 0.60000 0.00000 0.00000 -1.00000 0.39626 0.55225 1 0 1.0
0 2.09626 1.66730 0.60000 0.00000 0.00000 -1.00000 0.41925 0.33346 1 0 1.0
cl_red
0 -3.28969 2.20727 0.60000 0.00000 0.00000 -1.00000 -0.65794 0.44145 1 0 1.0
0 2.09626 1.66730 0.60000 0.00000 0.00000 -1.00000 0.41925 0.33346 1 0 1.0
0 -3.17471 1.11330 0.60000 0.00000 0.00000 -1.00000 -0.63494 0.22266 1 0 1.0
cl_red
0 -4.11950 1.01399 1.55000 -0.99452 -0.10453 0.00000 0.20280 0.31000 1 0 1.0
0 -4.11950 1.01399 2.05000 -0.99452 -0.10453 0.00000 0.20280 0.41000 1 0 1.0
0 -4.23448 2.10797 2.05000 -0.99452 -0.10453 0.00000 0.42159 0.41000 1 0 1.0
cl_red
0 -4.11950 1.01399 1.55000 -0.99452 -0.10453 0.00000 0.20280 0.31000 1 0 1.0
0 -4.23448 2.10797 2.05000 -0.99452 -0.10453 0.00000 0.42159 0.41000 1 0 1.0
0 -4.23448 2.10797 1.55000 -0.99452 -0.10453 0.00000 0.42159 0.31000 1 0 1.0
cl_red
0 2.19556 0.72250 1.55000 0.10453 -0.99452 0.00000 0.43911 0.31000 1 0 1.0
0 2.19556 0.72250 2.05000 0.10453 -0.99452 0.00000 0.43911 0.41000 1 0 1.0
0 -3.07540 0.16850 2.05000 0.10453 -0.99452 0.00000 -0.61508 0.41000 1 0 1.0
cl_red
0 2.19556 0.72250 1.55000 0.10453 -0.99452 0.00000 0.43911 0.31000 1 0 1.0
0 -3.07540 0.16850 2.05000 0.10453 -0.99452 0.00000 -0.61508 0.41000 1 0 1.0
0 -3.07540 0.16850 1.55000 0.10453 -0.99452 0.00000 -0.61508 0.31000 1 0 1.0
cl_red
0 1.98128 2.76127 3.00000 0.00000 0.00000 1.00000 0.39626 0.55225 1 0 1.0
0 -3.28969 2.20727 3.00000 0.00000 0.00000 1.00000 -0.65794 0.44145 1 0 1.0
0 -3.17471 1.11330 3.00000 0.00000 0.00000 1.00000 -0.63494 0.22266 1 0 1.0
cl_red
0 1.98128 2.76127 3.00000 0.00000 0.00000 1.00000 0.39626 0.55225 1 0 1.0
0 -3.17471 1.11330 3.00000 0.00000 0.00000 1.00000 -0.63494 0.22266 1 0 1.0
0 2.09626 1.66730 3.00000 0.00000 0.00000 1.00000 0.41925 0.33346 1 0 1.0
cl_red
0 -3.38899 3.15207 1.55000 -0.10453 0.99452 0.00000 -0.67780 0.31000 1 0 1.0
0 -3.38899 3.15207 2.05000 -0.10453 0.99452 0.00000 -0.67780 0.41000 1 0 1.0
0 1.88198 3.70607 2.05000 -0.10453 0.99452 0.00000 0.37640 0.41000 1 0 1.0
cl_red
0 -3.38899 3.15207 1.55000 -0.10453 0.99452 0.00000 -0.67780 0.31000 1 0 1.0
0 1.88198 3.70607 2.05000 -0.10453 0.99452 0.00000 0.37640 0.41000 1 0 1.0
0 1.88198 3.70607 1.55000 -0.10453 0.99452 0.00000 0.37640 0.31000 1 0 1.0
cl_red
0 2.92607 2.86057 1.55000 0.99452 0.10453 0.00000 0.57211 0.31000 1 0 1.0
0 2.92607 2.86057 2.05000 0.99452 0.10453 0.00000 0.57211 0.41000 1 0 1.0
0 3.04106 1.76660 2.05000 0.99452 0.10453 0.00000 0.35332 0.41000 1 0 1.0
cl_red
0 2.92607 2.86057 1.55000 0.99452 0.10453 0.00000 0.57211 0.31000 1 0 1.0
0 3.04106 1.76660 2.05000 0.99452 0.10453 0.00000 0.35332 0.41000 1 0 1.0
0 3.04106 1.76660 1.55000 0.99452 0.10453 0.00000 0.35332 0.31000 1 0 1.0
end
