version 1
nodes
0 "root" -1
end
skeleton
time 0
0 0 0 0 0 0 0
end
triangles
cl_black
0 0.11907 -0.41488 1.70000 0.80197 -0.37744 0.46302 -0.08298 0.34000 1 0 1.0
0 0.17000 0.00000 1.95000 0.80197 -0.37744 0.46302 0.00000 0.39000 1 0 1.0
0 0.11000 0.00000 2.05392 0.80197 -0.37744 0.46302 0.00000 0.41078 1 0 1.0
cl_black
0 0.11907 -0.41488 1.70000 0.82850 -0.35283 0.43485 -0.08298 0.34000 1 0 1.0
0 0.11000 0.00000 2.05392 0.82850 -0.35283 0.43485 0.00000 0.41078 1 0 1.0
0 0.05274 -0.46179 1.78832 0.82850 -0.35283 0.43485 -0.09236 0.35766 1 0 1.0
cl_black
0 0.05274 -0.46179 1.78832 0.00000 -0.49858 0.86685 0.01055 -0.09236 1 0 1.0
0 0.11000 0.00000 2.05392 0.00000 -0.49858 0.86685 0.02200 0.00000 1 0 1.0
0 -0.01000 0.00000 2.05392 0.00000 -0.49858 0.86685 -0.00200 0.00000 1 0 1.0
cl_black
0 0.05274 -0.46179 1.78832 -0.06300 -0.50401 0.86140 0.01055 -0.09236 1 0 1.0
0 -0.01000 0.00000 2.05392 -0.06300 -0.50401 0.86140 -0.00200 0.00000 1 0 1.0
0 -0.06633 -0.44691 1.78832 -0.06300 -0.50401 0.86140 -0.01327 -0.08938 1 0 1.0
cl_black
0 -0.06633 -0.44691 1.78832 -0.85111 -0.18476 0.49139 -0.08938 0.35766 1 0 1.0
0 -0.01000 0.00000 2.05392 -0.85111 -0.18476 0.49139 0.00000 0.41078 1 0 1.0
0 -0.07000 0.00000 1.95000 -0.85111 -0.18476 0.49139 0.00000 0.39000 1 0 1.0
cl_black
0 -0.06633 -0.44691 1.78832 -0.89272 -0.15977 0.42135 -0.08938 0.35766 1 0 1.0
0 -0.07000 0.00000 1.95000 -0.89272 -0.15977 0.42135 0.00000 0.39000 1 0 1.0
0 -0.11907 -0.38512 1.70000 -0.89272 -0.15977 0.42135 -0.07702 0.34000 1 0 1.0
cl_black
0 -0.11907 -0.38512 1.70000 -0.79416 0.39884 -0.45851 -0.07702 0.34000 1 0 1.0
0 -0.07000 0.00000 1.95000 -0.79416 0.39884 -0.45851 0.00000 0.39000 1 0 1.0
0 -0.01000 0.00000 1.84608 -0.79416 0.39884 -0.45851 0.00000 0.36922 1 0 1.0
cl_black
0 -0.11907 -0.38512 1.70000 -0.82381 0.38953 -0.41183 -0.07702 0.34000 1 0 1.0
0 -0.01000 0.00000 1.84608 -0.82381 0.38953 -0.41183 0.00000 0.36922 1 0 1.0
0 -0.05274 -0.33821 1.61168 -0.82381 0.38953 -0.41183 -0.06764 0.32234 1 0 1.0
cl_black
0 -0.05274 -0.33821 1.61168 0.00000 0.56962 -0.82191 -0.01055 -0.06764 1 0 1.0
0 -0.01000 0.00000 1.84608 0.00000 0.56962 -0.82191 -0.00200 0.00000 1 0 1.0
0 0.11000 0.00000 1.84608 0.00000 0.56962 -0.82191 0.02200 0.00000 1 0 1.0
cl_black
0 -0.05274 -0.33821 1.61168 0.06824 0.54590 -0.83506 -0.01055 -0.06764 1 0 1.0
0 0.11000 0.00000 1.84608 0.06824 0.54590 -0.83506 0.02200 0.00000 1 0 1.0
0 0.06633 -0.35309 1.61168 0.06824 0.54590 -0.83506 0.01327 -0.07062 1 0 1.0
cl_black
0 0.06633 -0.35309 1.61168 0.84494 0.21933 -0.48782 -0.07062 0.32234 1 0 1.0
0 0.11000 0.00000 1.84608 0.84494 0.21933 -0.48782 0.00000 0.36922 1 0 1.0
0 0.17000 0.00000 1.95000 0.84494 0.21933 -0.48782 0.00000 0.39000 1 0 1.0
cl_black
0 0.06633 -0.35309 1.61168 0.89133 0.14867 -0.42829 -0.07062 0.32234 1 0 1.0
0 0.17000 0.00000 1.95000 0.89133 0.14867 -0.42829 0.00000 0.39000 1 0 1.0
0 0.11907 -0.41488 1.70000 0.89133 0.14867 -0.42829 -0.08298 0.34000 1 0 1.0
cl_black
0 0.17000 0.00000 1.95000 0.82764 0.36071 0.43001 0.00000 0.39000 1 0 1.0
0 0.11907 0.41488 1.70000 0.82764 0.36071 0.43001 0.08298 0.34000 1 0 1.0
0 0.05274 0.46179 1.78832 0.82764 0.36071 0.43001 0.09236 0.35766 1 0 1.0
cl_black
0 0.17000 0.00000 1.95000 0.80548 0.36735 0.46504 0.00000 0.39000 1 0 1.0
0 0.05274 0.46179 1.78832 0.80548 0.36735 0.46504 0.09236 0.35766 1 0 1.0
0 0.11000 0.00000 2.05392 0.80548 0.36735 0.46504 0.00000 0.41078 1 0 1.0
cl_black
0 0.11000 0.00000 2.05392 -0.06149 0.49189 0.86848 0.02200 0.00000 1 0 1.0
0 0.05274 0.46179 1.78832 -0.06149 0.49189 0.86848 0.01055 0.09236 1 0 1.0
0 -0.06633 0.44691 1.78832 -0.06149 0.49189 0.86848 -0.01327 0.08938 1 0 1.0
cl_black
0 0.11000 0.00000 2.05392 0.00000 0.51090 0.85964 0.02200 0.00000 1 0 1.0
0 -0.06633 0.44691 1.78832 0.00000 0.51090 0.85964 -0.01327 0.08938 1 0 1.0
0 -0.01000 0.00000 2.05392 0.00000 0.51090 0.85964 -0.00200 0.00000 1 0 1.0
cl_black
0 -0.01000 0.00000 2.05392 -0.89070 0.14399 0.43118 0.00000 0.41078 1 0 1.0
0 -0.06633 0.44691 1.78832 -0.89070 0.14399 0.43118 0.08938 0.35766 1 0 1.0
0 -0.11907 0.38512 1.70000 -0.89070 0.14399 0.43118 0.07702 0.34000 1 0 1.0
cl_black
0 -0.01000 0.00000 2.05392 -0.84681 0.20947 0.48891 0.00000 0.41078 1 0 1.0
0 -0.11907 0.38512 1.70000 -0.84681 0.20947 0.48891 0.07702 0.34000 1 0 1.0
0 -0.07000 0.00000 1.95000 -0.84681 0.20947 0.48891 0.00000 0.39000 1 0 1.0
cl_black
0 -0.07000 0.00000 1.95000 -0.82553 -0.37752 -0.41950 0.00000 0.39000 1 0 1.0
0 -0.11907 0.38512 1.70000 -0.82553 -0.37752 -0.41950 0.07702 0.34000 1 0 1.0
0 -0.05274 0.33821 1.61168 -0.82553 -0.37752 -0.41950 0.06764 0.32234 1 0 1.0
cl_black
0 -0.07000 0.00000 1.95000 -0.78798 -0.41488 -0.45494 0.00000 0.39000 1 0 1.0
0 -0.05274 0.33821 1.61168 -0.78798 -0.41488 -0.45494 0.06764 0.32234 1 0 1.0
0 -0.01000 0.00000 1.84608 -0.78798 -0.41488 -0.45494 0.00000 0.36922 1 0 1.0
cl_black
0 -0.01000 0.00000 1.84608 0.07027 -0.56220 -0.82401 -0.00200 0.00000 1 0 1.0
0 -0.05274 0.33821 1.61168 0.07027 -0.56220 -0.82401 -0.01055 0.06764 1 0 1.0
0 0.06633 0.35309 1.61168 0.07027 -0.56220 -0.82401 0.01327 0.07062 1 0 1.0
cl_black
0 -0.01000 0.00000 1.84608 0.00000 -0.55306 -0.83314 -0.00200 0.00000 1 0 1.0
0 0.06633 0.35309 1.61168 0.00000 -0.55306 -0.83314 0.01327 0.07062 1 0 1.0
0 0.11000 0.00000 1.84608 0.00000 -0.55306 -0.83314 0.02200 0.00000 1 0 1.0
cl_black
0 0.11000 0.00000 1.84608 0.89347 -0.16641 -0.41715 0.00000 0.36922 1 0 1.0
0 0.06633 0.35309 1.61168 0.89347 -0.16641 -0.41715 0.07062 0.32234 1 0 1.0
0 0.11907 0.41488 1.70000 0.89347 -0.16641 -0.41715 0.08298 0.34000 1 0 1.0
cl_black
0 0.11000 0.00000 1.84608 0.85002 -0.19138 -0.49076 0.00000 0.36922 1 0 1.0
0 0.11907 0.41488 1.70000 0.85002 -0.19138 -0.49076 0.08298 0.34000 1 0 1.0
0 0.17000 0.00000 1.95000 0.85002 -0.19138 -0.49076 0.00000 0.39000 1 0 1.0
cl_black
0 -0.05274 -0.33821 1.61168 -0.10541 -0.84327 -0.52705 -0.01055 0.32234 1 0 1.0
0 0.06633 -0.35309 1.61168 -0.10541 -0.84327 -0.52705 0.01327 0.32234 1 0 1.0
0 0.11907 -0.41488 1.70000 -0.10541 -0.84327 -0.52705 0.02381 0.34000 1 0 1.0
cl_black
0 0.11907 -0.41488 1.70000 -0.10541 -0.84327 -0.52705 0.02381 0.34000 1 0 1.0
0 0.05274 -0.46179 1.78832 -0.10541 -0.84327 -0.52705 0.01055 0.35766 1 0 1.0
0 -0.06633 -0.44691 1.78832 -0.10541 -0.84327 -0.52705 -0.01327 0.35766 1 0 1.0
cl_black
0 -0.06633 -0.44691 1.78832 -0.10541 -0.84327 -0.52705 -0.01327 0.35766 1 0 1.0
0 -0.11907 -0.38512 1.70000 -0.10541 -0.84327 -0.52705 -0.02381 0.34000 1 0 1.0
0 -0.05274 -0.33821 1.61168 -0.10541 -0.84327 -0.52705 -0.01055 0.32234 1 0 1.0
cl_black
0 0.11907 -0.41488 1.70000 -0.10541 -0.84327 -0.52705 0.02381 0.34000 1 0 1.0
0 -0.06633 -0.44691 1.78832 -0.10541 -0.84327 -0.52705 -0.01327 0.35766 1 0 1.0
0 -0.05274 -0.33821 1.61168 -0.10541 -0.84327 -0.52705 -0.01055 0.32234 1 0 1.0
cl_black
0 0.05274 0.46179 1.78832 -0.10541 0.84327 -0.52705 0.01055 0.35766 1 0 1.0
0 0.11907 0.41488 1.70000 -0.10541 0.84327 -0.52705 0.02381 0.34000 1 0 1.0
0 0.06633 0.35309 1.61168 -0.10541 0.84327 -0.52705 0.01327 0.32234 1 0 1.0
cl_black
0 0.06633 0.35309 1.61168 -0.10541 0.84327 -0.52705 0.01327 0.32234 1 0 1.0
0 -0.05274 0.33821 1.61168 -0.10541 0.84327 -0.52705 -0.01055 0.32234 1 0 1.0
0 -0.11907 0.38512 1.70000 -0.10541 0.84327 -0.52705 -0.02381 0.34000 1 0 1.0
cl_black
0 -0.11907 0.38512 1.70000 -0.10541 0.84327 -0.52705 -0.02381 0.34000 1 0 1.0
0 -0.06633 0.44691 1.78832 -0.10541 0.84327 -0.52705 -0.01327 0.35766 1 0 1.0
0 0.05274 0.46179 1.78832 -0.10541 0.84327 -0.52705 0.01055 0.35766 1 0 1.0
cl_black
0 0.06633 0.35309 1.61168 -0.10541 0.84327 -0.52705 0.01327 0.32234 1 0 1.0
0 -0.11907 0.38512 1.70000 -0.10541 0.84327 -0.52705 -0.02381 0.34000 1 0 1.0
0 0.05274 0.46179 1.78832 -0.10541 0.84327 -0.52705 0.01055 0.35766 1 0 1.0
cl_black
0 0.00000 -0.16120 1.31827 0.49694 0.85997 0.11615 0.00000 0.26365 1 0 1.0
0 0.00000 -0.20907 1.67270 0.49694 0.85997 0.11615 0.00000 0.33454 1 0 1.0
0 0.12124 -0.27668 1.65458 0.49694 0.85997 0.11615 0.02425 0.33092 1 0 1.0
cl_black
0 0.00000 -0.16120 1.31827 0.50000 0.85842 0.11451 0.00000 0.26365 1 0 1.0
0 0.12124 -0.27668 1.65458 0.50000 0.85842 0.11451 0.02425 0.33092 1 0 1.0
0 0.12124 -0.23060 1.30914 0.50000 0.85842 0.11451 0.02425 0.26183 1 0 1.0
cl_black
0 0.12124 -0.23060 1.30914 1.00000 0.00000 0.00000 -0.04612 0.26183 1 0 1.0
0 0.12124 -0.27668 1.65458 1.00000 0.00000 0.00000 -0.05534 0.33092 1 0 1.0
0 0.12124 -0.41191 1.61835 1.00000 0.00000 0.00000 -0.08238 0.32367 1 0 1.0
cl_black
0 0.12124 -0.23060 1.30914 1.00000 0.00000 0.00000 -0.04612 0.26183 1 0 1.0
0 0.12124 -0.41191 1.61835 1.00000 0.00000 0.00000 -0.08238 0.32367 1 0 1.0
0 0.12124 -0.36940 1.29086 1.00000 0.00000 0.00000 -0.07388 0.25817 1 0 1.0
cl_black
0 0.12124 -0.36940 1.29086 0.49669 -0.86071 -0.11173 0.02425 0.25817 1 0 1.0
0 0.12124 -0.41191 1.61835 0.49669 -0.86071 -0.11173 0.02425 0.32367 1 0 1.0
0 0.00000 -0.47953 1.60023 0.49669 -0.86071 -0.11173 0.00000 0.32005 1 0 1.0
cl_black
0 0.12124 -0.36940 1.29086 0.50000 -0.85903 -0.10984 0.02425 0.25817 1 0 1.0
0 0.00000 -0.47953 1.60023 0.50000 -0.85903 -0.10984 0.00000 0.32005 1 0 1.0
0 0.00000 -0.43880 1.28173 0.50000 -0.85903 -0.10984 0.00000 0.25635 1 0 1.0
cl_black
0 0.00000 -0.43880 1.28173 -0.49660 -0.86097 -0.11008 0.00000 0.25635 1 0 1.0
0 0.00000 -0.47953 1.60023 -0.49660 -0.86097 -0.11008 0.00000 0.32005 1 0 1.0
0 -0.12124 -0.41191 1.61835 -0.49660 -0.86097 -0.11008 -0.02425 0.32367 1 0 1.0
cl_black
0 0.00000 -0.43880 1.28173 -0.50000 -0.85882 -0.11148 0.00000 0.25635 1 0 1.0
0 -0.12124 -0.41191 1.61835 -0.50000 -0.85882 -0.11148 -0.02425 0.32367 1 0 1.0
0 -0.12124 -0.36940 1.29086 -0.50000 -0.85882 -0.11148 -0.02425 0.25817 1 0 1.0
cl_black
0 -0.12124 -0.36940 1.29086 -1.00000 0.00000 0.00000 -0.07388 0.25817 1 0 1.0
0 -0.12124 -0.41191 1.61835 -1.00000 0.00000 0.00000 -0.08238 0.32367 1 0 1.0
0 -0.12124 -0.27668 1.65458 -1.00000 0.00000 0.00000 -0.05534 0.33092 1 0 1.0
cl_black
0 -0.12124 -0.36940 1.29086 -1.00000 0.00000 0.00000 -0.07388 0.25817 1 0 1.0
0 -0.12124 -0.27668 1.65458 -1.00000 0.00000 0.00000 -0.05534 0.33092 1 0 1.0
0 -0.12124 -0.23060 1.30914 -1.00000 0.00000 0.00000 -0.04612 0.26183 1 0 1.0
cl_black
0 -0.12124 -0.23060 1.30914 -0.49687 0.86021 0.11475 -0.02425 0.26183 1 0 1.0
0 -0.12124 -0.27668 1.65458 -0.49687 0.86021 0.11475 -0.02425 0.33092 1 0 1.0
0 0.00000 -0.20907 1.67270 -0.49687 0.86021 0.11475 0.00000 0.33454 1 0 1.0
cl_black
0 -0.12124 -0.23060 1.30914 -0.50000 0.85823 0.11591 -0.02425 0.26183 1 0 1.0
0 0.00000 -0.20907 1.67270 -0.50000 0.85823 0.11591 0.00000 0.33454 1 0 1.0
0 0.00000 -0.16120 1.31827 -0.50000 0.85823 0.11591 0.00000 0.26365 1 0 1.0
cl_black
0 0.00000 -0.20907 1.67270 -0.84866 0.52395 0.07244 0.00000 0.33454 1 0 1.0
0 -0.14000 -0.47417 1.95000 -0.84866 0.52395 0.07244 -0.02800 0.39000 1 0 1.0
0 -0.07000 -0.36917 2.01062 -0.84866 0.52395 0.07244 -0.01400 0.40212 1 0 1.0
cl_black
0 0.00000 -0.20907 1.67270 0.48469 0.74735 0.45448 0.00000 0.33454 1 0 1.0
0 -0.07000 -0.36917 2.01062 0.48469 0.74735 0.45448 -0.01400 0.40212 1 0 1.0
0 0.12124 -0.27668 1.65458 0.48469 0.74735 0.45448 0.02425 0.33092 1 0 1.0
cl_black
0 0.12124 -0.27668 1.65458 0.88725 -0.11939 0.44557 -0.05534 0.33092 1 0 1.0
0 -0.07000 -0.36917 2.01062 0.88725 -0.11939 0.44557 -0.07383 0.40212 1 0 1.0
0 0.12124 -0.41191 1.61835 0.88725 -0.11939 0.44557 -0.08238 0.32367 1 0 1.0
cl_black
0 -0.07000 -0.36917 2.01062 0.00000 0.99412 -0.10832 -0.07383 0.40212 1 0 1.0
0 0.07000 -0.36917 2.01062 0.00000 0.99412 -0.10832 -0.07383 0.40212 1 0 1.0
0 0.12124 -0.41191 1.61835 0.00000 0.99412 -0.10832 -0.08238 0.32367 1 0 1.0
cl_black
0 0.12124 -0.41191 1.61835 0.46329 -0.87244 0.15559 -0.08238 0.32367 1 0 1.0
0 0.07000 -0.36917 2.01062 0.46329 -0.87244 0.15559 -0.07383 0.40212 1 0 1.0
0 0.00000 -0.47953 1.60023 0.46329 -0.87244 0.15559 -0.09591 0.32005 1 0 1.0
cl_black
0 0.07000 -0.36917 2.01062 0.70854 0.64177 -0.29343 -0.07383 0.40212 1 0 1.0
0 0.14000 -0.47417 1.95000 0.70854 0.64177 -0.29343 -0.09483 0.39000 1 0 1.0
0 0.00000 -0.47953 1.60023 0.70854 0.64177 -0.29343 -0.09591 0.32005 1 0 1.0
cl_black
0 0.00000 -0.47953 1.60023 -0.45521 -0.86865 0.19551 0.00000 0.32005 1 0 1.0
0 0.14000 -0.47417 1.95000 -0.45521 -0.86865 0.19551 0.02800 0.39000 1 0 1.0
0 -0.12124 -0.41191 1.61835 -0.45521 -0.86865 0.19551 -0.02425 0.32367 1 0 1.0
cl_black
0 0.14000 -0.47417 1.95000 0.76364 -0.14598 -0.62892 0.02800 0.39000 1 0 1.0
0 0.07000 -0.57917 1.88938 0.76364 -0.14598 -0.62892 0.01400 0.37788 1 0 1.0
0 -0.12124 -0.41191 1.61835 0.76364 -0.14598 -0.62892 -0.02425 0.32367 1 0 1.0
cl_black
0 -0.12124 -0.41191 1.61835 -0.84729 -0.13747 0.51303 -0.08238 0.32367 1 0 1.0
0 0.07000 -0.57917 1.88938 -0.84729 -0.13747 0.51303 -0.11583 0.37788 1 0 1.0
0 -0.12124 -0.27668 1.65458 -0.84729 -0.13747 0.51303 -0.05534 0.33092 1 0 1.0
cl_black
0 0.07000 -0.57917 1.88938 0.00000 -0.61318 -0.78995 -0.11583 0.37788 1 0 1.0
0 -0.07000 -0.57917 1.88938 0.00000 -0.61318 -0.78995 -0.11583 0.37788 1 0 1.0
0 -0.12124 -0.27668 1.65458 0.00000 -0.61318 -0.78995 -0.05534 0.33092 1 0 1.0
cl_black
0 -0.12124 -0.27668 1.65458 -0.40175 0.51807 0.75511 -0.05534 0.33092 1 0 1.0
0 -0.07000 -0.57917 1.88938 -0.40175 0.51807 0.75511 -0.11583 0.37788 1 0 1.0
0 0.00000 -0.20907 1.67270 -0.40175 0.51807 0.75511 -0.04181 0.33454 1 0 1.0
cl_black
0 -0.07000 -0.57917 1.88938 -0.79054 -0.19111 -0.58182 -0.11583 0.37788 1 0 1.0
0 -0.14000 -0.47417 1.95000 -0.79054 -0.19111 -0.58182 -0.09483 0.39000 1 0 1.0
0 0.00000 -0.20907 1.67270 -0.79054 -0.19111 -0.58182 -0.04181 0.33454 1 0 1.0
cl_black
0 -0.14000 -0.47417 1.95000 -0.86416 0.39924 0.30634 -0.09483 0.39000 1 0 1.0
0 -0.14000 -0.68076 2.21924 -0.86416 0.39924 0.30634 -0.13615 0.44385 1 0 1.0
0 -0.07000 -0.59503 2.30497 -0.86416 0.39924 0.30634 -0.11901 0.46099 1 0 1.0
cl_black
0 -0.14000 -0.47417 1.95000 -0.86416 0.39924 0.30634 -0.09483 0.39000 1 0 1.0
0 -0.07000 -0.59503 2.30497 -0.86416 0.39924 0.30634 -0.11901 0.46099 1 0 1.0
0 -0.07000 -0.36917 2.01062 -0.86416 0.39924 0.30634 -0.07383 0.40212 1 0 1.0
cl_black
0 -0.07000 -0.36917 2.01062 0.00000 0.79335 0.60876 -0.01400 0.40212 1 0 1.0
0 -0.07000 -0.59503 2.30497 0.00000 0.79335 0.60876 -0.01400 0.46099 1 0 1.0
0 0.07000 -0.59503 2.30497 0.00000 0.79335 0.60876 0.01400 0.46099 1 0 1.0
cl_black
0 -0.07000 -0.36917 2.01062 0.00000 0.79335 0.60876 -0.01400 0.40212 1 0 1.0
0 0.07000 -0.59503 2.30497 0.00000 0.79335 0.60876 0.01400 0.46099 1 0 1.0
0 0.07000 -0.36917 2.01062 0.00000 0.79335 0.60876 0.01400 0.40212 1 0 1.0
cl_black
0 0.07000 -0.36917 2.01062 0.86416 0.39924 0.30634 -0.07383 0.40212 1 0 1.0
0 0.07000 -0.59503 2.30497 0.86416 0.39924 0.30634 -0.11901 0.46099 1 0 1.0
0 0.14000 -0.68076 2.21924 0.86416 0.39924 0.30634 -0.13615 0.44385 1 0 1.0
cl_black
0 0.07000 -0.36917 2.01062 0.86416 0.39924 0.30634 -0.07383 0.40212 1 0 1.0
0 0.14000 -0.68076 2.21924 0.86416 0.39924 0.30634 -0.13615 0.44385 1 0 1.0
0 0.14000 -0.47417 1.95000 0.86416 0.39924 0.30634 -0.09483 0.39000 1 0 1.0
cl_black
0 0.14000 -0.47417 1.95000 0.86416 -0.39924 -0.30634 -0.09483 0.39000 1 0 1.0
0 0.14000 -0.68076 2.21924 0.86416 -0.39924 -0.30634 -0.13615 0.44385 1 0 1.0
0 0.07000 -0.76649 2.13351 0.86416 -0.39924 -0.30634 -0.15330 0.42670 1 0 1.0
cl_black
0 0.14000 -0.47417 1.95000 0.86416 -0.39924 -0.30634 -0.09483 0.39000 1 0 1.0
0 0.07000 -0.76649 2.13351 0.86416 -0.39924 -0.30634 -0.15330 0.42670 1 0 1.0
0 0.07000 -0.57917 1.88938 0.86416 -0.39924 -0.30634 -0.11583 0.37788 1 0 1.0
cl_black
0 0.07000 -0.57917 1.88938 0.00000 -0.79335 -0.60876 0.01400 0.37788 1 0 1.0
0 0.07000 -0.76649 2.13351 0.00000 -0.79335 -0.60876 0.01400 0.42670 1 0 1.0
0 -0.07000 -0.76649 2.13351 0.00000 -0.79335 -0.60876 -0.01400 0.42670 1 0 1.0
cl_black
0 0.07000 -0.57917 1.88938 0.00000 -0.79335 -0.60876 0.01400 0.37788 1 0 1.0
0 -0.07000 -0.76649 2.13351 0.00000 -0.79335 -0.60876 -0.01400 0.42670 1 0 1.0
0 -0.07000 -0.57917 1.88938 0.00000 -0.79335 -0.60876 -0.01400 0.37788 1 0 1.0
cl_black
0 -0.07000 -0.57917 1.88938 -0.86416 -0.39924 -0.30634 -0.11583 0.37788 1 0 1.0
0 -0.07000 -0.76649 2.13351 -0.86416 -0.39924 -0.30634 -0.15330 0.42670 1 0 1.0
0 -0.14000 -0.68076 2.21924 -0.86416 -0.39924 -0.30634 -0.13615 0.44385 1 0 1.0
cl_black
0 -0.07000 -0.57917 1.88938 -0.86416 -0.39924 -0.30634 -0.11583 0.37788 1 0 1.0
0 -0.14000 -0.68076 2.21924 -0.86416 -0.39924 -0.30634 -0.13615 0.44385 1 0 1.0
0 -0.14000 -0.47417 1.95000 -0.86416 -0.39924 -0.30634 -0.09483 0.39000 1 0 1.0
cl_black
0 -0.14000 -0.68076 2.21924 -0.86416 0.30634 0.39924 -0.13615 0.44385 1 0 1.0
0 -0.14000 -0.95000 2.42583 -0.86416 0.30634 0.39924 -0.19000 0.48517 1 0 1.0
0 -0.07000 -0.88938 2.53083 -0.86416 0.30634 0.39924 -0.17788 0.50617 1 0 1.0
cl_black
0 -0.14000 -0.68076 2.21924 -0.86416 0.30634 0.39924 -0.13615 0.44385 1 0 1.0
0 -0.07000 -0.88938 2.53083 -0.86416 0.30634 0.39924 -0.17788 0.50617 1 0 1.0
0 -0.07000 -0.59503 2.30497 -0.86416 0.30634 0.39924 -0.11901 0.46099 1 0 1.0
cl_black
0 -0.07000 -0.59503 2.30497 0.00000 0.60876 0.79335 -0.01400 -0.11901 1 0 1.0
0 -0.07000 -0.88938 2.53083 0.00000 0.60876 0.79335 -0.01400 -0.17788 1 0 1.0
0 0.07000 -0.88938 2.53083 0.00000 0.60876 0.79335 0.01400 -0.17788 1 0 1.0
cl_black
0 -0.07000 -0.59503 2.30497 0.00000 0.60876 0.79335 -0.01400 -0.11901 1 0 1.0
0 0.07000 -0.88938 2.53083 0.00000 0.60876 0.79335 0.01400 -0.17788 1 0 1.0
0 0.07000 -0.59503 2.30497 0.00000 0.60876 0.79335 0.01400 -0.11901 1 0 1.0
cl_black
0 0.07000 -0.59503 2.30497 0.86416 0.30634 0.39924 -0.11901 0.46099 1 0 1.0
0 0.07000 -0.88938 2.53083 0.86416 0.30634 0.39924 -0.17788 0.50617 1 0 1.0
0 0.14000 -0.95000 2.42583 0.86416 0.30634 0.39924 -0.19000 0.48517 1 0 1.0
cl_black
0 0.07000 -0.59503 2.30497 0.86416 0.30634 0.39924 -0.11901 0.46099 1 0 1.0
0 0.14000 -0.95000 2.42583 0.86416 0.30634 0.39924 -0.19000 0.48517 1 0 1.0
0 0.14000 -0.68076 2.21924 0.86416 0.30634 0.39924 -0.13615 0.44385 1 0 1.0
cl_black
0 0.14000 -0.68076 2.21924 0.86416 -0.30634 -0.39924 -0.13615 0.44385 1 0 1.0
0 0.14000 -0.95000 2.42583 0.86416 -0.30634 -0.39924 -0.19000 0.48517 1 0 1.0
0 0.07000 -1.01062 2.32083 0.86416 -0.30634 -0.39924 -0.20212 0.46417 1 0 1.0
cl_black
0 0.14000 -0.68076 2.21924 0.86416 -0.30634 -0.39924 -0.13615 0.44385 1 0 1.0
0 0.07000 -1.01062 2.32083 0.86416 -0.30634 -0.39924 -0.20212 0.46417 1 0 1.0
0 0.07000 -0.76649 2.13351 0.86416 -0.30634 -0.39924 -0.15330 0.42670 1 0 1.0
cl_black
0 0.07000 -0.76649 2.13351 0.00000 -0.60876 -0.79335 0.01400 -0.15330 1 0 1.0
0 0.07000 -1.01062 2.32083 0.00000 -0.60876 -0.79335 0.01400 -0.20212 1 0 1.0
0 -0.07000 -1.01062 2.32083 0.00000 -0.60876 -0.79335 -0.01400 -0.20212 1 0 1.0
cl_black
0 0.07000 -0.76649 2.13351 0.00000 -0.60876 -0.79335 0.01400 -0.15330 1 0 1.0
0 -0.07000 -1.01062 2.32083 0.00000 -0.60876 -0.79335 -0.01400 -0.20212 1 0 1.0
0 -0.07000 -0.76649 2.13351 0.00000 -0.60876 -0.79335 -0.01400 -0.15330 1 0 1.0
cl_black
0 -0.07000 -0.76649 2.13351 -0.86416 -0.30634 -0.39924 -0.15330 0.42670 1 0 1.0
0 -0.07000 -1.01062 2.32083 -0.86416 -0.30634 -0.39924 -0.20212 0.46417 1 0 1.0
0 -0.14000 -0.95000 2.42583 -0.86416 -0.30634 -0.39924 -0.19000 0.48517 1 0 1.0
cl_black
0 -0.07000 -0.76649 2.13351 -0.86416 -0.30634 -0.39924 -0.15330 0.42670 1 0 1.0
0 -0.14000 -0.95000 2.42583 -0.86416 -0.30634 -0.39924 -0.19000 0.48517 1 0 1.0
0 -0.14000 -0.68076 2.21924 -0.86416 -0.30634 -0.39924 -0.13615 0.44385 1 0 1.0
cl_black
0 -0.14000 -0.95000 2.42583 -0.86416 0.19258 0.46492 -0.19000 0.48517 1 0 1.0
0 -0.14000 -1.26354 2.55570 -0.86416 0.19258 0.46492 -0.25271 0.51114 1 0 1.0
0 -0.07000 -1.23216 2.67282 -0.86416 0.19258 0.46492 -0.24643 0.53456 1 0 1.0
cl_black
0 -0.14000 -0.95000 2.42583 -0.86416 0.19258 0.46492 -0.19000 0.48517 1 0 1.0
0 -0.07000 -1.23216 2.67282 -0.86416 0.19258 0.46492 -0.24643 0.53456 1 0 1.0
0 -0.07000 -0.88938 2.53083 -0.86416 0.19258 0.46492 -0.17788 0.50617 1 0 1.0
cl_black
0 -0.07000 -0.88938 2.53083 0.00000 0.38268 0.92388 -0.01400 -0.17788 1 0 1.0
0 -0.07000 -1.23216 2.67282 0.00000 0.38268 0.92388 -0.01400 -0.24643 1 0 1.0
0 0.07000 -1.23216 2.67282 0.00000 0.38268 0.92388 0.01400 -0.24643 1 0 1.0
cl_black
0 -0.07000 -0.88938 2.53083 0.00000 0.38268 0.92388 -0.01400 -0.17788 1 0 1.0
0 0.07000 -1.23216 2.67282 0.00000 0.38268 0.92388 0.01400 -0.24643 1 0 1.0
0 0.07000 -0.88938 2.53083 0.00000 0.38268 0.92388 0.01400 -0.17788 1 0 1.0
cl_black
0 0.07000 -0.88938 2.53083 0.86416 0.19258 0.46492 -0.17788 0.50617 1 0 1.0
0 0.07000 -1.23216 2.67282 0.86416 0.19258 0.46492 -0.24643 0.53456 1 0 1.0
0 0.14000 -1.26354 2.55570 0.86416 0.19258 0.46492 -0.25271 0.51114 1 0 1.0
cl_black
0 0.07000 -0.88938 2.53083 0.86416 0.19258 0.46492 -0.17788 0.50617 1 0 1.0
0 0.14000 -1.26354 2.55570 0.86416 0.19258 0.46492 -0.25271 0.51114 1 0 1.0
0 0.14000 -0.95000 2.42583 0.86416 0.19258 0.46492 -0.19000 0.48517 1 0 1.0
cl_black
0 0.14000 -0.95000 2.42583 0.86416 -0.19258 -0.46492 -0.19000 0.48517 1 0 1.0
0 0.14000 -1.26354 2.55570 0.86416 -0.19258 -0.46492 -0.25271 0.51114 1 0 1.0
0 0.07000 -1.29492 2.43859 0.86416 -0.19258 -0.46492 -0.25898 0.48772 1 0 1.0
cl_black
0 0.14000 -0.95000 2.42583 0.86416 -0.19258 -0.46492 -0.19000 0.48517 1 0 1.0
0 0.07000 -1.29492 2.43859 0.86416 -0.19258 -0.46492 -0.25898 0.48772 1 0 1.0
0 0.07000 -1.01062 2.32083 0.86416 -0.19258 -0.46492 -0.20212 0.46417 1 0 1.0
cl_black
0 0.07000 -1.01062 2.32083 0.00000 -0.38268 -0.92388 0.01400 -0.20212 1 0 1.0
0 0.07000 -1.29492 2.43859 0.00000 -0.38268 -0.92388 0.01400 -0.25898 1 0 1.0
0 -0.07000 -1.29492 2.43859 0.00000 -0.38268 -0.92388 -0.01400 -0.25898 1 0 1.0
cl_black
0 0.07000 -1.01062 2.32083 0.00000 -0.38268 -0.92388 0.01400 -0.20212 1 0 1.0
0 -0.07000 -1.29492 2.43859 0.00000 -0.38268 -0.92388 -0.01400 -0.25898 1 0 1.0
0 -0.07000 -1.01062 2.32083 0.00000 -0.38268 -0.92388 -0.01400 -0.20212 1 0 1.0
cl_black
0 -0.07000 -1.01062 2.32083 -0.86416 -0.19258 -0.46492 -0.20212 0.46417 1 0 1.0
0 -0.07000 -1.29492 2.43859 -0.86416 -0.19258 -0.46492 -0.25898 0.48772 1 0 1.0
0 -0.14000 -1.26354 2.55570 -0.86416 -0.19258 -0.46492 -0.25271 0.51114 1 0 1.0
cl_black
0 -0.07000 -1.01062 2.32083 -0.86416 -0.19258 -0.46492 -0.20212 0.46417 1 0 1.0
0 -0.14000 -1.26354 2.55570 -0.86416 -0.19258 -0.46492 -0.25271 0.51114 1 0 1.0
0 -0.14000 -0.95000 2.42583 -0.86416 -0.19258 -0.46492 -0.19000 0.48517 1 0 1.0
cl_black
0 -0.14000 -1.26354 2.55570 -0.86416 0.06568 0.49892 -0.25271 0.51114 1 0 1.0
0 -0.14000 -1.60000 2.60000 -0.86416 0.06568 0.49892 -0.32000 0.52000 1 0 1.0
0 -0.07000 -1.60000 2.72124 -0.86416 0.06568 0.49892 -0.32000 0.54425 1 0 1.0
cl_black
0 -0.14000 -1.26354 2.55570 -0.86416 0.06568 0.49892 -0.25271 0.51114 1 0 1.0
0 -0.07000 -1.60000 2.72124 -0.86416 0.06568 0.49892 -0.32000 0.54425 1 0 1.0
0 -0.07000 -1.23216 2.67282 -0.86416 0.06568 0.49892 -0.24643 0.53456 1 0 1.0
cl_black
0 -0.07000 -1.23216 2.67282 0.00000 0.13053 0.99145 -0.01400 -0.24643 1 0 1.0
0 -0.07000 -1.60000 2.72124 0.00000 0.13053 0.99145 -0.01400 -0.32000 1 0 1.0
0 0.07000 -1.60000 2.72124 0.00000 0.13053 0.99145 0.01400 -0.32000 1 0 1.0
cl_black
0 -0.07000 -1.23216 2.67282 0.00000 0.13053 0.99145 -0.01400 -0.24643 1 0 1.0
0 0.07000 -1.60000 2.72124 0.00000 0.13053 0.99145 0.01400 -0.32000 1 0 1.0
0 0.07000 -1.23216 2.67282 0.00000 0.13053 0.99145 0.01400 -0.24643 1 0 1.0
cl_black
0 0.07000 -1.23216 2.67282 0.86416 0.06568 0.49892 -0.24643 0.53456 1 0 1.0
0 0.07000 -1.60000 2.72124 0.86416 0.06568 0.49892 -0.32000 0.54425 1 0 1.0
0 0.14000 -1.60000 2.60000 0.86416 0.06568 0.49892 -0.32000 0.52000 1 0 1.0
cl_black
0 0.07000 -1.23216 2.67282 0.86416 0.06568 0.49892 -0.24643 0.53456 1 0 1.0
0 0.14000 -1.60000 2.60000 0.86416 0.06568 0.49892 -0.32000 0.52000 1 0 1.0
0 0.14000 -1.26354 2.55570 0.86416 0.06568 0.49892 -0.25271 0.51114 1 0 1.0
cl_black
0 0.14000 -1.26354 2.55570 0.86416 -0.06568 -0.49892 -0.25271 0.51114 1 0 1.0
0 0.14000 -1.60000 2.60000 0.86416 -0.06568 -0.49892 -0.32000 0.52000 1 0 1.0
0 0.07000 -1.60000 2.47876 0.86416 -0.06568 -0.49892 -0.32000 0.49575 1 0 1.0
cl_black
0 0.14000 -1.26354 2.55570 0.86416 -0.06568 -0.49892 -0.25271 0.51114 1 0 1.0
0 0.07000 -1.60000 2.47876 0.86416 -0.06568 -0.49892 -0.32000 0.49575 1 0 1.0
0 0.07000 -1.29492 2.43859 0.86416 -0.06568 -0.49892 -0.25898 0.48772 1 0 1.0
cl_black
0 0.07000 -1.29492 2.43859 0.00000 -0.13053 -0.99144 0.01400 -0.25898 1 0 1.0
0 0.07000 -1.60000 2.47876 0.00000 -0.13053 -0.99144 0.01400 -0.32000 1 0 1.0
0 -0.07000 -1.60000 2.47876 0.00000 -0.13053 -0.99144 -0.01400 -0.32000 1 0 1.0
cl_black
0 0.07000 -1.29492 2.43859 0.00000 -0.13053 -0.99144 0.01400 -0.25898 1 0 1.0
0 -0.07000 -1.60000 2.47876 0.00000 -0.13053 -0.99144 -0.01400 -0.32000 1 0 1.0
0 -0.07000 -1.29492 2.43859 0.00000 -0.13053 -0.99144 -0.01400 -0.25898 1 0 1.0
cl_black
0 -0.07000 -1.29492 2.43859 -0.86415 -0.06568 -0.49892 -0.25898 0.48772 1 0 1.0
0 -0.07000 -1.60000 2.47876 -0.86415 -0.06568 -0.49892 -0.32000 0.49575 1 0 1.0
0 -0.14000 -1.60000 2.60000 -0.86415 -0.06568 -0.49892 -0.32000 0.52000 1 0 1.0
cl_black
0 -0.07000 -1.29492 2.43859 -0.86416 -0.06568 -0.49892 -0.25898 0.48772 1 0 1.0
0 -0.14000 -1.60000 2.60000 -0.86416 -0.06568 -0.49892 -0.32000 0.52000 1 0 1.0
0 -0.14000 -1.26354 2.55570 -0.86416 -0.06568 -0.49892 -0.25271 0.51114 1 0 1.0
cl_black
0 -0.14000 -1.60000 2.60000 -0.86416 -0.06568 0.49892 -0.32000 0.52000 1 0 1.0
0 -0.14000 -1.93646 2.55570 -0.86416 -0.06568 0.49892 -0.38729 0.51114 1 0 1.0
0 -0.07000 -1.96784 2.67282 -0.86416 -0.06568 0.49892 -0.39357 0.53456 1 0 1.0
cl_black
0 -0.14000 -1.60000 2.60000 -0.86416 -0.06568 0.49892 -0.32000 0.52000 1 0 1.0
0 -0.07000 -1.96784 2.67282 -0.86416 -0.06568 0.49892 -0.39357 0.53456 1 0 1.0
0 -0.07000 -1.60000 2.72124 -0.86416 -0.06568 0.49892 -0.32000 0.54425 1 0 1.0
cl_black
0 -0.07000 -1.60000 2.72124 0.00000 -0.13053 0.99145 -0.01400 -0.32000 1 0 1.0
0 -0.07000 -1.96784 2.67282 0.00000 -0.13053 0.99145 -0.01400 -0.39357 1 0 1.0
0 0.07000 -1.96784 2.67282 0.00000 -0.13053 0.99145 0.01400 -0.39357 1 0 1.0
cl_black
0 -0.07000 -1.60000 2.72124 0.00000 -0.13053 0.99145 -0.01400 -0.32000 1 0 1.0
0 0.07000 -1.96784 2.67282 0.00000 -0.13053 0.99145 0.01400 -0.39357 1 0 1.0
0 0.07000 -1.60000 2.72124 0.00000 -0.13053 0.99145 0.01400 -0.32000 1 0 1.0
cl_black
0 0.07000 -1.60000 2.72124 0.86416 -0.06568 0.49892 -0.32000 0.54425 1 0 1.0
0 0.07000 -1.96784 2.67282 0.86416 -0.06568 0.49892 -0.39357 0.53456 1 0 1.0
0 0.14000 -1.93646 2.55570 0.86416 -0.06568 0.49892 -0.38729 0.51114 1 0 1.0
cl_black
0 0.07000 -1.60000 2.72124 0.86416 -0.06568 0.49892 -0.32000 0.54425 1 0 1.0
0 0.14000 -1.93646 2.55570 0.86416 -0.06568 0.49892 -0.38729 0.51114 1 0 1.0
0 0.14000 -1.60000 2.60000 0.86416 -0.06568 0.49892 -0.32000 0.52000 1 0 1.0
cl_black
0 0.14000 -1.60000 2.60000 0.86416 0.06568 -0.49892 -0.32000 0.52000 1 0 1.0
0 0.14000 -1.93646 2.55570 0.86416 0.06568 -0.49892 -0.38729 0.51114 1 0 1.0
0 0.07000 -1.90508 2.43859 0.86416 0.06568 -0.49892 -0.38102 0.48772 1 0 1.0
cl_black
0 0.14000 -1.60000 2.60000 0.86416 0.06568 -0.49892 -0.32000 0.52000 1 0 1.0
0 0.07000 -1.90508 2.43859 0.86416 0.06568 -0.49892 -0.38102 0.48772 1 0 1.0
0 0.07000 -1.60000 2.47876 0.86416 0.06568 -0.49892 -0.32000 0.49575 1 0 1.0
cl_black
0 0.07000 -1.60000 2.47876 0.00000 0.13053 -0.99144 0.01400 -0.32000 1 0 1.0
0 0.07000 -1.90508 2.43859 0.00000 0.13053 -0.99144 0.01400 -0.38102 1 0 1.0
0 -0.07000 -1.90508 2.43859 0.00000 0.13053 -0.99144 -0.01400 -0.38102 1 0 1.0
cl_black
0 0.07000 -1.60000 2.47876 0.00000 0.13053 -0.99144 0.01400 -0.32000 1 0 1.0
0 -0.07000 -1.90508 2.43859 0.00000 0.13053 -0.99144 -0.01400 -0.38102 1 0 1.0
0 -0.07000 -1.60000 2.47876 0.00000 0.13053 -0.99144 -0.01400 -0.32000 1 0 1.0
cl_black
0 -0.07000 -1.60000 2.47876 -0.86416 0.06568 -0.49892 -0.32000 0.49575 1 0 1.0
0 -0.07000 -1.90508 2.43859 -0.86416 0.06568 -0.49892 -0.38102 0.48772 1 0 1.0
0 -0.14000 -1.93646 2.55570 -0.86416 0.06568 -0.49892 -0.38729 0.51114 1 0 1.0
cl_black
0 -0.07000 -1.60000 2.47876 -0.86416 0.06568 -0.49892 -0.32000 0.49575 1 0 1.0
0 -0.14000 -1.93646 2.55570 -0.86416 0.06568 -0.49892 -0.38729 0.51114 1 0 1.0
0 -0.14000 -1.60000 2.60000 -0.86416 0.06568 -0.49892 -0.32000 0.52000 1 0 1.0
cl_black
0 -0.14000 -1.93646 2.55570 -0.86416 -0.19258 0.46492 -0.38729 0.51114 1 0 1.0
0 -0.14000 -2.25000 2.42583 -0.86416 -0.19258 0.46492 -0.45000 0.48517 1 0 1.0
0 -0.07000 -2.31062 2.53083 -0.86416 -0.19258 0.46492 -0.46212 0.50617 1 0 1.0
cl_black
0 -0.14000 -1.93646 2.55570 -0.86416 -0.19258 0.46492 -0.38729 0.51114 1 0 1.0
0 -0.07000 -2.31062 2.53083 -0.86416 -0.19258 0.46492 -0.46212 0.50617 1 0 1.0
0 -0.07000 -1.96784 2.67282 -0.86416 -0.19258 0.46492 -0.39357 0.53456 1 0 1.0
cl_black
0 -0.07000 -1.96784 2.67282 0.00000 -0.38268 0.92388 -0.01400 -0.39357 1 0 1.0
0 -0.07000 -2.31062 2.53083 0.00000 -0.38268 0.92388 -0.01400 -0.46212 1 0 1.0
0 0.07000 -2.31062 2.53083 0.00000 -0.38268 0.92388 0.01400 -0.46212 1 0 1.0
cl_black
0 -0.07000 -1.96784 2.67282 0.00000 -0.38268 0.92388 -0.01400 -0.39357 1 0 1.0
0 0.07000 -2.31062 2.53083 0.00000 -0.38268 0.92388 0.01400 -0.46212 1 0 1.0
0 0.07000 -1.96784 2.67282 0.00000 -0.38268 0.92388 0.01400 -0.39357 1 0 1.0
cl_black
0 0.07000 -1.96784 2.67282 0.86416 -0.19258 0.46492 -0.39357 0.53456 1 0 1.0
0 0.07000 -2.31062 2.53083 0.86416 -0.19258 0.46492 -0.46212 0.50617 1 0 1.0
0 0.14000 -2.25000 2.42583 0.86416 -0.19258 0.46492 -0.45000 0.48517 1 0 1.0
cl_black
0 0.07000 -1.96784 2.67282 0.86416 -0.19258 0.46492 -0.39357 0.53456 1 0 1.0
0 0.14000 -2.25000 2.42583 0.86416 -0.19258 0.46492 -0.45000 0.48517 1 0 1.0
0 0.14000 -1.93646 2.55570 0.86416 -0.19258 0.46492 -0.38729 0.51114 1 0 1.0
cl_black
0 0.14000 -1.93646 2.55570 0.86416 0.19258 -0.46492 -0.38729 0.51114 1 0 1.0
0 0.14000 -2.25000 2.42583 0.86416 0.19258 -0.46492 -0.45000 0.48517 1 0 1.0
0 0.07000 -2.18938 2.32083 0.86416 0.19258 -0.46492 -0.43788 0.46417 1 0 1.0
cl_black
0 0.14000 -1.93646 2.55570 0.86416 0.19258 -0.46492 -0.38729 0.51114 1 0 1.0
0 0.07000 -2.18938 2.32083 0.86416 0.19258 -0.46492 -0.43788 0.46417 1 0 1.0
0 0.07000 -1.90508 2.43859 0.86416 0.19258 -0.46492 -0.38102 0.48772 1 0 1.0
cl_black
0 0.07000 -1.90508 2.43859 0.00000 0.38268 -0.92388 0.01400 -0.38102 1 0 1.0
0 0.07000 -2.18938 2.32083 0.00000 0.38268 -0.92388 0.01400 -0.43788 1 0 1.0
0 -0.07000 -2.18938 2.32083 0.00000 0.38268 -0.92388 -0.01400 -0.43788 1 0 1.0
cl_black
0 0.07000 -1.90508 2.43859 0.00000 0.38268 -0.92388 0.01400 -0.38102 1 0 1.0
0 -0.07000 -2.18938 2.32083 0.00000 0.38268 -0.92388 -0.01400 -0.43788 1 0 1.0
0 -0.07000 -1.90508 2.43859 0.00000 0.38268 -0.92388 -0.01400 -0.38102 1 0 1.0
cl_black
0 -0.07000 -1.90508 2.43859 -0.86416 0.19258 -0.46492 -0.38102 0.48772 1 0 1.0
0 -0.07000 -2.18938 2.32083 -0.86416 0.19258 -0.46492 -0.43788 0.46417 1 0 1.0
0 -0.14000 -2.25000 2.42583 -0.86416 0.19258 -0.46492 -0.45000 0.48517 1 0 1.0
cl_black
0 -0.07000 -1.90508 2.43859 -0.86416 0.19258 -0.46492 -0.38102 0.48772 1 0 1.0
0 -0.14000 -2.25000 2.42583 -0.86416 0.19258 -0.46492 -0.45000 0.48517 1 0 1.0
0 -0.14000 -1.93646 2.55570 -0.86416 0.19258 -0.46492 -0.38729 0.51114 1 0 1.0
cl_black
0 -0.14000 -2.25000 2.42583 -0.86416 -0.30634 0.39924 -0.45000 0.48517 1 0 1.0
0 -0.14000 -2.51924 2.21924 -0.86416 -0.30634 0.39924 -0.50385 0.44385 1 0 1.0
0 -0.07000 -2.60497 2.30497 -0.86416 -0.30634 0.39924 -0.52099 0.46099 1 0 1.0
cl_black
0 -0.14000 -2.25000 2.42583 -0.86416 -0.30634 0.39924 -0.45000 0.48517 1 0 1.0
0 -0.07000 -2.60497 2.30497 -0.86416 -0.30634 0.39924 -0.52099 0.46099 1 0 1.0
0 -0.07000 -2.31062 2.53083 -0.86416 -0.30634 0.39924 -0.46212 0.50617 1 0 1.0
cl_black
0 -0.07000 -2.31062 2.53083 0.00000 -0.60876 0.79335 -0.01400 -0.46212 1 0 1.0
0 -0.07000 -2.60497 2.30497 0.00000 -0.60876 0.79335 -0.01400 -0.52099 1 0 1.0
0 0.07000 -2.60497 2.30497 0.00000 -0.60876 0.79335 0.01400 -0.52099 1 0 1.0
cl_black
0 -0.07000 -2.31062 2.53083 0.00000 -0.60876 0.79335 -0.01400 -0.46212 1 0 1.0
0 0.07000 -2.60497 2.30497 0.00000 -0.60876 0.79335 0.01400 -0.52099 1 0 1.0
0 0.07000 -2.31062 2.53083 0.00000 -0.60876 0.79335 0.01400 -0.46212 1 0 1.0
cl_black
0 0.07000 -2.31062 2.53083 0.86416 -0.30634 0.39924 -0.46212 0.50617 1 0 1.0
0 0.07000 -2.60497 2.30497 0.86416 -0.30634 0.39924 -0.52099 0.46099 1 0 1.0
0 0.14000 -2.51924 2.21924 0.86416 -0.30634 0.39924 -0.50385 0.44385 1 0 1.0
cl_black
0 0.07000 -2.31062 2.53083 0.86416 -0.30634 0.39924 -0.46212 0.50617 1 0 1.0
0 0.14000 -2.51924 2.21924 0.86416 -0.30634 0.39924 -0.50385 0.44385 1 0 1.0
0 0.14000 -2.25000 2.42583 0.86416 -0.30634 0.39924 -0.45000 0.48517 1 0 1.0
cl_black
0 0.14000 -2.25000 2.42583 0.86416 0.30634 -0.39924 -0.45000 0.48517 1 0 1.0
0 0.14000 -2.51924 2.21924 0.86416 0.30634 -0.39924 -0.50385 0.44385 1 0 1.0
0 0.07000 -2.43351 2.13351 0.86416 0.30634 -0.39924 -0.48670 0.42670 1 0 1.0
cl_black
0 0.14000 -2.25000 2.42583 0.86416 0.30634 -0.39924 -0.45000 0.48517 1 0 1.0
0 0.07000 -2.43351 2.13351 0.86416 0.30634 -0.39924 -0.48670 0.42670 1 0 1.0
0 0.07000 -2.18938 2.32083 0.86416 0.30634 -0.39924 -0.43788 0.46417 1 0 1.0
cl_black
0 0.07000 -2.18938 2.32083 0.00000 0.60876 -0.79335 0.01400 -0.43788 1 0 1.0
0 0.07000 -2.43351 2.13351 0.00000 0.60876 -0.79335 0.01400 -0.48670 1 0 1.0
0 -0.07000 -2.43351 2.13351 0.00000 0.60876 -0.79335 -0.01400 -0.48670 1 0 1.0
cl_black
0 0.07000 -2.18938 2.32083 0.00000 0.60876 -0.79335 0.01400 -0.43788 1 0 1.0
0 -0.07000 -2.43351 2.13351 0.00000 0.60876 -0.79335 -0.01400 -0.48670 1 0 1.0
0 -0.07000 -2.18938 2.32083 0.00000 0.60876 -0.79335 -0.01400 -0.43788 1 0 1.0
cl_black
0 -0.07000 -2.18938 2.32083 -0.86416 0.30634 -0.39923 -0.43788 0.46417 1 0 1.0
0 -0.07000 -2.43351 2.13351 -0.86416 0.30634 -0.39923 -0.48670 0.42670 1 0 1.0
0 -0.14000 -2.51924 2.21924 -0.86416 0.30634 -0.39923 -0.50385 0.44385 1 0 1.0
cl_black
0 -0.07000 -2.18938 2.32083 -0.86416 0.30634 -0.39924 -0.43788 0.46417 1 0 1.0
0 -0.14000 -2.51924 2.21924 -0.86416 0.30634 -0.39924 -0.50385 0.44385 1 0 1.0
0 -0.14000 -2.25000 2.42583 -0.86416 0.30634 -0.39924 -0.45000 0.48517 1 0 1.0
cl_black
0 -0.14000 -2.51924 2.21924 -0.86416 -0.39924 0.30634 -0.50385 0.44385 1 0 1.0
0 -0.14000 -2.72583 1.95000 -0.86416 -0.39924 0.30634 -0.54517 0.39000 1 0 1.0
0 -0.07000 -2.83083 2.01062 -0.86416 -0.39924 0.30634 -0.56617 0.40212 1 0 1.0
cl_black
0 -0.14000 -2.51924 2.21924 -0.86416 -0.39924 0.30634 -0.50385 0.44385 1 0 1.0
0 -0.07000 -2.83083 2.01062 -0.86416 -0.39924 0.30634 -0.56617 0.40212 1 0 1.0
0 -0.07000 -2.60497 2.30497 -0.86416 -0.39924 0.30634 -0.52099 0.46099 1 0 1.0
cl_black
0 -0.07000 -2.60497 2.30497 0.00000 -0.79335 0.60876 -0.01400 0.46099 1 0 1.0
0 -0.07000 -2.83083 2.01062 0.00000 -0.79335 0.60876 -0.01400 0.40212 1 0 1.0
0 0.07000 -2.83083 2.01062 0.00000 -0.79335 0.60876 0.01400 0.40212 1 0 1.0
cl_black
0 -0.07000 -2.60497 2.30497 0.00000 -0.79335 0.60876 -0.01400 0.46099 1 0 1.0
0 0.07000 -2.83083 2.01062 0.00000 -0.79335 0.60876 0.01400 0.40212 1 0 1.0
0 0.07000 -2.60497 2.30497 0.00000 -0.79335 0.60876 0.01400 0.46099 1 0 1.0
cl_black
0 0.07000 -2.60497 2.30497 0.86416 -0.39924 0.30634 -0.52099 0.46099 1 0 1.0
0 0.07000 -2.83083 2.01062 0.86416 -0.39924 0.30634 -0.56617 0.40212 1 0 1.0
0 0.14000 -2.72583 1.95000 0.86416 -0.39924 0.30634 -0.54517 0.39000 1 0 1.0
cl_black
0 0.07000 -2.60497 2.30497 0.86416 -0.39924 0.30634 -0.52099 0.46099 1 0 1.0
0 0.14000 -2.72583 1.95000 0.86416 -0.39924 0.30634 -0.54517 0.39000 1 0 1.0
0 0.14000 -2.51924 2.21924 0.86416 -0.39924 0.30634 -0.50385 0.44385 1 0 1.0
cl_black
0 0.14000 -2.51924 2.21924 0.86416 0.39924 -0.30634 -0.50385 0.44385 1 0 1.0
0 0.14000 -2.72583 1.95000 0.86416 0.39924 -0.30634 -0.54517 0.39000 1 0 1.0
0 0.07000 -2.62083 1.88938 0.86416 0.39924 -0.30634 -0.52417 0.37788 1 0 1.0
cl_black
0 0.14000 -2.51924 2.21924 0.86416 0.39924 -0.30634 -0.50385 0.44385 1 0 1.0
0 0.07000 -2.62083 1.88938 0.86416 0.39924 -0.30634 -0.52417 0.37788 1 0 1.0
0 0.07000 -2.43351 2.13351 0.86416 0.39924 -0.30634 -0.48670 0.42670 1 0 1.0
cl_black
0 0.07000 -2.43351 2.13351 0.00000 0.79335 -0.60876 0.01400 0.42670 1 0 1.0
0 0.07000 -2.62083 1.88938 0.00000 0.79335 -0.60876 0.01400 0.37788 1 0 1.0
0 -0.07000 -2.62083 1.88938 0.00000 0.79335 -0.60876 -0.01400 0.37788 1 0 1.0
cl_black
0 0.07000 -2.43351 2.13351 0.00000 0.79335 -0.60876 0.01400 0.42670 1 0 1.0
0 -0.07000 -2.62083 1.88938 0.00000 0.79335 -0.60876 -0.01400 0.37788 1 0 1.0
0 -0.07000 -2.43351 2.13351 0.00000 0.79335 -0.60876 -0.01400 0.42670 1 0 1.0
cl_black
0 -0.07000 -2.43351 2.13351 -0.86416 0.39924 -0.30634 -0.48670 0.42670 1 0 1.0
0 -0.07000 -2.62083 1.88938 -0.86416 0.39924 -0.30634 -0.52417 0.37788 1 0 1.0
0 -0.14000 -2.72583 1.95000 -0.86416 0.39924 -0.30634 -0.54517 0.39000 1 0 1.0
cl_black
0 -0.07000 -2.43351 2.13351 -0.86416 0.39924 -0.30634 -0.48670 0.42670 1 0 1.0
0 -0.14000 -2.72583 1.95000 -0.86416 0.39924 -0.30634 -0.54517 0.39000 1 0 1.0
0 -0.14000 -2.51924 2.21924 -0.86416 0.39924 -0.30634 -0.50385 0.44385 1 0 1.0
cl_black
0 -0.14000 -2.72583 1.95000 -0.84866 -0.52395 0.07244 -0.02800 0.39000 1 0 1.0
0 0.00000 -2.99093 1.67270 -0.84866 -0.52395 0.07244 0.00000 0.33454 1 0 1.0
0 -0.07000 -2.83083 2.01062 -0.84866 -0.52395 0.07244 -0.01400 0.40212 1 0 1.0
cl_black
0 0.00000 -2.99093 1.67270 0.48469 -0.74735 0.45448 0.00000 0.33454 1 0 1.0
0 0.12124 -2.92332 1.65458 0.48469 -0.74735 0.45448 0.02425 0.33092 1 0 1.0
0 -0.07000 -2.83083 2.01062 0.48469 -0.74735 0.45448 -0.01400 0.40212 1 0 1.0
cl_black
0 -0.07000 -2.83083 2.01062 0.00000 -0.96788 0.25142 -0.56617 0.40212 1 0 1.0
0 0.12124 -2.92332 1.65458 0.00000 -0.96788 0.25142 -0.58466 0.33092 1 0 1.0
0 0.07000 -2.83083 2.01062 0.00000 -0.96788 0.25142 -0.56617 0.40212 1 0 1.0
cl_black
0 0.12124 -2.92332 1.65458 0.99044 0.03571 0.13327 -0.58466 0.33092 1 0 1.0
0 0.12124 -2.78809 1.61835 0.99044 0.03571 0.13327 -0.55762 0.32367 1 0 1.0
0 0.07000 -2.83083 2.01062 0.99044 0.03571 0.13327 -0.56617 0.40212 1 0 1.0
cl_black
0 0.07000 -2.83083 2.01062 0.84458 -0.53288 0.05226 -0.56617 0.40212 1 0 1.0
0 0.12124 -2.78809 1.61835 0.84458 -0.53288 0.05226 -0.55762 0.32367 1 0 1.0
0 0.14000 -2.72583 1.95000 0.84458 -0.53288 0.05226 -0.54517 0.39000 1 0 1.0
cl_black
0 0.12124 -2.78809 1.61835 0.49963 0.84581 -0.18703 -0.55762 0.32367 1 0 1.0
0 0.00000 -2.72047 1.60023 0.49963 0.84581 -0.18703 -0.54409 0.32005 1 0 1.0
0 0.14000 -2.72583 1.95000 0.49963 0.84581 -0.18703 -0.54517 0.39000 1 0 1.0
cl_black
0 0.14000 -2.72583 1.95000 0.86130 0.37851 -0.33895 0.02800 0.39000 1 0 1.0
0 0.00000 -2.72047 1.60023 0.86130 0.37851 -0.33895 0.00000 0.32005 1 0 1.0
0 0.07000 -2.62083 1.88938 0.86130 0.37851 -0.33895 0.01400 0.37788 1 0 1.0
cl_black
0 0.00000 -2.72047 1.60023 -0.49927 0.84924 -0.17178 0.00000 0.32005 1 0 1.0
0 -0.12124 -2.78809 1.61835 -0.49927 0.84924 -0.17178 -0.02425 0.32367 1 0 1.0
0 0.07000 -2.62083 1.88938 -0.49927 0.84924 -0.17178 0.01400 0.37788 1 0 1.0
cl_black
0 0.07000 -2.62083 1.88938 0.00000 0.85100 -0.52516 -0.52417 0.37788 1 0 1.0
0 -0.12124 -2.78809 1.61835 0.00000 0.85100 -0.52516 -0.55762 0.32367 1 0 1.0
0 -0.07000 -2.62083 1.88938 0.00000 0.85100 -0.52516 -0.52417 0.37788 1 0 1.0
cl_black
0 -0.12124 -2.78809 1.61835 -0.98619 0.04287 0.16000 -0.55762 0.32367 1 0 1.0
0 -0.12124 -2.92332 1.65458 -0.98619 0.04287 0.16000 -0.58466 0.33092 1 0 1.0
0 -0.07000 -2.62083 1.88938 -0.98619 0.04287 0.16000 -0.52417 0.37788 1 0 1.0
cl_black
0 -0.07000 -2.62083 1.88938 -0.86336 0.39245 -0.31717 -0.52417 0.37788 1 0 1.0
0 -0.12124 -2.92332 1.65458 -0.86336 0.39245 -0.31717 -0.58466 0.33092 1 0 1.0
0 -0.14000 -2.72583 1.95000 -0.86336 0.39245 -0.31717 -0.54517 0.39000 1 0 1.0
cl_black
0 -0.12124 -2.92332 1.65458 -0.48316 -0.74174 0.46517 -0.58466 0.33092 1 0 1.0
0 0.00000 -2.99093 1.67270 -0.48316 -0.74174 0.46517 -0.59819 0.33454 1 0 1.0
0 -0.14000 -2.72583 1.95000 -0.48316 -0.74174 0.46517 -0.54517 0.39000 1 0 1.0
cl_black
0 0.00000 -2.99093 1.67270 0.49678 -0.86045 0.11328 0.00000 0.33454 1 0 1.0
0 0.00000 -3.04000 1.30000 0.49678 -0.86045 0.11328 0.00000 0.26000 1 0 1.0
0 0.12124 -2.97000 1.30000 0.49678 -0.86045 0.11328 0.02425 0.26000 1 0 1.0
cl_black
0 0.00000 -2.99093 1.67270 0.49678 -0.86045 0.11328 0.00000 0.33454 1 0 1.0
0 0.12124 -2.97000 1.30000 0.49678 -0.86045 0.11328 0.02425 0.26000 1 0 1.0
0 0.12124 -2.92332 1.65458 0.49678 -0.86045 0.11328 0.02425 0.33092 1 0 1.0
cl_black
0 0.12124 -2.92332 1.65458 1.00000 0.00000 0.00000 -0.58466 0.33092 1 0 1.0
0 0.12124 -2.97000 1.30000 1.00000 0.00000 0.00000 -0.59400 0.26000 1 0 1.0
0 0.12124 -2.83000 1.30000 1.00000 0.00000 0.00000 -0.56600 0.26000 1 0 1.0
cl_black
0 0.12124 -2.92332 1.65458 1.00000 0.00000 0.00000 -0.58466 0.33092 1 0 1.0
0 0.12124 -2.83000 1.30000 1.00000 0.00000 0.00000 -0.56600 0.26000 1 0 1.0
0 0.12124 -2.78809 1.61835 1.00000 0.00000 0.00000 -0.55762 0.32367 1 0 1.0
cl_black
0 0.12124 -2.78809 1.61835 0.49678 0.86045 -0.11328 0.02425 0.32367 1 0 1.0
0 0.12124 -2.83000 1.30000 0.49678 0.86045 -0.11328 0.02425 0.26000 1 0 1.0
0 0.00000 -2.76000 1.30000 0.49678 0.86045 -0.11328 0.00000 0.26000 1 0 1.0
cl_black
0 0.12124 -2.78809 1.61835 0.49678 0.86045 -0.11328 0.02425 0.32367 1 0 1.0
0 0.00000 -2.76000 1.30000 0.49678 0.86045 -0.11328 0.00000 0.26000 1 0 1.0
0 0.00000 -2.72047 1.60023 0.49678 0.86045 -0.11328 0.00000 0.32005 1 0 1.0
cl_black
0 0.00000 -2.72047 1.60023 -0.49678 0.86045 -0.11328 0.00000 0.32005 1 0 1.0
0 0.00000 -2.76000 1.30000 -0.49678 0.86045 -0.11328 0.00000 0.26000 1 0 1.0
0 -0.12124 -2.83000 1.30000 -0.49678 0.86045 -0.11328 -0.02425 0.26000 1 0 1.0
cl_black
0 0.00000 -2.72047 1.60023 -0.49678 0.86045 -0.11328 0.00000 0.32005 1 0 1.0
0 -0.12124 -2.83000 1.30000 -0.49678 0.86045 -0.11328 -0.02425 0.26000 1 0 1.0
0 -0.12124 -2.78809 1.61835 -0.49678 0.86045 -0.11328 -0.02425 0.32367 1 0 1.0
cl_black
0 -0.12124 -2.78809 1.61835 -1.00000 0.00000 0.00000 -0.55762 0.32367 1 0 1.0
0 -0.12124 -2.83000 1.30000 -1.00000 0.00000 0.00000 -0.56600 0.26000 1 0 1.0
0 -0.12124 -2.97000 1.30000 -1.00000 0.00000 0.00000 -0.59400 0.26000 1 0 1.0
cl_black
0 -0.12124 -2.78809 1.61835 -1.00000 0.00000 0.00000 -0.55762 0.32367 1 0 1.0
0 -0.12124 -2.97000 1.30000 -1.00000 0.00000 0.00000 -0.59400 0.26000 1 0 1.0
0 -0.12124 -2.92332 1.65458 -1.00000 0.00000 0.00000 -0.58466 0.33092 1 0 1.0
cl_black
0 -0.12124 -2.92332 1.65458 -0.49678 -0.86045 0.11328 -0.02425 0.33092 1 0 1.0
0 -0.12124 -2.97000 1.30000 -0.49678 -0.86045 0.11328 -0.02425 0.26000 1 0 1.0
0 0.00000 -3.04000 1.30000 -0.49678 -0.86045 0.11328 0.00000 0.26000 1 0 1.0
cl_black
0 -0.12124 -2.92332 1.65458 -0.49678 -0.86045 0.11328 -0.02425 0.33092 1 0 1.0
0 0.00000 -3.04000 1.30000 -0.49678 -0.86045 0.11328 0.00000 0.26000 1 0 1.0
0 0.00000 -2.99093 1.67270 -0.49678 -0.86045 0.11328 0.00000 0.33454 1 0 1.0
cl_black
0 0.00000 -3.04000 1.30000 0.49678 -0.86045 -0.11328 0.00000 0.26000 1 0 1.0
0 0.00000 -2.99093 0.92730 0.49678 -0.86045 -0.11328 0.00000 0.18546 1 0 1.0
0 0.12124 -2.92332 0.94542 0.49678 -0.86045 -0.11328 0.02425 0.18908 1 0 1.0
cl_black
0 0.00000 -3.04000 1.30000 0.49678 -0.86045 -0.11328 0.00000 0.26000 1 0 1.0
0 0.12124 -2.92332 0.94542 0.49678 -0.86045 -0.11328 0.02425 0.18908 1 0 1.0
0 0.12124 -2.97000 1.30000 0.49678 -0.86045 -0.11328 0.02425 0.26000 1 0 1.0
cl_black
0 0.12124 -2.97000 1.30000 1.00000 0.00000 0.00000 -0.59400 0.26000 1 0 1.0
0 0.12124 -2.92332 0.94542 1.00000 0.00000 0.00000 -0.58466 0.18908 1 0 1.0
0 0.12124 -2.78809 0.98165 1.00000 0.00000 0.00000 -0.55762 0.19633 1 0 1.0
cl_black
0 0.12124 -2.97000 1.30000 1.00000 0.00000 0.00000 -0.59400 0.26000 1 0 1.0
0 0.12124 -2.78809 0.98165 1.00000 0.00000 0.00000 -0.55762 0.19633 1 0 1.0
0 0.12124 -2.83000 1.30000 1.00000 0.00000 0.00000 -0.56600 0.26000 1 0 1.0
cl_black
0 0.12124 -2.83000 1.30000 0.49678 0.86045 0.11328 0.02425 0.26000 1 0 1.0
0 0.12124 -2.78809 0.98165 0.49678 0.86045 0.11328 0.02425 0.19633 1 0 1.0
0 0.00000 -2.72047 0.99977 0.49678 0.86045 0.11328 0.00000 0.19995 1 0 1.0
cl_black
0 0.12124 -2.83000 1.30000 0.49678 0.86045 0.11328 0.02425 0.26000 1 0 1.0
0 0.00000 -2.72047 0.99977 0.49678 0.86045 0.11328 0.00000 0.19995 1 0 1.0
0 0.00000 -2.76000 1.30000 0.49678 0.86045 0.11328 0.00000 0.26000 1 0 1.0
cl_black
0 0.00000 -2.76000 1.30000 -0.49678 0.86045 0.11328 0.00000 0.26000 1 0 1.0
0 0.00000 -2.72047 0.99977 -0.49678 0.86045 0.11328 0.00000 0.19995 1 0 1.0
0 -0.12124 -2.78809 0.98165 -0.49678 0.86045 0.11328 -0.02425 0.19633 1 0 1.0
cl_black
0 0.00000 -2.76000 1.30000 -0.49678 0.86045 0.11328 0.00000 0.26000 1 0 1.0
0 -0.12124 -2.78809 0.98165 -0.49678 0.86045 0.11328 -0.02425 0.19633 1 0 1.0
0 -0.12124 -2.83000 1.30000 -0.49678 0.86045 0.11328 -0.02425 0.26000 1 0 1.0
cl_black
0 -0.12124 -2.83000 1.30000 -1.00000 0.00000 0.00000 -0.56600 0.26000 1 0 1.0
0 -0.12124 -2.78809 0.98165 -1.00000 0.00000 0.00000 -0.55762 0.19633 1 0 1.0
0 -0.12124 -2.92332 0.94542 -1.00000 0.00000 0.00000 -0.58466 0.18908 1 0 1.0
cl_black
0 -0.12124 -2.83000 1.30000 -1.00000 0.00000 0.00000 -0.56600 0.26000 1 0 1.0
0 -0.12124 -2.92332 0.94542 -1.00000 0.00000 0.00000 -0.58466 0.18908 1 0 1.0
0 -0.12124 -2.97000 1.30000 -1.00000 0.00000 0.00000 -0.59400 0.26000 1 0 1.0
cl_black
0 -0.12124 -2.97000 1.30000 -0.49678 -0.86045 -0.11328 -0.02425 0.26000 1 0 1.0
0 -0.12124 -2.92332 0.94542 -0.49678 -0.86045 -0.11328 -0.02425 0.18908 1 0 1.0
0 0.00000 -2.99093 0.92730 -0.49678 -0.86045 -0.11328 0.00000 0.18546 1 0 1.0
cl_black
0 -0.12124 -2.97000 1.30000 -0.49678 -0.86045 -0.11328 -0.02425 0.26000 1 0 1.0
0 0.00000 -2.99093 0.92730 -0.49678 -0.86045 -0.11328 0.00000 0.18546 1 0 1.0
0 0.00000 -3.04000 1.30000 -0.49678 -0.86045 -0.11328 0.00000 0.26000 1 0 1.0
cl_black
0 0.00000 -2.99093 0.92730 0.48316 -0.74174 -0.46517 -0.59819 0.18546 1 0 1.0
0 0.14000 -2.72583 0.65000 0.48316 -0.74174 -0.46517 -0.54517 0.13000 1 0 1.0
0 0.12124 -2.92332 0.94542 0.48316 -0.74174 -0.46517 -0.58466 0.18908 1 0 1.0
cl_black
0 0.14000 -2.72583 0.65000 0.86336 0.39245 0.31717 -0.54517 0.13000 1 0 1.0
0 0.07000 -2.62083 0.71062 0.86336 0.39245 0.31717 -0.52417 0.14212 1 0 1.0
0 0.12124 -2.92332 0.94542 0.86336 0.39245 0.31717 -0.58466 0.18908 1 0 1.0
cl_black
0 0.12124 -2.92332 0.94542 0.98619 0.04287 -0.16000 -0.58466 0.18908 1 0 1.0
0 0.07000 -2.62083 0.71062 0.98619 0.04287 -0.16000 -0.52417 0.14212 1 0 1.0
0 0.12124 -2.78809 0.98165 0.98619 0.04287 -0.16000 -0.55762 0.19633 1 0 1.0
cl_black
0 0.07000 -2.62083 0.71062 0.00000 0.85100 0.52516 -0.52417 0.14212 1 0 1.0
0 -0.07000 -2.62083 0.71062 0.00000 0.85100 0.52516 -0.52417 0.14212 1 0 1.0
0 0.12124 -2.78809 0.98165 0.00000 0.85100 0.52516 -0.55762 0.19633 1 0 1.0
cl_black
0 0.12124 -2.78809 0.98165 0.49927 0.84924 0.17178 0.02425 0.19633 1 0 1.0
0 -0.07000 -2.62083 0.71062 0.49927 0.84924 0.17178 -0.01400 0.14212 1 0 1.0
0 0.00000 -2.72047 0.99977 0.49927 0.84924 0.17178 0.00000 0.19995 1 0 1.0
cl_black
0 -0.07000 -2.62083 0.71062 -0.86130 0.37851 0.33895 -0.01400 0.14212 1 0 1.0
0 -0.14000 -2.72583 0.65000 -0.86130 0.37851 0.33895 -0.02800 0.13000 1 0 1.0
0 0.00000 -2.72047 0.99977 -0.86130 0.37851 0.33895 0.00000 0.19995 1 0 1.0
cl_black
0 0.00000 -2.72047 0.99977 -0.49963 0.84581 0.18703 -0.54409 0.19995 1 0 1.0
0 -0.14000 -2.72583 0.65000 -0.49963 0.84581 0.18703 -0.54517 0.13000 1 0 1.0
0 -0.12124 -2.78809 0.98165 -0.49963 0.84581 0.18703 -0.55762 0.19633 1 0 1.0
cl_black
0 -0.14000 -2.72583 0.65000 -0.84458 -0.53288 -0.05226 -0.54517 0.13000 1 0 1.0
0 -0.07000 -2.83083 0.58938 -0.84458 -0.53288 -0.05226 -0.56617 0.11788 1 0 1.0
0 -0.12124 -2.78809 0.98165 -0.84458 -0.53288 -0.05226 -0.55762 0.19633 1 0 1.0
cl_black
0 -0.12124 -2.78809 0.98165 -0.99044 0.03571 -0.13327 -0.55762 0.19633 1 0 1.0
0 -0.07000 -2.83083 0.58938 -0.99044 0.03571 -0.13327 -0.56617 0.11788 1 0 1.0
0 -0.12124 -2.92332 0.94542 -0.99044 0.03571 -0.13327 -0.58466 0.18908 1 0 1.0
cl_black
0 -0.07000 -2.83083 0.58938 0.00000 -0.96788 -0.25142 -0.56617 0.11788 1 0 1.0
0 0.07000 -2.83083 0.58938 0.00000 -0.96788 -0.25142 -0.56617 0.11788 1 0 1.0
0 -0.12124 -2.92332 0.94542 0.00000 -0.96788 -0.25142 -0.58466 0.18908 1 0 1.0
cl_black
0 -0.12124 -2.92332 0.94542 -0.48469 -0.74735 -0.45448 -0.02425 0.18908 1 0 1.0
0 0.07000 -2.83083 0.58938 -0.48469 -0.74735 -0.45448 0.01400 0.11788 1 0 1.0
0 0.00000 -2.99093 0.92730 -0.48469 -0.74735 -0.45448 0.00000 0.18546 1 0 1.0
cl_black
0 0.07000 -2.83083 0.58938 0.84866 -0.52395 -0.07244 0.01400 0.11788 1 0 1.0
0 0.14000 -2.72583 0.65000 0.84866 -0.52395 -0.07244 0.02800 0.13000 1 0 1.0
0 0.00000 -2.99093 0.92730 0.84866 -0.52395 -0.07244 0.00000 0.18546 1 0 1.0
cl_black
0 0.14000 -2.72583 0.65000 0.86416 0.39924 0.30634 -0.54517 0.13000 1 0 1.0
0 0.14000 -2.51924 0.38076 0.86416 0.39924 0.30634 -0.50385 0.07615 1 0 1.0
0 0.07000 -2.43351 0.46649 0.86416 0.39924 0.30634 -0.48670 0.09330 1 0 1.0
cl_black
0 0.14000 -2.72583 0.65000 0.86416 0.39924 0.30634 -0.54517 0.13000 1 0 1.0
0 0.07000 -2.43351 0.46649 0.86416 0.39924 0.30634 -0.48670 0.09330 1 0 1.0
0 0.07000 -2.62083 0.71062 0.86416 0.39924 0.30634 -0.52417 0.14212 1 0 1.0
cl_black
0 0.07000 -2.62083 0.71062 0.00000 0.79335 0.60876 0.01400 0.14212 1 0 1.0
0 0.07000 -2.43351 0.46649 0.00000 0.79335 0.60876 0.01400 0.09330 1 0 1.0
0 -0.07000 -2.43351 0.46649 0.00000 0.79335 0.60876 -0.01400 0.09330 1 0 1.0
cl_black
0 0.07000 -2.62083 0.71062 0.00000 0.79335 0.60876 0.01400 0.14212 1 0 1.0
0 -0.07000 -2.43351 0.46649 0.00000 0.79335 0.60876 -0.01400 0.09330 1 0 1.0
0 -0.07000 -2.62083 0.71062 0.00000 0.79335 0.60876 -0.01400 0.14212 1 0 1.0
cl_black
0 -0.07000 -2.62083 0.71062 -0.86416 0.39924 0.30634 -0.52417 0.14212 1 0 1.0
0 -0.07000 -2.43351 0.46649 -0.86416 0.39924 0.30634 -0.48670 0.09330 1 0 1.0
0 -0.14000 -2.51924 0.38076 -0.86416 0.39924 0.30634 -0.50385 0.07615 1 0 1.0
cl_black
0 -0.07000 -2.62083 0.71062 -0.86416 0.39924 0.30634 -0.52417 0.14212 1 0 1.0
0 -0.14000 -2.51924 0.38076 -0.86416 0.39924 0.30634 -0.50385 0.07615 1 0 1.0
0 -0.14000 -2.72583 0.65000 -0.86416 0.39924 0.30634 -0.54517 0.13000 1 0 1.0
cl_black
0 -0.14000 -2.72583 0.65000 -0.86416 -0.39924 -0.30634 -0.54517 0.13000 1 0 1.0
0 -0.14000 -2.51924 0.38076 -0.86416 -0.39924 -0.30634 -0.50385 0.07615 1 0 1.0
0 -0.07000 -2.60497 0.29503 -0.86416 -0.39924 -0.30634 -0.52099 0.05901 1 0 1.0
cl_black
0 -0.14000 -2.72583 0.65000 -0.86416 -0.39924 -0.30634 -0.54517 0.13000 1 0 1.0
0 -0.07000 -2.60497 0.29503 -0.86416 -0.39924 -0.30634 -0.52099 0.05901 1 0 1.0
0 -0.07000 -2.83083 0.58938 -0.86416 -0.39924 -0.30634 -0.56617 0.11788 1 0 1.0
cl_black
0 -0.07000 -2.83083 0.58938 0.00000 -0.79335 -0.60876 -0.01400 0.11788 1 0 1.0
0 -0.07000 -2.60497 0.29503 0.00000 -0.79335 -0.60876 -0.01400 0.05901 1 0 1.0
0 0.07000 -2.60497 0.29503 0.00000 -0.79335 -0.60876 0.01400 0.05901 1 0 1.0
cl_black
0 -0.07000 -2.83083 0.58938 0.00000 -0.79335 -0.60876 -0.01400 0.11788 1 0 1.0
0 0.07000 -2.60497 0.29503 0.00000 -0.79335 -0.60876 0.01400 0.05901 1 0 1.0
0 0.07000 -2.83083 0.58938 0.00000 -0.79335 -0.60876 0.01400 0.11788 1 0 1.0
cl_black
0 0.07000 -2.83083 0.58938 0.86416 -0.39924 -0.30634 -0.56617 0.11788 1 0 1.0
0 0.07000 -2.60497 0.29503 0.86416 -0.39924 -0.30634 -0.52099 0.05901 1 0 1.0
0 0.14000 -2.51924 0.38076 0.86416 -0.39924 -0.30634 -0.50385 0.07615 1 0 1.0
cl_black
0 0.07000 -2.83083 0.58938 0.86416 -0.39924 -0.30634 -0.56617 0.11788 1 0 1.0
0 0.14000 -2.51924 0.38076 0.86416 -0.39924 -0.30634 -0.50385 0.07615 1 0 1.0
0 0.14000 -2.72583 0.65000 0.86416 -0.39924 -0.30634 -0.54517 0.13000 1 0 1.0
cl_black
0 0.14000 -2.51924 0.38076 0.86416 0.30634 0.39924 -0.50385 0.07615 1 0 1.0
0 0.14000 -2.25000 0.17417 0.86416 0.30634 0.39924 -0.45000 0.03483 1 0 1.0
0 0.07000 -2.18938 0.27917 0.86416 0.30634 0.39924 -0.43788 0.05583 1 0 1.0
cl_black
0 0.14000 -2.51924 0.38076 0.86416 0.30634 0.39924 -0.50385 0.07615 1 0 1.0
0 0.07000 -2.18938 0.27917 0.86416 0.30634 0.39924 -0.43788 0.05583 1 0 1.0
0 0.07000 -2.43351 0.46649 0.86416 0.30634 0.39924 -0.48670 0.09330 1 0 1.0
cl_black
0 0.07000 -2.43351 0.46649 0.00000 0.60876 0.79335 0.01400 -0.48670 1 0 1.0
0 0.07000 -2.18938 0.27917 0.00000 0.60876 0.79335 0.01400 -0.43788 1 0 1.0
0 -0.07000 -2.18938 0.27917 0.00000 0.60876 0.79335 -0.01400 -0.43788 1 0 1.0
cl_black
0 0.07000 -2.43351 0.46649 0.00000 0.60876 0.79335 0.01400 -0.48670 1 0 1.0
0 -0.07000 -2.18938 0.27917 0.00000 0.60876 0.79335 -0.01400 -0.43788 1 0 1.0
0 -0.07000 -2.43351 0.46649 0.00000 0.60876 0.79335 -0.01400 -0.48670 1 0 1.0
cl_black
0 -0.07000 -2.43351 0.46649 -0.86416 0.30634 0.39924 -0.48670 0.09330 1 0 1.0
0 -0.07000 -2.18938 0.27917 -0.86416 0.30634 0.39924 -0.43788 0.05583 1 0 1.0
0 -0.14000 -2.25000 0.17417 -0.86416 0.30634 0.39924 -0.45000 0.03483 1 0 1.0
cl_black
0 -0.07000 -2.43351 0.46649 -0.86416 0.30634 0.39924 -0.48670 0.09330 1 0 1.0
0 -0.14000 -2.25000 0.17417 -0.86416 0.30634 0.39924 -0.45000 0.03483 1 0 1.0
0 -0.14000 -2.51924 0.38076 -0.86416 0.30634 0.39924 -0.50385 0.07615 1 0 1.0
cl_black
0 -0.14000 -2.51924 0.38076 -0.86416 -0.30634 -0.39924 -0.50385 0.07615 1 0 1.0
0 -0.14000 -2.25000 0.17417 -0.86416 -0.30634 -0.39924 -0.45000 0.03483 1 0 1.0
0 -0.07000 -2.31062 0.06917 -0.86416 -0.30634 -0.39924 -0.46212 0.01383 1 0 1.0
cl_black
0 -0.14000 -2.51924 0.38076 -0.86416 -0.30634 -0.39924 -0.50385 0.07615 1 0 1.0
0 -0.07000 -2.31062 0.06917 -0.86416 -0.30634 -0.39924 -0.46212 0.01383 1 0 1.0
0 -0.07000 -2.60497 0.29503 -0.86416 -0.30634 -0.39924 -0.52099 0.05901 1 0 1.0
cl_black
0 -0.07000 -2.60497 0.29503 0.00000 -0.60876 -0.79335 -0.01400 -0.52099 1 0 1.0
0 -0.07000 -2.31062 0.06917 0.00000 -0.60876 -0.79335 -0.01400 -0.46212 1 0 1.0
0 0.07000 -2.31062 0.06917 0.00000 -0.60876 -0.79335 0.01400 -0.46212 1 0 1.0
cl_black
0 -0.07000 -2.60497 0.29503 0.00000 -0.60876 -0.79335 -0.01400 -0.52099 1 0 1.0
0 0.07000 -2.31062 0.06917 0.00000 -0.60876 -0.79335 0.01400 -0.46212 1 0 1.0
0 0.07000 -2.60497 0.29503 0.00000 -0.60876 -0.79335 0.01400 -0.52099 1 0 1.0
cl_black
0 0.07000 -2.60497 0.29503 0.86416 -0.30634 -0.39924 -0.52099 0.05901 1 0 1.0
0 0.07000 -2.31062 0.06917 0.86416 -0.30634 -0.39924 -0.46212 0.01383 1 0 1.0
0 0.14000 -2.25000 0.17417 0.86416 -0.30634 -0.39924 -0.45000 0.03483 1 0 1.0
cl_black
0 0.07000 -2.60497 0.29503 0.86416 -0.30634 -0.39924 -0.52099 0.05901 1 0 1.0
0 0.14000 -2.25000 0.17417 0.86416 -0.30634 -0.39924 -0.45000 0.03483 1 0 1.0
0 0.14000 -2.51924 0.38076 0.86416 -0.30634 -0.39924 -0.50385 0.07615 1 0 1.0
cl_black
0 0.14000 -2.25000 0.17417 0.86416 0.19258 0.46492 -0.45000 0.03483 1 0 1.0
0 0.14000 -1.93646 0.04430 0.86416 0.19258 0.46492 -0.38729 0.00886 1 0 1.0
0 0.07000 -1.90508 0.16141 0.86416 0.19258 0.46492 -0.38102 0.03228 1 0 1.0
cl_black
0 0.14000 -2.25000 0.17417 0.86416 0.19258 0.46492 -0.45000 0.03483 1 0 1.0
0 0.07000 -1.90508 0.16141 0.86416 0.19258 0.46492 -0.38102 0.03228 1 0 1.0
0 0.07000 -2.18938 0.27917 0.86416 0.19258 0.46492 -0.43788 0.05583 1 0 1.0
cl_black
0 0.07000 -2.18938 0.27917 0.00000 0.38268 0.92388 0.01400 -0.43788 1 0 1.0
0 0.07000 -1.90508 0.16141 0.00000 0.38268 0.92388 0.01400 -0.38102 1 0 1.0
0 -0.07000 -1.90508 0.16141 0.00000 0.38268 0.92388 -0.01400 -0.38102 1 0 1.0
cl_black
0 0.07000 -2.18938 0.27917 0.00000 0.38268 0.92388 0.01400 -0.43788 1 0 1.0
0 -0.07000 -1.90508 0.16141 0.00000 0.38268 0.92388 -0.01400 -0.38102 1 0 1.0
0 -0.07000 -2.18938 0.27917 0.00000 0.38268 0.92388 -0.01400 -0.43788 1 0 1.0
cl_black
0 -0.07000 -2.18938 0.27917 -0.86416 0.19258 0.46492 -0.43788 0.05583 1 0 1.0
0 -0.07000 -1.90508 0.16141 -0.86416 0.19258 0.46492 -0.38102 0.03228 1 0 1.0
0 -0.14000 -1.93646 0.04430 -0.86416 0.19258 0.46492 -0.38729 0.00886 1 0 1.0
cl_black
0 -0.07000 -2.18938 0.27917 -0.86416 0.19258 0.46492 -0.43788 0.05583 1 0 1.0
0 -0.14000 -1.93646 0.04430 -0.86416 0.19258 0.46492 -0.38729 0.00886 1 0 1.0
0 -0.14000 -2.25000 0.17417 -0.86416 0.19258 0.46492 -0.45000 0.03483 1 0 1.0
cl_black
0 -0.14000 -2.25000 0.17417 -0.86416 -0.19258 -0.46492 -0.45000 0.03483 1 0 1.0
0 -0.14000 -1.93646 0.04430 -0.86416 -0.19258 -0.46492 -0.38729 0.00886 1 0 1.0
0 -0.07000 -1.96784 -0.07282 -0.86416 -0.19258 -0.46492 -0.39357 -0.01456 1 0 1.0
cl_black
0 -0.14000 -2.25000 0.17417 -0.86416 -0.19258 -0.46492 -0.45000 0.03483 1 0 1.0
0 -0.07000 -1.96784 -0.07282 -0.86416 -0.19258 -0.46492 -0.39357 -0.01456 1 0 1.0
0 -0.07000 -2.31062 0.06917 -0.86416 -0.19258 -0.46492 -0.46212 0.01383 1 0 1.0
cl_black
0 -0.07000 -2.31062 0.06917 0.00000 -0.38268 -0.92388 -0.01400 -0.46212 1 0 1.0
0 -0.07000 -1.96784 -0.07282 0.00000 -0.38268 -0.92388 -0.01400 -0.39357 1 0 1.0
0 0.07000 -1.96784 -0.07282 0.00000 -0.38268 -0.92388 0.01400 -0.39357 1 0 1.0
cl_black
0 -0.07000 -2.31062 0.06917 0.00000 -0.38268 -0.92388 -0.01400 -0.46212 1 0 1.0
0 0.07000 -1.96784 -0.07282 0.00000 -0.38268 -0.92388 0.01400 -0.39357 1 0 1.0
0 0.07000 -2.31062 0.06917 0.00000 -0.38268 -0.92388 0.01400 -0.46212 1 0 1.0
cl_black
0 0.07000 -2.31062 0.06917 0.86416 -0.19258 -0.46492 -0.46212 0.01383 1 0 1.0
0 0.07000 -1.96784 -0.07282 0.86416 -0.19258 -0.46492 -0.39357 -0.01456 1 0 1.0
0 0.14000 -1.93646 0.04430 0.86416 -0.19258 -0.46492 -0.38729 0.00886 1 0 1.0
cl_black
0 0.07000 -2.31062 0.06917 0.86416 -0.19258 -0.46492 -0.46212 0.01383 1 0 1.0
0 0.14000 -1.93646 0.04430 0.86416 -0.19258 -0.46492 -0.38729 0.00886 1 0 1.0
0 0.14000 -2.25000 0.17417 0.86416 -0.19258 -0.46492 -0.45000 0.03483 1 0 1.0
cl_black
0 0.14000 -1.93646 0.04430 0.86416 0.06568 0.49892 -0.38729 0.00886 1 0 1.0
0 0.14000 -1.60000 0.00000 0.86416 0.06568 0.49892 -0.32000 0.00000 1 0 1.0
0 0.07000 -1.60000 0.12124 0.86416 0.06568 0.49892 -0.32000 0.02425 1 0 1.0
cl_black
0 0.14000 -1.93646 0.04430 0.86416 0.06568 0.49892 -0.38729 0.00886 1 0 1.0
0 0.07000 -1.60000 0.12124 0.86416 0.06568 0.49892 -0.32000 0.02425 1 0 1.0
0 0.07000 -1.90508 0.16141 0.86416 0.06568 0.49892 -0.38102 0.03228 1 0 1.0
cl_black
0 0.07000 -1.90508 0.16141 0.00000 0.13053 0.99144 0.01400 -0.38102 1 0 1.0
0 0.07000 -1.60000 0.12124 0.00000 0.13053 0.99144 0.01400 -0.32000 1 0 1.0
0 -0.07000 -1.60000 0.12124 0.00000 0.13053 0.99144 -0.01400 -0.32000 1 0 1.0
cl_black
0 0.07000 -1.90508 0.16141 0.00000 0.13053 0.99144 0.01400 -0.38102 1 0 1.0
0 -0.07000 -1.60000 0.12124 0.00000 0.13053 0.99144 -0.01400 -0.32000 1 0 1.0
0 -0.07000 -1.90508 0.16141 0.00000 0.13053 0.99144 -0.01400 -0.38102 1 0 1.0
cl_black
0 -0.07000 -1.90508 0.16141 -0.86416 0.06568 0.49892 -0.38102 0.03228 1 0 1.0
0 -0.07000 -1.60000 0.12124 -0.86416 0.06568 0.49892 -0.32000 0.02425 1 0 1.0
0 -0.14000 -1.60000 0.00000 -0.86416 0.06568 0.49892 -0.32000 0.00000 1 0 1.0
cl_black
0 -0.07000 -1.90508 0.16141 -0.86416 0.06568 0.49892 -0.38102 0.03228 1 0 1.0
0 -0.14000 -1.60000 0.00000 -0.86416 0.06568 0.49892 -0.32000 0.00000 1 0 1.0
0 -0.14000 -1.93646 0.04430 -0.86416 0.06568 0.49892 -0.38729 0.00886 1 0 1.0
cl_black
0 -0.14000 -1.93646 0.04430 -0.86416 -0.06568 -0.49892 -0.38729 0.00886 1 0 1.0
0 -0.14000 -1.60000 0.00000 -0.86416 -0.06568 -0.49892 -0.32000 0.00000 1 0 1.0
0 -0.07000 -1.60000 -0.12124 -0.86416 -0.06568 -0.49892 -0.32000 -0.02425 1 0 1.0
cl_black
0 -0.14000 -1.93646 0.04430 -0.86416 -0.06568 -0.49892 -0.38729 0.00886 1 0 1.0
0 -0.07000 -1.60000 -0.12124 -0.86416 -0.06568 -0.49892 -0.32000 -0.02425 1 0 1.0
0 -0.07000 -1.96784 -0.07282 -0.86416 -0.06568 -0.49892 -0.39357 -0.01456 1 0 1.0
cl_black
0 -0.07000 -1.96784 -0.07282 0.00000 -0.13053 -0.99144 -0.01400 -0.39357 1 0 1.0
0 -0.07000 -1.60000 -0.12124 0.00000 -0.13053 -0.99144 -0.01400 -0.32000 1 0 1.0
0 0.07000 -1.60000 -0.12124 0.00000 -0.13053 -0.99144 0.01400 -0.32000 1 0 1.0
cl_black
0 -0.07000 -1.96784 -0.07282 0.00000 -0.13053 -0.99144 -0.01400 -0.39357 1 0 1.0
0 0.07000 -1.60000 -0.12124 0.00000 -0.13053 -0.99144 0.01400 -0.32000 1 0 1.0
0 0.07000 -1.96784 -0.07282 0.00000 -0.13053 -0.99144 0.01400 -0.39357 1 0 1.0
cl_black
0 0.07000 -1.96784 -0.07282 0.86416 -0.06568 -0.49892 -0.39357 -0.01456 1 0 1.0
0 0.07000 -1.60000 -0.12124 0.86416 -0.06568 -0.49892 -0.32000 -0.02425 1 0 1.0
0 0.14000 -1.60000 0.00000 0.86416 -0.06568 -0.49892 -0.32000 0.00000 1 0 1.0
cl_black
0 0.07000 -1.96784 -0.07282 0.86416 -0.06568 -0.49892 -0.39357 -0.01456 1 0 1.0
0 0.14000 -1.60000 0.00000 0.86416 -0.06568 -0.49892 -0.32000 0.00000 1 0 1.0
0 0.14000 -1.93646 0.04430 0.86416 -0.06568 -0.49892 -0.38729 0.00886 1 0 1.0
cl_black
0 0.14000 -1.60000 0.00000 0.86416 -0.06568 0.49892 -0.32000 0.00000 1 0 1.0
0 0.14000 -1.26354 0.04430 0.86416 -0.06568 0.49892 -0.25271 0.00886 1 0 1.0
0 0.07000 -1.29492 0.16141 0.86416 -0.06568 0.49892 -0.25898 0.03228 1 0 1.0
cl_black
0 0.14000 -1.60000 0.00000 0.86416 -0.06568 0.49892 -0.32000 0.00000 1 0 1.0
0 0.07000 -1.29492 0.16141 0.86416 -0.06568 0.49892 -0.25898 0.03228 1 0 1.0
0 0.07000 -1.60000 0.12124 0.86416 -0.06568 0.49892 -0.32000 0.02425 1 0 1.0
cl_black
0 0.07000 -1.60000 0.12124 0.00000 -0.13053 0.99144 0.01400 -0.32000 1 0 1.0
0 0.07000 -1.29492 0.16141 0.00000 -0.13053 0.99144 0.01400 -0.25898 1 0 1.0
0 -0.07000 -1.29492 0.16141 0.00000 -0.13053 0.99144 -0.01400 -0.25898 1 0 1.0
cl_black
0 0.07000 -1.60000 0.12124 0.00000 -0.13053 0.99144 0.01400 -0.32000 1 0 1.0
0 -0.07000 -1.29492 0.16141 0.00000 -0.13053 0.99144 -0.01400 -0.25898 1 0 1.0
0 -0.07000 -1.60000 0.12124 0.00000 -0.13053 0.99144 -0.01400 -0.32000 1 0 1.0
cl_black
0 -0.07000 -1.60000 0.12124 -0.86416 -0.06568 0.49892 -0.32000 0.02425 1 0 1.0
0 -0.07000 -1.29492 0.16141 -0.86416 -0.06568 0.49892 -0.25898 0.03228 1 0 1.0
0 -0.14000 -1.26354 0.04430 -0.86416 -0.06568 0.49892 -0.25271 0.00886 1 0 1.0
cl_black
0 -0.07000 -1.60000 0.12124 -0.86416 -0.06568 0.49892 -0.32000 0.02425 1 0 1.0
0 -0.14000 -1.26354 0.04430 -0.86416 -0.06568 0.49892 -0.25271 0.00886 1 0 1.0
0 -0.14000 -1.60000 0.00000 -0.86416 -0.06568 0.49892 -0.32000 0.00000 1 0 1.0
cl_black
0 -0.14000 -1.60000 0.00000 -0.86416 0.06568 -0.49892 -0.32000 0.00000 1 0 1.0
0 -0.14000 -1.26354 0.04430 -0.86416 0.06568 -0.49892 -0.25271 0.00886 1 0 1.0
0 -0.07000 -1.23216 -0.07282 -0.86416 0.06568 -0.49892 -0.24643 -0.01456 1 0 1.0
cl_black
0 -0.14000 -1.60000 0.00000 -0.86416 0.06568 -0.49892 -0.32000 0.00000 1 0 1.0
0 -0.07000 -1.23216 -0.07282 -0.86416 0.06568 -0.49892 -0.24643 -0.01456 1 0 1.0
0 -0.07000 -1.60000 -0.12124 -0.86416 0.06568 -0.49892 -0.32000 -0.02425 1 0 1.0
cl_black
0 -0.07000 -1.60000 -0.12124 0.00000 0.13053 -0.99144 -0.01400 -0.32000 1 0 1.0
0 -0.07000 -1.23216 -0.07282 0.00000 0.13053 -0.99144 -0.01400 -0.24643 1 0 1.0
0 0.07000 -1.23216 -0.07282 0.00000 0.13053 -0.99144 0.01400 -0.24643 1 0 1.0
cl_black
0 -0.07000 -1.60000 -0.12124 0.00000 0.13053 -0.99144 -0.01400 -0.32000 1 0 1.0
0 0.07000 -1.23216 -0.07282 0.00000 0.13053 -0.99144 0.01400 -0.24643 1 0 1.0
0 0.07000 -1.60000 -0.12124 0.00000 0.13053 -0.99144 0.01400 -0.32000 1 0 1.0
cl_black
0 0.07000 -1.60000 -0.12124 0.86416 0.06568 -0.49892 -0.32000 -0.02425 1 0 1.0
0 0.07000 -1.23216 -0.07282 0.86416 0.06568 -0.49892 -0.24643 -0.01456 1 0 1.0
0 0.14000 -1.26354 0.04430 0.86416 0.06568 -0.49892 -0.25271 0.00886 1 0 1.0
cl_black
0 0.07000 -1.60000 -0.12124 0.86416 0.06568 -0.49892 -0.32000 -0.02425 1 0 1.0
0 0.14000 -1.26354 0.04430 0.86416 0.06568 -0.49892 -0.25271 0.00886 1 0 1.0
0 0.14000 -1.60000 0.00000 0.86416 0.06568 -0.49892 -0.32000 0.00000 1 0 1.0
cl_black
0 0.14000 -1.26354 0.04430 0.86416 -0.19258 0.46492 -0.25271 0.00886 1 0 1.0
0 0.14000 -0.95000 0.17417 0.86416 -0.19258 0.46492 -0.19000 0.03483 1 0 1.0
0 0.07000 -1.01062 0.27917 0.86416 -0.19258 0.46492 -0.20212 0.05583 1 0 1.0
cl_black
0 0.14000 -1.26354 0.04430 0.86416 -0.19258 0.46492 -0.25271 0.00886 1 0 1.0
0 0.07000 -1.01062 0.27917 0.86416 -0.19258 0.46492 -0.20212 0.05583 1 0 1.0
0 0.07000 -1.29492 0.16141 0.86416 -0.19258 0.46492 -0.25898 0.03228 1 0 1.0
cl_black
0 0.07000 -1.29492 0.16141 0.00000 -0.38268 0.92388 0.01400 -0.25898 1 0 1.0
0 0.07000 -1.01062 0.27917 0.00000 -0.38268 0.92388 0.01400 -0.20212 1 0 1.0
0 -0.07000 -1.01062 0.27917 0.00000 -0.38268 0.92388 -0.01400 -0.20212 1 0 1.0
cl_black
0 0.07000 -1.29492 0.16141 0.00000 -0.38268 0.92388 0.01400 -0.25898 1 0 1.0
0 -0.07000 -1.01062 0.27917 0.00000 -0.38268 0.92388 -0.01400 -0.20212 1 0 1.0
0 -0.07000 -1.29492 0.16141 0.00000 -0.38268 0.92388 -0.01400 -0.25898 1 0 1.0
cl_black
0 -0.07000 -1.29492 0.16141 -0.86416 -0.19258 0.46492 -0.25898 0.03228 1 0 1.0
0 -0.07000 -1.01062 0.27917 -0.86416 -0.19258 0.46492 -0.20212 0.05583 1 0 1.0
0 -0.14000 -0.95000 0.17417 -0.86416 -0.19258 0.46492 -0.19000 0.03483 1 0 1.0
cl_black
0 -0.07000 -1.29492 0.16141 -0.86416 -0.19258 0.46492 -0.25898 0.03228 1 0 1.0
0 -0.14000 -0.95000 0.17417 -0.86416 -0.19258 0.46492 -0.19000 0.03483 1 0 1.0
0 -0.14000 -1.26354 0.04430 -0.86416 -0.19258 0.46492 -0.25271 0.00886 1 0 1.0
cl_black
0 -0.14000 -1.26354 0.04430 -0.86416 0.19258 -0.46492 -0.25271 0.00886 1 0 1.0
0 -0.14000 -0.95000 0.17417 -0.86416 0.19258 -0.46492 -0.19000 0.03483 1 0 1.0
0 -0.07000 -0.88938 0.06917 -0.86416 0.19258 -0.46492 -0.17788 0.01383 1 0 1.0
cl_black
0 -0.14000 -1.26354 0.04430 -0.86416 0.19258 -0.46492 -0.25271 0.00886 1 0 1.0
0 -0.07000 -0.88938 0.06917 -0.86416 0.19258 -0.46492 -0.17788 0.01383 1 0 1.0
0 -0.07000 -1.23216 -0.07282 -0.86416 0.19258 -0.46492 -0.24643 -0.01456 1 0 1.0
cl_black
0 -0.07000 -1.23216 -0.07282 0.00000 0.38268 -0.92388 -0.01400 -0.24643 1 0 1.0
0 -0.07000 -0.88938 0.06917 0.00000 0.38268 -0.92388 -0.01400 -0.17788 1 0 1.0
0 0.07000 -0.88938 0.06917 0.00000 0.38268 -0.92388 0.01400 -0.17788 1 0 1.0
cl_black
0 -0.07000 -1.23216 -0.07282 0.00000 0.38268 -0.92388 -0.01400 -0.24643 1 0 1.0
0 0.07000 -0.88938 0.06917 0.00000 0.38268 -0.92388 0.01400 -0.17788 1 0 1.0
0 0.07000 -1.23216 -0.07282 0.00000 0.38268 -0.92388 0.01400 -0.24643 1 0 1.0
cl_black
0 0.07000 -1.23216 -0.07282 0.86416 0.19258 -0.46492 -0.24643 -0.01456 1 0 1.0
0 0.07000 -0.88938 0.06917 0.86416 0.19258 -0.46492 -0.17788 0.01383 1 0 1.0
0 0.14000 -0.95000 0.17417 0.86416 0.19258 -0.46492 -0.19000 0.03483 1 0 1.0
cl_black
0 0.07000 -1.23216 -0.07282 0.86416 0.19258 -0.46492 -0.24643 -0.01456 1 0 1.0
0 0.14000 -0.95000 0.17417 0.86416 0.19258 -0.46492 -0.19000 0.03483 1 0 1.0
0 0.14000 -1.26354 0.04430 0.86416 0.19258 -0.46492 -0.25271 0.00886 1 0 1.0
cl_black
0 0.14000 -0.95000 0.17417 0.86416 -0.30634 0.39924 -0.19000 0.03483 1 0 1.0
0 0.14000 -0.68076 0.38076 0.86416 -0.30634 0.39924 -0.13615 0.07615 1 0 1.0
0 0.07000 -0.76649 0.46649 0.86416 -0.30634 0.39924 -0.15330 0.09330 1 0 1.0
cl_black
0 0.14000 -0.95000 0.17417 0.86416 -0.30634 0.39924 -0.19000 0.03483 1 0 1.0
0 0.07000 -0.76649 0.46649 0.86416 -0.30634 0.39924 -0.15330 0.09330 1 0 1.0
0 0.07000 -1.01062 0.27917 0.86416 -0.30634 0.39924 -0.20212 0.05583 1 0 1.0
cl_black
0 0.07000 -1.01062 0.27917 0.00000 -0.60876 0.79335 0.01400 -0.20212 1 0 1.0
0 0.07000 -0.76649 0.46649 0.00000 -0.60876 0.79335 0.01400 -0.15330 1 0 1.0
0 -0.07000 -0.76649 0.46649 0.00000 -0.60876 0.79335 -0.01400 -0.15330 1 0 1.0
cl_black
0 0.07000 -1.01062 0.27917 0.00000 -0.60876 0.79335 0.01400 -0.20212 1 0 1.0
0 -0.07000 -0.76649 0.46649 0.00000 -0.60876 0.79335 -0.01400 -0.15330 1 0 1.0
0 -0.07000 -1.01062 0.27917 0.00000 -0.60876 0.79335 -0.01400 -0.20212 1 0 1.0
cl_black
0 -0.07000 -1.01062 0.27917 -0.86416 -0.30634 0.39924 -0.20212 0.05583 1 0 1.0
0 -0.07000 -0.76649 0.46649 -0.86416 -0.30634 0.39924 -0.15330 0.09330 1 0 1.0
0 -0.14000 -0.68076 0.38076 -0.86416 -0.30634 0.39924 -0.13615 0.07615 1 0 1.0
cl_black
0 -0.07000 -1.01062 0.27917 -0.86416 -0.30634 0.39924 -0.20212 0.05583 1 0 1.0
0 -0.14000 -0.68076 0.38076 -0.86416 -0.30634 0.39924 -0.13615 0.07615 1 0 1.0
0 -0.14000 -0.95000 0.17417 -0.86416 -0.30634 0.39924 -0.19000 0.03483 1 0 1.0
cl_black
0 -0.14000 -0.95000 0.17417 -0.86416 0.30634 -0.39924 -0.19000 0.03483 1 0 1.0
0 -0.14000 -0.68076 0.38076 -0.86416 0.30634 -0.39924 -0.13615 0.07615 1 0 1.0
0 -0.07000 -0.59503 0.29503 -0.86416 0.30634 -0.39924 -0.11901 0.05901 1 0 1.0
cl_black
0 -0.14000 -0.95000 0.17417 -0.86416 0.30634 -0.39924 -0.19000 0.03483 1 0 1.0
0 -0.07000 -0.59503 0.29503 -0.86416 0.30634 -0.39924 -0.11901 0.05901 1 0 1.0
0 -0.07000 -0.88938 0.06917 -0.86416 0.30634 -0.39924 -0.17788 0.01383 1 0 1.0
cl_black
0 -0.07000 -0.88938 0.06917 0.00000 0.60876 -0.79335 -0.01400 -0.17788 1 0 1.0
0 -0.07000 -0.59503 0.29503 0.00000 0.60876 -0.79335 -0.01400 -0.11901 1 0 1.0
0 0.07000 -0.59503 0.29503 0.00000 0.60876 -0.79335 0.01400 -0.11901 1 0 1.0
cl_black
0 -0.07000 -0.88938 0.06917 0.00000 0.60876 -0.79335 -0.01400 -0.17788 1 0 1.0
0 0.07000 -0.59503 0.29503 0.00000 0.60876 -0.79335 0.01400 -0.11901 1 0 1.0
0 0.07000 -0.88938 0.06917 0.00000 0.60876 -0.79335 0.01400 -0.17788 1 0 1.0
cl_black
0 0.07000 -0.88938 0.06917 0.86416 0.30634 -0.39924 -0.17788 0.01383 1 0 1.0
0 0.07000 -0.59503 0.29503 0.86416 0.30634 -0.39924 -0.11901 0.05901 1 0 1.0
0 0.14000 -0.68076 0.38076 0.86416 0.30634 -0.39924 -0.13615 0.07615 1 0 1.0
cl_black
0 0.07000 -0.88938 0.06917 0.86416 0.30634 -0.39924 -0.17788 0.01383 1 0 1.0
0 0.14000 -0.68076 0.38076 0.86416 0.30634 -0.39924 -0.13615 0.07615 1 0 1.0
0 0.14000 -0.95000 0.17417 0.86416 0.30634 -0.39924 -0.19000 0.03483 1 0 1.0
cl_black
0 0.14000 -0.68076 0.38076 0.86416 -0.39924 0.30634 -0.13615 0.07615 1 0 1.0
0 0.14000 -0.47417 0.65000 0.86416 -0.39924 0.30634 -0.09483 0.13000 1 0 1.0
0 0.07000 -0.57917 0.71062 0.86416 -0.39924 0.30634 -0.11583 0.14212 1 0 1.0
cl_black
0 0.14000 -0.68076 0.38076 0.86416 -0.39924 0.30634 -0.13615 0.07615 1 0 1.0
0 0.07000 -0.57917 0.71062 0.86416 -0.39924 0.30634 -0.11583 0.14212 1 0 1.0
0 0.07000 -0.76649 0.46649 0.86416 -0.39924 0.30634 -0.15330 0.09330 1 0 1.0
cl_black
0 0.07000 -0.76649 0.46649 0.00000 -0.79335 0.60876 0.01400 0.09330 1 0 1.0
0 0.07000 -0.57917 0.71062 0.00000 -0.79335 0.60876 0.01400 0.14212 1 0 1.0
0 -0.07000 -0.57917 0.71062 0.00000 -0.79335 0.60876 -0.01400 0.14212 1 0 1.0
cl_black
0 0.07000 -0.76649 0.46649 0.00000 -0.79335 0.60876 0.01400 0.09330 1 0 1.0
0 -0.07000 -0.57917 0.71062 0.00000 -0.79335 0.60876 -0.01400 0.14212 1 0 1.0
0 -0.07000 -0.76649 0.46649 0.00000 -0.79335 0.60876 -0.01400 0.09330 1 0 1.0
cl_black
0 -0.07000 -0.76649 0.46649 -0.86416 -0.39924 0.30634 -0.15330 0.09330 1 0 1.0
0 -0.07000 -0.57917 0.71062 -0.86416 -0.39924 0.30634 -0.11583 0.14212 1 0 1.0
0 -0.14000 -0.47417 0.65000 -0.86416 -0.39924 0.30634 -0.09483 0.13000 1 0 1.0
cl_black
0 -0.07000 -0.76649 0.46649 -0.86416 -0.39924 0.30634 -0.15330 0.09330 1 0 1.0
0 -0.14000 -0.47417 0.65000 -0.86416 -0.39924 0.30634 -0.09483 0.13000 1 0 1.0
0 -0.14000 -0.68076 0.38076 -0.86416 -0.39924 0.30634 -0.13615 0.07615 1 0 1.0
cl_black
0 -0.14000 -0.68076 0.38076 -0.86416 0.39924 -0.30634 -0.13615 0.07615 1 0 1.0
0 -0.14000 -0.47417 0.65000 -0.86416 0.39924 -0.30634 -0.09483 0.13000 1 0 1.0
0 -0.07000 -0.36917 0.58938 -0.86416 0.39924 -0.30634 -0.07383 0.11788 1 0 1.0
cl_black
0 -0.14000 -0.68076 0.38076 -0.86416 0.39924 -0.30634 -0.13615 0.07615 1 0 1.0
0 -0.07000 -0.36917 0.58938 -0.86416 0.39924 -0.30634 -0.07383 0.11788 1 0 1.0
0 -0.07000 -0.59503 0.29503 -0.86416 0.39924 -0.30634 -0.11901 0.05901 1 0 1.0
cl_black
0 -0.07000 -0.59503 0.29503 0.00000 0.79335 -0.60876 -0.01400 0.05901 1 0 1.0
0 -0.07000 -0.36917 0.58938 0.00000 0.79335 -0.60876 -0.01400 0.11788 1 0 1.0
0 0.07000 -0.36917 0.58938 0.00000 0.79335 -0.60876 0.01400 0.11788 1 0 1.0
cl_black
0 -0.07000 -0.59503 0.29503 0.00000 0.79335 -0.60876 -0.01400 0.05901 1 0 1.0
0 0.07000 -0.36917 0.58938 0.00000 0.79335 -0.60876 0.01400 0.11788 1 0 1.0
0 0.07000 -0.59503 0.29503 0.00000 0.79335 -0.60876 0.01400 0.05901 1 0 1.0
cl_black
0 0.07000 -0.59503 0.29503 0.86416 0.39924 -0.30634 -0.11901 0.05901 1 0 1.0
0 0.07000 -0.36917 0.58938 0.86416 0.39924 -0.30634 -0.07383 0.11788 1 0 1.0
0 0.14000 -0.47417 0.65000 0.86416 0.39924 -0.30634 -0.09483 0.13000 1 0 1.0
cl_black
0 0.07000 -0.59503 0.29503 0.86416 0.39924 -0.30634 -0.11901 0.05901 1 0 1.0
0 0.14000 -0.47417 0.65000 0.86416 0.39924 -0.30634 -0.09483 0.13000 1 0 1.0
0 0.14000 -0.68076 0.38076 0.86416 0.39924 -0.30634 -0.13615 0.07615 1 0 1.0
cl_black
0 0.14000 -0.47417 0.65000 0.79054 -0.19111 0.58182 -0.09483 0.13000 1 0 1.0
0 0.00000 -0.20907 0.92730 0.79054 -0.19111 0.58182 -0.04181 0.18546 1 0 1.0
0 0.07000 -0.57917 0.71062 0.79054 -0.19111 0.58182 -0.11583 0.14212 1 0 1.0
cl_black
0 0.00000 -0.20907 0.92730 0.40175 0.51807 -0.75511 -0.04181 0.18546 1 0 1.0
0 0.12124 -0.27668 0.94542 0.40175 0.51807 -0.75511 -0.05534 0.18908 1 0 1.0
0 0.07000 -0.57917 0.71062 0.40175 0.51807 -0.75511 -0.11583 0.14212 1 0 1.0
cl_black
0 0.07000 -0.57917 0.71062 0.00000 -0.61318 0.78995 -0.11583 0.14212 1 0 1.0
0 0.12124 -0.27668 0.94542 0.00000 -0.61318 0.78995 -0.05534 0.18908 1 0 1.0
0 -0.07000 -0.57917 0.71062 0.00000 -0.61318 0.78995 -0.11583 0.14212 1 0 1.0
cl_black
0 0.12124 -0.27668 0.94542 0.84729 -0.13747 -0.51303 -0.05534 0.18908 1 0 1.0
0 0.12124 -0.41191 0.98165 0.84729 -0.13747 -0.51303 -0.08238 0.19633 1 0 1.0
0 -0.07000 -0.57917 0.71062 0.84729 -0.13747 -0.51303 -0.11583 0.14212 1 0 1.0
cl_black
0 -0.07000 -0.57917 0.71062 -0.76364 -0.14598 0.62892 -0.01400 0.14212 1 0 1.0
0 0.12124 -0.41191 0.98165 -0.76364 -0.14598 0.62892 0.02425 0.19633 1 0 1.0
0 -0.14000 -0.47417 0.65000 -0.76364 -0.14598 0.62892 -0.02800 0.13000 1 0 1.0
cl_black
0 0.12124 -0.41191 0.98165 0.45521 -0.86865 -0.19551 0.02425 0.19633 1 0 1.0
0 0.00000 -0.47953 0.99977 0.45521 -0.86865 -0.19551 0.00000 0.19995 1 0 1.0
0 -0.14000 -0.47417 0.65000 0.45521 -0.86865 -0.19551 -0.02800 0.13000 1 0 1.0
cl_black
0 -0.14000 -0.47417 0.65000 -0.70854 0.64177 0.29343 -0.09483 0.13000 1 0 1.0
0 0.00000 -0.47953 0.99977 -0.70854 0.64177 0.29343 -0.09591 0.19995 1 0 1.0
0 -0.07000 -0.36917 0.58938 -0.70854 0.64177 0.29343 -0.07383 0.11788 1 0 1.0
cl_black
0 0.00000 -0.47953 0.99977 -0.46329 -0.87244 -0.15559 -0.09591 0.19995 1 0 1.0
0 -0.12124 -0.41191 0.98165 -0.46329 -0.87244 -0.15559 -0.08238 0.19633 1 0 1.0
0 -0.07000 -0.36917 0.58938 -0.46329 -0.87244 -0.15559 -0.07383 0.11788 1 0 1.0
cl_black
0 -0.07000 -0.36917 0.58938 0.00000 0.99412 0.10832 -0.07383 0.11788 1 0 1.0
0 -0.12124 -0.41191 0.98165 0.00000 0.99412 0.10832 -0.08238 0.19633 1 0 1.0
0 0.07000 -0.36917 0.58938 0.00000 0.99412 0.10832 -0.07383 0.11788 1 0 1.0
cl_black
0 -0.12124 -0.41191 0.98165 -0.88725 -0.11939 -0.44557 -0.08238 0.19633 1 0 1.0
0 -0.12124 -0.27668 0.94542 -0.88725 -0.11939 -0.44557 -0.05534 0.18908 1 0 1.0
0 0.07000 -0.36917 0.58938 -0.88725 -0.11939 -0.44557 -0.07383 0.11788 1 0 1.0
cl_black
0 0.07000 -0.36917 0.58938 -0.48469 0.74735 -0.45448 0.01400 0.11788 1 0 1.0
0 -0.12124 -0.27668 0.94542 -0.48469 0.74735 -0.45448 -0.02425 0.18908 1 0 1.0
0 0.00000 -0.20907 0.92730 -0.48469 0.74735 -0.45448 0.00000 0.18546 1 0 1.0
cl_black
0 0.07000 -0.36917 0.58938 0.84866 0.52395 -0.07244 0.01400 0.11788 1 0 1.0
0 0.00000 -0.20907 0.92730 0.84866 0.52395 -0.07244 0.00000 0.18546 1 0 1.0
0 0.14000 -0.47417 0.65000 0.84866 0.52395 -0.07244 0.02800 0.13000 1 0 1.0
cl_black
0 0.00000 -0.20907 0.92730 0.50000 0.85823 -0.11591 0.00000 0.18546 1 0 1.0
0 0.00000 -0.16120 1.28173 0.50000 0.85823 -0.11591 0.00000 0.25635 1 0 1.0
0 0.12124 -0.23060 1.29086 0.50000 0.85823 -0.11591 0.02425 0.25817 1 0 1.0
cl_black
0 0.00000 -0.20907 0.92730 0.49687 0.86021 -0.11475 0.00000 0.18546 1 0 1.0
0 0.12124 -0.23060 1.29086 0.49687 0.86021 -0.11475 0.02425 0.25817 1 0 1.0
0 0.12124 -0.27668 0.94542 0.49687 0.86021 -0.11475 0.02425 0.18908 1 0 1.0
cl_black
0 0.12124 -0.27668 0.94542 1.00000 0.00000 0.00000 -0.05534 0.18908 1 0 1.0
0 0.12124 -0.23060 1.29086 1.00000 0.00000 0.00000 -0.04612 0.25817 1 0 1.0
0 0.12124 -0.36940 1.30914 1.00000 0.00000 0.00000 -0.07388 0.26183 1 0 1.0
cl_black
0 0.12124 -0.27668 0.94542 1.00000 0.00000 0.00000 -0.05534 0.18908 1 0 1.0
0 0.12124 -0.36940 1.30914 1.00000 0.00000 0.00000 -0.07388 0.26183 1 0 1.0
0 0.12124 -0.41191 0.98165 1.00000 0.00000 0.00000 -0.08238 0.19633 1 0 1.0
cl_black
0 0.12124 -0.41191 0.98165 0.50000 -0.85882 0.11148 0.02425 0.19633 1 0 1.0
0 0.12124 -0.36940 1.30914 0.50000 -0.85882 0.11148 0.02425 0.26183 1 0 1.0
0 0.00000 -0.43880 1.31827 0.50000 -0.85882 0.11148 0.00000 0.26365 1 0 1.0
cl_black
0 0.12124 -0.41191 0.98165 0.49660 -0.86097 0.11008 0.02425 0.19633 1 0 1.0
0 0.00000 -0.43880 1.31827 0.49660 -0.86097 0.11008 0.00000 0.26365 1 0 1.0
0 0.00000 -0.47953 0.99977 0.49660 -0.86097 0.11008 0.00000 0.19995 1 0 1.0
cl_black
0 0.00000 -0.47953 0.99977 -0.50000 -0.85903 0.10984 0.00000 0.19995 1 0 1.0
0 0.00000 -0.43880 1.31827 -0.50000 -0.85903 0.10984 0.00000 0.26365 1 0 1.0
0 -0.12124 -0.36940 1.30914 -0.50000 -0.85903 0.10984 -0.02425 0.26183 1 0 1.0
cl_black
0 0.00000 -0.47953 0.99977 -0.49669 -0.86071 0.11173 0.00000 0.19995 1 0 1.0
0 -0.12124 -0.36940 1.30914 -0.49669 -0.86071 0.11173 -0.02425 0.26183 1 0 1.0
0 -0.12124 -0.41191 0.98165 -0.49669 -0.86071 0.11173 -0.02425 0.19633 1 0 1.0
cl_black
0 -0.12124 -0.41191 0.98165 -1.00000 0.00000 0.00000 -0.08238 0.19633 1 0 1.0
0 -0.12124 -0.36940 1.30914 -1.00000 0.00000 0.00000 -0.07388 0.26183 1 0 1.0
0 -0.12124 -0.23060 1.29086 -1.00000 0.00000 0.00000 -0.04612 0.25817 1 0 1.0
cl_black
0 -0.12124 -0.41191 0.98165 -1.00000 0.00000 0.00000 -0.08238 0.19633 1 0 1.0
0 -0.12124 -0.23060 1.29086 -1.00000 0.00000 0.00000 -0.04612 0.25817 1 0 1.0
0 -0.12124 -0.27668 0.94542 -1.00000 0.00000 0.00000 -0.05534 0.18908 1 0 1.0
cl_black
0 -0.12124 -0.27668 0.94542 -0.50000 0.85842 -0.11451 -0.02425 0.18908 1 0 1.0
0 -0.12124 -0.23060 1.29086 -0.50000 0.85842 -0.11451 -0.02425 0.25817 1 0 1.0
0 0.00000 -0.16120 1.28173 -0.50000 0.85842 -0.11451 0.00000 0.25635 1 0 1.0
cl_black
0 -0.12124 -0.27668 0.94542 -0.49694 0.85997 -0.11615 -0.02425 0.18908 1 0 1.0
0 0.00000 -0.16120 1.28173 -0.49694 0.85997 -0.11615 0.00000 0.25635 1 0 1.0
0 0.00000 -0.20907 0.92730 -0.49694 0.85997 -0.11615 0.00000 0.18546 1 0 1.0
cl_black
0 -0.12124 -0.36940 1.29086 0.00000 0.13053 -0.99145 -0.02425 -0.07388 1 0 1.0
0 -0.12124 -0.23060 1.30914 0.00000 0.13053 -0.99145 -0.02425 -0.04612 1 0 1.0
0 0.00000 -0.16120 1.31827 0.00000 0.13053 -0.99145 0.00000 -0.03224 1 0 1.0
cl_black
0 0.00000 -0.16120 1.31827 -0.00000 0.13053 -0.99145 0.00000 -0.03224 1 0 1.0
0 0.12124 -0.23060 1.30914 -0.00000 0.13053 -0.99145 0.02425 -0.04612 1 0 1.0
0 0.12124 -0.36940 1.29086 -0.00000 0.13053 -0.99145 0.02425 -0.07388 1 0 1.0
cl_black
0 0.12124 -0.36940 1.29086 0.00000 0.13053 -0.99144 0.02425 -0.07388 1 0 1.0
0 0.00000 -0.43880 1.28173 0.00000 0.13053 -0.99144 0.00000 -0.08776 1 0 1.0
0 -0.12124 -0.36940 1.29086 0.00000 0.13053 -0.99144 -0.02425 -0.07388 1 0 1.0
cl_black
0 0.00000 -0.16120 1.31827 0.00000 0.13053 -0.99144 0.00000 -0.03224 1 0 1.0
0 0.12124 -0.36940 1.29086 0.00000 0.13053 -0.99144 0.02425 -0.07388 1 0 1.0
0 -0.12124 -0.36940 1.29086 0.00000 0.13053 -0.99144 -0.02425 -0.07388 1 0 1.0
cl_black
0 0.12124 -0.23060 1.29086 0.00000 0.13053 0.99144 0.02425 -0.04612 1 0 1.0
0 0.00000 -0.16120 1.28173 0.00000 0.13053 0.99144 0.00000 -0.03224 1 0 1.0
0 -0.12124 -0.23060 1.29086 0.00000 0.13053 0.99144 -0.02425 -0.04612 1 0 1.0
cl_black
0 -0.12124 -0.23060 1.29086 -0.00000 0.13053 0.99145 -0.02425 -0.04612 1 0 1.0
0 -0.12124 -0.36940 1.30914 -0.00000 0.13053 0.99145 -0.02425 -0.07388 1 0 1.0
0 0.00000 -0.43880 1.31827 -0.00000 0.13053 0.99145 0.00000 -0.08776 1 0 1.0
cl_black
0 0.00000 -0.43880 1.31827 0.00000 0.13053 0.99145 0.00000 -0.08776 1 0 1.0
0 0.12124 -0.36940 1.30914 0.00000 0.13053 0.99145 0.02425 -0.07388 1 0 1.0
0 0.12124 -0.23060 1.29086 0.00000 0.13053 0.99145 0.02425 -0.04612 1 0 1.0
cl_black
0 -0.12124 -0.23060 1.29086 0.00000 0.13053 0.99144 -0.02425 -0.04612 1 0 1.0
0 0.00000 -0.43880 1.31827 0.00000 0.13053 0.99144 0.00000 -0.08776 1 0 1.0
0 0.12124 -0.23060 1.29086 0.00000 0.13053 0.99144 0.02425 -0.04612 1 0 1.0
cl_black
0 0.00000 3.03880 1.31827 0.49694 0.85997 0.11615 0.00000 0.26365 1 0 1.0
0 0.00000 2.99093 1.67270 0.49694 0.85997 0.11615 0.00000 0.33454 1 0 1.0
0 0.12124 2.92332 1.65458 0.49694 0.85997 0.11615 0.02425 0.33092 1 0 1.0
cl_black
0 0.00000 3.03880 1.31827 0.50000 0.85842 0.11451 0.00000 0.26365 1 0 1.0
0 0.12124 2.92332 1.65458 0.50000 0.85842 0.11451 0.02425 0.33092 1 0 1.0
0 0.12124 2.96940 1.30914 0.50000 0.85842 0.11451 0.02425 0.26183 1 0 1.0
cl_black
0 0.12124 2.96940 1.30914 1.00000 0.00000 0.00000 0.59388 0.26183 1 0 1.0
0 0.12124 2.92332 1.65458 1.00000 0.00000 0.00000 0.58466 0.33092 1 0 1.0
0 0.12124 2.78809 1.61835 1.00000 0.00000 0.00000 0.55762 0.32367 1 0 1.0
cl_black
0 0.12124 2.96940 1.30914 1.00000 0.00000 0.00000 0.59388 0.26183 1 0 1.0
0 0.12124 2.78809 1.61835 1.00000 0.00000 0.00000 0.55762 0.32367 1 0 1.0
0 0.12124 2.83060 1.29086 1.00000 0.00000 0.00000 0.56612 0.25817 1 0 1.0
cl_black
0 0.12124 2.83060 1.29086 0.49669 -0.86071 -0.11173 0.02425 0.25817 1 0 1.0
0 0.12124 2.78809 1.61835 0.49669 -0.86071 -0.11173 0.02425 0.32367 1 0 1.0
0 0.00000 2.72047 1.60023 0.49669 -0.86071 -0.11173 0.00000 0.32005 1 0 1.0
cl_black
0 0.12124 2.83060 1.29086 0.50000 -0.85903 -0.10984 0.02425 0.25817 1 0 1.0
0 0.00000 2.72047 1.60023 0.50000 -0.85903 -0.10984 0.00000 0.32005 1 0 1.0
0 0.00000 2.76120 1.28173 0.50000 -0.85903 -0.10984 0.00000 0.25635 1 0 1.0
cl_black
0 0.00000 2.76120 1.28173 -0.49660 -0.86097 -0.11008 0.00000 0.25635 1 0 1.0
0 0.00000 2.72047 1.60023 -0.49660 -0.86097 -0.11008 0.00000 0.32005 1 0 1.0
0 -0.12124 2.78809 1.61835 -0.49660 -0.86097 -0.11008 -0.02425 0.32367 1 0 1.0
cl_black
0 0.00000 2.76120 1.28173 -0.50000 -0.85882 -0.11148 0.00000 0.25635 1 0 1.0
0 -0.12124 2.78809 1.61835 -0.50000 -0.85882 -0.11148 -0.02425 0.32367 1 0 1.0
0 -0.12124 2.83060 1.29086 -0.50000 -0.85882 -0.11148 -0.02425 0.25817 1 0 1.0
cl_black
0 -0.12124 2.83060 1.29086 -1.00000 0.00000 0.00000 0.56612 0.25817 1 0 1.0
0 -0.12124 2.78809 1.61835 -1.00000 0.00000 0.00000 0.55762 0.32367 1 0 1.0
0 -0.12124 2.92332 1.65458 -1.00000 0.00000 0.00000 0.58466 0.33092 1 0 1.0
cl_black
0 -0.12124 2.83060 1.29086 -1.00000 0.00000 0.00000 0.56612 0.25817 1 0 1.0
0 -0.12124 2.92332 1.65458 -1.00000 0.00000 0.00000 0.58466 0.33092 1 0 1.0
0 -0.12124 2.96940 1.30914 -1.00000 0.00000 0.00000 0.59388 0.26183 1 0 1.0
cl_black
0 -0.12124 2.96940 1.30914 -0.49687 0.86021 0.11475 -0.02425 0.26183 1 0 1.0
0 -0.12124 2.92332 1.65458 -0.49687 0.86021 0.11475 -0.02425 0.33092 1 0 1.0
0 0.00000 2.99093 1.67270 -0.49687 0.86021 0.11475 0.00000 0.33454 1 0 1.0
cl_black
0 -0.12124 2.96940 1.30914 -0.50000 0.85823 0.11591 -0.02425 0.26183 1 0 1.0
0 0.00000 2.99093 1.67270 -0.50000 0.85823 0.11591 0.00000 0.33454 1 0 1.0
0 0.00000 3.03880 1.31827 -0.50000 0.85823 0.11591 0.00000 0.26365 1 0 1.0
cl_black
0 0.00000 2.99093 1.67270 -0.84866 0.52395 0.07244 0.00000 0.33454 1 0 1.0
0 -0.14000 2.72583 1.95000 -0.84866 0.52395 0.07244 -0.02800 0.39000 1 0 1.0
0 -0.07000 2.83083 2.01062 -0.84866 0.52395 0.07244 -0.01400 0.40212 1 0 1.0
cl_black
0 0.00000 2.99093 1.67270 0.48469 0.74735 0.45448 0.00000 0.33454 1 0 1.0
0 -0.07000 2.83083 2.01062 0.48469 0.74735 0.45448 -0.01400 0.40212 1 0 1.0
0 0.12124 2.92332 1.65458 0.48469 0.74735 0.45448 0.02425 0.33092 1 0 1.0
cl_black
0 0.12124 2.92332 1.65458 0.88725 -0.11939 0.44557 0.58466 0.33092 1 0 1.0
0 -0.07000 2.83083 2.01062 0.88725 -0.11939 0.44557 0.56617 0.40212 1 0 1.0
0 0.12124 2.78809 1.61835 0.88725 -0.11939 0.44557 0.55762 0.32367 1 0 1.0
cl_black
0 -0.07000 2.83083 2.01062 0.00000 0.99412 -0.10832 0.56617 0.40212 1 0 1.0
0 0.07000 2.83083 2.01062 0.00000 0.99412 -0.10832 0.56617 0.40212 1 0 1.0
0 0.12124 2.78809 1.61835 0.00000 0.99412 -0.10832 0.55762 0.32367 1 0 1.0
cl_black
0 0.12124 2.78809 1.61835 0.46329 -0.87244 0.15559 0.55762 0.32367 1 0 1.0
0 0.07000 2.83083 2.01062 0.46329 -0.87244 0.15559 0.56617 0.40212 1 0 1.0
0 0.00000 2.72047 1.60023 0.46329 -0.87244 0.15559 0.54409 0.32005 1 0 1.0
cl_black
0 0.07000 2.83083 2.01062 0.70854 0.64177 -0.29343 0.56617 0.40212 1 0 1.0
0 0.14000 2.72583 1.95000 0.70854 0.64177 -0.29343 0.54517 0.39000 1 0 1.0
0 0.00000 2.72047 1.60023 0.70854 0.64177 -0.29343 0.54409 0.32005 1 0 1.0
cl_black
0 0.00000 2.72047 1.60023 -0.45521 -0.86865 0.19551 0.00000 0.32005 1 0 1.0
0 0.14000 2.72583 1.95000 -0.45521 -0.86865 0.19551 0.02800 0.39000 1 0 1.0
0 -0.12124 2.78809 1.61835 -0.45521 -0.86865 0.19551 -0.02425 0.32367 1 0 1.0
cl_black
0 0.14000 2.72583 1.95000 0.76364 -0.14598 -0.62892 0.02800 0.39000 1 0 1.0
0 0.07000 2.62083 1.88938 0.76364 -0.14598 -0.62892 0.01400 0.37788 1 0 1.0
0 -0.12124 2.78809 1.61835 0.76364 -0.14598 -0.62892 -0.02425 0.32367 1 0 1.0
cl_black
0 -0.12124 2.78809 1.61835 -0.84729 -0.13747 0.51303 0.55762 0.32367 1 0 1.0
0 0.07000 2.62083 1.88938 -0.84729 -0.13747 0.51303 0.52417 0.37788 1 0 1.0
0 -0.12124 2.92332 1.65458 -0.84729 -0.13747 0.51303 0.58466 0.33092 1 0 1.0
cl_black
0 0.07000 2.62083 1.88938 0.00000 -0.61318 -0.78995 0.52417 0.37788 1 0 1.0
0 -0.07000 2.62083 1.88938 0.00000 -0.61318 -0.78995 0.52417 0.37788 1 0 1.0
0 -0.12124 2.92332 1.65458 0.00000 -0.61318 -0.78995 0.58466 0.33092 1 0 1.0
cl_black
0 -0.12124 2.92332 1.65458 -0.40175 0.51807 0.75511 0.58466 0.33092 1 0 1.0
0 -0.07000 2.62083 1.88938 -0.40175 0.51807 0.75511 0.52417 0.37788 1 0 1.0
0 0.00000 2.99093 1.67270 -0.40175 0.51807 0.75511 0.59819 0.33454 1 0 1.0
cl_black
0 -0.07000 2.62083 1.88938 -0.79054 -0.19111 -0.58182 0.52417 0.37788 1 0 1.0
0 -0.14000 2.72583 1.95000 -0.79054 -0.19111 -0.58182 0.54517 0.39000 1 0 1.0
0 0.00000 2.99093 1.67270 -0.79054 -0.19111 -0.58182 0.59819 0.33454 1 0 1.0
cl_black
0 -0.14000 2.72583 1.95000 -0.86416 0.39924 0.30634 0.54517 0.39000 1 0 1.0
0 -0.14000 2.51924 2.21924 -0.86416 0.39924 0.30634 0.50385 0.44385 1 0 1.0
0 -0.07000 2.60497 2.30497 -0.86416 0.39924 0.30634 0.52099 0.46099 1 0 1.0
cl_black
0 -0.14000 2.72583 1.95000 -0.86416 0.39924 0.30634 0.54517 0.39000 1 0 1.0
0 -0.07000 2.60497 2.30497 -0.86416 0.39924 0.30634 0.52099 0.46099 1 0 1.0
0 -0.07000 2.83083 2.01062 -0.86416 0.39924 0.30634 0.56617 0.40212 1 0 1.0
cl_black
0 -0.07000 2.83083 2.01062 0.00000 0.79335 0.60876 -0.01400 0.40212 1 0 1.0
0 -0.07000 2.60497 2.30497 0.00000 0.79335 0.60876 -0.01400 0.46099 1 0 1.0
0 0.07000 2.60497 2.30497 0.00000 0.79335 0.60876 0.01400 0.46099 1 0 1.0
cl_black
0 -0.07000 2.83083 2.01062 0.00000 0.79335 0.60876 -0.01400 0.40212 1 0 1.0
0 0.07000 2.60497 2.30497 0.00000 0.79335 0.60876 0.01400 0.46099 1 0 1.0
0 0.07000 2.83083 2.01062 0.00000 0.79335 0.60876 0.01400 0.40212 1 0 1.0
cl_black
0 0.07000 2.83083 2.01062 0.86416 0.39924 0.30634 0.56617 0.40212 1 0 1.0
0 0.07000 2.60497 2.30497 0.86416 0.39924 0.30634 0.52099 0.46099 1 0 1.0
0 0.14000 2.51924 2.21924 0.86416 0.39924 0.30634 0.50385 0.44385 1 0 1.0
cl_black
0 0.07000 2.83083 2.01062 0.86416 0.39924 0.30634 0.56617 0.40212 1 0 1.0
0 0.14000 2.51924 2.21924 0.86416 0.39924 0.30634 0.50385 0.44385 1 0 1.0
0 0.14000 2.72583 1.95000 0.86416 0.39924 0.30634 0.54517 0.39000 1 0 1.0
cl_black
0 0.14000 2.72583 1.95000 0.86416 -0.39924 -0.30634 0.54517 0.39000 1 0 1.0
0 0.14000 2.51924 2.21924 0.86416 -0.39924 -0.30634 0.50385 0.44385 1 0 1.0
0 0.07000 2.43351 2.13351 0.86416 -0.39924 -0.30634 0.48670 0.42670 1 0 1.0
cl_black
0 0.14000 2.72583 1.95000 0.86416 -0.39924 -0.30634 0.54517 0.39000 1 0 1.0
0 0.07000 2.43351 2.13351 0.86416 -0.39924 -0.30634 0.48670 0.42670 1 0 1.0
0 0.07000 2.62083 1.88938 0.86416 -0.39924 -0.30634 0.52417 0.37788 1 0 1.0
cl_black
0 0.07000 2.62083 1.88938 0.00000 -0.79335 -0.60876 0.01400 0.37788 1 0 1.0
0 0.07000 2.43351 2.13351 0.00000 -0.79335 -0.60876 0.01400 0.42670 1 0 1.0
0 -0.07000 2.43351 2.13351 0.00000 -0.79335 -0.60876 -0.01400 0.42670 1 0 1.0
cl_black
0 0.07000 2.62083 1.88938 0.00000 -0.79335 -0.60876 0.01400 0.37788 1 0 1.0
0 -0.07000 2.43351 2.13351 0.00000 -0.79335 -0.60876 -0.01400 0.42670 1 0 1.0
0 -0.07000 2.62083 1.88938 0.00000 -0.79335 -0.60876 -0.01400 0.37788 1 0 1.0
cl_black
0 -0.07000 2.62083 1.88938 -0.86416 -0.39924 -0.30634 0.52417 0.37788 1 0 1.0
0 -0.07000 2.43351 2.13351 -0.86416 -0.39924 -0.30634 0.48670 0.42670 1 0 1.0
0 -0.14000 2.51924 2.21924 -0.86416 -0.39924 -0.30634 0.50385 0.44385 1 0 1.0
cl_black
0 -0.07000 2.62083 1.88938 -0.86416 -0.39924 -0.30634 0.52417 0.37788 1 0 1.0
0 -0.14000 2.51924 2.21924 -0.86416 -0.39924 -0.30634 0.50385 0.44385 1 0 1.0
0 -0.14000 2.72583 1.95000 -0.86416 -0.39924 -0.30634 0.54517 0.39000 1 0 1.0
cl_black
0 -0.14000 2.51924 2.21924 -0.86416 0.30634 0.39924 0.50385 0.44385 1 0 1.0
0 -0.14000 2.25000 2.42583 -0.86416 0.30634 0.39924 0.45000 0.48517 1 0 1.0
0 -0.07000 2.31062 2.53083 -0.86416 0.30634 0.39924 0.46212 0.50617 1 0 1.0
cl_black
0 -0.14000 2.51924 2.21924 -0.86416 0.30634 0.39924 0.50385 0.44385 1 0 1.0
0 -0.07000 2.31062 2.53083 -0.86416 0.30634 0.39924 0.46212 0.50617 1 0 1.0
0 -0.07000 2.60497 2.30497 -0.86416 0.30634 0.39924 0.52099 0.46099 1 0 1.0
cl_black
0 -0.07000 2.60497 2.30497 0.00000 0.60876 0.79335 -0.01400 0.52099 1 0 1.0
0 -0.07000 2.31062 2.53083 0.00000 0.60876 0.79335 -0.01400 0.46212 1 0 1.0
0 0.07000 2.31062 2.53083 0.00000 0.60876 0.79335 0.01400 0.46212 1 0 1.0
cl_black
0 -0.07000 2.60497 2.30497 0.00000 0.60876 0.79335 -0.01400 0.52099 1 0 1.0
0 0.07000 2.31062 2.53083 0.00000 0.60876 0.79335 0.01400 0.46212 1 0 1.0
0 0.07000 2.60497 2.30497 0.00000 0.60876 0.79335 0.01400 0.52099 1 0 1.0
cl_black
0 0.07000 2.60497 2.30497 0.86416 0.30634 0.39924 0.52099 0.46099 1 0 1.0
0 0.07000 2.31062 2.53083 0.86416 0.30634 0.39924 0.46212 0.50617 1 0 1.0
0 0.14000 2.25000 2.42583 0.86416 0.30634 0.39924 0.45000 0.48517 1 0 1.0
cl_black
0 0.07000 2.60497 2.30497 0.86416 0.30634 0.39924 0.52099 0.46099 1 0 1.0
0 0.14000 2.25000 2.42583 0.86416 0.30634 0.39924 0.45000 0.48517 1 0 1.0
0 0.14000 2.51924 2.21924 0.86416 0.30634 0.39924 0.50385 0.44385 1 0 1.0
cl_black
0 0.14000 2.51924 2.21924 0.86416 -0.30634 -0.39924 0.50385 0.44385 1 0 1.0
0 0.14000 2.25000 2.42583 0.86416 -0.30634 -0.39924 0.45000 0.48517 1 0 1.0
0 0.07000 2.18938 2.32083 0.86416 -0.30634 -0.39924 0.43788 0.46417 1 0 1.0
cl_black
0 0.14000 2.51924 2.21924 0.86416 -0.30634 -0.39924 0.50385 0.44385 1 0 1.0
0 0.07000 2.18938 2.32083 0.86416 -0.30634 -0.39924 0.43788 0.46417 1 0 1.0
0 0.07000 2.43351 2.13351 0.86416 -0.30634 -0.39924 0.48670 0.42670 1 0 1.0
cl_black
0 0.07000 2.43351 2.13351 0.00000 -0.60876 -0.79335 0.01400 0.48670 1 0 1.0
0 0.07000 2.18938 2.32083 0.00000 -0.60876 -0.79335 0.01400 0.43788 1 0 1.0
0 -0.07000 2.18938 2.32083 0.00000 -0.60876 -0.79335 -0.01400 0.43788 1 0 1.0
cl_black
0 0.07000 2.43351 2.13351 0.00000 -0.60876 -0.79335 0.01400 0.48670 1 0 1.0
0 -0.07000 2.18938 2.32083 0.00000 -0.60876 -0.79335 -0.01400 0.43788 1 0 1.0
0 -0.07000 2.43351 2.13351 0.00000 -0.60876 -0.79335 -0.01400 0.48670 1 0 1.0
cl_black
0 -0.07000 2.43351 2.13351 -0.86416 -0.30634 -0.39924 0.48670 0.42670 1 0 1.0
0 -0.07000 2.18938 2.32083 -0.86416 -0.30634 -0.39924 0.43788 0.46417 1 0 1.0
0 -0.14000 2.25000 2.42583 -0.86416 -0.30634 -0.39924 0.45000 0.48517 1 0 1.0
cl_black
0 -0.07000 2.43351 2.13351 -0.86416 -0.30634 -0.39924 0.48670 0.42670 1 0 1.0
0 -0.14000 2.25000 2.42583 -0.86416 -0.30634 -0.39924 0.45000 0.48517 1 0 1.0
0 -0.14000 2.51924 2.21924 -0.86416 -0.30634 -0.39924 0.50385 0.44385 1 0 1.0
cl_black
0 -0.14000 2.25000 2.42583 -0.86416 0.19258 0.46492 0.45000 0.48517 1 0 1.0
0 -0.14000 1.93646 2.55570 -0.86416 0.19258 0.46492 0.38729 0.51114 1 0 1.0
0 -0.07000 1.96784 2.67282 -0.86416 0.19258 0.46492 0.39357 0.53456 1 0 1.0
cl_black
0 -0.14000 2.25000 2.42583 -0.86416 0.19258 0.46492 0.45000 0.48517 1 0 1.0
0 -0.07000 1.96784 2.67282 -0.86416 0.19258 0.46492 0.39357 0.53456 1 0 1.0
0 -0.07000 2.31062 2.53083 -0.86416 0.19258 0.46492 0.46212 0.50617 1 0 1.0
cl_black
0 -0.07000 2.31062 2.53083 0.00000 0.38268 0.92388 -0.01400 0.46212 1 0 1.0
0 -0.07000 1.96784 2.67282 0.00000 0.38268 0.92388 -0.01400 0.39357 1 0 1.0
0 0.07000 1.96784 2.67282 0.00000 0.38268 0.92388 0.01400 0.39357 1 0 1.0
cl_black
0 -0.07000 2.31062 2.53083 0.00000 0.38268 0.92388 -0.01400 0.46212 1 0 1.0
0 0.07000 1.96784 2.67282 0.00000 0.38268 0.92388 0.01400 0.39357 1 0 1.0
0 0.07000 2.31062 2.53083 0.00000 0.38268 0.92388 0.01400 0.46212 1 0 1.0
cl_black
0 0.07000 2.31062 2.53083 0.86416 0.19258 0.46492 0.46212 0.50617 1 0 1.0
0 0.07000 1.96784 2.67282 0.86416 0.19258 0.46492 0.39357 0.53456 1 0 1.0
0 0.14000 1.93646 2.55570 0.86416 0.19258 0.46492 0.38729 0.51114 1 0 1.0
cl_black
0 0.07000 2.31062 2.53083 0.86416 0.19258 0.46492 0.46212 0.50617 1 0 1.0
0 0.14000 1.93646 2.55570 0.86416 0.19258 0.46492 0.38729 0.51114 1 0 1.0
0 0.14000 2.25000 2.42583 0.86416 0.19258 0.46492 0.45000 0.48517 1 0 1.0
cl_black
0 0.14000 2.25000 2.42583 0.86416 -0.19258 -0.46492 0.45000 0.48517 1 0 1.0
0 0.14000 1.93646 2.55570 0.86416 -0.19258 -0.46492 0.38729 0.51114 1 0 1.0
0 0.07000 1.90508 2.43859 0.86416 -0.19258 -0.46492 0.38102 0.48772 1 0 1.0
cl_black
0 0.14000 2.25000 2.42583 0.86416 -0.19258 -0.46492 0.45000 0.48517 1 0 1.0
0 0.07000 1.90508 2.43859 0.86416 -0.19258 -0.46492 0.38102 0.48772 1 0 1.0
0 0.07000 2.18938 2.32083 0.86416 -0.19258 -0.46492 0.43788 0.46417 1 0 1.0
cl_black
0 0.07000 2.18938 2.32083 0.00000 -0.38268 -0.92388 0.01400 0.43788 1 0 1.0
0 0.07000 1.90508 2.43859 0.00000 -0.38268 -0.92388 0.01400 0.38102 1 0 1.0
0 -0.07000 1.90508 2.43859 0.00000 -0.38268 -0.92388 -0.01400 0.38102 1 0 1.0
cl_black
0 0.07000 2.18938 2.32083 0.00000 -0.38268 -0.92388 0.01400 0.43788 1 0 1.0
0 -0.07000 1.90508 2.43859 0.00000 -0.38268 -0.92388 -0.01400 0.38102 1 0 1.0
0 -0.07000 2.18938 2.32083 0.00000 -0.38268 -0.92388 -0.01400 0.43788 1 0 1.0
cl_black
0 -0.07000 2.18938 2.32083 -0.86416 -0.19258 -0.46492 0.43788 0.46417 1 0 1.0
0 -0.07000 1.90508 2.43859 -0.86416 -0.19258 -0.46492 0.38102 0.48772 1 0 1.0
0 -0.14000 1.93646 2.55570 -0.86416 -0.19258 -0.46492 0.38729 0.51114 1 0 1.0
cl_black
0 -0.07000 2.18938 2.32083 -0.86416 -0.19258 -0.46492 0.43788 0.46417 1 0 1.0
0 -0.14000 1.93646 2.55570 -0.86416 -0.19258 -0.46492 0.38729 0.51114 1 0 1.0
0 -0.14000 2.25000 2.42583 -0.86416 -0.19258 -0.46492 0.45000 0.48517 1 0 1.0
cl_black
0 -0.14000 1.93646 2.55570 -0.86416 0.06568 0.49892 0.38729 0.51114 1 0 1.0
0 -0.14000 1.60000 2.60000 -0.86416 0.06568 0.49892 0.32000 0.52000 1 0 1.0
0 -0.07000 1.60000 2.72124 -0.86416 0.06568 0.49892 0.32000 0.54425 1 0 1.0
cl_black
0 -0.14000 1.93646 2.55570 -0.86416 0.06568 0.49892 0.38729 0.51114 1 0 1.0
0 -0.07000 1.60000 2.72124 -0.86416 0.06568 0.49892 0.32000 0.54425 1 0 1.0
0 -0.07000 1.96784 2.67282 -0.86416 0.06568 0.49892 0.39357 0.53456 1 0 1.0
cl_black
0 -0.07000 1.96784 2.67282 0.00000 0.13053 0.99145 -0.01400 0.39357 1 0 1.0
0 -0.07000 1.60000 2.72124 0.00000 0.13053 0.99145 -0.01400 0.32000 1 0 1.0
0 0.07000 1.60000 2.72124 0.00000 0.13053 0.99145 0.01400 0.32000 1 0 1.0
cl_black
0 -0.07000 1.96784 2.67282 0.00000 0.13053 0.99145 -0.01400 0.39357 1 0 1.0
0 0.07000 1.60000 2.72124 0.00000 0.13053 0.99145 0.01400 0.32000 1 0 1.0
0 0.07000 1.96784 2.67282 0.00000 0.13053 0.99145 0.01400 0.39357 1 0 1.0
cl_black
0 0.07000 1.96784 2.67282 0.86416 0.06568 0.49892 0.39357 0.53456 1 0 1.0
0 0.07000 1.60000 2.72124 0.86416 0.06568 0.49892 0.32000 0.54425 1 0 1.0
0 0.14000 1.60000 2.60000 0.86416 0.06568 0.49892 0.32000 0.52000 1 0 1.0
cl_black
0 0.07000 1.96784 2.67282 0.86416 0.06568 0.49892 0.39357 0.53456 1 0 1.0
0 0.14000 1.60000 2.60000 0.86416 0.06568 0.49892 0.32000 0.52000 1 0 1.0
0 0.14000 1.93646 2.55570 0.86416 0.06568 0.49892 0.38729 0.51114 1 0 1.0
cl_black
0 0.14000 1.93646 2.55570 0.86416 -0.06568 -0.49892 0.38729 0.51114 1 0 1.0
0 0.14000 1.60000 2.60000 0.86416 -0.06568 -0.49892 0.32000 0.52000 1 0 1.0
0 0.07000 1.60000 2.47876 0.86416 -0.06568 -0.49892 0.32000 0.49575 1 0 1.0
cl_black
0 0.14000 1.93646 2.55570 0.86416 -0.06568 -0.49892 0.38729 0.51114 1 0 1.0
0 0.07000 1.60000 2.47876 0.86416 -0.06568 -0.49892 0.32000 0.49575 1 0 1.0
0 0.07000 1.90508 2.43859 0.86416 -0.06568 -0.49892 0.38102 0.48772 1 0 1.0
cl_black
0 0.07000 1.90508 2.43859 0.00000 -0.13053 -0.99144 0.01400 0.38102 1 0 1.0
0 0.07000 1.60000 2.47876 0.00000 -0.13053 -0.99144 0.01400 0.32000 1 0 1.0
0 -0.07000 1.60000 2.47876 0.00000 -0.13053 -0.99144 -0.01400 0.32000 1 0 1.0
cl_black
0 0.07000 1.90508 2.43859 0.00000 -0.13053 -0.99144 0.01400 0.38102 1 0 1.0
0 -0.07000 1.60000 2.47876 0.00000 -0.13053 -0.99144 -0.01400 0.32000 1 0 1.0
0 -0.07000 1.90508 2.43859 0.00000 -0.13053 -0.99144 -0.01400 0.38102 1 0 1.0
cl_black
0 -0.07000 1.90508 2.43859 -0.86415 -0.06568 -0.49892 0.38102 0.48772 1 0 1.0
0 -0.07000 1.60000 2.47876 -0.86415 -0.06568 -0.49892 0.32000 0.49575 1 0 1.0
0 -0.14000 1.60000 2.60000 -0.86415 -0.06568 -0.49892 0.32000 0.52000 1 0 1.0
cl_black
0 -0.07000 1.90508 2.43859 -0.86416 -0.06568 -0.49892 0.38102 0.48772 1 0 1.0
0 -0.14000 1.60000 2.60000 -0.86416 -0.06568 -0.49892 0.32000 0.52000 1 0 1.0
0 -0.14000 1.93646 2.55570 -0.86416 -0.06568 -0.49892 0.38729 0.51114 1 0 1.0
cl_black
0 -0.14000 1.60000 2.60000 -0.86416 -0.06568 0.49892 0.32000 0.52000 1 0 1.0
0 -0.14000 1.26354 2.55570 -0.86416 -0.06568 0.49892 0.25271 0.51114 1 0 1.0
0 -0.07000 1.23216 2.67282 -0.86416 -0.06568 0.49892 0.24643 0.53456 1 0 1.0
cl_black
0 -0.14000 1.60000 2.60000 -0.86416 -0.06568 0.49892 0.32000 0.52000 1 0 1.0
0 -0.07000 1.23216 2.67282 -0.86416 -0.06568 0.49892 0.24643 0.53456 1 0 1.0
0 -0.07000 1.60000 2.72124 -0.86416 -0.06568 0.49892 0.32000 0.54425 1 0 1.0
cl_black
0 -0.07000 1.60000 2.72124 0.00000 -0.13053 0.99145 -0.01400 0.32000 1 0 1.0
0 -0.07000 1.23216 2.67282 0.00000 -0.13053 0.99145 -0.01400 0.24643 1 0 1.0
0 0.07000 1.23216 2.67282 0.00000 -0.13053 0.99145 0.01400 0.24643 1 0 1.0
cl_black
0 -0.07000 1.60000 2.72124 0.00000 -0.13053 0.99145 -0.01400 0.32000 1 0 1.0
0 0.07000 1.23216 2.67282 0.00000 -0.13053 0.99145 0.01400 0.24643 1 0 1.0
0 0.07000 1.60000 2.72124 0.00000 -0.13053 0.99145 0.01400 0.32000 1 0 1.0
cl_black
0 0.07000 1.60000 2.72124 0.86416 -0.06568 0.49892 0.32000 0.54425 1 0 1.0
0 0.07000 1.23216 2.67282 0.86416 -0.06568 0.49892 0.24643 0.53456 1 0 1.0
0 0.14000 1.26354 2.55570 0.86416 -0.06568 0.49892 0.25271 0.51114 1 0 1.0
cl_black
0 0.07000 1.60000 2.72124 0.86416 -0.06568 0.49892 0.32000 0.54425 1 0 1.0
0 0.14000 1.26354 2.55570 0.86416 -0.06568 0.49892 0.25271 0.51114 1 0 1.0
0 0.14000 1.60000 2.60000 0.86416 -0.06568 0.49892 0.32000 0.52000 1 0 1.0
cl_black
0 0.14000 1.60000 2.60000 0.86416 0.06568 -0.49892 0.32000 0.52000 1 0 1.0
0 0.14000 1.26354 2.55570 0.86416 0.06568 -0.49892 0.25271 0.51114 1 0 1.0
0 0.07000 1.29492 2.43859 0.86416 0.06568 -0.49892 0.25898 0.48772 1 0 1.0
cl_black
0 0.14000 1.60000 2.60000 0.86416 0.06568 -0.49892 0.32000 0.52000 1 0 1.0
0 0.07000 1.29492 2.43859 0.86416 0.06568 -0.49892 0.25898 0.48772 1 0 1.0
0 0.07000 1.60000 2.47876 0.86416 0.06568 -0.49892 0.32000 0.49575 1 0 1.0
cl_black
0 0.07000 1.60000 2.47876 0.00000 0.13053 -0.99144 0.01400 0.32000 1 0 1.0
0 0.07000 1.29492 2.43859 0.00000 0.13053 -0.99144 0.01400 0.25898 1 0 1.0
0 -0.07000 1.29492 2.43859 0.00000 0.13053 -0.99144 -0.01400 0.25898 1 0 1.0
cl_black
0 0.07000 1.60000 2.47876 0.00000 0.13053 -0.99144 0.01400 0.32000 1 0 1.0
0 -0.07000 1.29492 2.43859 0.00000 0.13053 -0.99144 -0.01400 0.25898 1 0 1.0
0 -0.07000 1.60000 2.47876 0.00000 0.13053 -0.99144 -0.01400 0.32000 1 0 1.0
cl_black
0 -0.07000 1.60000 2.47876 -0.86416 0.06568 -0.49892 0.32000 0.49575 1 0 1.0
0 -0.07000 1.29492 2.43859 -0.86416 0.06568 -0.49892 0.25898 0.48772 1 0 1.0
0 -0.14000 1.26354 2.55570 -0.86416 0.06568 -0.49892 0.25271 0.51114 1 0 1.0
cl_black
0 -0.07000 1.60000 2.47876 -0.86416 0.06568 -0.49892 0.32000 0.49575 1 0 1.0
0 -0.14000 1.26354 2.55570 -0.86416 0.06568 -0.49892 0.25271 0.51114 1 0 1.0
0 -0.14000 1.60000 2.60000 -0.86416 0.06568 -0.49892 0.32000 0.52000 1 0 1.0
cl_black
0 -0.14000 1.26354 2.55570 -0.86416 -0.19258 0.46492 0.25271 0.51114 1 0 1.0
0 -0.14000 0.95000 2.42583 -0.86416 -0.19258 0.46492 0.19000 0.48517 1 0 1.0
0 -0.07000 0.88938 2.53083 -0.86416 -0.19258 0.46492 0.17788 0.50617 1 0 1.0
cl_black
0 -0.14000 1.26354 2.55570 -0.86416 -0.19258 0.46492 0.25271 0.51114 1 0 1.0
0 -0.07000 0.88938 2.53083 -0.86416 -0.19258 0.46492 0.17788 0.50617 1 0 1.0
0 -0.07000 1.23216 2.67282 -0.86416 -0.19258 0.46492 0.24643 0.53456 1 0 1.0
cl_black
0 -0.07000 1.23216 2.67282 0.00000 -0.38268 0.92388 -0.01400 0.24643 1 0 1.0
0 -0.07000 0.88938 2.53083 0.00000 -0.38268 0.92388 -0.01400 0.17788 1 0 1.0
0 0.07000 0.88938 2.53083 0.00000 -0.38268 0.92388 0.01400 0.17788 1 0 1.0
cl_black
0 -0.07000 1.23216 2.67282 0.00000 -0.38268 0.92388 -0.01400 0.24643 1 0 1.0
0 0.07000 0.88938 2.53083 0.00000 -0.38268 0.92388 0.01400 0.17788 1 0 1.0
0 0.07000 1.23216 2.67282 0.00000 -0.38268 0.92388 0.01400 0.24643 1 0 1.0
cl_black
0 0.07000 1.23216 2.67282 0.86416 -0.19258 0.46492 0.24643 0.53456 1 0 1.0
0 0.07000 0.88938 2.53083 0.86416 -0.19258 0.46492 0.17788 0.50617 1 0 1.0
0 0.14000 0.95000 2.42583 0.86416 -0.19258 0.46492 0.19000 0.48517 1 0 1.0
cl_black
0 0.07000 1.23216 2.67282 0.86416 -0.19258 0.46492 0.24643 0.53456 1 0 1.0
0 0.14000 0.95000 2.42583 0.86416 -0.19258 0.46492 0.19000 0.48517 1 0 1.0
0 0.14000 1.26354 2.55570 0.86416 -0.19258 0.46492 0.25271 0.51114 1 0 1.0
cl_black
0 0.14000 1.26354 2.55570 0.86416 0.19258 -0.46492 0.25271 0.51114 1 0 1.0
0 0.14000 0.95000 2.42583 0.86416 0.19258 -0.46492 0.19000 0.48517 1 0 1.0
0 0.07000 1.01062 2.32083 0.86416 0.19258 -0.46492 0.20212 0.46417 1 0 1.0
cl_black
0 0.14000 1.26354 2.55570 0.86416 0.19258 -0.46492 0.25271 0.51114 1 0 1.0
0 0.07000 1.01062 2.32083 0.86416 0.19258 -0.46492 0.20212 0.46417 1 0 1.0
0 0.07000 1.29492 2.43859 0.86416 0.19258 -0.46492 0.25898 0.48772 1 0 1.0
cl_black
0 0.07000 1.29492 2.43859 0.00000 0.38268 -0.92388 0.01400 0.25898 1 0 1.0
0 0.07000 1.01062 2.32083 0.00000 0.38268 -0.92388 0.01400 0.20212 1 0 1.0
0 -0.07000 1.01062 2.32083 0.00000 0.38268 -0.92388 -0.01400 0.20212 1 0 1.0
cl_black
0 0.07000 1.29492 2.43859 0.00000 0.38268 -0.92388 0.01400 0.25898 1 0 1.0
0 -0.07000 1.01062 2.32083 0.00000 0.38268 -0.92388 -0.01400 0.20212 1 0 1.0
0 -0.07000 1.29492 2.43859 0.00000 0.38268 -0.92388 -0.01400 0.25898 1 0 1.0
cl_black
0 -0.07000 1.29492 2.43859 -0.86416 0.19258 -0.46492 0.25898 0.48772 1 0 1.0
0 -0.07000 1.01062 2.32083 -0.86416 0.19258 -0.46492 0.20212 0.46417 1 0 1.0
0 -0.14000 0.95000 2.42583 -0.86416 0.19258 -0.46492 0.19000 0.48517 1 0 1.0
cl_black
0 -0.07000 1.29492 2.43859 -0.86416 0.19258 -0.46492 0.25898 0.48772 1 0 1.0
0 -0.14000 0.95000 2.42583 -0.86416 0.19258 -0.46492 0.19000 0.48517 1 0 1.0
0 -0.14000 1.26354 2.55570 -0.86416 0.19258 -0.46492 0.25271 0.51114 1 0 1.0
cl_black
0 -0.14000 0.95000 2.42583 -0.86416 -0.30634 0.39924 0.19000 0.48517 1 0 1.0
0 -0.14000 0.68076 2.21924 -0.86416 -0.30634 0.39924 0.13615 0.44385 1 0 1.0
0 -0.07000 0.59503 2.30497 -0.86416 -0.30634 0.39924 0.11901 0.46099 1 0 1.0
cl_black
0 -0.14000 0.95000 2.42583 -0.86416 -0.30634 0.39924 0.19000 0.48517 1 0 1.0
0 -0.07000 0.59503 2.30497 -0.86416 -0.30634 0.39924 0.11901 0.46099 1 0 1.0
0 -0.07000 0.88938 2.53083 -0.86416 -0.30634 0.39924 0.17788 0.50617 1 0 1.0
cl_black
0 -0.07000 0.88938 2.53083 0.00000 -0.60876 0.79335 -0.01400 0.17788 1 0 1.0
0 -0.07000 0.59503 2.30497 0.00000 -0.60876 0.79335 -0.01400 0.11901 1 0 1.0
0 0.07000 0.59503 2.30497 0.00000 -0.60876 0.79335 0.01400 0.11901 1 0 1.0
cl_black
0 -0.07000 0.88938 2.53083 0.00000 -0.60876 0.79335 -0.01400 0.17788 1 0 1.0
0 0.07000 0.59503 2.30497 0.00000 -0.60876 0.79335 0.01400 0.11901 1 0 1.0
0 0.07000 0.88938 2.53083 0.00000 -0.60876 0.79335 0.01400 0.17788 1 0 1.0
cl_black
0 0.07000 0.88938 2.53083 0.86416 -0.30634 0.39924 0.17788 0.50617 1 0 1.0
0 0.07000 0.59503 2.30497 0.86416 -0.30634 0.39924 0.11901 0.46099 1 0 1.0
0 0.14000 0.68076 2.21924 0.86416 -0.30634 0.39924 0.13615 0.44385 1 0 1.0
cl_black
0 0.07000 0.88938 2.53083 0.86416 -0.30634 0.39924 0.17788 0.50617 1 0 1.0
0 0.14000 0.68076 2.21924 0.86416 -0.30634 0.39924 0.13615 0.44385 1 0 1.0
0 0.14000 0.95000 2.42583 0.86416 -0.30634 0.39924 0.19000 0.48517 1 0 1.0
cl_black
0 0.14000 0.95000 2.42583 0.86416 0.30634 -0.39924 0.19000 0.48517 1 0 1.0
0 0.14000 0.68076 2.21924 0.86416 0.30634 -0.39924 0.13615 0.44385 1 0 1.0
0 0.07000 0.76649 2.13351 0.86416 0.30634 -0.39924 0.15330 0.42670 1 0 1.0
cl_black
0 0.14000 0.95000 2.42583 0.86416 0.30634 -0.39924 0.19000 0.48517 1 0 1.0
0 0.07000 0.76649 2.13351 0.86416 0.30634 -0.39924 0.15330 0.42670 1 0 1.0
0 0.07000 1.01062 2.32083 0.86416 0.30634 -0.39924 0.20212 0.46417 1 0 1.0
cl_black
0 0.07000 1.01062 2.32083 0.00000 0.60876 -0.79335 0.01400 0.20212 1 0 1.0
0 0.07000 0.76649 2.13351 0.00000 0.60876 -0.79335 0.01400 0.15330 1 0 1.0
0 -0.07000 0.76649 2.13351 0.00000 0.60876 -0.79335 -0.01400 0.15330 1 0 1.0
cl_black
0 0.07000 1.01062 2.32083 0.00000 0.60876 -0.79335 0.01400 0.20212 1 0 1.0
0 -0.07000 0.76649 2.13351 0.00000 0.60876 -0.79335 -0.01400 0.15330 1 0 1.0
0 -0.07000 1.01062 2.32083 0.00000 0.60876 -0.79335 -0.01400 0.20212 1 0 1.0
cl_black
0 -0.07000 1.01062 2.32083 -0.86416 0.30634 -0.39924 0.20212 0.46417 1 0 1.0
0 -0.07000 0.76649 2.13351 -0.86416 0.30634 -0.39924 0.15330 0.42670 1 0 1.0
0 -0.14000 0.68076 2.21924 -0.86416 0.30634 -0.39924 0.13615 0.44385 1 0 1.0
cl_black
0 -0.07000 1.01062 2.32083 -0.86416 0.30634 -0.39924 0.20212 0.46417 1 0 1.0
0 -0.14000 0.68076 2.21924 -0.86416 0.30634 -0.39924 0.13615 0.44385 1 0 1.0
0 -0.14000 0.95000 2.42583 -0.86416 0.30634 -0.39924 0.19000 0.48517 1 0 1.0
cl_black
0 -0.14000 0.68076 2.21924 -0.86416 -0.39924 0.30634 0.13615 0.44385 1 0 1.0
0 -0.14000 0.47417 1.95000 -0.86416 -0.39924 0.30634 0.09483 0.39000 1 0 1.0
0 -0.07000 0.36917 2.01062 -0.86416 -0.39924 0.30634 0.07383 0.40212 1 0 1.0
cl_black
0 -0.14000 0.68076 2.21924 -0.86416 -0.39924 0.30634 0.13615 0.44385 1 0 1.0
0 -0.07000 0.36917 2.01062 -0.86416 -0.39924 0.30634 0.07383 0.40212 1 0 1.0
0 -0.07000 0.59503 2.30497 -0.86416 -0.39924 0.30634 0.11901 0.46099 1 0 1.0
cl_black
0 -0.07000 0.59503 2.30497 0.00000 -0.79335 0.60876 -0.01400 0.46099 1 0 1.0
0 -0.07000 0.36917 2.01062 0.00000 -0.79335 0.60876 -0.01400 0.40212 1 0 1.0
0 0.07000 0.36917 2.01062 0.00000 -0.79335 0.60876 0.01400 0.40212 1 0 1.0
cl_black
0 -0.07000 0.59503 2.30497 0.00000 -0.79335 0.60876 -0.01400 0.46099 1 0 1.0
0 0.07000 0.36917 2.01062 0.00000 -0.79335 0.60876 0.01400 0.40212 1 0 1.0
0 0.07000 0.59503 2.30497 0.00000 -0.79335 0.60876 0.01400 0.46099 1 0 1.0
cl_black
0 0.07000 0.59503 2.30497 0.86416 -0.39924 0.30634 0.11901 0.46099 1 0 1.0
0 0.07000 0.36917 2.01062 0.86416 -0.39924 0.30634 0.07383 0.40212 1 0 1.0
0 0.14000 0.47417 1.95000 0.86416 -0.39924 0.30634 0.09483 0.39000 1 0 1.0
cl_black
0 0.07000 0.59503 2.30497 0.86416 -0.39924 0.30634 0.11901 0.46099 1 0 1.0
0 0.14000 0.47417 1.95000 0.86416 -0.39924 0.30634 0.09483 0.39000 1 0 1.0
0 0.14000 0.68076 2.21924 0.86416 -0.39924 0.30634 0.13615 0.44385 1 0 1.0
cl_black
0 0.14000 0.68076 2.21924 0.86416 0.39924 -0.30634 0.13615 0.44385 1 0 1.0
0 0.14000 0.47417 1.95000 0.86416 0.39924 -0.30634 0.09483 0.39000 1 0 1.0
0 0.07000 0.57917 1.88938 0.86416 0.39924 -0.30634 0.11583 0.37788 1 0 1.0
cl_black
0 0.14000 0.68076 2.21924 0.86416 0.39924 -0.30634 0.13615 0.44385 1 0 1.0
0 0.07000 0.57917 1.88938 0.86416 0.39924 -0.30634 0.11583 0.37788 1 0 1.0
0 0.07000 0.76649 2.13351 0.86416 0.39924 -0.30634 0.15330 0.42670 1 0 1.0
cl_black
0 0.07000 0.76649 2.13351 0.00000 0.79335 -0.60876 0.01400 0.42670 1 0 1.0
0 0.07000 0.57917 1.88938 0.00000 0.79335 -0.60876 0.01400 0.37788 1 0 1.0
0 -0.07000 0.57917 1.88938 0.00000 0.79335 -0.60876 -0.01400 0.37788 1 0 1.0
cl_black
0 0.07000 0.76649 2.13351 0.00000 0.79335 -0.60876 0.01400 0.42670 1 0 1.0
0 -0.07000 0.57917 1.88938 0.00000 0.79335 -0.60876 -0.01400 0.37788 1 0 1.0
0 -0.07000 0.76649 2.13351 0.00000 0.79335 -0.60876 -0.01400 0.42670 1 0 1.0
cl_black
0 -0.07000 0.76649 2.13351 -0.86416 0.39924 -0.30634 0.15330 0.42670 1 0 1.0
0 -0.07000 0.57917 1.88938 -0.86416 0.39924 -0.30634 0.11583 0.37788 1 0 1.0
0 -0.14000 0.47417 1.95000 -0.86416 0.39924 -0.30634 0.09483 0.39000 1 0 1.0
cl_black
0 -0.07000 0.76649 2.13351 -0.86416 0.39924 -0.30634 0.15330 0.42670 1 0 1.0
0 -0.14000 0.47417 1.95000 -0.86416 0.39924 -0.30634 0.09483 0.39000 1 0 1.0
0 -0.14000 0.68076 2.21924 -0.86416 0.39924 -0.30634 0.13615 0.44385 1 0 1.0
cl_black
0 -0.14000 0.47417 1.95000 -0.84866 -0.52395 0.07244 -0.02800 0.39000 1 0 1.0
0 0.00000 0.20907 1.67270 -0.84866 -0.52395 0.07244 0.00000 0.33454 1 0 1.0
0 -0.07000 0.36917 2.01062 -0.84866 -0.52395 0.07244 -0.01400 0.40212 1 0 1.0
cl_black
0 0.00000 0.20907 1.67270 0.48469 -0.74735 0.45448 0.00000 0.33454 1 0 1.0
0 0.12124 0.27668 1.65458 0.48469 -0.74735 0.45448 0.02425 0.33092 1 0 1.0
0 -0.07000 0.36917 2.01062 0.48469 -0.74735 0.45448 -0.01400 0.40212 1 0 1.0
cl_black
0 -0.07000 0.36917 2.01062 0.00000 -0.96788 0.25142 0.07383 0.40212 1 0 1.0
0 0.12124 0.27668 1.65458 0.00000 -0.96788 0.25142 0.05534 0.33092 1 0 1.0
0 0.07000 0.36917 2.01062 0.00000 -0.96788 0.25142 0.07383 0.40212 1 0 1.0
cl_black
0 0.12124 0.27668 1.65458 0.99044 0.03571 0.13327 0.05534 0.33092 1 0 1.0
0 0.12124 0.41191 1.61835 0.99044 0.03571 0.13327 0.08238 0.32367 1 0 1.0
0 0.07000 0.36917 2.01062 0.99044 0.03571 0.13327 0.07383 0.40212 1 0 1.0
cl_black
0 0.07000 0.36917 2.01062 0.84458 -0.53288 0.05226 0.07383 0.40212 1 0 1.0
0 0.12124 0.41191 1.61835 0.84458 -0.53288 0.05226 0.08238 0.32367 1 0 1.0
0 0.14000 0.47417 1.95000 0.84458 -0.53288 0.05226 0.09483 0.39000 1 0 1.0
cl_black
0 0.12124 0.41191 1.61835 0.49963 0.84581 -0.18703 0.08238 0.32367 1 0 1.0
0 0.00000 0.47953 1.60023 0.49963 0.84581 -0.18703 0.09591 0.32005 1 0 1.0
0 0.14000 0.47417 1.95000 0.49963 0.84581 -0.18703 0.09483 0.39000 1 0 1.0
cl_black
0 0.14000 0.47417 1.95000 0.86130 0.37851 -0.33895 0.02800 0.39000 1 0 1.0
0 0.00000 0.47953 1.60023 0.86130 0.37851 -0.33895 0.00000 0.32005 1 0 1.0
0 0.07000 0.57917 1.88938 0.86130 0.37851 -0.33895 0.01400 0.37788 1 0 1.0
cl_black
0 0.00000 0.47953 1.60023 -0.49927 0.84924 -0.17178 0.00000 0.32005 1 0 1.0
0 -0.12124 0.41191 1.61835 -0.49927 0.84924 -0.17178 -0.02425 0.32367 1 0 1.0
0 0.07000 0.57917 1.88938 -0.49927 0.84924 -0.17178 0.01400 0.37788 1 0 1.0
cl_black
0 0.07000 0.57917 1.88938 0.00000 0.85100 -0.52516 0.11583 0.37788 1 0 1.0
0 -0.12124 0.41191 1.61835 0.00000 0.85100 -0.52516 0.08238 0.32367 1 0 1.0
0 -0.07000 0.57917 1.88938 0.00000 0.85100 -0.52516 0.11583 0.37788 1 0 1.0
cl_black
0 -0.12124 0.41191 1.61835 -0.98619 0.04287 0.16000 0.08238 0.32367 1 0 1.0
0 -0.12124 0.27668 1.65458 -0.98619 0.04287 0.16000 0.05534 0.33092 1 0 1.0
0 -0.07000 0.57917 1.88938 -0.98619 0.04287 0.16000 0.11583 0.37788 1 0 1.0
cl_black
0 -0.07000 0.57917 1.88938 -0.86336 0.39245 -0.31717 0.11583 0.37788 1 0 1.0
0 -0.12124 0.27668 1.65458 -0.86336 0.39245 -0.31717 0.05534 0.33092 1 0 1.0
0 -0.14000 0.47417 1.95000 -0.86336 0.39245 -0.31717 0.09483 0.39000 1 0 1.0
cl_black
0 -0.12124 0.27668 1.65458 -0.48316 -0.74174 0.46517 0.05534 0.33092 1 0 1.0
0 0.00000 0.20907 1.67270 -0.48316 -0.74174 0.46517 0.04181 0.33454 1 0 1.0
0 -0.14000 0.47417 1.95000 -0.48316 -0.74174 0.46517 0.09483 0.39000 1 0 1.0
cl_black
0 0.00000 0.20907 1.67270 0.49678 -0.86045 0.11328 0.00000 0.33454 1 0 1.0
0 0.00000 0.16000 1.30000 0.49678 -0.86045 0.11328 0.00000 0.26000 1 0 1.0
0 0.12124 0.23000 1.30000 0.49678 -0.86045 0.11328 0.02425 0.26000 1 0 1.0
cl_black
0 0.00000 0.20907 1.67270 0.49678 -0.86045 0.11328 0.00000 0.33454 1 0 1.0
0 0.12124 0.23000 1.30000 0.49678 -0.86045 0.11328 0.02425 0.26000 1 0 1.0
0 0.12124 0.27668 1.65458 0.49678 -0.86045 0.11328 0.02425 0.33092 1 0 1.0
cl_black
0 0.12124 0.27668 1.65458 1.00000 0.00000 0.00000 0.05534 0.33092 1 0 1.0
0 0.12124 0.23000 1.30000 1.00000 0.00000 0.00000 0.04600 0.26000 1 0 1.0
0 0.12124 0.37000 1.30000 1.00000 0.00000 0.00000 0.07400 0.26000 1 0 1.0
cl_black
0 0.12124 0.27668 1.65458 1.00000 0.00000 0.00000 0.05534 0.33092 1 0 1.0
0 0.12124 0.37000 1.30000 1.00000 0.00000 0.00000 0.07400 0.26000 1 0 1.0
0 0.12124 0.41191 1.61835 1.00000 0.00000 0.00000 0.08238 0.32367 1 0 1.0
cl_black
0 0.12124 0.41191 1.61835 0.49678 0.86045 -0.11328 0.02425 0.32367 1 0 1.0
0 0.12124 0.37000 1.30000 0.49678 0.86045 -0.11328 0.02425 0.26000 1 0 1.0
0 0.00000 0.44000 1.30000 0.49678 0.86045 -0.11328 0.00000 0.26000 1 0 1.0
cl_black
0 0.12124 0.41191 1.61835 0.49678 0.86045 -0.11328 0.02425 0.32367 1 0 1.0
0 0.00000 0.44000 1.30000 0.49678 0.86045 -0.11328 0.00000 0.26000 1 0 1.0
0 0.00000 0.47953 1.60023 0.49678 0.86045 -0.11328 0.00000 0.32005 1 0 1.0
cl_black
0 0.00000 0.47953 1.60023 -0.49678 0.86045 -0.11328 0.00000 0.32005 1 0 1.0
0 0.00000 0.44000 1.30000 -0.49678 0.86045 -0.11328 0.00000 0.26000 1 0 1.0
0 -0.12124 0.37000 1.30000 -0.49678 0.86045 -0.11328 -0.02425 0.26000 1 0 1.0
cl_black
0 0.00000 0.47953 1.60023 -0.49678 0.86045 -0.11328 0.00000 0.32005 1 0 1.0
0 -0.12124 0.37000 1.30000 -0.49678 0.86045 -0.11328 -0.02425 0.26000 1 0 1.0
0 -0.12124 0.41191 1.61835 -0.49678 0.86045 -0.11328 -0.02425 0.32367 1 0 1.0
cl_black
0 -0.12124 0.41191 1.61835 -1.00000 0.00000 0.00000 0.08238 0.32367 1 0 1.0
0 -0.12124 0.37000 1.30000 -1.00000 0.00000 0.00000 0.07400 0.26000 1 0 1.0
0 -0.12124 0.23000 1.30000 -1.00000 0.00000 0.00000 0.04600 0.26000 1 0 1.0
cl_black
0 -0.12124 0.41191 1.61835 -1.00000 0.00000 0.00000 0.08238 0.32367 1 0 1.0
0 -0.12124 0.23000 1.30000 -1.00000 0.00000 0.00000 0.04600 0.26000 1 0 1.0
0 -0.12124 0.27668 1.65458 -1.00000 0.00000 0.00000 0.05534 0.33092 1 0 1.0
cl_black
0 -0.12124 0.27668 1.65458 -0.49678 -0.86045 0.11328 -0.02425 0.33092 1 0 1.0
0 -0.12124 0.23000 1.30000 -0.49678 -0.86045 0.11328 -0.02425 0.26000 1 0 1.0
0 0.00000 0.16000 1.30000 -0.49678 -0.86045 0.11328 0.00000 0.26000 1 0 1.0
cl_black
0 -0.12124 0.27668 1.65458 -0.49678 -0.86045 0.11328 -0.02425 0.33092 1 0 1.0
0 0.00000 0.16000 1.30000 -0.49678 -0.86045 0.11328 0.00000 0.26000 1 0 1.0
0 0.00000 0.20907 1.67270 -0.49678 -0.86045 0.11328 0.00000 0.33454 1 0 1.0
cl_black
0 0.00000 0.16000 1.30000 0.49678 -0.86045 -0.11328 0.00000 0.26000 1 0 1.0
0 0.00000 0.20907 0.92730 0.49678 -0.86045 -0.11328 0.00000 0.18546 1 0 1.0
0 0.12124 0.27668 0.94542 0.49678 -0.86045 -0.11328 0.02425 0.18908 1 0 1.0
cl_black
0 0.00000 0.16000 1.30000 0.49678 -0.86045 -0.11328 0.00000 0.26000 1 0 1.0
0 0.12124 0.27668 0.94542 0.49678 -0.86045 -0.11328 0.02425 0.18908 1 0 1.0
0 0.12124 0.23000 1.30000 0.49678 -0.86045 -0.11328 0.02425 0.26000 1 0 1.0
cl_black
0 0.12124 0.23000 1.30000 1.00000 0.00000 0.00000 0.04600 0.26000 1 0 1.0
0 0.12124 0.27668 0.94542 1.00000 0.00000 0.00000 0.05534 0.18908 1 0 1.0
0 0.12124 0.41191 0.98165 1.00000 0.00000 0.00000 0.08238 0.19633 1 0 1.0
cl_black
0 0.12124 0.23000 1.30000 1.00000 0.00000 0.00000 0.04600 0.26000 1 0 1.0
0 0.12124 0.41191 0.98165 1.00000 0.00000 0.00000 0.08238 0.19633 1 0 1.0
0 0.12124 0.37000 1.30000 1.00000 0.00000 0.00000 0.07400 0.26000 1 0 1.0
cl_black
0 0.12124 0.37000 1.30000 0.49678 0.86045 0.11328 0.02425 0.26000 1 0 1.0
0 0.12124 0.41191 0.98165 0.49678 0.86045 0.11328 0.02425 0.19633 1 0 1.0
0 0.00000 0.47953 0.99977 0.49678 0.86045 0.11328 0.00000 0.19995 1 0 1.0
cl_black
0 0.12124 0.37000 1.30000 0.49678 0.86045 0.11328 0.02425 0.26000 1 0 1.0
0 0.00000 0.47953 0.99977 0.49678 0.86045 0.11328 0.00000 0.19995 1 0 1.0
0 0.00000 0.44000 1.30000 0.49678 0.86045 0.11328 0.00000 0.26000 1 0 1.0
cl_black
0 0.00000 0.44000 1.30000 -0.49678 0.86045 0.11328 0.00000 0.26000 1 0 1.0
0 0.00000 0.47953 0.99977 -0.49678 0.86045 0.11328 0.00000 0.19995 1 0 1.0
0 -0.12124 0.41191 0.98165 -0.49678 0.86045 0.11328 -0.02425 0.19633 1 0 1.0
cl_black
0 0.00000 0.44000 1.30000 -0.49678 0.86045 0.11328 0.00000 0.26000 1 0 1.0
0 -0.12124 0.41191 0.98165 -0.49678 0.86045 0.11328 -0.02425 0.19633 1 0 1.0
0 -0.12124 0.37000 1.30000 -0.49678 0.86045 0.11328 -0.02425 0.26000 1 0 1.0
cl_black
0 -0.12124 0.37000 1.30000 -1.00000 0.00000 0.00000 0.07400 0.26000 1 0 1.0
0 -0.12124 0.41191 0.98165 -1.00000 0.00000 0.00000 0.08238 0.19633 1 0 1.0
0 -0.12124 0.27668 0.94542 -1.00000 0.00000 0.00000 0.05534 0.18908 1 0 1.0
cl_black
0 -0.12124 0.37000 1.30000 -1.00000 0.00000 0.00000 0.07400 0.26000 1 0 1.0
0 -0.12124 0.27668 0.94542 -1.00000 0.00000 0.00000 0.05534 0.18908 1 0 1.0
0 -0.12124 0.23000 1.30000 -1.00000 0.00000 0.00000 0.04600 0.26000 1 0 1.0
cl_black
0 -0.12124 0.23000 1.30000 -0.49678 -0.86045 -0.11328 -0.02425 0.26000 1 0 1.0
0 -0.12124 0.27668 0.94542 -0.49678 -0.86045 -0.11328 -0.02425 0.18908 1 0 1.0
0 0.00000 0.20907 0.92730 -0.49678 -0.86045 -0.11328 0.00000 0.18546 1 0 1.0
cl_black
0 -0.12124 0.23000 1.30000 -0.49678 -0.86045 -0.11328 -0.02425 0.26000 1 0 1.0
0 0.00000 0.20907 0.92730 -0.49678 -0.86045 -0.11328 0.00000 0.18546 1 0 1.0
0 0.00000 0.16000 1.30000 -0.49678 -0.86045 -0.11328 0.00000 0.26000 1 0 1.0
cl_black
0 0.00000 0.20907 0.92730 0.48316 -0.74174 -0.46517 0.04181 0.18546 1 0 1.0
0 0.14000 0.47417 0.65000 0.48316 -0.74174 -0.46517 0.09483 0.13000 1 0 1.0
0 0.12124 0.27668 0.94542 0.48316 -0.74174 -0.46517 0.05534 0.18908 1 0 1.0
cl_black
0 0.14000 0.47417 0.65000 0.86336 0.39245 0.31717 0.09483 0.13000 1 0 1.0
0 0.07000 0.57917 0.71062 0.86336 0.39245 0.31717 0.11583 0.14212 1 0 1.0
0 0.12124 0.27668 0.94542 0.86336 0.39245 0.31717 0.05534 0.18908 1 0 1.0
cl_black
0 0.12124 0.27668 0.94542 0.98619 0.04287 -0.16000 0.05534 0.18908 1 0 1.0
0 0.07000 0.57917 0.71062 0.98619 0.04287 -0.16000 0.11583 0.14212 1 0 1.0
0 0.12124 0.41191 0.98165 0.98619 0.04287 -0.16000 0.08238 0.19633 1 0 1.0
cl_black
0 0.07000 0.57917 0.71062 0.00000 0.85100 0.52516 0.11583 0.14212 1 0 1.0
0 -0.07000 0.57917 0.71062 0.00000 0.85100 0.52516 0.11583 0.14212 1 0 1.0
0 0.12124 0.41191 0.98165 0.00000 0.85100 0.52516 0.08238 0.19633 1 0 1.0
cl_black
0 0.12124 0.41191 0.98165 0.49927 0.84924 0.17178 0.02425 0.19633 1 0 1.0
0 -0.07000 0.57917 0.71062 0.49927 0.84924 0.17178 -0.01400 0.14212 1 0 1.0
0 0.00000 0.47953 0.99977 0.49927 0.84924 0.17178 0.00000 0.19995 1 0 1.0
cl_black
0 -0.07000 0.57917 0.71062 -0.86130 0.37851 0.33895 -0.01400 0.14212 1 0 1.0
0 -0.14000 0.47417 0.65000 -0.86130 0.37851 0.33895 -0.02800 0.13000 1 0 1.0
0 0.00000 0.47953 0.99977 -0.86130 0.37851 0.33895 0.00000 0.19995 1 0 1.0
cl_black
0 0.00000 0.47953 0.99977 -0.49963 0.84581 0.18703 0.09591 0.19995 1 0 1.0
0 -0.14000 0.47417 0.65000 -0.49963 0.84581 0.18703 0.09483 0.13000 1 0 1.0
0 -0.12124 0.41191 0.98165 -0.49963 0.84581 0.18703 0.08238 0.19633 1 0 1.0
cl_black
0 -0.14000 0.47417 0.65000 -0.84458 -0.53288 -0.05226 0.09483 0.13000 1 0 1.0
0 -0.07000 0.36917 0.58938 -0.84458 -0.53288 -0.05226 0.07383 0.11788 1 0 1.0
0 -0.12124 0.41191 0.98165 -0.84458 -0.53288 -0.05226 0.08238 0.19633 1 0 1.0
cl_black
0 -0.12124 0.41191 0.98165 -0.99044 0.03571 -0.13327 0.08238 0.19633 1 0 1.0
0 -0.07000 0.36917 0.58938 -0.99044 0.03571 -0.13327 0.07383 0.11788 1 0 1.0
0 -0.12124 0.27668 0.94542 -0.99044 0.03571 -0.13327 0.05534 0.18908 1 0 1.0
cl_black
0 -0.07000 0.36917 0.58938 0.00000 -0.96788 -0.25142 0.07383 0.11788 1 0 1.0
0 0.07000 0.36917 0.58938 0.00000 -0.96788 -0.25142 0.07383 0.11788 1 0 1.0
0 -0.12124 0.27668 0.94542 0.00000 -0.96788 -0.25142 0.05534 0.18908 1 0 1.0
cl_black
0 -0.12124 0.27668 0.94542 -0.48469 -0.74735 -0.45448 -0.02425 0.18908 1 0 1.0
0 0.07000 0.36917 0.58938 -0.48469 -0.74735 -0.45448 0.01400 0.11788 1 0 1.0
0 0.00000 0.20907 0.92730 -0.48469 -0.74735 -0.45448 0.00000 0.18546 1 0 1.0
cl_black
0 0.07000 0.36917 0.58938 0.84866 -0.52395 -0.07244 0.01400 0.11788 1 0 1.0
0 0.14000 0.47417 0.65000 0.84866 -0.52395 -0.07244 0.02800 0.13000 1 0 1.0
0 0.00000 0.20907 0.92730 0.84866 -0.52395 -0.07244 0.00000 0.18546 1 0 1.0
cl_black
0 0.14000 0.47417 0.65000 0.86416 0.39924 0.30634 0.09483 0.13000 1 0 1.0
0 0.14000 0.68076 0.38076 0.86416 0.39924 0.30634 0.13615 0.07615 1 0 1.0
0 0.07000 0.76649 0.46649 0.86416 0.39924 0.30634 0.15330 0.09330 1 0 1.0
cl_black
0 0.14000 0.47417 0.65000 0.86416 0.39924 0.30634 0.09483 0.13000 1 0 1.0
0 0.07000 0.76649 0.46649 0.86416 0.39924 0.30634 0.15330 0.09330 1 0 1.0
0 0.07000 0.57917 0.71062 0.86416 0.39924 0.30634 0.11583 0.14212 1 0 1.0
cl_black
0 0.07000 0.57917 0.71062 0.00000 0.79335 0.60876 0.01400 0.14212 1 0 1.0
0 0.07000 0.76649 0.46649 0.00000 0.79335 0.60876 0.01400 0.09330 1 0 1.0
0 -0.07000 0.76649 0.46649 0.00000 0.79335 0.60876 -0.01400 0.09330 1 0 1.0
cl_black
0 0.07000 0.57917 0.71062 0.00000 0.79335 0.60876 0.01400 0.14212 1 0 1.0
0 -0.07000 0.76649 0.46649 0.00000 0.79335 0.60876 -0.01400 0.09330 1 0 1.0
0 -0.07000 0.57917 0.71062 0.00000 0.79335 0.60876 -0.01400 0.14212 1 0 1.0
cl_black
0 -0.07000 0.57917 0.71062 -0.86416 0.39924 0.30634 0.11583 0.14212 1 0 1.0
0 -0.07000 0.76649 0.46649 -0.86416 0.39924 0.30634 0.15330 0.09330 1 0 1.0
0 -0.14000 0.68076 0.38076 -0.86416 0.39924 0.30634 0.13615 0.07615 1 0 1.0
cl_black
0 -0.07000 0.57917 0.71062 -0.86416 0.39924 0.30634 0.11583 0.14212 1 0 1.0
0 -0.14000 0.68076 0.38076 -0.86416 0.39924 0.30634 0.13615 0.07615 1 0 1.0
0 -0.14000 0.47417 0.65000 -0.86416 0.39924 0.30634 0.09483 0.13000 1 0 1.0
cl_black
0 -0.14000 0.47417 0.65000 -0.86416 -0.39924 -0.30634 0.09483 0.13000 1 0 1.0
0 -0.14000 0.68076 0.38076 -0.86416 -0.39924 -0.30634 0.13615 0.07615 1 0 1.0
0 -0.07000 0.59503 0.29503 -0.86416 -0.39924 -0.30634 0.11901 0.05901 1 0 1.0
cl_black
0 -0.14000 0.47417 0.65000 -0.86416 -0.39924 -0.30634 0.09483 0.13000 1 0 1.0
0 -0.07000 0.59503 0.29503 -0.86416 -0.39924 -0.30634 0.11901 0.05901 1 0 1.0
0 -0.07000 0.36917 0.58938 -0.86416 -0.39924 -0.30634 0.07383 0.11788 1 0 1.0
cl_black
0 -0.07000 0.36917 0.58938 0.00000 -0.79335 -0.60876 -0.01400 0.11788 1 0 1.0
0 -0.07000 0.59503 0.29503 0.00000 -0.79335 -0.60876 -0.01400 0.05901 1 0 1.0
0 0.07000 0.59503 0.29503 0.00000 -0.79335 -0.60876 0.01400 0.05901 1 0 1.0
cl_black
0 -0.07000 0.36917 0.58938 0.00000 -0.79335 -0.60876 -0.01400 0.11788 1 0 1.0
0 0.07000 0.59503 0.29503 0.00000 -0.79335 -0.60876 0.01400 0.05901 1 0 1.0
0 0.07000 0.36917 0.58938 0.00000 -0.79335 -0.60876 0.01400 0.11788 1 0 1.0
cl_black
0 0.07000 0.36917 0.58938 0.86416 -0.39924 -0.30634 0.07383 0.11788 1 0 1.0
0 0.07000 0.59503 0.29503 0.86416 -0.39924 -0.30634 0.11901 0.05901 1 0 1.0
0 0.14000 0.68076 0.38076 0.86416 -0.39924 -0.30634 0.13615 0.07615 1 0 1.0
cl_black
0 0.07000 0.36917 0.58938 0.86416 -0.39924 -0.30634 0.07383 0.11788 1 0 1.0
0 0.14000 0.68076 0.38076 0.86416 -0.39924 -0.30634 0.13615 0.07615 1 0 1.0
0 0.14000 0.47417 0.65000 0.86416 -0.39924 -0.30634 0.09483 0.13000 1 0 1.0
cl_black
0 0.14000 0.68076 0.38076 0.86416 0.30634 0.39924 0.13615 0.07615 1 0 1.0
0 0.14000 0.95000 0.17417 0.86416 0.30634 0.39924 0.19000 0.03483 1 0 1.0
0 0.07000 1.01062 0.27917 0.86416 0.30634 0.39924 0.20212 0.05583 1 0 1.0
cl_black
0 0.14000 0.68076 0.38076 0.86416 0.30634 0.39924 0.13615 0.07615 1 0 1.0
0 0.07000 1.01062 0.27917 0.86416 0.30634 0.39924 0.20212 0.05583 1 0 1.0
0 0.07000 0.76649 0.46649 0.86416 0.30634 0.39924 0.15330 0.09330 1 0 1.0
cl_black
0 0.07000 0.76649 0.46649 0.00000 0.60876 0.79335 0.01400 0.15330 1 0 1.0
0 0.07000 1.01062 0.27917 0.00000 0.60876 0.79335 0.01400 0.20212 1 0 1.0
0 -0.07000 1.01062 0.27917 0.00000 0.60876 0.79335 -0.01400 0.20212 1 0 1.0
cl_black
0 0.07000 0.76649 0.46649 0.00000 0.60876 0.79335 0.01400 0.15330 1 0 1.0
0 -0.07000 1.01062 0.27917 0.00000 0.60876 0.79335 -0.01400 0.20212 1 0 1.0
0 -0.07000 0.76649 0.46649 0.00000 0.60876 0.79335 -0.01400 0.15330 1 0 1.0
cl_black
0 -0.07000 0.76649 0.46649 -0.86416 0.30634 0.39924 0.15330 0.09330 1 0 1.0
0 -0.07000 1.01062 0.27917 -0.86416 0.30634 0.39924 0.20212 0.05583 1 0 1.0
0 -0.14000 0.95000 0.17417 -0.86416 0.30634 0.39924 0.19000 0.03483 1 0 1.0
cl_black
0 -0.07000 0.76649 0.46649 -0.86416 0.30634 0.39924 0.15330 0.09330 1 0 1.0
0 -0.14000 0.95000 0.17417 -0.86416 0.30634 0.39924 0.19000 0.03483 1 0 1.0
0 -0.14000 0.68076 0.38076 -0.86416 0.30634 0.39924 0.13615 0.07615 1 0 1.0
cl_black
0 -0.14000 0.68076 0.38076 -0.86416 -0.30634 -0.39924 0.13615 0.07615 1 0 1.0
0 -0.14000 0.95000 0.17417 -0.86416 -0.30634 -0.39924 0.19000 0.03483 1 0 1.0
0 -0.07000 0.88938 0.06917 -0.86416 -0.30634 -0.39924 0.17788 0.01383 1 0 1.0
cl_black
0 -0.14000 0.68076 0.38076 -0.86416 -0.30634 -0.39924 0.13615 0.07615 1 0 1.0
0 -0.07000 0.88938 0.06917 -0.86416 -0.30634 -0.39924 0.17788 0.01383 1 0 1.0
0 -0.07000 0.59503 0.29503 -0.86416 -0.30634 -0.39924 0.11901 0.05901 1 0 1.0
cl_black
0 -0.07000 0.59503 0.29503 0.00000 -0.60876 -0.79335 -0.01400 0.11901 1 0 1.0
0 -0.07000 0.88938 0.06917 0.00000 -0.60876 -0.79335 -0.01400 0.17788 1 0 1.0
0 0.07000 0.88938 0.06917 0.00000 -0.60876 -0.79335 0.01400 0.17788 1 0 1.0
cl_black
0 -0.07000 0.59503 0.29503 0.00000 -0.60876 -0.79335 -0.01400 0.11901 1 0 1.0
0 0.07000 0.88938 0.06917 0.00000 -0.60876 -0.79335 0.01400 0.17788 1 0 1.0
0 0.07000 0.59503 0.29503 0.00000 -0.60876 -0.79335 0.01400 0.11901 1 0 1.0
cl_black
0 0.07000 0.59503 0.29503 0.86416 -0.30634 -0.39924 0.11901 0.05901 1 0 1.0
0 0.07000 0.88938 0.06917 0.86416 -0.30634 -0.39924 0.17788 0.01383 1 0 1.0
0 0.14000 0.95000 0.17417 0.86416 -0.30634 -0.39924 0.19000 0.03483 1 0 1.0
cl_black
0 0.07000 0.59503 0.29503 0.86416 -0.30634 -0.39924 0.11901 0.05901 1 0 1.0
0 0.14000 0.95000 0.17417 0.86416 -0.30634 -0.39924 0.19000 0.03483 1 0 1.0
0 0.14000 0.68076 0.38076 0.86416 -0.30634 -0.39924 0.13615 0.07615 1 0 1.0
cl_black
0 0.14000 0.95000 0.17417 0.86416 0.19258 0.46492 0.19000 0.03483 1 0 1.0
0 0.14000 1.26354 0.04430 0.86416 0.19258 0.46492 0.25271 0.00886 1 0 1.0
0 0.07000 1.29492 0.16141 0.86416 0.19258 0.46492 0.25898 0.03228 1 0 1.0
cl_black
0 0.14000 0.95000 0.17417 0.86416 0.19258 0.46492 0.19000 0.03483 1 0 1.0
0 0.07000 1.29492 0.16141 0.86416 0.19258 0.46492 0.25898 0.03228 1 0 1.0
0 0.07000 1.01062 0.27917 0.86416 0.19258 0.46492 0.20212 0.05583 1 0 1.0
cl_black
0 0.07000 1.01062 0.27917 0.00000 0.38268 0.92388 0.01400 0.20212 1 0 1.0
0 0.07000 1.29492 0.16141 0.00000 0.38268 0.92388 0.01400 0.25898 1 0 1.0
0 -0.07000 1.29492 0.16141 0.00000 0.38268 0.92388 -0.01400 0.25898 1 0 1.0
cl_black
0 0.07000 1.01062 0.27917 0.00000 0.38268 0.92388 0.01400 0.20212 1 0 1.0
0 -0.07000 1.29492 0.16141 0.00000 0.38268 0.92388 -0.01400 0.25898 1 0 1.0
0 -0.07000 1.01062 0.27917 0.00000 0.38268 0.92388 -0.01400 0.20212 1 0 1.0
cl_black
0 -0.07000 1.01062 0.27917 -0.86416 0.19258 0.46492 0.20212 0.05583 1 0 1.0
0 -0.07000 1.29492 0.16141 -0.86416 0.19258 0.46492 0.25898 0.03228 1 0 1.0
0 -0.14000 1.26354 0.04430 -0.86416 0.19258 0.46492 0.25271 0.00886 1 0 1.0
cl_black
0 -0.07000 1.01062 0.27917 -0.86416 0.19258 0.46492 0.20212 0.05583 1 0 1.0
0 -0.14000 1.26354 0.04430 -0.86416 0.19258 0.46492 0.25271 0.00886 1 0 1.0
0 -0.14000 0.95000 0.17417 -0.86416 0.19258 0.46492 0.19000 0.03483 1 0 1.0
cl_black
0 -0.14000 0.95000 0.17417 -0.86416 -0.19258 -0.46492 0.19000 0.03483 1 0 1.0
0 -0.14000 1.26354 0.04430 -0.86416 -0.19258 -0.46492 0.25271 0.00886 1 0 1.0
0 -0.07000 1.23216 -0.07282 -0.86416 -0.19258 -0.46492 0.24643 -0.01456 1 0 1.0
cl_black
0 -0.14000 0.95000 0.17417 -0.86416 -0.19258 -0.46492 0.19000 0.03483 1 0 1.0
0 -0.07000 1.23216 -0.07282 -0.86416 -0.19258 -0.46492 0.24643 -0.01456 1 0 1.0
0 -0.07000 0.88938 0.06917 -0.86416 -0.19258 -0.46492 0.17788 0.01383 1 0 1.0
cl_black
0 -0.07000 0.88938 0.06917 0.00000 -0.38268 -0.92388 -0.01400 0.17788 1 0 1.0
0 -0.07000 1.23216 -0.07282 0.00000 -0.38268 -0.92388 -0.01400 0.24643 1 0 1.0
0 0.07000 1.23216 -0.07282 0.00000 -0.38268 -0.92388 0.01400 0.24643 1 0 1.0
cl_black
0 -0.07000 0.88938 0.06917 0.00000 -0.38268 -0.92388 -0.01400 0.17788 1 0 1.0
0 0.07000 1.23216 -0.07282 0.00000 -0.38268 -0.92388 0.01400 0.24643 1 0 1.0
0 0.07000 0.88938 0.06917 0.00000 -0.38268 -0.92388 0.01400 0.17788 1 0 1.0
cl_black
0 0.07000 0.88938 0.06917 0.86416 -0.19258 -0.46492 0.17788 0.01383 1 0 1.0
0 0.07000 1.23216 -0.07282 0.86416 -0.19258 -0.46492 0.24643 -0.01456 1 0 1.0
0 0.14000 1.26354 0.04430 0.86416 -0.19258 -0.46492 0.25271 0.00886 1 0 1.0
cl_black
0 0.07000 0.88938 0.06917 0.86416 -0.19258 -0.46492 0.17788 0.01383 1 0 1.0
0 0.14000 1.26354 0.04430 0.86416 -0.19258 -0.46492 0.25271 0.00886 1 0 1.0
0 0.14000 0.95000 0.17417 0.86416 -0.19258 -0.46492 0.19000 0.03483 1 0 1.0
cl_black
0 0.14000 1.26354 0.04430 0.86416 0.06568 0.49892 0.25271 0.00886 1 0 1.0
0 0.14000 1.60000 0.00000 0.86416 0.06568 0.49892 0.32000 0.00000 1 0 1.0
0 0.07000 1.60000 0.12124 0.86416 0.06568 0.49892 0.32000 0.02425 1 0 1.0
cl_black
0 0.14000 1.26354 0.04430 0.86416 0.06568 0.49892 0.25271 0.00886 1 0 1.0
0 0.07000 1.60000 0.12124 0.86416 0.06568 0.49892 0.32000 0.02425 1 0 1.0
0 0.07000 1.29492 0.16141 0.86416 0.06568 0.49892 0.25898 0.03228 1 0 1.0
cl_black
0 0.07000 1.29492 0.16141 0.00000 0.13053 0.99144 0.01400 0.25898 1 0 1.0
0 0.07000 1.60000 0.12124 0.00000 0.13053 0.99144 0.01400 0.32000 1 0 1.0
0 -0.07000 1.60000 0.12124 0.00000 0.13053 0.99144 -0.01400 0.32000 1 0 1.0
cl_black
0 0.07000 1.29492 0.16141 0.00000 0.13053 0.99144 0.01400 0.25898 1 0 1.0
0 -0.07000 1.60000 0.12124 0.00000 0.13053 0.99144 -0.01400 0.32000 1 0 1.0
0 -0.07000 1.29492 0.16141 0.00000 0.13053 0.99144 -0.01400 0.25898 1 0 1.0
cl_black
0 -0.07000 1.29492 0.16141 -0.86416 0.06568 0.49892 0.25898 0.03228 1 0 1.0
0 -0.07000 1.60000 0.12124 -0.86416 0.06568 0.49892 0.32000 0.02425 1 0 1.0
0 -0.14000 1.60000 0.00000 -0.86416 0.06568 0.49892 0.32000 0.00000 1 0 1.0
cl_black
0 -0.07000 1.29492 0.16141 -0.86416 0.06568 0.49892 0.25898 0.03228 1 0 1.0
0 -0.14000 1.60000 0.00000 -0.86416 0.06568 0.49892 0.32000 0.00000 1 0 1.0
0 -0.14000 1.26354 0.04430 -0.86416 0.06568 0.49892 0.25271 0.00886 1 0 1.0
cl_black
0 -0.14000 1.26354 0.04430 -0.86416 -0.06568 -0.49892 0.25271 0.00886 1 0 1.0
0 -0.14000 1.60000 0.00000 -0.86416 -0.06568 -0.49892 0.32000 0.00000 1 0 1.0
0 -0.07000 1.60000 -0.12124 -0.86416 -0.06568 -0.49892 0.32000 -0.02425 1 0 1.0
cl_black
0 -0.14000 1.26354 0.04430 -0.86416 -0.06568 -0.49892 0.25271 0.00886 1 0 1.0
0 -0.07000 1.60000 -0.12124 -0.86416 -0.06568 -0.49892 0.32000 -0.02425 1 0 1.0
0 -0.07000 1.23216 -0.07282 -0.86416 -0.06568 -0.49892 0.24643 -0.01456 1 0 1.0
cl_black
0 -0.07000 1.23216 -0.07282 0.00000 -0.13053 -0.99144 -0.01400 0.24643 1 0 1.0
0 -0.07000 1.60000 -0.12124 0.00000 -0.13053 -0.99144 -0.01400 0.32000 1 0 1.0
0 0.07000 1.60000 -0.12124 0.00000 -0.13053 -0.99144 0.01400 0.32000 1 0 1.0
cl_black
0 -0.07000 1.23216 -0.07282 0.00000 -0.13053 -0.99144 -0.01400 0.24643 1 0 1.0
0 0.07000 1.60000 -0.12124 0.00000 -0.13053 -0.99144 0.01400 0.32000 1 0 1.0
0 0.07000 1.23216 -0.07282 0.00000 -0.13053 -0.99144 0.01400 0.24643 1 0 1.0
cl_black
0 0.07000 1.23216 -0.07282 0.86416 -0.06568 -0.49892 0.24643 -0.01456 1 0 1.0
0 0.07000 1.60000 -0.12124 0.86416 -0.06568 -0.49892 0.32000 -0.02425 1 0 1.0
0 0.14000 1.60000 0.00000 0.86416 -0.06568 -0.49892 0.32000 0.00000 1 0 1.0
cl_black
0 0.07000 1.23216 -0.07282 0.86416 -0.06568 -0.49892 0.24643 -0.01456 1 0 1.0
0 0.14000 1.60000 0.00000 0.86416 -0.06568 -0.49892 0.32000 0.00000 1 0 1.0
0 0.14000 1.26354 0.04430 0.86416 -0.06568 -0.49892 0.25271 0.00886 1 0 1.0
cl_black
0 0.14000 1.60000 0.00000 0.86416 -0.06568 0.49892 0.32000 0.00000 1 0 1.0
0 0.14000 1.93646 0.04430 0.86416 -0.06568 0.49892 0.38729 0.00886 1 0 1.0
0 0.07000 1.90508 0.16141 0.86416 -0.06568 0.49892 0.38102 0.03228 1 0 1.0
cl_black
0 0.14000 1.60000 0.00000 0.86416 -0.06568 0.49892 0.32000 0.00000 1 0 1.0
0 0.07000 1.90508 0.16141 0.86416 -0.06568 0.49892 0.38102 0.03228 1 0 1.0
0 0.07000 1.60000 0.12124 0.86416 -0.06568 0.49892 0.32000 0.02425 1 0 1.0
cl_black
0 0.07000 1.60000 0.12124 0.00000 -0.13053 0.99144 0.01400 0.32000 1 0 1.0
0 0.07000 1.90508 0.16141 0.00000 -0.13053 0.99144 0.01400 0.38102 1 0 1.0
0 -0.07000 1.90508 0.16141 0.00000 -0.13053 0.99144 -0.01400 0.38102 1 0 1.0
cl_black
0 0.07000 1.60000 0.12124 0.00000 -0.13053 0.99144 0.01400 0.32000 1 0 1.0
0 -0.07000 1.90508 0.16141 0.00000 -0.13053 0.99144 -0.01400 0.38102 1 0 1.0
0 -0.07000 1.60000 0.12124 0.00000 -0.13053 0.99144 -0.01400 0.32000 1 0 1.0
cl_black
0 -0.07000 1.60000 0.12124 -0.86416 -0.06568 0.49892 0.32000 0.02425 1 0 1.0
0 -0.07000 1.90508 0.16141 -0.86416 -0.06568 0.49892 0.38102 0.03228 1 0 1.0
0 -0.14000 1.93646 0.04430 -0.86416 -0.06568 0.49892 0.38729 0.00886 1 0 1.0
cl_black
0 -0.07000 1.60000 0.12124 -0.86416 -0.06568 0.49892 0.32000 0.02425 1 0 1.0
0 -0.14000 1.93646 0.04430 -0.86416 -0.06568 0.49892 0.38729 0.00886 1 0 1.0
0 -0.14000 1.60000 0.00000 -0.86416 -0.06568 0.49892 0.32000 0.00000 1 0 1.0
cl_black
0 -0.14000 1.60000 0.00000 -0.86416 0.06568 -0.49892 0.32000 0.00000 1 0 1.0
0 -0.14000 1.93646 0.04430 -0.86416 0.06568 -0.49892 0.38729 0.00886 1 0 1.0
0 -0.07000 1.96784 -0.07282 -0.86416 0.06568 -0.49892 0.39357 -0.01456 1 0 1.0
cl_black
0 -0.14000 1.60000 0.00000 -0.86416 0.06568 -0.49892 0.32000 0.00000 1 0 1.0
0 -0.07000 1.96784 -0.07282 -0.86416 0.06568 -0.49892 0.39357 -0.01456 1 0 1.0
0 -0.07000 1.60000 -0.12124 -0.86416 0.06568 -0.49892 0.32000 -0.02425 1 0 1.0
cl_black
0 -0.07000 1.60000 -0.12124 0.00000 0.13053 -0.99144 -0.01400 0.32000 1 0 1.0
0 -0.07000 1.96784 -0.07282 0.00000 0.13053 -0.99144 -0.01400 0.39357 1 0 1.0
0 0.07000 1.96784 -0.07282 0.00000 0.13053 -0.99144 0.01400 0.39357 1 0 1.0
cl_black
0 -0.07000 1.60000 -0.12124 0.00000 0.13053 -0.99144 -0.01400 0.32000 1 0 1.0
0 0.07000 1.96784 -0.07282 0.00000 0.13053 -0.99144 0.01400 0.39357 1 0 1.0
0 0.07000 1.60000 -0.12124 0.00000 0.13053 -0.99144 0.01400 0.32000 1 0 1.0
cl_black
0 0.07000 1.60000 -0.12124 0.86416 0.06568 -0.49892 0.32000 -0.02425 1 0 1.0
0 0.07000 1.96784 -0.07282 0.86416 0.06568 -0.49892 0.39357 -0.01456 1 0 1.0
0 0.14000 1.93646 0.04430 0.86416 0.06568 -0.49892 0.38729 0.00886 1 0 1.0
cl_black
0 0.07000 1.60000 -0.12124 0.86416 0.06568 -0.49892 0.32000 -0.02425 1 0 1.0
0 0.14000 1.93646 0.04430 0.86416 0.06568 -0.49892 0.38729 0.00886 1 0 1.0
0 0.14000 1.60000 0.00000 0.86416 0.06568 -0.49892 0.32000 0.00000 1 0 1.0
cl_black
0 0.14000 1.93646 0.04430 0.86416 -0.19258 0.46492 0.38729 0.00886 1 0 1.0
0 0.14000 2.25000 0.17417 0.86416 -0.19258 0.46492 0.45000 0.03483 1 0 1.0
0 0.07000 2.18938 0.27917 0.86416 -0.19258 0.46492 0.43788 0.05583 1 0 1.0
cl_black
0 0.14000 1.93646 0.04430 0.86416 -0.19258 0.46492 0.38729 0.00886 1 0 1.0
0 0.07000 2.18938 0.27917 0.86416 -0.19258 0.46492 0.43788 0.05583 1 0 1.0
0 0.07000 1.90508 0.16141 0.86416 -0.19258 0.46492 0.38102 0.03228 1 0 1.0
cl_black
0 0.07000 1.90508 0.16141 0.00000 -0.38268 0.92388 0.01400 0.38102 1 0 1.0
0 0.07000 2.18938 0.27917 0.00000 -0.38268 0.92388 0.01400 0.43788 1 0 1.0
0 -0.07000 2.18938 0.27917 0.00000 -0.38268 0.92388 -0.01400 0.43788 1 0 1.0
cl_black
0 0.07000 1.90508 0.16141 0.00000 -0.38268 0.92388 0.01400 0.38102 1 0 1.0
0 -0.07000 2.18938 0.27917 0.00000 -0.38268 0.92388 -0.01400 0.43788 1 0 1.0
0 -0.07000 1.90508 0.16141 0.00000 -0.38268 0.92388 -0.01400 0.38102 1 0 1.0
cl_black
0 -0.07000 1.90508 0.16141 -0.86416 -0.19258 0.46492 0.38102 0.03228 1 0 1.0
0 -0.07000 2.18938 0.27917 -0.86416 -0.19258 0.46492 0.43788 0.05583 1 0 1.0
0 -0.14000 2.25000 0.17417 -0.86416 -0.19258 0.46492 0.45000 0.03483 1 0 1.0
cl_black
0 -0.07000 1.90508 0.16141 -0.86416 -0.19258 0.46492 0.38102 0.03228 1 0 1.0
0 -0.14000 2.25000 0.17417 -0.86416 -0.19258 0.46492 0.45000 0.03483 1 0 1.0
0 -0.14000 1.93646 0.04430 -0.86416 -0.19258 0.46492 0.38729 0.00886 1 0 1.0
cl_black
0 -0.14000 1.93646 0.04430 -0.86416 0.19258 -0.46492 0.38729 0.00886 1 0 1.0
0 -0.14000 2.25000 0.17417 -0.86416 0.19258 -0.46492 0.45000 0.03483 1 0 1.0
0 -0.07000 2.31062 0.06917 -0.86416 0.19258 -0.46492 0.46212 0.01383 1 0 1.0
cl_black
0 -0.14000 1.93646 0.04430 -0.86416 0.19258 -0.46492 0.38729 0.00886 1 0 1.0
0 -0.07000 2.31062 0.06917 -0.86416 0.19258 -0.46492 0.46212 0.01383 1 0 1.0
0 -0.07000 1.96784 -0.07282 -0.86416 0.19258 -0.46492 0.39357 -0.01456 1 0 1.0
cl_black
0 -0.07000 1.96784 -0.07282 0.00000 0.38268 -0.92388 -0.01400 0.39357 1 0 1.0
0 -0.07000 2.31062 0.06917 0.00000 0.38268 -0.92388 -0.01400 0.46212 1 0 1.0
0 0.07000 2.31062 0.06917 0.00000 0.38268 -0.92388 0.01400 0.46212 1 0 1.0
cl_black
0 -0.07000 1.96784 -0.07282 0.00000 0.38268 -0.92388 -0.01400 0.39357 1 0 1.0
0 0.07000 2.31062 0.06917 0.00000 0.38268 -0.92388 0.01400 0.46212 1 0 1.0
0 0.07000 1.96784 -0.07282 0.00000 0.38268 -0.92388 0.01400 0.39357 1 0 1.0
cl_black
0 0.07000 1.96784 -0.07282 0.86416 0.19258 -0.46492 0.39357 -0.01456 1 0 1.0
0 0.07000 2.31062 0.06917 0.86416 0.19258 -0.46492 0.46212 0.01383 1 0 1.0
0 0.14000 2.25000 0.17417 0.86416 0.19258 -0.46492 0.45000 0.03483 1 0 1.0
cl_black
0 0.07000 1.96784 -0.07282 0.86416 0.19258 -0.46492 0.39357 -0.01456 1 0 1.0
0 0.14000 2.25000 0.17417 0.86416 0.19258 -0.46492 0.45000 0.03483 1 0 1.0
0 0.14000 1.93646 0.04430 0.86416 0.19258 -0.46492 0.38729 0.00886 1 0 1.0
cl_black
0 0.14000 2.25000 0.17417 0.86416 -0.30634 0.39924 0.45000 0.03483 1 0 1.0
0 0.14000 2.51924 0.38076 0.86416 -0.30634 0.39924 0.50385 0.07615 1 0 1.0
0 0.07000 2.43351 0.46649 0.86416 -0.30634 0.39924 0.48670 0.09330 1 0 1.0
cl_black
0 0.14000 2.25000 0.17417 0.86416 -0.30634 0.39924 0.45000 0.03483 1 0 1.0
0 0.07000 2.43351 0.46649 0.86416 -0.30634 0.39924 0.48670 0.09330 1 0 1.0
0 0.07000 2.18938 0.27917 0.86416 -0.30634 0.39924 0.43788 0.05583 1 0 1.0
cl_black
0 0.07000 2.18938 0.27917 0.00000 -0.60876 0.79335 0.01400 0.43788 1 0 1.0
0 0.07000 2.43351 0.46649 0.00000 -0.60876 0.79335 0.01400 0.48670 1 0 1.0
0 -0.07000 2.43351 0.46649 0.00000 -0.60876 0.79335 -0.01400 0.48670 1 0 1.0
cl_black
0 0.07000 2.18938 0.27917 0.00000 -0.60876 0.79335 0.01400 0.43788 1 0 1.0
0 -0.07000 2.43351 0.46649 0.00000 -0.60876 0.79335 -0.01400 0.48670 1 0 1.0
0 -0.07000 2.18938 0.27917 0.00000 -0.60876 0.79335 -0.01400 0.43788 1 0 1.0
cl_black
0 -0.07000 2.18938 0.27917 -0.86416 -0.30634 0.39924 0.43788 0.05583 1 0 1.0
0 -0.07000 2.43351 0.46649 -0.86416 -0.30634 0.39924 0.48670 0.09330 1 0 1.0
0 -0.14000 2.51924 0.38076 -0.86416 -0.30634 0.39924 0.50385 0.07615 1 0 1.0
cl_black
0 -0.07000 2.18938 0.27917 -0.86416 -0.30634 0.39924 0.43788 0.05583 1 0 1.0
0 -0.14000 2.51924 0.38076 -0.86416 -0.30634 0.39924 0.50385 0.07615 1 0 1.0
0 -0.14000 2.25000 0.17417 -0.86416 -0.30634 0.39924 0.45000 0.03483 1 0 1.0
cl_black
0 -0.14000 2.25000 0.17417 -0.86416 0.30634 -0.39924 0.45000 0.03483 1 0 1.0
0 -0.14000 2.51924 0.38076 -0.86416 0.30634 -0.39924 0.50385 0.07615 1 0 1.0
0 -0.07000 2.60497 0.29503 -0.86416 0.30634 -0.39924 0.52099 0.05901 1 0 1.0
cl_black
0 -0.14000 2.25000 0.17417 -0.86416 0.30634 -0.39924 0.45000 0.03483 1 0 1.0
0 -0.07000 2.60497 0.29503 -0.86416 0.30634 -0.39924 0.52099 0.05901 1 0 1.0
0 -0.07000 2.31062 0.06917 -0.86416 0.30634 -0.39924 0.46212 0.01383 1 0 1.0
cl_black
0 -0.07000 2.31062 0.06917 0.00000 0.60876 -0.79335 -0.01400 0.46212 1 0 1.0
0 -0.07000 2.60497 0.29503 0.00000 0.60876 -0.79335 -0.01400 0.52099 1 0 1.0
0 0.07000 2.60497 0.29503 0.00000 0.60876 -0.79335 0.01400 0.52099 1 0 1.0
cl_black
0 -0.07000 2.31062 0.06917 0.00000 0.60876 -0.79335 -0.01400 0.46212 1 0 1.0
0 0.07000 2.60497 0.29503 0.00000 0.60876 -0.79335 0.01400 0.52099 1 0 1.0
0 0.07000 2.31062 0.06917 0.00000 0.60876 -0.79335 0.01400 0.46212 1 0 1.0
cl_black
0 0.07000 2.31062 0.06917 0.86416 0.30634 -0.39924 0.46212 0.01383 1 0 1.0
0 0.07000 2.60497 0.29503 0.86416 0.30634 -0.39924 0.52099 0.05901 1 0 1.0
0 0.14000 2.51924 0.38076 0.86416 0.30634 -0.39924 0.50385 0.07615 1 0 1.0
cl_black
0 0.07000 2.31062 0.06917 0.86416 0.30634 -0.39924 0.46212 0.01383 1 0 1.0
0 0.14000 2.51924 0.38076 0.86416 0.30634 -0.39924 0.50385 0.07615 1 0 1.0
0 0.14000 2.25000 0.17417 0.86416 0.30634 -0.39924 0.45000 0.03483 1 0 1.0
cl_black
0 0.14000 2.51924 0.38076 0.86416 -0.39924 0.30634 0.50385 0.07615 1 0 1.0
0 0.14000 2.72583 0.65000 0.86416 -0.39924 0.30634 0.54517 0.13000 1 0 1.0
0 0.07000 2.62083 0.71062 0.86416 -0.39924 0.30634 0.52417 0.14212 1 0 1.0
cl_black
0 0.14000 2.51924 0.38076 0.86416 -0.39924 0.30634 0.50385 0.07615 1 0 1.0
0 0.07000 2.62083 0.71062 0.86416 -0.39924 0.30634 0.52417 0.14212 1 0 1.0
0 0.07000 2.43351 0.46649 0.86416 -0.39924 0.30634 0.48670 0.09330 1 0 1.0
cl_black
0 0.07000 2.43351 0.46649 0.00000 -0.79335 0.60876 0.01400 0.09330 1 0 1.0
0 0.07000 2.62083 0.71062 0.00000 -0.79335 0.60876 0.01400 0.14212 1 0 1.0
0 -0.07000 2.62083 0.71062 0.00000 -0.79335 0.60876 -0.01400 0.14212 1 0 1.0
cl_black
0 0.07000 2.43351 0.46649 0.00000 -0.79335 0.60876 0.01400 0.09330 1 0 1.0
0 -0.07000 2.62083 0.71062 0.00000 -0.79335 0.60876 -0.01400 0.14212 1 0 1.0
0 -0.07000 2.43351 0.46649 0.00000 -0.79335 0.60876 -0.01400 0.09330 1 0 1.0
cl_black
0 -0.07000 2.43351 0.46649 -0.86416 -0.39924 0.30634 0.48670 0.09330 1 0 1.0
0 -0.07000 2.62083 0.71062 -0.86416 -0.39924 0.30634 0.52417 0.14212 1 0 1.0
0 -0.14000 2.72583 0.65000 -0.86416 -0.39924 0.30634 0.54517 0.13000 1 0 1.0
cl_black
0 -0.07000 2.43351 0.46649 -0.86416 -0.39924 0.30634 0.48670 0.09330 1 0 1.0
0 -0.14000 2.72583 0.65000 -0.86416 -0.39924 0.30634 0.54517 0.13000 1 0 1.0
0 -0.14000 2.51924 0.38076 -0.86416 -0.39924 0.30634 0.50385 0.07615 1 0 1.0
cl_black
0 -0.14000 2.51924 0.38076 -0.86416 0.39924 -0.30634 0.50385 0.07615 1 0 1.0
0 -0.14000 2.72583 0.65000 -0.86416 0.39924 -0.30634 0.54517 0.13000 1 0 1.0
0 -0.07000 2.83083 0.58938 -0.86416 0.39924 -0.30634 0.56617 0.11788 1 0 1.0
cl_black
0 -0.14000 2.51924 0.38076 -0.86416 0.39924 -0.30634 0.50385 0.07615 1 0 1.0
0 -0.07000 2.83083 0.58938 -0.86416 0.39924 -0.30634 0.56617 0.11788 1 0 1.0
0 -0.07000 2.60497 0.29503 -0.86416 0.39924 -0.30634 0.52099 0.05901 1 0 1.0
cl_black
0 -0.07000 2.60497 0.29503 0.00000 0.79335 -0.60876 -0.01400 0.05901 1 0 1.0
0 -0.07000 2.83083 0.58938 0.00000 0.79335 -0.60876 -0.01400 0.11788 1 0 1.0
0 0.07000 2.83083 0.58938 0.00000 0.79335 -0.60876 0.01400 0.11788 1 0 1.0
cl_black
0 -0.07000 2.60497 0.29503 0.00000 0.79335 -0.60876 -0.01400 0.05901 1 0 1.0
0 0.07000 2.83083 0.58938 0.00000 0.79335 -0.60876 0.01400 0.11788 1 0 1.0
0 0.07000 2.60497 0.29503 0.00000 0.79335 -0.60876 0.01400 0.05901 1 0 1.0
cl_black
0 0.07000 2.60497 0.29503 0.86416 0.39924 -0.30634 0.52099 0.05901 1 0 1.0
0 0.07000 2.83083 0.58938 0.86416 0.39924 -0.30634 0.56617 0.11788 1 0 1.0
0 0.14000 2.72583 0.65000 0.86416 0.39924 -0.30634 0.54517 0.13000 1 0 1.0
cl_black
0 0.07000 2.60497 0.29503 0.86416 0.39924 -0.30634 0.52099 0.05901 1 0 1.0
0 0.14000 2.72583 0.65000 0.86416 0.39924 -0.30634 0.54517 0.13000 1 0 1.0
0 0.14000 2.51924 0.38076 0.86416 0.39924 -0.30634 0.50385 0.07615 1 0 1.0
cl_black
0 0.14000 2.72583 0.65000 0.79054 -0.19111 0.58182 0.54517 0.13000 1 0 1.0
0 0.00000 2.99093 0.92730 0.79054 -0.19111 0.58182 0.59819 0.18546 1 0 1.0
0 0.07000 2.62083 0.71062 0.79054 -0.19111 0.58182 0.52417 0.14212 1 0 1.0
cl_black
0 0.00000 2.99093 0.92730 0.40175 0.51807 -0.75511 0.59819 0.18546 1 0 1.0
0 0.12124 2.92332 0.94542 0.40175 0.51807 -0.75511 0.58466 0.18908 1 0 1.0
0 0.07000 2.62083 0.71062 0.40175 0.51807 -0.75511 0.52417 0.14212 1 0 1.0
cl_black
0 0.07000 2.62083 0.71062 0.00000 -0.61317 0.78995 0.52417 0.14212 1 0 1.0
0 0.12124 2.92332 0.94542 0.00000 -0.61317 0.78995 0.58466 0.18908 1 0 1.0
0 -0.07000 2.62083 0.71062 0.00000 -0.61317 0.78995 0.52417 0.14212 1 0 1.0
cl_black
0 0.12124 2.92332 0.94542 0.84729 -0.13747 -0.51303 0.58466 0.18908 1 0 1.0
0 0.12124 2.78809 0.98165 0.84729 -0.13747 -0.51303 0.55762 0.19633 1 0 1.0
0 -0.07000 2.62083 0.71062 0.84729 -0.13747 -0.51303 0.52417 0.14212 1 0 1.0
cl_black
0 -0.07000 2.62083 0.71062 -0.76364 -0.14598 0.62892 -0.01400 0.14212 1 0 1.0
0 0.12124 2.78809 0.98165 -0.76364 -0.14598 0.62892 0.02425 0.19633 1 0 1.0
0 -0.14000 2.72583 0.65000 -0.76364 -0.14598 0.62892 -0.02800 0.13000 1 0 1.0
cl_black
0 0.12124 2.78809 0.98165 0.45521 -0.86865 -0.19551 0.02425 0.19633 1 0 1.0
0 0.00000 2.72047 0.99977 0.45521 -0.86865 -0.19551 0.00000 0.19995 1 0 1.0
0 -0.14000 2.72583 0.65000 0.45521 -0.86865 -0.19551 -0.02800 0.13000 1 0 1.0
cl_black
0 -0.14000 2.72583 0.65000 -0.70854 0.64177 0.29343 0.54517 0.13000 1 0 1.0
0 0.00000 2.72047 0.99977 -0.70854 0.64177 0.29343 0.54409 0.19995 1 0 1.0
0 -0.07000 2.83083 0.58938 -0.70854 0.64177 0.29343 0.56617 0.11788 1 0 1.0
cl_black
0 0.00000 2.72047 0.99977 -0.46329 -0.87244 -0.15559 0.54409 0.19995 1 0 1.0
0 -0.12124 2.78809 0.98165 -0.46329 -0.87244 -0.15559 0.55762 0.19633 1 0 1.0
0 -0.07000 2.83083 0.58938 -0.46329 -0.87244 -0.15559 0.56617 0.11788 1 0 1.0
cl_black
0 -0.07000 2.83083 0.58938 0.00000 0.99412 0.10832 0.56617 0.11788 1 0 1.0
0 -0.12124 2.78809 0.98165 0.00000 0.99412 0.10832 0.55762 0.19633 1 0 1.0
0 0.07000 2.83083 0.58938 0.00000 0.99412 0.10832 0.56617 0.11788 1 0 1.0
cl_black
0 -0.12124 2.78809 0.98165 -0.88725 -0.11939 -0.44557 0.55762 0.19633 1 0 1.0
0 -0.12124 2.92332 0.94542 -0.88725 -0.11939 -0.44557 0.58466 0.18908 1 0 1.0
0 0.07000 2.83083 0.58938 -0.88725 -0.11939 -0.44557 0.56617 0.11788 1 0 1.0
cl_black
0 0.07000 2.83083 0.58938 -0.48469 0.74735 -0.45448 0.01400 0.11788 1 0 1.0
0 -0.12124 2.92332 0.94542 -0.48469 0.74735 -0.45448 -0.02425 0.18908 1 0 1.0
0 0.00000 2.99093 0.92730 -0.48469 0.74735 -0.45448 0.00000 0.18546 1 0 1.0
cl_black
0 0.07000 2.83083 0.58938 0.84866 0.52395 -0.07244 0.01400 0.11788 1 0 1.0
0 0.00000 2.99093 0.92730 0.84866 0.52395 -0.07244 0.00000 0.18546 1 0 1.0
0 0.14000 2.72583 0.65000 0.84866 0.52395 -0.07244 0.02800 0.13000 1 0 1.0
cl_black
0 0.00000 2.99093 0.92730 0.50000 0.85823 -0.11591 0.00000 0.18546 1 0 1.0
0 0.00000 3.03880 1.28173 0.50000 0.85823 -0.11591 0.00000 0.25635 1 0 1.0
0 0.12124 2.96940 1.29086 0.50000 0.85823 -0.11591 0.02425 0.25817 1 0 1.0
cl_black
0 0.00000 2.99093 0.92730 0.49687 0.86021 -0.11475 0.00000 0.18546 1 0 1.0
0 0.12124 2.96940 1.29086 0.49687 0.86021 -0.11475 0.02425 0.25817 1 0 1.0
0 0.12124 2.92332 0.94542 0.49687 0.86021 -0.11475 0.02425 0.18908 1 0 1.0
cl_black
0 0.12124 2.92332 0.94542 1.00000 0.00000 0.00000 0.58466 0.18908 1 0 1.0
0 0.12124 2.96940 1.29086 1.00000 0.00000 0.00000 0.59388 0.25817 1 0 1.0
0 0.12124 2.83060 1.30914 1.00000 0.00000 0.00000 0.56612 0.26183 1 0 1.0
cl_black
0 0.12124 2.92332 0.94542 1.00000 0.00000 0.00000 0.58466 0.18908 1 0 1.0
0 0.12124 2.83060 1.30914 1.00000 0.00000 0.00000 0.56612 0.26183 1 0 1.0
0 0.12124 2.78809 0.98165 1.00000 0.00000 0.00000 0.55762 0.19633 1 0 1.0
cl_black
0 0.12124 2.78809 0.98165 0.50000 -0.85882 0.11148 0.02425 0.19633 1 0 1.0
0 0.12124 2.83060 1.30914 0.50000 -0.85882 0.11148 0.02425 0.26183 1 0 1.0
0 0.00000 2.76120 1.31827 0.50000 -0.85882 0.11148 0.00000 0.26365 1 0 1.0
cl_black
0 0.12124 2.78809 0.98165 0.49660 -0.86097 0.11008 0.02425 0.19633 1 0 1.0
0 0.00000 2.76120 1.31827 0.49660 -0.86097 0.11008 0.00000 0.26365 1 0 1.0
0 0.00000 2.72047 0.99977 0.49660 -0.86097 0.11008 0.00000 0.19995 1 0 1.0
cl_black
0 0.00000 2.72047 0.99977 -0.50000 -0.85903 0.10984 0.00000 0.19995 1 0 1.0
0 0.00000 2.76120 1.31827 -0.50000 -0.85903 0.10984 0.00000 0.26365 1 0 1.0
0 -0.12124 2.83060 1.30914 -0.50000 -0.85903 0.10984 -0.02425 0.26183 1 0 1.0
cl_black
0 0.00000 2.72047 0.99977 -0.49669 -0.86071 0.11173 0.00000 0.19995 1 0 1.0
0 -0.12124 2.83060 1.30914 -0.49669 -0.86071 0.11173 -0.02425 0.26183 1 0 1.0
0 -0.12124 2.78809 0.98165 -0.49669 -0.86071 0.11173 -0.02425 0.19633 1 0 1.0
cl_black
0 -0.12124 2.78809 0.98165 -1.00000 0.00000 0.00000 0.55762 0.19633 1 0 1.0
0 -0.12124 2.83060 1.30914 -1.00000 0.00000 0.00000 0.56612 0.26183 1 0 1.0
0 -0.12124 2.96940 1.29086 -1.00000 0.00000 0.00000 0.59388 0.25817 1 0 1.0
cl_black
0 -0.12124 2.78809 0.98165 -1.00000 0.00000 0.00000 0.55762 0.19633 1 0 1.0
0 -0.12124 2.96940 1.29086 -1.00000 0.00000 0.00000 0.59388 0.25817 1 0 1.0
0 -0.12124 2.92332 0.94542 -1.00000 0.00000 0.00000 0.58466 0.18908 1 0 1.0
cl_black
0 -0.12124 2.92332 0.94542 -0.50000 0.85842 -0.11451 -0.02425 0.18908 1 0 1.0
0 -0.12124 2.96940 1.29086 -0.50000 0.85842 -0.11451 -0.02425 0.25817 1 0 1.0
0 0.00000 3.03880 1.28173 -0.50000 0.85842 -0.11451 0.00000 0.25635 1 0 1.0
cl_black
0 -0.12124 2.92332 0.94542 -0.49694 0.85997 -0.11615 -0.02425 0.18908 1 0 1.0
0 0.00000 3.03880 1.28173 -0.49694 0.85997 -0.11615 0.00000 0.25635 1 0 1.0
0 0.00000 2.99093 0.92730 -0.49694 0.85997 -0.11615 0.00000 0.18546 1 0 1.0
cl_black
0 -0.12124 2.83060 1.29086 0.00000 0.13053 -0.99145 -0.02425 0.56612 1 0 1.0
0 -0.12124 2.96940 1.30914 0.00000 0.13053 -0.99145 -0.02425 0.59388 1 0 1.0
0 0.00000 3.03880 1.31827 0.00000 0.13053 -0.99145 0.00000 0.60776 1 0 1.0
cl_black
0 0.00000 3.03880 1.31827 -0.00000 0.13053 -0.99145 0.00000 0.60776 1 0 1.0
0 0.12124 2.96940 1.30914 -0.00000 0.13053 -0.99145 0.02425 0.59388 1 0 1.0
0 0.12124 2.83060 1.29086 -0.00000 0.13053 -0.99145 0.02425 0.56612 1 0 1.0
cl_black
0 0.12124 2.83060 1.29086 0.00000 0.13053 -0.99144 0.02425 0.56612 1 0 1.0
0 0.00000 2.76120 1.28173 0.00000 0.13053 -0.99144 0.00000 0.55224 1 0 1.0
0 -0.12124 2.83060 1.29086 0.00000 0.13053 -0.99144 -0.02425 0.56612 1 0 1.0
cl_black
0 0.00000 3.03880 1.31827 0.00000 0.13053 -0.99144 0.00000 0.60776 1 0 1.0
0 0.12124 2.83060 1.29086 0.00000 0.13053 -0.99144 0.02425 0.56612 1 0 1.0
0 -0.12124 2.83060 1.29086 0.00000 0.13053 -0.99144 -0.02425 0.56612 1 0 1.0
cl_black
0 0.12124 2.96940 1.29086 0.00000 0.13053 0.99144 0.02425 0.59388 1 0 1.0
0 0.00000 3.03880 1.28173 0.00000 0.13053 0.99144 0.00000 0.60776 1 0 1.0
0 -0.12124 2.96940 1.29086 0.00000 0.13053 0.99144 -0.02425 0.59388 1 0 1.0
cl_black
0 -0.12124 2.96940 1.29086 -0.00000 0.13053 0.99144 -0.02425 0.59388 1 0 1.0
0 -0.12124 2.83060 1.30914 -0.00000 0.13053 0.99144 -0.02425 0.56612 1 0 1.0
0 0.00000 2.76120 1.31827 -0.00000 0.13053 0.99144 0.00000 0.55224 1 0 1.0
cl_black
0 0.00000 2.76120 1.31827 0.00000 0.13053 0.99144 0.00000 0.55224 1 0 1.0
0 0.12124 2.83060 1.30914 0.00000 0.13053 0.99144 0.02425 0.56612 1 0 1.0
0 0.12124 2.96940 1.29086 0.00000 0.13053 0.99144 0.02425 0.59388 1 0 1.0
cl_black
0 -0.12124 2.96940 1.29086 0.00000 0.13053 0.99144 -0.02425 0.59388 1 0 1.0
0 0.00000 2.76120 1.31827 0.00000 0.13053 0.99144 0.00000 0.55224 1 0 1.0
0 0.12124 2.96940 1.29086 0.00000 0.13053 0.99144 0.02425 0.59388 1 0 1.0
cl_black
0 -0.01896 -2.68151 1.75000 -0.13423 0.93626 0.32465 -0.00379 0.35000 1 0 1.0
0 -1.00400 -2.84007 1.80000 -0.13423 0.93626 0.32465 -0.20080 0.36000 1 0 1.0
0 -1.00380 -2.90009 1.97320 -0.13423 0.93626 0.32465 -0.20076 0.39464 1 0 1.0
cl_black
0 -0.01896 -2.68151 1.75000 -0.13355 0.93556 0.32694 -0.00379 0.35000 1 0 1.0
0 -1.00380 -2.90009 1.97320 -0.13355 0.93556 0.32694 -0.20076 0.39464 1 0 1.0
0 -0.00105 -2.73940 1.92299 -0.13355 0.93556 0.32694 -0.00021 0.38460 1 0 1.0
cl_black
0 -0.00105 -2.73940 1.92299 0.04974 0.00166 0.99876 -0.00021 -0.54788 1 0 1.0
0 -1.00380 -2.90009 1.97320 0.04974 0.00166 0.99876 -0.20076 -0.58002 1 0 1.0
0 -0.99980 -3.02003 1.97320 0.04974 0.00166 0.99876 -0.19996 -0.60401 1 0 1.0
cl_black
0 -0.00105 -2.73940 1.92299 0.04804 0.00769 0.99882 -0.00021 -0.54788 1 0 1.0
0 -0.99980 -3.02003 1.97320 0.04804 0.00769 0.99882 -0.19996 -0.60401 1 0 1.0
0 0.01791 -2.85790 1.92299 0.04804 0.00769 0.99882 0.00358 -0.57158 1 0 1.0
cl_black
0 0.01791 -2.85790 1.92299 0.16439 -0.93109 0.32566 0.00358 0.38460 1 0 1.0
0 -0.99980 -3.02003 1.97320 0.16439 -0.93109 0.32566 -0.19996 0.39464 1 0 1.0
0 -0.99600 -3.07993 1.80000 0.16439 -0.93109 0.32566 -0.19920 0.36000 1 0 1.0
cl_black
0 0.01791 -2.85790 1.92299 0.16414 -0.93067 0.32698 0.00358 0.38460 1 0 1.0
0 -0.99600 -3.07993 1.80000 0.16414 -0.93067 0.32698 -0.19920 0.36000 1 0 1.0
0 0.01896 -2.91849 1.75000 0.16414 -0.93067 0.32698 0.00379 0.35000 1 0 1.0
cl_black
0 0.01896 -2.91849 1.75000 0.13295 -0.93643 -0.32470 0.00379 0.35000 1 0 1.0
0 -0.99600 -3.07993 1.80000 0.13295 -0.93643 -0.32470 -0.19920 0.36000 1 0 1.0
0 -0.99620 -3.01991 1.62680 0.13295 -0.93643 -0.32470 -0.19924 0.32536 1 0 1.0
cl_black
0 0.01896 -2.91849 1.75000 0.13314 -0.93563 -0.32692 0.00379 0.35000 1 0 1.0
0 -0.99620 -3.01991 1.62680 0.13314 -0.93563 -0.32692 -0.19924 0.32536 1 0 1.0
0 0.00105 -2.86060 1.57701 0.13314 -0.93563 -0.32692 0.00021 0.31540 1 0 1.0
cl_black
0 0.00105 -2.86060 1.57701 -0.04961 -0.00165 -0.99877 0.00021 -0.57212 1 0 1.0
0 -0.99620 -3.01991 1.62680 -0.04961 -0.00165 -0.99877 -0.19924 -0.60398 1 0 1.0
0 -1.00020 -2.89997 1.62680 -0.04961 -0.00165 -0.99877 -0.20004 -0.57999 1 0 1.0
cl_black
0 0.00105 -2.86060 1.57701 -0.04936 -0.00790 -0.99875 0.00021 -0.57212 1 0 1.0
0 -1.00020 -2.89997 1.62680 -0.04936 -0.00790 -0.99875 -0.20004 -0.57999 1 0 1.0
0 -0.01791 -2.74210 1.57701 -0.04936 -0.00790 -0.99875 -0.00358 -0.54842 1 0 1.0
cl_black
0 -0.01791 -2.74210 1.57701 -0.16610 0.93080 -0.32560 -0.00358 0.31540 1 0 1.0
0 -1.00020 -2.89997 1.62680 -0.16610 0.93080 -0.32560 -0.20004 0.32536 1 0 1.0
0 -1.00400 -2.84007 1.80000 -0.16610 0.93080 -0.32560 -0.20080 0.36000 1 0 1.0
cl_black
0 -0.01791 -2.74210 1.57701 -0.16634 0.93031 -0.32687 -0.00358 0.31540 1 0 1.0
0 -1.00400 -2.84007 1.80000 -0.16634 0.93031 -0.32687 -0.20080 0.36000 1 0 1.0
0 -0.01896 -2.68151 1.75000 -0.16634 0.93031 -0.32687 -0.00379 0.35000 1 0 1.0
cl_black
0 -1.00400 -2.84007 1.80000 -0.00861 0.94491 0.32721 -0.20080 0.36000 1 0 1.0
0 -4.79787 -2.84002 1.70000 -0.00861 0.94491 0.32721 -0.95957 0.34000 1 0 1.0
0 -4.82555 -2.89954 1.87115 -0.00861 0.94491 0.32721 -0.96511 0.37423 1 0 1.0
cl_black
0 -1.00400 -2.84007 1.80000 -0.00861 0.94482 0.32747 -0.20080 0.36000 1 0 1.0
0 -4.82555 -2.89954 1.87115 -0.00861 0.94482 0.32747 -0.96511 0.37423 1 0 1.0
0 -1.00380 -2.90009 1.97320 -0.00861 0.94482 0.32747 -0.20076 0.39464 1 0 1.0
cl_black
0 -1.00380 -2.90009 1.97320 -0.02669 0.00047 0.99964 -0.20076 -0.58002 1 0 1.0
0 -4.82555 -2.89954 1.87115 -0.02669 0.00047 0.99964 -0.96511 -0.57991 1 0 1.0
0 -4.82768 -3.01952 1.87115 -0.02669 0.00047 0.99964 -0.96554 -0.60390 1 0 1.0
cl_black
0 -1.00380 -2.90009 1.97320 -0.02665 -0.00089 0.99964 -0.20076 -0.58002 1 0 1.0
0 -4.82768 -3.01952 1.87115 -0.02665 -0.00089 0.99964 -0.96554 -0.60390 1 0 1.0
0 -0.99980 -3.02003 1.97320 -0.02665 -0.00089 0.99964 -0.19996 -0.60401 1 0 1.0
cl_black
0 -0.99980 -3.02003 1.97320 -0.00897 -0.94327 0.33190 -0.19996 0.39464 1 0 1.0
0 -4.82768 -3.01952 1.87115 -0.00897 -0.94327 0.33190 -0.96554 0.37423 1 0 1.0
0 -4.80213 -3.07998 1.70000 -0.00897 -0.94327 0.33190 -0.96043 0.34000 1 0 1.0
cl_black
0 -0.99980 -3.02003 1.97320 -0.00857 -0.94509 0.32671 -0.19996 0.39464 1 0 1.0
0 -4.80213 -3.07998 1.70000 -0.00857 -0.94509 0.32671 -0.96043 0.34000 1 0 1.0
0 -0.99600 -3.07993 1.80000 -0.00857 -0.94509 0.32671 -0.19920 0.36000 1 0 1.0
cl_black
0 -0.99600 -3.07993 1.80000 0.00861 -0.94491 -0.32721 -0.19920 0.36000 1 0 1.0
0 -4.80213 -3.07998 1.70000 0.00861 -0.94491 -0.32721 -0.96043 0.34000 1 0 1.0
0 -4.77445 -3.02046 1.52885 0.00861 -0.94491 -0.32721 -0.95489 0.30577 1 0 1.0
cl_black
0 -0.99600 -3.07993 1.80000 0.00863 -0.94482 -0.32747 -0.19920 0.36000 1 0 1.0
0 -4.77445 -3.02046 1.52885 0.00863 -0.94482 -0.32747 -0.95489 0.30577 1 0 1.0
0 -0.99620 -3.01991 1.62680 0.00863 -0.94482 -0.32747 -0.19924 0.32536 1 0 1.0
cl_black
0 -0.99620 -3.01991 1.62680 0.02592 -0.00046 -0.99966 -0.19924 -0.60398 1 0 1.0
0 -4.77445 -3.02046 1.52885 0.02592 -0.00046 -0.99966 -0.95489 -0.60409 1 0 1.0
0 -4.77232 -2.90048 1.52885 0.02592 -0.00046 -0.99966 -0.95446 -0.58010 1 0 1.0
cl_black
0 -0.99620 -3.01991 1.62680 0.02596 0.00087 -0.99966 -0.19924 -0.60398 1 0 1.0
0 -4.77232 -2.90048 1.52885 0.02596 0.00087 -0.99966 -0.95446 -0.58010 1 0 1.0
0 -1.00020 -2.89997 1.62680 0.02596 0.00087 -0.99966 -0.20004 -0.57999 1 0 1.0
cl_black
0 -1.00020 -2.89997 1.62680 0.00849 0.94325 -0.33197 -0.20004 0.32536 1 0 1.0
0 -4.77232 -2.90048 1.52885 0.00849 0.94325 -0.33197 -0.95446 0.30577 1 0 1.0
0 -4.79787 -2.84002 1.70000 0.00849 0.94325 -0.33197 -0.95957 0.34000 1 0 1.0
cl_black
0 -1.00020 -2.89997 1.62680 0.00862 0.94509 -0.32671 -0.20004 0.32536 1 0 1.0
0 -4.79787 -2.84002 1.70000 0.00862 0.94509 -0.32671 -0.95957 0.34000 1 0 1.0
0 -1.00400 -2.84007 1.80000 0.00862 0.94509 -0.32671 -0.20080 0.36000 1 0 1.0
cl_black
0 -4.79787 -2.84002 1.70000 -0.10514 0.96308 0.24785 -0.95957 0.34000 1 0 1.0
0 -5.48637 -2.76078 1.10000 -0.10514 0.96308 0.24785 -1.09727 0.22000 1 0 1.0
0 -5.60476 -2.80764 1.23187 -0.10514 0.96308 0.24785 -1.12095 0.24637 1 0 1.0
cl_black
0 -4.79787 -2.84002 1.70000 -0.13920 0.94209 0.30510 -0.95957 0.34000 1 0 1.0
0 -5.60476 -2.80764 1.23187 -0.13920 0.94209 0.30510 -1.12095 0.24637 1 0 1.0
0 -4.82555 -2.89954 1.87115 -0.13920 0.94209 0.30510 -0.96511 0.37423 1 0 1.0
cl_black
0 -4.82555 -2.89954 1.87115 -0.62757 0.07172 0.77525 -0.96511 -0.57991 1 0 1.0
0 -5.60476 -2.80764 1.23187 -0.62757 0.07172 0.77525 -1.12095 -0.56153 1 0 1.0
0 -5.61838 -2.92686 1.23187 -0.62757 0.07172 0.77525 -1.12368 -0.58537 1 0 1.0
cl_black
0 -4.82555 -2.89954 1.87115 -0.62788 0.01116 0.77823 -0.96511 -0.57991 1 0 1.0
0 -5.61838 -2.92686 1.23187 -0.62788 0.01116 0.77823 -1.12368 -0.58537 1 0 1.0
0 -4.82768 -3.01952 1.87115 -0.62788 0.01116 0.77823 -0.96554 -0.60390 1 0 1.0
cl_black
0 -4.82768 -3.01952 1.87115 -0.31258 -0.91531 0.25396 -0.96554 0.37423 1 0 1.0
0 -5.61838 -2.92686 1.23187 -0.31258 -0.91531 0.25396 -1.12368 0.24637 1 0 1.0
0 -5.51363 -2.99922 1.10000 -0.31258 -0.91531 0.25396 -1.10273 0.22000 1 0 1.0
cl_black
0 -4.82768 -3.01952 1.87115 -0.33047 -0.90433 0.27015 -0.96554 0.37423 1 0 1.0
0 -5.51363 -2.99922 1.10000 -0.33047 -0.90433 0.27015 -1.10273 0.22000 1 0 1.0
0 -4.80213 -3.07998 1.70000 -0.33047 -0.90433 0.27015 -0.96043 0.34000 1 0 1.0
cl_black
0 -4.80213 -3.07998 1.70000 0.10201 -0.96272 -0.25054 -0.96043 0.34000 1 0 1.0
0 -5.51363 -2.99922 1.10000 0.10201 -0.96272 -0.25054 -1.10273 0.22000 1 0 1.0
0 -5.39524 -2.95236 0.96813 0.10201 -0.96272 -0.25054 -1.07905 0.19363 1 0 1.0
cl_black
0 -4.80213 -3.07998 1.70000 0.16752 -0.93926 -0.29954 -0.96043 0.34000 1 0 1.0
0 -5.39524 -2.95236 0.96813 0.16752 -0.93926 -0.29954 -1.07905 0.19363 1 0 1.0
0 -4.77445 -3.02046 1.52885 0.16752 -0.93926 -0.29954 -0.95489 0.30577 1 0 1.0
cl_black
0 -4.77445 -3.02046 1.52885 0.66376 -0.07586 -0.74408 -0.95489 -0.60409 1 0 1.0
0 -5.39524 -2.95236 0.96813 0.66376 -0.07586 -0.74408 -1.07905 -0.59047 1 0 1.0
0 -5.38162 -2.83314 0.96813 0.66376 -0.07586 -0.74408 -1.07632 -0.56663 1 0 1.0
cl_black
0 -4.77445 -3.02046 1.52885 0.67640 -0.01202 -0.73644 -0.95489 -0.60409 1 0 1.0
0 -5.38162 -2.83314 0.96813 0.67640 -0.01202 -0.73644 -1.07632 -0.56663 1 0 1.0
0 -4.77232 -2.90048 1.52885 0.67640 -0.01202 -0.73644 -0.95446 -0.58010 1 0 1.0
cl_black
0 -4.77232 -2.90048 1.52885 0.32495 0.91389 -0.24335 -0.95446 0.30577 1 0 1.0
0 -5.38162 -2.83314 0.96813 0.32495 0.91389 -0.24335 -1.07632 0.19363 1 0 1.0
0 -5.48637 -2.76078 1.10000 0.32495 0.91389 -0.24335 -1.09727 0.22000 1 0 1.0
cl_black
0 -4.77232 -2.90048 1.52885 0.33767 0.90221 -0.26833 -0.95446 0.30577 1 0 1.0
0 -5.48637 -2.76078 1.10000 0.33767 0.90221 -0.26833 -1.09727 0.22000 1 0 1.0
0 -4.79787 -2.84002 1.70000 0.33767 0.90221 -0.26833 -0.95957 0.34000 1 0 1.0
cl_black
0 0.00105 -2.86060 1.57701 0.98624 0.15780 -0.04931 -0.57212 0.31540 1 0 1.0
0 -0.01791 -2.74210 1.57701 0.98624 0.15780 -0.04931 -0.54842 0.31540 1 0 1.0
0 -0.01896 -2.68151 1.75000 0.98624 0.15780 -0.04931 -0.53630 0.35000 1 0 1.0
cl_black
0 -0.01896 -2.68151 1.75000 0.98624 0.15780 -0.04931 -0.53630 0.35000 1 0 1.0
0 -0.00105 -2.73940 1.92299 0.98624 0.15780 -0.04931 -0.54788 0.38460 1 0 1.0
0 0.01791 -2.85790 1.92299 0.98624 0.15780 -0.04931 -0.57158 0.38460 1 0 1.0
cl_black
0 0.01791 -2.85790 1.92299 0.98624 0.15780 -0.04931 -0.57158 0.38460 1 0 1.0
0 0.01896 -2.91849 1.75000 0.98624 0.15780 -0.04931 -0.58370 0.35000 1 0 1.0
0 0.00105 -2.86060 1.57701 0.98624 0.15780 -0.04931 -0.57212 0.31540 1 0 1.0
cl_black
0 -0.01896 -2.68151 1.75000 0.98624 0.15780 -0.04931 -0.53630 0.35000 1 0 1.0
0 0.01791 -2.85790 1.92299 0.98624 0.15780 -0.04931 -0.57158 0.38460 1 0 1.0
0 0.00105 -2.86060 1.57701 0.98624 0.15780 -0.04931 -0.57212 0.31540 1 0 1.0
cl_black
0 -5.60476 -2.80764 1.23187 -0.75641 0.08645 -0.64835 -0.56153 0.24637 1 0 1.0
0 -5.48637 -2.76078 1.10000 -0.75641 0.08645 -0.64835 -0.55216 0.22000 1 0 1.0
0 -5.38162 -2.83314 0.96813 -0.75641 0.08645 -0.64835 -0.56663 0.19363 1 0 1.0
cl_black
0 -5.38162 -2.83314 0.96813 -0.75641 0.08645 -0.64835 -0.56663 0.19363 1 0 1.0
0 -5.39524 -2.95236 0.96813 -0.75641 0.08645 -0.64835 -0.59047 0.19363 1 0 1.0
0 -5.51363 -2.99922 1.10000 -0.75641 0.08645 -0.64835 -0.59984 0.22000 1 0 1.0
cl_black
0 -5.51363 -2.99922 1.10000 -0.75641 0.08645 -0.64835 -0.59984 0.22000 1 0 1.0
0 -5.61838 -2.92686 1.23187 -0.75641 0.08645 -0.64835 -0.58537 0.24637 1 0 1.0
0 -5.60476 -2.80764 1.23187 -0.75641 0.08645 -0.64835 -0.56153 0.24637 1 0 1.0
cl_black
0 -5.38162 -2.83314 0.96813 -0.75641 0.08645 -0.64835 -0.56663 0.19363 1 0 1.0
0 -5.51363 -2.99922 1.10000 -0.75641 0.08645 -0.64835 -0.59984 0.22000 1 0 1.0
0 -5.60476 -2.80764 1.23187 -0.75641 0.08645 -0.64835 -0.56153 0.24637 1 0 1.0
cl_black
0 0.01896 2.91849 1.75000 0.16415 0.93113 0.32567 0.00379 0.35000 1 0 1.0
0 -0.99600 3.07993 1.80000 0.16415 0.93113 0.32567 -0.19920 0.36000 1 0 1.0
0 -0.99980 3.02003 1.97320 0.16415 0.93113 0.32567 -0.19996 0.39464 1 0 1.0
cl_black
0 0.01896 2.91849 1.75000 0.16438 0.93063 0.32697 0.00379 0.35000 1 0 1.0
0 -0.99980 3.02003 1.97320 0.16438 0.93063 0.32697 -0.19996 0.39464 1 0 1.0
0 0.01791 2.85790 1.92299 0.16438 0.93063 0.32697 0.00358 0.38460 1 0 1.0
cl_black
0 0.01791 2.85790 1.92299 0.04901 -0.00163 0.99880 0.00358 0.57158 1 0 1.0
0 -0.99980 3.02003 1.97320 0.04901 -0.00163 0.99880 -0.19996 0.60401 1 0 1.0
0 -1.00380 2.90009 1.97320 0.04901 -0.00163 0.99880 -0.20076 0.58002 1 0 1.0
cl_black
0 0.01791 2.85790 1.92299 0.04875 -0.00780 0.99878 0.00358 0.57158 1 0 1.0
0 -1.00380 2.90009 1.97320 0.04875 -0.00780 0.99878 -0.20076 0.58002 1 0 1.0
0 -0.00105 2.73940 1.92299 0.04875 -0.00780 0.99878 -0.00021 0.54788 1 0 1.0
cl_black
0 -0.00105 2.73940 1.92299 -0.13379 -0.93632 0.32466 -0.00021 0.38460 1 0 1.0
0 -1.00380 2.90009 1.97320 -0.13379 -0.93632 0.32466 -0.20076 0.39464 1 0 1.0
0 -1.00400 2.84007 1.80000 -0.13379 -0.93632 0.32466 -0.20080 0.36000 1 0 1.0
cl_black
0 -0.00105 2.73940 1.92299 -0.13399 -0.93549 0.32696 -0.00021 0.38460 1 0 1.0
0 -1.00400 2.84007 1.80000 -0.13399 -0.93549 0.32696 -0.20080 0.36000 1 0 1.0
0 -0.01896 2.68151 1.75000 -0.13399 -0.93549 0.32696 -0.00379 0.35000 1 0 1.0
cl_black
0 -0.01896 2.68151 1.75000 -0.16635 -0.93076 -0.32559 -0.00379 0.35000 1 0 1.0
0 -1.00400 2.84007 1.80000 -0.16635 -0.93076 -0.32559 -0.20080 0.36000 1 0 1.0
0 -1.00020 2.89997 1.62680 -0.16635 -0.93076 -0.32559 -0.20004 0.32536 1 0 1.0
cl_black
0 -0.01896 2.68151 1.75000 -0.16610 -0.93035 -0.32688 -0.00379 0.35000 1 0 1.0
0 -1.00020 2.89997 1.62680 -0.16610 -0.93035 -0.32688 -0.20004 0.32536 1 0 1.0
0 -0.01791 2.74210 1.57701 -0.16610 -0.93035 -0.32688 -0.00358 0.31540 1 0 1.0
cl_black
0 -0.01791 2.74210 1.57701 -0.05036 0.00168 -0.99873 -0.00358 0.54842 1 0 1.0
0 -1.00020 2.89997 1.62680 -0.05036 0.00168 -0.99873 -0.20004 0.57999 1 0 1.0
0 -0.99620 3.01991 1.62680 -0.05036 0.00168 -0.99873 -0.19924 0.60398 1 0 1.0
cl_black
0 -0.01791 2.74210 1.57701 -0.04863 0.00778 -0.99879 -0.00358 0.54842 1 0 1.0
0 -0.99620 3.01991 1.62680 -0.04863 0.00778 -0.99879 -0.19924 0.60398 1 0 1.0
0 0.00105 2.86060 1.57701 -0.04863 0.00778 -0.99879 0.00021 0.57212 1 0 1.0
cl_black
0 0.00105 2.86060 1.57701 0.13337 0.93637 -0.32468 0.00021 0.31540 1 0 1.0
0 -0.99620 3.01991 1.62680 0.13337 0.93637 -0.32468 -0.19924 0.32536 1 0 1.0
0 -0.99600 3.07993 1.80000 0.13337 0.93637 -0.32468 -0.19920 0.36000 1 0 1.0
cl_black
0 0.00105 2.86060 1.57701 0.13273 0.93569 -0.32690 0.00021 0.31540 1 0 1.0
0 -0.99600 3.07993 1.80000 0.13273 0.93569 -0.32690 -0.19920 0.36000 1 0 1.0
0 0.01896 2.91849 1.75000 0.13273 0.93569 -0.32690 0.00379 0.35000 1 0 1.0
cl_black
0 -0.99600 3.07993 1.80000 -0.00871 0.94326 0.33194 -0.19920 0.36000 1 0 1.0
0 -4.80213 3.07998 1.70000 -0.00871 0.94326 0.33194 -0.96043 0.34000 1 0 1.0
0 -4.82768 3.01952 1.87115 -0.00871 0.94326 0.33194 -0.96554 0.37423 1 0 1.0
cl_black
0 -0.99600 3.07993 1.80000 -0.00884 0.94509 0.32670 -0.19920 0.36000 1 0 1.0
0 -4.82768 3.01952 1.87115 -0.00884 0.94509 0.32670 -0.96554 0.37423 1 0 1.0
0 -0.99980 3.02003 1.97320 -0.00884 0.94509 0.32670 -0.19996 0.39464 1 0 1.0
cl_black
0 -0.99980 3.02003 1.97320 -0.02665 -0.00047 0.99964 -0.19996 0.60401 1 0 1.0
0 -4.82768 3.01952 1.87115 -0.02665 -0.00047 0.99964 -0.96554 0.60390 1 0 1.0
0 -4.82555 2.89954 1.87115 -0.02665 -0.00047 0.99964 -0.96511 0.57991 1 0 1.0
cl_black
0 -0.99980 3.02003 1.97320 -0.02669 0.00089 0.99964 -0.19996 0.60401 1 0 1.0
0 -4.82555 2.89954 1.87115 -0.02669 0.00089 0.99964 -0.96511 0.57991 1 0 1.0
0 -1.00380 2.90009 1.97320 -0.02669 0.00089 0.99964 -0.20076 0.58002 1 0 1.0
cl_black
0 -1.00380 2.90009 1.97320 -0.00860 -0.94491 0.32721 -0.20076 0.39464 1 0 1.0
0 -4.82555 2.89954 1.87115 -0.00860 -0.94491 0.32721 -0.96511 0.37423 1 0 1.0
0 -4.79787 2.84002 1.70000 -0.00860 -0.94491 0.32721 -0.95957 0.34000 1 0 1.0
cl_black
0 -1.00380 2.90009 1.97320 -0.00862 -0.94482 0.32747 -0.20076 0.39464 1 0 1.0
0 -4.79787 2.84002 1.70000 -0.00862 -0.94482 0.32747 -0.95957 0.34000 1 0 1.0
0 -1.00400 2.84007 1.80000 -0.00862 -0.94482 0.32747 -0.20080 0.36000 1 0 1.0
cl_black
0 -1.00400 2.84007 1.80000 0.00876 -0.94326 -0.33193 -0.20080 0.36000 1 0 1.0
0 -4.79787 2.84002 1.70000 0.00876 -0.94326 -0.33193 -0.95957 0.34000 1 0 1.0
0 -4.77232 2.90048 1.52885 0.00876 -0.94326 -0.33193 -0.95446 0.30577 1 0 1.0
cl_black
0 -1.00400 2.84007 1.80000 0.00836 -0.94509 -0.32671 -0.20080 0.36000 1 0 1.0
0 -4.77232 2.90048 1.52885 0.00836 -0.94509 -0.32671 -0.95446 0.30577 1 0 1.0
0 -1.00020 2.89997 1.62680 0.00836 -0.94509 -0.32671 -0.20004 0.32536 1 0 1.0
cl_black
0 -1.00020 2.89997 1.62680 0.02596 0.00046 -0.99966 -0.20004 0.57999 1 0 1.0
0 -4.77232 2.90048 1.52885 0.02596 0.00046 -0.99966 -0.95446 0.58010 1 0 1.0
0 -4.77445 3.02046 1.52885 0.02596 0.00046 -0.99966 -0.95489 0.60409 1 0 1.0
cl_black
0 -1.00020 2.89997 1.62680 0.02592 -0.00086 -0.99966 -0.20004 0.57999 1 0 1.0
0 -4.77445 3.02046 1.52885 0.02592 -0.00086 -0.99966 -0.95489 0.60409 1 0 1.0
0 -0.99620 3.01991 1.62680 0.02592 -0.00086 -0.99966 -0.19924 0.60398 1 0 1.0
cl_black
0 -0.99620 3.01991 1.62680 0.00862 0.94491 -0.32720 -0.19924 0.32536 1 0 1.0
0 -4.77445 3.02046 1.52885 0.00862 0.94491 -0.32720 -0.95489 0.30577 1 0 1.0
0 -4.80213 3.07998 1.70000 0.00862 0.94491 -0.32720 -0.96043 0.34000 1 0 1.0
cl_black
0 -0.99620 3.01991 1.62680 0.00862 0.94482 -0.32747 -0.19924 0.32536 1 0 1.0
0 -4.80213 3.07998 1.70000 0.00862 0.94482 -0.32747 -0.96043 0.34000 1 0 1.0
0 -0.99600 3.07993 1.80000 0.00862 0.94482 -0.32747 -0.19920 0.36000 1 0 1.0
cl_black
0 -4.80213 3.07998 1.70000 -0.31574 0.91497 0.25126 -0.96043 0.34000 1 0 1.0
0 -5.51363 2.99922 1.10000 -0.31574 0.91497 0.25126 -1.10273 0.22000 1 0 1.0
0 -5.61838 2.92686 1.23187 -0.31574 0.91497 0.25126 -1.12368 0.24637 1 0 1.0
cl_black
0 -4.80213 3.07998 1.70000 -0.32555 0.90574 0.27139 -0.96043 0.34000 1 0 1.0
0 -5.61838 2.92686 1.23187 -0.32555 0.90574 0.27139 -1.12368 0.24637 1 0 1.0
0 -4.82768 3.01952 1.87115 -0.32555 0.90574 0.27139 -0.96554 0.37423 1 0 1.0
cl_black
0 -4.82768 3.01952 1.87115 -0.62207 -0.07109 0.77973 -0.96554 0.60390 1 0 1.0
0 -5.61838 2.92686 1.23187 -0.62207 -0.07109 0.77973 -1.12368 0.58537 1 0 1.0
0 -5.60476 2.80764 1.23187 -0.62207 -0.07109 0.77973 -1.12095 0.56153 1 0 1.0
cl_black
0 -4.82768 3.01952 1.87115 -0.63344 -0.01126 0.77371 -0.96554 0.60390 1 0 1.0
0 -5.60476 2.80764 1.23187 -0.63344 -0.01126 0.77371 -1.12095 0.56153 1 0 1.0
0 -4.82555 2.89954 1.87115 -0.63344 -0.01126 0.77371 -0.96511 0.57991 1 0 1.0
cl_black
0 -4.82555 2.89954 1.87115 -0.09617 -0.96201 0.25552 -0.96511 0.37423 1 0 1.0
0 -5.60476 2.80764 1.23187 -0.09617 -0.96201 0.25552 -1.12095 0.24637 1 0 1.0
0 -5.48637 2.76078 1.10000 -0.09617 -0.96201 0.25552 -1.09727 0.22000 1 0 1.0
cl_black
0 -4.82555 2.89954 1.87115 -0.15496 -0.94062 0.30204 -0.96511 0.37423 1 0 1.0
0 -5.48637 2.76078 1.10000 -0.15496 -0.94062 0.30204 -1.09727 0.22000 1 0 1.0
0 -4.79787 2.84002 1.70000 -0.15496 -0.94062 0.30204 -0.95957 0.34000 1 0 1.0
cl_black
0 -4.79787 2.84002 1.70000 0.32059 -0.91442 -0.24711 -0.95957 0.34000 1 0 1.0
0 -5.48637 2.76078 1.10000 0.32059 -0.91442 -0.24711 -1.09727 0.22000 1 0 1.0
0 -5.38162 2.83314 0.96813 0.32059 -0.91442 -0.24711 -1.07632 0.19363 1 0 1.0
cl_black
0 -4.79787 2.84002 1.70000 0.34475 -0.90006 -0.26652 -0.95957 0.34000 1 0 1.0
0 -5.38162 2.83314 0.96813 0.34475 -0.90006 -0.26652 -1.07632 0.19363 1 0 1.0
0 -4.77232 2.90048 1.52885 0.34475 -0.90006 -0.26652 -0.95446 0.30577 1 0 1.0
cl_black
0 -4.77232 2.90048 1.52885 0.67058 0.07664 -0.73787 -0.95446 0.58010 1 0 1.0
0 -5.38162 2.83314 0.96813 0.67058 0.07664 -0.73787 -1.07632 0.56663 1 0 1.0
0 -5.39524 2.95236 0.96813 0.67058 0.07664 -0.73787 -1.07905 0.59047 1 0 1.0
cl_black
0 -4.77232 2.90048 1.52885 0.66952 0.01190 -0.74269 -0.95446 0.58010 1 0 1.0
0 -5.39524 2.95236 0.96813 0.66952 0.01190 -0.74269 -1.07905 0.59047 1 0 1.0
0 -4.77445 3.02046 1.52885 0.66952 0.01190 -0.74269 -0.95489 0.60409 1 0 1.0
cl_black
0 -4.77445 3.02046 1.52885 0.11245 0.96385 -0.24156 -0.95489 0.30577 1 0 1.0
0 -5.39524 2.95236 0.96813 0.11245 0.96385 -0.24156 -1.07905 0.19363 1 0 1.0
0 -5.51363 2.99922 1.10000 0.11245 0.96385 -0.24156 -1.10273 0.22000 1 0 1.0
cl_black
0 -4.77445 3.02046 1.52885 0.14888 0.94121 -0.30323 -0.95489 0.30577 1 0 1.0
0 -5.51363 2.99922 1.10000 0.14888 0.94121 -0.30323 -1.10273 0.22000 1 0 1.0
0 -4.80213 3.07998 1.70000 0.14888 0.94121 -0.30323 -0.96043 0.34000 1 0 1.0
cl_black
0 -0.01791 2.74210 1.57701 0.98624 -0.15780 -0.04931 0.54842 0.31540 1 0 1.0
0 0.00105 2.86060 1.57701 0.98624 -0.15780 -0.04931 0.57212 0.31540 1 0 1.0
0 0.01896 2.91849 1.75000 0.98624 -0.15780 -0.04931 0.58370 0.35000 1 0 1.0
cl_black
0 0.01896 2.91849 1.75000 0.98624 -0.15780 -0.04931 0.58370 0.35000 1 0 1.0
0 0.01791 2.85790 1.92299 0.98624 -0.15780 -0.04931 0.57158 0.38460 1 0 1.0
0 -0.00105 2.73940 1.92299 0.98624 -0.15780 -0.04931 0.54788 0.38460 1 0 1.0
cl_black
0 -0.00105 2.73940 1.92299 0.98624 -0.15780 -0.04931 0.54788 0.38460 1 0 1.0
0 -0.01896 2.68151 1.75000 0.98624 -0.15780 -0.04931 0.53630 0.35000 1 0 1.0
0 -0.01791 2.74210 1.57701 0.98624 -0.15780 -0.04931 0.54842 0.31540 1 0 1.0
cl_black
0 0.01896 2.91849 1.75000 0.98624 -0.15780 -0.04931 0.58370 0.35000 1 0 1.0
0 -0.00105 2.73940 1.92299 0.98624 -0.15780 -0.04931 0.54788 0.38460 1 0 1.0
0 -0.01791 2.74210 1.57701 0.98624 -0.15780 -0.04931 0.54842 0.31540 1 0 1.0
cl_black
0 -5.61838 2.92686 1.23187 -0.75641 -0.08645 -0.64835 0.58537 0.24637 1 0 1.0
0 -5.51363 2.99922 1.10000 -0.75641 -0.08645 -0.64835 0.59984 0.22000 1 0 1.0
0 -5.39524 2.95236 0.96813 -0.75641 -0.08645 -0.64835 0.59047 0.19363 1 0 1.0
cl_black
0 -5.39524 2.95236 0.96813 -0.75641 -0.08645 -0.64835 0.59047 0.19363 1 0 1.0
0 -5.38162 2.83314 0.96813 -0.75641 -0.08645 -0.64835 0.56663 0.19363 1 0 1.0
0 -5.48637 2.76078 1.10000 -0.75641 -0.08645 -0.64835 0.55216 0.22000 1 0 1.0
cl_black
0 -5.48637 2.76078 1.10000 -0.75641 -0.08645 -0.64835 0.55216 0.22000 1 0 1.0
0 -5.60476 2.80764 1.23187 -0.75641 -0.08645 -0.64835 0.56153 0.24637 1 0 1.0
0 -5.61838 2.92686 1.23187 -0.75641 -0.08645 -0.64835 0.58537 0.24637 1 0 1.0
cl_black
0 -5.39524 2.95236 0.96813 -0.75641 -0.08645 -0.64835 0.59047 0.19363 1 0 1.0
0 -5.48637 2.76078 1.10000 -0.75641 -0.08645 -0.64835 0.55216 0.22000 1 0 1.0
0 -5.61838 2.92686 1.23187 -0.75641 -0.08645 -0.64835 0.58537 0.24637 1 0 1.0
cl_lens
0 -0.09000 -0.16250 1.30000 0.00000 0.98873 -0.14969 -0.01800 0.26000 1 0 1.0
0 0.09000 -0.16250 1.30000 0.00000 0.98873 -0.14969 0.01800 0.26000 1 0 1.0
0 0.09000 -0.21148 0.97648 0.00000 0.98873 -0.14969 0.01800 0.19530 1 0 1.0
cl_lens
0 -0.09000 -0.16250 1.30000 0.00000 0.98873 -0.14969 -0.01800 0.26000 1 0 1.0
0 0.09000 -0.21148 0.97648 0.00000 0.98873 -0.14969 0.01800 0.19530 1 0 1.0
0 -0.09000 -0.21148 0.97648 0.00000 0.98873 -0.14969 -0.01800 0.19530 1 0 1.0
cl_lens
0 -0.09000 -0.21148 0.97648 0.00000 0.90281 -0.43005 -0.01800 0.19530 1 0 1.0
0 0.09000 -0.21148 0.97648 0.00000 0.90281 -0.43005 0.01800 0.19530 1 0 1.0
0 0.09000 -0.35509 0.67500 0.00000 0.90281 -0.43005 0.01800 0.13500 1 0 1.0
cl_lens
0 -0.09000 -0.21148 0.97648 0.00000 0.90281 -0.43005 -0.01800 0.19530 1 0 1.0
0 0.09000 -0.35509 0.67500 0.00000 0.90281 -0.43005 0.01800 0.13500 1 0 1.0
0 -0.09000 -0.35509 0.67500 0.00000 0.90281 -0.43005 -0.01800 0.13500 1 0 1.0
cl_lens
0 -0.09000 -0.35509 0.67500 0.00000 0.74981 -0.66165 -0.01800 0.13500 1 0 1.0
0 0.09000 -0.35509 0.67500 0.00000 0.74981 -0.66165 0.01800 0.13500 1 0 1.0
0 0.09000 -0.58353 0.41612 0.00000 0.74981 -0.66165 0.01800 0.08322 1 0 1.0
cl_lens
0 -0.09000 -0.35509 0.67500 0.00000 0.74981 -0.66165 -0.01800 0.13500 1 0 1.0
0 0.09000 -0.58353 0.41612 0.00000 0.74981 -0.66165 0.01800 0.08322 1 0 1.0
0 -0.09000 -0.58353 0.41612 0.00000 0.74981 -0.66165 -0.01800 0.08322 1 0 1.0
cl_lens
0 -0.09000 -0.58353 0.41612 0.00000 0.55503 -0.83183 -0.01800 -0.11671 1 0 1.0
0 0.09000 -0.58353 0.41612 0.00000 0.55503 -0.83183 0.01800 -0.11671 1 0 1.0
0 0.09000 -0.88125 0.21747 0.00000 0.55503 -0.83183 0.01800 -0.17625 1 0 1.0
cl_lens
0 -0.09000 -0.58353 0.41612 0.00000 0.55503 -0.83183 -0.01800 -0.11671 1 0 1.0
0 0.09000 -0.88125 0.21747 0.00000 0.55503 -0.83183 0.01800 -0.17625 1 0 1.0
0 -0.09000 -0.88125 0.21747 0.00000 0.55503 -0.83183 -0.01800 -0.17625 1 0 1.0
cl_lens
0 -0.09000 -0.88125 0.21747 0.00000 0.33887 -0.94083 -0.01800 -0.17625 1 0 1.0
0 0.09000 -0.88125 0.21747 0.00000 0.33887 -0.94083 0.01800 -0.17625 1 0 1.0
0 0.09000 -1.22795 0.09259 0.00000 0.33887 -0.94083 0.01800 -0.24559 1 0 1.0
cl_lens
0 -0.09000 -0.88125 0.21747 0.00000 0.33887 -0.94083 -0.01800 -0.17625 1 0 1.0
0 0.09000 -1.22795 0.09259 0.00000 0.33887 -0.94083 0.01800 -0.24559 1 0 1.0
0 -0.09000 -1.22795 0.09259 0.00000 0.33887 -0.94083 -0.01800 -0.24559 1 0 1.0
cl_lens
0 -0.09000 -1.22795 0.09259 0.00000 0.11374 -0.99351 -0.01800 -0.24559 1 0 1.0
0 0.09000 -1.22795 0.09259 0.00000 0.11374 -0.99351 0.01800 -0.24559 1 0 1.0
0 0.09000 -1.60000 0.05000 0.00000 0.11374 -0.99351 0.01800 -0.32000 1 0 1.0
cl_lens
0 -0.09000 -1.22795 0.09259 0.00000 0.11374 -0.99351 -0.01800 -0.24559 1 0 1.0
0 0.09000 -1.60000 0.05000 0.00000 0.11374 -0.99351 0.01800 -0.32000 1 0 1.0
0 -0.09000 -1.60000 0.05000 0.00000 0.11374 -0.99351 -0.01800 -0.32000 1 0 1.0
cl_lens
0 -0.09000 -1.60000 0.05000 0.00000 -0.11374 -0.99351 -0.01800 -0.32000 1 0 1.0
0 0.09000 -1.60000 0.05000 0.00000 -0.11374 -0.99351 0.01800 -0.32000 1 0 1.0
0 0.09000 -1.97205 0.09259 0.00000 -0.11374 -0.99351 0.01800 -0.39441 1 0 1.0
cl_lens
0 -0.09000 -1.60000 0.05000 0.00000 -0.11374 -0.99351 -0.01800 -0.32000 1 0 1.0
0 0.09000 -1.97205 0.09259 0.00000 -0.11374 -0.99351 0.01800 -0.39441 1 0 1.0
0 -0.09000 -1.97205 0.09259 0.00000 -0.11374 -0.99351 -0.01800 -0.39441 1 0 1.0
cl_lens
0 -0.09000 -1.97205 0.09259 0.00000 -0.33887 -0.94083 -0.01800 -0.39441 1 0 1.0
0 0.09000 -1.97205 0.09259 0.00000 -0.33887 -0.94083 0.01800 -0.39441 1 0 1.0
0 0.09000 -2.31875 0.21747 0.00000 -0.33887 -0.94083 0.01800 -0.46375 1 0 1.0
cl_lens
0 -0.09000 -1.97205 0.09259 0.00000 -0.33887 -0.94083 -0.01800 -0.39441 1 0 1.0
0 0.09000 -2.31875 0.21747 0.00000 -0.33887 -0.94083 0.01800 -0.46375 1 0 1.0
0 -0.09000 -2.31875 0.21747 0.00000 -0.33887 -0.94083 -0.01800 -0.46375 1 0 1.0
cl_lens
0 -0.09000 -2.31875 0.21747 0.00000 -0.55503 -0.83183 -0.01800 -0.46375 1 0 1.0
0 0.09000 -2.31875 0.21747 0.00000 -0.55503 -0.83183 0.01800 -0.46375 1 0 1.0
0 0.09000 -2.61647 0.41612 0.00000 -0.55503 -0.83183 0.01800 -0.52329 1 0 1.0
cl_lens
0 -0.09000 -2.31875 0.21747 0.00000 -0.55503 -0.83183 -0.01800 -0.46375 1 0 1.0
0 0.09000 -2.61647 0.41612 0.00000 -0.55503 -0.83183 0.01800 -0.52329 1 0 1.0
0 -0.09000 -2.61647 0.41612 0.00000 -0.55503 -0.83183 -0.01800 -0.52329 1 0 1.0
cl_lens
0 -0.09000 -2.61647 0.41612 0.00000 -0.74981 -0.66165 -0.01800 0.08322 1 0 1.0
0 0.09000 -2.61647 0.41612 0.00000 -0.74981 -0.66165 0.01800 0.08322 1 0 1.0
0 0.09000 -2.84491 0.67500 0.00000 -0.74981 -0.66165 0.01800 0.13500 1 0 1.0
cl_lens
0 -0.09000 -2.61647 0.41612 0.00000 -0.74981 -0.66165 -0.01800 0.08322 1 0 1.0
0 0.09000 -2.84491 0.67500 0.00000 -0.74981 -0.66165 0.01800 0.13500 1 0 1.0
0 -0.09000 -2.84491 0.67500 0.00000 -0.74981 -0.66165 -0.01800 0.13500 1 0 1.0
cl_lens
0 -0.09000 -2.84491 0.67500 0.00000 -0.90281 -0.43005 -0.01800 0.13500 1 0 1.0
0 0.09000 -2.84491 0.67500 0.00000 -0.90281 -0.43005 0.01800 0.13500 1 0 1.0
0 0.09000 -2.98852 0.97648 0.00000 -0.90281 -0.43005 0.01800 0.19530 1 0 1.0
cl_lens
0 -0.09000 -2.84491 0.67500 0.00000 -0.90281 -0.43005 -0.01800 0.13500 1 0 1.0
0 0.09000 -2.98852 0.97648 0.00000 -0.90281 -0.43005 0.01800 0.19530 1 0 1.0
0 -0.09000 -2.98852 0.97648 0.00000 -0.90281 -0.43005 -0.01800 0.19530 1 0 1.0
cl_lens
0 -0.09000 -2.98852 0.97648 0.00000 -0.98873 -0.14969 -0.01800 0.19530 1 0 1.0
0 0.09000 -2.98852 0.97648 0.00000 -0.98873 -0.14969 0.01800 0.19530 1 0 1.0
0 0.09000 -3.03750 1.30000 0.00000 -0.98873 -0.14969 0.01800 0.26000 1 0 1.0
cl_lens
0 -0.09000 -2.98852 0.97648 0.00000 -0.98873 -0.14969 -0.01800 0.19530 1 0 1.0
0 0.09000 -3.03750 1.30000 0.00000 -0.98873 -0.14969 0.01800 0.26000 1 0 1.0
0 -0.09000 -3.03750 1.30000 0.00000 -0.98873 -0.14969 -0.01800 0.26000 1 0 1.0
cl_lens
0 -0.09000 -3.03750 1.30000 0.00000 -0.98873 0.14969 -0.01800 0.26000 1 0 1.0
0 0.09000 -3.03750 1.30000 0.00000 -0.98873 0.14969 0.01800 0.26000 1 0 1.0
0 0.09000 -2.98852 1.62352 0.00000 -0.98873 0.14969 0.01800 0.32470 1 0 1.0
cl_lens
0 -0.09000 -3.03750 1.30000 0.00000 -0.98873 0.14969 -0.01800 0.26000 1 0 1.0
0 0.09000 -2.98852 1.62352 0.00000 -0.98873 0.14969 0.01800 0.32470 1 0 1.0
0 -0.09000 -2.98852 1.62352 0.00000 -0.98873 0.14969 -0.01800 0.32470 1 0 1.0
cl_lens
0 -0.09000 -2.98852 1.62352 0.00000 -0.90281 0.43005 -0.01800 0.32470 1 0 1.0
0 0.09000 -2.98852 1.62352 0.00000 -0.90281 0.43005 0.01800 0.32470 1 0 1.0
0 0.09000 -2.84491 1.92500 0.00000 -0.90281 0.43005 0.01800 0.38500 1 0 1.0
cl_lens
0 -0.09000 -2.98852 1.62352 0.00000 -0.90281 0.43005 -0.01800 0.32470 1 0 1.0
0 0.09000 -2.84491 1.92500 0.00000 -0.90281 0.43005 0.01800 0.38500 1 0 1.0
0 -0.09000 -2.84491 1.92500 0.00000 -0.90281 0.43005 -0.01800 0.38500 1 0 1.0
cl_lens
0 -0.09000 -2.84491 1.92500 0.00000 -0.74981 0.66165 -0.01800 0.38500 1 0 1.0
0 0.09000 -2.84491 1.92500 0.00000 -0.74981 0.66165 0.01800 0.38500 1 0 1.0
0 0.09000 -2.61647 2.18388 0.00000 -0.74981 0.66165 0.01800 0.43678 1 0 1.0
cl_lens
0 -0.09000 -2.84491 1.92500 0.00000 -0.74981 0.66165 -0.01800 0.38500 1 0 1.0
0 0.09000 -2.61647 2.18388 0.00000 -0.74981 0.66165 0.01800 0.43678 1 0 1.0
0 -0.09000 -2.61647 2.18388 0.00000 -0.74981 0.66165 -0.01800 0.43678 1 0 1.0
cl_lens
0 -0.09000 -2.61647 2.18388 0.00000 -0.55503 0.83183 -0.01800 -0.52329 1 0 1.0
0 0.09000 -2.61647 2.18388 0.00000 -0.55503 0.83183 0.01800 -0.52329 1 0 1.0
0 0.09000 -2.31875 2.38253 0.00000 -0.55503 0.83183 0.01800 -0.46375 1 0 1.0
cl_lens
0 -0.09000 -2.61647 2.18388 0.00000 -0.55503 0.83183 -0.01800 -0.52329 1 0 1.0
0 0.09000 -2.31875 2.38253 0.00000 -0.55503 0.83183 0.01800 -0.46375 1 0 1.0
0 -0.09000 -2.31875 2.38253 0.00000 -0.55503 0.83183 -0.01800 -0.46375 1 0 1.0
cl_lens
0 -0.09000 -2.31875 2.38253 0.00000 -0.33887 0.94083 -0.01800 -0.46375 1 0 1.0
0 0.09000 -2.31875 2.38253 0.00000 -0.33887 0.94083 0.01800 -0.46375 1 0 1.0
0 0.09000 -1.97205 2.50741 0.00000 -0.33887 0.94083 0.01800 -0.39441 1 0 1.0
cl_lens
0 -0.09000 -2.31875 2.38253 0.00000 -0.33887 0.94083 -0.01800 -0.46375 1 0 1.0
0 0.09000 -1.97205 2.50741 0.00000 -0.33887 0.94083 0.01800 -0.39441 1 0 1.0
0 -0.09000 -1.97205 2.50741 0.00000 -0.33887 0.94083 -0.01800 -0.39441 1 0 1.0
cl_lens
0 -0.09000 -1.97205 2.50741 0.00000 -0.11374 0.99351 -0.01800 -0.39441 1 0 1.0
0 0.09000 -1.97205 2.50741 0.00000 -0.11374 0.99351 0.01800 -0.39441 1 0 1.0
0 0.09000 -1.60000 2.55000 0.00000 -0.11374 0.99351 0.01800 -0.32000 1 0 1.0
cl_lens
0 -0.09000 -1.97205 2.50741 0.00000 -0.11374 0.99351 -0.01800 -0.39441 1 0 1.0
0 0.09000 -1.60000 2.55000 0.00000 -0.11374 0.99351 0.01800 -0.32000 1 0 1.0
0 -0.09000 -1.60000 2.55000 0.00000 -0.11374 0.99351 -0.01800 -0.32000 1 0 1.0
cl_lens
0 -0.09000 -1.60000 2.55000 0.00000 0.11374 0.99351 -0.01800 -0.32000 1 0 1.0
0 0.09000 -1.60000 2.55000 0.00000 0.11374 0.99351 0.01800 -0.32000 1 0 1.0
0 0.09000 -1.22795 2.50741 0.00000 0.11374 0.99351 0.01800 -0.24559 1 0 1.0
cl_lens
0 -0.09000 -1.60000 2.55000 0.00000 0.11374 0.99351 -0.01800 -0.32000 1 0 1.0
0 0.09000 -1.22795 2.50741 0.00000 0.11374 0.99351 0.01800 -0.24559 1 0 1.0
0 -0.09000 -1.22795 2.50741 0.00000 0.11374 0.99351 -0.01800 -0.24559 1 0 1.0
cl_lens
0 -0.09000 -1.22795 2.50741 0.00000 0.33887 0.94083 -0.01800 -0.24559 1 0 1.0
0 0.09000 -1.22795 2.50741 0.00000 0.33887 0.94083 0.01800 -0.24559 1 0 1.0
0 0.09000 -0.88125 2.38253 0.00000 0.33887 0.94083 0.01800 -0.17625 1 0 1.0
cl_lens
0 -0.09000 -1.22795 2.50741 0.00000 0.33887 0.94083 -0.01800 -0.24559 1 0 1.0
0 0.09000 -0.88125 2.38253 0.00000 0.33887 0.94083 0.01800 -0.17625 1 0 1.0
0 -0.09000 -0.88125 2.38253 0.00000 0.33887 0.94083 -0.01800 -0.17625 1 0 1.0
cl_lens
0 -0.09000 -0.88125 2.38253 0.00000 0.55503 0.83183 -0.01800 -0.17625 1 0 1.0
0 0.09000 -0.88125 2.38253 0.00000 0.55503 0.83183 0.01800 -0.17625 1 0 1.0
0 0.09000 -0.58353 2.18388 0.00000 0.55503 0.83183 0.01800 -0.11671 1 0 1.0
cl_lens
0 -0.09000 -0.88125 2.38253 0.00000 0.55503 0.83183 -0.01800 -0.17625 1 0 1.0
0 0.09000 -0.58353 2.18388 0.00000 0.55503 0.83183 0.01800 -0.11671 1 0 1.0
0 -0.09000 -0.58353 2.18388 0.00000 0.55503 0.83183 -0.01800 -0.11671 1 0 1.0
cl_lens
0 -0.09000 -0.58353 2.18388 0.00000 0.74981 0.66165 -0.01800 0.43678 1 0 1.0
0 0.09000 -0.58353 2.18388 0.00000 0.74981 0.66165 0.01800 0.43678 1 0 1.0
0 0.09000 -0.35509 1.92500 0.00000 0.74981 0.66165 0.01800 0.38500 1 0 1.0
cl_lens
0 -0.09000 -0.58353 2.18388 0.00000 0.74981 0.66165 -0.01800 0.43678 1 0 1.0
0 0.09000 -0.35509 1.92500 0.00000 0.74981 0.66165 0.01800 0.38500 1 0 1.0
0 -0.09000 -0.35509 1.92500 0.00000 0.74981 0.66165 -0.01800 0.38500 1 0 1.0
cl_lens
0 0.09000 -0.35509 0.67500 1.00000 -0.00000 -0.00000 -0.07102 0.13500 1 0 1.0
0 0.09000 -0.21148 0.97648 1.00000 -0.00000 -0.00000 -0.04230 0.19530 1 0 1.0
0 0.09000 -0.16250 1.30000 1.00000 -0.00000 -0.00000 -0.03250 0.26000 1 0 1.0
cl_lens
0 0.09000 -0.16250 1.30000 1.00000 0.00000 -0.00000 -0.03250 0.26000 1 0 1.0
0 0.09000 -0.21148 1.62352 1.00000 0.00000 -0.00000 -0.04230 0.32470 1 0 1.0
0 0.09000 -0.35509 1.92500 1.00000 0.00000 -0.00000 -0.07102 0.38500 1 0 1.0
cl_lens
0 0.09000 -0.35509 1.92500 1.00000 0.00000 -0.00000 -0.07102 0.38500 1 0 1.0
0 0.09000 -0.58353 2.18388 1.00000 0.00000 -0.00000 -0.11671 0.43678 1 0 1.0
0 0.09000 -0.88125 2.38253 1.00000 0.00000 -0.00000 -0.17625 0.47651 1 0 1.0
cl_lens
0 0.09000 -0.88125 2.38253 1.00000 -0.00000 -0.00000 -0.17625 0.47651 1 0 1.0
0 0.09000 -1.22795 2.50741 1.00000 -0.00000 -0.00000 -0.24559 0.50148 1 0 1.0
0 0.09000 -1.60000 2.55000 1.00000 -0.00000 -0.00000 -0.32000 0.51000 1 0 1.0
cl_lens
0 0.09000 -1.60000 2.55000 1.00000 0.00000 -0.00000 -0.32000 0.51000 1 0 1.0
0 0.09000 -1.97205 2.50741 1.00000 0.00000 -0.00000 -0.39441 0.50148 1 0 1.0
0 0.09000 -2.31875 2.38253 1.00000 0.00000 -0.00000 -0.46375 0.47651 1 0 1.0
cl_lens
0 0.09000 -2.31875 2.38253 1.00000 -0.00000 -0.00000 -0.46375 0.47651 1 0 1.0
0 0.09000 -2.61647 2.18388 1.00000 -0.00000 -0.00000 -0.52329 0.43678 1 0 1.0
0 0.09000 -2.84491 1.92500 1.00000 -0.00000 -0.00000 -0.56898 0.38500 1 0 1.0
cl_lens
0 0.09000 -2.84491 1.92500 1.00000 -0.00000 -0.00000 -0.56898 0.38500 1 0 1.0
0 0.09000 -2.98852 1.62352 1.00000 -0.00000 -0.00000 -0.59770 0.32470 1 0 1.0
0 0.09000 -3.03750 1.30000 1.00000 -0.00000 -0.00000 -0.60750 0.26000 1 0 1.0
cl_lens
0 0.09000 -3.03750 1.30000 1.00000 0.00000 -0.00000 -0.60750 0.26000 1 0 1.0
0 0.09000 -2.98852 0.97648 1.00000 0.00000 -0.00000 -0.59770 0.19530 1 0 1.0
0 0.09000 -2.84491 0.67500 1.00000 0.00000 -0.00000 -0.56898 0.13500 1 0 1.0
cl_lens
0 0.09000 -2.84491 0.67500 1.00000 0.00000 -0.00000 -0.56898 0.13500 1 0 1.0
0 0.09000 -2.61647 0.41612 1.00000 0.00000 -0.00000 -0.52329 0.08322 1 0 1.0
0 0.09000 -2.31875 0.21747 1.00000 0.00000 -0.00000 -0.46375 0.04349 1 0 1.0
cl_lens
0 0.09000 -2.31875 0.21747 1.00000 -0.00000 -0.00000 -0.46375 0.04349 1 0 1.0
0 0.09000 -1.97205 0.09259 1.00000 -0.00000 -0.00000 -0.39441 0.01852 1 0 1.0
0 0.09000 -1.60000 0.05000 1.00000 -0.00000 -0.00000 -0.32000 0.01000 1 0 1.0
cl_lens
0 0.09000 -1.60000 0.05000 1.00000 0.00000 -0.00000 -0.32000 0.01000 1 0 1.0
0 0.09000 -1.22795 0.09259 1.00000 0.00000 -0.00000 -0.24559 0.01852 1 0 1.0
0 0.09000 -0.88125 0.21747 1.00000 0.00000 -0.00000 -0.17625 0.04349 1 0 1.0
cl_lens
0 0.09000 -0.88125 0.21747 1.00000 -0.00000 -0.00000 -0.17625 0.04349 1 0 1.0
0 0.09000 -0.58353 0.41612 1.00000 -0.00000 -0.00000 -0.11671 0.08322 1 0 1.0
0 0.09000 -0.35509 0.67500 1.00000 -0.00000 -0.00000 -0.07102 0.13500 1 0 1.0
cl_lens
0 0.09000 -0.35509 0.67500 1.00000 0.00000 -0.00000 -0.07102 0.13500 1 0 1.0
0 0.09000 -0.16250 1.30000 1.00000 0.00000 -0.00000 -0.03250 0.26000 1 0 1.0
0 0.09000 -0.35509 1.92500 1.00000 0.00000 -0.00000 -0.07102 0.38500 1 0 1.0
cl_lens
0 0.09000 -0.35509 1.92500 1.00000 0.00000 -0.00000 -0.07102 0.38500 1 0 1.0
0 0.09000 -0.88125 2.38253 1.00000 0.00000 -0.00000 -0.17625 0.47651 1 0 1.0
0 0.09000 -1.60000 2.55000 1.00000 0.00000 -0.00000 -0.32000 0.51000 1 0 1.0
cl_lens
0 0.09000 -1.60000 2.55000 1.00000 -0.00000 -0.00000 -0.32000 0.51000 1 0 1.0
0 0.09000 -2.31875 2.38253 1.00000 -0.00000 -0.00000 -0.46375 0.47651 1 0 1.0
0 0.09000 -2.84491 1.92500 1.00000 -0.00000 -0.00000 -0.56898 0.38500 1 0 1.0
cl_lens
0 0.09000 -2.84491 1.92500 1.00000 0.00000 -0.00000 -0.56898 0.38500 1 0 1.0
0 0.09000 -3.03750 1.30000 1.00000 0.00000 -0.00000 -0.60750 0.26000 1 0 1.0
0 0.09000 -2.84491 0.67500 1.00000 0.00000 -0.00000 -0.56898 0.13500 1 0 1.0
cl_lens
0 0.09000 -2.84491 0.67500 1.00000 0.00000 -0.00000 -0.56898 0.13500 1 0 1.0
0 0.09000 -2.31875 0.21747 1.00000 0.00000 -0.00000 -0.46375 0.04349 1 0 1.0
0 0.09000 -1.60000 0.05000 1.00000 0.00000 -0.00000 -0.32000 0.01000 1 0 1.0
cl_lens
0 0.09000 -1.60000 0.05000 1.00000 -0.00000 -0.00000 -0.32000 0.01000 1 0 1.0
0 0.09000 -0.88125 0.21747 1.00000 -0.00000 -0.00000 -0.17625 0.04349 1 0 1.0
0 0.09000 -0.35509 0.67500 1.00000 -0.00000 -0.00000 -0.07102 0.13500 1 0 1.0
cl_lens
0 0.09000 -0.35509 0.67500 1.00000 -0.00000 -0.00000 -0.07102 0.13500 1 0 1.0
0 0.09000 -0.35509 1.92500 1.00000 -0.00000 -0.00000 -0.07102 0.38500 1 0 1.0
0 0.09000 -1.60000 2.55000 1.00000 -0.00000 -0.00000 -0.32000 0.51000 1 0 1.0
cl_lens
0 0.09000 -1.60000 2.55000 1.00000 0.00000 -0.00000 -0.32000 0.51000 1 0 1.0
0 0.09000 -2.84491 1.92500 1.00000 0.00000 -0.00000 -0.56898 0.38500 1 0 1.0
0 0.09000 -2.84491 0.67500 1.00000 0.00000 -0.00000 -0.56898 0.13500 1 0 1.0
cl_lens
0 0.09000 -2.84491 0.67500 1.00000 0.00000 -0.00000 -0.56898 0.13500 1 0 1.0
0 0.09000 -1.60000 0.05000 1.00000 0.00000 -0.00000 -0.32000 0.01000 1 0 1.0
0 0.09000 -0.35509 0.67500 1.00000 0.00000 -0.00000 -0.07102 0.13500 1 0 1.0
cl_lens
0 0.09000 -1.60000 2.55000 1.00000 0.00000 -0.00000 -0.32000 0.51000 1 0 1.0
0 0.09000 -2.84491 0.67500 1.00000 0.00000 -0.00000 -0.56898 0.13500 1 0 1.0
0 0.09000 -0.35509 0.67500 1.00000 0.00000 -0.00000 -0.07102 0.13500 1 0 1.0
cl_lens
0 -0.09000 -0.35509 1.92500 0.00000 0.90281 0.43005 -0.01800 0.38500 1 0 1.0
0 0.09000 -0.35509 1.92500 0.00000 0.90281 0.43005 0.01800 0.38500 1 0 1.0
0 0.09000 -0.21148 1.62352 0.00000 0.90281 0.43005 0.01800 0.32470 1 0 1.0
cl_lens
0 -0.09000 -0.35509 1.92500 0.00000 0.90281 0.43005 -0.01800 0.38500 1 0 1.0
0 0.09000 -0.21148 1.62352 0.00000 0.90281 0.43005 0.01800 0.32470 1 0 1.0
0 -0.09000 -0.21148 1.62352 0.00000 0.90281 0.43005 -0.01800 0.32470 1 0 1.0
cl_lens
0 -0.09000 -0.21148 1.62352 0.00000 0.98873 0.14969 -0.01800 0.32470 1 0 1.0
0 0.09000 -0.21148 1.62352 0.00000 0.98873 0.14969 0.01800 0.32470 1 0 1.0
0 0.09000 -0.16250 1.30000 0.00000 0.98873 0.14969 0.01800 0.26000 1 0 1.0
cl_lens
0 -0.09000 -0.21148 1.62352 0.00000 0.98873 0.14969 -0.01800 0.32470 1 0 1.0
0 0.09000 -0.16250 1.30000 0.00000 0.98873 0.14969 0.01800 0.26000 1 0 1.0
0 -0.09000 -0.16250 1.30000 0.00000 0.98873 0.14969 -0.01800 0.26000 1 0 1.0
cl_lens
0 -0.09000 -0.21148 1.62352 -1.00000 -0.00000 0.00000 -0.04230 0.32470 1 0 1.0
0 -0.09000 -0.16250 1.30000 -1.00000 -0.00000 0.00000 -0.03250 0.26000 1 0 1.0
0 -0.09000 -0.21148 0.97648 -1.00000 -0.00000 0.00000 -0.04230 0.19530 1 0 1.0
cl_lens
0 -0.09000 -0.21148 0.97648 -1.00000 -0.00000 0.00000 -0.04230 0.19530 1 0 1.0
0 -0.09000 -0.35509 0.67500 -1.00000 -0.00000 0.00000 -0.07102 0.13500 1 0 1.0
0 -0.09000 -0.58353 0.41612 -1.00000 -0.00000 0.00000 -0.11671 0.08322 1 0 1.0
cl_lens
0 -0.09000 -0.58353 0.41612 -1.00000 0.00000 0.00000 -0.11671 0.08322 1 0 1.0
0 -0.09000 -0.88125 0.21747 -1.00000 0.00000 0.00000 -0.17625 0.04349 1 0 1.0
0 -0.09000 -1.22795 0.09259 -1.00000 0.00000 0.00000 -0.24559 0.01852 1 0 1.0
cl_lens
0 -0.09000 -1.22795 0.09259 -1.00000 0.00000 0.00000 -0.24559 0.01852 1 0 1.0
0 -0.09000 -1.60000 0.05000 -1.00000 0.00000 0.00000 -0.32000 0.01000 1 0 1.0
0 -0.09000 -1.97205 0.09259 -1.00000 0.00000 0.00000 -0.39441 0.01852 1 0 1.0
cl_lens
0 -0.09000 -1.97205 0.09259 -1.00000 -0.00000 0.00000 -0.39441 0.01852 1 0 1.0
0 -0.09000 -2.31875 0.21747 -1.00000 -0.00000 0.00000 -0.46375 0.04349 1 0 1.0
0 -0.09000 -2.61647 0.41612 -1.00000 -0.00000 0.00000 -0.52329 0.08322 1 0 1.0
cl_lens
0 -0.09000 -2.61647 0.41612 -1.00000 0.00000 0.00000 -0.52329 0.08322 1 0 1.0
0 -0.09000 -2.84491 0.67500 -1.00000 0.00000 0.00000 -0.56898 0.13500 1 0 1.0
0 -0.09000 -2.98852 0.97648 -1.00000 0.00000 0.00000 -0.59770 0.19530 1 0 1.0
cl_lens
0 -0.09000 -2.98852 0.97648 -1.00000 0.00000 0.00000 -0.59770 0.19530 1 0 1.0
0 -0.09000 -3.03750 1.30000 -1.00000 0.00000 0.00000 -0.60750 0.26000 1 0 1.0
0 -0.09000 -2.98852 1.62352 -1.00000 0.00000 0.00000 -0.59770 0.32470 1 0 1.0
cl_lens
0 -0.09000 -2.98852 1.62352 -1.00000 -0.00000 0.00000 -0.59770 0.32470 1 0 1.0
0 -0.09000 -2.84491 1.92500 -1.00000 -0.00000 0.00000 -0.56898 0.38500 1 0 1.0
0 -0.09000 -2.61647 2.18388 -1.00000 -0.00000 0.00000 -0.52329 0.43678 1 0 1.0
cl_lens
0 -0.09000 -2.61647 2.18388 -1.00000 0.00000 0.00000 -0.52329 0.43678 1 0 1.0
0 -0.09000 -2.31875 2.38253 -1.00000 0.00000 0.00000 -0.46375 0.47651 1 0 1.0
0 -0.09000 -1.97205 2.50741 -1.00000 0.00000 0.00000 -0.39441 0.50148 1 0 1.0
cl_lens
0 -0.09000 -1.97205 2.50741 -1.00000 0.00000 0.00000 -0.39441 0.50148 1 0 1.0
0 -0.09000 -1.60000 2.55000 -1.00000 0.00000 0.00000 -0.32000 0.51000 1 0 1.0
0 -0.09000 -1.22795 2.50741 -1.00000 0.00000 0.00000 -0.24559 0.50148 1 0 1.0
cl_lens
0 -0.09000 -1.22795 2.50741 -1.00000 -0.00000 0.00000 -0.24559 0.50148 1 0 1.0
0 -0.09000 -0.88125 2.38253 -1.00000 -0.00000 0.00000 -0.17625 0.47651 1 0 1.0
0 -0.09000 -0.58353 2.18388 -1.00000 -0.00000 0.00000 -0.11671 0.43678 1 0 1.0
cl_lens
0 -0.09000 -0.58353 2.18388 -1.00000 0.00000 0.00000 -0.11671 0.43678 1 0 1.0
0 -0.09000 -0.35509 1.92500 -1.00000 0.00000 0.00000 -0.07102 0.38500 1 0 1.0
0 -0.09000 -0.21148 1.62352 -1.00000 0.00000 0.00000 -0.04230 0.32470 1 0 1.0
cl_lens
0 -0.09000 -0.21148 1.62352 -1.00000 -0.00000 0.00000 -0.04230 0.32470 1 0 1.0
0 -0.09000 -0.21148 0.97648 -1.00000 -0.00000 0.00000 -0.04230 0.19530 1 0 1.0
0 -0.09000 -0.58353 0.41612 -1.00000 -0.00000 0.00000 -0.11671 0.08322 1 0 1.0
cl_lens
0 -0.09000 -0.58353 0.41612 -1.00000 0.00000 0.00000 -0.11671 0.08322 1 0 1.0
0 -0.09000 -1.22795 0.09259 -1.00000 0.00000 0.00000 -0.24559 0.01852 1 0 1.0
0 -0.09000 -1.97205 0.09259 -1.00000 0.00000 0.00000 -0.39441 0.01852 1 0 1.0
cl_lens
0 -0.09000 -1.97205 0.09259 -1.00000 -0.00000 0.00000 -0.39441 0.01852 1 0 1.0
0 -0.09000 -2.61647 0.41612 -1.00000 -0.00000 0.00000 -0.52329 0.08322 1 0 1.0
0 -0.09000 -2.98852 0.97648 -1.00000 -0.00000 0.00000 -0.59770 0.19530 1 0 1.0
cl_lens
0 -0.09000 -2.98852 0.97648 -1.00000 -0.00000 0.00000 -0.59770 0.19530 1 0 1.0
0 -0.09000 -2.98852 1.62352 -1.00000 -0.00000 0.00000 -0.59770 0.32470 1 0 1.0
0 -0.09000 -2.61647 2.18388 -1.00000 -0.00000 0.00000 -0.52329 0.43678 1 0 1.0
cl_lens
0 -0.09000 -2.61647 2.18388 -1.00000 0.00000 0.00000 -0.52329 0.43678 1 0 1.0
0 -0.09000 -1.97205 2.50741 -1.00000 0.00000 0.00000 -0.39441 0.50148 1 0 1.0
0 -0.09000 -1.22795 2.50741 -1.00000 0.00000 0.00000 -0.24559 0.50148 1 0 1.0
cl_lens
0 -0.09000 -1.22795 2.50741 -1.00000 -0.00000 0.00000 -0.24559 0.50148 1 0 1.0
0 -0.09000 -0.58353 2.18388 -1.00000 -0.00000 0.00000 -0.11671 0.43678 1 0 1.0
0 -0.09000 -0.21148 1.62352 -1.00000 -0.00000 0.00000 -0.04230 0.32470 1 0 1.0
cl_lens
0 -0.09000 -0.21148 1.62352 -1.00000 0.00000 0.00000 -0.04230 0.32470 1 0 1.0
0 -0.09000 -0.58353 0.41612 -1.00000 0.00000 0.00000 -0.11671 0.08322 1 0 1.0
0 -0.09000 -1.97205 0.09259 -1.00000 0.00000 0.00000 -0.39441 0.01852 1 0 1.0
cl_lens
0 -0.09000 -1.97205 0.09259 -1.00000 0.00000 0.00000 -0.39441 0.01852 1 0 1.0
0 -0.09000 -2.98852 0.97648 -1.00000 0.00000 0.00000 -0.59770 0.19530 1 0 1.0
0 -0.09000 -2.61647 2.18388 -1.00000 0.00000 0.00000 -0.52329 0.43678 1 0 1.0
cl_lens
0 -0.09000 -2.61647 2.18388 -1.00000 0.00000 0.00000 -0.52329 0.43678 1 0 1.0
0 -0.09000 -1.22795 2.50741 -1.00000 0.00000 0.00000 -0.24559 0.50148 1 0 1.0
0 -0.09000 -0.21148 1.62352 -1.00000 0.00000 0.00000 -0.04230 0.32470 1 0 1.0
cl_lens
0 -0.09000 -1.97205 0.09259 -1.00000 0.00000 0.00000 -0.39441 0.01852 1 0 1.0
0 -0.09000 -2.61647 2.18388 -1.00000 0.00000 0.00000 -0.52329 0.43678 1 0 1.0
0 -0.09000 -0.21148 1.62352 -1.00000 0.00000 0.00000 -0.04230 0.32470 1 0 1.0
cl_lens
0 -0.09000 3.03750 1.30000 0.00000 0.98873 -0.14969 -0.01800 0.26000 1 0 1.0
0 0.09000 3.03750 1.30000 0.00000 0.98873 -0.14969 0.01800 0.26000 1 0 1.0
0 0.09000 2.98852 0.97648 0.00000 0.98873 -0.14969 0.01800 0.19530 1 0 1.0
cl_lens
0 -0.09000 3.03750 1.30000 0.00000 0.98873 -0.14969 -0.01800 0.26000 1 0 1.0
0 0.09000 2.98852 0.97648 0.00000 0.98873 -0.14969 0.01800 0.19530 1 0 1.0
0 -0.09000 2.98852 0.97648 0.00000 0.98873 -0.14969 -0.01800 0.19530 1 0 1.0
cl_lens
0 -0.09000 2.98852 0.97648 0.00000 0.90281 -0.43005 -0.01800 0.19530 1 0 1.0
0 0.09000 2.98852 0.97648 0.00000 0.90281 -0.43005 0.01800 0.19530 1 0 1.0
0 0.09000 2.84491 0.67500 0.00000 0.90281 -0.43005 0.01800 0.13500 1 0 1.0
cl_lens
0 -0.09000 2.98852 0.97648 0.00000 0.90281 -0.43005 -0.01800 0.19530 1 0 1.0
0 0.09000 2.84491 0.67500 0.00000 0.90281 -0.43005 0.01800 0.13500 1 0 1.0
0 -0.09000 2.84491 0.67500 0.00000 0.90281 -0.43005 -0.01800 0.13500 1 0 1.0
cl_lens
0 -0.09000 2.84491 0.67500 0.00000 0.74981 -0.66165 -0.01800 0.13500 1 0 1.0
0 0.09000 2.84491 0.67500 0.00000 0.74981 -0.66165 0.01800 0.13500 1 0 1.0
0 0.09000 2.61647 0.41612 0.00000 0.74981 -0.66165 0.01800 0.08322 1 0 1.0
cl_lens
0 -0.09000 2.84491 0.67500 0.00000 0.74981 -0.66165 -0.01800 0.13500 1 0 1.0
0 0.09000 2.61647 0.41612 0.00000 0.74981 -0.66165 0.01800 0.08322 1 0 1.0
0 -0.09000 2.61647 0.41612 0.00000 0.74981 -0.66165 -0.01800 0.08322 1 0 1.0
cl_lens
0 -0.09000 2.61647 0.41612 0.00000 0.55503 -0.83183 -0.01800 0.52329 1 0 1.0
0 0.09000 2.61647 0.41612 0.00000 0.55503 -0.83183 0.01800 0.52329 1 0 1.0
0 0.09000 2.31875 0.21747 0.00000 0.55503 -0.83183 0.01800 0.46375 1 0 1.0
cl_lens
0 -0.09000 2.61647 0.41612 0.00000 0.55503 -0.83183 -0.01800 0.52329 1 0 1.0
0 0.09000 2.31875 0.21747 0.00000 0.55503 -0.83183 0.01800 0.46375 1 0 1.0
0 -0.09000 2.31875 0.21747 0.00000 0.55503 -0.83183 -0.01800 0.46375 1 0 1.0
cl_lens
0 -0.09000 2.31875 0.21747 0.00000 0.33887 -0.94083 -0.01800 0.46375 1 0 1.0
0 0.09000 2.31875 0.21747 0.00000 0.33887 -0.94083 0.01800 0.46375 1 0 1.0
0 0.09000 1.97205 0.09259 0.00000 0.33887 -0.94083 0.01800 0.39441 1 0 1.0
cl_lens
0 -0.09000 2.31875 0.21747 0.00000 0.33887 -0.94083 -0.01800 0.46375 1 0 1.0
0 0.09000 1.97205 0.09259 0.00000 0.33887 -0.94083 0.01800 0.39441 1 0 1.0
0 -0.09000 1.97205 0.09259 0.00000 0.33887 -0.94083 -0.01800 0.39441 1 0 1.0
cl_lens
0 -0.09000 1.97205 0.09259 0.00000 0.11374 -0.99351 -0.01800 0.39441 1 0 1.0
0 0.09000 1.97205 0.09259 0.00000 0.11374 -0.99351 0.01800 0.39441 1 0 1.0
0 0.09000 1.60000 0.05000 0.00000 0.11374 -0.99351 0.01800 0.32000 1 0 1.0
cl_lens
0 -0.09000 1.97205 0.09259 0.00000 0.11374 -0.99351 -0.01800 0.39441 1 0 1.0
0 0.09000 1.60000 0.05000 0.00000 0.11374 -0.99351 0.01800 0.32000 1 0 1.0
0 -0.09000 1.60000 0.05000 0.00000 0.11374 -0.99351 -0.01800 0.32000 1 0 1.0
cl_lens
0 -0.09000 1.60000 0.05000 0.00000 -0.11374 -0.99351 -0.01800 0.32000 1 0 1.0
0 0.09000 1.60000 0.05000 0.00000 -0.11374 -0.99351 0.01800 0.32000 1 0 1.0
0 0.09000 1.22795 0.09259 0.00000 -0.11374 -0.99351 0.01800 0.24559 1 0 1.0
cl_lens
0 -0.09000 1.60000 0.05000 0.00000 -0.11374 -0.99351 -0.01800 0.32000 1 0 1.0
0 0.09000 1.22795 0.09259 0.00000 -0.11374 -0.99351 0.01800 0.24559 1 0 1.0
0 -0.09000 1.22795 0.09259 0.00000 -0.11374 -0.99351 -0.01800 0.24559 1 0 1.0
cl_lens
0 -0.09000 1.22795 0.09259 0.00000 -0.33887 -0.94083 -0.01800 0.24559 1 0 1.0
0 0.09000 1.22795 0.09259 0.00000 -0.33887 -0.94083 0.01800 0.24559 1 0 1.0
0 0.09000 0.88125 0.21747 0.00000 -0.33887 -0.94083 0.01800 0.17625 1 0 1.0
cl_lens
0 -0.09000 1.22795 0.09259 0.00000 -0.33887 -0.94083 -0.01800 0.24559 1 0 1.0
0 0.09000 0.88125 0.21747 0.00000 -0.33887 -0.94083 0.01800 0.17625 1 0 1.0
0 -0.09000 0.88125 0.21747 0.00000 -0.33887 -0.94083 -0.01800 0.17625 1 0 1.0
cl_lens
0 -0.09000 0.88125 0.21747 0.00000 -0.55503 -0.83183 -0.01800 0.17625 1 0 1.0
0 0.09000 0.88125 0.21747 0.00000 -0.55503 -0.83183 0.01800 0.17625 1 0 1.0
0 0.09000 0.58353 0.41612 0.00000 -0.55503 -0.83183 0.01800 0.11671 1 0 1.0
cl_lens
0 -0.09000 0.88125 0.21747 0.00000 -0.55503 -0.83183 -0.01800 0.17625 1 0 1.0
0 0.09000 0.58353 0.41612 0.00000 -0.55503 -0.83183 0.01800 0.11671 1 0 1.0
0 -0.09000 0.58353 0.41612 0.00000 -0.55503 -0.83183 -0.01800 0.11671 1 0 1.0
cl_lens
0 -0.09000 0.58353 0.41612 0.00000 -0.74981 -0.66165 -0.01800 0.08322 1 0 1.0
0 0.09000 0.58353 0.41612 0.00000 -0.74981 -0.66165 0.01800 0.08322 1 0 1.0
0 0.09000 0.35509 0.67500 0.00000 -0.74981 -0.66165 0.01800 0.13500 1 0 1.0
cl_lens
0 -0.09000 0.58353 0.41612 0.00000 -0.74981 -0.66165 -0.01800 0.08322 1 0 1.0
0 0.09000 0.35509 0.67500 0.00000 -0.74981 -0.66165 0.01800 0.13500 1 0 1.0
0 -0.09000 0.35509 0.67500 0.00000 -0.74981 -0.66165 -0.01800 0.13500 1 0 1.0
cl_lens
0 -0.09000 0.35509 0.67500 0.00000 -0.90281 -0.43005 -0.01800 0.13500 1 0 1.0
0 0.09000 0.35509 0.67500 0.00000 -0.90281 -0.43005 0.01800 0.13500 1 0 1.0
0 0.09000 0.21148 0.97648 0.00000 -0.90281 -0.43005 0.01800 0.19530 1 0 1.0
cl_lens
0 -0.09000 0.35509 0.67500 0.00000 -0.90281 -0.43005 -0.01800 0.13500 1 0 1.0
0 0.09000 0.21148 0.97648 0.00000 -0.90281 -0.43005 0.01800 0.19530 1 0 1.0
0 -0.09000 0.21148 0.97648 0.00000 -0.90281 -0.43005 -0.01800 0.19530 1 0 1.0
cl_lens
0 -0.09000 0.21148 0.97648 0.00000 -0.98873 -0.14969 -0.01800 0.19530 1 0 1.0
0 0.09000 0.21148 0.97648 0.00000 -0.98873 -0.14969 0.01800 0.19530 1 0 1.0
0 0.09000 0.16250 1.30000 0.00000 -0.98873 -0.14969 0.01800 0.26000 1 0 1.0
cl_lens
0 -0.09000 0.21148 0.97648 0.00000 -0.98873 -0.14969 -0.01800 0.19530 1 0 1.0
0 0.09000 0.16250 1.30000 0.00000 -0.98873 -0.14969 0.01800 0.26000 1 0 1.0
0 -0.09000 0.16250 1.30000 0.00000 -0.98873 -0.14969 -0.01800 0.26000 1 0 1.0
cl_lens
0 -0.09000 0.16250 1.30000 0.00000 -0.98873 0.14969 -0.01800 0.26000 1 0 1.0
0 0.09000 0.16250 1.30000 0.00000 -0.98873 0.14969 0.01800 0.26000 1 0 1.0
0 0.09000 0.21148 1.62352 0.00000 -0.98873 0.14969 0.01800 0.32470 1 0 1.0
cl_lens
0 -0.09000 0.16250 1.30000 0.00000 -0.98873 0.14969 -0.01800 0.26000 1 0 1.0
0 0.09000 0.21148 1.62352 0.00000 -0.98873 0.14969 0.01800 0.32470 1 0 1.0
0 -0.09000 0.21148 1.62352 0.00000 -0.98873 0.14969 -0.01800 0.32470 1 0 1.0
cl_lens
0 -0.09000 0.21148 1.62352 0.00000 -0.90281 0.43005 -0.01800 0.32470 1 0 1.0
0 0.09000 0.21148 1.62352 0.00000 -0.90281 0.43005 0.01800 0.32470 1 0 1.0
0 0.09000 0.35509 1.92500 0.00000 -0.90281 0.43005 0.01800 0.38500 1 0 1.0
cl_lens
0 -0.09000 0.21148 1.62352 0.00000 -0.90281 0.43005 -0.01800 0.32470 1 0 1.0
0 0.09000 0.35509 1.92500 0.00000 -0.90281 0.43005 0.01800 0.38500 1 0 1.0
0 -0.09000 0.35509 1.92500 0.00000 -0.90281 0.43005 -0.01800 0.38500 1 0 1.0
cl_lens
0 -0.09000 0.35509 1.92500 0.00000 -0.74981 0.66165 -0.01800 0.38500 1 0 1.0
0 0.09000 0.35509 1.92500 0.00000 -0.74981 0.66165 0.01800 0.38500 1 0 1.0
0 0.09000 0.58353 2.18388 0.00000 -0.74981 0.66165 0.01800 0.43678 1 0 1.0
cl_lens
0 -0.09000 0.35509 1.92500 0.00000 -0.74981 0.66165 -0.01800 0.38500 1 0 1.0
0 0.09000 0.58353 2.18388 0.00000 -0.74981 0.66165 0.01800 0.43678 1 0 1.0
0 -0.09000 0.58353 2.18388 0.00000 -0.74981 0.66165 -0.01800 0.43678 1 0 1.0
cl_lens
0 -0.09000 0.58353 2.18388 0.00000 -0.55503 0.83183 -0.01800 0.11671 1 0 1.0
0 0.09000 0.58353 2.18388 0.00000 -0.55503 0.83183 0.01800 0.11671 1 0 1.0
0 0.09000 0.88125 2.38253 0.00000 -0.55503 0.83183 0.01800 0.17625 1 0 1.0
cl_lens
0 -0.09000 0.58353 2.18388 0.00000 -0.55503 0.83183 -0.01800 0.11671 1 0 1.0
0 0.09000 0.88125 2.38253 0.00000 -0.55503 0.83183 0.01800 0.17625 1 0 1.0
0 -0.09000 0.88125 2.38253 0.00000 -0.55503 0.83183 -0.01800 0.17625 1 0 1.0
cl_lens
0 -0.09000 0.88125 2.38253 0.00000 -0.33887 0.94083 -0.01800 0.17625 1 0 1.0
0 0.09000 0.88125 2.38253 0.00000 -0.33887 0.94083 0.01800 0.17625 1 0 1.0
0 0.09000 1.22795 2.50741 0.00000 -0.33887 0.94083 0.01800 0.24559 1 0 1.0
cl_lens
0 -0.09000 0.88125 2.38253 0.00000 -0.33887 0.94083 -0.01800 0.17625 1 0 1.0
0 0.09000 1.22795 2.50741 0.00000 -0.33887 0.94083 0.01800 0.24559 1 0 1.0
0 -0.09000 1.22795 2.50741 0.00000 -0.33887 0.94083 -0.01800 0.24559 1 0 1.0
cl_lens
0 -0.09000 1.22795 2.50741 0.00000 -0.11374 0.99351 -0.01800 0.24559 1 0 1.0
0 0.09000 1.22795 2.50741 0.00000 -0.11374 0.99351 0.01800 0.24559 1 0 1.0
0 0.09000 1.60000 2.55000 0.00000 -0.11374 0.99351 0.01800 0.32000 1 0 1.0
cl_lens
0 -0.09000 1.22795 2.50741 0.00000 -0.11374 0.99351 -0.01800 0.24559 1 0 1.0
0 0.09000 1.60000 2.55000 0.00000 -0.11374 0.99351 0.01800 0.32000 1 0 1.0
0 -0.09000 1.60000 2.55000 0.00000 -0.11374 0.99351 -0.01800 0.32000 1 0 1.0
cl_lens
0 -0.09000 1.60000 2.55000 0.00000 0.11374 0.99351 -0.01800 0.32000 1 0 1.0
0 0.09000 1.60000 2.55000 0.00000 0.11374 0.99351 0.01800 0.32000 1 0 1.0
0 0.09000 1.97205 2.50741 0.00000 0.11374 0.99351 0.01800 0.39441 1 0 1.0
cl_lens
0 -0.09000 1.60000 2.55000 0.00000 0.11374 0.99351 -0.01800 0.32000 1 0 1.0
0 0.09000 1.97205 2.50741 0.00000 0.11374 0.99351 0.01800 0.39441 1 0 1.0
0 -0.09000 1.97205 2.50741 0.00000 0.11374 0.99351 -0.01800 0.39441 1 0 1.0
cl_lens
0 -0.09000 1.97205 2.50741 0.00000 0.33887 0.94083 -0.01800 0.39441 1 0 1.0
0 0.09000 1.97205 2.50741 0.00000 0.33887 0.94083 0.01800 0.39441 1 0 1.0
0 0.09000 2.31875 2.38253 0.00000 0.33887 0.94083 0.01800 0.46375 1 0 1.0
cl_lens
0 -0.09000 1.97205 2.50741 0.00000 0.33887 0.94083 -0.01800 0.39441 1 0 1.0
0 0.09000 2.31875 2.38253 0.00000 0.33887 0.94083 0.01800 0.46375 1 0 1.0
0 -0.09000 2.31875 2.38253 0.00000 0.33887 0.94083 -0.01800 0.46375 1 0 1.0
cl_lens
0 -0.09000 2.31875 2.38253 0.00000 0.55503 0.83183 -0.01800 0.46375 1 0 1.0
0 0.09000 2.31875 2.38253 0.00000 0.55503 0.83183 0.01800 0.46375 1 0 1.0
0 0.09000 2.61647 2.18388 0.00000 0.55503 0.83183 0.01800 0.52329 1 0 1.0
cl_lens
0 -0.09000 2.31875 2.38253 0.00000 0.55503 0.83183 -0.01800 0.46375 1 0 1.0
0 0.09000 2.61647 2.18388 0.00000 0.55503 0.83183 0.01800 0.52329 1 0 1.0
0 -0.09000 2.61647 2.18388 0.00000 0.55503 0.83183 -0.01800 0.52329 1 0 1.0
cl_lens
0 -0.09000 2.61647 2.18388 0.00000 0.74981 0.66165 -0.01800 0.43678 1 0 1.0
0 0.09000 2.61647 2.18388 0.00000 0.74981 0.66165 0.01800 0.43678 1 0 1.0
0 0.09000 2.84491 1.92500 0.00000 0.74981 0.66165 0.01800 0.38500 1 0 1.0
cl_lens
0 -0.09000 2.61647 2.18388 0.00000 0.74981 0.66165 -0.01800 0.43678 1 0 1.0
0 0.09000 2.84491 1.92500 0.00000 0.74981 0.66165 0.01800 0.38500 1 0 1.0
0 -0.09000 2.84491 1.92500 0.00000 0.74981 0.66165 -0.01800 0.38500 1 0 1.0
cl_lens
0 0.09000 2.84491 0.67500 1.00000 -0.00000 -0.00000 0.56898 0.13500 1 0 1.0
0 0.09000 2.98852 0.97648 1.00000 -0.00000 -0.00000 0.59770 0.19530 1 0 1.0
0 0.09000 3.03750 1.30000 1.00000 -0.00000 -0.00000 0.60750 0.26000 1 0 1.0
cl_lens
0 0.09000 3.03750 1.30000 1.00000 0.00000 -0.00000 0.60750 0.26000 1 0 1.0
0 0.09000 2.98852 1.62352 1.00000 0.00000 -0.00000 0.59770 0.32470 1 0 1.0
0 0.09000 2.84491 1.92500 1.00000 0.00000 -0.00000 0.56898 0.38500 1 0 1.0
cl_lens
0 0.09000 2.84491 1.92500 1.00000 0.00000 -0.00000 0.56898 0.38500 1 0 1.0
0 0.09000 2.61647 2.18388 1.00000 0.00000 -0.00000 0.52329 0.43678 1 0 1.0
0 0.09000 2.31875 2.38253 1.00000 0.00000 -0.00000 0.46375 0.47651 1 0 1.0
cl_lens
0 0.09000 2.31875 2.38253 1.00000 -0.00000 -0.00000 0.46375 0.47651 1 0 1.0
0 0.09000 1.97205 2.50741 1.00000 -0.00000 -0.00000 0.39441 0.50148 1 0 1.0
0 0.09000 1.60000 2.55000 1.00000 -0.00000 -0.00000 0.32000 0.51000 1 0 1.0
cl_lens
0 0.09000 1.60000 2.55000 1.00000 0.00000 -0.00000 0.32000 0.51000 1 0 1.0
0 0.09000 1.22795 2.50741 1.00000 0.00000 -0.00000 0.24559 0.50148 1 0 1.0
0 0.09000 0.88125 2.38253 1.00000 0.00000 -0.00000 0.17625 0.47651 1 0 1.0
cl_lens
0 0.09000 0.88125 2.38253 1.00000 -0.00000 -0.00000 0.17625 0.47651 1 0 1.0
0 0.09000 0.58353 2.18388 1.00000 -0.00000 -0.00000 0.11671 0.43678 1 0 1.0
0 0.09000 0.35509 1.92500 1.00000 -0.00000 -0.00000 0.07102 0.38500 1 0 1.0
cl_lens
0 0.09000 0.35509 1.92500 1.00000 -0.00000 -0.00000 0.07102 0.38500 1 0 1.0
0 0.09000 0.21148 1.62352 1.00000 -0.00000 -0.00000 0.04230 0.32470 1 0 1.0
0 0.09000 0.16250 1.30000 1.00000 -0.00000 -0.00000 0.03250 0.26000 1 0 1.0
cl_lens
0 0.09000 0.16250 1.30000 1.00000 0.00000 -0.00000 0.03250 0.26000 1 0 1.0
0 0.09000 0.21148 0.97648 1.00000 0.00000 -0.00000 0.04230 0.19530 1 0 1.0
0 0.09000 0.35509 0.67500 1.00000 0.00000 -0.00000 0.07102 0.13500 1 0 1.0
cl_lens
0 0.09000 0.35509 0.67500 1.00000 0.00000 -0.00000 0.07102 0.13500 1 0 1.0
0 0.09000 0.58353 0.41612 1.00000 0.00000 -0.00000 0.11671 0.08322 1 0 1.0
0 0.09000 0.88125 0.21747 1.00000 0.00000 -0.00000 0.17625 0.04349 1 0 1.0
cl_lens
0 0.09000 0.88125 0.21747 1.00000 -0.00000 -0.00000 0.17625 0.04349 1 0 1.0
0 0.09000 1.22795 0.09259 1.00000 -0.00000 -0.00000 0.24559 0.01852 1 0 1.0
0 0.09000 1.60000 0.05000 1.00000 -0.00000 -0.00000 0.32000 0.01000 1 0 1.0
cl_lens
0 0.09000 1.60000 0.05000 1.00000 0.00000 -0.00000 0.32000 0.01000 1 0 1.0
0 0.09000 1.97205 0.09259 1.00000 0.00000 -0.00000 0.39441 0.01852 1 0 1.0
0 0.09000 2.31875 0.21747 1.00000 0.00000 -0.00000 0.46375 0.04349 1 0 1.0
cl_lens
0 0.09000 2.31875 0.21747 1.00000 -0.00000 -0.00000 0.46375 0.04349 1 0 1.0
0 0.09000 2.61647 0.41612 1.00000 -0.00000 -0.00000 0.52329 0.08322 1 0 1.0
0 0.09000 2.84491 0.67500 1.00000 -0.00000 -0.00000 0.56898 0.13500 1 0 1.0
cl_lens
0 0.09000 2.84491 0.67500 1.00000 0.00000 -0.00000 0.56898 0.13500 1 0 1.0
0 0.09000 3.03750 1.30000 1.00000 0.00000 -0.00000 0.60750 0.26000 1 0 1.0
0 0.09000 2.84491 1.92500 1.00000 0.00000 -0.00000 0.56898 0.38500 1 0 1.0
cl_lens
0 0.09000 2.84491 1.92500 1.00000 0.00000 -0.00000 0.56898 0.38500 1 0 1.0
0 0.09000 2.31875 2.38253 1.00000 0.00000 -0.00000 0.46375 0.47651 1 0 1.0
0 0.09000 1.60000 2.55000 1.00000 0.00000 -0.00000 0.32000 0.51000 1 0 1.0
cl_lens
0 0.09000 1.60000 2.55000 1.00000 -0.00000 -0.00000 0.32000 0.51000 1 0 1.0
0 0.09000 0.88125 2.38253 1.00000 -0.00000 -0.00000 0.17625 0.47651 1 0 1.0
0 0.09000 0.35509 1.92500 1.00000 -0.00000 -0.00000 0.07102 0.38500 1 0 1.0
cl_lens
0 0.09000 0.35509 1.92500 1.00000 0.00000 -0.00000 0.07102 0.38500 1 0 1.0
0 0.09000 0.16250 1.30000 1.00000 0.00000 -0.00000 0.03250 0.26000 1 0 1.0
0 0.09000 0.35509 0.67500 1.00000 0.00000 -0.00000 0.07102 0.13500 1 0 1.0
cl_lens
0 0.09000 0.35509 0.67500 1.00000 0.00000 -0.00000 0.07102 0.13500 1 0 1.0
0 0.09000 0.88125 0.21747 1.00000 0.00000 -0.00000 0.17625 0.04349 1 0 1.0
0 0.09000 1.60000 0.05000 1.00000 0.00000 -0.00000 0.32000 0.01000 1 0 1.0
cl_lens
0 0.09000 1.60000 0.05000 1.00000 -0.00000 -0.00000 0.32000 0.01000 1 0 1.0
0 0.09000 2.31875 0.21747 1.00000 -0.00000 -0.00000 0.46375 0.04349 1 0 1.0
0 0.09000 2.84491 0.67500 1.00000 -0.00000 -0.00000 0.56898 0.13500 1 0 1.0
cl_lens
0 0.09000 2.84491 0.67500 1.00000 -0.00000 -0.00000 0.56898 0.13500 1 0 1.0
0 0.09000 2.84491 1.92500 1.00000 -0.00000 -0.00000 0.56898 0.38500 1 0 1.0
0 0.09000 1.60000 2.55000 1.00000 -0.00000 -0.00000 0.32000 0.51000 1 0 1.0
cl_lens
0 0.09000 1.60000 2.55000 1.00000 0.00000 -0.00000 0.32000 0.51000 1 0 1.0
0 0.09000 0.35509 1.92500 1.00000 0.00000 -0.00000 0.07102 0.38500 1 0 1.0
0 0.09000 0.35509 0.67500 1.00000 0.00000 -0.00000 0.07102 0.13500 1 0 1.0
cl_lens
0 0.09000 0.35509 0.67500 1.00000 0.00000 -0.00000 0.07102 0.13500 1 0 1.0
0 0.09000 1.60000 0.05000 1.00000 0.00000 -0.00000 0.32000 0.01000 1 0 1.0
0 0.09000 2.84491 0.67500 1.00000 0.00000 -0.00000 0.56898 0.13500 1 0 1.0
cl_lens
0 0.09000 1.60000 2.55000 1.00000 0.00000 -0.00000 0.32000 0.51000 1 0 1.0
0 0.09000 0.35509 0.67500 1.00000 0.00000 -0.00000 0.07102 0.13500 1 0 1.0
0 0.09000 2.84491 0.67500 1.00000 0.00000 -0.00000 0.56898 0.13500 1 0 1.0
cl_lens
0 -0.09000 2.84491 1.92500 0.00000 0.90281 0.43005 -0.01800 0.38500 1 0 1.0
0 0.09000 2.84491 1.92500 0.00000 0.90281 0.43005 0.01800 0.38500 1 0 1.0
0 0.09000 2.98852 1.62352 0.00000 0.90281 0.43005 0.01800 0.32470 1 0 1.0
cl_lens
0 -0.09000 2.84491 1.92500 0.00000 0.90281 0.43005 -0.01800 0.38500 1 0 1.0
0 0.09000 2.98852 1.62352 0.00000 0.90281 0.43005 0.01800 0.32470 1 0 1.0
0 -0.09000 2.98852 1.62352 0.00000 0.90281 0.43005 -0.01800 0.32470 1 0 1.0
cl_lens
0 -0.09000 2.98852 1.62352 0.00000 0.98873 0.14969 -0.01800 0.32470 1 0 1.0
0 0.09000 2.98852 1.62352 0.00000 0.98873 0.14969 0.01800 0.32470 1 0 1.0
0 0.09000 3.03750 1.30000 0.00000 0.98873 0.14969 0.01800 0.26000 1 0 1.0
cl_lens
0 -0.09000 2.98852 1.62352 0.00000 0.98873 0.14969 -0.01800 0.32470 1 0 1.0
0 0.09000 3.03750 1.30000 0.00000 0.98873 0.14969 0.01800 0.26000 1 0 1.0
0 -0.09000 3.03750 1.30000 0.00000 0.98873 0.14969 -0.01800 0.26000 1 0 1.0
cl_lens
0 -0.09000 2.98852 1.62352 -1.00000 -0.00000 0.00000 0.59770 0.32470 1 0 1.0
0 -0.09000 3.03750 1.30000 -1.00000 -0.00000 0.00000 0.60750 0.26000 1 0 1.0
0 -0.09000 2.98852 0.97648 -1.00000 -0.00000 0.00000 0.59770 0.19530 1 0 1.0
cl_lens
0 -0.09000 2.98852 0.97648 -1.00000 -0.00000 0.00000 0.59770 0.19530 1 0 1.0
0 -0.09000 2.84491 0.67500 -1.00000 -0.00000 0.00000 0.56898 0.13500 1 0 1.0
0 -0.09000 2.61647 0.41612 -1.00000 -0.00000 0.00000 0.52329 0.08322 1 0 1.0
cl_lens
0 -0.09000 2.61647 0.41612 -1.00000 0.00000 0.00000 0.52329 0.08322 1 0 1.0
0 -0.09000 2.31875 0.21747 -1.00000 0.00000 0.00000 0.46375 0.04349 1 0 1.0
0 -0.09000 1.97205 0.09259 -1.00000 0.00000 0.00000 0.39441 0.01852 1 0 1.0
cl_lens
0 -0.09000 1.97205 0.09259 -1.00000 0.00000 0.00000 0.39441 0.01852 1 0 1.0
0 -0.09000 1.60000 0.05000 -1.00000 0.00000 0.00000 0.32000 0.01000 1 0 1.0
0 -0.09000 1.22795 0.09259 -1.00000 0.00000 0.00000 0.24559 0.01852 1 0 1.0
cl_lens
0 -0.09000 1.22795 0.09259 -1.00000 -0.00000 0.00000 0.24559 0.01852 1 0 1.0
0 -0.09000 0.88125 0.21747 -1.00000 -0.00000 0.00000 0.17625 0.04349 1 0 1.0
0 -0.09000 0.58353 0.41612 -1.00000 -0.00000 0.00000 0.11671 0.08322 1 0 1.0
cl_lens
0 -0.09000 0.58353 0.41612 -1.00000 0.00000 0.00000 0.11671 0.08322 1 0 1.0
0 -0.09000 0.35509 0.67500 -1.00000 0.00000 0.00000 0.07102 0.13500 1 0 1.0
0 -0.09000 0.21148 0.97648 -1.00000 0.00000 0.00000 0.04230 0.19530 1 0 1.0
cl_lens
0 -0.09000 0.21148 0.97648 -1.00000 0.00000 0.00000 0.04230 0.19530 1 0 1.0
0 -0.09000 0.16250 1.30000 -1.00000 0.00000 0.00000 0.03250 0.26000 1 0 1.0
0 -0.09000 0.21148 1.62352 -1.00000 0.00000 0.00000 0.04230 0.32470 1 0 1.0
cl_lens
0 -0.09000 0.21148 1.62352 -1.00000 -0.00000 0.00000 0.04230 0.32470 1 0 1.0
0 -0.09000 0.35509 1.92500 -1.00000 -0.00000 0.00000 0.07102 0.38500 1 0 1.0
0 -0.09000 0.58353 2.18388 -1.00000 -0.00000 0.00000 0.11671 0.43678 1 0 1.0
cl_lens
0 -0.09000 0.58353 2.18388 -1.00000 0.00000 0.00000 0.11671 0.43678 1 0 1.0
0 -0.09000 0.88125 2.38253 -1.00000 0.00000 0.00000 0.17625 0.47651 1 0 1.0
0 -0.09000 1.22795 2.50741 -1.00000 0.00000 0.00000 0.24559 0.50148 1 0 1.0
cl_lens
0 -0.09000 1.22795 2.50741 -1.00000 0.00000 0.00000 0.24559 0.50148 1 0 1.0
0 -0.09000 1.60000 2.55000 -1.00000 0.00000 0.00000 0.32000 0.51000 1 0 1.0
0 -0.09000 1.97205 2.50741 -1.00000 0.00000 0.00000 0.39441 0.50148 1 0 1.0
cl_lens
0 -0.09000 1.97205 2.50741 -1.00000 -0.00000 0.00000 0.39441 0.50148 1 0 1.0
0 -0.09000 2.31875 2.38253 -1.00000 -0.00000 0.00000 0.46375 0.47651 1 0 1.0
0 -0.09000 2.61647 2.18388 -1.00000 -0.00000 0.00000 0.52329 0.43678 1 0 1.0
cl_lens
0 -0.09000 2.61647 2.18388 -1.00000 0.00000 0.00000 0.52329 0.43678 1 0 1.0
0 -0.09000 2.84491 1.92500 -1.00000 0.00000 0.00000 0.56898 0.38500 1 0 1.0
0 -0.09000 2.98852 1.62352 -1.00000 0.00000 0.00000 0.59770 0.32470 1 0 1.0
cl_lens
0 -0.09000 2.98852 1.62352 -1.00000 -0.00000 0.00000 0.59770 0.32470 1 0 1.0
0 -0.09000 2.98852 0.97648 -1.00000 -0.00000 0.00000 0.59770 0.19530 1 0 1.0
0 -0.09000 2.61647 0.41612 -1.00000 -0.00000 0.00000 0.52329 0.08322 1 0 1.0
cl_lens
0 -0.09000 2.61647 0.41612 -1.00000 0.00000 0.00000 0.52329 0.08322 1 0 1.0
0 -0.09000 1.97205 0.09259 -1.00000 0.00000 0.00000 0.39441 0.01852 1 0 1.0
0 -0.09000 1.22795 0.09259 -1.00000 0.00000 0.00000 0.24559 0.01852 1 0 1.0
cl_lens
0 -0.09000 1.22795 0.09259 -1.00000 -0.00000 0.00000 0.24559 0.01852 1 0 1.0
0 -0.09000 0.58353 0.41612 -1.00000 -0.00000 0.00000 0.11671 0.08322 1 0 1.0
0 -0.09000 0.21148 0.97648 -1.00000 -0.00000 0.00000 0.04230 0.19530 1 0 1.0
cl_lens
0 -0.09000 0.21148 0.97648 -1.00000 -0.00000 0.00000 0.04230 0.19530 1 0 1.0
0 -0.09000 0.21148 1.62352 -1.00000 -0.00000 0.00000 0.04230 0.32470 1 0 1.0
0 -0.09000 0.58353 2.18388 -1.00000 -0.00000 0.00000 0.11671 0.43678 1 0 1.0
cl_lens
0 -0.09000 0.58353 2.18388 -1.00000 0.00000 0.00000 0.11671 0.43678 1 0 1.0
0 -0.09000 1.22795 2.50741 -1.00000 0.00000 0.00000 0.24559 0.50148 1 0 1.0
0 -0.09000 1.97205 2.50741 -1.00000 0.00000 0.00000 0.39441 0.50148 1 0 1.0
cl_lens
0 -0.09000 1.97205 2.50741 -1.00000 -0.00000 0.00000 0.39441 0.50148 1 0 1.0
0 -0.09000 2.61647 2.18388 -1.00000 -0.00000 0.00000 0.52329 0.43678 1 0 1.0
0 -0.09000 2.98852 1.62352 -1.00000 -0.00000 0.00000 0.59770 0.32470 1 0 1.0
cl_lens
0 -0.09000 2.98852 1.62352 -1.00000 0.00000 0.00000 0.59770 0.32470 1 0 1.0
0 -0.09000 2.61647 0.41612 -1.00000 0.00000 0.00000 0.52329 0.08322 1 0 1.0
0 -0.09000 1.22795 0.09259 -1.00000 0.00000 0.00000 0.24559 0.01852 1 0 1.0
cl_lens
0 -0.09000 1.22795 0.09259 -1.00000 0.00000 0.00000 0.24559 0.01852 1 0 1.0
0 -0.09000 0.21148 0.97648 -1.00000 0.00000 0.00000 0.04230 0.19530 1 0 1.0
0 -0.09000 0.58353 2.18388 -1.00000 0.00000 0.00000 0.11671 0.43678 1 0 1.0
cl_lens
0 -0.09000 0.58353 2.18388 -1.00000 0.00000 0.00000 0.11671 0.43678 1 0 1.0
0 -0.09000 1.97205 2.50741 -1.00000 0.00000 0.00000 0.39441 0.50148 1 0 1.0
0 -0.09000 2.98852 1.62352 -1.00000 0.00000 0.00000 0.59770 0.32470 1 0 1.0
cl_lens
0 -0.09000 1.22795 0.09259 -1.00000 0.00000 0.00000 0.24559 0.01852 1 0 1.0
0 -0.09000 0.58353 2.18388 -1.00000 0.00000 0.00000 0.11671 0.43678 1 0 1.0
0 -0.09000 2.98852 1.62352 -1.00000 0.00000 0.00000 0.59770 0.32470 1 0 1.0
end
