version 1
nodes
0 "root" -1
end
skeleton
time 0
0 0 0 0 0 0 0
end
triangles
cl_white
0 -3.05000 -3.55000 0.00000 -0.26387 -0.24929 -0.93179 -0.61000 -0.71000 1 0 1.0
0 -3.05000 -3.77470 0.06012 -0.26387 -0.24929 -0.93179 -0.61000 -0.75494 1 0 1.0
0 -3.26520 -3.76520 0.11852 -0.26387 -0.24929 -0.93179 -0.65304 -0.75304 1 0 1.0
cl_white
0 -3.05000 -3.55000 0.00000 -0.24929 -0.26387 -0.93179 -0.61000 -0.71000 1 0 1.0
0 -3.26520 -3.76520 0.11852 -0.24929 -0.26387 -0.93179 -0.65304 -0.75304 1 0 1.0
0 -3.27470 -3.55000 0.06012 -0.24929 -0.26387 -0.93179 -0.65494 -0.71000 1 0 1.0
cl_white
0 -3.05000 -3.77470 0.06012 -0.21778 -0.69013 -0.69014 -0.61000 -0.75494 1 0 1.0
0 -3.05000 -3.93988 0.22530 -0.21778 -0.69013 -0.69014 -0.61000 -0.78798 1 0 1.0
0 -3.26520 -3.88148 0.23480 -0.21778 -0.69013 -0.69014 -0.65304 -0.77630 1 0 1.0
cl_white
0 -3.05000 -3.77470 0.06012 -0.21778 -0.69013 -0.69014 -0.61000 -0.75494 1 0 1.0
0 -3.26520 -3.88148 0.23480 -0.21778 -0.69013 -0.69014 -0.65304 -0.77630 1 0 1.0
0 -3.26520 -3.76520 0.11852 -0.21778 -0.69013 -0.69014 -0.65304 -0.75304 1 0 1.0
cl_white
0 -3.05000 -4.00000 0.45000 -0.24929 -0.93179 -0.26387 -0.61000 0.09000 1 0 1.0
0 -3.27470 -3.93988 0.45000 -0.24929 -0.93179 -0.26387 -0.65494 0.09000 1 0 1.0
0 -3.26520 -3.88148 0.23480 -0.24929 -0.93179 -0.26387 -0.65304 0.04696 1 0 1.0
cl_white
0 -3.05000 -4.00000 0.45000 -0.26387 -0.93179 -0.24929 -0.61000 0.09000 1 0 1.0
0 -3.26520 -3.88148 0.23480 -0.26387 -0.93179 -0.24929 -0.65304 0.04696 1 0 1.0
0 -3.05000 -3.93988 0.22530 -0.26387 -0.93179 -0.24929 -0.61000 0.04506 1 0 1.0
cl_white
0 -3.27470 -3.93988 0.45000 -0.69014 -0.69014 -0.21778 -0.78798 0.09000 1 0 1.0
0 -3.43988 -3.77470 0.45000 -0.69014 -0.69014 -0.21778 -0.75494 0.09000 1 0 1.0
0 -3.38148 -3.76520 0.23480 -0.69014 -0.69014 -0.21778 -0.75304 0.04696 1 0 1.0
cl_white
0 -3.27470 -3.93988 0.45000 -0.69014 -0.69014 -0.21778 -0.78798 0.09000 1 0 1.0
0 -3.38148 -3.76520 0.23480 -0.69014 -0.69014 -0.21778 -0.75304 0.04696 1 0 1.0
0 -3.26520 -3.88148 0.23480 -0.69014 -0.69014 -0.21778 -0.77630 0.04696 1 0 1.0
cl_white
0 -3.50000 -3.55000 0.45000 -0.93179 -0.26387 -0.24929 -0.71000 0.09000 1 0 1.0
0 -3.43988 -3.55000 0.22530 -0.93179 -0.26387 -0.24929 -0.71000 0.04506 1 0 1.0
0 -3.38148 -3.76520 0.23480 -0.93179 -0.26387 -0.24929 -0.75304 0.04696 1 0 1.0
cl_white
0 -3.50000 -3.55000 0.45000 -0.93179 -0.24929 -0.26387 -0.71000 0.09000 1 0 1.0
0 -3.38148 -3.76520 0.23480 -0.93179 -0.24929 -0.26387 -0.75304 0.04696 1 0 1.0
0 -3.43988 -3.77470 0.45000 -0.93179 -0.24929 -0.26387 -0.75494 0.09000 1 0 1.0
cl_white
0 -3.43988 -3.55000 0.22530 -0.69013 -0.21778 -0.69014 -0.68798 -0.71000 1 0 1.0
0 -3.27470 -3.55000 0.06012 -0.69013 -0.21778 -0.69014 -0.65494 -0.71000 1 0 1.0
0 -3.26520 -3.76520 0.11852 -0.69013 -0.21778 -0.69014 -0.65304 -0.75304 1 0 1.0
cl_white
0 -3.43988 -3.55000 0.22530 -0.69013 -0.21778 -0.69014 -0.68798 -0.71000 1 0 1.0
0 -3.26520 -3.76520 0.11852 -0.69013 -0.21778 -0.69014 -0.65304 -0.75304 1 0 1.0
0 -3.38148 -3.76520 0.23480 -0.69013 -0.21778 -0.69014 -0.67630 -0.75304 1 0 1.0
cl_white
0 -3.26520 -3.76520 0.11852 -0.57735 -0.57735 -0.57735 -0.65304 -0.75304 1 0 1.0
0 -3.26520 -3.88148 0.23480 -0.57735 -0.57735 -0.57735 -0.65304 -0.77630 1 0 1.0
0 -3.38148 -3.76520 0.23480 -0.57735 -0.57735 -0.57735 -0.67630 -0.75304 1 0 1.0
cl_white
0 -3.05000 -4.00000 0.75000 -0.26387 -0.93179 0.24929 -0.61000 0.15000 1 0 1.0
0 -3.05000 -3.93988 0.97470 -0.26387 -0.93179 0.24929 -0.61000 0.19494 1 0 1.0
0 -3.26520 -3.88148 0.96520 -0.26387 -0.93179 0.24929 -0.65304 0.19304 1 0 1.0
cl_white
0 -3.05000 -4.00000 0.75000 -0.24929 -0.93179 0.26387 -0.61000 0.15000 1 0 1.0
0 -3.26520 -3.88148 0.96520 -0.24929 -0.93179 0.26387 -0.65304 0.19304 1 0 1.0
0 -3.27470 -3.93988 0.75000 -0.24929 -0.93179 0.26387 -0.65494 0.15000 1 0 1.0
cl_white
0 -3.05000 -3.93988 0.97470 -0.21778 -0.69013 0.69014 -0.61000 -0.78798 1 0 1.0
0 -3.05000 -3.77470 1.13988 -0.21778 -0.69013 0.69014 -0.61000 -0.75494 1 0 1.0
0 -3.26520 -3.76520 1.08148 -0.21778 -0.69013 0.69014 -0.65304 -0.75304 1 0 1.0
cl_white
0 -3.05000 -3.93988 0.97470 -0.21778 -0.69013 0.69014 -0.61000 -0.78798 1 0 1.0
0 -3.26520 -3.76520 1.08148 -0.21778 -0.69013 0.69014 -0.65304 -0.75304 1 0 1.0
0 -3.26520 -3.88148 0.96520 -0.21778 -0.69013 0.69014 -0.65304 -0.77630 1 0 1.0
cl_white
0 -3.05000 -3.55000 1.20000 -0.24929 -0.26387 0.93179 -0.61000 -0.71000 1 0 1.0
0 -3.27470 -3.55000 1.13988 -0.24929 -0.26387 0.93179 -0.65494 -0.71000 1 0 1.0
0 -3.26520 -3.76520 1.08148 -0.24929 -0.26387 0.93179 -0.65304 -0.75304 1 0 1.0
cl_white
0 -3.05000 -3.55000 1.20000 -0.26387 -0.24929 0.93179 -0.61000 -0.71000 1 0 1.0
0 -3.26520 -3.76520 1.08148 -0.26387 -0.24929 0.93179 -0.65304 -0.75304 1 0 1.0
0 -3.05000 -3.77470 1.13988 -0.26387 -0.24929 0.93179 -0.61000 -0.75494 1 0 1.0
cl_white
0 -3.27470 -3.55000 1.13988 -0.69013 -0.21778 0.69014 -0.65494 -0.71000 1 0 1.0
0 -3.43988 -3.55000 0.97470 -0.69013 -0.21778 0.69014 -0.68798 -0.71000 1 0 1.0
0 -3.38148 -3.76520 0.96520 -0.69013 -0.21778 0.69014 -0.67630 -0.75304 1 0 1.0
cl_white
0 -3.27470 -3.55000 1.13988 -0.69013 -0.21778 0.69014 -0.65494 -0.71000 1 0 1.0
0 -3.38148 -3.76520 0.96520 -0.69013 -0.21778 0.69014 -0.67630 -0.75304 1 0 1.0
0 -3.26520 -3.76520 1.08148 -0.69013 -0.21778 0.69014 -0.65304 -0.75304 1 0 1.0
cl_white
0 -3.50000 -3.55000 0.75000 -0.93179 -0.24929 0.26387 -0.71000 0.15000 1 0 1.0
0 -3.43988 -3.77470 0.75000 -0.93179 -0.24929 0.26387 -0.75494 0.15000 1 0 1.0
0 -3.38148 -3.76520 0.96520 -0.93179 -0.24929 0.26387 -0.75304 0.19304 1 0 1.0
cl_white
0 -3.50000 -3.55000 0.75000 -0.93179 -0.26387 0.24929 -0.71000 0.15000 1 0 1.0
0 -3.38148 -3.76520 0.96520 -0.93179 -0.26387 0.24929 -0.75304 0.19304 1 0 1.0
0 -3.43988 -3.55000 0.97470 -0.93179 -0.26387 0.24929 -0.71000 0.19494 1 0 1.0
cl_white
0 -3.43988 -3.77470 0.75000 -0.69014 -0.69014 0.21778 -0.75494 0.15000 1 0 1.0
0 -3.27470 -3.93988 0.75000 -0.69014 -0.69014 0.21778 -0.78798 0.15000 1 0 1.0
0 -3.26520 -3.88148 0.96520 -0.69014 -0.69014 0.21778 -0.77630 0.19304 1 0 1.0
cl_white
0 -3.43988 -3.77470 0.75000 -0.69014 -0.69014 0.21778 -0.75494 0.15000 1 0 1.0
0 -3.26520 -3.88148 0.96520 -0.69014 -0.69014 0.21778 -0.77630 0.19304 1 0 1.0
0 -3.38148 -3.76520 0.96520 -0.69014 -0.69014 0.21778 -0.75304 0.19304 1 0 1.0
cl_white
0 -3.26520 -3.88148 0.96520 -0.57735 -0.57735 0.57735 -0.65304 -0.77630 1 0 1.0
0 -3.26520 -3.76520 1.08148 -0.57735 -0.57735 0.57735 -0.65304 -0.75304 1 0 1.0
0 -3.38148 -3.76520 0.96520 -0.57735 -0.57735 0.57735 -0.67630 -0.75304 1 0 1.0
cl_white
0 -3.05000 3.55000 0.00000 -0.24929 0.26387 -0.93179 -0.61000 0.71000 1 0 1.0
0 -3.27470 3.55000 0.06012 -0.24929 0.26387 -0.93179 -0.65494 0.71000 1 0 1.0
0 -3.26520 3.76520 0.11852 -0.24929 0.26387 -0.93179 -0.65304 0.75304 1 0 1.0
cl_white
0 -3.05000 3.55000 0.00000 -0.26387 0.24929 -0.93179 -0.61000 0.71000 1 0 1.0
0 -3.26520 3.76520 0.11852 -0.26387 0.24929 -0.93179 -0.65304 0.75304 1 0 1.0
0 -3.05000 3.77470 0.06012 -0.26387 0.24929 -0.93179 -0.61000 0.75494 1 0 1.0
cl_white
0 -3.27470 3.55000 0.06012 -0.69013 0.21778 -0.69014 -0.65494 0.71000 1 0 1.0
0 -3.43988 3.55000 0.22530 -0.69013 0.21778 -0.69014 -0.68798 0.71000 1 0 1.0
0 -3.38148 3.76520 0.23480 -0.69013 0.21778 -0.69014 -0.67630 0.75304 1 0 1.0
cl_white
0 -3.27470 3.55000 0.06012 -0.69013 0.21778 -0.69014 -0.65494 0.71000 1 0 1.0
0 -3.38148 3.76520 0.23480 -0.69013 0.21778 -0.69014 -0.67630 0.75304 1 0 1.0
0 -3.26520 3.76520 0.11852 -0.69013 0.21778 -0.69014 -0.65304 0.75304 1 0 1.0
cl_white
0 -3.50000 3.55000 0.45000 -0.93179 0.24929 -0.26387 0.71000 0.09000 1 0 1.0
0 -3.43988 3.77470 0.45000 -0.93179 0.24929 -0.26387 0.75494 0.09000 1 0 1.0
0 -3.38148 3.76520 0.23480 -0.93179 0.24929 -0.26387 0.75304 0.04696 1 0 1.0
cl_white
0 -3.50000 3.55000 0.45000 -0.93179 0.26387 -0.24929 0.71000 0.09000 1 0 1.0
0 -3.38148 3.76520 0.23480 -0.93179 0.26387 -0.24929 0.75304 0.04696 1 0 1.0
0 -3.43988 3.55000 0.22530 -0.93179 0.26387 -0.24929 0.71000 0.04506 1 0 1.0
cl_white
0 -3.43988 3.77470 0.45000 -0.69014 0.69014 -0.21778 0.75494 0.09000 1 0 1.0
0 -3.27470 3.93988 0.45000 -0.69014 0.69014 -0.21778 0.78798 0.09000 1 0 1.0
0 -3.26520 3.88148 0.23480 -0.69014 0.69014 -0.21778 0.77630 0.04696 1 0 1.0
cl_white
0 -3.43988 3.77470 0.45000 -0.69014 0.69014 -0.21778 0.75494 0.09000 1 0 1.0
0 -3.26520 3.88148 0.23480 -0.69014 0.69014 -0.21778 0.77630 0.04696 1 0 1.0
0 -3.38148 3.76520 0.23480 -0.69014 0.69014 -0.21778 0.75304 0.04696 1 0 1.0
cl_white
0 -3.05000 4.00000 0.45000 -0.26387 0.93179 -0.24929 -0.61000 0.09000 1 0 1.0
0 -3.05000 3.93988 0.22530 -0.26387 0.93179 -0.24929 -0.61000 0.04506 1 0 1.0
0 -3.26520 3.88148 0.23480 -0.26387 0.93179 -0.24929 -0.65304 0.04696 1 0 1.0
cl_white
0 -3.05000 4.00000 0.45000 -0.24929 0.93179 -0.26387 -0.61000 0.09000 1 0 1.0
0 -3.26520 3.88148 0.23480 -0.24929 0.93179 -0.26387 -0.65304 0.04696 1 0 1.0
0 -3.27470 3.93988 0.45000 -0.24929 0.93179 -0.26387 -0.65494 0.09000 1 0 1.0
cl_white
0 -3.05000 3.93988 0.22530 -0.21778 0.69013 -0.69014 -0.61000 0.78798 1 0 1.0
0 -3.05000 3.77470 0.06012 -0.21778 0.69013 -0.69014 -0.61000 0.75494 1 0 1.0
0 -3.26520 3.76520 0.11852 -0.21778 0.69013 -0.69014 -0.65304 0.75304 1 0 1.0
cl_white
0 -3.05000 3.93988 0.22530 -0.21778 0.69013 -0.69014 -0.61000 0.78798 1 0 1.0
0 -3.26520 3.76520 0.11852 -0.21778 0.69013 -0.69014 -0.65304 0.75304 1 0 1.0
0 -3.26520 3.88148 0.23480 -0.21778 0.69013 -0.69014 -0.65304 0.77630 1 0 1.0
cl_white
0 -3.26520 3.76520 0.11852 -0.57735 0.57735 -0.57735 -0.65304 0.75304 1 0 1.0
0 -3.38148 3.76520 0.23480 -0.57735 0.57735 -0.57735 -0.67630 0.75304 1 0 1.0
0 -3.26520 3.88148 0.23480 -0.57735 0.57735 -0.57735 -0.65304 0.77630 1 0 1.0
cl_white
0 -3.05000 3.55000 1.20000 -0.26387 0.24929 0.93179 -0.61000 0.71000 1 0 1.0
0 -3.05000 3.77470 1.13988 -0.26387 0.24929 0.93179 -0.61000 0.75494 1 0 1.0
0 -3.26520 3.76520 1.08148 -0.26387 0.24929 0.93179 -0.65304 0.75304 1 0 1.0
cl_white
0 -3.05000 3.55000 1.20000 -0.24929 0.26387 0.93179 -0.61000 0.71000 1 0 1.0
0 -3.26520 3.76520 1.08148 -0.24929 0.26387 0.93179 -0.65304 0.75304 1 0 1.0
0 -3.27470 3.55000 1.13988 -0.24929 0.26387 0.93179 -0.65494 0.71000 1 0 1.0
cl_white
0 -3.05000 3.77470 1.13988 -0.21778 0.69013 0.69014 -0.61000 0.75494 1 0 1.0
0 -3.05000 3.93988 0.97470 -0.21778 0.69013 0.69014 -0.61000 0.78798 1 0 1.0
0 -3.26520 3.88148 0.96520 -0.21778 0.69013 0.69014 -0.65304 0.77630 1 0 1.0
cl_white
0 -3.05000 3.77470 1.13988 -0.21778 0.69013 0.69014 -0.61000 0.75494 1 0 1.0
0 -3.26520 3.88148 0.96520 -0.21778 0.69013 0.69014 -0.65304 0.77630 1 0 1.0
0 -3.26520 3.76520 1.08148 -0.21778 0.69013 0.69014 -0.65304 0.75304 1 0 1.0
cl_white
0 -3.05000 4.00000 0.75000 -0.24929 0.93179 0.26387 -0.61000 0.15000 1 0 1.0
0 -3.27470 3.93988 0.75000 -0.24929 0.93179 0.26387 -0.65494 0.15000 1 0 1.0
0 -3.26520 3.88148 0.96520 -0.24929 0.93179 0.26387 -0.65304 0.19304 1 0 1.0
cl_white
0 -3.05000 4.00000 0.75000 -0.26387 0.93179 0.24929 -0.61000 0.15000 1 0 1.0
0 -3.26520 3.88148 0.96520 -0.26387 0.93179 0.24929 -0.65304 0.19304 1 0 1.0
0 -3.05000 3.93988 0.97470 -0.26387 0.93179 0.24929 -0.61000 0.19494 1 0 1.0
cl_white
0 -3.27470 3.93988 0.75000 -0.69014 0.69014 0.21778 0.78798 0.15000 1 0 1.0
0 -3.43988 3.77470 0.75000 -0.69014 0.69014 0.21778 0.75494 0.15000 1 0 1.0
0 -3.38148 3.76520 0.96520 -0.69014 0.69014 0.21778 0.75304 0.19304 1 0 1.0
cl_white
0 -3.27470 3.93988 0.75000 -0.69014 0.69014 0.21778 0.78798 0.15000 1 0 1.0
0 -3.38148 3.76520 0.96520 -0.69014 0.69014 0.21778 0.75304 0.19304 1 0 1.0
0 -3.26520 3.88148 0.96520 -0.69014 0.69014 0.21778 0.77630 0.19304 1 0 1.0
cl_white
0 -3.50000 3.55000 0.75000 -0.93179 0.26387 0.24929 0.71000 0.15000 1 0 1.0
0 -3.43988 3.55000 0.97470 -0.93179 0.26387 0.24929 0.71000 0.19494 1 0 1.0
0 -3.38148 3.76520 0.96520 -0.93179 0.26387 0.24929 0.75304 0.19304 1 0 1.0
cl_white
0 -3.50000 3.55000 0.75000 -0.93179 0.24929 0.26387 0.71000 0.15000 1 0 1.0
0 -3.38148 3.76520 0.96520 -0.93179 0.24929 0.26387 0.75304 0.19304 1 0 1.0
0 -3.43988 3.77470 0.75000 -0.93179 0.24929 0.26387 0.75494 0.15000 1 0 1.0
cl_white
0 -3.43988 3.55000 0.97470 -0.69013 0.21778 0.69014 -0.68798 0.71000 1 0 1.0
0 -3.27470 3.55000 1.13988 -0.69013 0.21778 0.69014 -0.65494 0.71000 1 0 1.0
0 -3.26520 3.76520 1.08148 -0.69013 0.21778 0.69014 -0.65304 0.75304 1 0 1.0
cl_white
0 -3.43988 3.55000 0.97470 -0.69013 0.21778 0.69014 -0.68798 0.71000 1 0 1.0
0 -3.26520 3.76520 1.08148 -0.69013 0.21778 0.69014 -0.65304 0.75304 1 0 1.0
0 -3.38148 3.76520 0.96520 -0.69013 0.21778 0.69014 -0.67630 0.75304 1 0 1.0
cl_white
0 -3.26520 3.76520 1.08148 -0.57735 0.57735 0.57735 -0.65304 0.75304 1 0 1.0
0 -3.26520 3.88148 0.96520 -0.57735 0.57735 0.57735 -0.65304 0.77630 1 0 1.0
0 -3.38148 3.76520 0.96520 -0.57735 0.57735 0.57735 -0.67630 0.75304 1 0 1.0
cl_white
0 3.05000 -3.55000 0.00000 0.24929 -0.26387 -0.93179 0.61000 -0.71000 1 0 1.0
0 3.27470 -3.55000 0.06012 0.24929 -0.26387 -0.93179 0.65494 -0.71000 1 0 1.0
0 3.26520 -3.76520 0.11852 0.24929 -0.26387 -0.93179 0.65304 -0.75304 1 0 1.0
cl_white
0 3.05000 -3.55000 0.00000 0.26387 -0.24929 -0.93179 0.61000 -0.71000 1 0 1.0
0 3.26520 -3.76520 0.11852 0.26387 -0.24929 -0.93179 0.65304 -0.75304 1 0 1.0
0 3.05000 -3.77470 0.06012 0.26387 -0.24929 -0.93179 0.61000 -0.75494 1 0 1.0
cl_white
0 3.27470 -3.55000 0.06012 0.69013 -0.21778 -0.69014 0.65494 -0.71000 1 0 1.0
0 3.43988 -3.55000 0.22530 0.69013 -0.21778 -0.69014 0.68798 -0.71000 1 0 1.0
0 3.38148 -3.76520 0.23480 0.69013 -0.21778 -0.69014 0.67630 -0.75304 1 0 1.0
cl_white
0 3.27470 -3.55000 0.06012 0.69013 -0.21778 -0.69014 0.65494 -0.71000 1 0 1.0
0 3.38148 -3.76520 0.23480 0.69013 -0.21778 -0.69014 0.67630 -0.75304 1 0 1.0
0 3.26520 -3.76520 0.11852 0.69013 -0.21778 -0.69014 0.65304 -0.75304 1 0 1.0
cl_white
0 3.50000 -3.55000 0.45000 0.93179 -0.24929 -0.26387 -0.71000 0.09000 1 0 1.0
0 3.43988 -3.77470 0.45000 0.93179 -0.24929 -0.26387 -0.75494 0.09000 1 0 1.0
0 3.38148 -3.76520 0.23480 0.93179 -0.24929 -0.26387 -0.75304 0.04696 1 0 1.0
cl_white
0 3.50000 -3.55000 0.45000 0.93179 -0.26387 -0.24929 -0.71000 0.09000 1 0 1.0
0 3.38148 -3.76520 0.23480 0.93179 -0.26387 -0.24929 -0.75304 0.04696 1 0 1.0
0 3.43988 -3.55000 0.22530 0.93179 -0.26387 -0.24929 -0.71000 0.04506 1 0 1.0
cl_white
0 3.43988 -3.77470 0.45000 0.69014 -0.69014 -0.21778 -0.75494 0.09000 1 0 1.0
0 3.27470 -3.93988 0.45000 0.69014 -0.69014 -0.21778 -0.78798 0.09000 1 0 1.0
0 3.26520 -3.88148 0.23480 0.69014 -0.69014 -0.21778 -0.77630 0.04696 1 0 1.0
cl_white
0 3.43988 -3.77470 0.45000 0.69014 -0.69014 -0.21778 -0.75494 0.09000 1 0 1.0
0 3.26520 -3.88148 0.23480 0.69014 -0.69014 -0.21778 -0.77630 0.04696 1 0 1.0
0 3.38148 -3.76520 0.23480 0.69014 -0.69014 -0.21778 -0.75304 0.04696 1 0 1.0
cl_white
0 3.05000 -4.00000 0.45000 0.26387 -0.93179 -0.24929 0.61000 0.09000 1 0 1.0
0 3.05000 -3.93988 0.22530 0.26387 -0.93179 -0.24929 0.61000 0.04506 1 0 1.0
0 3.26520 -3.88148 0.23480 0.26387 -0.93179 -0.24929 0.65304 0.04696 1 0 1.0
cl_white
0 3.05000 -4.00000 0.45000 0.24929 -0.93179 -0.26387 0.61000 0.09000 1 0 1.0
0 3.26520 -3.88148 0.23480 0.24929 -0.93179 -0.26387 0.65304 0.04696 1 0 1.0
0 3.27470 -3.93988 0.45000 0.24929 -0.93179 -0.26387 0.65494 0.09000 1 0 1.0
cl_white
0 3.05000 -3.93988 0.22530 0.21778 -0.69013 -0.69014 0.61000 -0.78798 1 0 1.0
0 3.05000 -3.77470 0.06012 0.21778 -0.69013 -0.69014 0.61000 -0.75494 1 0 1.0
0 3.26520 -3.76520 0.11852 0.21778 -0.69013 -0.69014 0.65304 -0.75304 1 0 1.0
cl_white
0 3.05000 -3.93988 0.22530 0.21778 -0.69013 -0.69014 0.61000 -0.78798 1 0 1.0
0 3.26520 -3.76520 0.11852 0.21778 -0.69013 -0.69014 0.65304 -0.75304 1 0 1.0
0 3.26520 -3.88148 0.23480 0.21778 -0.69013 -0.69014 0.65304 -0.77630 1 0 1.0
cl_white
0 3.26520 -3.76520 0.11852 0.57735 -0.57735 -0.57735 0.65304 -0.75304 1 0 1.0
0 3.38148 -3.76520 0.23480 0.57735 -0.57735 -0.57735 0.67630 -0.75304 1 0 1.0
0 3.26520 -3.88148 0.23480 0.57735 -0.57735 -0.57735 0.65304 -0.77630 1 0 1.0
cl_white
0 3.05000 -3.55000 1.20000 0.26387 -0.24929 0.93179 0.61000 -0.71000 1 0 1.0
0 3.05000 -3.77470 1.13988 0.26387 -0.24929 0.93179 0.61000 -0.75494 1 0 1.0
0 3.26520 -3.76520 1.08148 0.26387 -0.24929 0.93179 0.65304 -0.75304 1 0 1.0
cl_white
0 3.05000 -3.55000 1.20000 0.24929 -0.26387 0.93179 0.61000 -0.71000 1 0 1.0
0 3.26520 -3.76520 1.08148 0.24929 -0.26387 0.93179 0.65304 -0.75304 1 0 1.0
0 3.27470 -3.55000 1.13988 0.24929 -0.26387 0.93179 0.65494 -0.71000 1 0 1.0
cl_white
0 3.05000 -3.77470 1.13988 0.21778 -0.69013 0.69014 0.61000 -0.75494 1 0 1.0
0 3.05000 -3.93988 0.97470 0.21778 -0.69013 0.69014 0.61000 -0.78798 1 0 1.0
0 3.26520 -3.88148 0.96520 0.21778 -0.69013 0.69014 0.65304 -0.77630 1 0 1.0
cl_white
0 3.05000 -3.77470 1.13988 0.21778 -0.69013 0.69014 0.61000 -0.75494 1 0 1.0
0 3.26520 -3.88148 0.96520 0.21778 -0.69013 0.69014 0.65304 -0.77630 1 0 1.0
0 3.26520 -3.76520 1.08148 0.21778 -0.69013 0.69014 0.65304 -0.75304 1 0 1.0
cl_white
0 3.05000 -4.00000 0.75000 0.24929 -0.93179 0.26387 0.61000 0.15000 1 0 1.0
0 3.27470 -3.93988 0.75000 0.24929 -0.93179 0.26387 0.65494 0.15000 1 0 1.0
0 3.26520 -3.88148 0.96520 0.24929 -0.93179 0.26387 0.65304 0.19304 1 0 1.0
cl_white
0 3.05000 -4.00000 0.75000 0.26387 -0.93179 0.24929 0.61000 0.15000 1 0 1.0
0 3.26520 -3.88148 0.96520 0.26387 -0.93179 0.24929 0.65304 0.19304 1 0 1.0
0 3.05000 -3.93988 0.97470 0.26387 -0.93179 0.24929 0.61000 0.19494 1 0 1.0
cl_white
0 3.27470 -3.93988 0.75000 0.69014 -0.69014 0.21778 -0.78798 0.15000 1 0 1.0
0 3.43988 -3.77470 0.75000 0.69014 -0.69014 0.21778 -0.75494 0.15000 1 0 1.0
0 3.38148 -3.76520 0.96520 0.69014 -0.69014 0.21778 -0.75304 0.19304 1 0 1.0
cl_white
0 3.27470 -3.93988 0.75000 0.69014 -0.69014 0.21778 -0.78798 0.15000 1 0 1.0
0 3.38148 -3.76520 0.96520 0.69014 -0.69014 0.21778 -0.75304 0.19304 1 0 1.0
0 3.26520 -3.88148 0.96520 0.69014 -0.69014 0.21778 -0.77630 0.19304 1 0 1.0
cl_white
0 3.50000 -3.55000 0.75000 0.93179 -0.26387 0.24929 -0.71000 0.15000 1 0 1.0
0 3.43988 -3.55000 0.97470 0.93179 -0.26387 0.24929 -0.71000 0.19494 1 0 1.0
0 3.38148 -3.76520 0.96520 0.93179 -0.26387 0.24929 -0.75304 0.19304 1 0 1.0
cl_white
0 3.50000 -3.55000 0.75000 0.93179 -0.24929 0.26387 -0.71000 0.15000 1 0 1.0
0 3.38148 -3.76520 0.96520 0.93179 -0.24929 0.26387 -0.75304 0.19304 1 0 1.0
0 3.43988 -3.77470 0.75000 0.93179 -0.24929 0.26387 -0.75494 0.15000 1 0 1.0
cl_white
0 3.43988 -3.55000 0.97470 0.69013 -0.21778 0.69014 0.68798 -0.71000 1 0 1.0
0 3.27470 -3.55000 1.13988 0.69013 -0.21778 0.69014 0.65494 -0.71000 1 0 1.0
0 3.26520 -3.76520 1.08148 0.69013 -0.21778 0.69014 0.65304 -0.75304 1 0 1.0
cl_white
0 3.43988 -3.55000 0.97470 0.69013 -0.21778 0.69014 0.68798 -0.71000 1 0 1.0
0 3.26520 -3.76520 1.08148 0.69013 -0.21778 0.69014 0.65304 -0.75304 1 0 1.0
0 3.38148 -3.76520 0.96520 0.69013 -0.21778 0.69014 0.67630 -0.75304 1 0 1.0
cl_white
0 3.26520 -3.76520 1.08148 0.57735 -0.57735 0.57735 0.65304 -0.75304 1 0 1.0
0 3.26520 -3.88148 0.96520 0.57735 -0.57735 0.57735 0.65304 -0.77630 1 0 1.0
0 3.38148 -3.76520 0.96520 0.57735 -0.57735 0.57735 0.67630 -0.75304 1 0 1.0
cl_white
0 3.05000 3.55000 0.00000 0.26387 0.24929 -0.93179 0.61000 0.71000 1 0 1.0
0 3.05000 3.77470 0.06012 0.26387 0.24929 -0.93179 0.61000 0.75494 1 0 1.0
0 3.26520 3.76520 0.11852 0.26387 0.24929 -0.93179 0.65304 0.75304 1 0 1.0
cl_white
0 3.05000 3.55000 0.00000 0.24929 0.26387 -0.93179 0.61000 0.71000 1 0 1.0
0 3.26520 3.76520 0.11852 0.24929 0.26387 -0.93179 0.65304 0.75304 1 0 1.0
0 3.27470 3.55000 0.06012 0.24929 0.26387 -0.93179 0.65494 0.71000 1 0 1.0
cl_white
0 3.05000 3.77470 0.06012 0.21778 0.69013 -0.69014 0.61000 0.75494 1 0 1.0
0 3.05000 3.93988 0.22530 0.21778 0.69013 -0.69014 0.61000 0.78798 1 0 1.0
0 3.26520 3.88148 0.23480 0.21778 0.69013 -0.69014 0.65304 0.77630 1 0 1.0
cl_white
0 3.05000 3.77470 0.06012 0.21778 0.69013 -0.69014 0.61000 0.75494 1 0 1.0
0 3.26520 3.88148 0.23480 0.21778 0.69013 -0.69014 0.65304 0.77630 1 0 1.0
0 3.26520 3.76520 0.11852 0.21778 0.69013 -0.69014 0.65304 0.75304 1 0 1.0
cl_white
0 3.05000 4.00000 0.45000 0.24929 0.93179 -0.26387 0.61000 0.09000 1 0 1.0
0 3.27470 3.93988 0.45000 0.24929 0.93179 -0.26387 0.65494 0.09000 1 0 1.0
0 3.26520 3.88148 0.23480 0.24929 0.93179 -0.26387 0.65304 0.04696 1 0 1.0
cl_white
0 3.05000 4.00000 0.45000 0.26387 0.93179 -0.24929 0.61000 0.09000 1 0 1.0
0 3.26520 3.88148 0.23480 0.26387 0.93179 -0.24929 0.65304 0.04696 1 0 1.0
0 3.05000 3.93988 0.22530 0.26387 0.93179 -0.24929 0.61000 0.04506 1 0 1.0
cl_white
0 3.27470 3.93988 0.45000 0.69014 0.69014 -0.21778 0.78798 0.09000 1 0 1.0
0 3.43988 3.77470 0.45000 0.69014 0.69014 -0.21778 0.75494 0.09000 1 0 1.0
0 3.38148 3.76520 0.23480 0.69014 0.69014 -0.21778 0.75304 0.04696 1 0 1.0
cl_white
0 3.27470 3.93988 0.45000 0.69014 0.69014 -0.21778 0.78798 0.09000 1 0 1.0
0 3.38148 3.76520 0.23480 0.69014 0.69014 -0.21778 0.75304 0.04696 1 0 1.0
0 3.26520 3.88148 0.23480 0.69014 0.69014 -0.21778 0.77630 0.04696 1 0 1.0
cl_white
0 3.50000 3.55000 0.45000 0.93179 0.26387 -0.24929 0.71000 0.09000 1 0 1.0
0 3.43988 3.55000 0.22530 0.93179 0.26387 -0.24929 0.71000 0.04506 1 0 1.0
0 3.38148 3.76520 0.23480 0.93179 0.26387 -0.24929 0.75304 0.04696 1 0 1.0
cl_white
0 3.50000 3.55000 0.45000 0.93179 0.24929 -0.26387 0.71000 0.09000 1 0 1.0
0 3.38148 3.76520 0.23480 0.93179 0.24929 -0.26387 0.75304 0.04696 1 0 1.0
0 3.43988 3.77470 0.45000 0.93179 0.24929 -0.26387 0.75494 0.09000 1 0 1.0
cl_white
0 3.43988 3.55000 0.22530 0.69013 0.21778 -0.69014 0.68798 0.71000 1 0 1.0
0 3.27470 3.55000 0.06012 0.69013 0.21778 -0.69014 0.65494 0.71000 1 0 1.0
0 3.26520 3.76520 0.11852 0.69013 0.21778 -0.69014 0.65304 0.75304 1 0 1.0
cl_white
0 3.43988 3.55000 0.22530 0.69013 0.21778 -0.69014 0.68798 0.71000 1 0 1.0
0 3.26520 3.76520 0.11852 0.69013 0.21778 -0.69014 0.65304 0.75304 1 0 1.0
0 3.38148 3.76520 0.23480 0.69013 0.21778 -0.69014 0.67630 0.75304 1 0 1.0
cl_white
0 3.26520 3.76520 0.11852 0.57735 0.57735 -0.57735 0.65304 0.75304 1 0 1.0
0 3.26520 3.88148 0.23480 0.57735 0.57735 -0.57735 0.65304 0.77630 1 0 1.0
0 3.38148 3.76520 0.23480 0.57735 0.57735 -0.57735 0.67630 0.75304 1 0 1.0
cl_white
0 3.05000 3.55000 1.20000 0.24929 0.26387 0.93179 0.61000 0.71000 1 0 1.0
0 3.27470 3.55000 1.13988 0.24929 0.26387 0.93179 0.65494 0.71000 1 0 1.0
0 3.26520 3.76520 1.08148 0.24929 0.26387 0.93179 0.65304 0.75304 1 0 1.0
cl_white
0 3.05000 3.55000 1.20000 0.26387 0.24929 0.93179 0.61000 0.71000 1 0 1.0
0 3.26520 3.76520 1.08148 0.26387 0.24929 0.93179 0.65304 0.75304 1 0 1.0
0 3.05000 3.77470 1.13988 0.26387 0.24929 0.93179 0.61000 0.75494 1 0 1.0
cl_white
0 3.27470 3.55000 1.13988 0.69013 0.21778 0.69014 0.65494 0.71000 1 0 1.0
0 3.43988 3.55000 0.97470 0.69013 0.21778 0.69014 0.68798 0.71000 1 0 1.0
0 3.38148 3.76520 0.96520 0.69013 0.21778 0.69014 0.67630 0.75304 1 0 1.0
cl_white
0 3.27470 3.55000 1.13988 0.69013 0.21778 0.69014 0.65494 0.71000 1 0 1.0
0 3.38148 3.76520 0.96520 0.69013 0.21778 0.69014 0.67630 0.75304 1 0 1.0
0 3.26520 3.76520 1.08148 0.69013 0.21778 0.69014 0.65304 0.75304 1 0 1.0
cl_white
0 3.50000 3.55000 0.75000 0.93179 0.24929 0.26387 0.71000 0.15000 1 0 1.0
0 3.43988 3.77470 0.75000 0.93179 0.24929 0.26387 0.75494 0.15000 1 0 1.0
0 3.38148 3.76520 0.96520 0.93179 0.24929 0.26387 0.75304 0.19304 1 0 1.0
cl_white
0 3.50000 3.55000 0.75000 0.93179 0.26387 0.24929 0.71000 0.15000 1 0 1.0
0 3.38148 3.76520 0.96520 0.93179 0.26387 0.24929 0.75304 0.19304 1 0 1.0
0 3.43988 3.55000 0.97470 0.93179 0.26387 0.24929 0.71000 0.19494 1 0 1.0
cl_white
0 3.43988 3.77470 0.75000 0.69014 0.69014 0.21778 0.75494 0.15000 1 0 1.0
0 3.27470 3.93988 0.75000 0.69014 0.69014 0.21778 0.78798 0.15000 1 0 1.0
0 3.26520 3.88148 0.96520 0.69014 0.69014 0.21778 0.77630 0.19304 1 0 1.0
cl_white
0 3.43988 3.77470 0.75000 0.69014 0.69014 0.21778 0.75494 0.15000 1 0 1.0
0 3.26520 3.88148 0.96520 0.69014 0.69014 0.21778 0.77630 0.19304 1 0 1.0
0 3.38148 3.76520 0.96520 0.69014 0.69014 0.21778 0.75304 0.19304 1 0 1.0
cl_white
0 3.05000 4.00000 0.75000 0.26387 0.93179 0.24929 0.61000 0.15000 1 0 1.0
0 3.05000 3.93988 0.97470 0.26387 0.93179 0.24929 0.61000 0.19494 1 0 1.0
0 3.26520 3.88148 0.96520 0.26387 0.93179 0.24929 0.65304 0.19304 1 0 1.0
cl_white
0 3.05000 4.00000 0.75000 0.24929 0.93179 0.26387 0.61000 0.15000 1 0 1.0
0 3.26520 3.88148 0.96520 0.24929 0.93179 0.26387 0.65304 0.19304 1 0 1.0
0 3.27470 3.93988 0.75000 0.24929 0.93179 0.26387 0.65494 0.15000 1 0 1.0
cl_white
0 3.05000 3.93988 0.97470 0.21778 0.69013 0.69014 0.61000 0.78798 1 0 1.0
0 3.05000 3.77470 1.13988 0.21778 0.69013 0.69014 0.61000 0.75494 1 0 1.0
0 3.26520 3.76520 1.08148 0.21778 0.69013 0.69014 0.65304 0.75304 1 0 1.0
cl_white
0 3.05000 3.93988 0.97470 0.21778 0.69013 0.69014 0.61000 0.78798 1 0 1.0
0 3.26520 3.76520 1.08148 0.21778 0.69013 0.69014 0.65304 0.75304 1 0 1.0
0 3.26520 3.88148 0.96520 0.21778 0.69013 0.69014 0.65304 0.77630 1 0 1.0
cl_white
0 3.26520 3.76520 1.08148 0.57735 0.57735 0.57735 0.65304 0.75304 1 0 1.0
0 3.38148 3.76520 0.96520 0.57735 0.57735 0.57735 0.67630 0.75304 1 0 1.0
0 3.26520 3.88148 0.96520 0.57735 0.57735 0.57735 0.65304 0.77630 1 0 1.0
cl_white
0 -3.05000 3.55000 0.00000 -0.25845 0.00000 -0.96602 -0.61000 0.71000 1 0 1.0
0 -3.05000 -3.55000 0.00000 -0.25845 0.00000 -0.96602 -0.61000 -0.71000 1 0 1.0
0 -3.27470 -3.55000 0.06012 -0.25845 0.00000 -0.96602 -0.65494 -0.71000 1 0 1.0
cl_white
0 -3.05000 3.55000 0.00000 -0.25845 0.00000 -0.96602 -0.61000 0.71000 1 0 1.0
0 -3.27470 -3.55000 0.06012 -0.25845 0.00000 -0.96602 -0.65494 -0.71000 1 0 1.0
0 -3.27470 3.55000 0.06012 -0.25845 0.00000 -0.96602 -0.65494 0.71000 1 0 1.0
cl_white
0 -3.27470 3.55000 0.06012 -0.70711 0.00000 -0.70711 -0.65494 0.71000 1 0 1.0
0 -3.27470 -3.55000 0.06012 -0.70711 0.00000 -0.70711 -0.65494 -0.71000 1 0 1.0
0 -3.43988 -3.55000 0.22530 -0.70711 0.00000 -0.70711 -0.68798 -0.71000 1 0 1.0
cl_white
0 -3.27470 3.55000 0.06012 -0.70711 0.00000 -0.70711 -0.65494 0.71000 1 0 1.0
0 -3.43988 -3.55000 0.22530 -0.70711 0.00000 -0.70711 -0.68798 -0.71000 1 0 1.0
0 -3.43988 3.55000 0.22530 -0.70711 0.00000 -0.70711 -0.68798 0.71000 1 0 1.0
cl_white
0 -3.43988 3.55000 0.22530 -0.96602 0.00000 -0.25845 0.71000 0.04506 1 0 1.0
0 -3.43988 -3.55000 0.22530 -0.96602 0.00000 -0.25845 -0.71000 0.04506 1 0 1.0
0 -3.50000 -3.55000 0.45000 -0.96602 0.00000 -0.25845 -0.71000 0.09000 1 0 1.0
cl_white
0 -3.43988 3.55000 0.22530 -0.96602 -0.00000 -0.25845 0.71000 0.04506 1 0 1.0
0 -3.50000 -3.55000 0.45000 -0.96602 -0.00000 -0.25845 -0.71000 0.09000 1 0 1.0
0 -3.50000 3.55000 0.45000 -0.96602 -0.00000 -0.25845 0.71000 0.09000 1 0 1.0
cl_white
0 -3.05000 -4.00000 0.45000 -0.25845 -0.96602 0.00000 -0.61000 0.09000 1 0 1.0
0 -3.05000 -4.00000 0.75000 -0.25845 -0.96602 0.00000 -0.61000 0.15000 1 0 1.0
0 -3.27470 -3.93988 0.75000 -0.25845 -0.96602 0.00000 -0.65494 0.15000 1 0 1.0
cl_white
0 -3.05000 -4.00000 0.45000 -0.25845 -0.96602 0.00000 -0.61000 0.09000 1 0 1.0
0 -3.27470 -3.93988 0.75000 -0.25845 -0.96602 0.00000 -0.65494 0.15000 1 0 1.0
0 -3.27470 -3.93988 0.45000 -0.25845 -0.96602 0.00000 -0.65494 0.09000 1 0 1.0
cl_white
0 -3.27470 -3.93988 0.45000 -0.70711 -0.70711 0.00000 -0.78798 0.09000 1 0 1.0
0 -3.27470 -3.93988 0.75000 -0.70711 -0.70711 0.00000 -0.78798 0.15000 1 0 1.0
0 -3.43988 -3.77470 0.75000 -0.70711 -0.70711 0.00000 -0.75494 0.15000 1 0 1.0
cl_white
0 -3.27470 -3.93988 0.45000 -0.70711 -0.70711 0.00000 -0.78798 0.09000 1 0 1.0
0 -3.43988 -3.77470 0.75000 -0.70711 -0.70711 0.00000 -0.75494 0.15000 1 0 1.0
0 -3.43988 -3.77470 0.45000 -0.70711 -0.70711 0.00000 -0.75494 0.09000 1 0 1.0
cl_white
0 -3.43988 -3.77470 0.45000 -0.96602 -0.25845 0.00000 -0.75494 0.09000 1 0 1.0
0 -3.43988 -3.77470 0.75000 -0.96602 -0.25845 0.00000 -0.75494 0.15000 1 0 1.0
0 -3.50000 -3.55000 0.75000 -0.96602 -0.25845 0.00000 -0.71000 0.15000 1 0 1.0
cl_white
0 -3.43988 -3.77470 0.45000 -0.96602 -0.25845 0.00000 -0.75494 0.09000 1 0 1.0
0 -3.50000 -3.55000 0.75000 -0.96602 -0.25845 0.00000 -0.71000 0.15000 1 0 1.0
0 -3.50000 -3.55000 0.45000 -0.96602 -0.25845 0.00000 -0.71000 0.09000 1 0 1.0
cl_white
0 -3.05000 -3.55000 1.20000 -0.25845 0.00000 0.96602 -0.61000 -0.71000 1 0 1.0
0 -3.05000 3.55000 1.20000 -0.25845 0.00000 0.96602 -0.61000 0.71000 1 0 1.0
0 -3.27470 3.55000 1.13988 -0.25845 0.00000 0.96602 -0.65494 0.71000 1 0 1.0
cl_white
0 -3.05000 -3.55000 1.20000 -0.25845 0.00000 0.96602 -0.61000 -0.71000 1 0 1.0
0 -3.27470 3.55000 1.13988 -0.25845 0.00000 0.96602 -0.65494 0.71000 1 0 1.0
0 -3.27470 -3.55000 1.13988 -0.25845 0.00000 0.96602 -0.65494 -0.71000 1 0 1.0
cl_white
0 -3.27470 -3.55000 1.13988 -0.70711 0.00000 0.70711 -0.65494 -0.71000 1 0 1.0
0 -3.27470 3.55000 1.13988 -0.70711 0.00000 0.70711 -0.65494 0.71000 1 0 1.0
0 -3.43988 3.55000 0.97470 -0.70711 0.00000 0.70711 -0.68798 0.71000 1 0 1.0
cl_white
0 -3.27470 -3.55000 1.13988 -0.70711 0.00000 0.70711 -0.65494 -0.71000 1 0 1.0
0 -3.43988 3.55000 0.97470 -0.70711 0.00000 0.70711 -0.68798 0.71000 1 0 1.0
0 -3.43988 -3.55000 0.97470 -0.70711 0.00000 0.70711 -0.68798 -0.71000 1 0 1.0
cl_white
0 -3.43988 -3.55000 0.97470 -0.96602 0.00000 0.25845 -0.71000 0.19494 1 0 1.0
0 -3.43988 3.55000 0.97470 -0.96602 0.00000 0.25845 0.71000 0.19494 1 0 1.0
0 -3.50000 3.55000 0.75000 -0.96602 0.00000 0.25845 0.71000 0.15000 1 0 1.0
cl_white
0 -3.43988 -3.55000 0.97470 -0.96602 0.00000 0.25845 -0.71000 0.19494 1 0 1.0
0 -3.50000 3.55000 0.75000 -0.96602 0.00000 0.25845 0.71000 0.15000 1 0 1.0
0 -3.50000 -3.55000 0.75000 -0.96602 0.00000 0.25845 -0.71000 0.15000 1 0 1.0
cl_white
0 -3.05000 4.00000 0.75000 -0.25845 0.96602 0.00000 -0.61000 0.15000 1 0 1.0
0 -3.05000 4.00000 0.45000 -0.25845 0.96602 0.00000 -0.61000 0.09000 1 0 1.0
0 -3.27470 3.93988 0.45000 -0.25845 0.96602 0.00000 -0.65494 0.09000 1 0 1.0
cl_white
0 -3.05000 4.00000 0.75000 -0.25845 0.96602 0.00000 -0.61000 0.15000 1 0 1.0
0 -3.27470 3.93988 0.45000 -0.25845 0.96602 0.00000 -0.65494 0.09000 1 0 1.0
0 -3.27470 3.93988 0.75000 -0.25845 0.96602 0.00000 -0.65494 0.15000 1 0 1.0
cl_white
0 -3.27470 3.93988 0.75000 -0.70711 0.70711 0.00000 0.78798 0.15000 1 0 1.0
0 -3.27470 3.93988 0.45000 -0.70711 0.70711 0.00000 0.78798 0.09000 1 0 1.0
0 -3.43988 3.77470 0.45000 -0.70711 0.70711 0.00000 0.75494 0.09000 1 0 1.0
cl_white
0 -3.27470 3.93988 0.75000 -0.70711 0.70711 0.00000 0.78798 0.15000 1 0 1.0
0 -3.43988 3.77470 0.45000 -0.70711 0.70711 0.00000 0.75494 0.09000 1 0 1.0
0 -3.43988 3.77470 0.75000 -0.70711 0.70711 0.00000 0.75494 0.15000 1 0 1.0
cl_white
0 -3.43988 3.77470 0.75000 -0.96602 0.25845 0.00000 0.75494 0.15000 1 0 1.0
0 -3.43988 3.77470 0.45000 -0.96602 0.25845 0.00000 0.75494 0.09000 1 0 1.0
0 -3.50000 3.55000 0.45000 -0.96602 0.25845 0.00000 0.71000 0.09000 1 0 1.0
cl_white
0 -3.43988 3.77470 0.75000 -0.96602 0.25845 0.00000 0.75494 0.15000 1 0 1.0
0 -3.50000 3.55000 0.45000 -0.96602 0.25845 0.00000 0.71000 0.09000 1 0 1.0
0 -3.50000 3.55000 0.75000 -0.96602 0.25845 0.00000 0.71000 0.15000 1 0 1.0
cl_white
0 3.05000 3.55000 0.00000 0.00000 0.25845 -0.96602 0.61000 0.71000 1 0 1.0
0 -3.05000 3.55000 0.00000 0.00000 0.25845 -0.96602 -0.61000 0.71000 1 0 1.0
0 -3.05000 3.77470 0.06012 0.00000 0.25845 -0.96602 -0.61000 0.75494 1 0 1.0
cl_white
0 3.05000 3.55000 0.00000 0.00000 0.25845 -0.96602 0.61000 0.71000 1 0 1.0
0 -3.05000 3.77470 0.06012 0.00000 0.25845 -0.96602 -0.61000 0.75494 1 0 1.0
0 3.05000 3.77470 0.06012 0.00000 0.25845 -0.96602 0.61000 0.75494 1 0 1.0
cl_white
0 3.05000 3.77470 0.06012 0.00000 0.70711 -0.70711 0.61000 0.75494 1 0 1.0
0 -3.05000 3.77470 0.06012 0.00000 0.70711 -0.70711 -0.61000 0.75494 1 0 1.0
0 -3.05000 3.93988 0.22530 0.00000 0.70711 -0.70711 -0.61000 0.78798 1 0 1.0
cl_white
0 3.05000 3.77470 0.06012 0.00000 0.70711 -0.70711 0.61000 0.75494 1 0 1.0
0 -3.05000 3.93988 0.22530 0.00000 0.70711 -0.70711 -0.61000 0.78798 1 0 1.0
0 3.05000 3.93988 0.22530 0.00000 0.70711 -0.70711 0.61000 0.78798 1 0 1.0
cl_white
0 3.05000 3.93988 0.22530 0.00000 0.96602 -0.25845 0.61000 0.04506 1 0 1.0
0 -3.05000 3.93988 0.22530 0.00000 0.96602 -0.25845 -0.61000 0.04506 1 0 1.0
0 -3.05000 4.00000 0.45000 0.00000 0.96602 -0.25845 -0.61000 0.09000 1 0 1.0
cl_white
0 3.05000 3.93988 0.22530 0.00000 0.96602 -0.25845 0.61000 0.04506 1 0 1.0
0 -3.05000 4.00000 0.45000 0.00000 0.96602 -0.25845 -0.61000 0.09000 1 0 1.0
0 3.05000 4.00000 0.45000 0.00000 0.96602 -0.25845 0.61000 0.09000 1 0 1.0
cl_white
0 -3.05000 3.55000 1.20000 0.00000 0.25845 0.96602 -0.61000 0.71000 1 0 1.0
0 3.05000 3.55000 1.20000 0.00000 0.25845 0.96602 0.61000 0.71000 1 0 1.0
0 3.05000 3.77470 1.13988 0.00000 0.25845 0.96602 0.61000 0.75494 1 0 1.0
cl_white
0 -3.05000 3.55000 1.20000 0.00000 0.25845 0.96602 -0.61000 0.71000 1 0 1.0
0 3.05000 3.77470 1.13988 0.00000 0.25845 0.96602 0.61000 0.75494 1 0 1.0
0 -3.05000 3.77470 1.13988 0.00000 0.25845 0.96602 -0.61000 0.75494 1 0 1.0
cl_white
0 -3.05000 3.77470 1.13988 0.00000 0.70711 0.70711 -0.61000 0.75494 1 0 1.0
0 3.05000 3.77470 1.13988 0.00000 0.70711 0.70711 0.61000 0.75494 1 0 1.0
0 3.05000 3.93988 0.97470 0.00000 0.70711 0.70711 0.61000 0.78798 1 0 1.0
cl_white
0 -3.05000 3.77470 1.13988 0.00000 0.70711 0.70711 -0.61000 0.75494 1 0 1.0
0 3.05000 3.93988 0.97470 0.00000 0.70711 0.70711 0.61000 0.78798 1 0 1.0
0 -3.05000 3.93988 0.97470 0.00000 0.70711 0.70711 -0.61000 0.78798 1 0 1.0
cl_white
0 -3.05000 3.93988 0.97470 0.00000 0.96602 0.25845 -0.61000 0.19494 1 0 1.0
0 3.05000 3.93988 0.97470 0.00000 0.96602 0.25845 0.61000 0.19494 1 0 1.0
0 3.05000 4.00000 0.75000 0.00000 0.96602 0.25845 0.61000 0.15000 1 0 1.0
cl_white
0 -3.05000 3.93988 0.97470 -0.00000 0.96602 0.25845 -0.61000 0.19494 1 0 1.0
0 3.05000 4.00000 0.75000 -0.00000 0.96602 0.25845 0.61000 0.15000 1 0 1.0
0 -3.05000 4.00000 0.75000 -0.00000 0.96602 0.25845 -0.61000 0.15000 1 0 1.0
cl_white
0 3.50000 3.55000 0.75000 0.96602 0.25845 0.00000 0.71000 0.15000 1 0 1.0
0 3.50000 3.55000 0.45000 0.96602 0.25845 0.00000 0.71000 0.09000 1 0 1.0
0 3.43988 3.77470 0.45000 0.96602 0.25845 0.00000 0.75494 0.09000 1 0 1.0
cl_white
0 3.50000 3.55000 0.75000 0.96602 0.25845 0.00000 0.71000 0.15000 1 0 1.0
0 3.43988 3.77470 0.45000 0.96602 0.25845 0.00000 0.75494 0.09000 1 0 1.0
0 3.43988 3.77470 0.75000 0.96602 0.25845 0.00000 0.75494 0.15000 1 0 1.0
cl_white
0 3.43988 3.77470 0.75000 0.70711 0.70711 0.00000 0.75494 0.15000 1 0 1.0
0 3.43988 3.77470 0.45000 0.70711 0.70711 0.00000 0.75494 0.09000 1 0 1.0
0 3.27470 3.93988 0.45000 0.70711 0.70711 0.00000 0.78798 0.09000 1 0 1.0
cl_white
0 3.43988 3.77470 0.75000 0.70711 0.70711 0.00000 0.75494 0.15000 1 0 1.0
0 3.27470 3.93988 0.45000 0.70711 0.70711 0.00000 0.78798 0.09000 1 0 1.0
0 3.27470 3.93988 0.75000 0.70711 0.70711 0.00000 0.78798 0.15000 1 0 1.0
cl_white
0 3.27470 3.93988 0.75000 0.25845 0.96602 0.00000 0.65494 0.15000 1 0 1.0
0 3.27470 3.93988 0.45000 0.25845 0.96602 0.00000 0.65494 0.09000 1 0 1.0
0 3.05000 4.00000 0.45000 0.25845 0.96602 0.00000 0.61000 0.09000 1 0 1.0
cl_white
0 3.27470 3.93988 0.75000 0.25845 0.96602 0.00000 0.65494 0.15000 1 0 1.0
0 3.05000 4.00000 0.45000 0.25845 0.96602 0.00000 0.61000 0.09000 1 0 1.0
0 3.05000 4.00000 0.75000 0.25845 0.96602 0.00000 0.61000 0.15000 1 0 1.0
cl_white
0 3.05000 -3.55000 0.00000 0.25845 0.00000 -0.96602 0.61000 -0.71000 1 0 1.0
0 3.05000 3.55000 0.00000 0.25845 0.00000 -0.96602 0.61000 0.71000 1 0 1.0
0 3.27470 3.55000 0.06012 0.25845 0.00000 -0.96602 0.65494 0.71000 1 0 1.0
cl_white
0 3.05000 -3.55000 0.00000 0.25845 0.00000 -0.96602 0.61000 -0.71000 1 0 1.0
0 3.27470 3.55000 0.06012 0.25845 0.00000 -0.96602 0.65494 0.71000 1 0 1.0
0 3.27470 -3.55000 0.06012 0.25845 0.00000 -0.96602 0.65494 -0.71000 1 0 1.0
cl_white
0 3.27470 -3.55000 0.06012 0.70711 0.00000 -0.70711 0.65494 -0.71000 1 0 1.0
0 3.27470 3.55000 0.06012 0.70711 0.00000 -0.70711 0.65494 0.71000 1 0 1.0
0 3.43988 3.55000 0.22530 0.70711 0.00000 -0.70711 0.68798 0.71000 1 0 1.0
cl_white
0 3.27470 -3.55000 0.06012 0.70711 0.00000 -0.70711 0.65494 -0.71000 1 0 1.0
0 3.43988 3.55000 0.22530 0.70711 0.00000 -0.70711 0.68798 0.71000 1 0 1.0
0 3.43988 -3.55000 0.22530 0.70711 0.00000 -0.70711 0.68798 -0.71000 1 0 1.0
cl_white
0 3.43988 -3.55000 0.22530 0.96602 0.00000 -0.25845 -0.71000 0.04506 1 0 1.0
0 3.43988 3.55000 0.22530 0.96602 0.00000 -0.25845 0.71000 0.04506 1 0 1.0
0 3.50000 3.55000 0.45000 0.96602 0.00000 -0.25845 0.71000 0.09000 1 0 1.0
cl_white
0 3.43988 -3.55000 0.22530 0.96602 0.00000 -0.25845 -0.71000 0.04506 1 0 1.0
0 3.50000 3.55000 0.45000 0.96602 0.00000 -0.25845 0.71000 0.09000 1 0 1.0
0 3.50000 -3.55000 0.45000 0.96602 0.00000 -0.25845 -0.71000 0.09000 1 0 1.0
cl_white
0 3.05000 3.55000 1.20000 0.25845 0.00000 0.96602 0.61000 0.71000 1 0 1.0
0 3.05000 -3.55000 1.20000 0.25845 0.00000 0.96602 0.61000 -0.71000 1 0 1.0
0 3.27470 -3.55000 1.13988 0.25845 0.00000 0.96602 0.65494 -0.71000 1 0 1.0
cl_white
0 3.05000 3.55000 1.20000 0.25845 0.00000 0.96602 0.61000 0.71000 1 0 1.0
0 3.27470 -3.55000 1.13988 0.25845 0.00000 0.96602 0.65494 -0.71000 1 0 1.0
0 3.27470 3.55000 1.13988 0.25845 0.00000 0.96602 0.65494 0.71000 1 0 1.0
cl_white
0 3.27470 3.55000 1.13988 0.70711 0.00000 0.70711 0.65494 0.71000 1 0 1.0
0 3.27470 -3.55000 1.13988 0.70711 0.00000 0.70711 0.65494 -0.71000 1 0 1.0
0 3.43988 -3.55000 0.97470 0.70711 0.00000 0.70711 0.68798 -0.71000 1 0 1.0
cl_white
0 3.27470 3.55000 1.13988 0.70711 0.00000 0.70711 0.65494 0.71000 1 0 1.0
0 3.43988 -3.55000 0.97470 0.70711 0.00000 0.70711 0.68798 -0.71000 1 0 1.0
0 3.43988 3.55000 0.97470 0.70711 0.00000 0.70711 0.68798 0.71000 1 0 1.0
cl_white
0 3.43988 3.55000 0.97470 0.96602 0.00000 0.25845 0.71000 0.19494 1 0 1.0
0 3.43988 -3.55000 0.97470 0.96602 0.00000 0.25845 -0.71000 0.19494 1 0 1.0
0 3.50000 -3.55000 0.75000 0.96602 0.00000 0.25845 -0.71000 0.15000 1 0 1.0
cl_white
0 3.43988 3.55000 0.97470 0.96602 -0.00000 0.25845 0.71000 0.19494 1 0 1.0
0 3.50000 -3.55000 0.75000 0.96602 -0.00000 0.25845 -0.71000 0.15000 1 0 1.0
0 3.50000 3.55000 0.75000 0.96602 -0.00000 0.25845 0.71000 0.15000 1 0 1.0
cl_white
0 3.05000 -4.00000 0.75000 0.25845 -0.96602 0.00000 0.61000 0.15000 1 0 1.0
0 3.05000 -4.00000 0.45000 0.25845 -0.96602 0.00000 0.61000 0.09000 1 0 1.0
0 3.27470 -3.93988 0.45000 0.25845 -0.96602 0.00000 0.65494 0.09000 1 0 1.0
cl_white
0 3.05000 -4.00000 0.75000 0.25845 -0.96602 0.00000 0.61000 0.15000 1 0 1.0
0 3.27470 -3.93988 0.45000 0.25845 -0.96602 0.00000 0.65494 0.09000 1 0 1.0
0 3.27470 -3.93988 0.75000 0.25845 -0.96602 0.00000 0.65494 0.15000 1 0 1.0
cl_white
0 3.27470 -3.93988 0.75000 0.70711 -0.70711 0.00000 -0.78798 0.15000 1 0 1.0
0 3.27470 -3.93988 0.45000 0.70711 -0.70711 0.00000 -0.78798 0.09000 1 0 1.0
0 3.43988 -3.77470 0.45000 0.70711 -0.70711 0.00000 -0.75494 0.09000 1 0 1.0
cl_white
0 3.27470 -3.93988 0.75000 0.70711 -0.70711 0.00000 -0.78798 0.15000 1 0 1.0
0 3.43988 -3.77470 0.45000 0.70711 -0.70711 0.00000 -0.75494 0.09000 1 0 1.0
0 3.43988 -3.77470 0.75000 0.70711 -0.70711 0.00000 -0.75494 0.15000 1 0 1.0
cl_white
0 3.43988 -3.77470 0.75000 0.96602 -0.25845 0.00000 -0.75494 0.15000 1 0 1.0
0 3.43988 -3.77470 0.45000 0.96602 -0.25845 0.00000 -0.75494 0.09000 1 0 1.0
0 3.50000 -3.55000 0.45000 0.96602 -0.25845 0.00000 -0.71000 0.09000 1 0 1.0
cl_white
0 3.43988 -3.77470 0.75000 0.96602 -0.25845 0.00000 -0.75494 0.15000 1 0 1.0
0 3.50000 -3.55000 0.45000 0.96602 -0.25845 0.00000 -0.71000 0.09000 1 0 1.0
0 3.50000 -3.55000 0.75000 0.96602 -0.25845 0.00000 -0.71000 0.15000 1 0 1.0
cl_white
0 -3.05000 -3.55000 0.00000 0.00000 -0.25845 -0.96602 -0.61000 -0.71000 1 0 1.0
0 3.05000 -3.55000 0.00000 0.00000 -0.25845 -0.96602 0.61000 -0.71000 1 0 1.0
0 3.05000 -3.77470 0.06012 0.00000 -0.25845 -0.96602 0.61000 -0.75494 1 0 1.0
cl_white
0 -3.05000 -3.55000 0.00000 0.00000 -0.25845 -0.96602 -0.61000 -0.71000 1 0 1.0
0 3.05000 -3.77470 0.06012 0.00000 -0.25845 -0.96602 0.61000 -0.75494 1 0 1.0
0 -3.05000 -3.77470 0.06012 0.00000 -0.25845 -0.96602 -0.61000 -0.75494 1 0 1.0
cl_white
0 -3.05000 -3.77470 0.06012 0.00000 -0.70711 -0.70711 -0.61000 -0.75494 1 0 1.0
0 3.05000 -3.77470 0.06012 0.00000 -0.70711 -0.70711 0.61000 -0.75494 1 0 1.0
0 3.05000 -3.93988 0.22530 0.00000 -0.70711 -0.70711 0.61000 -0.78798 1 0 1.0
cl_white
0 -3.05000 -3.77470 0.06012 0.00000 -0.70711 -0.70711 -0.61000 -0.75494 1 0 1.0
0 3.05000 -3.93988 0.22530 0.00000 -0.70711 -0.70711 0.61000 -0.78798 1 0 1.0
0 -3.05000 -3.93988 0.22530 0.00000 -0.70711 -0.70711 -0.61000 -0.78798 1 0 1.0
cl_white
0 -3.05000 -3.93988 0.22530 0.00000 -0.96602 -0.25845 -0.61000 0.04506 1 0 1.0
0 3.05000 -3.93988 0.22530 0.00000 -0.96602 -0.25845 0.61000 0.04506 1 0 1.0
0 3.05000 -4.00000 0.45000 0.00000 -0.96602 -0.25845 0.61000 0.09000 1 0 1.0
cl_white
0 -3.05000 -3.93988 0.22530 -0.00000 -0.96602 -0.25845 -0.61000 0.04506 1 0 1.0
0 3.05000 -4.00000 0.45000 -0.00000 -0.96602 -0.25845 0.61000 0.09000 1 0 1.0
0 -3.05000 -4.00000 0.45000 -0.00000 -0.96602 -0.25845 -0.61000 0.09000 1 0 1.0
cl_white
0 3.05000 -3.55000 1.20000 0.00000 -0.25845 0.96602 0.61000 -0.71000 1 0 1.0
0 -3.05000 -3.55000 1.20000 0.00000 -0.25845 0.96602 -0.61000 -0.71000 1 0 1.0
0 -3.05000 -3.77470 1.13988 0.00000 -0.25845 0.96602 -0.61000 -0.75494 1 0 1.0
cl_white
0 3.05000 -3.55000 1.20000 0.00000 -0.25845 0.96602 0.61000 -0.71000 1 0 1.0
0 -3.05000 -3.77470 1.13988 0.00000 -0.25845 0.96602 -0.61000 -0.75494 1 0 1.0
0 3.05000 -3.77470 1.13988 0.00000 -0.25845 0.96602 0.61000 -0.75494 1 0 1.0
cl_white
0 3.05000 -3.77470 1.13988 0.00000 -0.70711 0.70711 0.61000 -0.75494 1 0 1.0
0 -3.05000 -3.77470 1.13988 0.00000 -0.70711 0.70711 -0.61000 -0.75494 1 0 1.0
0 -3.05000 -3.93988 0.97470 0.00000 -0.70711 0.70711 -0.61000 -0.78798 1 0 1.0
cl_white
0 3.05000 -3.77470 1.13988 0.00000 -0.70711 0.70711 0.61000 -0.75494 1 0 1.0
0 -3.05000 -3.93988 0.97470 0.00000 -0.70711 0.70711 -0.61000 -0.78798 1 0 1.0
0 3.05000 -3.93988 0.97470 0.00000 -0.70711 0.70711 0.61000 -0.78798 1 0 1.0
cl_white
0 3.05000 -3.93988 0.97470 0.00000 -0.96602 0.25845 0.61000 0.19494 1 0 1.0
0 -3.05000 -3.93988 0.97470 0.00000 -0.96602 0.25845 -0.61000 0.19494 1 0 1.0
0 -3.05000 -4.00000 0.75000 0.00000 -0.96602 0.25845 -0.61000 0.15000 1 0 1.0
cl_white
0 3.05000 -3.93988 0.97470 0.00000 -0.96602 0.25845 0.61000 0.19494 1 0 1.0
0 -3.05000 -4.00000 0.75000 0.00000 -0.96602 0.25845 -0.61000 0.15000 1 0 1.0
0 3.05000 -4.00000 0.75000 0.00000 -0.96602 0.25845 0.61000 0.15000 1 0 1.0
cl_white
0 -3.05000 3.55000 0.00000 0.00000 0.00000 -1.00000 -0.61000 0.71000 1 0 1.0
0 3.05000 3.55000 0.00000 0.00000 0.00000 -1.00000 0.61000 0.71000 1 0 1.0
0 3.05000 -3.55000 0.00000 0.00000 0.00000 -1.00000 0.61000 -0.71000 1 0 1.0
cl_white
0 -3.05000 3.55000 0.00000 0.00000 0.00000 -1.00000 -0.61000 0.71000 1 0 1.0
0 3.05000 -3.55000 0.00000 0.00000 0.00000 -1.00000 0.61000 -0.71000 1 0 1.0
0 -3.05000 -3.55000 0.00000 0.00000 0.00000 -1.00000 -0.61000 -0.71000 1 0 1.0
cl_white
0 -3.50000 -3.55000 0.45000 -1.00000 0.00000 0.00000 -0.71000 0.09000 1 0 1.0
0 -3.50000 -3.55000 0.75000 -1.00000 0.00000 0.00000 -0.71000 0.15000 1 0 1.0
0 -3.50000 3.55000 0.75000 -1.00000 0.00000 0.00000 0.71000 0.15000 1 0 1.0
cl_white
0 -3.50000 -3.55000 0.45000 -1.00000 0.00000 0.00000 -0.71000 0.09000 1 0 1.0
0 -3.50000 3.55000 0.75000 -1.00000 0.00000 0.00000 0.71000 0.15000 1 0 1.0
0 -3.50000 3.55000 0.45000 -1.00000 0.00000 0.00000 0.71000 0.09000 1 0 1.0
cl_white
0 3.05000 -4.00000 0.45000 0.00000 -1.00000 0.00000 0.61000 0.09000 1 0 1.0
0 3.05000 -4.00000 0.75000 0.00000 -1.00000 0.00000 0.61000 0.15000 1 0 1.0
0 -3.05000 -4.00000 0.75000 0.00000 -1.00000 0.00000 -0.61000 0.15000 1 0 1.0
cl_white
0 3.05000 -4.00000 0.45000 0.00000 -1.00000 0.00000 0.61000 0.09000 1 0 1.0
0 -3.05000 -4.00000 0.75000 0.00000 -1.00000 0.00000 -0.61000 0.15000 1 0 1.0
0 -3.05000 -4.00000 0.45000 0.00000 -1.00000 0.00000 -0.61000 0.09000 1 0 1.0
cl_white
0 3.05000 3.55000 1.20000 0.00000 0.00000 1.00000 0.61000 0.71000 1 0 1.0
0 -3.05000 3.55000 1.20000 0.00000 0.00000 1.00000 -0.61000 0.71000 1 0 1.0
0 -3.05000 -3.55000 1.20000 0.00000 0.00000 1.00000 -0.61000 -0.71000 1 0 1.0
cl_white
0 3.05000 3.55000 1.20000 0.00000 0.00000 1.00000 0.61000 0.71000 1 0 1.0
0 -3.05000 -3.55000 1.20000 0.00000 0.00000 1.00000 -0.61000 -0.71000 1 0 1.0
0 3.05000 -3.55000 1.20000 0.00000 0.00000 1.00000 0.61000 -0.71000 1 0 1.0
cl_white
0 -3.05000 4.00000 0.45000 0.00000 1.00000 0.00000 -0.61000 0.09000 1 0 1.0
0 -3.05000 4.00000 0.75000 0.00000 1.00000 0.00000 -0.61000 0.15000 1 0 1.0
0 3.05000 4.00000 0.75000 0.00000 1.00000 0.00000 0.61000 0.15000 1 0 1.0
cl_white
0 -3.05000 4.00000 0.45000 0.00000 1.00000 0.00000 -0.61000 0.09000 1 0 1.0
0 3.05000 4.00000 0.75000 0.00000 1.00000 0.00000 0.61000 0.15000 1 0 1.0
0 3.05000 4.00000 0.45000 0.00000 1.00000 0.00000 0.61000 0.09000 1 0 1.0
cl_white
0 3.50000 3.55000 0.45000 1.00000 0.00000 0.00000 0.71000 0.09000 1 0 1.0
0 3.50000 3.55000 0.75000 1.00000 0.00000 0.00000 0.71000 0.15000 1 0 1.0
0 3.50000 -3.55000 0.75000 1.00000 0.00000 0.00000 -0.71000 0.15000 1 0 1.0
cl_white
0 3.50000 3.55000 0.45000 1.00000 0.00000 0.00000 0.71000 0.09000 1 0 1.0
0 3.50000 -3.55000 0.75000 1.00000 0.00000 0.00000 -0.71000 0.15000 1 0 1.0
0 3.50000 -3.55000 0.45000 1.00000 0.00000 0.00000 -0.71000 0.09000 1 0 1.0
cl_white
0 2.57201 1.54843 1.25000 -0.09137 0.77655 0.62339 0.51440 0.25000 1 0 1.0
0 2.25509 1.51114 1.25000 -0.09137 0.77655 0.62339 0.45102 0.25000 1 0 1.0
0 2.28291 1.38927 1.40588 -0.09137 0.77655 0.62339 0.45658 0.28118 1 0 1.0
cl_white
0 2.57201 1.54843 1.25000 -0.08935 0.77502 0.62559 0.51440 0.25000 1 0 1.0
0 2.28291 1.38927 1.40588 -0.08935 0.77502 0.62559 0.45658 0.28118 1 0 1.0
0 2.58600 1.42421 1.40588 -0.08935 0.77502 0.62559 0.51720 0.28118 1 0 1.0
cl_white
0 2.58600 1.42421 1.40588 0.00000 0.00000 1.00000 0.51720 0.28484 1 0 1.0
0 2.28291 1.38927 1.40588 0.00000 0.00000 1.00000 0.45658 0.27785 1 0 1.0
0 2.33854 1.14554 1.40588 0.00000 0.00000 1.00000 0.46771 0.22911 1 0 1.0
cl_white
0 2.58600 1.42421 1.40588 0.00000 0.00000 1.00000 0.51720 0.28484 1 0 1.0
0 2.33854 1.14554 1.40588 0.00000 0.00000 1.00000 0.46771 0.22911 1 0 1.0
0 2.61400 1.17579 1.40588 0.00000 0.00000 1.00000 0.52280 0.23516 1 0 1.0
cl_white
0 2.61400 1.17579 1.40588 0.08537 -0.77750 0.62306 0.52280 0.28118 1 0 1.0
0 2.33854 1.14554 1.40588 0.08537 -0.77750 0.62306 0.46771 0.28118 1 0 1.0
0 2.36635 1.02367 1.25000 0.08537 -0.77750 0.62306 0.47327 0.25000 1 0 1.0
cl_white
0 2.61400 1.17579 1.40588 0.08272 -0.77576 0.62558 0.52280 0.28118 1 0 1.0
0 2.36635 1.02367 1.25000 0.08272 -0.77576 0.62558 0.47327 0.25000 1 0 1.0
0 2.62799 1.05157 1.25000 0.08272 -0.77576 0.62558 0.52560 0.25000 1 0 1.0
cl_white
0 2.62799 1.05157 1.25000 0.08294 -0.77788 -0.62292 0.52560 0.25000 1 0 1.0
0 2.36635 1.02367 1.25000 0.08294 -0.77788 -0.62292 0.47327 0.25000 1 0 1.0
0 2.33854 1.14554 1.09412 0.08294 -0.77788 -0.62292 0.46771 0.21882 1 0 1.0
cl_white
0 2.62799 1.05157 1.25000 0.08515 -0.77550 -0.62559 0.52560 0.25000 1 0 1.0
0 2.33854 1.14554 1.09412 0.08515 -0.77550 -0.62559 0.46771 0.21882 1 0 1.0
0 2.61400 1.17579 1.09412 0.08515 -0.77550 -0.62559 0.52280 0.21882 1 0 1.0
cl_white
0 2.61400 1.17579 1.09412 0.00000 0.00000 -1.00000 0.52280 0.23516 1 0 1.0
0 2.33854 1.14554 1.09412 0.00000 0.00000 -1.00000 0.46771 0.22911 1 0 1.0
0 2.28291 1.38927 1.09412 0.00000 0.00000 -1.00000 0.45658 0.27785 1 0 1.0
cl_white
0 2.61400 1.17579 1.09412 0.00000 0.00000 -1.00000 0.52280 0.23516 1 0 1.0
0 2.28291 1.38927 1.09412 0.00000 0.00000 -1.00000 0.45658 0.27785 1 0 1.0
0 2.58600 1.42421 1.09412 0.00000 0.00000 -1.00000 0.51720 0.28484 1 0 1.0
cl_white
0 2.58600 1.42421 1.09412 -0.08956 0.77684 -0.62329 0.51720 0.21882 1 0 1.0
0 2.28291 1.38927 1.09412 -0.08956 0.77684 -0.62329 0.45658 0.21882 1 0 1.0
0 2.25509 1.51114 1.25000 -0.08956 0.77684 -0.62329 0.45102 0.25000 1 0 1.0
cl_white
0 2.58600 1.42421 1.09412 -0.09117 0.77481 -0.62558 0.51720 0.21882 1 0 1.0
0 2.25509 1.51114 1.25000 -0.09117 0.77481 -0.62558 0.45102 0.25000 1 0 1.0
0 2.57201 1.54843 1.25000 -0.09117 0.77481 -0.62558 0.51440 0.25000 1 0 1.0
cl_white
0 2.25509 1.51114 1.25000 -0.25830 0.73819 0.62318 0.45102 0.25000 1 0 1.0
0 1.92748 1.39650 1.25000 -0.25830 0.73819 0.62318 0.38550 0.25000 1 0 1.0
0 1.98172 1.28388 1.40588 -0.25830 0.73819 0.62318 0.39634 0.28118 1 0 1.0
cl_white
0 2.25509 1.51114 1.25000 -0.25830 0.73819 0.62318 0.45102 0.25000 1 0 1.0
0 1.98172 1.28388 1.40588 -0.25830 0.73819 0.62318 0.39634 0.28118 1 0 1.0
0 2.28291 1.38927 1.40588 -0.25830 0.73819 0.62318 0.45658 0.28118 1 0 1.0
cl_white
0 2.28291 1.38927 1.40588 0.00000 0.00000 1.00000 0.45658 0.27785 1 0 1.0
0 1.98172 1.28388 1.40588 0.00000 0.00000 1.00000 0.39634 0.25678 1 0 1.0
0 2.09019 1.05864 1.40588 0.00000 0.00000 1.00000 0.41804 0.21173 1 0 1.0
cl_white
0 2.28291 1.38927 1.40588 0.00000 0.00000 1.00000 0.45658 0.27785 1 0 1.0
0 2.09019 1.05864 1.40588 0.00000 0.00000 1.00000 0.41804 0.21173 1 0 1.0
0 2.33854 1.14554 1.40588 0.00000 0.00000 1.00000 0.46771 0.22911 1 0 1.0
cl_white
0 2.33854 1.14554 1.40588 0.25830 -0.73819 0.62318 0.46771 0.28118 1 0 1.0
0 2.09019 1.05864 1.40588 0.25830 -0.73819 0.62318 0.41804 0.28118 1 0 1.0
0 2.14442 0.94602 1.25000 0.25830 -0.73819 0.62318 0.42888 0.25000 1 0 1.0
cl_white
0 2.33854 1.14554 1.40588 0.25830 -0.73819 0.62318 0.46771 0.28118 1 0 1.0
0 2.14442 0.94602 1.25000 0.25830 -0.73819 0.62318 0.42888 0.25000 1 0 1.0
0 2.36635 1.02367 1.25000 0.25830 -0.73819 0.62318 0.47327 0.25000 1 0 1.0
cl_white
0 2.36635 1.02367 1.25000 0.25830 -0.73819 -0.62318 0.47327 0.25000 1 0 1.0
0 2.14442 0.94602 1.25000 0.25830 -0.73819 -0.62318 0.42888 0.25000 1 0 1.0
0 2.09019 1.05864 1.09412 0.25830 -0.73819 -0.62318 0.41804 0.21882 1 0 1.0
cl_white
0 2.36635 1.02367 1.25000 0.25830 -0.73819 -0.62318 0.47327 0.25000 1 0 1.0
0 2.09019 1.05864 1.09412 0.25830 -0.73819 -0.62318 0.41804 0.21882 1 0 1.0
0 2.33854 1.14554 1.09412 0.25830 -0.73819 -0.62318 0.46771 0.21882 1 0 1.0
cl_white
0 2.33854 1.14554 1.09412 0.00000 0.00000 -1.00000 0.46771 0.22911 1 0 1.0
0 2.09019 1.05864 1.09412 0.00000 0.00000 -1.00000 0.41804 0.21173 1 0 1.0
0 1.98172 1.28388 1.09412 0.00000 0.00000 -1.00000 0.39634 0.25678 1 0 1.0
cl_white
0 2.33854 1.14554 1.09412 0.00000 0.00000 -1.00000 0.46771 0.22911 1 0 1.0
0 1.98172 1.28388 1.09412 0.00000 0.00000 -1.00000 0.39634 0.25678 1 0 1.0
0 2.28291 1.38927 1.09412 0.00000 0.00000 -1.00000 0.45658 0.27785 1 0 1.0
cl_white
0 2.28291 1.38927 1.09412 -0.25830 0.73819 -0.62318 0.45658 0.21882 1 0 1.0
0 1.98172 1.28388 1.09412 -0.25830 0.73819 -0.62318 0.39634 0.21882 1 0 1.0
0 1.92748 1.39650 1.25000 -0.25830 0.73819 -0.62318 0.38550 0.25000 1 0 1.0
cl_white
0 2.28291 1.38927 1.09412 -0.25830 0.73819 -0.62318 0.45658 0.21882 1 0 1.0
0 1.92748 1.39650 1.25000 -0.25830 0.73819 -0.62318 0.38550 0.25000 1 0 1.0
0 2.25509 1.51114 1.25000 -0.25830 0.73819 -0.62318 0.45102 0.25000 1 0 1.0
cl_white
0 1.92748 1.39650 1.25000 -0.41609 0.66220 0.62318 0.38550 0.25000 1 0 1.0
0 1.63359 1.21184 1.25000 -0.41609 0.66220 0.62318 0.32672 0.25000 1 0 1.0
0 1.71153 1.11411 1.40588 -0.41609 0.66220 0.62318 0.34231 0.28118 1 0 1.0
cl_white
0 1.92748 1.39650 1.25000 -0.41609 0.66220 0.62318 0.38550 0.25000 1 0 1.0
0 1.71153 1.11411 1.40588 -0.41609 0.66220 0.62318 0.34231 0.28118 1 0 1.0
0 1.98172 1.28388 1.40588 -0.41609 0.66220 0.62318 0.39634 0.28118 1 0 1.0
cl_white
0 1.98172 1.28388 1.40588 0.00000 0.00000 1.00000 0.39634 0.25678 1 0 1.0
0 1.71153 1.11411 1.40588 0.00000 0.00000 1.00000 0.34231 0.22282 1 0 1.0
0 1.86740 0.91865 1.40588 0.00000 0.00000 1.00000 0.37348 0.18373 1 0 1.0
cl_white
0 1.98172 1.28388 1.40588 0.00000 0.00000 1.00000 0.39634 0.25678 1 0 1.0
0 1.86740 0.91865 1.40588 0.00000 0.00000 1.00000 0.37348 0.18373 1 0 1.0
0 2.09019 1.05864 1.40588 0.00000 0.00000 1.00000 0.41804 0.21173 1 0 1.0
cl_white
0 2.09019 1.05864 1.40588 0.41609 -0.66220 0.62318 0.41804 0.28118 1 0 1.0
0 1.86740 0.91865 1.40588 0.41609 -0.66220 0.62318 0.37348 0.28118 1 0 1.0
0 1.94534 0.82092 1.25000 0.41609 -0.66220 0.62318 0.38907 0.25000 1 0 1.0
cl_white
0 2.09019 1.05864 1.40588 0.41609 -0.66220 0.62318 0.41804 0.28118 1 0 1.0
0 1.94534 0.82092 1.25000 0.41609 -0.66220 0.62318 0.38907 0.25000 1 0 1.0
0 2.14442 0.94602 1.25000 0.41609 -0.66220 0.62318 0.42888 0.25000 1 0 1.0
cl_white
0 2.14442 0.94602 1.25000 0.41609 -0.66220 -0.62318 0.42888 0.25000 1 0 1.0
0 1.94534 0.82092 1.25000 0.41609 -0.66220 -0.62318 0.38907 0.25000 1 0 1.0
0 1.86740 0.91865 1.09412 0.41609 -0.66220 -0.62318 0.37348 0.21882 1 0 1.0
cl_white
0 2.14442 0.94602 1.25000 0.41609 -0.66220 -0.62318 0.42888 0.25000 1 0 1.0
0 1.86740 0.91865 1.09412 0.41609 -0.66220 -0.62318 0.37348 0.21882 1 0 1.0
0 2.09019 1.05864 1.09412 0.41609 -0.66220 -0.62318 0.41804 0.21882 1 0 1.0
cl_white
0 2.09019 1.05864 1.09412 0.00000 0.00000 -1.00000 0.41804 0.21173 1 0 1.0
0 1.86740 0.91865 1.09412 0.00000 0.00000 -1.00000 0.37348 0.18373 1 0 1.0
0 1.71153 1.11411 1.09412 0.00000 0.00000 -1.00000 0.34231 0.22282 1 0 1.0
cl_white
0 2.09019 1.05864 1.09412 0.00000 0.00000 -1.00000 0.41804 0.21173 1 0 1.0
0 1.71153 1.11411 1.09412 0.00000 0.00000 -1.00000 0.34231 0.22282 1 0 1.0
0 1.98172 1.28388 1.09412 0.00000 0.00000 -1.00000 0.39634 0.25678 1 0 1.0
cl_white
0 1.98172 1.28388 1.09412 -0.41609 0.66220 -0.62318 0.39634 0.21882 1 0 1.0
0 1.71153 1.11411 1.09412 -0.41609 0.66220 -0.62318 0.34231 0.21882 1 0 1.0
0 1.63359 1.21184 1.25000 -0.41609 0.66220 -0.62318 0.32672 0.25000 1 0 1.0
cl_white
0 1.98172 1.28388 1.09412 -0.41609 0.66220 -0.62318 0.39634 0.21882 1 0 1.0
0 1.63359 1.21184 1.25000 -0.41609 0.66220 -0.62318 0.32672 0.25000 1 0 1.0
0 1.92748 1.39650 1.25000 -0.41609 0.66220 -0.62318 0.38550 0.25000 1 0 1.0
cl_white
0 1.63359 1.21184 1.25000 -0.55301 0.55301 0.62318 0.32672 0.24237 1 0 1.0
0 1.38816 0.96641 1.25000 -0.55301 0.55301 0.62318 0.27763 0.19328 1 0 1.0
0 1.48589 0.88847 1.40588 -0.55301 0.55301 0.62318 0.29718 0.17769 1 0 1.0
cl_white
0 1.63359 1.21184 1.25000 -0.55301 0.55301 0.62318 0.32672 0.24237 1 0 1.0
0 1.48589 0.88847 1.40588 -0.55301 0.55301 0.62318 0.29718 0.17769 1 0 1.0
0 1.71153 1.11411 1.40588 -0.55301 0.55301 0.62318 0.34231 0.22282 1 0 1.0
cl_white
0 1.71153 1.11411 1.40588 0.00000 0.00000 1.00000 0.34231 0.22282 1 0 1.0
0 1.48589 0.88847 1.40588 0.00000 0.00000 1.00000 0.29718 0.17769 1 0 1.0
0 1.68135 0.73260 1.40588 0.00000 0.00000 1.00000 0.33627 0.14652 1 0 1.0
cl_white
0 1.71153 1.11411 1.40588 0.00000 0.00000 1.00000 0.34231 0.22282 1 0 1.0
0 1.68135 0.73260 1.40588 0.00000 0.00000 1.00000 0.33627 0.14652 1 0 1.0
0 1.86740 0.91865 1.40588 0.00000 0.00000 1.00000 0.37348 0.18373 1 0 1.0
cl_white
0 1.86740 0.91865 1.40588 0.55301 -0.55301 0.62318 0.37348 0.18373 1 0 1.0
0 1.68135 0.73260 1.40588 0.55301 -0.55301 0.62318 0.33627 0.14652 1 0 1.0
0 1.77908 0.65466 1.25000 0.55301 -0.55301 0.62318 0.35582 0.13093 1 0 1.0
cl_white
0 1.86740 0.91865 1.40588 0.55301 -0.55301 0.62318 0.37348 0.18373 1 0 1.0
0 1.77908 0.65466 1.25000 0.55301 -0.55301 0.62318 0.35582 0.13093 1 0 1.0
0 1.94534 0.82092 1.25000 0.55301 -0.55301 0.62318 0.38907 0.16418 1 0 1.0
cl_white
0 1.94534 0.82092 1.25000 0.55301 -0.55301 -0.62318 0.38907 0.16418 1 0 1.0
0 1.77908 0.65466 1.25000 0.55301 -0.55301 -0.62318 0.35582 0.13093 1 0 1.0
0 1.68135 0.73260 1.09412 0.55301 -0.55301 -0.62318 0.33627 0.14652 1 0 1.0
cl_white
0 1.94534 0.82092 1.25000 0.55301 -0.55301 -0.62318 0.38907 0.16418 1 0 1.0
0 1.68135 0.73260 1.09412 0.55301 -0.55301 -0.62318 0.33627 0.14652 1 0 1.0
0 1.86740 0.91865 1.09412 0.55301 -0.55301 -0.62318 0.37348 0.18373 1 0 1.0
cl_white
0 1.86740 0.91865 1.09412 0.00000 0.00000 -1.00000 0.37348 0.18373 1 0 1.0
0 1.68135 0.73260 1.09412 0.00000 0.00000 -1.00000 0.33627 0.14652 1 0 1.0
0 1.48589 0.88847 1.09412 0.00000 0.00000 -1.00000 0.29718 0.17769 1 0 1.0
cl_white
0 1.86740 0.91865 1.09412 0.00000 0.00000 -1.00000 0.37348 0.18373 1 0 1.0
0 1.48589 0.88847 1.09412 0.00000 0.00000 -1.00000 0.29718 0.17769 1 0 1.0
0 1.71153 1.11411 1.09412 0.00000 0.00000 -1.00000 0.34231 0.22282 1 0 1.0
cl_white
0 1.71153 1.11411 1.09412 -0.55301 0.55301 -0.62318 0.34231 0.22282 1 0 1.0
0 1.48589 0.88847 1.09412 -0.55301 0.55301 -0.62318 0.29718 0.17769 1 0 1.0
0 1.38816 0.96641 1.25000 -0.55301 0.55301 -0.62318 0.27763 0.19328 1 0 1.0
cl_white
0 1.71153 1.11411 1.09412 -0.55301 0.55301 -0.62318 0.34231 0.22282 1 0 1.0
0 1.38816 0.96641 1.25000 -0.55301 0.55301 -0.62318 0.27763 0.19328 1 0 1.0
0 1.63359 1.21184 1.25000 -0.55301 0.55301 -0.62318 0.32672 0.24237 1 0 1.0
cl_white
0 1.38816 0.96641 1.25000 -0.66220 0.41609 0.62318 0.19328 0.25000 1 0 1.0
0 1.20350 0.67252 1.25000 -0.66220 0.41609 0.62318 0.13450 0.25000 1 0 1.0
0 1.31612 0.61828 1.40588 -0.66220 0.41609 0.62318 0.12366 0.28118 1 0 1.0
cl_white
0 1.38816 0.96641 1.25000 -0.66220 0.41609 0.62318 0.19328 0.25000 1 0 1.0
0 1.31612 0.61828 1.40588 -0.66220 0.41609 0.62318 0.12366 0.28118 1 0 1.0
0 1.48589 0.88847 1.40588 -0.66220 0.41609 0.62318 0.17769 0.28118 1 0 1.0
cl_white
0 1.48589 0.88847 1.40588 0.00000 0.00000 1.00000 0.29718 0.17769 1 0 1.0
0 1.31612 0.61828 1.40588 0.00000 0.00000 1.00000 0.26322 0.12366 1 0 1.0
0 1.54136 0.50981 1.40588 0.00000 0.00000 1.00000 0.30827 0.10196 1 0 1.0
cl_white
0 1.48589 0.88847 1.40588 0.00000 0.00000 1.00000 0.29718 0.17769 1 0 1.0
0 1.54136 0.50981 1.40588 0.00000 0.00000 1.00000 0.30827 0.10196 1 0 1.0
0 1.68135 0.73260 1.40588 0.00000 0.00000 1.00000 0.33627 0.14652 1 0 1.0
cl_white
0 1.68135 0.73260 1.40588 0.66220 -0.41609 0.62318 0.14652 0.28118 1 0 1.0
0 1.54136 0.50981 1.40588 0.66220 -0.41609 0.62318 0.10196 0.28118 1 0 1.0
0 1.65398 0.45558 1.25000 0.66220 -0.41609 0.62318 0.09112 0.25000 1 0 1.0
cl_white
0 1.68135 0.73260 1.40588 0.66220 -0.41609 0.62318 0.14652 0.28118 1 0 1.0
0 1.65398 0.45558 1.25000 0.66220 -0.41609 0.62318 0.09112 0.25000 1 0 1.0
0 1.77908 0.65466 1.25000 0.66220 -0.41609 0.62318 0.13093 0.25000 1 0 1.0
cl_white
0 1.77908 0.65466 1.25000 0.66220 -0.41609 -0.62318 0.13093 0.25000 1 0 1.0
0 1.65398 0.45558 1.25000 0.66220 -0.41609 -0.62318 0.09112 0.25000 1 0 1.0
0 1.54136 0.50981 1.09412 0.66220 -0.41609 -0.62318 0.10196 0.21882 1 0 1.0
cl_white
0 1.77908 0.65466 1.25000 0.66220 -0.41609 -0.62318 0.13093 0.25000 1 0 1.0
0 1.54136 0.50981 1.09412 0.66220 -0.41609 -0.62318 0.10196 0.21882 1 0 1.0
0 1.68135 0.73260 1.09412 0.66220 -0.41609 -0.62318 0.14652 0.21882 1 0 1.0
cl_white
0 1.68135 0.73260 1.09412 0.00000 0.00000 -1.00000 0.33627 0.14652 1 0 1.0
0 1.54136 0.50981 1.09412 0.00000 0.00000 -1.00000 0.30827 0.10196 1 0 1.0
0 1.31612 0.61828 1.09412 0.00000 0.00000 -1.00000 0.26322 0.12366 1 0 1.0
cl_white
0 1.68135 0.73260 1.09412 0.00000 0.00000 -1.00000 0.33627 0.14652 1 0 1.0
0 1.31612 0.61828 1.09412 0.00000 0.00000 -1.00000 0.26322 0.12366 1 0 1.0
0 1.48589 0.88847 1.09412 0.00000 0.00000 -1.00000 0.29718 0.17769 1 0 1.0
cl_white
0 1.48589 0.88847 1.09412 -0.66220 0.41609 -0.62318 0.17769 0.21882 1 0 1.0
0 1.31612 0.61828 1.09412 -0.66220 0.41609 -0.62318 0.12366 0.21882 1 0 1.0
0 1.20350 0.67252 1.25000 -0.66220 0.41609 -0.62318 0.13450 0.25000 1 0 1.0
cl_white
0 1.48589 0.88847 1.09412 -0.66220 0.41609 -0.62318 0.17769 0.21882 1 0 1.0
0 1.20350 0.67252 1.25000 -0.66220 0.41609 -0.62318 0.13450 0.25000 1 0 1.0
0 1.38816 0.96641 1.25000 -0.66220 0.41609 -0.62318 0.19328 0.25000 1 0 1.0
cl_white
0 1.20350 0.67252 1.25000 -0.73819 0.25830 0.62318 0.13450 0.25000 1 0 1.0
0 1.08886 0.34491 1.25000 -0.73819 0.25830 0.62318 0.06898 0.25000 1 0 1.0
0 1.21073 0.31709 1.40588 -0.73819 0.25830 0.62318 0.06342 0.28118 1 0 1.0
cl_white
0 1.20350 0.67252 1.25000 -0.73819 0.25830 0.62318 0.13450 0.25000 1 0 1.0
0 1.21073 0.31709 1.40588 -0.73819 0.25830 0.62318 0.06342 0.28118 1 0 1.0
0 1.31612 0.61828 1.40588 -0.73819 0.25830 0.62318 0.12366 0.28118 1 0 1.0
cl_white
0 1.31612 0.61828 1.40588 0.00000 0.00000 1.00000 0.26322 0.12366 1 0 1.0
0 1.21073 0.31709 1.40588 0.00000 0.00000 1.00000 0.24215 0.06342 1 0 1.0
0 1.45446 0.26146 1.40588 0.00000 0.00000 1.00000 0.29089 0.05229 1 0 1.0
cl_white
0 1.31612 0.61828 1.40588 0.00000 0.00000 1.00000 0.26322 0.12366 1 0 1.0
0 1.45446 0.26146 1.40588 0.00000 0.00000 1.00000 0.29089 0.05229 1 0 1.0
0 1.54136 0.50981 1.40588 0.00000 0.00000 1.00000 0.30827 0.10196 1 0 1.0
cl_white
0 1.54136 0.50981 1.40588 0.73819 -0.25830 0.62318 0.10196 0.28118 1 0 1.0
0 1.45446 0.26146 1.40588 0.73819 -0.25830 0.62318 0.05229 0.28118 1 0 1.0
0 1.57633 0.23365 1.25000 0.73819 -0.25830 0.62318 0.04673 0.25000 1 0 1.0
cl_white
0 1.54136 0.50981 1.40588 0.73819 -0.25830 0.62318 0.10196 0.28118 1 0 1.0
0 1.57633 0.23365 1.25000 0.73819 -0.25830 0.62318 0.04673 0.25000 1 0 1.0
0 1.65398 0.45558 1.25000 0.73819 -0.25830 0.62318 0.09112 0.25000 1 0 1.0
cl_white
0 1.65398 0.45558 1.25000 0.73819 -0.25830 -0.62318 0.09112 0.25000 1 0 1.0
0 1.57633 0.23365 1.25000 0.73819 -0.25830 -0.62318 0.04673 0.25000 1 0 1.0
0 1.45446 0.26146 1.09412 0.73819 -0.25830 -0.62318 0.05229 0.21882 1 0 1.0
cl_white
0 1.65398 0.45558 1.25000 0.73819 -0.25830 -0.62318 0.09112 0.25000 1 0 1.0
0 1.45446 0.26146 1.09412 0.73819 -0.25830 -0.62318 0.05229 0.21882 1 0 1.0
0 1.54136 0.50981 1.09412 0.73819 -0.25830 -0.62318 0.10196 0.21882 1 0 1.0
cl_white
0 1.54136 0.50981 1.09412 0.00000 0.00000 -1.00000 0.30827 0.10196 1 0 1.0
0 1.45446 0.26146 1.09412 0.00000 0.00000 -1.00000 0.29089 0.05229 1 0 1.0
0 1.21073 0.31709 1.09412 0.00000 0.00000 -1.00000 0.24215 0.06342 1 0 1.0
cl_white
0 1.54136 0.50981 1.09412 0.00000 0.00000 -1.00000 0.30827 0.10196 1 0 1.0
0 1.21073 0.31709 1.09412 0.00000 0.00000 -1.00000 0.24215 0.06342 1 0 1.0
0 1.31612 0.61828 1.09412 0.00000 0.00000 -1.00000 0.26322 0.12366 1 0 1.0
cl_white
0 1.31612 0.61828 1.09412 -0.73819 0.25830 -0.62318 0.12366 0.21882 1 0 1.0
0 1.21073 0.31709 1.09412 -0.73819 0.25830 -0.62318 0.06342 0.21882 1 0 1.0
0 1.08886 0.34491 1.25000 -0.73819 0.25830 -0.62318 0.06898 0.25000 1 0 1.0
cl_white
0 1.31612 0.61828 1.09412 -0.73819 0.25830 -0.62318 0.12366 0.21882 1 0 1.0
0 1.08886 0.34491 1.25000 -0.73819 0.25830 -0.62318 0.06898 0.25000 1 0 1.0
0 1.20350 0.67252 1.25000 -0.73819 0.25830 -0.62318 0.13450 0.25000 1 0 1.0
cl_white
0 1.08886 0.34491 1.25000 -0.77716 0.08756 0.62318 0.06898 0.25000 1 0 1.0
0 1.05000 0.00000 1.25000 -0.77716 0.08756 0.62318 0.00000 0.25000 1 0 1.0
0 1.17500 0.00000 1.40588 -0.77716 0.08756 0.62318 0.00000 0.28118 1 0 1.0
cl_white
0 1.08886 0.34491 1.25000 -0.77716 0.08756 0.62318 0.06898 0.25000 1 0 1.0
0 1.17500 0.00000 1.40588 -0.77716 0.08756 0.62318 0.00000 0.28118 1 0 1.0
0 1.21073 0.31709 1.40588 -0.77716 0.08756 0.62318 0.06342 0.28118 1 0 1.0
cl_white
0 1.21073 0.31709 1.40588 0.00000 0.00000 1.00000 0.24215 0.06342 1 0 1.0
0 1.17500 0.00000 1.40588 0.00000 0.00000 1.00000 0.23500 0.00000 1 0 1.0
0 1.42500 0.00000 1.40588 0.00000 0.00000 1.00000 0.28500 0.00000 1 0 1.0
cl_white
0 1.21073 0.31709 1.40588 0.00000 0.00000 1.00000 0.24215 0.06342 1 0 1.0
0 1.42500 0.00000 1.40588 0.00000 0.00000 1.00000 0.28500 0.00000 1 0 1.0
0 1.45446 0.26146 1.40588 0.00000 0.00000 1.00000 0.29089 0.05229 1 0 1.0
cl_white
0 1.45446 0.26146 1.40588 0.77716 -0.08756 0.62318 0.05229 0.28118 1 0 1.0
0 1.42500 0.00000 1.40588 0.77716 -0.08756 0.62318 0.00000 0.28118 1 0 1.0
0 1.55000 0.00000 1.25000 0.77716 -0.08756 0.62318 0.00000 0.25000 1 0 1.0
cl_white
0 1.45446 0.26146 1.40588 0.77716 -0.08756 0.62318 0.05229 0.28118 1 0 1.0
0 1.55000 0.00000 1.25000 0.77716 -0.08756 0.62318 0.00000 0.25000 1 0 1.0
0 1.57633 0.23365 1.25000 0.77716 -0.08756 0.62318 0.04673 0.25000 1 0 1.0
cl_white
0 1.57633 0.23365 1.25000 0.77716 -0.08756 -0.62318 0.04673 0.25000 1 0 1.0
0 1.55000 0.00000 1.25000 0.77716 -0.08756 -0.62318 0.00000 0.25000 1 0 1.0
0 1.42500 0.00000 1.09412 0.77716 -0.08756 -0.62318 0.00000 0.21882 1 0 1.0
cl_white
0 1.57633 0.23365 1.25000 0.77716 -0.08756 -0.62318 0.04673 0.25000 1 0 1.0
0 1.42500 0.00000 1.09412 0.77716 -0.08756 -0.62318 0.00000 0.21882 1 0 1.0
0 1.45446 0.26146 1.09412 0.77716 -0.08756 -0.62318 0.05229 0.21882 1 0 1.0
cl_white
0 1.45446 0.26146 1.09412 0.00000 0.00000 -1.00000 0.29089 0.05229 1 0 1.0
0 1.42500 0.00000 1.09412 0.00000 0.00000 -1.00000 0.28500 0.00000 1 0 1.0
0 1.17500 0.00000 1.09412 0.00000 0.00000 -1.00000 0.23500 0.00000 1 0 1.0
cl_white
0 1.45446 0.26146 1.09412 0.00000 0.00000 -1.00000 0.29089 0.05229 1 0 1.0
0 1.17500 0.00000 1.09412 0.00000 0.00000 -1.00000 0.23500 0.00000 1 0 1.0
0 1.21073 0.31709 1.09412 0.00000 0.00000 -1.00000 0.24215 0.06342 1 0 1.0
cl_white
0 1.21073 0.31709 1.09412 -0.77716 0.08756 -0.62318 0.06342 0.21882 1 0 1.0
0 1.17500 0.00000 1.09412 -0.77716 0.08756 -0.62318 0.00000 0.21882 1 0 1.0
0 1.05000 0.00000 1.25000 -0.77716 0.08756 -0.62318 0.00000 0.25000 1 0 1.0
cl_white
0 1.21073 0.31709 1.09412 -0.77716 0.08756 -0.62318 0.06342 0.21882 1 0 1.0
0 1.05000 0.00000 1.25000 -0.77716 0.08756 -0.62318 0.00000 0.25000 1 0 1.0
0 1.08886 0.34491 1.25000 -0.77716 0.08756 -0.62318 0.06898 0.25000 1 0 1.0
cl_white
0 1.05000 0.00000 1.25000 -0.77716 -0.08756 0.62318 0.00000 0.25000 1 0 1.0
0 1.08886 -0.34491 1.25000 -0.77716 -0.08756 0.62318 -0.06898 0.25000 1 0 1.0
0 1.21073 -0.31709 1.40588 -0.77716 -0.08756 0.62318 -0.06342 0.28118 1 0 1.0
cl_white
0 1.05000 0.00000 1.25000 -0.77716 -0.08756 0.62318 0.00000 0.25000 1 0 1.0
0 1.21073 -0.31709 1.40588 -0.77716 -0.08756 0.62318 -0.06342 0.28118 1 0 1.0
0 1.17500 0.00000 1.40588 -0.77716 -0.08756 0.62318 0.00000 0.28118 1 0 1.0
cl_white
0 1.17500 0.00000 1.40588 0.00000 0.00000 1.00000 0.23500 0.00000 1 0 1.0
0 1.21073 -0.31709 1.40588 0.00000 0.00000 1.00000 0.24215 -0.06342 1 0 1.0
0 1.45446 -0.26146 1.40588 0.00000 0.00000 1.00000 0.29089 -0.05229 1 0 1.0
cl_white
0 1.17500 0.00000 1.40588 0.00000 0.00000 1.00000 0.23500 0.00000 1 0 1.0
0 1.45446 -0.26146 1.40588 0.00000 0.00000 1.00000 0.29089 -0.05229 1 0 1.0
0 1.42500 0.00000 1.40588 0.00000 0.00000 1.00000 0.28500 0.00000 1 0 1.0
cl_white
0 1.42500 0.00000 1.40588 0.77716 0.08756 0.62318 0.00000 0.28118 1 0 1.0
0 1.45446 -0.26146 1.40588 0.77716 0.08756 0.62318 -0.05229 0.28118 1 0 1.0
0 1.57633 -0.23365 1.25000 0.77716 0.08756 0.62318 -0.04673 0.25000 1 0 1.0
cl_white
0 1.42500 0.00000 1.40588 0.77716 0.08756 0.62318 0.00000 0.28118 1 0 1.0
0 1.57633 -0.23365 1.25000 0.77716 0.08756 0.62318 -0.04673 0.25000 1 0 1.0
0 1.55000 0.00000 1.25000 0.77716 0.08756 0.62318 0.00000 0.25000 1 0 1.0
cl_white
0 1.55000 0.00000 1.25000 0.77716 0.08756 -0.62318 0.00000 0.25000 1 0 1.0
0 1.57633 -0.23365 1.25000 0.77716 0.08756 -0.62318 -0.04673 0.25000 1 0 1.0
0 1.45446 -0.26146 1.09412 0.77716 0.08756 -0.62318 -0.05229 0.21882 1 0 1.0
cl_white
0 1.55000 0.00000 1.25000 0.77716 0.08756 -0.62318 0.00000 0.25000 1 0 1.0
0 1.45446 -0.26146 1.09412 0.77716 0.08756 -0.62318 -0.05229 0.21882 1 0 1.0
0 1.42500 0.00000 1.09412 0.77716 0.08756 -0.62318 0.00000 0.21882 1 0 1.0
cl_white
0 1.42500 0.00000 1.09412 0.00000 0.00000 -1.00000 0.28500 0.00000 1 0 1.0
0 1.45446 -0.26146 1.09412 0.00000 0.00000 -1.00000 0.29089 -0.05229 1 0 1.0
0 1.21073 -0.31709 1.09412 0.00000 0.00000 -1.00000 0.24215 -0.06342 1 0 1.0
cl_white
0 1.42500 0.00000 1.09412 0.00000 0.00000 -1.00000 0.28500 0.00000 1 0 1.0
0 1.21073 -0.31709 1.09412 0.00000 0.00000 -1.00000 0.24215 -0.06342 1 0 1.0
0 1.17500 0.00000 1.09412 0.00000 0.00000 -1.00000 0.23500 0.00000 1 0 1.0
cl_white
0 1.17500 0.00000 1.09412 -0.77716 -0.08756 -0.62318 0.00000 0.21882 1 0 1.0
0 1.21073 -0.31709 1.09412 -0.77716 -0.08756 -0.62318 -0.06342 0.21882 1 0 1.0
0 1.08886 -0.34491 1.25000 -0.77716 -0.08756 -0.62318 -0.06898 0.25000 1 0 1.0
cl_white
0 1.17500 0.00000 1.09412 -0.77716 -0.08756 -0.62318 0.00000 0.21882 1 0 1.0
0 1.08886 -0.34491 1.25000 -0.77716 -0.08756 -0.62318 -0.06898 0.25000 1 0 1.0
0 1.05000 0.00000 1.25000 -0.77716 -0.08756 -0.62318 0.00000 0.25000 1 0 1.0
cl_white
0 1.08886 -0.34491 1.25000 -0.73819 -0.25830 0.62318 -0.06898 0.25000 1 0 1.0
0 1.20350 -0.67252 1.25000 -0.73819 -0.25830 0.62318 -0.13450 0.25000 1 0 1.0
0 1.31612 -0.61828 1.40588 -0.73819 -0.25830 0.62318 -0.12366 0.28118 1 0 1.0
cl_white
0 1.08886 -0.34491 1.25000 -0.73819 -0.25830 0.62318 -0.06898 0.25000 1 0 1.0
0 1.31612 -0.61828 1.40588 -0.73819 -0.25830 0.62318 -0.12366 0.28118 1 0 1.0
0 1.21073 -0.31709 1.40588 -0.73819 -0.25830 0.62318 -0.06342 0.28118 1 0 1.0
cl_white
0 1.21073 -0.31709 1.40588 0.00000 0.00000 1.00000 0.24215 -0.06342 1 0 1.0
0 1.31612 -0.61828 1.40588 0.00000 0.00000 1.00000 0.26322 -0.12366 1 0 1.0
0 1.54136 -0.50981 1.40588 0.00000 0.00000 1.00000 0.30827 -0.10196 1 0 1.0
cl_white
0 1.21073 -0.31709 1.40588 0.00000 0.00000 1.00000 0.24215 -0.06342 1 0 1.0
0 1.54136 -0.50981 1.40588 0.00000 0.00000 1.00000 0.30827 -0.10196 1 0 1.0
0 1.45446 -0.26146 1.40588 0.00000 0.00000 1.00000 0.29089 -0.05229 1 0 1.0
cl_white
0 1.45446 -0.26146 1.40588 0.73819 0.25830 0.62318 -0.05229 0.28118 1 0 1.0
0 1.54136 -0.50981 1.40588 0.73819 0.25830 0.62318 -0.10196 0.28118 1 0 1.0
0 1.65398 -0.45558 1.25000 0.73819 0.25830 0.62318 -0.09112 0.25000 1 0 1.0
cl_white
0 1.45446 -0.26146 1.40588 0.73819 0.25830 0.62318 -0.05229 0.28118 1 0 1.0
0 1.65398 -0.45558 1.25000 0.73819 0.25830 0.62318 -0.09112 0.25000 1 0 1.0
0 1.57633 -0.23365 1.25000 0.73819 0.25830 0.62318 -0.04673 0.25000 1 0 1.0
cl_white
0 1.57633 -0.23365 1.25000 0.73819 0.25830 -0.62318 -0.04673 0.25000 1 0 1.0
0 1.65398 -0.45558 1.25000 0.73819 0.25830 -0.62318 -0.09112 0.25000 1 0 1.0
0 1.54136 -0.50981 1.09412 0.73819 0.25830 -0.62318 -0.10196 0.21882 1 0 1.0
cl_white
0 1.57633 -0.23365 1.25000 0.73819 0.25830 -0.62318 -0.04673 0.25000 1 0 1.0
0 1.54136 -0.50981 1.09412 0.73819 0.25830 -0.62318 -0.10196 0.21882 1 0 1.0
0 1.45446 -0.26146 1.09412 0.73819 0.25830 -0.62318 -0.05229 0.21882 1 0 1.0
cl_white
0 1.45446 -0.26146 1.09412 0.00000 0.00000 -1.00000 0.29089 -0.05229 1 0 1.0
0 1.54136 -0.50981 1.09412 0.00000 0.00000 -1.00000 0.30827 -0.10196 1 0 1.0
0 1.31612 -0.61828 1.09412 0.00000 0.00000 -1.00000 0.26322 -0.12366 1 0 1.0
cl_white
0 1.45446 -0.26146 1.09412 0.00000 0.00000 -1.00000 0.29089 -0.05229 1 0 1.0
0 1.31612 -0.61828 1.09412 0.00000 0.00000 -1.00000 0.26322 -0.12366 1 0 1.0
0 1.21073 -0.31709 1.09412 0.00000 0.00000 -1.00000 0.24215 -0.06342 1 0 1.0
cl_white
0 1.21073 -0.31709 1.09412 -0.73819 -0.25830 -0.62318 -0.06342 0.21882 1 0 1.0
0 1.31612 -0.61828 1.09412 -0.73819 -0.25830 -0.62318 -0.12366 0.21882 1 0 1.0
0 1.20350 -0.67252 1.25000 -0.73819 -0.25830 -0.62318 -0.13450 0.25000 1 0 1.0
cl_white
0 1.21073 -0.31709 1.09412 -0.73819 -0.25830 -0.62318 -0.06342 0.21882 1 0 1.0
0 1.20350 -0.67252 1.25000 -0.73819 -0.25830 -0.62318 -0.13450 0.25000 1 0 1.0
0 1.08886 -0.34491 1.25000 -0.73819 -0.25830 -0.62318 -0.06898 0.25000 1 0 1.0
cl_white
0 1.20350 -0.67252 1.25000 -0.66220 -0.41609 0.62318 -0.13450 0.25000 1 0 1.0
0 1.38816 -0.96641 1.25000 -0.66220 -0.41609 0.62318 -0.19328 0.25000 1 0 1.0
0 1.48589 -0.88847 1.40588 -0.66220 -0.41609 0.62318 -0.17769 0.28118 1 0 1.0
cl_white
0 1.20350 -0.67252 1.25000 -0.66220 -0.41609 0.62318 -0.13450 0.25000 1 0 1.0
0 1.48589 -0.88847 1.40588 -0.66220 -0.41609 0.62318 -0.17769 0.28118 1 0 1.0
0 1.31612 -0.61828 1.40588 -0.66220 -0.41609 0.62318 -0.12366 0.28118 1 0 1.0
cl_white
0 1.31612 -0.61828 1.40588 0.00000 0.00000 1.00000 0.26322 -0.12366 1 0 1.0
0 1.48589 -0.88847 1.40588 0.00000 0.00000 1.00000 0.29718 -0.17769 1 0 1.0
0 1.68135 -0.73260 1.40588 0.00000 0.00000 1.00000 0.33627 -0.14652 1 0 1.0
cl_white
0 1.31612 -0.61828 1.40588 0.00000 0.00000 1.00000 0.26322 -0.12366 1 0 1.0
0 1.68135 -0.73260 1.40588 0.00000 0.00000 1.00000 0.33627 -0.14652 1 0 1.0
0 1.54136 -0.50981 1.40588 0.00000 0.00000 1.00000 0.30827 -0.10196 1 0 1.0
cl_white
0 1.54136 -0.50981 1.40588 0.66220 0.41609 0.62318 -0.10196 0.28118 1 0 1.0
0 1.68135 -0.73260 1.40588 0.66220 0.41609 0.62318 -0.14652 0.28118 1 0 1.0
0 1.77908 -0.65466 1.25000 0.66220 0.41609 0.62318 -0.13093 0.25000 1 0 1.0
cl_white
0 1.54136 -0.50981 1.40588 0.66220 0.41609 0.62318 -0.10196 0.28118 1 0 1.0
0 1.77908 -0.65466 1.25000 0.66220 0.41609 0.62318 -0.13093 0.25000 1 0 1.0
0 1.65398 -0.45558 1.25000 0.66220 0.41609 0.62318 -0.09112 0.25000 1 0 1.0
cl_white
0 1.65398 -0.45558 1.25000 0.66220 0.41609 -0.62318 -0.09112 0.25000 1 0 1.0
0 1.77908 -0.65466 1.25000 0.66220 0.41609 -0.62318 -0.13093 0.25000 1 0 1.0
0 1.68135 -0.73260 1.09412 0.66220 0.41609 -0.62318 -0.14652 0.21882 1 0 1.0
cl_white
0 1.65398 -0.45558 1.25000 0.66220 0.41609 -0.62318 -0.09112 0.25000 1 0 1.0
0 1.68135 -0.73260 1.09412 0.66220 0.41609 -0.62318 -0.14652 0.21882 1 0 1.0
0 1.54136 -0.50981 1.09412 0.66220 0.41609 -0.62318 -0.10196 0.21882 1 0 1.0
cl_white
0 1.54136 -0.50981 1.09412 0.00000 0.00000 -1.00000 0.30827 -0.10196 1 0 1.0
0 1.68135 -0.73260 1.09412 0.00000 0.00000 -1.00000 0.33627 -0.14652 1 0 1.0
0 1.48589 -0.88847 1.09412 0.00000 0.00000 -1.00000 0.29718 -0.17769 1 0 1.0
cl_white
0 1.54136 -0.50981 1.09412 0.00000 0.00000 -1.00000 0.30827 -0.10196 1 0 1.0
0 1.48589 -0.88847 1.09412 0.00000 0.00000 -1.00000 0.29718 -0.17769 1 0 1.0
0 1.31612 -0.61828 1.09412 0.00000 0.00000 -1.00000 0.26322 -0.12366 1 0 1.0
cl_white
0 1.31612 -0.61828 1.09412 -0.66220 -0.41609 -0.62318 -0.12366 0.21882 1 0 1.0
0 1.48589 -0.88847 1.09412 -0.66220 -0.41609 -0.62318 -0.17769 0.21882 1 0 1.0
0 1.38816 -0.96641 1.25000 -0.66220 -0.41609 -0.62318 -0.19328 0.25000 1 0 1.0
cl_white
0 1.31612 -0.61828 1.09412 -0.66220 -0.41609 -0.62318 -0.12366 0.21882 1 0 1.0
0 1.38816 -0.96641 1.25000 -0.66220 -0.41609 -0.62318 -0.19328 0.25000 1 0 1.0
0 1.20350 -0.67252 1.25000 -0.66220 -0.41609 -0.62318 -0.13450 0.25000 1 0 1.0
cl_white
0 1.38816 -0.96641 1.25000 -0.55301 -0.55301 0.62318 0.27763 -0.19328 1 0 1.0
0 1.63359 -1.21184 1.25000 -0.55301 -0.55301 0.62318 0.32672 -0.24237 1 0 1.0
0 1.71153 -1.11411 1.40588 -0.55301 -0.55301 0.62318 0.34231 -0.22282 1 0 1.0
cl_white
0 1.38816 -0.96641 1.25000 -0.55301 -0.55301 0.62318 0.27763 -0.19328 1 0 1.0
0 1.71153 -1.11411 1.40588 -0.55301 -0.55301 0.62318 0.34231 -0.22282 1 0 1.0
0 1.48589 -0.88847 1.40588 -0.55301 -0.55301 0.62318 0.29718 -0.17769 1 0 1.0
cl_white
0 1.48589 -0.88847 1.40588 0.00000 0.00000 1.00000 0.29718 -0.17769 1 0 1.0
0 1.71153 -1.11411 1.40588 0.00000 0.00000 1.00000 0.34231 -0.22282 1 0 1.0
0 1.86740 -0.91865 1.40588 0.00000 0.00000 1.00000 0.37348 -0.18373 1 0 1.0
cl_white
0 1.48589 -0.88847 1.40588 0.00000 0.00000 1.00000 0.29718 -0.17769 1 0 1.0
0 1.86740 -0.91865 1.40588 0.00000 0.00000 1.00000 0.37348 -0.18373 1 0 1.0
0 1.68135 -0.73260 1.40588 0.00000 0.00000 1.00000 0.33627 -0.14652 1 0 1.0
cl_white
0 1.68135 -0.73260 1.40588 0.55301 0.55301 0.62318 0.33627 -0.14652 1 0 1.0
0 1.86740 -0.91865 1.40588 0.55301 0.55301 0.62318 0.37348 -0.18373 1 0 1.0
0 1.94534 -0.82092 1.25000 0.55301 0.55301 0.62318 0.38907 -0.16418 1 0 1.0
cl_white
0 1.68135 -0.73260 1.40588 0.55301 0.55301 0.62318 0.33627 -0.14652 1 0 1.0
0 1.94534 -0.82092 1.25000 0.55301 0.55301 0.62318 0.38907 -0.16418 1 0 1.0
0 1.77908 -0.65466 1.25000 0.55301 0.55301 0.62318 0.35582 -0.13093 1 0 1.0
cl_white
0 1.77908 -0.65466 1.25000 0.55301 0.55301 -0.62318 0.35582 -0.13093 1 0 1.0
0 1.94534 -0.82092 1.25000 0.55301 0.55301 -0.62318 0.38907 -0.16418 1 0 1.0
0 1.86740 -0.91865 1.09412 0.55301 0.55301 -0.62318 0.37348 -0.18373 1 0 1.0
cl_white
0 1.77908 -0.65466 1.25000 0.55301 0.55301 -0.62318 0.35582 -0.13093 1 0 1.0
0 1.86740 -0.91865 1.09412 0.55301 0.55301 -0.62318 0.37348 -0.18373 1 0 1.0
0 1.68135 -0.73260 1.09412 0.55301 0.55301 -0.62318 0.33627 -0.14652 1 0 1.0
cl_white
0 1.68135 -0.73260 1.09412 0.00000 0.00000 -1.00000 0.33627 -0.14652 1 0 1.0
0 1.86740 -0.91865 1.09412 0.00000 0.00000 -1.00000 0.37348 -0.18373 1 0 1.0
0 1.71153 -1.11411 1.09412 0.00000 0.00000 -1.00000 0.34231 -0.22282 1 0 1.0
cl_white
0 1.68135 -0.73260 1.09412 0.00000 0.00000 -1.00000 0.33627 -0.14652 1 0 1.0
0 1.71153 -1.11411 1.09412 0.00000 0.00000 -1.00000 0.34231 -0.22282 1 0 1.0
0 1.48589 -0.88847 1.09412 0.00000 0.00000 -1.00000 0.29718 -0.17769 1 0 1.0
cl_white
0 1.48589 -0.88847 1.09412 -0.55301 -0.55301 -0.62318 0.29718 -0.17769 1 0 1.0
0 1.71153 -1.11411 1.09412 -0.55301 -0.55301 -0.62318 0.34231 -0.22282 1 0 1.0
0 1.63359 -1.21184 1.25000 -0.55301 -0.55301 -0.62318 0.32672 -0.24237 1 0 1.0
cl_white
0 1.48589 -0.88847 1.09412 -0.55301 -0.55301 -0.62318 0.29718 -0.17769 1 0 1.0
0 1.63359 -1.21184 1.25000 -0.55301 -0.55301 -0.62318 0.32672 -0.24237 1 0 1.0
0 1.38816 -0.96641 1.25000 -0.55301 -0.55301 -0.62318 0.27763 -0.19328 1 0 1.0
cl_white
0 1.63359 -1.21184 1.25000 -0.41609 -0.66220 0.62318 0.32672 0.25000 1 0 1.0
0 1.92748 -1.39650 1.25000 -0.41609 -0.66220 0.62318 0.38550 0.25000 1 0 1.0
0 1.98172 -1.28388 1.40588 -0.41609 -0.66220 0.62318 0.39634 0.28118 1 0 1.0
cl_white
0 1.63359 -1.21184 1.25000 -0.41609 -0.66220 0.62318 0.32672 0.25000 1 0 1.0
0 1.98172 -1.28388 1.40588 -0.41609 -0.66220 0.62318 0.39634 0.28118 1 0 1.0
0 1.71153 -1.11411 1.40588 -0.41609 -0.66220 0.62318 0.34231 0.28118 1 0 1.0
cl_white
0 1.71153 -1.11411 1.40588 0.00000 0.00000 1.00000 0.34231 -0.22282 1 0 1.0
0 1.98172 -1.28388 1.40588 0.00000 0.00000 1.00000 0.39634 -0.25678 1 0 1.0
0 2.09019 -1.05864 1.40588 0.00000 0.00000 1.00000 0.41804 -0.21173 1 0 1.0
cl_white
0 1.71153 -1.11411 1.40588 0.00000 0.00000 1.00000 0.34231 -0.22282 1 0 1.0
0 2.09019 -1.05864 1.40588 0.00000 0.00000 1.00000 0.41804 -0.21173 1 0 1.0
0 1.86740 -0.91865 1.40588 0.00000 0.00000 1.00000 0.37348 -0.18373 1 0 1.0
cl_white
0 1.86740 -0.91865 1.40588 0.41609 0.66220 0.62318 0.37348 0.28118 1 0 1.0
0 2.09019 -1.05864 1.40588 0.41609 0.66220 0.62318 0.41804 0.28118 1 0 1.0
0 2.14442 -0.94602 1.25000 0.41609 0.66220 0.62318 0.42888 0.25000 1 0 1.0
cl_white
0 1.86740 -0.91865 1.40588 0.41609 0.66220 0.62318 0.37348 0.28118 1 0 1.0
0 2.14442 -0.94602 1.25000 0.41609 0.66220 0.62318 0.42888 0.25000 1 0 1.0
0 1.94534 -0.82092 1.25000 0.41609 0.66220 0.62318 0.38907 0.25000 1 0 1.0
cl_white
0 1.94534 -0.82092 1.25000 0.41609 0.66220 -0.62318 0.38907 0.25000 1 0 1.0
0 2.14442 -0.94602 1.25000 0.41609 0.66220 -0.62318 0.42888 0.25000 1 0 1.0
0 2.09019 -1.05864 1.09412 0.41609 0.66220 -0.62318 0.41804 0.21882 1 0 1.0
cl_white
0 1.94534 -0.82092 1.25000 0.41609 0.66220 -0.62318 0.38907 0.25000 1 0 1.0
0 2.09019 -1.05864 1.09412 0.41609 0.66220 -0.62318 0.41804 0.21882 1 0 1.0
0 1.86740 -0.91865 1.09412 0.41609 0.66220 -0.62318 0.37348 0.21882 1 0 1.0
cl_white
0 1.86740 -0.91865 1.09412 0.00000 0.00000 -1.00000 0.37348 -0.18373 1 0 1.0
0 2.09019 -1.05864 1.09412 0.00000 0.00000 -1.00000 0.41804 -0.21173 1 0 1.0
0 1.98172 -1.28388 1.09412 0.00000 0.00000 -1.00000 0.39634 -0.25678 1 0 1.0
cl_white
0 1.86740 -0.91865 1.09412 0.00000 0.00000 -1.00000 0.37348 -0.18373 1 0 1.0
0 1.98172 -1.28388 1.09412 0.00000 0.00000 -1.00000 0.39634 -0.25678 1 0 1.0
0 1.71153 -1.11411 1.09412 0.00000 0.00000 -1.00000 0.34231 -0.22282 1 0 1.0
cl_white
0 1.71153 -1.11411 1.09412 -0.41609 -0.66220 -0.62318 0.34231 0.21882 1 0 1.0
0 1.98172 -1.28388 1.09412 -0.41609 -0.66220 -0.62318 0.39634 0.21882 1 0 1.0
0 1.92748 -1.39650 1.25000 -0.41609 -0.66220 -0.62318 0.38550 0.25000 1 0 1.0
cl_white
0 1.71153 -1.11411 1.09412 -0.41609 -0.66220 -0.62318 0.34231 0.21882 1 0 1.0
0 1.92748 -1.39650 1.25000 -0.41609 -0.66220 -0.62318 0.38550 0.25000 1 0 1.0
0 1.63359 -1.21184 1.25000 -0.41609 -0.66220 -0.62318 0.32672 0.25000 1 0 1.0
cl_white
0 1.92748 -1.39650 1.25000 -0.25830 -0.73819 0.62318 0.38550 0.25000 1 0 1.0
0 2.25509 -1.51114 1.25000 -0.25830 -0.73819 0.62318 0.45102 0.25000 1 0 1.0
0 2.28291 -1.38927 1.40588 -0.25830 -0.73819 0.62318 0.45658 0.28118 1 0 1.0
cl_white
0 1.92748 -1.39650 1.25000 -0.25830 -0.73819 0.62318 0.38550 0.25000 1 0 1.0
0 2.28291 -1.38927 1.40588 -0.25830 -0.73819 0.62318 0.45658 0.28118 1 0 1.0
0 1.98172 -1.28388 1.40588 -0.25830 -0.73819 0.62318 0.39634 0.28118 1 0 1.0
cl_white
0 1.98172 -1.28388 1.40588 0.00000 0.00000 1.00000 0.39634 -0.25678 1 0 1.0
0 2.28291 -1.38927 1.40588 0.00000 0.00000 1.00000 0.45658 -0.27785 1 0 1.0
0 2.33854 -1.14554 1.40588 0.00000 0.00000 1.00000 0.46771 -0.22911 1 0 1.0
cl_white
0 1.98172 -1.28388 1.40588 0.00000 0.00000 1.00000 0.39634 -0.25678 1 0 1.0
0 2.33854 -1.14554 1.40588 0.00000 0.00000 1.00000 0.46771 -0.22911 1 0 1.0
0 2.09019 -1.05864 1.40588 0.00000 0.00000 1.00000 0.41804 -0.21173 1 0 1.0
cl_white
0 2.09019 -1.05864 1.40588 0.25830 0.73819 0.62318 0.41804 0.28118 1 0 1.0
0 2.33854 -1.14554 1.40588 0.25830 0.73819 0.62318 0.46771 0.28118 1 0 1.0
0 2.36635 -1.02367 1.25000 0.25830 0.73819 0.62318 0.47327 0.25000 1 0 1.0
cl_white
0 2.09019 -1.05864 1.40588 0.25830 0.73819 0.62318 0.41804 0.28118 1 0 1.0
0 2.36635 -1.02367 1.25000 0.25830 0.73819 0.62318 0.47327 0.25000 1 0 1.0
0 2.14442 -0.94602 1.25000 0.25830 0.73819 0.62318 0.42888 0.25000 1 0 1.0
cl_white
0 2.14442 -0.94602 1.25000 0.25830 0.73819 -0.62318 0.42888 0.25000 1 0 1.0
0 2.36635 -1.02367 1.25000 0.25830 0.73819 -0.62318 0.47327 0.25000 1 0 1.0
0 2.33854 -1.14554 1.09412 0.25830 0.73819 -0.62318 0.46771 0.21882 1 0 1.0
cl_white
0 2.14442 -0.94602 1.25000 0.25830 0.73819 -0.62318 0.42888 0.25000 1 0 1.0
0 2.33854 -1.14554 1.09412 0.25830 0.73819 -0.62318 0.46771 0.21882 1 0 1.0
0 2.09019 -1.05864 1.09412 0.25830 0.73819 -0.62318 0.41804 0.21882 1 0 1.0
cl_white
0 2.09019 -1.05864 1.09412 0.00000 0.00000 -1.00000 0.41804 -0.21173 1 0 1.0
0 2.33854 -1.14554 1.09412 0.00000 0.00000 -1.00000 0.46771 -0.22911 1 0 1.0
0 2.28291 -1.38927 1.09412 0.00000 0.00000 -1.00000 0.45658 -0.27785 1 0 1.0
cl_white
0 2.09019 -1.05864 1.09412 0.00000 0.00000 -1.00000 0.41804 -0.21173 1 0 1.0
0 2.28291 -1.38927 1.09412 0.00000 0.00000 -1.00000 0.45658 -0.27785 1 0 1.0
0 1.98172 -1.28388 1.09412 0.00000 0.00000 -1.00000 0.39634 -0.25678 1 0 1.0
cl_white
0 1.98172 -1.28388 1.09412 -0.25830 -0.73819 -0.62318 0.39634 0.21882 1 0 1.0
0 2.28291 -1.38927 1.09412 -0.25830 -0.73819 -0.62318 0.45658 0.21882 1 0 1.0
0 2.25509 -1.51114 1.25000 -0.25830 -0.73819 -0.62318 0.45102 0.25000 1 0 1.0
cl_white
0 1.98172 -1.28388 1.09412 -0.25830 -0.73819 -0.62318 0.39634 0.21882 1 0 1.0
0 2.25509 -1.51114 1.25000 -0.25830 -0.73819 -0.62318 0.45102 0.25000 1 0 1.0
0 1.92748 -1.39650 1.25000 -0.25830 -0.73819 -0.62318 0.38550 0.25000 1 0 1.0
cl_white
0 2.25509 -1.51114 1.25000 -0.09117 -0.77481 0.62558 0.45102 0.25000 1 0 1.0
0 2.57201 -1.54843 1.25000 -0.09117 -0.77481 0.62558 0.51440 0.25000 1 0 1.0
0 2.58600 -1.42421 1.40588 -0.09117 -0.77481 0.62558 0.51720 0.28118 1 0 1.0
cl_white
0 2.25509 -1.51114 1.25000 -0.08956 -0.77684 0.62329 0.45102 0.25000 1 0 1.0
0 2.58600 -1.42421 1.40588 -0.08956 -0.77684 0.62329 0.51720 0.28118 1 0 1.0
0 2.28291 -1.38927 1.40588 -0.08956 -0.77684 0.62329 0.45658 0.28118 1 0 1.0
cl_white
0 2.28291 -1.38927 1.40588 0.00000 0.00000 1.00000 0.45658 -0.27785 1 0 1.0
0 2.58600 -1.42421 1.40588 0.00000 0.00000 1.00000 0.51720 -0.28484 1 0 1.0
0 2.61400 -1.17579 1.40588 0.00000 0.00000 1.00000 0.52280 -0.23516 1 0 1.0
cl_white
0 2.28291 -1.38927 1.40588 0.00000 0.00000 1.00000 0.45658 -0.27785 1 0 1.0
0 2.61400 -1.17579 1.40588 0.00000 0.00000 1.00000 0.52280 -0.23516 1 0 1.0
0 2.33854 -1.14554 1.40588 0.00000 0.00000 1.00000 0.46771 -0.22911 1 0 1.0
cl_white
0 2.33854 -1.14554 1.40588 0.08515 0.77550 0.62559 0.46771 0.28118 1 0 1.0
0 2.61400 -1.17579 1.40588 0.08515 0.77550 0.62559 0.52280 0.28118 1 0 1.0
0 2.62799 -1.05157 1.25000 0.08515 0.77550 0.62559 0.52560 0.25000 1 0 1.0
cl_white
0 2.33854 -1.14554 1.40588 0.08294 0.77788 0.62292 0.46771 0.28118 1 0 1.0
0 2.62799 -1.05157 1.25000 0.08294 0.77788 0.62292 0.52560 0.25000 1 0 1.0
0 2.36635 -1.02367 1.25000 0.08294 0.77788 0.62292 0.47327 0.25000 1 0 1.0
cl_white
0 2.36635 -1.02367 1.25000 0.08272 0.77576 -0.62558 0.47327 0.25000 1 0 1.0
0 2.62799 -1.05157 1.25000 0.08272 0.77576 -0.62558 0.52560 0.25000 1 0 1.0
0 2.61400 -1.17579 1.09412 0.08272 0.77576 -0.62558 0.52280 0.21882 1 0 1.0
cl_white
0 2.36635 -1.02367 1.25000 0.08537 0.77750 -0.62306 0.47327 0.25000 1 0 1.0
0 2.61400 -1.17579 1.09412 0.08537 0.77750 -0.62306 0.52280 0.21882 1 0 1.0
0 2.33854 -1.14554 1.09412 0.08537 0.77750 -0.62306 0.46771 0.21882 1 0 1.0
cl_white
0 2.33854 -1.14554 1.09412 0.00000 0.00000 -1.00000 0.46771 -0.22911 1 0 1.0
0 2.61400 -1.17579 1.09412 0.00000 0.00000 -1.00000 0.52280 -0.23516 1 0 1.0
0 2.58600 -1.42421 1.09412 0.00000 0.00000 -1.00000 0.51720 -0.28484 1 0 1.0
cl_white
0 2.33854 -1.14554 1.09412 0.00000 0.00000 -1.00000 0.46771 -0.22911 1 0 1.0
0 2.58600 -1.42421 1.09412 0.00000 0.00000 -1.00000 0.51720 -0.28484 1 0 1.0
0 2.28291 -1.38927 1.09412 0.00000 0.00000 -1.00000 0.45658 -0.27785 1 0 1.0
cl_white
0 2.28291 -1.38927 1.09412 -0.08935 -0.77502 -0.62559 0.45658 0.21882 1 0 1.0
0 2.58600 -1.42421 1.09412 -0.08935 -0.77502 -0.62559 0.51720 0.21882 1 0 1.0
0 2.57201 -1.54843 1.25000 -0.08935 -0.77502 -0.62559 0.51440 0.25000 1 0 1.0
cl_white
0 2.28291 -1.38927 1.09412 -0.09137 -0.77655 -0.62339 0.45658 0.21882 1 0 1.0
0 2.57201 -1.54843 1.25000 -0.09137 -0.77655 -0.62339 0.51440 0.25000 1 0 1.0
0 2.25509 -1.51114 1.25000 -0.09137 -0.77655 -0.62339 0.45102 0.25000 1 0 1.0
cl_white
0 2.61400 1.17579 1.09412 0.99371 0.11196 0.00000 0.23516 0.21882 1 0 1.0
0 2.58600 1.42421 1.09412 0.99371 0.11196 0.00000 0.28484 0.21882 1 0 1.0
0 2.57201 1.54843 1.25000 0.99371 0.11196 0.00000 0.30969 0.25000 1 0 1.0
cl_white
0 2.57201 1.54843 1.25000 0.99371 0.11196 -0.00000 0.30969 0.25000 1 0 1.0
0 2.58600 1.42421 1.40588 0.99371 0.11196 -0.00000 0.28484 0.28118 1 0 1.0
0 2.61400 1.17579 1.40588 0.99371 0.11196 -0.00000 0.23516 0.28118 1 0 1.0
cl_white
0 2.61400 1.17579 1.40588 0.99371 0.11197 0.00000 0.23516 0.28118 1 0 1.0
0 2.62799 1.05157 1.25000 0.99371 0.11197 0.00000 0.21031 0.25000 1 0 1.0
0 2.61400 1.17579 1.09412 0.99371 0.11197 0.00000 0.23516 0.21882 1 0 1.0
cl_white
0 2.57201 1.54843 1.25000 0.99371 0.11196 0.00000 0.30969 0.25000 1 0 1.0
0 2.61400 1.17579 1.40588 0.99371 0.11196 0.00000 0.23516 0.28118 1 0 1.0
0 2.61400 1.17579 1.09412 0.99371 0.11196 0.00000 0.23516 0.21882 1 0 1.0
cl_white
0 2.58600 -1.42421 1.40588 0.99371 -0.11197 0.00000 -0.28484 0.28118 1 0 1.0
0 2.57201 -1.54843 1.25000 0.99371 -0.11197 0.00000 -0.30969 0.25000 1 0 1.0
0 2.58600 -1.42421 1.09412 0.99371 -0.11197 0.00000 -0.28484 0.21882 1 0 1.0
cl_white
0 2.58600 -1.42421 1.09412 0.99371 -0.11196 -0.00000 -0.28484 0.21882 1 0 1.0
0 2.61400 -1.17579 1.09412 0.99371 -0.11196 -0.00000 -0.23516 0.21882 1 0 1.0
0 2.62799 -1.05157 1.25000 0.99371 -0.11196 -0.00000 -0.21031 0.25000 1 0 1.0
cl_white
0 2.62799 -1.05157 1.25000 0.99371 -0.11196 0.00000 -0.21031 0.25000 1 0 1.0
0 2.61400 -1.17579 1.40588 0.99371 -0.11196 0.00000 -0.23516 0.28118 1 0 1.0
0 2.58600 -1.42421 1.40588 0.99371 -0.11196 0.00000 -0.28484 0.28118 1 0 1.0
cl_white
0 2.58600 -1.42421 1.09412 0.99371 -0.11196 0.00000 -0.28484 0.21882 1 0 1.0
0 2.62799 -1.05157 1.25000 0.99371 -0.11196 0.00000 -0.21031 0.25000 1 0 1.0
0 2.58600 -1.42421 1.40588 0.99371 -0.11196 0.00000 -0.28484 0.28118 1 0 1.0
cl_white
0 -1.30000 -3.95000 1.12500 -0.57735 -0.57735 -0.57735 -0.26000 0.22500 1 0 1.0
0 -1.30000 -4.05000 1.22500 -0.57735 -0.57735 -0.57735 -0.26000 0.24500 1 0 1.0
0 -1.40000 -3.95000 1.22500 -0.57735 -0.57735 -0.57735 -0.28000 0.24500 1 0 1.0
cl_white
0 -1.30000 -4.05000 1.27500 -0.57735 -0.57735 0.57735 -0.26000 0.25500 1 0 1.0
0 -1.30000 -3.95000 1.37500 -0.57735 -0.57735 0.57735 -0.26000 0.27500 1 0 1.0
0 -1.40000 -3.95000 1.27500 -0.57735 -0.57735 0.57735 -0.28000 0.25500 1 0 1.0
cl_white
0 -1.30000 3.95000 1.12500 -0.57735 0.57735 -0.57735 -0.26000 0.22500 1 0 1.0
0 -1.40000 3.95000 1.22500 -0.57735 0.57735 -0.57735 -0.28000 0.24500 1 0 1.0
0 -1.30000 4.05000 1.22500 -0.57735 0.57735 -0.57735 -0.26000 0.24500 1 0 1.0
cl_white
0 -1.30000 3.95000 1.37500 -0.57735 0.57735 0.57735 -0.26000 0.27500 1 0 1.0
0 -1.30000 4.05000 1.27500 -0.57735 0.57735 0.57735 -0.26000 0.25500 1 0 1.0
0 -1.40000 3.95000 1.27500 -0.57735 0.57735 0.57735 -0.28000 0.25500 1 0 1.0
cl_white
0 -1.10000 -3.95000 1.12500 0.57735 -0.57735 -0.57735 -0.22000 0.22500 1 0 1.0
0 -1.00000 -3.95000 1.22500 0.57735 -0.57735 -0.57735 -0.20000 0.24500 1 0 1.0
0 -1.10000 -4.05000 1.22500 0.57735 -0.57735 -0.57735 -0.22000 0.24500 1 0 1.0
cl_white
0 -1.10000 -3.95000 1.37500 0.57735 -0.57735 0.57735 -0.22000 0.27500 1 0 1.0
0 -1.10000 -4.05000 1.27500 0.57735 -0.57735 0.57735 -0.22000 0.25500 1 0 1.0
0 -1.00000 -3.95000 1.27500 0.57735 -0.57735 0.57735 -0.20000 0.25500 1 0 1.0
cl_white
0 -1.10000 3.95000 1.12500 0.57735 0.57735 -0.57735 -0.22000 0.22500 1 0 1.0
0 -1.10000 4.05000 1.22500 0.57735 0.57735 -0.57735 -0.22000 0.24500 1 0 1.0
0 -1.00000 3.95000 1.22500 0.57735 0.57735 -0.57735 -0.20000 0.24500 1 0 1.0
cl_white
0 -1.10000 3.95000 1.37500 0.57735 0.57735 0.57735 -0.22000 0.27500 1 0 1.0
0 -1.00000 3.95000 1.27500 0.57735 0.57735 0.57735 -0.20000 0.25500 1 0 1.0
0 -1.10000 4.05000 1.27500 0.57735 0.57735 0.57735 -0.22000 0.25500 1 0 1.0
cl_white
0 -1.30000 3.95000 1.12500 -0.70711 0.00000 -0.70711 0.79000 0.22500 1 0 1.0
0 -1.30000 -3.95000 1.12500 -0.70711 0.00000 -0.70711 -0.79000 0.22500 1 0 1.0
0 -1.40000 -3.95000 1.22500 -0.70711 0.00000 -0.70711 -0.79000 0.24500 1 0 1.0
cl_white
0 -1.30000 3.95000 1.12500 -0.70711 0.00000 -0.70711 0.79000 0.22500 1 0 1.0
0 -1.40000 -3.95000 1.22500 -0.70711 0.00000 -0.70711 -0.79000 0.24500 1 0 1.0
0 -1.40000 3.95000 1.22500 -0.70711 0.00000 -0.70711 0.79000 0.24500 1 0 1.0
cl_white
0 -1.30000 -4.05000 1.22500 -0.70711 -0.70711 0.00000 -0.26000 0.24500 1 0 1.0
0 -1.30000 -4.05000 1.27500 -0.70711 -0.70711 0.00000 -0.26000 0.25500 1 0 1.0
0 -1.40000 -3.95000 1.27500 -0.70711 -0.70711 0.00000 -0.28000 0.25500 1 0 1.0
cl_white
0 -1.30000 -4.05000 1.22500 -0.70711 -0.70711 0.00000 -0.26000 0.24500 1 0 1.0
0 -1.40000 -3.95000 1.27500 -0.70711 -0.70711 0.00000 -0.28000 0.25500 1 0 1.0
0 -1.40000 -3.95000 1.22500 -0.70711 -0.70711 0.00000 -0.28000 0.24500 1 0 1.0
cl_white
0 -1.30000 -3.95000 1.37500 -0.70711 0.00000 0.70711 -0.79000 0.27500 1 0 1.0
0 -1.30000 3.95000 1.37500 -0.70711 0.00000 0.70711 0.79000 0.27500 1 0 1.0
0 -1.40000 3.95000 1.27500 -0.70711 0.00000 0.70711 0.79000 0.25500 1 0 1.0
cl_white
0 -1.30000 -3.95000 1.37500 -0.70711 0.00000 0.70711 -0.79000 0.27500 1 0 1.0
0 -1.40000 3.95000 1.27500 -0.70711 0.00000 0.70711 0.79000 0.25500 1 0 1.0
0 -1.40000 -3.95000 1.27500 -0.70711 0.00000 0.70711 -0.79000 0.25500 1 0 1.0
cl_white
0 -1.30000 4.05000 1.27500 -0.70711 0.70711 0.00000 -0.26000 0.25500 1 0 1.0
0 -1.30000 4.05000 1.22500 -0.70711 0.70711 0.00000 -0.26000 0.24500 1 0 1.0
0 -1.40000 3.95000 1.22500 -0.70711 0.70711 0.00000 -0.28000 0.24500 1 0 1.0
cl_white
0 -1.30000 4.05000 1.27500 -0.70711 0.70711 0.00000 -0.26000 0.25500 1 0 1.0
0 -1.40000 3.95000 1.22500 -0.70711 0.70711 0.00000 -0.28000 0.24500 1 0 1.0
0 -1.40000 3.95000 1.27500 -0.70711 0.70711 0.00000 -0.28000 0.25500 1 0 1.0
cl_white
0 -1.10000 3.95000 1.12500 0.00000 0.70711 -0.70711 -0.22000 0.22500 1 0 1.0
0 -1.30000 3.95000 1.12500 0.00000 0.70711 -0.70711 -0.26000 0.22500 1 0 1.0
0 -1.30000 4.05000 1.22500 0.00000 0.70711 -0.70711 -0.26000 0.24500 1 0 1.0
cl_white
0 -1.10000 3.95000 1.12500 0.00000 0.70711 -0.70711 -0.22000 0.22500 1 0 1.0
0 -1.30000 4.05000 1.22500 0.00000 0.70711 -0.70711 -0.26000 0.24500 1 0 1.0
0 -1.10000 4.05000 1.22500 0.00000 0.70711 -0.70711 -0.22000 0.24500 1 0 1.0
cl_white
0 -1.30000 3.95000 1.37500 0.00000 0.70711 0.70711 -0.26000 0.27500 1 0 1.0
0 -1.10000 3.95000 1.37500 0.00000 0.70711 0.70711 -0.22000 0.27500 1 0 1.0
0 -1.10000 4.05000 1.27500 0.00000 0.70711 0.70711 -0.22000 0.25500 1 0 1.0
cl_white
0 -1.30000 3.95000 1.37500 0.00000 0.70711 0.70711 -0.26000 0.27500 1 0 1.0
0 -1.10000 4.05000 1.27500 0.00000 0.70711 0.70711 -0.22000 0.25500 1 0 1.0
0 -1.30000 4.05000 1.27500 0.00000 0.70711 0.70711 -0.26000 0.25500 1 0 1.0
cl_white
0 -1.00000 3.95000 1.27500 0.70711 0.70711 0.00000 -0.20000 0.25500 1 0 1.0
0 -1.00000 3.95000 1.22500 0.70711 0.70711 0.00000 -0.20000 0.24500 1 0 1.0
0 -1.10000 4.05000 1.22500 0.70711 0.70711 0.00000 -0.22000 0.24500 1 0 1.0
cl_white
0 -1.00000 3.95000 1.27500 0.70711 0.70711 0.00000 -0.20000 0.25500 1 0 1.0
0 -1.10000 4.05000 1.22500 0.70711 0.70711 0.00000 -0.22000 0.24500 1 0 1.0
0 -1.10000 4.05000 1.27500 0.70711 0.70711 0.00000 -0.22000 0.25500 1 0 1.0
cl_white
0 -1.10000 -3.95000 1.12500 0.70711 0.00000 -0.70711 -0.79000 0.22500 1 0 1.0
0 -1.10000 3.95000 1.12500 0.70711 0.00000 -0.70711 0.79000 0.22500 1 0 1.0
0 -1.00000 3.95000 1.22500 0.70711 0.00000 -0.70711 0.79000 0.24500 1 0 1.0
cl_white
0 -1.10000 -3.95000 1.12500 0.70711 0.00000 -0.70711 -0.79000 0.22500 1 0 1.0
0 -1.00000 3.95000 1.22500 0.70711 0.00000 -0.70711 0.79000 0.24500 1 0 1.0
0 -1.00000 -3.95000 1.22500 0.70711 0.00000 -0.70711 -0.79000 0.24500 1 0 1.0
cl_white
0 -1.10000 3.95000 1.37500 0.70711 0.00000 0.70711 0.79000 0.27500 1 0 1.0
0 -1.10000 -3.95000 1.37500 0.70711 0.00000 0.70711 -0.79000 0.27500 1 0 1.0
0 -1.00000 -3.95000 1.27500 0.70711 0.00000 0.70711 -0.79000 0.25500 1 0 1.0
cl_white
0 -1.10000 3.95000 1.37500 0.70711 0.00000 0.70711 0.79000 0.27500 1 0 1.0
0 -1.00000 -3.95000 1.27500 0.70711 0.00000 0.70711 -0.79000 0.25500 1 0 1.0
0 -1.00000 3.95000 1.27500 0.70711 0.00000 0.70711 0.79000 0.25500 1 0 1.0
cl_white
0 -1.10000 -4.05000 1.27500 0.70711 -0.70711 0.00000 -0.22000 0.25500 1 0 1.0
0 -1.10000 -4.05000 1.22500 0.70711 -0.70711 0.00000 -0.22000 0.24500 1 0 1.0
0 -1.00000 -3.95000 1.22500 0.70711 -0.70711 0.00000 -0.20000 0.24500 1 0 1.0
cl_white
0 -1.10000 -4.05000 1.27500 0.70711 -0.70711 0.00000 -0.22000 0.25500 1 0 1.0
0 -1.00000 -3.95000 1.22500 0.70711 -0.70711 0.00000 -0.20000 0.24500 1 0 1.0
0 -1.00000 -3.95000 1.27500 0.70711 -0.70711 0.00000 -0.20000 0.25500 1 0 1.0
cl_white
0 -1.30000 -3.95000 1.12500 0.00000 -0.70711 -0.70711 -0.26000 0.22500 1 0 1.0
0 -1.10000 -3.95000 1.12500 0.00000 -0.70711 -0.70711 -0.22000 0.22500 1 0 1.0
0 -1.10000 -4.05000 1.22500 0.00000 -0.70711 -0.70711 -0.22000 0.24500 1 0 1.0
cl_white
0 -1.30000 -3.95000 1.12500 0.00000 -0.70711 -0.70711 -0.26000 0.22500 1 0 1.0
0 -1.10000 -4.05000 1.22500 0.00000 -0.70711 -0.70711 -0.22000 0.24500 1 0 1.0
0 -1.30000 -4.05000 1.22500 0.00000 -0.70711 -0.70711 -0.26000 0.24500 1 0 1.0
cl_white
0 -1.10000 -3.95000 1.37500 0.00000 -0.70711 0.70711 -0.22000 0.27500 1 0 1.0
0 -1.30000 -3.95000 1.37500 0.00000 -0.70711 0.70711 -0.26000 0.27500 1 0 1.0
0 -1.30000 -4.05000 1.27500 0.00000 -0.70711 0.70711 -0.26000 0.25500 1 0 1.0
cl_white
0 -1.10000 -3.95000 1.37500 0.00000 -0.70711 0.70711 -0.22000 0.27500 1 0 1.0
0 -1.30000 -4.05000 1.27500 0.00000 -0.70711 0.70711 -0.26000 0.25500 1 0 1.0
0 -1.10000 -4.05000 1.27500 0.00000 -0.70711 0.70711 -0.22000 0.25500 1 0 1.0
cl_white
0 -1.30000 3.95000 1.12500 0.00000 0.00000 -1.00000 -0.26000 0.79000 1 0 1.0
0 -1.10000 3.95000 1.12500 0.00000 0.00000 -1.00000 -0.22000 0.79000 1 0 1.0
0 -1.10000 -3.95000 1.12500 0.00000 0.00000 -1.00000 -0.22000 -0.79000 1 0 1.0
cl_white
0 -1.30000 3.95000 1.12500 0.00000 0.00000 -1.00000 -0.26000 0.79000 1 0 1.0
0 -1.10000 -3.95000 1.12500 0.00000 0.00000 -1.00000 -0.22000 -0.79000 1 0 1.0
0 -1.30000 -3.95000 1.12500 0.00000 0.00000 -1.00000 -0.26000 -0.79000 1 0 1.0
cl_white
0 -1.40000 -3.95000 1.22500 -1.00000 0.00000 0.00000 -0.79000 0.24500 1 0 1.0
0 -1.40000 -3.95000 1.27500 -1.00000 0.00000 0.00000 -0.79000 0.25500 1 0 1.0
0 -1.40000 3.95000 1.27500 -1.00000 0.00000 0.00000 0.79000 0.25500 1 0 1.0
cl_white
0 -1.40000 -3.95000 1.22500 -1.00000 0.00000 0.00000 -0.79000 0.24500 1 0 1.0
0 -1.40000 3.95000 1.27500 -1.00000 0.00000 0.00000 0.79000 0.25500 1 0 1.0
0 -1.40000 3.95000 1.22500 -1.00000 0.00000 0.00000 0.79000 0.24500 1 0 1.0
cl_white
0 -1.10000 -4.05000 1.22500 0.00000 -1.00000 0.00000 -0.22000 0.24500 1 0 1.0
0 -1.10000 -4.05000 1.27500 0.00000 -1.00000 0.00000 -0.22000 0.25500 1 0 1.0
0 -1.30000 -4.05000 1.27500 0.00000 -1.00000 0.00000 -0.26000 0.25500 1 0 1.0
cl_white
0 -1.10000 -4.05000 1.22500 0.00000 -1.00000 0.00000 -0.22000 0.24500 1 0 1.0
0 -1.30000 -4.05000 1.27500 0.00000 -1.00000 0.00000 -0.26000 0.25500 1 0 1.0
0 -1.30000 -4.05000 1.22500 0.00000 -1.00000 0.00000 -0.26000 0.24500 1 0 1.0
cl_white
0 -1.10000 3.95000 1.37500 0.00000 0.00000 1.00000 -0.22000 0.79000 1 0 1.0
0 -1.30000 3.95000 1.37500 0.00000 0.00000 1.00000 -0.26000 0.79000 1 0 1.0
0 -1.30000 -3.95000 1.37500 0.00000 0.00000 1.00000 -0.26000 -0.79000 1 0 1.0
cl_white
0 -1.10000 3.95000 1.37500 0.00000 0.00000 1.00000 -0.22000 0.79000 1 0 1.0
0 -1.30000 -3.95000 1.37500 0.00000 0.00000 1.00000 -0.26000 -0.79000 1 0 1.0
0 -1.10000 -3.95000 1.37500 0.00000 0.00000 1.00000 -0.22000 -0.79000 1 0 1.0
cl_white
0 -1.30000 4.05000 1.22500 0.00000 1.00000 0.00000 -0.26000 0.24500 1 0 1.0
0 -1.30000 4.05000 1.27500 0.00000 1.00000 0.00000 -0.26000 0.25500 1 0 1.0
0 -1.10000 4.05000 1.27500 0.00000 1.00000 0.00000 -0.22000 0.25500 1 0 1.0
cl_white
0 -1.30000 4.05000 1.22500 0.00000 1.00000 0.00000 -0.26000 0.24500 1 0 1.0
0 -1.10000 4.05000 1.27500 0.00000 1.00000 0.00000 -0.22000 0.25500 1 0 1.0
0 -1.10000 4.05000 1.22500 0.00000 1.00000 0.00000 -0.22000 0.24500 1 0 1.0
cl_white
0 -1.00000 3.95000 1.22500 1.00000 0.00000 0.00000 0.79000 0.24500 1 0 1.0
0 -1.00000 3.95000 1.27500 1.00000 0.00000 0.00000 0.79000 0.25500 1 0 1.0
0 -1.00000 -3.95000 1.27500 1.00000 0.00000 0.00000 -0.79000 0.25500 1 0 1.0
cl_white
0 -1.00000 3.95000 1.22500 1.00000 0.00000 0.00000 0.79000 0.24500 1 0 1.0
0 -1.00000 -3.95000 1.27500 1.00000 0.00000 0.00000 -0.79000 0.25500 1 0 1.0
0 -1.00000 -3.95000 1.22500 1.00000 0.00000 0.00000 -0.79000 0.24500 1 0 1.0
cl_accent
0 -1.36000 -1.16000 1.21000 -0.57735 -0.57735 -0.57735 -0.23200 0.24200 1 0 1.0
0 -1.36000 -1.20000 1.25000 -0.57735 -0.57735 -0.57735 -0.24000 0.25000 1 0 1.0
0 -1.40000 -1.16000 1.25000 -0.57735 -0.57735 -0.57735 -0.23200 0.25000 1 0 1.0
cl_accent
0 -1.36000 -1.20000 1.23000 -0.57735 -0.57735 0.57735 -0.24000 0.24600 1 0 1.0
0 -1.36000 -1.16000 1.27000 -0.57735 -0.57735 0.57735 -0.23200 0.25400 1 0 1.0
0 -1.40000 -1.16000 1.23000 -0.57735 -0.57735 0.57735 -0.23200 0.24600 1 0 1.0
cl_accent
0 -1.36000 1.16000 1.21000 -0.57735 0.57735 -0.57735 0.23200 0.24200 1 0 1.0
0 -1.40000 1.16000 1.25000 -0.57735 0.57735 -0.57735 0.23200 0.25000 1 0 1.0
0 -1.36000 1.20000 1.25000 -0.57735 0.57735 -0.57735 0.24000 0.25000 1 0 1.0
cl_accent
0 -1.36000 1.16000 1.27000 -0.57735 0.57735 0.57735 0.23200 0.25400 1 0 1.0
0 -1.36000 1.20000 1.23000 -0.57735 0.57735 0.57735 0.24000 0.24600 1 0 1.0
0 -1.40000 1.16000 1.23000 -0.57735 0.57735 0.57735 0.23200 0.24600 1 0 1.0
cl_accent
0 0.76000 -1.16000 1.21000 0.57735 -0.57735 -0.57735 -0.23200 0.24200 1 0 1.0
0 0.80000 -1.16000 1.25000 0.57735 -0.57735 -0.57735 -0.23200 0.25000 1 0 1.0
0 0.76000 -1.20000 1.25000 0.57735 -0.57735 -0.57735 -0.24000 0.25000 1 0 1.0
cl_accent
0 0.76000 -1.16000 1.27000 0.57735 -0.57735 0.57735 -0.23200 0.25400 1 0 1.0
0 0.76000 -1.20000 1.23000 0.57735 -0.57735 0.57735 -0.24000 0.24600 1 0 1.0
0 0.80000 -1.16000 1.23000 0.57735 -0.57735 0.57735 -0.23200 0.24600 1 0 1.0
cl_accent
0 0.76000 1.16000 1.21000 0.57735 0.57735 -0.57735 0.23200 0.24200 1 0 1.0
0 0.76000 1.20000 1.25000 0.57735 0.57735 -0.57735 0.24000 0.25000 1 0 1.0
0 0.80000 1.16000 1.25000 0.57735 0.57735 -0.57735 0.23200 0.25000 1 0 1.0
cl_accent
0 0.76000 1.16000 1.27000 0.57735 0.57735 0.57735 0.23200 0.25400 1 0 1.0
0 0.80000 1.16000 1.23000 0.57735 0.57735 0.57735 0.23200 0.24600 1 0 1.0
0 0.76000 1.20000 1.23000 0.57735 0.57735 0.57735 0.24000 0.24600 1 0 1.0
cl_accent
0 -1.36000 1.16000 1.21000 -0.70711 0.00000 -0.70711 0.23200 0.24200 1 0 1.0
0 -1.36000 -1.16000 1.21000 -0.70711 0.00000 -0.70711 -0.23200 0.24200 1 0 1.0
0 -1.40000 -1.16000 1.25000 -0.70711 0.00000 -0.70711 -0.23200 0.25000 1 0 1.0
cl_accent
0 -1.36000 1.16000 1.21000 -0.70711 0.00000 -0.70711 0.23200 0.24200 1 0 1.0
0 -1.40000 -1.16000 1.25000 -0.70711 0.00000 -0.70711 -0.23200 0.25000 1 0 1.0
0 -1.40000 1.16000 1.25000 -0.70711 0.00000 -0.70711 0.23200 0.25000 1 0 1.0
cl_accent
0 -1.36000 -1.20000 1.25000 0.70711 0.70711 0.00000 -0.24000 0.25000 1 0 1.0
0 -1.36000 -1.20000 1.23000 0.70711 0.70711 0.00000 -0.24000 0.24600 1 0 1.0
0 -1.40000 -1.16000 1.23000 0.70711 0.70711 0.00000 -0.23200 0.24600 1 0 1.0
cl_accent
0 -1.36000 -1.20000 1.25000 0.70711 0.70711 0.00000 -0.24000 0.25000 1 0 1.0
0 -1.40000 -1.16000 1.23000 0.70711 0.70711 0.00000 -0.23200 0.24600 1 0 1.0
0 -1.40000 -1.16000 1.25000 0.70711 0.70711 0.00000 -0.23200 0.25000 1 0 1.0
cl_accent
0 -1.36000 -1.16000 1.27000 -0.70711 0.00000 0.70711 -0.23200 0.25400 1 0 1.0
0 -1.36000 1.16000 1.27000 -0.70711 0.00000 0.70711 0.23200 0.25400 1 0 1.0
0 -1.40000 1.16000 1.23000 -0.70711 0.00000 0.70711 0.23200 0.24600 1 0 1.0
cl_accent
0 -1.36000 -1.16000 1.27000 -0.70711 0.00000 0.70711 -0.23200 0.25400 1 0 1.0
0 -1.40000 1.16000 1.23000 -0.70711 0.00000 0.70711 0.23200 0.24600 1 0 1.0
0 -1.40000 -1.16000 1.23000 -0.70711 0.00000 0.70711 -0.23200 0.24600 1 0 1.0
cl_accent
0 -1.36000 1.20000 1.23000 0.70711 -0.70711 0.00000 0.24000 0.24600 1 0 1.0
0 -1.36000 1.20000 1.25000 0.70711 -0.70711 0.00000 0.24000 0.25000 1 0 1.0
0 -1.40000 1.16000 1.25000 0.70711 -0.70711 0.00000 0.23200 0.25000 1 0 1.0
cl_accent
0 -1.36000 1.20000 1.23000 0.70711 -0.70711 0.00000 0.24000 0.24600 1 0 1.0
0 -1.40000 1.16000 1.25000 0.70711 -0.70711 0.00000 0.23200 0.25000 1 0 1.0
0 -1.40000 1.16000 1.23000 0.70711 -0.70711 0.00000 0.23200 0.24600 1 0 1.0
cl_accent
0 0.76000 1.16000 1.21000 0.00000 0.70711 -0.70711 0.15200 0.24200 1 0 1.0
0 -1.36000 1.16000 1.21000 0.00000 0.70711 -0.70711 -0.27200 0.24200 1 0 1.0
0 -1.36000 1.20000 1.25000 0.00000 0.70711 -0.70711 -0.27200 0.25000 1 0 1.0
cl_accent
0 0.76000 1.16000 1.21000 0.00000 0.70711 -0.70711 0.15200 0.24200 1 0 1.0
0 -1.36000 1.20000 1.25000 0.00000 0.70711 -0.70711 -0.27200 0.25000 1 0 1.0
0 0.76000 1.20000 1.25000 0.00000 0.70711 -0.70711 0.15200 0.25000 1 0 1.0
cl_accent
0 -1.36000 1.16000 1.27000 0.00000 0.70711 0.70711 -0.27200 0.25400 1 0 1.0
0 0.76000 1.16000 1.27000 0.00000 0.70711 0.70711 0.15200 0.25400 1 0 1.0
0 0.76000 1.20000 1.23000 0.00000 0.70711 0.70711 0.15200 0.24600 1 0 1.0
cl_accent
0 -1.36000 1.16000 1.27000 0.00000 0.70711 0.70711 -0.27200 0.25400 1 0 1.0
0 0.76000 1.20000 1.23000 0.00000 0.70711 0.70711 0.15200 0.24600 1 0 1.0
0 -1.36000 1.20000 1.23000 0.00000 0.70711 0.70711 -0.27200 0.24600 1 0 1.0
cl_accent
0 0.80000 1.16000 1.23000 -0.70711 -0.70711 0.00000 0.23200 0.24600 1 0 1.0
0 0.80000 1.16000 1.25000 -0.70711 -0.70711 0.00000 0.23200 0.25000 1 0 1.0
0 0.76000 1.20000 1.25000 -0.70711 -0.70711 0.00000 0.24000 0.25000 1 0 1.0
cl_accent
0 0.80000 1.16000 1.23000 -0.70711 -0.70711 0.00000 0.23200 0.24600 1 0 1.0
0 0.76000 1.20000 1.25000 -0.70711 -0.70711 0.00000 0.24000 0.25000 1 0 1.0
0 0.76000 1.20000 1.23000 -0.70711 -0.70711 0.00000 0.24000 0.24600 1 0 1.0
cl_accent
0 0.76000 -1.16000 1.21000 0.70711 0.00000 -0.70711 -0.23200 0.24200 1 0 1.0
0 0.76000 1.16000 1.21000 0.70711 0.00000 -0.70711 0.23200 0.24200 1 0 1.0
0 0.80000 1.16000 1.25000 0.70711 0.00000 -0.70711 0.23200 0.25000 1 0 1.0
cl_accent
0 0.76000 -1.16000 1.21000 0.70711 0.00000 -0.70711 -0.23200 0.24200 1 0 1.0
0 0.80000 1.16000 1.25000 0.70711 0.00000 -0.70711 0.23200 0.25000 1 0 1.0
0 0.80000 -1.16000 1.25000 0.70711 0.00000 -0.70711 -0.23200 0.25000 1 0 1.0
cl_accent
0 0.76000 1.16000 1.27000 0.70711 0.00000 0.70711 0.23200 0.25400 1 0 1.0
0 0.76000 -1.16000 1.27000 0.70711 0.00000 0.70711 -0.23200 0.25400 1 0 1.0
0 0.80000 -1.16000 1.23000 0.70711 0.00000 0.70711 -0.23200 0.24600 1 0 1.0
cl_accent
0 0.76000 1.16000 1.27000 0.70711 0.00000 0.70711 0.23200 0.25400 1 0 1.0
0 0.80000 -1.16000 1.23000 0.70711 0.00000 0.70711 -0.23200 0.24600 1 0 1.0
0 0.80000 1.16000 1.23000 0.70711 0.00000 0.70711 0.23200 0.24600 1 0 1.0
cl_accent
0 0.76000 -1.20000 1.23000 -0.70711 0.70711 0.00000 -0.24000 0.24600 1 0 1.0
0 0.76000 -1.20000 1.25000 -0.70711 0.70711 0.00000 -0.24000 0.25000 1 0 1.0
0 0.80000 -1.16000 1.25000 -0.70711 0.70711 0.00000 -0.23200 0.25000 1 0 1.0
cl_accent
0 0.76000 -1.20000 1.23000 -0.70711 0.70711 0.00000 -0.24000 0.24600 1 0 1.0
0 0.80000 -1.16000 1.25000 -0.70711 0.70711 0.00000 -0.23200 0.25000 1 0 1.0
0 0.80000 -1.16000 1.23000 -0.70711 0.70711 0.00000 -0.23200 0.24600 1 0 1.0
cl_accent
0 -1.36000 -1.16000 1.21000 0.00000 -0.70711 -0.70711 -0.27200 0.24200 1 0 1.0
0 0.76000 -1.16000 1.21000 0.00000 -0.70711 -0.70711 0.15200 0.24200 1 0 1.0
0 0.76000 -1.20000 1.25000 0.00000 -0.70711 -0.70711 0.15200 0.25000 1 0 1.0
cl_accent
0 -1.36000 -1.16000 1.21000 0.00000 -0.70711 -0.70711 -0.27200 0.24200 1 0 1.0
0 0.76000 -1.20000 1.25000 0.00000 -0.70711 -0.70711 0.15200 0.25000 1 0 1.0
0 -1.36000 -1.20000 1.25000 0.00000 -0.70711 -0.70711 -0.27200 0.25000 1 0 1.0
cl_accent
0 0.76000 -1.16000 1.27000 0.00000 -0.70711 0.70711 0.15200 0.25400 1 0 1.0
0 -1.36000 -1.16000 1.27000 0.00000 -0.70711 0.70711 -0.27200 0.25400 1 0 1.0
0 -1.36000 -1.20000 1.23000 0.00000 -0.70711 0.70711 -0.27200 0.24600 1 0 1.0
cl_accent
0 0.76000 -1.16000 1.27000 0.00000 -0.70711 0.70711 0.15200 0.25400 1 0 1.0
0 -1.36000 -1.20000 1.23000 0.00000 -0.70711 0.70711 -0.27200 0.24600 1 0 1.0
0 0.76000 -1.20000 1.23000 0.00000 -0.70711 0.70711 0.15200 0.24600 1 0 1.0
cl_accent
0 -1.36000 1.16000 1.21000 0.00000 0.00000 -1.00000 -0.27200 0.23200 1 0 1.0
0 0.76000 1.16000 1.21000 0.00000 0.00000 -1.00000 0.15200 0.23200 1 0 1.0
0 0.76000 -1.16000 1.21000 0.00000 0.00000 -1.00000 0.15200 -0.23200 1 0 1.0
cl_accent
0 -1.36000 1.16000 1.21000 0.00000 0.00000 -1.00000 -0.27200 0.23200 1 0 1.0
0 0.76000 -1.16000 1.21000 0.00000 0.00000 -1.00000 0.15200 -0.23200 1 0 1.0
0 -1.36000 -1.16000 1.21000 0.00000 0.00000 -1.00000 -0.27200 -0.23200 1 0 1.0
cl_accent
0 -1.40000 -1.16000 1.25000 1.00000 0.00000 0.00000 -0.23200 0.25000 1 0 1.0
0 -1.40000 -1.16000 1.23000 1.00000 0.00000 0.00000 -0.23200 0.24600 1 0 1.0
0 -1.40000 1.16000 1.23000 1.00000 0.00000 0.00000 0.23200 0.24600 1 0 1.0
cl_accent
0 -1.40000 -1.16000 1.25000 1.00000 0.00000 0.00000 -0.23200 0.25000 1 0 1.0
0 -1.40000 1.16000 1.23000 1.00000 0.00000 0.00000 0.23200 0.24600 1 0 1.0
0 -1.40000 1.16000 1.25000 1.00000 0.00000 0.00000 0.23200 0.25000 1 0 1.0
cl_accent
0 0.76000 -1.20000 1.25000 0.00000 1.00000 0.00000 0.15200 0.25000 1 0 1.0
0 0.76000 -1.20000 1.23000 0.00000 1.00000 0.00000 0.15200 0.24600 1 0 1.0
0 -1.36000 -1.20000 1.23000 0.00000 1.00000 0.00000 -0.27200 0.24600 1 0 1.0
cl_accent
0 0.76000 -1.20000 1.25000 0.00000 1.00000 0.00000 0.15200 0.25000 1 0 1.0
0 -1.36000 -1.20000 1.23000 0.00000 1.00000 0.00000 -0.27200 0.24600 1 0 1.0
0 -1.36000 -1.20000 1.25000 0.00000 1.00000 0.00000 -0.27200 0.25000 1 0 1.0
cl_accent
0 0.76000 1.16000 1.27000 0.00000 0.00000 1.00000 0.15200 0.23200 1 0 1.0
0 -1.36000 1.16000 1.27000 0.00000 0.00000 1.00000 -0.27200 0.23200 1 0 1.0
0 -1.36000 -1.16000 1.27000 0.00000 0.00000 1.00000 -0.27200 -0.23200 1 0 1.0
cl_accent
0 0.76000 1.16000 1.27000 0.00000 0.00000 1.00000 0.15200 0.23200 1 0 1.0
0 -1.36000 -1.16000 1.27000 0.00000 0.00000 1.00000 -0.27200 -0.23200 1 0 1.0
0 0.76000 -1.16000 1.27000 0.00000 0.00000 1.00000 0.15200 -0.23200 1 0 1.0
cl_accent
0 -1.36000 1.20000 1.25000 0.00000 -1.00000 0.00000 -0.27200 0.25000 1 0 1.0
0 -1.36000 1.20000 1.23000 0.00000 -1.00000 0.00000 -0.27200 0.24600 1 0 1.0
0 0.76000 1.20000 1.23000 0.00000 -1.00000 0.00000 0.15200 0.24600 1 0 1.0
cl_accent
0 -1.36000 1.20000 1.25000 0.00000 -1.00000 0.00000 -0.27200 0.25000 1 0 1.0
0 0.76000 1.20000 1.23000 0.00000 -1.00000 0.00000 0.15200 0.24600 1 0 1.0
0 0.76000 1.20000 1.25000 0.00000 -1.00000 0.00000 0.15200 0.25000 1 0 1.0
cl_accent
0 0.80000 1.16000 1.25000 -1.00000 0.00000 0.00000 0.23200 0.25000 1 0 1.0
0 0.80000 1.16000 1.23000 -1.00000 0.00000 0.00000 0.23200 0.24600 1 0 1.0
0 0.80000 -1.16000 1.23000 -1.00000 0.00000 0.00000 -0.23200 0.24600 1 0 1.0
cl_accent
0 0.80000 1.16000 1.25000 -1.00000 0.00000 0.00000 0.23200 0.25000 1 0 1.0
0 0.80000 -1.16000 1.23000 -1.00000 0.00000 0.00000 -0.23200 0.24600 1 0 1.0
0 0.80000 -1.16000 1.25000 -1.00000 0.00000 0.00000 -0.23200 0.25000 1 0 1.0
end
