version 1
nodes
0 "root" -1
end
skeleton
time 0
0 0 0 0 0 0 0
end
triangles
bag_fabric
0 0.12000 -5.28000 -0.80000 -0.26387 -0.24929 -0.93179 -0.40140 -0.95040 1 0 1.0
0 0.12000 -5.48972 -0.74389 -0.26387 -0.24929 -0.93179 -0.40140 -0.98815 1 0 1.0
0 -0.08085 -5.48085 -0.68939 -0.26387 -0.24929 -0.93179 -0.43755 -0.98655 1 0 1.0
bag_fabric
0 0.12000 -5.28000 -0.80000 -0.24929 -0.26387 -0.93179 -0.40140 -0.95040 1 0 1.0
0 -0.08085 -5.48085 -0.68939 -0.24929 -0.26387 -0.93179 -0.43755 -0.98655 1 0 1.0
0 -0.08972 -5.28000 -0.74389 -0.24929 -0.26387 -0.93179 -0.43915 -0.95040 1 0 1.0
bag_fabric
0 0.12000 -5.48972 -0.74389 -0.21778 -0.69014 -0.69014 -0.40140 1.28810 1 0 1.0
0 0.12000 -5.64389 -0.58972 -0.21778 -0.69014 -0.69014 -0.40140 1.31585 1 0 1.0
0 -0.08085 -5.58939 -0.58085 -0.21778 -0.69014 -0.69014 -0.43755 1.31745 1 0 1.0
bag_fabric
0 0.12000 -5.48972 -0.74389 -0.21778 -0.69014 -0.69014 -0.40140 1.28810 1 0 1.0
0 -0.08085 -5.58939 -0.58085 -0.21778 -0.69014 -0.69014 -0.43755 1.31745 1 0 1.0
0 -0.08085 -5.48085 -0.68939 -0.21778 -0.69014 -0.69014 -0.43755 1.29791 1 0 1.0
bag_fabric
0 0.12000 -5.70000 -0.38000 -0.24929 -0.93179 -0.26387 -0.40140 1.35360 1 0 1.0
0 -0.08972 -5.64389 -0.38000 -0.24929 -0.93179 -0.26387 -0.43915 1.35360 1 0 1.0
0 -0.08085 -5.58939 -0.58085 -0.24929 -0.93179 -0.26387 -0.43755 1.31745 1 0 1.0
bag_fabric
0 0.12000 -5.70000 -0.38000 -0.26387 -0.93179 -0.24929 -0.40140 1.35360 1 0 1.0
0 -0.08085 -5.58939 -0.58085 -0.26387 -0.93179 -0.24929 -0.43755 1.31745 1 0 1.0
0 0.12000 -5.64389 -0.58972 -0.26387 -0.93179 -0.24929 -0.40140 1.31585 1 0 1.0
bag_fabric
0 -0.08972 -5.64389 -0.38000 -0.69014 -0.69014 -0.21778 -0.43915 1.35360 1 0 1.0
0 -0.24389 -5.48972 -0.38000 -0.69014 -0.69014 -0.21778 -0.46690 1.35360 1 0 1.0
0 -0.18939 -5.48085 -0.58085 -0.69014 -0.69014 -0.21778 -0.45709 1.31745 1 0 1.0
bag_fabric
0 -0.08972 -5.64389 -0.38000 -0.69013 -0.69014 -0.21778 -0.43915 1.35360 1 0 1.0
0 -0.18939 -5.48085 -0.58085 -0.69013 -0.69014 -0.21778 -0.45709 1.31745 1 0 1.0
0 -0.08085 -5.58939 -0.58085 -0.69013 -0.69014 -0.21778 -0.43755 1.31745 1 0 1.0
bag_fabric
0 -0.30000 -5.28000 -0.38000 -0.93179 -0.26387 -0.24929 -0.95040 1.35360 1 0 1.0
0 -0.24389 -5.28000 -0.58972 -0.93179 -0.26387 -0.24929 -0.95040 1.31585 1 0 1.0
0 -0.18939 -5.48085 -0.58085 -0.93179 -0.26387 -0.24929 -0.98655 1.31745 1 0 1.0
bag_fabric
0 -0.30000 -5.28000 -0.38000 -0.93179 -0.24929 -0.26387 -0.95040 1.35360 1 0 1.0
0 -0.18939 -5.48085 -0.58085 -0.93179 -0.24929 -0.26387 -0.98655 1.31745 1 0 1.0
0 -0.24389 -5.48972 -0.38000 -0.93179 -0.24929 -0.26387 -0.98815 1.35360 1 0 1.0
bag_fabric
0 -0.24389 -5.28000 -0.58972 -0.69014 -0.21778 -0.69014 -0.46690 -0.95040 1 0 1.0
0 -0.08972 -5.28000 -0.74389 -0.69014 -0.21778 -0.69014 -0.43915 -0.95040 1 0 1.0
0 -0.08085 -5.48085 -0.68939 -0.69014 -0.21778 -0.69014 -0.43755 -0.98655 1 0 1.0
bag_fabric
0 -0.24389 -5.28000 -0.58972 -0.69013 -0.21778 -0.69014 -0.46690 -0.95040 1 0 1.0
0 -0.08085 -5.48085 -0.68939 -0.69013 -0.21778 -0.69014 -0.43755 -0.98655 1 0 1.0
0 -0.18939 -5.48085 -0.58085 -0.69013 -0.21778 -0.69014 -0.45709 -0.98655 1 0 1.0
bag_fabric
0 -0.08085 -5.48085 -0.68939 -0.57735 -0.57735 -0.57735 -0.43755 1.29791 1 0 1.0
0 -0.08085 -5.58939 -0.58085 -0.57735 -0.57735 -0.57735 -0.43755 1.31745 1 0 1.0
0 -0.18939 -5.48085 -0.58085 -0.57735 -0.57735 -0.57735 -0.45709 1.31745 1 0 1.0
bag_fabric
0 0.12000 -5.70000 -0.32000 -0.26387 -0.93179 0.24929 -0.40140 1.36440 1 0 1.0
0 0.12000 -5.64389 -0.11028 -0.26387 -0.93179 0.24929 -0.40140 1.40215 1 0 1.0
0 -0.08085 -5.58939 -0.11915 -0.26387 -0.93179 0.24929 -0.43755 1.40055 1 0 1.0
bag_fabric
0 0.12000 -5.70000 -0.32000 -0.24929 -0.93178 0.26387 -0.40140 1.36440 1 0 1.0
0 -0.08085 -5.58939 -0.11915 -0.24929 -0.93178 0.26387 -0.43755 1.40055 1 0 1.0
0 -0.08972 -5.64389 -0.32000 -0.24929 -0.93178 0.26387 -0.43915 1.36440 1 0 1.0
bag_fabric
0 0.12000 -5.64389 -0.11028 -0.21778 -0.69014 0.69014 -0.40140 1.40215 1 0 1.0
0 0.12000 -5.48972 0.04389 -0.21778 -0.69014 0.69014 -0.40140 1.42990 1 0 1.0
0 -0.08085 -5.48085 -0.01061 -0.21778 -0.69014 0.69014 -0.43755 1.42009 1 0 1.0
bag_fabric
0 0.12000 -5.64389 -0.11028 -0.21778 -0.69014 0.69014 -0.40140 1.40215 1 0 1.0
0 -0.08085 -5.48085 -0.01061 -0.21778 -0.69014 0.69014 -0.43755 1.42009 1 0 1.0
0 -0.08085 -5.58939 -0.11915 -0.21778 -0.69014 0.69014 -0.43755 1.40055 1 0 1.0
bag_fabric
0 0.12000 -5.28000 0.10000 -0.24929 -0.26387 0.93179 -0.40140 -0.95040 1 0 1.0
0 -0.08972 -5.28000 0.04389 -0.24929 -0.26387 0.93179 -0.43915 -0.95040 1 0 1.0
0 -0.08085 -5.48085 -0.01061 -0.24929 -0.26387 0.93179 -0.43755 -0.98655 1 0 1.0
bag_fabric
0 0.12000 -5.28000 0.10000 -0.26387 -0.24929 0.93179 -0.40140 -0.95040 1 0 1.0
0 -0.08085 -5.48085 -0.01061 -0.26387 -0.24929 0.93179 -0.43755 -0.98655 1 0 1.0
0 0.12000 -5.48972 0.04389 -0.26387 -0.24929 0.93179 -0.40140 -0.98815 1 0 1.0
bag_fabric
0 -0.08972 -5.28000 0.04389 -0.69014 -0.21778 0.69014 -0.43915 -0.95040 1 0 1.0
0 -0.24389 -5.28000 -0.11028 -0.69014 -0.21778 0.69014 -0.46690 -0.95040 1 0 1.0
0 -0.18939 -5.48085 -0.11915 -0.69014 -0.21778 0.69014 -0.45709 -0.98655 1 0 1.0
bag_fabric
0 -0.08972 -5.28000 0.04389 -0.69013 -0.21778 0.69014 -0.43915 -0.95040 1 0 1.0
0 -0.18939 -5.48085 -0.11915 -0.69013 -0.21778 0.69014 -0.45709 -0.98655 1 0 1.0
0 -0.08085 -5.48085 -0.01061 -0.69013 -0.21778 0.69014 -0.43755 -0.98655 1 0 1.0
bag_fabric
0 -0.30000 -5.28000 -0.32000 -0.93179 -0.24929 0.26387 -0.95040 1.36440 1 0 1.0
0 -0.24389 -5.48972 -0.32000 -0.93179 -0.24929 0.26387 -0.98815 1.36440 1 0 1.0
0 -0.18939 -5.48085 -0.11915 -0.93179 -0.24929 0.26387 -0.98655 1.40055 1 0 1.0
bag_fabric
0 -0.30000 -5.28000 -0.32000 -0.93179 -0.26387 0.24929 -0.95040 1.36440 1 0 1.0
0 -0.18939 -5.48085 -0.11915 -0.93179 -0.26387 0.24929 -0.98655 1.40055 1 0 1.0
0 -0.24389 -5.28000 -0.11028 -0.93179 -0.26387 0.24929 -0.95040 1.40215 1 0 1.0
bag_fabric
0 -0.24389 -5.48972 -0.32000 -0.69014 -0.69014 0.21778 -0.46690 1.36440 1 0 1.0
0 -0.08972 -5.64389 -0.32000 -0.69014 -0.69014 0.21778 -0.43915 1.36440 1 0 1.0
0 -0.08085 -5.58939 -0.11915 -0.69014 -0.69014 0.21778 -0.43755 1.40055 1 0 1.0
bag_fabric
0 -0.24389 -5.48972 -0.32000 -0.69013 -0.69014 0.21778 -0.46690 1.36440 1 0 1.0
0 -0.08085 -5.58939 -0.11915 -0.69013 -0.69014 0.21778 -0.43755 1.40055 1 0 1.0
0 -0.18939 -5.48085 -0.11915 -0.69013 -0.69014 0.21778 -0.45709 1.40055 1 0 1.0
bag_fabric
0 -0.08085 -5.58939 -0.11915 -0.57735 -0.57735 0.57735 -0.43755 1.40055 1 0 1.0
0 -0.08085 -5.48085 -0.01061 -0.57735 -0.57735 0.57735 -0.43755 1.42009 1 0 1.0
0 -0.18939 -5.48085 -0.11915 -0.57735 -0.57735 0.57735 -0.45709 1.40055 1 0 1.0
bag_fabric
0 0.12000 5.28000 -0.80000 -0.24929 0.26387 -0.93179 -0.40140 0.95040 1 0 1.0
0 -0.08972 5.28000 -0.74389 -0.24929 0.26387 -0.93179 -0.43915 0.95040 1 0 1.0
0 -0.08085 5.48085 -0.68939 -0.24929 0.26387 -0.93179 -0.43755 0.98655 1 0 1.0
bag_fabric
0 0.12000 5.28000 -0.80000 -0.26387 0.24929 -0.93179 -0.40140 0.95040 1 0 1.0
0 -0.08085 5.48085 -0.68939 -0.26387 0.24929 -0.93179 -0.43755 0.98655 1 0 1.0
0 0.12000 5.48972 -0.74389 -0.26387 0.24929 -0.93179 -0.40140 0.98815 1 0 1.0
bag_fabric
0 -0.08972 5.28000 -0.74389 -0.69014 0.21778 -0.69014 -0.43915 0.95040 1 0 1.0
0 -0.24389 5.28000 -0.58972 -0.69014 0.21778 -0.69014 -0.46690 0.95040 1 0 1.0
0 -0.18939 5.48085 -0.58085 -0.69014 0.21778 -0.69014 -0.45709 0.98655 1 0 1.0
bag_fabric
0 -0.08972 5.28000 -0.74389 -0.69013 0.21778 -0.69014 -0.43915 0.95040 1 0 1.0
0 -0.18939 5.48085 -0.58085 -0.69013 0.21778 -0.69014 -0.45709 0.98655 1 0 1.0
0 -0.08085 5.48085 -0.68939 -0.69013 0.21778 -0.69014 -0.43755 0.98655 1 0 1.0
bag_fabric
0 -0.30000 5.28000 -0.38000 -0.93179 0.24929 -0.26387 0.95040 1.35360 1 0 1.0
0 -0.24389 5.48972 -0.38000 -0.93179 0.24929 -0.26387 0.98815 1.35360 1 0 1.0
0 -0.18939 5.48085 -0.58085 -0.93179 0.24929 -0.26387 0.98655 1.31745 1 0 1.0
bag_fabric
0 -0.30000 5.28000 -0.38000 -0.93179 0.26387 -0.24929 0.95040 1.35360 1 0 1.0
0 -0.18939 5.48085 -0.58085 -0.93179 0.26387 -0.24929 0.98655 1.31745 1 0 1.0
0 -0.24389 5.28000 -0.58972 -0.93179 0.26387 -0.24929 0.95040 1.31585 1 0 1.0
bag_fabric
0 -0.24389 5.48972 -0.38000 -0.69014 0.69014 -0.21778 -0.46690 1.35360 1 0 1.0
0 -0.08972 5.64389 -0.38000 -0.69014 0.69014 -0.21778 -0.43915 1.35360 1 0 1.0
0 -0.08085 5.58939 -0.58085 -0.69014 0.69014 -0.21778 -0.43755 1.31745 1 0 1.0
bag_fabric
0 -0.24389 5.48972 -0.38000 -0.69013 0.69014 -0.21778 -0.46690 1.35360 1 0 1.0
0 -0.08085 5.58939 -0.58085 -0.69013 0.69014 -0.21778 -0.43755 1.31745 1 0 1.0
0 -0.18939 5.48085 -0.58085 -0.69013 0.69014 -0.21778 -0.45709 1.31745 1 0 1.0
bag_fabric
0 0.12000 5.70000 -0.38000 -0.26387 0.93179 -0.24929 -0.40140 1.35360 1 0 1.0
0 0.12000 5.64389 -0.58972 -0.26387 0.93179 -0.24929 -0.40140 1.31585 1 0 1.0
0 -0.08085 5.58939 -0.58085 -0.26387 0.93179 -0.24929 -0.43755 1.31745 1 0 1.0
bag_fabric
0 0.12000 5.70000 -0.38000 -0.24929 0.93178 -0.26387 -0.40140 1.35360 1 0 1.0
0 -0.08085 5.58939 -0.58085 -0.24929 0.93178 -0.26387 -0.43755 1.31745 1 0 1.0
0 -0.08972 5.64389 -0.38000 -0.24929 0.93178 -0.26387 -0.43915 1.35360 1 0 1.0
bag_fabric
0 0.12000 5.64389 -0.58972 -0.21778 0.69014 -0.69014 -0.40140 1.31585 1 0 1.0
0 0.12000 5.48972 -0.74389 -0.21778 0.69014 -0.69014 -0.40140 1.28810 1 0 1.0
0 -0.08085 5.48085 -0.68939 -0.21778 0.69014 -0.69014 -0.43755 1.29791 1 0 1.0
bag_fabric
0 0.12000 5.64389 -0.58972 -0.21778 0.69014 -0.69014 -0.40140 1.31585 1 0 1.0
0 -0.08085 5.48085 -0.68939 -0.21778 0.69014 -0.69014 -0.43755 1.29791 1 0 1.0
0 -0.08085 5.58939 -0.58085 -0.21778 0.69014 -0.69014 -0.43755 1.31745 1 0 1.0
bag_fabric
0 -0.08085 5.48085 -0.68939 -0.57735 0.57735 -0.57735 -0.43755 1.29791 1 0 1.0
0 -0.18939 5.48085 -0.58085 -0.57735 0.57735 -0.57735 -0.45709 1.31745 1 0 1.0
0 -0.08085 5.58939 -0.58085 -0.57735 0.57735 -0.57735 -0.43755 1.31745 1 0 1.0
bag_fabric
0 0.12000 5.28000 0.10000 -0.26387 0.24929 0.93179 -0.40140 0.95040 1 0 1.0
0 0.12000 5.48972 0.04389 -0.26387 0.24929 0.93179 -0.40140 0.98815 1 0 1.0
0 -0.08085 5.48085 -0.01061 -0.26387 0.24929 0.93179 -0.43755 0.98655 1 0 1.0
bag_fabric
0 0.12000 5.28000 0.10000 -0.24929 0.26387 0.93179 -0.40140 0.95040 1 0 1.0
0 -0.08085 5.48085 -0.01061 -0.24929 0.26387 0.93179 -0.43755 0.98655 1 0 1.0
0 -0.08972 5.28000 0.04389 -0.24929 0.26387 0.93179 -0.43915 0.95040 1 0 1.0
bag_fabric
0 0.12000 5.48972 0.04389 -0.21778 0.69014 0.69014 -0.40140 1.42990 1 0 1.0
0 0.12000 5.64389 -0.11028 -0.21778 0.69014 0.69014 -0.40140 1.40215 1 0 1.0
0 -0.08085 5.58939 -0.11915 -0.21778 0.69014 0.69014 -0.43755 1.40055 1 0 1.0
bag_fabric
0 0.12000 5.48972 0.04389 -0.21778 0.69014 0.69014 -0.40140 1.42990 1 0 1.0
0 -0.08085 5.58939 -0.11915 -0.21778 0.69014 0.69014 -0.43755 1.40055 1 0 1.0
0 -0.08085 5.48085 -0.01061 -0.21778 0.69014 0.69014 -0.43755 1.42009 1 0 1.0
bag_fabric
0 0.12000 5.70000 -0.32000 -0.24929 0.93179 0.26387 -0.40140 1.36440 1 0 1.0
0 -0.08972 5.64389 -0.32000 -0.24929 0.93179 0.26387 -0.43915 1.36440 1 0 1.0
0 -0.08085 5.58939 -0.11915 -0.24929 0.93179 0.26387 -0.43755 1.40055 1 0 1.0
bag_fabric
0 0.12000 5.70000 -0.32000 -0.26387 0.93179 0.24929 -0.40140 1.36440 1 0 1.0
0 -0.08085 5.58939 -0.11915 -0.26387 0.93179 0.24929 -0.43755 1.40055 1 0 1.0
0 0.12000 5.64389 -0.11028 -0.26387 0.93179 0.24929 -0.40140 1.40215 1 0 1.0
bag_fabric
0 -0.08972 5.64389 -0.32000 -0.69014 0.69014 0.21778 -0.43915 1.36440 1 0 1.0
0 -0.24389 5.48972 -0.32000 -0.69014 0.69014 0.21778 -0.46690 1.36440 1 0 1.0
0 -0.18939 5.48085 -0.11915 -0.69014 0.69014 0.21778 -0.45709 1.40055 1 0 1.0
bag_fabric
0 -0.08972 5.64389 -0.32000 -0.69013 0.69014 0.21778 -0.43915 1.36440 1 0 1.0
0 -0.18939 5.48085 -0.11915 -0.69013 0.69014 0.21778 -0.45709 1.40055 1 0 1.0
0 -0.08085 5.58939 -0.11915 -0.69013 0.69014 0.21778 -0.43755 1.40055 1 0 1.0
bag_fabric
0 -0.30000 5.28000 -0.32000 -0.93179 0.26387 0.24929 0.95040 1.36440 1 0 1.0
0 -0.24389 5.28000 -0.11028 -0.93179 0.26387 0.24929 0.95040 1.40215 1 0 1.0
0 -0.18939 5.48085 -0.11915 -0.93179 0.26387 0.24929 0.98655 1.40055 1 0 1.0
bag_fabric
0 -0.30000 5.28000 -0.32000 -0.93179 0.24929 0.26387 0.95040 1.36440 1 0 1.0
0 -0.18939 5.48085 -0.11915 -0.93179 0.24929 0.26387 0.98655 1.40055 1 0 1.0
0 -0.24389 5.48972 -0.32000 -0.93179 0.24929 0.26387 0.98815 1.36440 1 0 1.0
bag_fabric
0 -0.24389 5.28000 -0.11028 -0.69014 0.21778 0.69014 -0.46690 0.95040 1 0 1.0
0 -0.08972 5.28000 0.04389 -0.69014 0.21778 0.69014 -0.43915 0.95040 1 0 1.0
0 -0.08085 5.48085 -0.01061 -0.69014 0.21778 0.69014 -0.43755 0.98655 1 0 1.0
bag_fabric
0 -0.24389 5.28000 -0.11028 -0.69013 0.21778 0.69014 -0.46690 0.95040 1 0 1.0
0 -0.08085 5.48085 -0.01061 -0.69013 0.21778 0.69014 -0.43755 0.98655 1 0 1.0
0 -0.18939 5.48085 -0.11915 -0.69013 0.21778 0.69014 -0.45709 0.98655 1 0 1.0
bag_fabric
0 -0.08085 5.48085 -0.01061 -0.57735 0.57735 0.57735 -0.43755 1.42009 1 0 1.0
0 -0.08085 5.58939 -0.11915 -0.57735 0.57735 0.57735 -0.43755 1.40055 1 0 1.0
0 -0.18939 5.48085 -0.11915 -0.57735 0.57735 0.57735 -0.45709 1.40055 1 0 1.0
bag_fabric
0 4.88000 -5.28000 -0.80000 0.24929 -0.26387 -0.93179 0.45540 -0.95040 1 0 1.0
0 5.08972 -5.28000 -0.74389 0.24929 -0.26387 -0.93179 0.49315 -0.95040 1 0 1.0
0 5.08085 -5.48085 -0.68939 0.24929 -0.26387 -0.93179 0.49155 -0.98655 1 0 1.0
bag_fabric
0 4.88000 -5.28000 -0.80000 0.26387 -0.24929 -0.93179 0.45540 -0.95040 1 0 1.0
0 5.08085 -5.48085 -0.68939 0.26387 -0.24929 -0.93179 0.49155 -0.98655 1 0 1.0
0 4.88000 -5.48972 -0.74389 0.26387 -0.24929 -0.93179 0.45540 -0.98815 1 0 1.0
bag_fabric
0 5.08972 -5.28000 -0.74389 0.69014 -0.21778 -0.69014 0.49315 -0.95040 1 0 1.0
0 5.24389 -5.28000 -0.58972 0.69014 -0.21778 -0.69014 0.52090 -0.95040 1 0 1.0
0 5.18939 -5.48085 -0.58085 0.69014 -0.21778 -0.69014 0.51109 -0.98655 1 0 1.0
bag_fabric
0 5.08972 -5.28000 -0.74389 0.69013 -0.21778 -0.69014 0.49315 -0.95040 1 0 1.0
0 5.18939 -5.48085 -0.58085 0.69013 -0.21778 -0.69014 0.51109 -0.98655 1 0 1.0
0 5.08085 -5.48085 -0.68939 0.69013 -0.21778 -0.69014 0.49155 -0.98655 1 0 1.0
bag_fabric
0 5.30000 -5.28000 -0.38000 0.93179 -0.24929 -0.26387 -0.95040 1.35360 1 0 1.0
0 5.24389 -5.48972 -0.38000 0.93179 -0.24929 -0.26387 -0.98815 1.35360 1 0 1.0
0 5.18939 -5.48085 -0.58085 0.93179 -0.24929 -0.26387 -0.98655 1.31745 1 0 1.0
bag_fabric
0 5.30000 -5.28000 -0.38000 0.93179 -0.26387 -0.24929 -0.95040 1.35360 1 0 1.0
0 5.18939 -5.48085 -0.58085 0.93179 -0.26387 -0.24929 -0.98655 1.31745 1 0 1.0
0 5.24389 -5.28000 -0.58972 0.93179 -0.26387 -0.24929 -0.95040 1.31585 1 0 1.0
bag_fabric
0 5.24389 -5.48972 -0.38000 0.69014 -0.69014 -0.21778 0.52090 1.35360 1 0 1.0
0 5.08972 -5.64389 -0.38000 0.69014 -0.69014 -0.21778 0.49315 1.35360 1 0 1.0
0 5.08085 -5.58939 -0.58085 0.69014 -0.69014 -0.21778 0.49155 1.31745 1 0 1.0
bag_fabric
0 5.24389 -5.48972 -0.38000 0.69013 -0.69014 -0.21778 0.52090 1.35360 1 0 1.0
0 5.08085 -5.58939 -0.58085 0.69013 -0.69014 -0.21778 0.49155 1.31745 1 0 1.0
0 5.18939 -5.48085 -0.58085 0.69013 -0.69014 -0.21778 0.51109 1.31745 1 0 1.0
bag_fabric
0 4.88000 -5.70000 -0.38000 0.26387 -0.93178 -0.24929 0.45540 1.35360 1 0 1.0
0 4.88000 -5.64389 -0.58972 0.26387 -0.93178 -0.24929 0.45540 1.31585 1 0 1.0
0 5.08085 -5.58939 -0.58085 0.26387 -0.93178 -0.24929 0.49155 1.31745 1 0 1.0
bag_fabric
0 4.88000 -5.70000 -0.38000 0.24929 -0.93178 -0.26387 0.45540 1.35360 1 0 1.0
0 5.08085 -5.58939 -0.58085 0.24929 -0.93178 -0.26387 0.49155 1.31745 1 0 1.0
0 5.08972 -5.64389 -0.38000 0.24929 -0.93178 -0.26387 0.49315 1.35360 1 0 1.0
bag_fabric
0 4.88000 -5.64389 -0.58972 0.21778 -0.69014 -0.69014 0.45540 1.31585 1 0 1.0
0 4.88000 -5.48972 -0.74389 0.21778 -0.69014 -0.69014 0.45540 1.28810 1 0 1.0
0 5.08085 -5.48085 -0.68939 0.21778 -0.69014 -0.69014 0.49155 1.29791 1 0 1.0
bag_fabric
0 4.88000 -5.64389 -0.58972 0.21778 -0.69014 -0.69014 0.45540 1.31585 1 0 1.0
0 5.08085 -5.48085 -0.68939 0.21778 -0.69014 -0.69014 0.49155 1.29791 1 0 1.0
0 5.08085 -5.58939 -0.58085 0.21778 -0.69014 -0.69014 0.49155 1.31745 1 0 1.0
bag_fabric
0 5.08085 -5.48085 -0.68939 0.57735 -0.57735 -0.57735 0.49155 1.29791 1 0 1.0
0 5.18939 -5.48085 -0.58085 0.57735 -0.57735 -0.57735 0.51109 1.31745 1 0 1.0
0 5.08085 -5.58939 -0.58085 0.57735 -0.57735 -0.57735 0.49155 1.31745 1 0 1.0
bag_fabric
0 4.88000 -5.28000 0.10000 0.26387 -0.24929 0.93179 0.45540 -0.95040 1 0 1.0
0 4.88000 -5.48972 0.04389 0.26387 -0.24929 0.93179 0.45540 -0.98815 1 0 1.0
0 5.08085 -5.48085 -0.01061 0.26387 -0.24929 0.93179 0.49155 -0.98655 1 0 1.0
bag_fabric
0 4.88000 -5.28000 0.10000 0.24929 -0.26387 0.93179 0.45540 -0.95040 1 0 1.0
0 5.08085 -5.48085 -0.01061 0.24929 -0.26387 0.93179 0.49155 -0.98655 1 0 1.0
0 5.08972 -5.28000 0.04389 0.24929 -0.26387 0.93179 0.49315 -0.95040 1 0 1.0
bag_fabric
0 4.88000 -5.48972 0.04389 0.21778 -0.69014 0.69014 0.45540 1.42990 1 0 1.0
0 4.88000 -5.64389 -0.11028 0.21778 -0.69014 0.69014 0.45540 1.40215 1 0 1.0
0 5.08085 -5.58939 -0.11915 0.21778 -0.69014 0.69014 0.49155 1.40055 1 0 1.0
bag_fabric
0 4.88000 -5.48972 0.04389 0.21778 -0.69014 0.69014 0.45540 1.42990 1 0 1.0
0 5.08085 -5.58939 -0.11915 0.21778 -0.69014 0.69014 0.49155 1.40055 1 0 1.0
0 5.08085 -5.48085 -0.01061 0.21778 -0.69014 0.69014 0.49155 1.42009 1 0 1.0
bag_fabric
0 4.88000 -5.70000 -0.32000 0.24930 -0.93178 0.26387 0.45540 1.36440 1 0 1.0
0 5.08972 -5.64389 -0.32000 0.24930 -0.93178 0.26387 0.49315 1.36440 1 0 1.0
0 5.08085 -5.58939 -0.11915 0.24930 -0.93178 0.26387 0.49155 1.40055 1 0 1.0
bag_fabric
0 4.88000 -5.70000 -0.32000 0.26387 -0.93178 0.24929 0.45540 1.36440 1 0 1.0
0 5.08085 -5.58939 -0.11915 0.26387 -0.93178 0.24929 0.49155 1.40055 1 0 1.0
0 4.88000 -5.64389 -0.11028 0.26387 -0.93178 0.24929 0.45540 1.40215 1 0 1.0
bag_fabric
0 5.08972 -5.64389 -0.32000 0.69014 -0.69014 0.21778 0.49315 1.36440 1 0 1.0
0 5.24389 -5.48972 -0.32000 0.69014 -0.69014 0.21778 0.52090 1.36440 1 0 1.0
0 5.18939 -5.48085 -0.11915 0.69014 -0.69014 0.21778 0.51109 1.40055 1 0 1.0
bag_fabric
0 5.08972 -5.64389 -0.32000 0.69013 -0.69014 0.21778 0.49315 1.36440 1 0 1.0
0 5.18939 -5.48085 -0.11915 0.69013 -0.69014 0.21778 0.51109 1.40055 1 0 1.0
0 5.08085 -5.58939 -0.11915 0.69013 -0.69014 0.21778 0.49155 1.40055 1 0 1.0
bag_fabric
0 5.30000 -5.28000 -0.32000 0.93179 -0.26387 0.24929 -0.95040 1.36440 1 0 1.0
0 5.24389 -5.28000 -0.11028 0.93179 -0.26387 0.24929 -0.95040 1.40215 1 0 1.0
0 5.18939 -5.48085 -0.11915 0.93179 -0.26387 0.24929 -0.98655 1.40055 1 0 1.0
bag_fabric
0 5.30000 -5.28000 -0.32000 0.93179 -0.24929 0.26387 -0.95040 1.36440 1 0 1.0
0 5.18939 -5.48085 -0.11915 0.93179 -0.24929 0.26387 -0.98655 1.40055 1 0 1.0
0 5.24389 -5.48972 -0.32000 0.93179 -0.24929 0.26387 -0.98815 1.36440 1 0 1.0
bag_fabric
0 5.24389 -5.28000 -0.11028 0.69014 -0.21778 0.69014 0.52090 -0.95040 1 0 1.0
0 5.08972 -5.28000 0.04389 0.69014 -0.21778 0.69014 0.49315 -0.95040 1 0 1.0
0 5.08085 -5.48085 -0.01061 0.69014 -0.21778 0.69014 0.49155 -0.98655 1 0 1.0
bag_fabric
0 5.24389 -5.28000 -0.11028 0.69013 -0.21778 0.69014 0.52090 -0.95040 1 0 1.0
0 5.08085 -5.48085 -0.01061 0.69013 -0.21778 0.69014 0.49155 -0.98655 1 0 1.0
0 5.18939 -5.48085 -0.11915 0.69013 -0.21778 0.69014 0.51109 -0.98655 1 0 1.0
bag_fabric
0 5.08085 -5.48085 -0.01061 0.57735 -0.57735 0.57735 0.49155 1.42009 1 0 1.0
0 5.08085 -5.58939 -0.11915 0.57735 -0.57735 0.57735 0.49155 1.40055 1 0 1.0
0 5.18939 -5.48085 -0.11915 0.57735 -0.57735 0.57735 0.51109 1.40055 1 0 1.0
bag_fabric
0 4.88000 5.28000 -0.80000 0.26387 0.24929 -0.93179 0.45540 0.95040 1 0 1.0
0 4.88000 5.48972 -0.74389 0.26387 0.24929 -0.93179 0.45540 0.98815 1 0 1.0
0 5.08085 5.48085 -0.68939 0.26387 0.24929 -0.93179 0.49155 0.98655 1 0 1.0
bag_fabric
0 4.88000 5.28000 -0.80000 0.24929 0.26387 -0.93179 0.45540 0.95040 1 0 1.0
0 5.08085 5.48085 -0.68939 0.24929 0.26387 -0.93179 0.49155 0.98655 1 0 1.0
0 5.08972 5.28000 -0.74389 0.24929 0.26387 -0.93179 0.49315 0.95040 1 0 1.0
bag_fabric
0 4.88000 5.48972 -0.74389 0.21778 0.69014 -0.69014 0.45540 1.28810 1 0 1.0
0 4.88000 5.64389 -0.58972 0.21778 0.69014 -0.69014 0.45540 1.31585 1 0 1.0
0 5.08085 5.58939 -0.58085 0.21778 0.69014 -0.69014 0.49155 1.31745 1 0 1.0
bag_fabric
0 4.88000 5.48972 -0.74389 0.21778 0.69014 -0.69014 0.45540 1.28810 1 0 1.0
0 5.08085 5.58939 -0.58085 0.21778 0.69014 -0.69014 0.49155 1.31745 1 0 1.0
0 5.08085 5.48085 -0.68939 0.21778 0.69014 -0.69014 0.49155 1.29791 1 0 1.0
bag_fabric
0 4.88000 5.70000 -0.38000 0.24930 0.93178 -0.26387 0.45540 1.35360 1 0 1.0
0 5.08972 5.64389 -0.38000 0.24930 0.93178 -0.26387 0.49315 1.35360 1 0 1.0
0 5.08085 5.58939 -0.58085 0.24930 0.93178 -0.26387 0.49155 1.31745 1 0 1.0
bag_fabric
0 4.88000 5.70000 -0.38000 0.26387 0.93178 -0.24929 0.45540 1.35360 1 0 1.0
0 5.08085 5.58939 -0.58085 0.26387 0.93178 -0.24929 0.49155 1.31745 1 0 1.0
0 4.88000 5.64389 -0.58972 0.26387 0.93178 -0.24929 0.45540 1.31585 1 0 1.0
bag_fabric
0 5.08972 5.64389 -0.38000 0.69014 0.69014 -0.21778 0.49315 1.35360 1 0 1.0
0 5.24389 5.48972 -0.38000 0.69014 0.69014 -0.21778 0.52090 1.35360 1 0 1.0
0 5.18939 5.48085 -0.58085 0.69014 0.69014 -0.21778 0.51109 1.31745 1 0 1.0
bag_fabric
0 5.08972 5.64389 -0.38000 0.69013 0.69014 -0.21778 0.49315 1.35360 1 0 1.0
0 5.18939 5.48085 -0.58085 0.69013 0.69014 -0.21778 0.51109 1.31745 1 0 1.0
0 5.08085 5.58939 -0.58085 0.69013 0.69014 -0.21778 0.49155 1.31745 1 0 1.0
bag_fabric
0 5.30000 5.28000 -0.38000 0.93179 0.26387 -0.24929 0.95040 1.35360 1 0 1.0
0 5.24389 5.28000 -0.58972 0.93179 0.26387 -0.24929 0.95040 1.31585 1 0 1.0
0 5.18939 5.48085 -0.58085 0.93179 0.26387 -0.24929 0.98655 1.31745 1 0 1.0
bag_fabric
0 5.30000 5.28000 -0.38000 0.93179 0.24929 -0.26387 0.95040 1.35360 1 0 1.0
0 5.18939 5.48085 -0.58085 0.93179 0.24929 -0.26387 0.98655 1.31745 1 0 1.0
0 5.24389 5.48972 -0.38000 0.93179 0.24929 -0.26387 0.98815 1.35360 1 0 1.0
bag_fabric
0 5.24389 5.28000 -0.58972 0.69014 0.21778 -0.69014 0.52090 0.95040 1 0 1.0
0 5.08972 5.28000 -0.74389 0.69014 0.21778 -0.69014 0.49315 0.95040 1 0 1.0
0 5.08085 5.48085 -0.68939 0.69014 0.21778 -0.69014 0.49155 0.98655 1 0 1.0
bag_fabric
0 5.24389 5.28000 -0.58972 0.69013 0.21778 -0.69014 0.52090 0.95040 1 0 1.0
0 5.08085 5.48085 -0.68939 0.69013 0.21778 -0.69014 0.49155 0.98655 1 0 1.0
0 5.18939 5.48085 -0.58085 0.69013 0.21778 -0.69014 0.51109 0.98655 1 0 1.0
bag_fabric
0 5.08085 5.48085 -0.68939 0.57735 0.57735 -0.57735 0.49155 1.29791 1 0 1.0
0 5.08085 5.58939 -0.58085 0.57735 0.57735 -0.57735 0.49155 1.31745 1 0 1.0
0 5.18939 5.48085 -0.58085 0.57735 0.57735 -0.57735 0.51109 1.31745 1 0 1.0
bag_fabric
0 4.88000 5.28000 0.10000 0.24929 0.26387 0.93179 0.45540 0.95040 1 0 1.0
0 5.08972 5.28000 0.04389 0.24929 0.26387 0.93179 0.49315 0.95040 1 0 1.0
0 5.08085 5.48085 -0.01061 0.24929 0.26387 0.93179 0.49155 0.98655 1 0 1.0
bag_fabric
0 4.88000 5.28000 0.10000 0.26387 0.24929 0.93179 0.45540 0.95040 1 0 1.0
0 5.08085 5.48085 -0.01061 0.26387 0.24929 0.93179 0.49155 0.98655 1 0 1.0
0 4.88000 5.48972 0.04389 0.26387 0.24929 0.93179 0.45540 0.98815 1 0 1.0
bag_fabric
0 5.08972 5.28000 0.04389 0.69014 0.21778 0.69014 0.49315 0.95040 1 0 1.0
0 5.24389 5.28000 -0.11028 0.69014 0.21778 0.69014 0.52090 0.95040 1 0 1.0
0 5.18939 5.48085 -0.11915 0.69014 0.21778 0.69014 0.51109 0.98655 1 0 1.0
bag_fabric
0 5.08972 5.28000 0.04389 0.69013 0.21778 0.69014 0.49315 0.95040 1 0 1.0
0 5.18939 5.48085 -0.11915 0.69013 0.21778 0.69014 0.51109 0.98655 1 0 1.0
0 5.08085 5.48085 -0.01061 0.69013 0.21778 0.69014 0.49155 0.98655 1 0 1.0
bag_fabric
0 5.30000 5.28000 -0.32000 0.93179 0.24929 0.26387 0.95040 1.36440 1 0 1.0
0 5.24389 5.48972 -0.32000 0.93179 0.24929 0.26387 0.98815 1.36440 1 0 1.0
0 5.18939 5.48085 -0.11915 0.93179 0.24929 0.26387 0.98655 1.40055 1 0 1.0
bag_fabric
0 5.30000 5.28000 -0.32000 0.93179 0.26387 0.24929 0.95040 1.36440 1 0 1.0
0 5.18939 5.48085 -0.11915 0.93179 0.26387 0.24929 0.98655 1.40055 1 0 1.0
0 5.24389 5.28000 -0.11028 0.93179 0.26387 0.24929 0.95040 1.40215 1 0 1.0
bag_fabric
0 5.24389 5.48972 -0.32000 0.69014 0.69014 0.21778 0.52090 1.36440 1 0 1.0
0 5.08972 5.64389 -0.32000 0.69014 0.69014 0.21778 0.49315 1.36440 1 0 1.0
0 5.08085 5.58939 -0.11915 0.69014 0.69014 0.21778 0.49155 1.40055 1 0 1.0
bag_fabric
0 5.24389 5.48972 -0.32000 0.69013 0.69014 0.21778 0.52090 1.36440 1 0 1.0
0 5.08085 5.58939 -0.11915 0.69013 0.69014 0.21778 0.49155 1.40055 1 0 1.0
0 5.18939 5.48085 -0.11915 0.69013 0.69014 0.21778 0.51109 1.40055 1 0 1.0
bag_fabric
0 4.88000 5.70000 -0.32000 0.26387 0.93178 0.24929 0.45540 1.36440 1 0 1.0
0 4.88000 5.64389 -0.11028 0.26387 0.93178 0.24929 0.45540 1.40215 1 0 1.0
0 5.08085 5.58939 -0.11915 0.26387 0.93178 0.24929 0.49155 1.40055 1 0 1.0
bag_fabric
0 4.88000 5.70000 -0.32000 0.24929 0.93178 0.26387 0.45540 1.36440 1 0 1.0
0 5.08085 5.58939 -0.11915 0.24929 0.93178 0.26387 0.49155 1.40055 1 0 1.0
0 5.08972 5.64389 -0.32000 0.24929 0.93178 0.26387 0.49315 1.36440 1 0 1.0
bag_fabric
0 4.88000 5.64389 -0.11028 0.21778 0.69014 0.69014 0.45540 1.40215 1 0 1.0
0 4.88000 5.48972 0.04389 0.21778 0.69014 0.69014 0.45540 1.42990 1 0 1.0
0 5.08085 5.48085 -0.01061 0.21778 0.69014 0.69014 0.49155 1.42009 1 0 1.0
bag_fabric
0 4.88000 5.64389 -0.11028 0.21778 0.69014 0.69014 0.45540 1.40215 1 0 1.0
0 5.08085 5.48085 -0.01061 0.21778 0.69014 0.69014 0.49155 1.42009 1 0 1.0
0 5.08085 5.58939 -0.11915 0.21778 0.69014 0.69014 0.49155 1.40055 1 0 1.0
bag_fabric
0 5.08085 5.48085 -0.01061 0.57735 0.57735 0.57735 0.49155 1.42009 1 0 1.0
0 5.18939 5.48085 -0.11915 0.57735 0.57735 0.57735 0.51109 1.40055 1 0 1.0
0 5.08085 5.58939 -0.11915 0.57735 0.57735 0.57735 0.49155 1.40055 1 0 1.0
bag_fabric
0 0.12000 5.28000 -0.80000 -0.25845 0.00000 -0.96602 -0.40140 0.95040 1 0 1.0
0 0.12000 -5.28000 -0.80000 -0.25845 0.00000 -0.96602 -0.40140 -0.95040 1 0 1.0
0 -0.08972 -5.28000 -0.74389 -0.25845 0.00000 -0.96602 -0.43915 -0.95040 1 0 1.0
bag_fabric
0 0.12000 5.28000 -0.80000 -0.25845 0.00000 -0.96602 -0.40140 0.95040 1 0 1.0
0 -0.08972 -5.28000 -0.74389 -0.25845 0.00000 -0.96602 -0.43915 -0.95040 1 0 1.0
0 -0.08972 5.28000 -0.74389 -0.25845 0.00000 -0.96602 -0.43915 0.95040 1 0 1.0
bag_fabric
0 -0.08972 5.28000 -0.74389 -0.70711 0.00000 -0.70711 0.95040 1.28810 1 0 1.0
0 -0.08972 -5.28000 -0.74389 -0.70711 0.00000 -0.70711 -0.95040 1.28810 1 0 1.0
0 -0.24389 -5.28000 -0.58972 -0.70711 0.00000 -0.70711 -0.95040 1.31585 1 0 1.0
bag_fabric
0 -0.08972 5.28000 -0.74389 -0.70711 0.00000 -0.70711 0.95040 1.28810 1 0 1.0
0 -0.24389 -5.28000 -0.58972 -0.70711 0.00000 -0.70711 -0.95040 1.31585 1 0 1.0
0 -0.24389 5.28000 -0.58972 -0.70711 0.00000 -0.70711 0.95040 1.31585 1 0 1.0
bag_fabric
0 -0.24389 5.28000 -0.58972 -0.96602 0.00000 -0.25845 0.95040 1.31585 1 0 1.0
0 -0.24389 -5.28000 -0.58972 -0.96602 0.00000 -0.25845 -0.95040 1.31585 1 0 1.0
0 -0.30000 -5.28000 -0.38000 -0.96602 0.00000 -0.25845 -0.95040 1.35360 1 0 1.0
bag_fabric
0 -0.24389 5.28000 -0.58972 -0.96602 0.00000 -0.25845 0.95040 1.31585 1 0 1.0
0 -0.30000 -5.28000 -0.38000 -0.96602 0.00000 -0.25845 -0.95040 1.35360 1 0 1.0
0 -0.30000 5.28000 -0.38000 -0.96602 0.00000 -0.25845 0.95040 1.35360 1 0 1.0
bag_fabric
0 0.12000 -5.70000 -0.38000 -0.25846 -0.96602 0.00000 -0.40140 1.35360 1 0 1.0
0 0.12000 -5.70000 -0.32000 -0.25846 -0.96602 0.00000 -0.40140 1.36440 1 0 1.0
0 -0.08972 -5.64389 -0.32000 -0.25846 -0.96602 0.00000 -0.43915 1.36440 1 0 1.0
bag_fabric
0 0.12000 -5.70000 -0.38000 -0.25846 -0.96602 0.00000 -0.40140 1.35360 1 0 1.0
0 -0.08972 -5.64389 -0.32000 -0.25846 -0.96602 0.00000 -0.43915 1.36440 1 0 1.0
0 -0.08972 -5.64389 -0.38000 -0.25846 -0.96602 0.00000 -0.43915 1.35360 1 0 1.0
bag_fabric
0 -0.08972 -5.64389 -0.38000 -0.70711 -0.70711 0.00000 -1.01590 1.35360 1 0 1.0
0 -0.08972 -5.64389 -0.32000 -0.70711 -0.70711 0.00000 -1.01590 1.36440 1 0 1.0
0 -0.24389 -5.48972 -0.32000 -0.70711 -0.70711 0.00000 -0.98815 1.36440 1 0 1.0
bag_fabric
0 -0.08972 -5.64389 -0.38000 -0.70711 -0.70711 0.00000 -1.01590 1.35360 1 0 1.0
0 -0.24389 -5.48972 -0.32000 -0.70711 -0.70711 0.00000 -0.98815 1.36440 1 0 1.0
0 -0.24389 -5.48972 -0.38000 -0.70711 -0.70711 0.00000 -0.98815 1.35360 1 0 1.0
bag_fabric
0 -0.24389 -5.48972 -0.38000 -0.96602 -0.25845 0.00000 -0.98815 1.35360 1 0 1.0
0 -0.24389 -5.48972 -0.32000 -0.96602 -0.25845 0.00000 -0.98815 1.36440 1 0 1.0
0 -0.30000 -5.28000 -0.32000 -0.96602 -0.25845 0.00000 -0.95040 1.36440 1 0 1.0
bag_fabric
0 -0.24389 -5.48972 -0.38000 -0.96602 -0.25845 0.00000 -0.98815 1.35360 1 0 1.0
0 -0.30000 -5.28000 -0.32000 -0.96602 -0.25845 0.00000 -0.95040 1.36440 1 0 1.0
0 -0.30000 -5.28000 -0.38000 -0.96602 -0.25845 0.00000 -0.95040 1.35360 1 0 1.0
bag_fabric
0 0.12000 -5.28000 0.10000 -0.25845 0.00000 0.96602 -0.40140 -0.95040 1 0 1.0
0 0.12000 5.28000 0.10000 -0.25845 0.00000 0.96602 -0.40140 0.95040 1 0 1.0
0 -0.08972 5.28000 0.04389 -0.25845 0.00000 0.96602 -0.43915 0.95040 1 0 1.0
bag_fabric
0 0.12000 -5.28000 0.10000 -0.25845 0.00000 0.96602 -0.40140 -0.95040 1 0 1.0
0 -0.08972 5.28000 0.04389 -0.25845 0.00000 0.96602 -0.43915 0.95040 1 0 1.0
0 -0.08972 -5.28000 0.04389 -0.25845 0.00000 0.96602 -0.43915 -0.95040 1 0 1.0
bag_fabric
0 -0.08972 -5.28000 0.04389 -0.70711 0.00000 0.70711 -0.95040 1.42990 1 0 1.0
0 -0.08972 5.28000 0.04389 -0.70711 0.00000 0.70711 0.95040 1.42990 1 0 1.0
0 -0.24389 5.28000 -0.11028 -0.70711 0.00000 0.70711 0.95040 1.40215 1 0 1.0
bag_fabric
0 -0.08972 -5.28000 0.04389 -0.70711 0.00000 0.70711 -0.95040 1.42990 1 0 1.0
0 -0.24389 5.28000 -0.11028 -0.70711 0.00000 0.70711 0.95040 1.40215 1 0 1.0
0 -0.24389 -5.28000 -0.11028 -0.70711 0.00000 0.70711 -0.95040 1.40215 1 0 1.0
bag_fabric
0 -0.24389 -5.28000 -0.11028 -0.96602 0.00000 0.25845 -0.95040 1.40215 1 0 1.0
0 -0.24389 5.28000 -0.11028 -0.96602 0.00000 0.25845 0.95040 1.40215 1 0 1.0
0 -0.30000 5.28000 -0.32000 -0.96602 0.00000 0.25845 0.95040 1.36440 1 0 1.0
bag_fabric
0 -0.24389 -5.28000 -0.11028 -0.96602 0.00000 0.25845 -0.95040 1.40215 1 0 1.0
0 -0.30000 5.28000 -0.32000 -0.96602 0.00000 0.25845 0.95040 1.36440 1 0 1.0
0 -0.30000 -5.28000 -0.32000 -0.96602 0.00000 0.25845 -0.95040 1.36440 1 0 1.0
bag_fabric
0 0.12000 5.70000 -0.32000 -0.25846 0.96602 0.00000 -0.40140 1.36440 1 0 1.0
0 0.12000 5.70000 -0.38000 -0.25846 0.96602 0.00000 -0.40140 1.35360 1 0 1.0
0 -0.08972 5.64389 -0.38000 -0.25846 0.96602 0.00000 -0.43915 1.35360 1 0 1.0
bag_fabric
0 0.12000 5.70000 -0.32000 -0.25846 0.96602 0.00000 -0.40140 1.36440 1 0 1.0
0 -0.08972 5.64389 -0.38000 -0.25846 0.96602 0.00000 -0.43915 1.35360 1 0 1.0
0 -0.08972 5.64389 -0.32000 -0.25846 0.96602 0.00000 -0.43915 1.36440 1 0 1.0
bag_fabric
0 -0.08972 5.64389 -0.32000 -0.70711 0.70711 0.00000 1.01590 1.36440 1 0 1.0
0 -0.08972 5.64389 -0.38000 -0.70711 0.70711 0.00000 1.01590 1.35360 1 0 1.0
0 -0.24389 5.48972 -0.38000 -0.70711 0.70711 0.00000 0.98815 1.35360 1 0 1.0
bag_fabric
0 -0.08972 5.64389 -0.32000 -0.70711 0.70711 0.00000 1.01590 1.36440 1 0 1.0
0 -0.24389 5.48972 -0.38000 -0.70711 0.70711 0.00000 0.98815 1.35360 1 0 1.0
0 -0.24389 5.48972 -0.32000 -0.70711 0.70711 0.00000 0.98815 1.36440 1 0 1.0
bag_fabric
0 -0.24389 5.48972 -0.32000 -0.96602 0.25845 0.00000 0.98815 1.36440 1 0 1.0
0 -0.24389 5.48972 -0.38000 -0.96602 0.25845 0.00000 0.98815 1.35360 1 0 1.0
0 -0.30000 5.28000 -0.38000 -0.96602 0.25845 0.00000 0.95040 1.35360 1 0 1.0
bag_fabric
0 -0.24389 5.48972 -0.32000 -0.96602 0.25845 0.00000 0.98815 1.36440 1 0 1.0
0 -0.30000 5.28000 -0.38000 -0.96602 0.25845 0.00000 0.95040 1.35360 1 0 1.0
0 -0.30000 5.28000 -0.32000 -0.96602 0.25845 0.00000 0.95040 1.36440 1 0 1.0
bag_fabric
0 4.88000 5.28000 -0.80000 0.00000 0.25845 -0.96602 0.45540 0.95040 1 0 1.0
0 0.12000 5.28000 -0.80000 0.00000 0.25845 -0.96602 -0.40140 0.95040 1 0 1.0
0 0.12000 5.48972 -0.74389 0.00000 0.25845 -0.96602 -0.40140 0.98815 1 0 1.0
bag_fabric
0 4.88000 5.28000 -0.80000 0.00000 0.25845 -0.96602 0.45540 0.95040 1 0 1.0
0 0.12000 5.48972 -0.74389 0.00000 0.25845 -0.96602 -0.40140 0.98815 1 0 1.0
0 4.88000 5.48972 -0.74389 0.00000 0.25845 -0.96602 0.45540 0.98815 1 0 1.0
bag_fabric
0 4.88000 5.48972 -0.74389 0.00000 0.70711 -0.70711 0.45540 1.28810 1 0 1.0
0 0.12000 5.48972 -0.74389 0.00000 0.70711 -0.70711 -0.40140 1.28810 1 0 1.0
0 0.12000 5.64389 -0.58972 0.00000 0.70711 -0.70711 -0.40140 1.31585 1 0 1.0
bag_fabric
0 4.88000 5.48972 -0.74389 0.00000 0.70711 -0.70711 0.45540 1.28810 1 0 1.0
0 0.12000 5.64389 -0.58972 0.00000 0.70711 -0.70711 -0.40140 1.31585 1 0 1.0
0 4.88000 5.64389 -0.58972 0.00000 0.70711 -0.70711 0.45540 1.31585 1 0 1.0
bag_fabric
0 4.88000 5.64389 -0.58972 0.00000 0.96602 -0.25846 0.45540 1.31585 1 0 1.0
0 0.12000 5.64389 -0.58972 0.00000 0.96602 -0.25846 -0.40140 1.31585 1 0 1.0
0 0.12000 5.70000 -0.38000 0.00000 0.96602 -0.25846 -0.40140 1.35360 1 0 1.0
bag_fabric
0 4.88000 5.64389 -0.58972 0.00000 0.96602 -0.25846 0.45540 1.31585 1 0 1.0
0 0.12000 5.70000 -0.38000 0.00000 0.96602 -0.25846 -0.40140 1.35360 1 0 1.0
0 4.88000 5.70000 -0.38000 0.00000 0.96602 -0.25846 0.45540 1.35360 1 0 1.0
bag_fabric
0 0.12000 5.28000 0.10000 0.00000 0.25845 0.96602 -0.40140 0.95040 1 0 1.0
0 4.88000 5.28000 0.10000 0.00000 0.25845 0.96602 0.45540 0.95040 1 0 1.0
0 4.88000 5.48972 0.04389 0.00000 0.25845 0.96602 0.45540 0.98815 1 0 1.0
bag_fabric
0 0.12000 5.28000 0.10000 0.00000 0.25845 0.96602 -0.40140 0.95040 1 0 1.0
0 4.88000 5.48972 0.04389 0.00000 0.25845 0.96602 0.45540 0.98815 1 0 1.0
0 0.12000 5.48972 0.04389 0.00000 0.25845 0.96602 -0.40140 0.98815 1 0 1.0
bag_fabric
0 0.12000 5.48972 0.04389 0.00000 0.70711 0.70711 -0.40140 1.42990 1 0 1.0
0 4.88000 5.48972 0.04389 0.00000 0.70711 0.70711 0.45540 1.42990 1 0 1.0
0 4.88000 5.64389 -0.11028 0.00000 0.70711 0.70711 0.45540 1.40215 1 0 1.0
bag_fabric
0 0.12000 5.48972 0.04389 0.00000 0.70711 0.70711 -0.40140 1.42990 1 0 1.0
0 4.88000 5.64389 -0.11028 0.00000 0.70711 0.70711 0.45540 1.40215 1 0 1.0
0 0.12000 5.64389 -0.11028 0.00000 0.70711 0.70711 -0.40140 1.40215 1 0 1.0
bag_fabric
0 0.12000 5.64389 -0.11028 0.00000 0.96602 0.25846 -0.40140 1.40215 1 0 1.0
0 4.88000 5.64389 -0.11028 0.00000 0.96602 0.25846 0.45540 1.40215 1 0 1.0
0 4.88000 5.70000 -0.32000 0.00000 0.96602 0.25846 0.45540 1.36440 1 0 1.0
bag_fabric
0 0.12000 5.64389 -0.11028 0.00000 0.96602 0.25846 -0.40140 1.40215 1 0 1.0
0 4.88000 5.70000 -0.32000 0.00000 0.96602 0.25846 0.45540 1.36440 1 0 1.0
0 0.12000 5.70000 -0.32000 0.00000 0.96602 0.25846 -0.40140 1.36440 1 0 1.0
bag_fabric
0 5.30000 5.28000 -0.32000 0.96602 0.25845 0.00000 0.95040 1.36440 1 0 1.0
0 5.30000 5.28000 -0.38000 0.96602 0.25845 0.00000 0.95040 1.35360 1 0 1.0
0 5.24389 5.48972 -0.38000 0.96602 0.25845 0.00000 0.98815 1.35360 1 0 1.0
bag_fabric
0 5.30000 5.28000 -0.32000 0.96602 0.25845 0.00000 0.95040 1.36440 1 0 1.0
0 5.24389 5.48972 -0.38000 0.96602 0.25845 0.00000 0.98815 1.35360 1 0 1.0
0 5.24389 5.48972 -0.32000 0.96602 0.25845 0.00000 0.98815 1.36440 1 0 1.0
bag_fabric
0 5.24389 5.48972 -0.32000 0.70711 0.70711 0.00000 0.98815 1.36440 1 0 1.0
0 5.24389 5.48972 -0.38000 0.70711 0.70711 0.00000 0.98815 1.35360 1 0 1.0
0 5.08972 5.64389 -0.38000 0.70711 0.70711 0.00000 1.01590 1.35360 1 0 1.0
bag_fabric
0 5.24389 5.48972 -0.32000 0.70711 0.70711 0.00000 0.98815 1.36440 1 0 1.0
0 5.08972 5.64389 -0.38000 0.70711 0.70711 0.00000 1.01590 1.35360 1 0 1.0
0 5.08972 5.64389 -0.32000 0.70711 0.70711 0.00000 1.01590 1.36440 1 0 1.0
bag_fabric
0 5.08972 5.64389 -0.32000 0.25846 0.96602 0.00000 0.49315 1.36440 1 0 1.0
0 5.08972 5.64389 -0.38000 0.25846 0.96602 0.00000 0.49315 1.35360 1 0 1.0
0 4.88000 5.70000 -0.38000 0.25846 0.96602 0.00000 0.45540 1.35360 1 0 1.0
bag_fabric
0 5.08972 5.64389 -0.32000 0.25846 0.96602 0.00000 0.49315 1.36440 1 0 1.0
0 4.88000 5.70000 -0.38000 0.25846 0.96602 0.00000 0.45540 1.35360 1 0 1.0
0 4.88000 5.70000 -0.32000 0.25846 0.96602 0.00000 0.45540 1.36440 1 0 1.0
bag_fabric
0 4.88000 -5.28000 -0.80000 0.25845 0.00000 -0.96602 0.45540 -0.95040 1 0 1.0
0 4.88000 5.28000 -0.80000 0.25845 0.00000 -0.96602 0.45540 0.95040 1 0 1.0
0 5.08972 5.28000 -0.74389 0.25845 0.00000 -0.96602 0.49315 0.95040 1 0 1.0
bag_fabric
0 4.88000 -5.28000 -0.80000 0.25845 0.00000 -0.96602 0.45540 -0.95040 1 0 1.0
0 5.08972 5.28000 -0.74389 0.25845 0.00000 -0.96602 0.49315 0.95040 1 0 1.0
0 5.08972 -5.28000 -0.74389 0.25845 0.00000 -0.96602 0.49315 -0.95040 1 0 1.0
bag_fabric
0 5.08972 -5.28000 -0.74389 0.70711 0.00000 -0.70711 -0.95040 1.28810 1 0 1.0
0 5.08972 5.28000 -0.74389 0.70711 0.00000 -0.70711 0.95040 1.28810 1 0 1.0
0 5.24389 5.28000 -0.58972 0.70711 0.00000 -0.70711 0.95040 1.31585 1 0 1.0
bag_fabric
0 5.08972 -5.28000 -0.74389 0.70711 0.00000 -0.70711 -0.95040 1.28810 1 0 1.0
0 5.24389 5.28000 -0.58972 0.70711 0.00000 -0.70711 0.95040 1.31585 1 0 1.0
0 5.24389 -5.28000 -0.58972 0.70711 0.00000 -0.70711 -0.95040 1.31585 1 0 1.0
bag_fabric
0 5.24389 -5.28000 -0.58972 0.96602 0.00000 -0.25845 -0.95040 1.31585 1 0 1.0
0 5.24389 5.28000 -0.58972 0.96602 0.00000 -0.25845 0.95040 1.31585 1 0 1.0
0 5.30000 5.28000 -0.38000 0.96602 0.00000 -0.25845 0.95040 1.35360 1 0 1.0
bag_fabric
0 5.24389 -5.28000 -0.58972 0.96602 0.00000 -0.25845 -0.95040 1.31585 1 0 1.0
0 5.30000 5.28000 -0.38000 0.96602 0.00000 -0.25845 0.95040 1.35360 1 0 1.0
0 5.30000 -5.28000 -0.38000 0.96602 0.00000 -0.25845 -0.95040 1.35360 1 0 1.0
bag_fabric
0 4.88000 5.28000 0.10000 0.25845 0.00000 0.96602 0.45540 0.95040 1 0 1.0
0 4.88000 -5.28000 0.10000 0.25845 0.00000 0.96602 0.45540 -0.95040 1 0 1.0
0 5.08972 -5.28000 0.04389 0.25845 0.00000 0.96602 0.49315 -0.95040 1 0 1.0
bag_fabric
0 4.88000 5.28000 0.10000 0.25845 0.00000 0.96602 0.45540 0.95040 1 0 1.0
0 5.08972 -5.28000 0.04389 0.25845 0.00000 0.96602 0.49315 -0.95040 1 0 1.0
0 5.08972 5.28000 0.04389 0.25845 0.00000 0.96602 0.49315 0.95040 1 0 1.0
bag_fabric
0 5.08972 5.28000 0.04389 0.70711 0.00000 0.70711 0.95040 1.42990 1 0 1.0
0 5.08972 -5.28000 0.04389 0.70711 0.00000 0.70711 -0.95040 1.42990 1 0 1.0
0 5.24389 -5.28000 -0.11028 0.70711 0.00000 0.70711 -0.95040 1.40215 1 0 1.0
bag_fabric
0 5.08972 5.28000 0.04389 0.70711 0.00000 0.70711 0.95040 1.42990 1 0 1.0
0 5.24389 -5.28000 -0.11028 0.70711 0.00000 0.70711 -0.95040 1.40215 1 0 1.0
0 5.24389 5.28000 -0.11028 0.70711 0.00000 0.70711 0.95040 1.40215 1 0 1.0
bag_fabric
0 5.24389 5.28000 -0.11028 0.96602 0.00000 0.25845 0.95040 1.40215 1 0 1.0
0 5.24389 -5.28000 -0.11028 0.96602 0.00000 0.25845 -0.95040 1.40215 1 0 1.0
0 5.30000 -5.28000 -0.32000 0.96602 0.00000 0.25845 -0.95040 1.36440 1 0 1.0
bag_fabric
0 5.24389 5.28000 -0.11028 0.96602 0.00000 0.25845 0.95040 1.40215 1 0 1.0
0 5.30000 -5.28000 -0.32000 0.96602 0.00000 0.25845 -0.95040 1.36440 1 0 1.0
0 5.30000 5.28000 -0.32000 0.96602 0.00000 0.25845 0.95040 1.36440 1 0 1.0
bag_fabric
0 4.88000 -5.70000 -0.32000 0.25846 -0.96602 0.00000 0.45540 1.36440 1 0 1.0
0 4.88000 -5.70000 -0.38000 0.25846 -0.96602 0.00000 0.45540 1.35360 1 0 1.0
0 5.08972 -5.64389 -0.38000 0.25846 -0.96602 0.00000 0.49315 1.35360 1 0 1.0
bag_fabric
0 4.88000 -5.70000 -0.32000 0.25846 -0.96602 0.00000 0.45540 1.36440 1 0 1.0
0 5.08972 -5.64389 -0.38000 0.25846 -0.96602 0.00000 0.49315 1.35360 1 0 1.0
0 5.08972 -5.64389 -0.32000 0.25846 -0.96602 0.00000 0.49315 1.36440 1 0 1.0
bag_fabric
0 5.08972 -5.64389 -0.32000 0.70711 -0.70711 0.00000 -1.01590 1.36440 1 0 1.0
0 5.08972 -5.64389 -0.38000 0.70711 -0.70711 0.00000 -1.01590 1.35360 1 0 1.0
0 5.24389 -5.48972 -0.38000 0.70711 -0.70711 0.00000 -0.98815 1.35360 1 0 1.0
bag_fabric
0 5.08972 -5.64389 -0.32000 0.70711 -0.70711 0.00000 -1.01590 1.36440 1 0 1.0
0 5.24389 -5.48972 -0.38000 0.70711 -0.70711 0.00000 -0.98815 1.35360 1 0 1.0
0 5.24389 -5.48972 -0.32000 0.70711 -0.70711 0.00000 -0.98815 1.36440 1 0 1.0
bag_fabric
0 5.24389 -5.48972 -0.32000 0.96602 -0.25845 0.00000 -0.98815 1.36440 1 0 1.0
0 5.24389 -5.48972 -0.38000 0.96602 -0.25845 0.00000 -0.98815 1.35360 1 0 1.0
0 5.30000 -5.28000 -0.38000 0.96602 -0.25845 0.00000 -0.95040 1.35360 1 0 1.0
bag_fabric
0 5.24389 -5.48972 -0.32000 0.96602 -0.25845 0.00000 -0.98815 1.36440 1 0 1.0
0 5.30000 -5.28000 -0.38000 0.96602 -0.25845 0.00000 -0.95040 1.35360 1 0 1.0
0 5.30000 -5.28000 -0.32000 0.96602 -0.25845 0.00000 -0.95040 1.36440 1 0 1.0
bag_fabric
0 0.12000 -5.28000 -0.80000 0.00000 -0.25845 -0.96602 -0.40140 -0.95040 1 0 1.0
0 4.88000 -5.28000 -0.80000 0.00000 -0.25845 -0.96602 0.45540 -0.95040 1 0 1.0
0 4.88000 -5.48972 -0.74389 0.00000 -0.25845 -0.96602 0.45540 -0.98815 1 0 1.0
bag_fabric
0 0.12000 -5.28000 -0.80000 0.00000 -0.25845 -0.96602 -0.40140 -0.95040 1 0 1.0
0 4.88000 -5.48972 -0.74389 0.00000 -0.25845 -0.96602 0.45540 -0.98815 1 0 1.0
0 0.12000 -5.48972 -0.74389 0.00000 -0.25845 -0.96602 -0.40140 -0.98815 1 0 1.0
bag_fabric
0 0.12000 -5.48972 -0.74389 0.00000 -0.70711 -0.70711 -0.40140 1.28810 1 0 1.0
0 4.88000 -5.48972 -0.74389 0.00000 -0.70711 -0.70711 0.45540 1.28810 1 0 1.0
0 4.88000 -5.64389 -0.58972 0.00000 -0.70711 -0.70711 0.45540 1.31585 1 0 1.0
bag_fabric
0 0.12000 -5.48972 -0.74389 0.00000 -0.70711 -0.70711 -0.40140 1.28810 1 0 1.0
0 4.88000 -5.64389 -0.58972 0.00000 -0.70711 -0.70711 0.45540 1.31585 1 0 1.0
0 0.12000 -5.64389 -0.58972 0.00000 -0.70711 -0.70711 -0.40140 1.31585 1 0 1.0
bag_fabric
0 0.12000 -5.64389 -0.58972 0.00000 -0.96602 -0.25846 -0.40140 1.31585 1 0 1.0
0 4.88000 -5.64389 -0.58972 0.00000 -0.96602 -0.25846 0.45540 1.31585 1 0 1.0
0 4.88000 -5.70000 -0.38000 0.00000 -0.96602 -0.25846 0.45540 1.35360 1 0 1.0
bag_fabric
0 0.12000 -5.64389 -0.58972 0.00000 -0.96602 -0.25846 -0.40140 1.31585 1 0 1.0
0 4.88000 -5.70000 -0.38000 0.00000 -0.96602 -0.25846 0.45540 1.35360 1 0 1.0
0 0.12000 -5.70000 -0.38000 0.00000 -0.96602 -0.25846 -0.40140 1.35360 1 0 1.0
bag_fabric
0 4.88000 -5.28000 0.10000 0.00000 -0.25845 0.96602 0.45540 -0.95040 1 0 1.0
0 0.12000 -5.28000 0.10000 0.00000 -0.25845 0.96602 -0.40140 -0.95040 1 0 1.0
0 0.12000 -5.48972 0.04389 0.00000 -0.25845 0.96602 -0.40140 -0.98815 1 0 1.0
bag_fabric
0 4.88000 -5.28000 0.10000 0.00000 -0.25845 0.96602 0.45540 -0.95040 1 0 1.0
0 0.12000 -5.48972 0.04389 0.00000 -0.25845 0.96602 -0.40140 -0.98815 1 0 1.0
0 4.88000 -5.48972 0.04389 0.00000 -0.25845 0.96602 0.45540 -0.98815 1 0 1.0
bag_fabric
0 4.88000 -5.48972 0.04389 0.00000 -0.70711 0.70711 0.45540 1.42990 1 0 1.0
0 0.12000 -5.48972 0.04389 0.00000 -0.70711 0.70711 -0.40140 1.42990 1 0 1.0
0 0.12000 -5.64389 -0.11028 0.00000 -0.70711 0.70711 -0.40140 1.40215 1 0 1.0
bag_fabric
0 4.88000 -5.48972 0.04389 0.00000 -0.70711 0.70711 0.45540 1.42990 1 0 1.0
0 0.12000 -5.64389 -0.11028 0.00000 -0.70711 0.70711 -0.40140 1.40215 1 0 1.0
0 4.88000 -5.64389 -0.11028 0.00000 -0.70711 0.70711 0.45540 1.40215 1 0 1.0
bag_fabric
0 4.88000 -5.64389 -0.11028 0.00000 -0.96602 0.25846 0.45540 1.40215 1 0 1.0
0 0.12000 -5.64389 -0.11028 0.00000 -0.96602 0.25846 -0.40140 1.40215 1 0 1.0
0 0.12000 -5.70000 -0.32000 0.00000 -0.96602 0.25846 -0.40140 1.36440 1 0 1.0
bag_fabric
0 4.88000 -5.64389 -0.11028 0.00000 -0.96602 0.25846 0.45540 1.40215 1 0 1.0
0 0.12000 -5.70000 -0.32000 0.00000 -0.96602 0.25846 -0.40140 1.36440 1 0 1.0
0 4.88000 -5.70000 -0.32000 0.00000 -0.96602 0.25846 0.45540 1.36440 1 0 1.0
bag_fabric
0 0.12000 5.28000 -0.80000 0.00000 0.00000 -1.00000 -0.40140 0.95040 1 0 1.0
0 4.88000 5.28000 -0.80000 0.00000 0.00000 -1.00000 0.45540 0.95040 1 0 1.0
0 4.88000 -5.28000 -0.80000 0.00000 0.00000 -1.00000 0.45540 -0.95040 1 0 1.0
bag_fabric
0 0.12000 5.28000 -0.80000 0.00000 0.00000 -1.00000 -0.40140 0.95040 1 0 1.0
0 4.88000 -5.28000 -0.80000 0.00000 0.00000 -1.00000 0.45540 -0.95040 1 0 1.0
0 0.12000 -5.28000 -0.80000 0.00000 0.00000 -1.00000 -0.40140 -0.95040 1 0 1.0
bag_fabric
0 -0.30000 -5.28000 -0.38000 -1.00000 0.00000 0.00000 -0.95040 1.35360 1 0 1.0
0 -0.30000 -5.28000 -0.32000 -1.00000 0.00000 0.00000 -0.95040 1.36440 1 0 1.0
0 -0.30000 5.28000 -0.32000 -1.00000 0.00000 0.00000 0.95040 1.36440 1 0 1.0
bag_fabric
0 -0.30000 -5.28000 -0.38000 -1.00000 0.00000 0.00000 -0.95040 1.35360 1 0 1.0
0 -0.30000 5.28000 -0.32000 -1.00000 0.00000 0.00000 0.95040 1.36440 1 0 1.0
0 -0.30000 5.28000 -0.38000 -1.00000 0.00000 0.00000 0.95040 1.35360 1 0 1.0
bag_fabric
0 4.88000 -5.70000 -0.38000 0.00000 -1.00000 0.00000 0.45540 1.35360 1 0 1.0
0 4.88000 -5.70000 -0.32000 0.00000 -1.00000 0.00000 0.45540 1.36440 1 0 1.0
0 0.12000 -5.70000 -0.32000 0.00000 -1.00000 0.00000 -0.40140 1.36440 1 0 1.0
bag_fabric
0 4.88000 -5.70000 -0.38000 0.00000 -1.00000 0.00000 0.45540 1.35360 1 0 1.0
0 0.12000 -5.70000 -0.32000 0.00000 -1.00000 0.00000 -0.40140 1.36440 1 0 1.0
0 0.12000 -5.70000 -0.38000 0.00000 -1.00000 0.00000 -0.40140 1.35360 1 0 1.0
bag_fabric
0 4.88000 5.28000 0.10000 0.00000 0.00000 1.00000 0.45540 0.95040 1 0 1.0
0 0.12000 5.28000 0.10000 0.00000 0.00000 1.00000 -0.40140 0.95040 1 0 1.0
0 0.12000 -5.28000 0.10000 0.00000 0.00000 1.00000 -0.40140 -0.95040 1 0 1.0
bag_fabric
0 4.88000 5.28000 0.10000 0.00000 0.00000 1.00000 0.45540 0.95040 1 0 1.0
0 0.12000 -5.28000 0.10000 0.00000 0.00000 1.00000 -0.40140 -0.95040 1 0 1.0
0 4.88000 -5.28000 0.10000 0.00000 0.00000 1.00000 0.45540 -0.95040 1 0 1.0
bag_fabric
0 0.12000 5.70000 -0.38000 0.00000 1.00000 0.00000 -0.40140 1.35360 1 0 1.0
0 0.12000 5.70000 -0.32000 0.00000 1.00000 0.00000 -0.40140 1.36440 1 0 1.0
0 4.88000 5.70000 -0.32000 0.00000 1.00000 0.00000 0.45540 1.36440 1 0 1.0
bag_fabric
0 0.12000 5.70000 -0.38000 0.00000 1.00000 0.00000 -0.40140 1.35360 1 0 1.0
0 4.88000 5.70000 -0.32000 0.00000 1.00000 0.00000 0.45540 1.36440 1 0 1.0
0 4.88000 5.70000 -0.38000 0.00000 1.00000 0.00000 0.45540 1.35360 1 0 1.0
bag_fabric
0 5.30000 5.28000 -0.38000 1.00000 0.00000 0.00000 0.95040 1.35360 1 0 1.0
0 5.30000 5.28000 -0.32000 1.00000 0.00000 0.00000 0.95040 1.36440 1 0 1.0
0 5.30000 -5.28000 -0.32000 1.00000 0.00000 0.00000 -0.95040 1.36440 1 0 1.0
bag_fabric
0 5.30000 5.28000 -0.38000 1.00000 0.00000 0.00000 0.95040 1.35360 1 0 1.0
0 5.30000 -5.28000 -0.32000 1.00000 0.00000 0.00000 -0.95040 1.36440 1 0 1.0
0 5.30000 -5.28000 -0.38000 1.00000 0.00000 0.00000 -0.95040 1.35360 1 0 1.0
bag_fabric
0 5.08000 -4.05000 -5.40000 -0.26387 -0.24929 -0.93179 0.49140 -0.72900 1 0 1.0
0 5.08000 -4.22477 -5.35324 -0.26387 -0.24929 -0.93179 0.49140 -0.76046 1 0 1.0
0 4.91263 -4.21737 -5.30782 -0.26387 -0.24929 -0.93179 0.46127 -0.75913 1 0 1.0
bag_fabric
0 5.08000 -4.05000 -5.40000 -0.24929 -0.26387 -0.93179 0.49140 -0.72900 1 0 1.0
0 4.91263 -4.21737 -5.30782 -0.24929 -0.26387 -0.93179 0.46127 -0.75913 1 0 1.0
0 4.90523 -4.05000 -5.35324 -0.24929 -0.26387 -0.93179 0.45994 -0.72900 1 0 1.0
bag_fabric
0 5.08000 -4.22477 -5.35324 -0.21778 -0.69014 -0.69014 0.49140 0.45842 1 0 1.0
0 5.08000 -4.35324 -5.22477 -0.21778 -0.69014 -0.69014 0.49140 0.48154 1 0 1.0
0 4.91263 -4.30782 -5.21737 -0.21778 -0.69014 -0.69014 0.46127 0.48287 1 0 1.0
bag_fabric
0 5.08000 -4.22477 -5.35324 -0.21778 -0.69014 -0.69014 0.49140 0.45842 1 0 1.0
0 4.91263 -4.30782 -5.21737 -0.21778 -0.69014 -0.69014 0.46127 0.48287 1 0 1.0
0 4.91263 -4.21737 -5.30782 -0.21778 -0.69014 -0.69014 0.46127 0.46659 1 0 1.0
bag_fabric
0 5.08000 -4.40000 -5.05000 -0.24929 -0.93179 -0.26387 0.49140 0.51300 1 0 1.0
0 4.90523 -4.35324 -5.05000 -0.24929 -0.93179 -0.26387 0.45994 0.51300 1 0 1.0
0 4.91263 -4.30782 -5.21737 -0.24929 -0.93179 -0.26387 0.46127 0.48287 1 0 1.0
bag_fabric
0 5.08000 -4.40000 -5.05000 -0.26387 -0.93179 -0.24929 0.49140 0.51300 1 0 1.0
0 4.91263 -4.30782 -5.21737 -0.26387 -0.93179 -0.24929 0.46127 0.48287 1 0 1.0
0 5.08000 -4.35324 -5.22477 -0.26387 -0.93179 -0.24929 0.49140 0.48154 1 0 1.0
bag_fabric
0 4.90523 -4.35324 -5.05000 -0.69014 -0.69014 -0.21778 0.45994 0.51300 1 0 1.0
0 4.77676 -4.22477 -5.05000 -0.69014 -0.69014 -0.21778 0.43682 0.51300 1 0 1.0
0 4.82218 -4.21737 -5.21737 -0.69014 -0.69014 -0.21778 0.44499 0.48287 1 0 1.0
bag_fabric
0 4.90523 -4.35324 -5.05000 -0.69013 -0.69014 -0.21778 0.45994 0.51300 1 0 1.0
0 4.82218 -4.21737 -5.21737 -0.69013 -0.69014 -0.21778 0.44499 0.48287 1 0 1.0
0 4.91263 -4.30782 -5.21737 -0.69013 -0.69014 -0.21778 0.46127 0.48287 1 0 1.0
bag_fabric
0 4.73000 -4.05000 -5.05000 -0.93179 -0.26387 -0.24929 -0.72900 0.51300 1 0 1.0
0 4.77676 -4.05000 -5.22477 -0.93179 -0.26387 -0.24929 -0.72900 0.48154 1 0 1.0
0 4.82218 -4.21737 -5.21737 -0.93179 -0.26387 -0.24929 -0.75913 0.48287 1 0 1.0
bag_fabric
0 4.73000 -4.05000 -5.05000 -0.93179 -0.24929 -0.26387 -0.72900 0.51300 1 0 1.0
0 4.82218 -4.21737 -5.21737 -0.93179 -0.24929 -0.26387 -0.75913 0.48287 1 0 1.0
0 4.77676 -4.22477 -5.05000 -0.93179 -0.24929 -0.26387 -0.76046 0.51300 1 0 1.0
bag_fabric
0 4.77676 -4.05000 -5.22477 -0.69014 -0.21778 -0.69014 0.43682 -0.72900 1 0 1.0
0 4.90523 -4.05000 -5.35324 -0.69014 -0.21778 -0.69014 0.45994 -0.72900 1 0 1.0
0 4.91263 -4.21737 -5.30782 -0.69014 -0.21778 -0.69014 0.46127 -0.75913 1 0 1.0
bag_fabric
0 4.77676 -4.05000 -5.22477 -0.69013 -0.21778 -0.69014 0.43682 -0.72900 1 0 1.0
0 4.91263 -4.21737 -5.30782 -0.69013 -0.21778 -0.69014 0.46127 -0.75913 1 0 1.0
0 4.82218 -4.21737 -5.21737 -0.69013 -0.21778 -0.69014 0.44499 -0.75913 1 0 1.0
bag_fabric
0 4.91263 -4.21737 -5.30782 -0.57735 -0.57735 -0.57735 0.46127 0.46659 1 0 1.0
0 4.91263 -4.30782 -5.21737 -0.57735 -0.57735 -0.57735 0.46127 0.48287 1 0 1.0
0 4.82218 -4.21737 -5.21737 -0.57735 -0.57735 -0.57735 0.44499 0.48287 1 0 1.0
bag_fabric
0 5.08000 -4.40000 -0.55000 -0.26387 -0.93179 0.24929 0.49140 1.32300 1 0 1.0
0 5.08000 -4.35324 -0.37523 -0.26387 -0.93179 0.24929 0.49140 1.35446 1 0 1.0
0 4.91263 -4.30782 -0.38263 -0.26387 -0.93179 0.24929 0.46127 1.35313 1 0 1.0
bag_fabric
0 5.08000 -4.40000 -0.55000 -0.24929 -0.93179 0.26387 0.49140 1.32300 1 0 1.0
0 4.91263 -4.30782 -0.38263 -0.24929 -0.93179 0.26387 0.46127 1.35313 1 0 1.0
0 4.90523 -4.35324 -0.55000 -0.24929 -0.93179 0.26387 0.45994 1.32300 1 0 1.0
bag_fabric
0 5.08000 -4.35324 -0.37523 -0.21778 -0.69014 0.69014 0.49140 1.35446 1 0 1.0
0 5.08000 -4.22477 -0.24676 -0.21778 -0.69014 0.69014 0.49140 1.37758 1 0 1.0
0 4.91263 -4.21737 -0.29218 -0.21778 -0.69014 0.69014 0.46127 1.36941 1 0 1.0
bag_fabric
0 5.08000 -4.35324 -0.37523 -0.21778 -0.69014 0.69013 0.49140 1.35446 1 0 1.0
0 4.91263 -4.21737 -0.29218 -0.21778 -0.69014 0.69013 0.46127 1.36941 1 0 1.0
0 4.91263 -4.30782 -0.38263 -0.21778 -0.69014 0.69013 0.46127 1.35313 1 0 1.0
bag_fabric
0 5.08000 -4.05000 -0.20000 -0.24929 -0.26387 0.93179 0.49140 -0.72900 1 0 1.0
0 4.90523 -4.05000 -0.24676 -0.24929 -0.26387 0.93179 0.45994 -0.72900 1 0 1.0
0 4.91263 -4.21737 -0.29218 -0.24929 -0.26387 0.93179 0.46127 -0.75913 1 0 1.0
bag_fabric
0 5.08000 -4.05000 -0.20000 -0.26387 -0.24929 0.93179 0.49140 -0.72900 1 0 1.0
0 4.91263 -4.21737 -0.29218 -0.26387 -0.24929 0.93179 0.46127 -0.75913 1 0 1.0
0 5.08000 -4.22477 -0.24676 -0.26387 -0.24929 0.93179 0.49140 -0.76046 1 0 1.0
bag_fabric
0 4.90523 -4.05000 -0.24676 -0.69014 -0.21778 0.69014 -0.72900 1.37758 1 0 1.0
0 4.77676 -4.05000 -0.37523 -0.69014 -0.21778 0.69014 -0.72900 1.35446 1 0 1.0
0 4.82218 -4.21737 -0.38263 -0.69014 -0.21778 0.69014 -0.75913 1.35313 1 0 1.0
bag_fabric
0 4.90523 -4.05000 -0.24676 -0.69014 -0.21778 0.69014 -0.72900 1.37758 1 0 1.0
0 4.82218 -4.21737 -0.38263 -0.69014 -0.21778 0.69014 -0.75913 1.35313 1 0 1.0
0 4.91263 -4.21737 -0.29218 -0.69014 -0.21778 0.69014 -0.75913 1.36941 1 0 1.0
bag_fabric
0 4.73000 -4.05000 -0.55000 -0.93179 -0.24929 0.26387 -0.72900 1.32300 1 0 1.0
0 4.77676 -4.22477 -0.55000 -0.93179 -0.24929 0.26387 -0.76046 1.32300 1 0 1.0
0 4.82218 -4.21737 -0.38263 -0.93179 -0.24929 0.26387 -0.75913 1.35313 1 0 1.0
bag_fabric
0 4.73000 -4.05000 -0.55000 -0.93179 -0.26387 0.24929 -0.72900 1.32300 1 0 1.0
0 4.82218 -4.21737 -0.38263 -0.93179 -0.26387 0.24929 -0.75913 1.35313 1 0 1.0
0 4.77676 -4.05000 -0.37523 -0.93179 -0.26387 0.24929 -0.72900 1.35446 1 0 1.0
bag_fabric
0 4.77676 -4.22477 -0.55000 -0.69014 -0.69014 0.21778 0.43682 1.32300 1 0 1.0
0 4.90523 -4.35324 -0.55000 -0.69014 -0.69014 0.21778 0.45994 1.32300 1 0 1.0
0 4.91263 -4.30782 -0.38263 -0.69014 -0.69014 0.21778 0.46127 1.35313 1 0 1.0
bag_fabric
0 4.77676 -4.22477 -0.55000 -0.69013 -0.69014 0.21778 0.43682 1.32300 1 0 1.0
0 4.91263 -4.30782 -0.38263 -0.69013 -0.69014 0.21778 0.46127 1.35313 1 0 1.0
0 4.82218 -4.21737 -0.38263 -0.69013 -0.69014 0.21778 0.44499 1.35313 1 0 1.0
bag_fabric
0 4.91263 -4.30782 -0.38263 -0.57735 -0.57735 0.57735 0.46127 1.35313 1 0 1.0
0 4.91263 -4.21737 -0.29218 -0.57735 -0.57735 0.57735 0.46127 1.36941 1 0 1.0
0 4.82218 -4.21737 -0.38263 -0.57735 -0.57735 0.57735 0.44499 1.35313 1 0 1.0
bag_fabric
0 5.08000 4.05000 -5.40000 -0.24929 0.26387 -0.93179 0.49140 0.72900 1 0 1.0
0 4.90523 4.05000 -5.35324 -0.24929 0.26387 -0.93179 0.45994 0.72900 1 0 1.0
0 4.91263 4.21737 -5.30782 -0.24929 0.26387 -0.93179 0.46127 0.75913 1 0 1.0
bag_fabric
0 5.08000 4.05000 -5.40000 -0.26387 0.24929 -0.93179 0.49140 0.72900 1 0 1.0
0 4.91263 4.21737 -5.30782 -0.26387 0.24929 -0.93179 0.46127 0.75913 1 0 1.0
0 5.08000 4.22477 -5.35324 -0.26387 0.24929 -0.93179 0.49140 0.76046 1 0 1.0
bag_fabric
0 4.90523 4.05000 -5.35324 -0.69014 0.21778 -0.69014 0.45994 0.72900 1 0 1.0
0 4.77676 4.05000 -5.22477 -0.69014 0.21778 -0.69014 0.43682 0.72900 1 0 1.0
0 4.82218 4.21737 -5.21737 -0.69014 0.21778 -0.69014 0.44499 0.75913 1 0 1.0
bag_fabric
0 4.90523 4.05000 -5.35324 -0.69013 0.21778 -0.69014 0.45994 0.72900 1 0 1.0
0 4.82218 4.21737 -5.21737 -0.69013 0.21778 -0.69014 0.44499 0.75913 1 0 1.0
0 4.91263 4.21737 -5.30782 -0.69013 0.21778 -0.69014 0.46127 0.75913 1 0 1.0
bag_fabric
0 4.73000 4.05000 -5.05000 -0.93179 0.24929 -0.26387 0.72900 0.51300 1 0 1.0
0 4.77676 4.22477 -5.05000 -0.93179 0.24929 -0.26387 0.76046 0.51300 1 0 1.0
0 4.82218 4.21737 -5.21737 -0.93179 0.24929 -0.26387 0.75913 0.48287 1 0 1.0
bag_fabric
0 4.73000 4.05000 -5.05000 -0.93179 0.26387 -0.24929 0.72900 0.51300 1 0 1.0
0 4.82218 4.21737 -5.21737 -0.93179 0.26387 -0.24929 0.75913 0.48287 1 0 1.0
0 4.77676 4.05000 -5.22477 -0.93179 0.26387 -0.24929 0.72900 0.48154 1 0 1.0
bag_fabric
0 4.77676 4.22477 -5.05000 -0.69014 0.69014 -0.21778 0.43682 0.51300 1 0 1.0
0 4.90523 4.35324 -5.05000 -0.69014 0.69014 -0.21778 0.45994 0.51300 1 0 1.0
0 4.91263 4.30782 -5.21737 -0.69014 0.69014 -0.21778 0.46127 0.48287 1 0 1.0
bag_fabric
0 4.77676 4.22477 -5.05000 -0.69013 0.69014 -0.21778 0.43682 0.51300 1 0 1.0
0 4.91263 4.30782 -5.21737 -0.69013 0.69014 -0.21778 0.46127 0.48287 1 0 1.0
0 4.82218 4.21737 -5.21737 -0.69013 0.69014 -0.21778 0.44499 0.48287 1 0 1.0
bag_fabric
0 5.08000 4.40000 -5.05000 -0.26387 0.93179 -0.24929 0.49140 0.51300 1 0 1.0
0 5.08000 4.35324 -5.22477 -0.26387 0.93179 -0.24929 0.49140 0.48154 1 0 1.0
0 4.91263 4.30782 -5.21737 -0.26387 0.93179 -0.24929 0.46127 0.48287 1 0 1.0
bag_fabric
0 5.08000 4.40000 -5.05000 -0.24929 0.93179 -0.26387 0.49140 0.51300 1 0 1.0
0 4.91263 4.30782 -5.21737 -0.24929 0.93179 -0.26387 0.46127 0.48287 1 0 1.0
0 4.90523 4.35324 -5.05000 -0.24929 0.93179 -0.26387 0.45994 0.51300 1 0 1.0
bag_fabric
0 5.08000 4.35324 -5.22477 -0.21778 0.69014 -0.69014 0.49140 0.48154 1 0 1.0
0 5.08000 4.22477 -5.35324 -0.21778 0.69014 -0.69014 0.49140 0.45842 1 0 1.0
0 4.91263 4.21737 -5.30782 -0.21778 0.69014 -0.69014 0.46127 0.46659 1 0 1.0
bag_fabric
0 5.08000 4.35324 -5.22477 -0.21778 0.69014 -0.69014 0.49140 0.48154 1 0 1.0
0 4.91263 4.21737 -5.30782 -0.21778 0.69014 -0.69014 0.46127 0.46659 1 0 1.0
0 4.91263 4.30782 -5.21737 -0.21778 0.69014 -0.69014 0.46127 0.48287 1 0 1.0
bag_fabric
0 4.91263 4.21737 -5.30782 -0.57735 0.57735 -0.57735 0.46127 0.46659 1 0 1.0
0 4.82218 4.21737 -5.21737 -0.57735 0.57735 -0.57735 0.44499 0.48287 1 0 1.0
0 4.91263 4.30782 -5.21737 -0.57735 0.57735 -0.57735 0.46127 0.48287 1 0 1.0
bag_fabric
0 5.08000 4.05000 -0.20000 -0.26387 0.24929 0.93179 0.49140 0.72900 1 0 1.0
0 5.08000 4.22477 -0.24676 -0.26387 0.24929 0.93179 0.49140 0.76046 1 0 1.0
0 4.91263 4.21737 -0.29218 -0.26387 0.24929 0.93179 0.46127 0.75913 1 0 1.0
bag_fabric
0 5.08000 4.05000 -0.20000 -0.24929 0.26387 0.93179 0.49140 0.72900 1 0 1.0
0 4.91263 4.21737 -0.29218 -0.24929 0.26387 0.93179 0.46127 0.75913 1 0 1.0
0 4.90523 4.05000 -0.24676 -0.24929 0.26387 0.93179 0.45994 0.72900 1 0 1.0
bag_fabric
0 5.08000 4.22477 -0.24676 -0.21778 0.69014 0.69014 0.49140 1.37758 1 0 1.0
0 5.08000 4.35324 -0.37523 -0.21778 0.69014 0.69014 0.49140 1.35446 1 0 1.0
0 4.91263 4.30782 -0.38263 -0.21778 0.69014 0.69014 0.46127 1.35313 1 0 1.0
bag_fabric
0 5.08000 4.22477 -0.24676 -0.21778 0.69014 0.69013 0.49140 1.37758 1 0 1.0
0 4.91263 4.30782 -0.38263 -0.21778 0.69014 0.69013 0.46127 1.35313 1 0 1.0
0 4.91263 4.21737 -0.29218 -0.21778 0.69014 0.69013 0.46127 1.36941 1 0 1.0
bag_fabric
0 5.08000 4.40000 -0.55000 -0.24929 0.93179 0.26387 0.49140 1.32300 1 0 1.0
0 4.90523 4.35324 -0.55000 -0.24929 0.93179 0.26387 0.45994 1.32300 1 0 1.0
0 4.91263 4.30782 -0.38263 -0.24929 0.93179 0.26387 0.46127 1.35313 1 0 1.0
bag_fabric
0 5.08000 4.40000 -0.55000 -0.26387 0.93179 0.24929 0.49140 1.32300 1 0 1.0
0 4.91263 4.30782 -0.38263 -0.26387 0.93179 0.24929 0.46127 1.35313 1 0 1.0
0 5.08000 4.35324 -0.37523 -0.26387 0.93179 0.24929 0.49140 1.35446 1 0 1.0
bag_fabric
0 4.90523 4.35324 -0.55000 -0.69014 0.69014 0.21778 0.45994 1.32300 1 0 1.0
0 4.77676 4.22477 -0.55000 -0.69014 0.69014 0.21778 0.43682 1.32300 1 0 1.0
0 4.82218 4.21737 -0.38263 -0.69014 0.69014 0.21778 0.44499 1.35313 1 0 1.0
bag_fabric
0 4.90523 4.35324 -0.55000 -0.69013 0.69014 0.21778 0.45994 1.32300 1 0 1.0
0 4.82218 4.21737 -0.38263 -0.69013 0.69014 0.21778 0.44499 1.35313 1 0 1.0
0 4.91263 4.30782 -0.38263 -0.69013 0.69014 0.21778 0.46127 1.35313 1 0 1.0
bag_fabric
0 4.73000 4.05000 -0.55000 -0.93179 0.26387 0.24929 0.72900 1.32300 1 0 1.0
0 4.77676 4.05000 -0.37523 -0.93179 0.26387 0.24929 0.72900 1.35446 1 0 1.0
0 4.82218 4.21737 -0.38263 -0.93179 0.26387 0.24929 0.75913 1.35313 1 0 1.0
bag_fabric
0 4.73000 4.05000 -0.55000 -0.93179 0.24929 0.26387 0.72900 1.32300 1 0 1.0
0 4.82218 4.21737 -0.38263 -0.93179 0.24929 0.26387 0.75913 1.35313 1 0 1.0
0 4.77676 4.22477 -0.55000 -0.93179 0.24929 0.26387 0.76046 1.32300 1 0 1.0
bag_fabric
0 4.77676 4.05000 -0.37523 -0.69014 0.21778 0.69014 0.72900 1.35446 1 0 1.0
0 4.90523 4.05000 -0.24676 -0.69014 0.21778 0.69014 0.72900 1.37758 1 0 1.0
0 4.91263 4.21737 -0.29218 -0.69014 0.21778 0.69014 0.75913 1.36941 1 0 1.0
bag_fabric
0 4.77676 4.05000 -0.37523 -0.69014 0.21778 0.69014 0.72900 1.35446 1 0 1.0
0 4.91263 4.21737 -0.29218 -0.69014 0.21778 0.69014 0.75913 1.36941 1 0 1.0
0 4.82218 4.21737 -0.38263 -0.69014 0.21778 0.69014 0.75913 1.35313 1 0 1.0
bag_fabric
0 4.91263 4.21737 -0.29218 -0.57735 0.57735 0.57735 0.46127 1.36941 1 0 1.0
0 4.91263 4.30782 -0.38263 -0.57735 0.57735 0.57735 0.46127 1.35313 1 0 1.0
0 4.82218 4.21737 -0.38263 -0.57735 0.57735 0.57735 0.44499 1.35313 1 0 1.0
bag_fabric
0 5.18000 -4.05000 -5.40000 0.24929 -0.26387 -0.93179 0.50940 -0.72900 1 0 1.0
0 5.35477 -4.05000 -5.35324 0.24929 -0.26387 -0.93179 0.54086 -0.72900 1 0 1.0
0 5.34737 -4.21737 -5.30782 0.24929 -0.26387 -0.93179 0.53953 -0.75913 1 0 1.0
bag_fabric
0 5.18000 -4.05000 -5.40000 0.26387 -0.24929 -0.93179 0.50940 -0.72900 1 0 1.0
0 5.34737 -4.21737 -5.30782 0.26387 -0.24929 -0.93179 0.53953 -0.75913 1 0 1.0
0 5.18000 -4.22477 -5.35324 0.26387 -0.24929 -0.93179 0.50940 -0.76046 1 0 1.0
bag_fabric
0 5.35477 -4.05000 -5.35324 0.69014 -0.21778 -0.69014 0.54086 -0.72900 1 0 1.0
0 5.48324 -4.05000 -5.22477 0.69014 -0.21778 -0.69014 0.56398 -0.72900 1 0 1.0
0 5.43782 -4.21737 -5.21737 0.69014 -0.21778 -0.69014 0.55581 -0.75913 1 0 1.0
bag_fabric
0 5.35477 -4.05000 -5.35324 0.69013 -0.21778 -0.69014 0.54086 -0.72900 1 0 1.0
0 5.43782 -4.21737 -5.21737 0.69013 -0.21778 -0.69014 0.55581 -0.75913 1 0 1.0
0 5.34737 -4.21737 -5.30782 0.69013 -0.21778 -0.69014 0.53953 -0.75913 1 0 1.0
bag_fabric
0 5.53000 -4.05000 -5.05000 0.93179 -0.24929 -0.26387 -0.72900 0.51300 1 0 1.0
0 5.48324 -4.22477 -5.05000 0.93179 -0.24929 -0.26387 -0.76046 0.51300 1 0 1.0
0 5.43782 -4.21737 -5.21737 0.93179 -0.24929 -0.26387 -0.75913 0.48287 1 0 1.0
bag_fabric
0 5.53000 -4.05000 -5.05000 0.93179 -0.26387 -0.24929 -0.72900 0.51300 1 0 1.0
0 5.43782 -4.21737 -5.21737 0.93179 -0.26387 -0.24929 -0.75913 0.48287 1 0 1.0
0 5.48324 -4.05000 -5.22477 0.93179 -0.26387 -0.24929 -0.72900 0.48154 1 0 1.0
bag_fabric
0 5.48324 -4.22477 -5.05000 0.69014 -0.69014 -0.21778 0.56398 0.51300 1 0 1.0
0 5.35477 -4.35324 -5.05000 0.69014 -0.69014 -0.21778 0.54086 0.51300 1 0 1.0
0 5.34737 -4.30782 -5.21737 0.69014 -0.69014 -0.21778 0.53953 0.48287 1 0 1.0
bag_fabric
0 5.48324 -4.22477 -5.05000 0.69013 -0.69014 -0.21778 0.56398 0.51300 1 0 1.0
0 5.34737 -4.30782 -5.21737 0.69013 -0.69014 -0.21778 0.53953 0.48287 1 0 1.0
0 5.43782 -4.21737 -5.21737 0.69013 -0.69014 -0.21778 0.55581 0.48287 1 0 1.0
bag_fabric
0 5.18000 -4.40000 -5.05000 0.26387 -0.93179 -0.24929 0.50940 0.51300 1 0 1.0
0 5.18000 -4.35324 -5.22477 0.26387 -0.93179 -0.24929 0.50940 0.48154 1 0 1.0
0 5.34737 -4.30782 -5.21737 0.26387 -0.93179 -0.24929 0.53953 0.48287 1 0 1.0
bag_fabric
0 5.18000 -4.40000 -5.05000 0.24929 -0.93179 -0.26387 0.50940 0.51300 1 0 1.0
0 5.34737 -4.30782 -5.21737 0.24929 -0.93179 -0.26387 0.53953 0.48287 1 0 1.0
0 5.35477 -4.35324 -5.05000 0.24929 -0.93179 -0.26387 0.54086 0.51300 1 0 1.0
bag_fabric
0 5.18000 -4.35324 -5.22477 0.21778 -0.69014 -0.69014 0.50940 0.48154 1 0 1.0
0 5.18000 -4.22477 -5.35324 0.21778 -0.69014 -0.69014 0.50940 0.45842 1 0 1.0
0 5.34737 -4.21737 -5.30782 0.21778 -0.69014 -0.69014 0.53953 0.46659 1 0 1.0
bag_fabric
0 5.18000 -4.35324 -5.22477 0.21778 -0.69014 -0.69014 0.50940 0.48154 1 0 1.0
0 5.34737 -4.21737 -5.30782 0.21778 -0.69014 -0.69014 0.53953 0.46659 1 0 1.0
0 5.34737 -4.30782 -5.21737 0.21778 -0.69014 -0.69014 0.53953 0.48287 1 0 1.0
bag_fabric
0 5.34737 -4.21737 -5.30782 0.57735 -0.57735 -0.57735 0.53953 0.46659 1 0 1.0
0 5.43782 -4.21737 -5.21737 0.57735 -0.57735 -0.57735 0.55581 0.48287 1 0 1.0
0 5.34737 -4.30782 -5.21737 0.57735 -0.57735 -0.57735 0.53953 0.48287 1 0 1.0
bag_fabric
0 5.18000 -4.05000 -0.20000 0.26387 -0.24929 0.93179 0.50940 -0.72900 1 0 1.0
0 5.18000 -4.22477 -0.24676 0.26387 -0.24929 0.93179 0.50940 -0.76046 1 0 1.0
0 5.34737 -4.21737 -0.29218 0.26387 -0.24929 0.93179 0.53953 -0.75913 1 0 1.0
bag_fabric
0 5.18000 -4.05000 -0.20000 0.24929 -0.26387 0.93179 0.50940 -0.72900 1 0 1.0
0 5.34737 -4.21737 -0.29218 0.24929 -0.26387 0.93179 0.53953 -0.75913 1 0 1.0
0 5.35477 -4.05000 -0.24676 0.24929 -0.26387 0.93179 0.54086 -0.72900 1 0 1.0
bag_fabric
0 5.18000 -4.22477 -0.24676 0.21778 -0.69014 0.69014 0.50940 1.37758 1 0 1.0
0 5.18000 -4.35324 -0.37523 0.21778 -0.69014 0.69014 0.50940 1.35446 1 0 1.0
0 5.34737 -4.30782 -0.38263 0.21778 -0.69014 0.69014 0.53953 1.35313 1 0 1.0
bag_fabric
0 5.18000 -4.22477 -0.24676 0.21778 -0.69014 0.69013 0.50940 1.37758 1 0 1.0
0 5.34737 -4.30782 -0.38263 0.21778 -0.69014 0.69013 0.53953 1.35313 1 0 1.0
0 5.34737 -4.21737 -0.29218 0.21778 -0.69014 0.69013 0.53953 1.36941 1 0 1.0
bag_fabric
0 5.18000 -4.40000 -0.55000 0.24929 -0.93179 0.26387 0.50940 1.32300 1 0 1.0
0 5.35477 -4.35324 -0.55000 0.24929 -0.93179 0.26387 0.54086 1.32300 1 0 1.0
0 5.34737 -4.30782 -0.38263 0.24929 -0.93179 0.26387 0.53953 1.35313 1 0 1.0
bag_fabric
0 5.18000 -4.40000 -0.55000 0.26387 -0.93179 0.24929 0.50940 1.32300 1 0 1.0
0 5.34737 -4.30782 -0.38263 0.26387 -0.93179 0.24929 0.53953 1.35313 1 0 1.0
0 5.18000 -4.35324 -0.37523 0.26387 -0.93179 0.24929 0.50940 1.35446 1 0 1.0
bag_fabric
0 5.35477 -4.35324 -0.55000 0.69014 -0.69014 0.21778 0.54086 1.32300 1 0 1.0
0 5.48324 -4.22477 -0.55000 0.69014 -0.69014 0.21778 0.56398 1.32300 1 0 1.0
0 5.43782 -4.21737 -0.38263 0.69014 -0.69014 0.21778 0.55581 1.35313 1 0 1.0
bag_fabric
0 5.35477 -4.35324 -0.55000 0.69013 -0.69014 0.21778 0.54086 1.32300 1 0 1.0
0 5.43782 -4.21737 -0.38263 0.69013 -0.69014 0.21778 0.55581 1.35313 1 0 1.0
0 5.34737 -4.30782 -0.38263 0.69013 -0.69014 0.21778 0.53953 1.35313 1 0 1.0
bag_fabric
0 5.53000 -4.05000 -0.55000 0.93179 -0.26387 0.24929 -0.72900 1.32300 1 0 1.0
0 5.48324 -4.05000 -0.37523 0.93179 -0.26387 0.24929 -0.72900 1.35446 1 0 1.0
0 5.43782 -4.21737 -0.38263 0.93179 -0.26387 0.24929 -0.75913 1.35313 1 0 1.0
bag_fabric
0 5.53000 -4.05000 -0.55000 0.93179 -0.24929 0.26387 -0.72900 1.32300 1 0 1.0
0 5.43782 -4.21737 -0.38263 0.93179 -0.24929 0.26387 -0.75913 1.35313 1 0 1.0
0 5.48324 -4.22477 -0.55000 0.93179 -0.24929 0.26387 -0.76046 1.32300 1 0 1.0
bag_fabric
0 5.48324 -4.05000 -0.37523 0.69014 -0.21778 0.69014 -0.72900 1.35446 1 0 1.0
0 5.35477 -4.05000 -0.24676 0.69014 -0.21778 0.69014 -0.72900 1.37758 1 0 1.0
0 5.34737 -4.21737 -0.29218 0.69014 -0.21778 0.69014 -0.75913 1.36941 1 0 1.0
bag_fabric
0 5.48324 -4.05000 -0.37523 0.69014 -0.21778 0.69014 -0.72900 1.35446 1 0 1.0
0 5.34737 -4.21737 -0.29218 0.69014 -0.21778 0.69014 -0.75913 1.36941 1 0 1.0
0 5.43782 -4.21737 -0.38263 0.69014 -0.21778 0.69014 -0.75913 1.35313 1 0 1.0
bag_fabric
0 5.34737 -4.21737 -0.29218 0.57735 -0.57735 0.57735 0.53953 1.36941 1 0 1.0
0 5.34737 -4.30782 -0.38263 0.57735 -0.57735 0.57735 0.53953 1.35313 1 0 1.0
0 5.43782 -4.21737 -0.38263 0.57735 -0.57735 0.57735 0.55581 1.35313 1 0 1.0
bag_fabric
0 5.18000 4.05000 -5.40000 0.26387 0.24929 -0.93179 0.50940 0.72900 1 0 1.0
0 5.18000 4.22477 -5.35324 0.26387 0.24929 -0.93179 0.50940 0.76046 1 0 1.0
0 5.34737 4.21737 -5.30782 0.26387 0.24929 -0.93179 0.53953 0.75913 1 0 1.0
bag_fabric
0 5.18000 4.05000 -5.40000 0.24929 0.26387 -0.93179 0.50940 0.72900 1 0 1.0
0 5.34737 4.21737 -5.30782 0.24929 0.26387 -0.93179 0.53953 0.75913 1 0 1.0
0 5.35477 4.05000 -5.35324 0.24929 0.26387 -0.93179 0.54086 0.72900 1 0 1.0
bag_fabric
0 5.18000 4.22477 -5.35324 0.21778 0.69014 -0.69014 0.50940 0.45842 1 0 1.0
0 5.18000 4.35324 -5.22477 0.21778 0.69014 -0.69014 0.50940 0.48154 1 0 1.0
0 5.34737 4.30782 -5.21737 0.21778 0.69014 -0.69014 0.53953 0.48287 1 0 1.0
bag_fabric
0 5.18000 4.22477 -5.35324 0.21778 0.69014 -0.69014 0.50940 0.45842 1 0 1.0
0 5.34737 4.30782 -5.21737 0.21778 0.69014 -0.69014 0.53953 0.48287 1 0 1.0
0 5.34737 4.21737 -5.30782 0.21778 0.69014 -0.69014 0.53953 0.46659 1 0 1.0
bag_fabric
0 5.18000 4.40000 -5.05000 0.24929 0.93179 -0.26387 0.50940 0.51300 1 0 1.0
0 5.35477 4.35324 -5.05000 0.24929 0.93179 -0.26387 0.54086 0.51300 1 0 1.0
0 5.34737 4.30782 -5.21737 0.24929 0.93179 -0.26387 0.53953 0.48287 1 0 1.0
bag_fabric
0 5.18000 4.40000 -5.05000 0.26387 0.93179 -0.24929 0.50940 0.51300 1 0 1.0
0 5.34737 4.30782 -5.21737 0.26387 0.93179 -0.24929 0.53953 0.48287 1 0 1.0
0 5.18000 4.35324 -5.22477 0.26387 0.93179 -0.24929 0.50940 0.48154 1 0 1.0
bag_fabric
0 5.35477 4.35324 -5.05000 0.69014 0.69014 -0.21778 0.54086 0.51300 1 0 1.0
0 5.48324 4.22477 -5.05000 0.69014 0.69014 -0.21778 0.56398 0.51300 1 0 1.0
0 5.43782 4.21737 -5.21737 0.69014 0.69014 -0.21778 0.55581 0.48287 1 0 1.0
bag_fabric
0 5.35477 4.35324 -5.05000 0.69013 0.69014 -0.21778 0.54086 0.51300 1 0 1.0
0 5.43782 4.21737 -5.21737 0.69013 0.69014 -0.21778 0.55581 0.48287 1 0 1.0
0 5.34737 4.30782 -5.21737 0.69013 0.69014 -0.21778 0.53953 0.48287 1 0 1.0
bag_fabric
0 5.53000 4.05000 -5.05000 0.93179 0.26387 -0.24929 0.72900 0.51300 1 0 1.0
0 5.48324 4.05000 -5.22477 0.93179 0.26387 -0.24929 0.72900 0.48154 1 0 1.0
0 5.43782 4.21737 -5.21737 0.93179 0.26387 -0.24929 0.75913 0.48287 1 0 1.0
bag_fabric
0 5.53000 4.05000 -5.05000 0.93179 0.24929 -0.26387 0.72900 0.51300 1 0 1.0
0 5.43782 4.21737 -5.21737 0.93179 0.24929 -0.26387 0.75913 0.48287 1 0 1.0
0 5.48324 4.22477 -5.05000 0.93179 0.24929 -0.26387 0.76046 0.51300 1 0 1.0
bag_fabric
0 5.48324 4.05000 -5.22477 0.69014 0.21778 -0.69014 0.56398 0.72900 1 0 1.0
0 5.35477 4.05000 -5.35324 0.69014 0.21778 -0.69014 0.54086 0.72900 1 0 1.0
0 5.34737 4.21737 -5.30782 0.69014 0.21778 -0.69014 0.53953 0.75913 1 0 1.0
bag_fabric
0 5.48324 4.05000 -5.22477 0.69013 0.21778 -0.69014 0.56398 0.72900 1 0 1.0
0 5.34737 4.21737 -5.30782 0.69013 0.21778 -0.69014 0.53953 0.75913 1 0 1.0
0 5.43782 4.21737 -5.21737 0.69013 0.21778 -0.69014 0.55581 0.75913 1 0 1.0
bag_fabric
0 5.34737 4.21737 -5.30782 0.57735 0.57735 -0.57735 0.53953 0.46659 1 0 1.0
0 5.34737 4.30782 -5.21737 0.57735 0.57735 -0.57735 0.53953 0.48287 1 0 1.0
0 5.43782 4.21737 -5.21737 0.57735 0.57735 -0.57735 0.55581 0.48287 1 0 1.0
bag_fabric
0 5.18000 4.05000 -0.20000 0.24929 0.26387 0.93179 0.50940 0.72900 1 0 1.0
0 5.35477 4.05000 -0.24676 0.24929 0.26387 0.93179 0.54086 0.72900 1 0 1.0
0 5.34737 4.21737 -0.29218 0.24929 0.26387 0.93179 0.53953 0.75913 1 0 1.0
bag_fabric
0 5.18000 4.05000 -0.20000 0.26387 0.24929 0.93179 0.50940 0.72900 1 0 1.0
0 5.34737 4.21737 -0.29218 0.26387 0.24929 0.93179 0.53953 0.75913 1 0 1.0
0 5.18000 4.22477 -0.24676 0.26387 0.24929 0.93179 0.50940 0.76046 1 0 1.0
bag_fabric
0 5.35477 4.05000 -0.24676 0.69014 0.21778 0.69014 0.72900 1.37758 1 0 1.0
0 5.48324 4.05000 -0.37523 0.69014 0.21778 0.69014 0.72900 1.35446 1 0 1.0
0 5.43782 4.21737 -0.38263 0.69014 0.21778 0.69014 0.75913 1.35313 1 0 1.0
bag_fabric
0 5.35477 4.05000 -0.24676 0.69014 0.21778 0.69014 0.72900 1.37758 1 0 1.0
0 5.43782 4.21737 -0.38263 0.69014 0.21778 0.69014 0.75913 1.35313 1 0 1.0
0 5.34737 4.21737 -0.29218 0.69014 0.21778 0.69014 0.75913 1.36941 1 0 1.0
bag_fabric
0 5.53000 4.05000 -0.55000 0.93179 0.24929 0.26387 0.72900 1.32300 1 0 1.0
0 5.48324 4.22477 -0.55000 0.93179 0.24929 0.26387 0.76046 1.32300 1 0 1.0
0 5.43782 4.21737 -0.38263 0.93179 0.24929 0.26387 0.75913 1.35313 1 0 1.0
bag_fabric
0 5.53000 4.05000 -0.55000 0.93179 0.26387 0.24929 0.72900 1.32300 1 0 1.0
0 5.43782 4.21737 -0.38263 0.93179 0.26387 0.24929 0.75913 1.35313 1 0 1.0
0 5.48324 4.05000 -0.37523 0.93179 0.26387 0.24929 0.72900 1.35446 1 0 1.0
bag_fabric
0 5.48324 4.22477 -0.55000 0.69014 0.69014 0.21778 0.56398 1.32300 1 0 1.0
0 5.35477 4.35324 -0.55000 0.69014 0.69014 0.21778 0.54086 1.32300 1 0 1.0
0 5.34737 4.30782 -0.38263 0.69014 0.69014 0.21778 0.53953 1.35313 1 0 1.0
bag_fabric
0 5.48324 4.22477 -0.55000 0.69013 0.69014 0.21778 0.56398 1.32300 1 0 1.0
0 5.34737 4.30782 -0.38263 0.69013 0.69014 0.21778 0.53953 1.35313 1 0 1.0
0 5.43782 4.21737 -0.38263 0.69013 0.69014 0.21778 0.55581 1.35313 1 0 1.0
bag_fabric
0 5.18000 4.40000 -0.55000 0.26387 0.93179 0.24929 0.50940 1.32300 1 0 1.0
0 5.18000 4.35324 -0.37523 0.26387 0.93179 0.24929 0.50940 1.35446 1 0 1.0
0 5.34737 4.30782 -0.38263 0.26387 0.93179 0.24929 0.53953 1.35313 1 0 1.0
bag_fabric
0 5.18000 4.40000 -0.55000 0.24929 0.93179 0.26387 0.50940 1.32300 1 0 1.0
0 5.34737 4.30782 -0.38263 0.24929 0.93179 0.26387 0.53953 1.35313 1 0 1.0
0 5.35477 4.35324 -0.55000 0.24929 0.93179 0.26387 0.54086 1.32300 1 0 1.0
bag_fabric
0 5.18000 4.35324 -0.37523 0.21778 0.69014 0.69014 0.50940 1.35446 1 0 1.0
0 5.18000 4.22477 -0.24676 0.21778 0.69014 0.69014 0.50940 1.37758 1 0 1.0
0 5.34737 4.21737 -0.29218 0.21778 0.69014 0.69014 0.53953 1.36941 1 0 1.0
bag_fabric
0 5.18000 4.35324 -0.37523 0.21778 0.69014 0.69013 0.50940 1.35446 1 0 1.0
0 5.34737 4.21737 -0.29218 0.21778 0.69014 0.69013 0.53953 1.36941 1 0 1.0
0 5.34737 4.30782 -0.38263 0.21778 0.69014 0.69013 0.53953 1.35313 1 0 1.0
bag_fabric
0 5.34737 4.21737 -0.29218 0.57735 0.57735 0.57735 0.53953 1.36941 1 0 1.0
0 5.43782 4.21737 -0.38263 0.57735 0.57735 0.57735 0.55581 1.35313 1 0 1.0
0 5.34737 4.30782 -0.38263 0.57735 0.57735 0.57735 0.53953 1.35313 1 0 1.0
bag_fabric
0 5.08000 4.05000 -5.40000 -0.25845 0.00000 -0.96602 0.49140 0.72900 1 0 1.0
0 5.08000 -4.05000 -5.40000 -0.25845 0.00000 -0.96602 0.49140 -0.72900 1 0 1.0
0 4.90523 -4.05000 -5.35324 -0.25845 0.00000 -0.96602 0.45994 -0.72900 1 0 1.0
bag_fabric
0 5.08000 4.05000 -5.40000 -0.25845 0.00000 -0.96602 0.49140 0.72900 1 0 1.0
0 4.90523 -4.05000 -5.35324 -0.25845 0.00000 -0.96602 0.45994 -0.72900 1 0 1.0
0 4.90523 4.05000 -5.35324 -0.25845 0.00000 -0.96602 0.45994 0.72900 1 0 1.0
bag_fabric
0 4.90523 4.05000 -5.35324 -0.70711 0.00000 -0.70711 0.72900 0.45842 1 0 1.0
0 4.90523 -4.05000 -5.35324 -0.70711 0.00000 -0.70711 -0.72900 0.45842 1 0 1.0
0 4.77676 -4.05000 -5.22477 -0.70711 0.00000 -0.70711 -0.72900 0.48154 1 0 1.0
bag_fabric
0 4.90523 4.05000 -5.35324 -0.70711 0.00000 -0.70711 0.72900 0.45842 1 0 1.0
0 4.77676 -4.05000 -5.22477 -0.70711 0.00000 -0.70711 -0.72900 0.48154 1 0 1.0
0 4.77676 4.05000 -5.22477 -0.70711 0.00000 -0.70711 0.72900 0.48154 1 0 1.0
bag_fabric
0 4.77676 4.05000 -5.22477 -0.96602 0.00000 -0.25845 0.72900 0.48154 1 0 1.0
0 4.77676 -4.05000 -5.22477 -0.96602 0.00000 -0.25845 -0.72900 0.48154 1 0 1.0
0 4.73000 -4.05000 -5.05000 -0.96602 0.00000 -0.25845 -0.72900 0.51300 1 0 1.0
bag_fabric
0 4.77676 4.05000 -5.22477 -0.96602 0.00000 -0.25845 0.72900 0.48154 1 0 1.0
0 4.73000 -4.05000 -5.05000 -0.96602 0.00000 -0.25845 -0.72900 0.51300 1 0 1.0
0 4.73000 4.05000 -5.05000 -0.96602 0.00000 -0.25845 0.72900 0.51300 1 0 1.0
bag_fabric
0 5.08000 -4.40000 -5.05000 -0.25845 -0.96602 0.00000 0.49140 0.51300 1 0 1.0
0 5.08000 -4.40000 -0.55000 -0.25845 -0.96602 0.00000 0.49140 1.32300 1 0 1.0
0 4.90523 -4.35324 -0.55000 -0.25845 -0.96602 0.00000 0.45994 1.32300 1 0 1.0
bag_fabric
0 5.08000 -4.40000 -5.05000 -0.25845 -0.96602 0.00000 0.49140 0.51300 1 0 1.0
0 4.90523 -4.35324 -0.55000 -0.25845 -0.96602 0.00000 0.45994 1.32300 1 0 1.0
0 4.90523 -4.35324 -5.05000 -0.25845 -0.96602 0.00000 0.45994 0.51300 1 0 1.0
bag_fabric
0 4.90523 -4.35324 -5.05000 -0.70711 -0.70711 0.00000 -0.78358 0.51300 1 0 1.0
0 4.90523 -4.35324 -0.55000 -0.70711 -0.70711 0.00000 -0.78358 1.32300 1 0 1.0
0 4.77676 -4.22477 -0.55000 -0.70711 -0.70711 0.00000 -0.76046 1.32300 1 0 1.0
bag_fabric
0 4.90523 -4.35324 -5.05000 -0.70711 -0.70711 0.00000 -0.78358 0.51300 1 0 1.0
0 4.77676 -4.22477 -0.55000 -0.70711 -0.70711 0.00000 -0.76046 1.32300 1 0 1.0
0 4.77676 -4.22477 -5.05000 -0.70711 -0.70711 0.00000 -0.76046 0.51300 1 0 1.0
bag_fabric
0 4.77676 -4.22477 -5.05000 -0.96602 -0.25845 0.00000 -0.76046 0.51300 1 0 1.0
0 4.77676 -4.22477 -0.55000 -0.96602 -0.25845 0.00000 -0.76046 1.32300 1 0 1.0
0 4.73000 -4.05000 -0.55000 -0.96602 -0.25845 0.00000 -0.72900 1.32300 1 0 1.0
bag_fabric
0 4.77676 -4.22477 -5.05000 -0.96602 -0.25845 0.00000 -0.76046 0.51300 1 0 1.0
0 4.73000 -4.05000 -0.55000 -0.96602 -0.25845 0.00000 -0.72900 1.32300 1 0 1.0
0 4.73000 -4.05000 -5.05000 -0.96602 -0.25845 0.00000 -0.72900 0.51300 1 0 1.0
bag_fabric
0 5.08000 -4.05000 -0.20000 -0.25845 0.00000 0.96602 0.49140 -0.72900 1 0 1.0
0 5.08000 4.05000 -0.20000 -0.25845 0.00000 0.96602 0.49140 0.72900 1 0 1.0
0 4.90523 4.05000 -0.24676 -0.25845 0.00000 0.96602 0.45994 0.72900 1 0 1.0
bag_fabric
0 5.08000 -4.05000 -0.20000 -0.25845 0.00000 0.96602 0.49140 -0.72900 1 0 1.0
0 4.90523 4.05000 -0.24676 -0.25845 0.00000 0.96602 0.45994 0.72900 1 0 1.0
0 4.90523 -4.05000 -0.24676 -0.25845 0.00000 0.96602 0.45994 -0.72900 1 0 1.0
bag_fabric
0 4.90523 -4.05000 -0.24676 -0.70711 0.00000 0.70711 -0.72900 1.37758 1 0 1.0
0 4.90523 4.05000 -0.24676 -0.70711 0.00000 0.70711 0.72900 1.37758 1 0 1.0
0 4.77676 4.05000 -0.37523 -0.70711 0.00000 0.70711 0.72900 1.35446 1 0 1.0
bag_fabric
0 4.90523 -4.05000 -0.24676 -0.70711 0.00000 0.70711 -0.72900 1.37758 1 0 1.0
0 4.77676 4.05000 -0.37523 -0.70711 0.00000 0.70711 0.72900 1.35446 1 0 1.0
0 4.77676 -4.05000 -0.37523 -0.70711 0.00000 0.70711 -0.72900 1.35446 1 0 1.0
bag_fabric
0 4.77676 -4.05000 -0.37523 -0.96602 0.00000 0.25845 -0.72900 1.35446 1 0 1.0
0 4.77676 4.05000 -0.37523 -0.96602 0.00000 0.25845 0.72900 1.35446 1 0 1.0
0 4.73000 4.05000 -0.55000 -0.96602 0.00000 0.25845 0.72900 1.32300 1 0 1.0
bag_fabric
0 4.77676 -4.05000 -0.37523 -0.96602 0.00000 0.25845 -0.72900 1.35446 1 0 1.0
0 4.73000 4.05000 -0.55000 -0.96602 0.00000 0.25845 0.72900 1.32300 1 0 1.0
0 4.73000 -4.05000 -0.55000 -0.96602 0.00000 0.25845 -0.72900 1.32300 1 0 1.0
bag_fabric
0 5.08000 4.40000 -0.55000 -0.25845 0.96602 0.00000 0.49140 1.32300 1 0 1.0
0 5.08000 4.40000 -5.05000 -0.25845 0.96602 0.00000 0.49140 0.51300 1 0 1.0
0 4.90523 4.35324 -5.05000 -0.25845 0.96602 0.00000 0.45994 0.51300 1 0 1.0
bag_fabric
0 5.08000 4.40000 -0.55000 -0.25845 0.96602 0.00000 0.49140 1.32300 1 0 1.0
0 4.90523 4.35324 -5.05000 -0.25845 0.96602 0.00000 0.45994 0.51300 1 0 1.0
0 4.90523 4.35324 -0.55000 -0.25845 0.96602 0.00000 0.45994 1.32300 1 0 1.0
bag_fabric
0 4.90523 4.35324 -0.55000 -0.70711 0.70711 0.00000 0.78358 1.32300 1 0 1.0
0 4.90523 4.35324 -5.05000 -0.70711 0.70711 0.00000 0.78358 0.51300 1 0 1.0
0 4.77676 4.22477 -5.05000 -0.70711 0.70711 0.00000 0.76046 0.51300 1 0 1.0
bag_fabric
0 4.90523 4.35324 -0.55000 -0.70711 0.70711 0.00000 0.78358 1.32300 1 0 1.0
0 4.77676 4.22477 -5.05000 -0.70711 0.70711 0.00000 0.76046 0.51300 1 0 1.0
0 4.77676 4.22477 -0.55000 -0.70711 0.70711 0.00000 0.76046 1.32300 1 0 1.0
bag_fabric
0 4.77676 4.22477 -0.55000 -0.96602 0.25845 0.00000 0.76046 1.32300 1 0 1.0
0 4.77676 4.22477 -5.05000 -0.96602 0.25845 0.00000 0.76046 0.51300 1 0 1.0
0 4.73000 4.05000 -5.05000 -0.96602 0.25845 0.00000 0.72900 0.51300 1 0 1.0
bag_fabric
0 4.77676 4.22477 -0.55000 -0.96602 0.25845 0.00000 0.76046 1.32300 1 0 1.0
0 4.73000 4.05000 -5.05000 -0.96602 0.25845 0.00000 0.72900 0.51300 1 0 1.0
0 4.73000 4.05000 -0.55000 -0.96602 0.25845 0.00000 0.72900 1.32300 1 0 1.0
bag_fabric
0 5.18000 4.05000 -5.40000 0.00000 0.25845 -0.96602 0.50940 0.72900 1 0 1.0
0 5.08000 4.05000 -5.40000 0.00000 0.25845 -0.96602 0.49140 0.72900 1 0 1.0
0 5.08000 4.22477 -5.35324 0.00000 0.25845 -0.96602 0.49140 0.76046 1 0 1.0
bag_fabric
0 5.18000 4.05000 -5.40000 0.00000 0.25845 -0.96602 0.50940 0.72900 1 0 1.0
0 5.08000 4.22477 -5.35324 0.00000 0.25845 -0.96602 0.49140 0.76046 1 0 1.0
0 5.18000 4.22477 -5.35324 0.00000 0.25845 -0.96602 0.50940 0.76046 1 0 1.0
bag_fabric
0 5.18000 4.22477 -5.35324 0.00000 0.70711 -0.70711 0.50940 0.45842 1 0 1.0
0 5.08000 4.22477 -5.35324 0.00000 0.70711 -0.70711 0.49140 0.45842 1 0 1.0
0 5.08000 4.35324 -5.22477 0.00000 0.70711 -0.70711 0.49140 0.48154 1 0 1.0
bag_fabric
0 5.18000 4.22477 -5.35324 0.00000 0.70711 -0.70711 0.50940 0.45842 1 0 1.0
0 5.08000 4.35324 -5.22477 0.00000 0.70711 -0.70711 0.49140 0.48154 1 0 1.0
0 5.18000 4.35324 -5.22477 0.00000 0.70711 -0.70711 0.50940 0.48154 1 0 1.0
bag_fabric
0 5.18000 4.35324 -5.22477 0.00000 0.96602 -0.25845 0.50940 0.48154 1 0 1.0
0 5.08000 4.35324 -5.22477 0.00000 0.96602 -0.25845 0.49140 0.48154 1 0 1.0
0 5.08000 4.40000 -5.05000 0.00000 0.96602 -0.25845 0.49140 0.51300 1 0 1.0
bag_fabric
0 5.18000 4.35324 -5.22477 0.00000 0.96602 -0.25845 0.50940 0.48154 1 0 1.0
0 5.08000 4.40000 -5.05000 0.00000 0.96602 -0.25845 0.49140 0.51300 1 0 1.0
0 5.18000 4.40000 -5.05000 0.00000 0.96602 -0.25845 0.50940 0.51300 1 0 1.0
bag_fabric
0 5.08000 4.05000 -0.20000 0.00000 0.25845 0.96602 0.49140 0.72900 1 0 1.0
0 5.18000 4.05000 -0.20000 0.00000 0.25845 0.96602 0.50940 0.72900 1 0 1.0
0 5.18000 4.22477 -0.24676 0.00000 0.25845 0.96602 0.50940 0.76046 1 0 1.0
bag_fabric
0 5.08000 4.05000 -0.20000 0.00000 0.25845 0.96602 0.49140 0.72900 1 0 1.0
0 5.18000 4.22477 -0.24676 0.00000 0.25845 0.96602 0.50940 0.76046 1 0 1.0
0 5.08000 4.22477 -0.24676 0.00000 0.25845 0.96602 0.49140 0.76046 1 0 1.0
bag_fabric
0 5.08000 4.22477 -0.24676 0.00000 0.70711 0.70711 0.49140 1.37758 1 0 1.0
0 5.18000 4.22477 -0.24676 0.00000 0.70711 0.70711 0.50940 1.37758 1 0 1.0
0 5.18000 4.35324 -0.37523 0.00000 0.70711 0.70711 0.50940 1.35446 1 0 1.0
bag_fabric
0 5.08000 4.22477 -0.24676 0.00000 0.70711 0.70711 0.49140 1.37758 1 0 1.0
0 5.18000 4.35324 -0.37523 0.00000 0.70711 0.70711 0.50940 1.35446 1 0 1.0
0 5.08000 4.35324 -0.37523 0.00000 0.70711 0.70711 0.49140 1.35446 1 0 1.0
bag_fabric
0 5.08000 4.35324 -0.37523 0.00000 0.96602 0.25845 0.49140 1.35446 1 0 1.0
0 5.18000 4.35324 -0.37523 0.00000 0.96602 0.25845 0.50940 1.35446 1 0 1.0
0 5.18000 4.40000 -0.55000 0.00000 0.96602 0.25845 0.50940 1.32300 1 0 1.0
bag_fabric
0 5.08000 4.35324 -0.37523 0.00000 0.96602 0.25845 0.49140 1.35446 1 0 1.0
0 5.18000 4.40000 -0.55000 0.00000 0.96602 0.25845 0.50940 1.32300 1 0 1.0
0 5.08000 4.40000 -0.55000 0.00000 0.96602 0.25845 0.49140 1.32300 1 0 1.0
bag_fabric
0 5.53000 4.05000 -0.55000 0.96602 0.25845 0.00000 0.72900 1.32300 1 0 1.0
0 5.53000 4.05000 -5.05000 0.96602 0.25845 0.00000 0.72900 0.51300 1 0 1.0
0 5.48324 4.22477 -5.05000 0.96602 0.25845 0.00000 0.76046 0.51300 1 0 1.0
bag_fabric
0 5.53000 4.05000 -0.55000 0.96602 0.25845 0.00000 0.72900 1.32300 1 0 1.0
0 5.48324 4.22477 -5.05000 0.96602 0.25845 0.00000 0.76046 0.51300 1 0 1.0
0 5.48324 4.22477 -0.55000 0.96602 0.25845 0.00000 0.76046 1.32300 1 0 1.0
bag_fabric
0 5.48324 4.22477 -0.55000 0.70711 0.70711 0.00000 0.76046 1.32300 1 0 1.0
0 5.48324 4.22477 -5.05000 0.70711 0.70711 0.00000 0.76046 0.51300 1 0 1.0
0 5.35477 4.35324 -5.05000 0.70711 0.70711 0.00000 0.78358 0.51300 1 0 1.0
bag_fabric
0 5.48324 4.22477 -0.55000 0.70711 0.70711 0.00000 0.76046 1.32300 1 0 1.0
0 5.35477 4.35324 -5.05000 0.70711 0.70711 0.00000 0.78358 0.51300 1 0 1.0
0 5.35477 4.35324 -0.55000 0.70711 0.70711 0.00000 0.78358 1.32300 1 0 1.0
bag_fabric
0 5.35477 4.35324 -0.55000 0.25845 0.96602 0.00000 0.54086 1.32300 1 0 1.0
0 5.35477 4.35324 -5.05000 0.25845 0.96602 0.00000 0.54086 0.51300 1 0 1.0
0 5.18000 4.40000 -5.05000 0.25845 0.96602 0.00000 0.50940 0.51300 1 0 1.0
bag_fabric
0 5.35477 4.35324 -0.55000 0.25845 0.96602 0.00000 0.54086 1.32300 1 0 1.0
0 5.18000 4.40000 -5.05000 0.25845 0.96602 0.00000 0.50940 0.51300 1 0 1.0
0 5.18000 4.40000 -0.55000 0.25845 0.96602 0.00000 0.50940 1.32300 1 0 1.0
bag_fabric
0 5.18000 -4.05000 -5.40000 0.25845 0.00000 -0.96602 0.50940 -0.72900 1 0 1.0
0 5.18000 4.05000 -5.40000 0.25845 0.00000 -0.96602 0.50940 0.72900 1 0 1.0
0 5.35477 4.05000 -5.35324 0.25845 0.00000 -0.96602 0.54086 0.72900 1 0 1.0
bag_fabric
0 5.18000 -4.05000 -5.40000 0.25845 0.00000 -0.96602 0.50940 -0.72900 1 0 1.0
0 5.35477 4.05000 -5.35324 0.25845 0.00000 -0.96602 0.54086 0.72900 1 0 1.0
0 5.35477 -4.05000 -5.35324 0.25845 0.00000 -0.96602 0.54086 -0.72900 1 0 1.0
bag_fabric
0 5.35477 -4.05000 -5.35324 0.70711 0.00000 -0.70711 -0.72900 0.45842 1 0 1.0
0 5.35477 4.05000 -5.35324 0.70711 0.00000 -0.70711 0.72900 0.45842 1 0 1.0
0 5.48324 4.05000 -5.22477 0.70711 0.00000 -0.70711 0.72900 0.48154 1 0 1.0
bag_fabric
0 5.35477 -4.05000 -5.35324 0.70711 0.00000 -0.70711 -0.72900 0.45842 1 0 1.0
0 5.48324 4.05000 -5.22477 0.70711 0.00000 -0.70711 0.72900 0.48154 1 0 1.0
0 5.48324 -4.05000 -5.22477 0.70711 0.00000 -0.70711 -0.72900 0.48154 1 0 1.0
bag_fabric
0 5.48324 -4.05000 -5.22477 0.96602 0.00000 -0.25845 -0.72900 0.48154 1 0 1.0
0 5.48324 4.05000 -5.22477 0.96602 0.00000 -0.25845 0.72900 0.48154 1 0 1.0
0 5.53000 4.05000 -5.05000 0.96602 0.00000 -0.25845 0.72900 0.51300 1 0 1.0
bag_fabric
0 5.48324 -4.05000 -5.22477 0.96602 0.00000 -0.25845 -0.72900 0.48154 1 0 1.0
0 5.53000 4.05000 -5.05000 0.96602 0.00000 -0.25845 0.72900 0.51300 1 0 1.0
0 5.53000 -4.05000 -5.05000 0.96602 0.00000 -0.25845 -0.72900 0.51300 1 0 1.0
bag_fabric
0 5.18000 4.05000 -0.20000 0.25845 0.00000 0.96602 0.50940 0.72900 1 0 1.0
0 5.18000 -4.05000 -0.20000 0.25845 0.00000 0.96602 0.50940 -0.72900 1 0 1.0
0 5.35477 -4.05000 -0.24676 0.25845 0.00000 0.96602 0.54086 -0.72900 1 0 1.0
bag_fabric
0 5.18000 4.05000 -0.20000 0.25845 0.00000 0.96602 0.50940 0.72900 1 0 1.0
0 5.35477 -4.05000 -0.24676 0.25845 0.00000 0.96602 0.54086 -0.72900 1 0 1.0
0 5.35477 4.05000 -0.24676 0.25845 0.00000 0.96602 0.54086 0.72900 1 0 1.0
bag_fabric
0 5.35477 4.05000 -0.24676 0.70711 0.00000 0.70711 0.72900 1.37758 1 0 1.0
0 5.35477 -4.05000 -0.24676 0.70711 0.00000 0.70711 -0.72900 1.37758 1 0 1.0
0 5.48324 -4.05000 -0.37523 0.70711 0.00000 0.70711 -0.72900 1.35446 1 0 1.0
bag_fabric
0 5.35477 4.05000 -0.24676 0.70711 0.00000 0.70711 0.72900 1.37758 1 0 1.0
0 5.48324 -4.05000 -0.37523 0.70711 0.00000 0.70711 -0.72900 1.35446 1 0 1.0
0 5.48324 4.05000 -0.37523 0.70711 0.00000 0.70711 0.72900 1.35446 1 0 1.0
bag_fabric
0 5.48324 4.05000 -0.37523 0.96602 0.00000 0.25845 0.72900 1.35446 1 0 1.0
0 5.48324 -4.05000 -0.37523 0.96602 0.00000 0.25845 -0.72900 1.35446 1 0 1.0
0 5.53000 -4.05000 -0.55000 0.96602 0.00000 0.25845 -0.72900 1.32300 1 0 1.0
bag_fabric
0 5.48324 4.05000 -0.37523 0.96602 0.00000 0.25845 0.72900 1.35446 1 0 1.0
0 5.53000 -4.05000 -0.55000 0.96602 0.00000 0.25845 -0.72900 1.32300 1 0 1.0
0 5.53000 4.05000 -0.55000 0.96602 0.00000 0.25845 0.72900 1.32300 1 0 1.0
bag_fabric
0 5.18000 -4.40000 -0.55000 0.25845 -0.96602 0.00000 0.50940 1.32300 1 0 1.0
0 5.18000 -4.40000 -5.05000 0.25845 -0.96602 0.00000 0.50940 0.51300 1 0 1.0
0 5.35477 -4.35324 -5.05000 0.25845 -0.96602 0.00000 0.54086 0.51300 1 0 1.0
bag_fabric
0 5.18000 -4.40000 -0.55000 0.25845 -0.96602 0.00000 0.50940 1.32300 1 0 1.0
0 5.35477 -4.35324 -5.05000 0.25845 -0.96602 0.00000 0.54086 0.51300 1 0 1.0
0 5.35477 -4.35324 -0.55000 0.25845 -0.96602 0.00000 0.54086 1.32300 1 0 1.0
bag_fabric
0 5.35477 -4.35324 -0.55000 0.70711 -0.70711 0.00000 -0.78358 1.32300 1 0 1.0
0 5.35477 -4.35324 -5.05000 0.70711 -0.70711 0.00000 -0.78358 0.51300 1 0 1.0
0 5.48324 -4.22477 -5.05000 0.70711 -0.70711 0.00000 -0.76046 0.51300 1 0 1.0
bag_fabric
0 5.35477 -4.35324 -0.55000 0.70711 -0.70711 0.00000 -0.78358 1.32300 1 0 1.0
0 5.48324 -4.22477 -5.05000 0.70711 -0.70711 0.00000 -0.76046 0.51300 1 0 1.0
0 5.48324 -4.22477 -0.55000 0.70711 -0.70711 0.00000 -0.76046 1.32300 1 0 1.0
bag_fabric
0 5.48324 -4.22477 -0.55000 0.96602 -0.25845 0.00000 -0.76046 1.32300 1 0 1.0
0 5.48324 -4.22477 -5.05000 0.96602 -0.25845 0.00000 -0.76046 0.51300 1 0 1.0
0 5.53000 -4.05000 -5.05000 0.96602 -0.25845 0.00000 -0.72900 0.51300 1 0 1.0
bag_fabric
0 5.48324 -4.22477 -0.55000 0.96602 -0.25845 0.00000 -0.76046 1.32300 1 0 1.0
0 5.53000 -4.05000 -5.05000 0.96602 -0.25845 0.00000 -0.72900 0.51300 1 0 1.0
0 5.53000 -4.05000 -0.55000 0.96602 -0.25845 0.00000 -0.72900 1.32300 1 0 1.0
bag_fabric
0 5.08000 -4.05000 -5.40000 0.00000 -0.25845 -0.96602 0.49140 -0.72900 1 0 1.0
0 5.18000 -4.05000 -5.40000 0.00000 -0.25845 -0.96602 0.50940 -0.72900 1 0 1.0
0 5.18000 -4.22477 -5.35324 0.00000 -0.25845 -0.96602 0.50940 -0.76046 1 0 1.0
bag_fabric
0 5.08000 -4.05000 -5.40000 0.00000 -0.25845 -0.96602 0.49140 -0.72900 1 0 1.0
0 5.18000 -4.22477 -5.35324 0.00000 -0.25845 -0.96602 0.50940 -0.76046 1 0 1.0
0 5.08000 -4.22477 -5.35324 0.00000 -0.25845 -0.96602 0.49140 -0.76046 1 0 1.0
bag_fabric
0 5.08000 -4.22477 -5.35324 0.00000 -0.70711 -0.70711 0.49140 0.45842 1 0 1.0
0 5.18000 -4.22477 -5.35324 0.00000 -0.70711 -0.70711 0.50940 0.45842 1 0 1.0
0 5.18000 -4.35324 -5.22477 0.00000 -0.70711 -0.70711 0.50940 0.48154 1 0 1.0
bag_fabric
0 5.08000 -4.22477 -5.35324 0.00000 -0.70711 -0.70711 0.49140 0.45842 1 0 1.0
0 5.18000 -4.35324 -5.22477 0.00000 -0.70711 -0.70711 0.50940 0.48154 1 0 1.0
0 5.08000 -4.35324 -5.22477 0.00000 -0.70711 -0.70711 0.49140 0.48154 1 0 1.0
bag_fabric
0 5.08000 -4.35324 -5.22477 0.00000 -0.96602 -0.25845 0.49140 0.48154 1 0 1.0
0 5.18000 -4.35324 -5.22477 0.00000 -0.96602 -0.25845 0.50940 0.48154 1 0 1.0
0 5.18000 -4.40000 -5.05000 0.00000 -0.96602 -0.25845 0.50940 0.51300 1 0 1.0
bag_fabric
0 5.08000 -4.35324 -5.22477 0.00000 -0.96602 -0.25845 0.49140 0.48154 1 0 1.0
0 5.18000 -4.40000 -5.05000 0.00000 -0.96602 -0.25845 0.50940 0.51300 1 0 1.0
0 5.08000 -4.40000 -5.05000 0.00000 -0.96602 -0.25845 0.49140 0.51300 1 0 1.0
bag_fabric
0 5.18000 -4.05000 -0.20000 0.00000 -0.25845 0.96602 0.50940 -0.72900 1 0 1.0
0 5.08000 -4.05000 -0.20000 0.00000 -0.25845 0.96602 0.49140 -0.72900 1 0 1.0
0 5.08000 -4.22477 -0.24676 0.00000 -0.25845 0.96602 0.49140 -0.76046 1 0 1.0
bag_fabric
0 5.18000 -4.05000 -0.20000 0.00000 -0.25845 0.96602 0.50940 -0.72900 1 0 1.0
0 5.08000 -4.22477 -0.24676 0.00000 -0.25845 0.96602 0.49140 -0.76046 1 0 1.0
0 5.18000 -4.22477 -0.24676 0.00000 -0.25845 0.96602 0.50940 -0.76046 1 0 1.0
bag_fabric
0 5.18000 -4.22477 -0.24676 0.00000 -0.70711 0.70711 0.50940 1.37758 1 0 1.0
0 5.08000 -4.22477 -0.24676 0.00000 -0.70711 0.70711 0.49140 1.37758 1 0 1.0
0 5.08000 -4.35324 -0.37523 0.00000 -0.70711 0.70711 0.49140 1.35446 1 0 1.0
bag_fabric
0 5.18000 -4.22477 -0.24676 0.00000 -0.70711 0.70711 0.50940 1.37758 1 0 1.0
0 5.08000 -4.35324 -0.37523 0.00000 -0.70711 0.70711 0.49140 1.35446 1 0 1.0
0 5.18000 -4.35324 -0.37523 0.00000 -0.70711 0.70711 0.50940 1.35446 1 0 1.0
bag_fabric
0 5.18000 -4.35324 -0.37523 0.00000 -0.96602 0.25845 0.50940 1.35446 1 0 1.0
0 5.08000 -4.35324 -0.37523 0.00000 -0.96602 0.25845 0.49140 1.35446 1 0 1.0
0 5.08000 -4.40000 -0.55000 0.00000 -0.96602 0.25845 0.49140 1.32300 1 0 1.0
bag_fabric
0 5.18000 -4.35324 -0.37523 0.00000 -0.96602 0.25845 0.50940 1.35446 1 0 1.0
0 5.08000 -4.40000 -0.55000 0.00000 -0.96602 0.25845 0.49140 1.32300 1 0 1.0
0 5.18000 -4.40000 -0.55000 0.00000 -0.96602 0.25845 0.50940 1.32300 1 0 1.0
bag_fabric
0 5.08000 4.05000 -5.40000 0.00000 0.00000 -1.00000 0.49140 0.72900 1 0 1.0
0 5.18000 4.05000 -5.40000 0.00000 0.00000 -1.00000 0.50940 0.72900 1 0 1.0
0 5.18000 -4.05000 -5.40000 0.00000 0.00000 -1.00000 0.50940 -0.72900 1 0 1.0
bag_fabric
0 5.08000 4.05000 -5.40000 0.00000 0.00000 -1.00000 0.49140 0.72900 1 0 1.0
0 5.18000 -4.05000 -5.40000 0.00000 0.00000 -1.00000 0.50940 -0.72900 1 0 1.0
0 5.08000 -4.05000 -5.40000 0.00000 0.00000 -1.00000 0.49140 -0.72900 1 0 1.0
bag_fabric
0 4.73000 -4.05000 -5.05000 -1.00000 0.00000 0.00000 -0.72900 0.51300 1 0 1.0
0 4.73000 -4.05000 -0.55000 -1.00000 0.00000 0.00000 -0.72900 1.32300 1 0 1.0
0 4.73000 4.05000 -0.55000 -1.00000 0.00000 0.00000 0.72900 1.32300 1 0 1.0
bag_fabric
0 4.73000 -4.05000 -5.05000 -1.00000 0.00000 0.00000 -0.72900 0.51300 1 0 1.0
0 4.73000 4.05000 -0.55000 -1.00000 0.00000 0.00000 0.72900 1.32300 1 0 1.0
0 4.73000 4.05000 -5.05000 -1.00000 0.00000 0.00000 0.72900 0.51300 1 0 1.0
bag_fabric
0 5.18000 -4.40000 -5.05000 0.00000 -1.00000 0.00000 0.50940 0.51300 1 0 1.0
0 5.18000 -4.40000 -0.55000 0.00000 -1.00000 0.00000 0.50940 1.32300 1 0 1.0
0 5.08000 -4.40000 -0.55000 0.00000 -1.00000 0.00000 0.49140 1.32300 1 0 1.0
bag_fabric
0 5.18000 -4.40000 -5.05000 0.00000 -1.00000 0.00000 0.50940 0.51300 1 0 1.0
0 5.08000 -4.40000 -0.55000 0.00000 -1.00000 0.00000 0.49140 1.32300 1 0 1.0
0 5.08000 -4.40000 -5.05000 0.00000 -1.00000 0.00000 0.49140 0.51300 1 0 1.0
bag_fabric
0 5.18000 4.05000 -0.20000 0.00000 0.00000 1.00000 0.50940 0.72900 1 0 1.0
0 5.08000 4.05000 -0.20000 0.00000 0.00000 1.00000 0.49140 0.72900 1 0 1.0
0 5.08000 -4.05000 -0.20000 0.00000 0.00000 1.00000 0.49140 -0.72900 1 0 1.0
bag_fabric
0 5.18000 4.05000 -0.20000 0.00000 0.00000 1.00000 0.50940 0.72900 1 0 1.0
0 5.08000 -4.05000 -0.20000 0.00000 0.00000 1.00000 0.49140 -0.72900 1 0 1.0
0 5.18000 -4.05000 -0.20000 0.00000 0.00000 1.00000 0.50940 -0.72900 1 0 1.0
bag_fabric
0 5.08000 4.40000 -5.05000 0.00000 1.00000 0.00000 0.49140 0.51300 1 0 1.0
0 5.08000 4.40000 -0.55000 0.00000 1.00000 0.00000 0.49140 1.32300 1 0 1.0
0 5.18000 4.40000 -0.55000 0.00000 1.00000 0.00000 0.50940 1.32300 1 0 1.0
bag_fabric
0 5.08000 4.40000 -5.05000 0.00000 1.00000 0.00000 0.49140 0.51300 1 0 1.0
0 5.18000 4.40000 -0.55000 0.00000 1.00000 0.00000 0.50940 1.32300 1 0 1.0
0 5.18000 4.40000 -5.05000 0.00000 1.00000 0.00000 0.50940 0.51300 1 0 1.0
bag_fabric
0 5.53000 4.05000 -5.05000 1.00000 0.00000 0.00000 0.72900 0.51300 1 0 1.0
0 5.53000 4.05000 -0.55000 1.00000 0.00000 0.00000 0.72900 1.32300 1 0 1.0
0 5.53000 -4.05000 -0.55000 1.00000 0.00000 0.00000 -0.72900 1.32300 1 0 1.0
bag_fabric
0 5.53000 4.05000 -5.05000 1.00000 0.00000 0.00000 0.72900 0.51300 1 0 1.0
0 5.53000 -4.05000 -0.55000 1.00000 0.00000 0.00000 -0.72900 1.32300 1 0 1.0
0 5.53000 -4.05000 -5.05000 1.00000 0.00000 0.00000 -0.72900 0.51300 1 0 1.0
bag_metal
0 5.52000 2.29500 -5.97500 -0.28175 -0.36718 -0.88645 0.57060 0.41310 1 0 1.0
0 5.52000 2.21015 -5.93985 -0.28175 -0.36718 -0.88645 0.57060 0.39783 1 0 1.0
0 5.45072 2.22572 -5.92428 -0.28175 -0.36718 -0.88645 0.55813 0.40063 1 0 1.0
bag_metal
0 5.52000 2.29500 -5.97500 -0.36718 -0.28175 -0.88645 0.57060 0.41310 1 0 1.0
0 5.45072 2.22572 -5.92428 -0.36718 -0.28175 -0.88645 0.55813 0.40063 1 0 1.0
0 5.43515 2.29500 -5.93985 -0.36718 -0.28175 -0.88645 0.55533 0.41310 1 0 1.0
bag_metal
0 5.52000 2.17500 -5.85500 -0.36718 -0.88645 -0.28175 0.57060 0.36810 1 0 1.0
0 5.43515 2.21015 -5.85500 -0.36718 -0.88645 -0.28175 0.55533 0.36810 1 0 1.0
0 5.45072 2.22572 -5.92428 -0.36718 -0.88645 -0.28175 0.55813 0.35563 1 0 1.0
bag_metal
0 5.52000 2.17500 -5.85500 -0.28175 -0.88645 -0.36718 0.57060 0.36810 1 0 1.0
0 5.45072 2.22572 -5.92428 -0.28175 -0.88645 -0.36718 0.55813 0.35563 1 0 1.0
0 5.52000 2.21015 -5.93985 -0.28175 -0.88645 -0.36718 0.57060 0.35283 1 0 1.0
bag_metal
0 5.40000 2.29500 -5.85500 -0.88645 -0.28175 -0.36718 0.41310 0.36810 1 0 1.0
0 5.43515 2.29500 -5.93985 -0.88645 -0.28175 -0.36718 0.41310 0.35283 1 0 1.0
0 5.45072 2.22572 -5.92428 -0.88645 -0.28175 -0.36718 0.40063 0.35563 1 0 1.0
bag_metal
0 5.40000 2.29500 -5.85500 -0.88645 -0.36718 -0.28175 0.41310 0.36810 1 0 1.0
0 5.45072 2.22572 -5.92428 -0.88645 -0.36718 -0.28175 0.40063 0.35563 1 0 1.0
0 5.43515 2.21015 -5.85500 -0.88645 -0.36718 -0.28175 0.39783 0.36810 1 0 1.0
bag_metal
0 5.52000 2.17500 -4.94500 -0.28174 -0.88645 0.36718 0.57060 0.53190 1 0 1.0
0 5.52000 2.21015 -4.86015 -0.28174 -0.88645 0.36718 0.57060 0.54717 1 0 1.0
0 5.45072 2.22572 -4.87572 -0.28174 -0.88645 0.36718 0.55813 0.54437 1 0 1.0
bag_metal
0 5.52000 2.17500 -4.94500 -0.36718 -0.88645 0.28174 0.57060 0.53190 1 0 1.0
0 5.45072 2.22572 -4.87572 -0.36718 -0.88645 0.28174 0.55813 0.54437 1 0 1.0
0 5.43515 2.21015 -4.94500 -0.36718 -0.88645 0.28174 0.55533 0.53190 1 0 1.0
bag_metal
0 5.52000 2.29500 -4.82500 -0.36718 -0.28174 0.88645 0.57060 0.41310 1 0 1.0
0 5.43515 2.29500 -4.86015 -0.36718 -0.28174 0.88645 0.55533 0.41310 1 0 1.0
0 5.45072 2.22572 -4.87572 -0.36718 -0.28174 0.88645 0.55813 0.40063 1 0 1.0
bag_metal
0 5.52000 2.29500 -4.82500 -0.28174 -0.36718 0.88645 0.57060 0.41310 1 0 1.0
0 5.45072 2.22572 -4.87572 -0.28174 -0.36718 0.88645 0.55813 0.40063 1 0 1.0
0 5.52000 2.21015 -4.86015 -0.28174 -0.36718 0.88645 0.57060 0.39783 1 0 1.0
bag_metal
0 5.40000 2.29500 -4.94500 -0.88645 -0.36718 0.28174 0.41310 0.53190 1 0 1.0
0 5.43515 2.21015 -4.94500 -0.88645 -0.36718 0.28174 0.39783 0.53190 1 0 1.0
0 5.45072 2.22572 -4.87572 -0.88645 -0.36718 0.28174 0.40063 0.54437 1 0 1.0
bag_metal
0 5.40000 2.29500 -4.94500 -0.88645 -0.28174 0.36718 0.41310 0.53190 1 0 1.0
0 5.45072 2.22572 -4.87572 -0.88645 -0.28174 0.36718 0.40063 0.54437 1 0 1.0
0 5.43515 2.29500 -4.86015 -0.88645 -0.28174 0.36718 0.41310 0.54717 1 0 1.0
bag_metal
0 5.52000 3.20500 -5.97500 -0.36718 0.28175 -0.88645 0.57060 0.57690 1 0 1.0
0 5.43515 3.20500 -5.93985 -0.36718 0.28175 -0.88645 0.55533 0.57690 1 0 1.0
0 5.45072 3.27428 -5.92428 -0.36718 0.28175 -0.88645 0.55813 0.58937 1 0 1.0
bag_metal
0 5.52000 3.20500 -5.97500 -0.28175 0.36718 -0.88645 0.57060 0.57690 1 0 1.0
0 5.45072 3.27428 -5.92428 -0.28175 0.36718 -0.88645 0.55813 0.58937 1 0 1.0
0 5.52000 3.28985 -5.93985 -0.28175 0.36718 -0.88645 0.57060 0.59217 1 0 1.0
bag_metal
0 5.40000 3.20500 -5.85500 -0.88645 0.36718 -0.28175 0.57690 0.36810 1 0 1.0
0 5.43515 3.28985 -5.85500 -0.88645 0.36718 -0.28175 0.59217 0.36810 1 0 1.0
0 5.45072 3.27428 -5.92428 -0.88645 0.36718 -0.28175 0.58937 0.35563 1 0 1.0
bag_metal
0 5.40000 3.20500 -5.85500 -0.88645 0.28175 -0.36718 0.57690 0.36810 1 0 1.0
0 5.45072 3.27428 -5.92428 -0.88645 0.28175 -0.36718 0.58937 0.35563 1 0 1.0
0 5.43515 3.20500 -5.93985 -0.88645 0.28175 -0.36718 0.57690 0.35283 1 0 1.0
bag_metal
0 5.52000 3.32500 -5.85500 -0.28175 0.88645 -0.36718 0.57060 0.36810 1 0 1.0
0 5.52000 3.28985 -5.93985 -0.28175 0.88645 -0.36718 0.57060 0.35283 1 0 1.0
0 5.45072 3.27428 -5.92428 -0.28175 0.88645 -0.36718 0.55813 0.35563 1 0 1.0
bag_metal
0 5.52000 3.32500 -5.85500 -0.36718 0.88645 -0.28175 0.57060 0.36810 1 0 1.0
0 5.45072 3.27428 -5.92428 -0.36718 0.88645 -0.28175 0.55813 0.35563 1 0 1.0
0 5.43515 3.28985 -5.85500 -0.36718 0.88645 -0.28175 0.55533 0.36810 1 0 1.0
bag_metal
0 5.52000 3.20500 -4.82500 -0.28174 0.36718 0.88645 0.57060 0.57690 1 0 1.0
0 5.52000 3.28985 -4.86015 -0.28174 0.36718 0.88645 0.57060 0.59217 1 0 1.0
0 5.45072 3.27428 -4.87572 -0.28174 0.36718 0.88645 0.55813 0.58937 1 0 1.0
bag_metal
0 5.52000 3.20500 -4.82500 -0.36718 0.28174 0.88645 0.57060 0.57690 1 0 1.0
0 5.45072 3.27428 -4.87572 -0.36718 0.28174 0.88645 0.55813 0.58937 1 0 1.0
0 5.43515 3.20500 -4.86015 -0.36718 0.28174 0.88645 0.55533 0.57690 1 0 1.0
bag_metal
0 5.52000 3.32500 -4.94500 -0.36718 0.88645 0.28174 0.57060 0.53190 1 0 1.0
0 5.43515 3.28985 -4.94500 -0.36718 0.88645 0.28174 0.55533 0.53190 1 0 1.0
0 5.45072 3.27428 -4.87572 -0.36718 0.88645 0.28174 0.55813 0.54437 1 0 1.0
bag_metal
0 5.52000 3.32500 -4.94500 -0.28174 0.88645 0.36718 0.57060 0.53190 1 0 1.0
0 5.45072 3.27428 -4.87572 -0.28174 0.88645 0.36718 0.55813 0.54437 1 0 1.0
0 5.52000 3.28985 -4.86015 -0.28174 0.88645 0.36718 0.57060 0.54717 1 0 1.0
bag_metal
0 5.40000 3.20500 -4.94500 -0.88645 0.28174 0.36718 0.57690 0.53190 1 0 1.0
0 5.43515 3.20500 -4.86015 -0.88645 0.28174 0.36718 0.57690 0.54717 1 0 1.0
0 5.45072 3.27428 -4.87572 -0.88645 0.28174 0.36718 0.58937 0.54437 1 0 1.0
bag_metal
0 5.40000 3.20500 -4.94500 -0.88645 0.36718 0.28174 0.57690 0.53190 1 0 1.0
0 5.45072 3.27428 -4.87572 -0.88645 0.36718 0.28174 0.58937 0.54437 1 0 1.0
0 5.43515 3.28985 -4.94500 -0.88645 0.36718 0.28174 0.59217 0.53190 1 0 1.0
bag_metal
0 5.68000 2.29500 -5.97500 0.36718 -0.28175 -0.88645 0.59940 0.41310 1 0 1.0
0 5.76485 2.29500 -5.93985 0.36718 -0.28175 -0.88645 0.61467 0.41310 1 0 1.0
0 5.74928 2.22572 -5.92428 0.36718 -0.28175 -0.88645 0.61187 0.40063 1 0 1.0
bag_metal
0 5.68000 2.29500 -5.97500 0.28175 -0.36718 -0.88645 0.59940 0.41310 1 0 1.0
0 5.74928 2.22572 -5.92428 0.28175 -0.36718 -0.88645 0.61187 0.40063 1 0 1.0
0 5.68000 2.21015 -5.93985 0.28175 -0.36718 -0.88645 0.59940 0.39783 1 0 1.0
bag_metal
0 5.80000 2.29500 -5.85500 0.88645 -0.36718 -0.28175 0.41310 0.36810 1 0 1.0
0 5.76485 2.21015 -5.85500 0.88645 -0.36718 -0.28175 0.39783 0.36810 1 0 1.0
0 5.74928 2.22572 -5.92428 0.88645 -0.36718 -0.28175 0.40063 0.35563 1 0 1.0
bag_metal
0 5.80000 2.29500 -5.85500 0.88645 -0.28175 -0.36718 0.41310 0.36810 1 0 1.0
0 5.74928 2.22572 -5.92428 0.88645 -0.28175 -0.36718 0.40063 0.35563 1 0 1.0
0 5.76485 2.29500 -5.93985 0.88645 -0.28175 -0.36718 0.41310 0.35283 1 0 1.0
bag_metal
0 5.68000 2.17500 -5.85500 0.28175 -0.88645 -0.36718 0.59940 0.36810 1 0 1.0
0 5.68000 2.21015 -5.93985 0.28175 -0.88645 -0.36718 0.59940 0.35283 1 0 1.0
0 5.74928 2.22572 -5.92428 0.28175 -0.88645 -0.36718 0.61187 0.35563 1 0 1.0
bag_metal
0 5.68000 2.17500 -5.85500 0.36718 -0.88645 -0.28175 0.59940 0.36810 1 0 1.0
0 5.74928 2.22572 -5.92428 0.36718 -0.88645 -0.28175 0.61187 0.35563 1 0 1.0
0 5.76485 2.21015 -5.85500 0.36718 -0.88645 -0.28175 0.61467 0.36810 1 0 1.0
bag_metal
0 5.68000 2.29500 -4.82500 0.28174 -0.36718 0.88645 0.59940 0.41310 1 0 1.0
0 5.68000 2.21015 -4.86015 0.28174 -0.36718 0.88645 0.59940 0.39783 1 0 1.0
0 5.74928 2.22572 -4.87572 0.28174 -0.36718 0.88645 0.61187 0.40063 1 0 1.0
bag_metal
0 5.68000 2.29500 -4.82500 0.36718 -0.28174 0.88645 0.59940 0.41310 1 0 1.0
0 5.74928 2.22572 -4.87572 0.36718 -0.28174 0.88645 0.61187 0.40063 1 0 1.0
0 5.76485 2.29500 -4.86015 0.36718 -0.28174 0.88645 0.61467 0.41310 1 0 1.0
bag_metal
0 5.68000 2.17500 -4.94500 0.36718 -0.88645 0.28174 0.59940 0.53190 1 0 1.0
0 5.76485 2.21015 -4.94500 0.36718 -0.88645 0.28174 0.61467 0.53190 1 0 1.0
0 5.74928 2.22572 -4.87572 0.36718 -0.88645 0.28174 0.61187 0.54437 1 0 1.0
bag_metal
0 5.68000 2.17500 -4.94500 0.28174 -0.88645 0.36718 0.59940 0.53190 1 0 1.0
0 5.74928 2.22572 -4.87572 0.28174 -0.88645 0.36718 0.61187 0.54437 1 0 1.0
0 5.68000 2.21015 -4.86015 0.28174 -0.88645 0.36718 0.59940 0.54717 1 0 1.0
bag_metal
0 5.80000 2.29500 -4.94500 0.88645 -0.28174 0.36718 0.41310 0.53190 1 0 1.0
0 5.76485 2.29500 -4.86015 0.88645 -0.28174 0.36718 0.41310 0.54717 1 0 1.0
0 5.74928 2.22572 -4.87572 0.88645 -0.28174 0.36718 0.40063 0.54437 1 0 1.0
bag_metal
0 5.80000 2.29500 -4.94500 0.88645 -0.36718 0.28174 0.41310 0.53190 1 0 1.0
0 5.74928 2.22572 -4.87572 0.88645 -0.36718 0.28174 0.40063 0.54437 1 0 1.0
0 5.76485 2.21015 -4.94500 0.88645 -0.36718 0.28174 0.39783 0.53190 1 0 1.0
bag_metal
0 5.68000 3.20500 -5.97500 0.28175 0.36718 -0.88645 0.59940 0.57690 1 0 1.0
0 5.68000 3.28985 -5.93985 0.28175 0.36718 -0.88645 0.59940 0.59217 1 0 1.0
0 5.74928 3.27428 -5.92428 0.28175 0.36718 -0.88645 0.61187 0.58937 1 0 1.0
bag_metal
0 5.68000 3.20500 -5.97500 0.36718 0.28175 -0.88645 0.59940 0.57690 1 0 1.0
0 5.74928 3.27428 -5.92428 0.36718 0.28175 -0.88645 0.61187 0.58937 1 0 1.0
0 5.76485 3.20500 -5.93985 0.36718 0.28175 -0.88645 0.61467 0.57690 1 0 1.0
bag_metal
0 5.68000 3.32500 -5.85500 0.36718 0.88645 -0.28175 0.59940 0.36810 1 0 1.0
0 5.76485 3.28985 -5.85500 0.36718 0.88645 -0.28175 0.61467 0.36810 1 0 1.0
0 5.74928 3.27428 -5.92428 0.36718 0.88645 -0.28175 0.61187 0.35563 1 0 1.0
bag_metal
0 5.68000 3.32500 -5.85500 0.28175 0.88645 -0.36718 0.59940 0.36810 1 0 1.0
0 5.74928 3.27428 -5.92428 0.28175 0.88645 -0.36718 0.61187 0.35563 1 0 1.0
0 5.68000 3.28985 -5.93985 0.28175 0.88645 -0.36718 0.59940 0.35283 1 0 1.0
bag_metal
0 5.80000 3.20500 -5.85500 0.88645 0.28175 -0.36718 0.57690 0.36810 1 0 1.0
0 5.76485 3.20500 -5.93985 0.88645 0.28175 -0.36718 0.57690 0.35283 1 0 1.0
0 5.74928 3.27428 -5.92428 0.88645 0.28175 -0.36718 0.58937 0.35563 1 0 1.0
bag_metal
0 5.80000 3.20500 -5.85500 0.88645 0.36718 -0.28175 0.57690 0.36810 1 0 1.0
0 5.74928 3.27428 -5.92428 0.88645 0.36718 -0.28175 0.58937 0.35563 1 0 1.0
0 5.76485 3.28985 -5.85500 0.88645 0.36718 -0.28175 0.59217 0.36810 1 0 1.0
bag_metal
0 5.68000 3.20500 -4.82500 0.36718 0.28174 0.88645 0.59940 0.57690 1 0 1.0
0 5.76485 3.20500 -4.86015 0.36718 0.28174 0.88645 0.61467 0.57690 1 0 1.0
0 5.74928 3.27428 -4.87572 0.36718 0.28174 0.88645 0.61187 0.58937 1 0 1.0
bag_metal
0 5.68000 3.20500 -4.82500 0.28174 0.36718 0.88645 0.59940 0.57690 1 0 1.0
0 5.74928 3.27428 -4.87572 0.28174 0.36718 0.88645 0.61187 0.58937 1 0 1.0
0 5.68000 3.28985 -4.86015 0.28174 0.36718 0.88645 0.59940 0.59217 1 0 1.0
bag_metal
0 5.80000 3.20500 -4.94500 0.88645 0.36718 0.28174 0.57690 0.53190 1 0 1.0
0 5.76485 3.28985 -4.94500 0.88645 0.36718 0.28174 0.59217 0.53190 1 0 1.0
0 5.74928 3.27428 -4.87572 0.88645 0.36718 0.28174 0.58937 0.54437 1 0 1.0
bag_metal
0 5.80000 3.20500 -4.94500 0.88645 0.28174 0.36718 0.57690 0.53190 1 0 1.0
0 5.74928 3.27428 -4.87572 0.88645 0.28174 0.36718 0.58937 0.54437 1 0 1.0
0 5.76485 3.20500 -4.86015 0.88645 0.28174 0.36718 0.57690 0.54717 1 0 1.0
bag_metal
0 5.68000 3.32500 -4.94500 0.28174 0.88645 0.36718 0.59940 0.53190 1 0 1.0
0 5.68000 3.28985 -4.86015 0.28174 0.88645 0.36718 0.59940 0.54717 1 0 1.0
0 5.74928 3.27428 -4.87572 0.28174 0.88645 0.36718 0.61187 0.54437 1 0 1.0
bag_metal
0 5.68000 3.32500 -4.94500 0.36718 0.88645 0.28174 0.59940 0.53190 1 0 1.0
0 5.74928 3.27428 -4.87572 0.36718 0.88645 0.28174 0.61187 0.54437 1 0 1.0
0 5.76485 3.28985 -4.94500 0.36718 0.88645 0.28174 0.61467 0.53190 1 0 1.0
bag_metal
0 5.52000 3.20500 -5.97500 -0.38268 0.00000 -0.92388 0.57060 0.57690 1 0 1.0
0 5.52000 2.29500 -5.97500 -0.38268 0.00000 -0.92388 0.57060 0.41310 1 0 1.0
0 5.43515 2.29500 -5.93985 -0.38268 0.00000 -0.92388 0.55533 0.41310 1 0 1.0
bag_metal
0 5.52000 3.20500 -5.97500 -0.38268 0.00000 -0.92388 0.57060 0.57690 1 0 1.0
0 5.43515 2.29500 -5.93985 -0.38268 0.00000 -0.92388 0.55533 0.41310 1 0 1.0
0 5.43515 3.20500 -5.93985 -0.38268 0.00000 -0.92388 0.55533 0.57690 1 0 1.0
bag_metal
0 5.43515 3.20500 -5.93985 -0.92388 0.00000 -0.38268 0.57690 0.35283 1 0 1.0
0 5.43515 2.29500 -5.93985 -0.92388 0.00000 -0.38268 0.41310 0.35283 1 0 1.0
0 5.40000 2.29500 -5.85500 -0.92388 0.00000 -0.38268 0.41310 0.36810 1 0 1.0
bag_metal
0 5.43515 3.20500 -5.93985 -0.92388 0.00000 -0.38268 0.57690 0.35283 1 0 1.0
0 5.40000 2.29500 -5.85500 -0.92388 0.00000 -0.38268 0.41310 0.36810 1 0 1.0
0 5.40000 3.20500 -5.85500 -0.92388 0.00000 -0.38268 0.57690 0.36810 1 0 1.0
bag_metal
0 5.52000 2.17500 -5.85500 -0.38268 -0.92388 0.00000 0.57060 0.36810 1 0 1.0
0 5.52000 2.17500 -4.94500 -0.38268 -0.92388 0.00000 0.57060 0.53190 1 0 1.0
0 5.43515 2.21015 -4.94500 -0.38268 -0.92388 0.00000 0.55533 0.53190 1 0 1.0
bag_metal
0 5.52000 2.17500 -5.85500 -0.38268 -0.92388 0.00000 0.57060 0.36810 1 0 1.0
0 5.43515 2.21015 -4.94500 -0.38268 -0.92388 0.00000 0.55533 0.53190 1 0 1.0
0 5.43515 2.21015 -5.85500 -0.38268 -0.92388 0.00000 0.55533 0.36810 1 0 1.0
bag_metal
0 5.43515 2.21015 -5.85500 -0.92388 -0.38268 0.00000 0.39783 0.36810 1 0 1.0
0 5.43515 2.21015 -4.94500 -0.92388 -0.38268 0.00000 0.39783 0.53190 1 0 1.0
0 5.40000 2.29500 -4.94500 -0.92388 -0.38268 0.00000 0.41310 0.53190 1 0 1.0
bag_metal
0 5.43515 2.21015 -5.85500 -0.92388 -0.38268 0.00000 0.39783 0.36810 1 0 1.0
0 5.40000 2.29500 -4.94500 -0.92388 -0.38268 0.00000 0.41310 0.53190 1 0 1.0
0 5.40000 2.29500 -5.85500 -0.92388 -0.38268 0.00000 0.41310 0.36810 1 0 1.0
bag_metal
0 5.52000 2.29500 -4.82500 -0.38268 0.00000 0.92388 0.57060 0.41310 1 0 1.0
0 5.52000 3.20500 -4.82500 -0.38268 0.00000 0.92388 0.57060 0.57690 1 0 1.0
0 5.43515 3.20500 -4.86015 -0.38268 0.00000 0.92388 0.55533 0.57690 1 0 1.0
bag_metal
0 5.52000 2.29500 -4.82500 -0.38268 0.00000 0.92388 0.57060 0.41310 1 0 1.0
0 5.43515 3.20500 -4.86015 -0.38268 0.00000 0.92388 0.55533 0.57690 1 0 1.0
0 5.43515 2.29500 -4.86015 -0.38268 0.00000 0.92388 0.55533 0.41310 1 0 1.0
bag_metal
0 5.43515 2.29500 -4.86015 -0.92388 0.00000 0.38268 0.41310 0.54717 1 0 1.0
0 5.43515 3.20500 -4.86015 -0.92388 0.00000 0.38268 0.57690 0.54717 1 0 1.0
0 5.40000 3.20500 -4.94500 -0.92388 0.00000 0.38268 0.57690 0.53190 1 0 1.0
bag_metal
0 5.43515 2.29500 -4.86015 -0.92388 0.00000 0.38268 0.41310 0.54717 1 0 1.0
0 5.40000 3.20500 -4.94500 -0.92388 0.00000 0.38268 0.57690 0.53190 1 0 1.0
0 5.40000 2.29500 -4.94500 -0.92388 0.00000 0.38268 0.41310 0.53190 1 0 1.0
bag_metal
0 5.52000 3.32500 -4.94500 -0.38268 0.92388 0.00000 0.57060 0.53190 1 0 1.0
0 5.52000 3.32500 -5.85500 -0.38268 0.92388 0.00000 0.57060 0.36810 1 0 1.0
0 5.43515 3.28985 -5.85500 -0.38268 0.92388 0.00000 0.55533 0.36810 1 0 1.0
bag_metal
0 5.52000 3.32500 -4.94500 -0.38268 0.92388 0.00000 0.57060 0.53190 1 0 1.0
0 5.43515 3.28985 -5.85500 -0.38268 0.92388 0.00000 0.55533 0.36810 1 0 1.0
0 5.43515 3.28985 -4.94500 -0.38268 0.92388 0.00000 0.55533 0.53190 1 0 1.0
bag_metal
0 5.43515 3.28985 -4.94500 -0.92388 0.38268 0.00000 0.59217 0.53190 1 0 1.0
0 5.43515 3.28985 -5.85500 -0.92388 0.38268 0.00000 0.59217 0.36810 1 0 1.0
0 5.40000 3.20500 -5.85500 -0.92388 0.38268 0.00000 0.57690 0.36810 1 0 1.0
bag_metal
0 5.43515 3.28985 -4.94500 -0.92388 0.38268 0.00000 0.59217 0.53190 1 0 1.0
0 5.40000 3.20500 -5.85500 -0.92388 0.38268 0.00000 0.57690 0.36810 1 0 1.0
0 5.40000 3.20500 -4.94500 -0.92388 0.38268 0.00000 0.57690 0.53190 1 0 1.0
bag_metal
0 5.68000 3.20500 -5.97500 0.00000 0.38268 -0.92388 0.59940 0.57690 1 0 1.0
0 5.52000 3.20500 -5.97500 0.00000 0.38268 -0.92388 0.57060 0.57690 1 0 1.0
0 5.52000 3.28985 -5.93985 0.00000 0.38268 -0.92388 0.57060 0.59217 1 0 1.0
bag_metal
0 5.68000 3.20500 -5.97500 0.00000 0.38268 -0.92388 0.59940 0.57690 1 0 1.0
0 5.52000 3.28985 -5.93985 0.00000 0.38268 -0.92388 0.57060 0.59217 1 0 1.0
0 5.68000 3.28985 -5.93985 0.00000 0.38268 -0.92388 0.59940 0.59217 1 0 1.0
bag_metal
0 5.68000 3.28985 -5.93985 0.00000 0.92388 -0.38268 0.59940 0.35283 1 0 1.0
0 5.52000 3.28985 -5.93985 0.00000 0.92388 -0.38268 0.57060 0.35283 1 0 1.0
0 5.52000 3.32500 -5.85500 0.00000 0.92388 -0.38268 0.57060 0.36810 1 0 1.0
bag_metal
0 5.68000 3.28985 -5.93985 0.00000 0.92388 -0.38268 0.59940 0.35283 1 0 1.0
0 5.52000 3.32500 -5.85500 0.00000 0.92388 -0.38268 0.57060 0.36810 1 0 1.0
0 5.68000 3.32500 -5.85500 0.00000 0.92388 -0.38268 0.59940 0.36810 1 0 1.0
bag_metal
0 5.52000 3.20500 -4.82500 0.00000 0.38268 0.92388 0.57060 0.57690 1 0 1.0
0 5.68000 3.20500 -4.82500 0.00000 0.38268 0.92388 0.59940 0.57690 1 0 1.0
0 5.68000 3.28985 -4.86015 0.00000 0.38268 0.92388 0.59940 0.59217 1 0 1.0
bag_metal
0 5.52000 3.20500 -4.82500 0.00000 0.38268 0.92388 0.57060 0.57690 1 0 1.0
0 5.68000 3.28985 -4.86015 0.00000 0.38268 0.92388 0.59940 0.59217 1 0 1.0
0 5.52000 3.28985 -4.86015 0.00000 0.38268 0.92388 0.57060 0.59217 1 0 1.0
bag_metal
0 5.52000 3.28985 -4.86015 0.00000 0.92388 0.38268 0.57060 0.54717 1 0 1.0
0 5.68000 3.28985 -4.86015 0.00000 0.92388 0.38268 0.59940 0.54717 1 0 1.0
0 5.68000 3.32500 -4.94500 0.00000 0.92388 0.38268 0.59940 0.53190 1 0 1.0
bag_metal
0 5.52000 3.28985 -4.86015 0.00000 0.92388 0.38268 0.57060 0.54717 1 0 1.0
0 5.68000 3.32500 -4.94500 0.00000 0.92388 0.38268 0.59940 0.53190 1 0 1.0
0 5.52000 3.32500 -4.94500 0.00000 0.92388 0.38268 0.57060 0.53190 1 0 1.0
bag_metal
0 5.80000 3.20500 -4.94500 0.92388 0.38268 0.00000 0.57690 0.53190 1 0 1.0
0 5.80000 3.20500 -5.85500 0.92388 0.38268 0.00000 0.57690 0.36810 1 0 1.0
0 5.76485 3.28985 -5.85500 0.92388 0.38268 0.00000 0.59217 0.36810 1 0 1.0
bag_metal
0 5.80000 3.20500 -4.94500 0.92388 0.38268 0.00000 0.57690 0.53190 1 0 1.0
0 5.76485 3.28985 -5.85500 0.92388 0.38268 0.00000 0.59217 0.36810 1 0 1.0
0 5.76485 3.28985 -4.94500 0.92388 0.38268 0.00000 0.59217 0.53190 1 0 1.0
bag_metal
0 5.76485 3.28985 -4.94500 0.38268 0.92388 0.00000 0.61467 0.53190 1 0 1.0
0 5.76485 3.28985 -5.85500 0.38268 0.92388 0.00000 0.61467 0.36810 1 0 1.0
0 5.68000 3.32500 -5.85500 0.38268 0.92388 0.00000 0.59940 0.36810 1 0 1.0
bag_metal
0 5.76485 3.28985 -4.94500 0.38268 0.92388 0.00000 0.61467 0.53190 1 0 1.0
0 5.68000 3.32500 -5.85500 0.38268 0.92388 0.00000 0.59940 0.36810 1 0 1.0
0 5.68000 3.32500 -4.94500 0.38268 0.92388 0.00000 0.59940 0.53190 1 0 1.0
bag_metal
0 5.68000 2.29500 -5.97500 0.38268 0.00000 -0.92388 0.59940 0.41310 1 0 1.0
0 5.68000 3.20500 -5.97500 0.38268 0.00000 -0.92388 0.59940 0.57690 1 0 1.0
0 5.76485 3.20500 -5.93985 0.38268 0.00000 -0.92388 0.61467 0.57690 1 0 1.0
bag_metal
0 5.68000 2.29500 -5.97500 0.38268 0.00000 -0.92388 0.59940 0.41310 1 0 1.0
0 5.76485 3.20500 -5.93985 0.38268 0.00000 -0.92388 0.61467 0.57690 1 0 1.0
0 5.76485 2.29500 -5.93985 0.38268 0.00000 -0.92388 0.61467 0.41310 1 0 1.0
bag_metal
0 5.76485 2.29500 -5.93985 0.92388 0.00000 -0.38268 0.41310 0.35283 1 0 1.0
0 5.76485 3.20500 -5.93985 0.92388 0.00000 -0.38268 0.57690 0.35283 1 0 1.0
0 5.80000 3.20500 -5.85500 0.92388 0.00000 -0.38268 0.57690 0.36810 1 0 1.0
bag_metal
0 5.76485 2.29500 -5.93985 0.92388 0.00000 -0.38268 0.41310 0.35283 1 0 1.0
0 5.80000 3.20500 -5.85500 0.92388 0.00000 -0.38268 0.57690 0.36810 1 0 1.0
0 5.80000 2.29500 -5.85500 0.92388 0.00000 -0.38268 0.41310 0.36810 1 0 1.0
bag_metal
0 5.68000 3.20500 -4.82500 0.38268 0.00000 0.92388 0.59940 0.57690 1 0 1.0
0 5.68000 2.29500 -4.82500 0.38268 0.00000 0.92388 0.59940 0.41310 1 0 1.0
0 5.76485 2.29500 -4.86015 0.38268 0.00000 0.92388 0.61467 0.41310 1 0 1.0
bag_metal
0 5.68000 3.20500 -4.82500 0.38268 0.00000 0.92388 0.59940 0.57690 1 0 1.0
0 5.76485 2.29500 -4.86015 0.38268 0.00000 0.92388 0.61467 0.41310 1 0 1.0
0 5.76485 3.20500 -4.86015 0.38268 0.00000 0.92388 0.61467 0.57690 1 0 1.0
bag_metal
0 5.76485 3.20500 -4.86015 0.92388 0.00000 0.38268 0.57690 0.54717 1 0 1.0
0 5.76485 2.29500 -4.86015 0.92388 0.00000 0.38268 0.41310 0.54717 1 0 1.0
0 5.80000 2.29500 -4.94500 0.92388 0.00000 0.38268 0.41310 0.53190 1 0 1.0
bag_metal
0 5.76485 3.20500 -4.86015 0.92388 0.00000 0.38268 0.57690 0.54717 1 0 1.0
0 5.80000 2.29500 -4.94500 0.92388 0.00000 0.38268 0.41310 0.53190 1 0 1.0
0 5.80000 3.20500 -4.94500 0.92388 0.00000 0.38268 0.57690 0.53190 1 0 1.0
bag_metal
0 5.68000 2.17500 -4.94500 0.38268 -0.92388 0.00000 0.59940 0.53190 1 0 1.0
0 5.68000 2.17500 -5.85500 0.38268 -0.92388 0.00000 0.59940 0.36810 1 0 1.0
0 5.76485 2.21015 -5.85500 0.38268 -0.92388 0.00000 0.61467 0.36810 1 0 1.0
bag_metal
0 5.68000 2.17500 -4.94500 0.38268 -0.92388 0.00000 0.59940 0.53190 1 0 1.0
0 5.76485 2.21015 -5.85500 0.38268 -0.92388 0.00000 0.61467 0.36810 1 0 1.0
0 5.76485 2.21015 -4.94500 0.38268 -0.92388 0.00000 0.61467 0.53190 1 0 1.0
bag_metal
0 5.76485 2.21015 -4.94500 0.92388 -0.38268 0.00000 0.39783 0.53190 1 0 1.0
0 5.76485 2.21015 -5.85500 0.92388 -0.38268 0.00000 0.39783 0.36810 1 0 1.0
0 5.80000 2.29500 -5.85500 0.92388 -0.38268 0.00000 0.41310 0.36810 1 0 1.0
bag_metal
0 5.76485 2.21015 -4.94500 0.92388 -0.38268 0.00000 0.39783 0.53190 1 0 1.0
0 5.80000 2.29500 -5.85500 0.92388 -0.38268 0.00000 0.41310 0.36810 1 0 1.0
0 5.80000 2.29500 -4.94500 0.92388 -0.38268 0.00000 0.41310 0.53190 1 0 1.0
bag_metal
0 5.52000 2.29500 -5.97500 0.00000 -0.38268 -0.92388 0.57060 0.41310 1 0 1.0
0 5.68000 2.29500 -5.97500 0.00000 -0.38268 -0.92388 0.59940 0.41310 1 0 1.0
0 5.68000 2.21015 -5.93985 0.00000 -0.38268 -0.92388 0.59940 0.39783 1 0 1.0
bag_metal
0 5.52000 2.29500 -5.97500 0.00000 -0.38268 -0.92388 0.57060 0.41310 1 0 1.0
0 5.68000 2.21015 -5.93985 0.00000 -0.38268 -0.92388 0.59940 0.39783 1 0 1.0
0 5.52000 2.21015 -5.93985 0.00000 -0.38268 -0.92388 0.57060 0.39783 1 0 1.0
bag_metal
0 5.52000 2.21015 -5.93985 0.00000 -0.92388 -0.38268 0.57060 0.35283 1 0 1.0
0 5.68000 2.21015 -5.93985 0.00000 -0.92388 -0.38268 0.59940 0.35283 1 0 1.0
0 5.68000 2.17500 -5.85500 0.00000 -0.92388 -0.38268 0.59940 0.36810 1 0 1.0
bag_metal
0 5.52000 2.21015 -5.93985 0.00000 -0.92388 -0.38268 0.57060 0.35283 1 0 1.0
0 5.68000 2.17500 -5.85500 0.00000 -0.92388 -0.38268 0.59940 0.36810 1 0 1.0
0 5.52000 2.17500 -5.85500 0.00000 -0.92388 -0.38268 0.57060 0.36810 1 0 1.0
bag_metal
0 5.68000 2.29500 -4.82500 0.00000 -0.38268 0.92388 0.59940 0.41310 1 0 1.0
0 5.52000 2.29500 -4.82500 0.00000 -0.38268 0.92388 0.57060 0.41310 1 0 1.0
0 5.52000 2.21015 -4.86015 0.00000 -0.38268 0.92388 0.57060 0.39783 1 0 1.0
bag_metal
0 5.68000 2.29500 -4.82500 0.00000 -0.38268 0.92388 0.59940 0.41310 1 0 1.0
0 5.52000 2.21015 -4.86015 0.00000 -0.38268 0.92388 0.57060 0.39783 1 0 1.0
0 5.68000 2.21015 -4.86015 0.00000 -0.38268 0.92388 0.59940 0.39783 1 0 1.0
bag_metal
0 5.68000 2.21015 -4.86015 0.00000 -0.92388 0.38268 0.59940 0.54717 1 0 1.0
0 5.52000 2.21015 -4.86015 0.00000 -0.92388 0.38268 0.57060 0.54717 1 0 1.0
0 5.52000 2.17500 -4.94500 0.00000 -0.92388 0.38268 0.57060 0.53190 1 0 1.0
bag_metal
0 5.68000 2.21015 -4.86015 0.00000 -0.92388 0.38268 0.59940 0.54717 1 0 1.0
0 5.52000 2.17500 -4.94500 0.00000 -0.92388 0.38268 0.57060 0.53190 1 0 1.0
0 5.68000 2.17500 -4.94500 0.00000 -0.92388 0.38268 0.59940 0.53190 1 0 1.0
bag_metal
0 5.52000 3.20500 -5.97500 0.00000 0.00000 -1.00000 0.57060 0.57690 1 0 1.0
0 5.68000 3.20500 -5.97500 0.00000 0.00000 -1.00000 0.59940 0.57690 1 0 1.0
0 5.68000 2.29500 -5.97500 0.00000 0.00000 -1.00000 0.59940 0.41310 1 0 1.0
bag_metal
0 5.52000 3.20500 -5.97500 0.00000 0.00000 -1.00000 0.57060 0.57690 1 0 1.0
0 5.68000 2.29500 -5.97500 0.00000 0.00000 -1.00000 0.59940 0.41310 1 0 1.0
0 5.52000 2.29500 -5.97500 0.00000 0.00000 -1.00000 0.57060 0.41310 1 0 1.0
bag_metal
0 5.40000 2.29500 -5.85500 -1.00000 0.00000 0.00000 0.41310 0.36810 1 0 1.0
0 5.40000 2.29500 -4.94500 -1.00000 0.00000 0.00000 0.41310 0.53190 1 0 1.0
0 5.40000 3.20500 -4.94500 -1.00000 0.00000 0.00000 0.57690 0.53190 1 0 1.0
bag_metal
0 5.40000 2.29500 -5.85500 -1.00000 0.00000 0.00000 0.41310 0.36810 1 0 1.0
0 5.40000 3.20500 -4.94500 -1.00000 0.00000 0.00000 0.57690 0.53190 1 0 1.0
0 5.40000 3.20500 -5.85500 -1.00000 0.00000 0.00000 0.57690 0.36810 1 0 1.0
bag_metal
0 5.68000 2.17500 -5.85500 0.00000 -1.00000 0.00000 0.59940 0.36810 1 0 1.0
0 5.68000 2.17500 -4.94500 0.00000 -1.00000 0.00000 0.59940 0.53190 1 0 1.0
0 5.52000 2.17500 -4.94500 0.00000 -1.00000 0.00000 0.57060 0.53190 1 0 1.0
bag_metal
0 5.68000 2.17500 -5.85500 0.00000 -1.00000 0.00000 0.59940 0.36810 1 0 1.0
0 5.52000 2.17500 -4.94500 0.00000 -1.00000 0.00000 0.57060 0.53190 1 0 1.0
0 5.52000 2.17500 -5.85500 0.00000 -1.00000 0.00000 0.57060 0.36810 1 0 1.0
bag_metal
0 5.68000 3.20500 -4.82500 0.00000 0.00000 1.00000 0.59940 0.57690 1 0 1.0
0 5.52000 3.20500 -4.82500 0.00000 0.00000 1.00000 0.57060 0.57690 1 0 1.0
0 5.52000 2.29500 -4.82500 0.00000 0.00000 1.00000 0.57060 0.41310 1 0 1.0
bag_metal
0 5.68000 3.20500 -4.82500 0.00000 0.00000 1.00000 0.59940 0.57690 1 0 1.0
0 5.52000 2.29500 -4.82500 0.00000 0.00000 1.00000 0.57060 0.41310 1 0 1.0
0 5.68000 2.29500 -4.82500 0.00000 0.00000 1.00000 0.59940 0.41310 1 0 1.0
bag_metal
0 5.52000 3.32500 -5.85500 0.00000 1.00000 0.00000 0.57060 0.36810 1 0 1.0
0 5.52000 3.32500 -4.94500 0.00000 1.00000 0.00000 0.57060 0.53190 1 0 1.0
0 5.68000 3.32500 -4.94500 0.00000 1.00000 0.00000 0.59940 0.53190 1 0 1.0
bag_metal
0 5.52000 3.32500 -5.85500 0.00000 1.00000 0.00000 0.57060 0.36810 1 0 1.0
0 5.68000 3.32500 -4.94500 0.00000 1.00000 0.00000 0.59940 0.53190 1 0 1.0
0 5.68000 3.32500 -5.85500 0.00000 1.00000 0.00000 0.59940 0.36810 1 0 1.0
bag_metal
0 5.80000 3.20500 -5.85500 1.00000 0.00000 0.00000 0.57690 0.36810 1 0 1.0
0 5.80000 3.20500 -4.94500 1.00000 0.00000 0.00000 0.57690 0.53190 1 0 1.0
0 5.80000 2.29500 -4.94500 1.00000 0.00000 0.00000 0.41310 0.53190 1 0 1.0
bag_metal
0 5.80000 3.20500 -5.85500 1.00000 0.00000 0.00000 0.57690 0.36810 1 0 1.0
0 5.80000 2.29500 -4.94500 1.00000 0.00000 0.00000 0.41310 0.53190 1 0 1.0
0 5.80000 2.29500 -5.85500 1.00000 0.00000 0.00000 0.41310 0.36810 1 0 1.0
bag_metal
0 5.52000 -3.20500 -5.97500 -0.28175 -0.36718 -0.88645 0.57060 -0.57690 1 0 1.0
0 5.52000 -3.28985 -5.93985 -0.28175 -0.36718 -0.88645 0.57060 -0.59217 1 0 1.0
0 5.45072 -3.27428 -5.92428 -0.28175 -0.36718 -0.88645 0.55813 -0.58937 1 0 1.0
bag_metal
0 5.52000 -3.20500 -5.97500 -0.36718 -0.28175 -0.88645 0.57060 -0.57690 1 0 1.0
0 5.45072 -3.27428 -5.92428 -0.36718 -0.28175 -0.88645 0.55813 -0.58937 1 0 1.0
0 5.43515 -3.20500 -5.93985 -0.36718 -0.28175 -0.88645 0.55533 -0.57690 1 0 1.0
bag_metal
0 5.52000 -3.32500 -5.85500 -0.36718 -0.88645 -0.28175 0.57060 0.36810 1 0 1.0
0 5.43515 -3.28985 -5.85500 -0.36718 -0.88645 -0.28175 0.55533 0.36810 1 0 1.0
0 5.45072 -3.27428 -5.92428 -0.36718 -0.88645 -0.28175 0.55813 0.35563 1 0 1.0
bag_metal
0 5.52000 -3.32500 -5.85500 -0.28175 -0.88645 -0.36718 0.57060 0.36810 1 0 1.0
0 5.45072 -3.27428 -5.92428 -0.28175 -0.88645 -0.36718 0.55813 0.35563 1 0 1.0
0 5.52000 -3.28985 -5.93985 -0.28175 -0.88645 -0.36718 0.57060 0.35283 1 0 1.0
bag_metal
0 5.40000 -3.20500 -5.85500 -0.88645 -0.28175 -0.36718 -0.57690 0.36810 1 0 1.0
0 5.43515 -3.20500 -5.93985 -0.88645 -0.28175 -0.36718 -0.57690 0.35283 1 0 1.0
0 5.45072 -3.27428 -5.92428 -0.88645 -0.28175 -0.36718 -0.58937 0.35563 1 0 1.0
bag_metal
0 5.40000 -3.20500 -5.85500 -0.88645 -0.36718 -0.28175 -0.57690 0.36810 1 0 1.0
0 5.45072 -3.27428 -5.92428 -0.88645 -0.36718 -0.28175 -0.58937 0.35563 1 0 1.0
0 5.43515 -3.28985 -5.85500 -0.88645 -0.36718 -0.28175 -0.59217 0.36810 1 0 1.0
bag_metal
0 5.52000 -3.32500 -4.94500 -0.28174 -0.88645 0.36718 0.57060 0.53190 1 0 1.0
0 5.52000 -3.28985 -4.86015 -0.28174 -0.88645 0.36718 0.57060 0.54717 1 0 1.0
0 5.45072 -3.27428 -4.87572 -0.28174 -0.88645 0.36718 0.55813 0.54437 1 0 1.0
bag_metal
0 5.52000 -3.32500 -4.94500 -0.36718 -0.88645 0.28174 0.57060 0.53190 1 0 1.0
0 5.45072 -3.27428 -4.87572 -0.36718 -0.88645 0.28174 0.55813 0.54437 1 0 1.0
0 5.43515 -3.28985 -4.94500 -0.36718 -0.88645 0.28174 0.55533 0.53190 1 0 1.0
bag_metal
0 5.52000 -3.20500 -4.82500 -0.36718 -0.28174 0.88645 0.57060 -0.57690 1 0 1.0
0 5.43515 -3.20500 -4.86015 -0.36718 -0.28174 0.88645 0.55533 -0.57690 1 0 1.0
0 5.45072 -3.27428 -4.87572 -0.36718 -0.28174 0.88645 0.55813 -0.58937 1 0 1.0
bag_metal
0 5.52000 -3.20500 -4.82500 -0.28174 -0.36718 0.88645 0.57060 -0.57690 1 0 1.0
0 5.45072 -3.27428 -4.87572 -0.28174 -0.36718 0.88645 0.55813 -0.58937 1 0 1.0
0 5.52000 -3.28985 -4.86015 -0.28174 -0.36718 0.88645 0.57060 -0.59217 1 0 1.0
bag_metal
0 5.40000 -3.20500 -4.94500 -0.88645 -0.36718 0.28174 -0.57690 0.53190 1 0 1.0
0 5.43515 -3.28985 -4.94500 -0.88645 -0.36718 0.28174 -0.59217 0.53190 1 0 1.0
0 5.45072 -3.27428 -4.87572 -0.88645 -0.36718 0.28174 -0.58937 0.54437 1 0 1.0
bag_metal
0 5.40000 -3.20500 -4.94500 -0.88645 -0.28174 0.36718 -0.57690 0.53190 1 0 1.0
0 5.45072 -3.27428 -4.87572 -0.88645 -0.28174 0.36718 -0.58937 0.54437 1 0 1.0
0 5.43515 -3.20500 -4.86015 -0.88645 -0.28174 0.36718 -0.57690 0.54717 1 0 1.0
bag_metal
0 5.52000 -2.29500 -5.97500 -0.36718 0.28175 -0.88645 0.57060 -0.41310 1 0 1.0
0 5.43515 -2.29500 -5.93985 -0.36718 0.28175 -0.88645 0.55533 -0.41310 1 0 1.0
0 5.45072 -2.22572 -5.92428 -0.36718 0.28175 -0.88645 0.55813 -0.40063 1 0 1.0
bag_metal
0 5.52000 -2.29500 -5.97500 -0.28175 0.36718 -0.88645 0.57060 -0.41310 1 0 1.0
0 5.45072 -2.22572 -5.92428 -0.28175 0.36718 -0.88645 0.55813 -0.40063 1 0 1.0
0 5.52000 -2.21015 -5.93985 -0.28175 0.36718 -0.88645 0.57060 -0.39783 1 0 1.0
bag_metal
0 5.40000 -2.29500 -5.85500 -0.88645 0.36718 -0.28175 -0.41310 0.36810 1 0 1.0
0 5.43515 -2.21015 -5.85500 -0.88645 0.36718 -0.28175 -0.39783 0.36810 1 0 1.0
0 5.45072 -2.22572 -5.92428 -0.88645 0.36718 -0.28175 -0.40063 0.35563 1 0 1.0
bag_metal
0 5.40000 -2.29500 -5.85500 -0.88645 0.28175 -0.36718 -0.41310 0.36810 1 0 1.0
0 5.45072 -2.22572 -5.92428 -0.88645 0.28175 -0.36718 -0.40063 0.35563 1 0 1.0
0 5.43515 -2.29500 -5.93985 -0.88645 0.28175 -0.36718 -0.41310 0.35283 1 0 1.0
bag_metal
0 5.52000 -2.17500 -5.85500 -0.28175 0.88645 -0.36718 0.57060 0.36810 1 0 1.0
0 5.52000 -2.21015 -5.93985 -0.28175 0.88645 -0.36718 0.57060 0.35283 1 0 1.0
0 5.45072 -2.22572 -5.92428 -0.28175 0.88645 -0.36718 0.55813 0.35563 1 0 1.0
bag_metal
0 5.52000 -2.17500 -5.85500 -0.36718 0.88645 -0.28175 0.57060 0.36810 1 0 1.0
0 5.45072 -2.22572 -5.92428 -0.36718 0.88645 -0.28175 0.55813 0.35563 1 0 1.0
0 5.43515 -2.21015 -5.85500 -0.36718 0.88645 -0.28175 0.55533 0.36810 1 0 1.0
bag_metal
0 5.52000 -2.29500 -4.82500 -0.28174 0.36718 0.88645 0.57060 -0.41310 1 0 1.0
0 5.52000 -2.21015 -4.86015 -0.28174 0.36718 0.88645 0.57060 -0.39783 1 0 1.0
0 5.45072 -2.22572 -4.87572 -0.28174 0.36718 0.88645 0.55813 -0.40063 1 0 1.0
bag_metal
0 5.52000 -2.29500 -4.82500 -0.36718 0.28174 0.88645 0.57060 -0.41310 1 0 1.0
0 5.45072 -2.22572 -4.87572 -0.36718 0.28174 0.88645 0.55813 -0.40063 1 0 1.0
0 5.43515 -2.29500 -4.86015 -0.36718 0.28174 0.88645 0.55533 -0.41310 1 0 1.0
bag_metal
0 5.52000 -2.17500 -4.94500 -0.36718 0.88645 0.28174 0.57060 0.53190 1 0 1.0
0 5.43515 -2.21015 -4.94500 -0.36718 0.88645 0.28174 0.55533 0.53190 1 0 1.0
0 5.45072 -2.22572 -4.87572 -0.36718 0.88645 0.28174 0.55813 0.54437 1 0 1.0
bag_metal
0 5.52000 -2.17500 -4.94500 -0.28174 0.88645 0.36718 0.57060 0.53190 1 0 1.0
0 5.45072 -2.22572 -4.87572 -0.28174 0.88645 0.36718 0.55813 0.54437 1 0 1.0
0 5.52000 -2.21015 -4.86015 -0.28174 0.88645 0.36718 0.57060 0.54717 1 0 1.0
bag_metal
0 5.40000 -2.29500 -4.94500 -0.88645 0.28174 0.36718 -0.41310 0.53190 1 0 1.0
0 5.43515 -2.29500 -4.86015 -0.88645 0.28174 0.36718 -0.41310 0.54717 1 0 1.0
0 5.45072 -2.22572 -4.87572 -0.88645 0.28174 0.36718 -0.40063 0.54437 1 0 1.0
bag_metal
0 5.40000 -2.29500 -4.94500 -0.88645 0.36718 0.28174 -0.41310 0.53190 1 0 1.0
0 5.45072 -2.22572 -4.87572 -0.88645 0.36718 0.28174 -0.40063 0.54437 1 0 1.0
0 5.43515 -2.21015 -4.94500 -0.88645 0.36718 0.28174 -0.39783 0.53190 1 0 1.0
bag_metal
0 5.68000 -3.20500 -5.97500 0.36718 -0.28175 -0.88645 0.59940 -0.57690 1 0 1.0
0 5.76485 -3.20500 -5.93985 0.36718 -0.28175 -0.88645 0.61467 -0.57690 1 0 1.0
0 5.74928 -3.27428 -5.92428 0.36718 -0.28175 -0.88645 0.61187 -0.58937 1 0 1.0
bag_metal
0 5.68000 -3.20500 -5.97500 0.28175 -0.36718 -0.88645 0.59940 -0.57690 1 0 1.0
0 5.74928 -3.27428 -5.92428 0.28175 -0.36718 -0.88645 0.61187 -0.58937 1 0 1.0
0 5.68000 -3.28985 -5.93985 0.28175 -0.36718 -0.88645 0.59940 -0.59217 1 0 1.0
bag_metal
0 5.80000 -3.20500 -5.85500 0.88645 -0.36718 -0.28175 -0.57690 0.36810 1 0 1.0
0 5.76485 -3.28985 -5.85500 0.88645 -0.36718 -0.28175 -0.59217 0.36810 1 0 1.0
0 5.74928 -3.27428 -5.92428 0.88645 -0.36718 -0.28175 -0.58937 0.35563 1 0 1.0
bag_metal
0 5.80000 -3.20500 -5.85500 0.88645 -0.28175 -0.36718 -0.57690 0.36810 1 0 1.0
0 5.74928 -3.27428 -5.92428 0.88645 -0.28175 -0.36718 -0.58937 0.35563 1 0 1.0
0 5.76485 -3.20500 -5.93985 0.88645 -0.28175 -0.36718 -0.57690 0.35283 1 0 1.0
bag_metal
0 5.68000 -3.32500 -5.85500 0.28175 -0.88645 -0.36718 0.59940 0.36810 1 0 1.0
0 5.68000 -3.28985 -5.93985 0.28175 -0.88645 -0.36718 0.59940 0.35283 1 0 1.0
0 5.74928 -3.27428 -5.92428 0.28175 -0.88645 -0.36718 0.61187 0.35563 1 0 1.0
bag_metal
0 5.68000 -3.32500 -5.85500 0.36718 -0.88645 -0.28175 0.59940 0.36810 1 0 1.0
0 5.74928 -3.27428 -5.92428 0.36718 -0.88645 -0.28175 0.61187 0.35563 1 0 1.0
0 5.76485 -3.28985 -5.85500 0.36718 -0.88645 -0.28175 0.61467 0.36810 1 0 1.0
bag_metal
0 5.68000 -3.20500 -4.82500 0.28174 -0.36718 0.88645 0.59940 -0.57690 1 0 1.0
0 5.68000 -3.28985 -4.86015 0.28174 -0.36718 0.88645 0.59940 -0.59217 1 0 1.0
0 5.74928 -3.27428 -4.87572 0.28174 -0.36718 0.88645 0.61187 -0.58937 1 0 1.0
bag_metal
0 5.68000 -3.20500 -4.82500 0.36718 -0.28174 0.88645 0.59940 -0.57690 1 0 1.0
0 5.74928 -3.27428 -4.87572 0.36718 -0.28174 0.88645 0.61187 -0.58937 1 0 1.0
0 5.76485 -3.20500 -4.86015 0.36718 -0.28174 0.88645 0.61467 -0.57690 1 0 1.0
bag_metal
0 5.68000 -3.32500 -4.94500 0.36718 -0.88645 0.28174 0.59940 0.53190 1 0 1.0
0 5.76485 -3.28985 -4.94500 0.36718 -0.88645 0.28174 0.61467 0.53190 1 0 1.0
0 5.74928 -3.27428 -4.87572 0.36718 -0.88645 0.28174 0.61187 0.54437 1 0 1.0
bag_metal
0 5.68000 -3.32500 -4.94500 0.28174 -0.88645 0.36718 0.59940 0.53190 1 0 1.0
0 5.74928 -3.27428 -4.87572 0.28174 -0.88645 0.36718 0.61187 0.54437 1 0 1.0
0 5.68000 -3.28985 -4.86015 0.28174 -0.88645 0.36718 0.59940 0.54717 1 0 1.0
bag_metal
0 5.80000 -3.20500 -4.94500 0.88645 -0.28174 0.36718 -0.57690 0.53190 1 0 1.0
0 5.76485 -3.20500 -4.86015 0.88645 -0.28174 0.36718 -0.57690 0.54717 1 0 1.0
0 5.74928 -3.27428 -4.87572 0.88645 -0.28174 0.36718 -0.58937 0.54437 1 0 1.0
bag_metal
0 5.80000 -3.20500 -4.94500 0.88645 -0.36718 0.28174 -0.57690 0.53190 1 0 1.0
0 5.74928 -3.27428 -4.87572 0.88645 -0.36718 0.28174 -0.58937 0.54437 1 0 1.0
0 5.76485 -3.28985 -4.94500 0.88645 -0.36718 0.28174 -0.59217 0.53190 1 0 1.0
bag_metal
0 5.68000 -2.29500 -5.97500 0.28175 0.36718 -0.88645 0.59940 -0.41310 1 0 1.0
0 5.68000 -2.21015 -5.93985 0.28175 0.36718 -0.88645 0.59940 -0.39783 1 0 1.0
0 5.74928 -2.22572 -5.92428 0.28175 0.36718 -0.88645 0.61187 -0.40063 1 0 1.0
bag_metal
0 5.68000 -2.29500 -5.97500 0.36718 0.28175 -0.88645 0.59940 -0.41310 1 0 1.0
0 5.74928 -2.22572 -5.92428 0.36718 0.28175 -0.88645 0.61187 -0.40063 1 0 1.0
0 5.76485 -2.29500 -5.93985 0.36718 0.28175 -0.88645 0.61467 -0.41310 1 0 1.0
bag_metal
0 5.68000 -2.17500 -5.85500 0.36718 0.88645 -0.28175 0.59940 0.36810 1 0 1.0
0 5.76485 -2.21015 -5.85500 0.36718 0.88645 -0.28175 0.61467 0.36810 1 0 1.0
0 5.74928 -2.22572 -5.92428 0.36718 0.88645 -0.28175 0.61187 0.35563 1 0 1.0
bag_metal
0 5.68000 -2.17500 -5.85500 0.28175 0.88645 -0.36718 0.59940 0.36810 1 0 1.0
0 5.74928 -2.22572 -5.92428 0.28175 0.88645 -0.36718 0.61187 0.35563 1 0 1.0
0 5.68000 -2.21015 -5.93985 0.28175 0.88645 -0.36718 0.59940 0.35283 1 0 1.0
bag_metal
0 5.80000 -2.29500 -5.85500 0.88645 0.28175 -0.36718 -0.41310 0.36810 1 0 1.0
0 5.76485 -2.29500 -5.93985 0.88645 0.28175 -0.36718 -0.41310 0.35283 1 0 1.0
0 5.74928 -2.22572 -5.92428 0.88645 0.28175 -0.36718 -0.40063 0.35563 1 0 1.0
bag_metal
0 5.80000 -2.29500 -5.85500 0.88645 0.36718 -0.28175 -0.41310 0.36810 1 0 1.0
0 5.74928 -2.22572 -5.92428 0.88645 0.36718 -0.28175 -0.40063 0.35563 1 0 1.0
0 5.76485 -2.21015 -5.85500 0.88645 0.36718 -0.28175 -0.39783 0.36810 1 0 1.0
bag_metal
0 5.68000 -2.29500 -4.82500 0.36718 0.28174 0.88645 0.59940 -0.41310 1 0 1.0
0 5.76485 -2.29500 -4.86015 0.36718 0.28174 0.88645 0.61467 -0.41310 1 0 1.0
0 5.74928 -2.22572 -4.87572 0.36718 0.28174 0.88645 0.61187 -0.40063 1 0 1.0
bag_metal
0 5.68000 -2.29500 -4.82500 0.28174 0.36718 0.88645 0.59940 -0.41310 1 0 1.0
0 5.74928 -2.22572 -4.87572 0.28174 0.36718 0.88645 0.61187 -0.40063 1 0 1.0
0 5.68000 -2.21015 -4.86015 0.28174 0.36718 0.88645 0.59940 -0.39783 1 0 1.0
bag_metal
0 5.80000 -2.29500 -4.94500 0.88645 0.36718 0.28174 -0.41310 0.53190 1 0 1.0
0 5.76485 -2.21015 -4.94500 0.88645 0.36718 0.28174 -0.39783 0.53190 1 0 1.0
0 5.74928 -2.22572 -4.87572 0.88645 0.36718 0.28174 -0.40063 0.54437 1 0 1.0
bag_metal
0 5.80000 -2.29500 -4.94500 0.88645 0.28174 0.36718 -0.41310 0.53190 1 0 1.0
0 5.74928 -2.22572 -4.87572 0.88645 0.28174 0.36718 -0.40063 0.54437 1 0 1.0
0 5.76485 -2.29500 -4.86015 0.88645 0.28174 0.36718 -0.41310 0.54717 1 0 1.0
bag_metal
0 5.68000 -2.17500 -4.94500 0.28174 0.88645 0.36718 0.59940 0.53190 1 0 1.0
0 5.68000 -2.21015 -4.86015 0.28174 0.88645 0.36718 0.59940 0.54717 1 0 1.0
0 5.74928 -2.22572 -4.87572 0.28174 0.88645 0.36718 0.61187 0.54437 1 0 1.0
bag_metal
0 5.68000 -2.17500 -4.94500 0.36718 0.88645 0.28174 0.59940 0.53190 1 0 1.0
0 5.74928 -2.22572 -4.87572 0.36718 0.88645 0.28174 0.61187 0.54437 1 0 1.0
0 5.76485 -2.21015 -4.94500 0.36718 0.88645 0.28174 0.61467 0.53190 1 0 1.0
bag_metal
0 5.52000 -2.29500 -5.97500 -0.38268 0.00000 -0.92388 0.57060 -0.41310 1 0 1.0
0 5.52000 -3.20500 -5.97500 -0.38268 0.00000 -0.92388 0.57060 -0.57690 1 0 1.0
0 5.43515 -3.20500 -5.93985 -0.38268 0.00000 -0.92388 0.55533 -0.57690 1 0 1.0
bag_metal
0 5.52000 -2.29500 -5.97500 -0.38268 0.00000 -0.92388 0.57060 -0.41310 1 0 1.0
0 5.43515 -3.20500 -5.93985 -0.38268 0.00000 -0.92388 0.55533 -0.57690 1 0 1.0
0 5.43515 -2.29500 -5.93985 -0.38268 0.00000 -0.92388 0.55533 -0.41310 1 0 1.0
bag_metal
0 5.43515 -2.29500 -5.93985 -0.92388 0.00000 -0.38268 -0.41310 0.35283 1 0 1.0
0 5.43515 -3.20500 -5.93985 -0.92388 0.00000 -0.38268 -0.57690 0.35283 1 0 1.0
0 5.40000 -3.20500 -5.85500 -0.92388 0.00000 -0.38268 -0.57690 0.36810 1 0 1.0
bag_metal
0 5.43515 -2.29500 -5.93985 -0.92388 0.00000 -0.38268 -0.41310 0.35283 1 0 1.0
0 5.40000 -3.20500 -5.85500 -0.92388 0.00000 -0.38268 -0.57690 0.36810 1 0 1.0
0 5.40000 -2.29500 -5.85500 -0.92388 0.00000 -0.38268 -0.41310 0.36810 1 0 1.0
bag_metal
0 5.52000 -3.32500 -5.85500 -0.38268 -0.92388 0.00000 0.57060 0.36810 1 0 1.0
0 5.52000 -3.32500 -4.94500 -0.38268 -0.92388 0.00000 0.57060 0.53190 1 0 1.0
0 5.43515 -3.28985 -4.94500 -0.38268 -0.92388 0.00000 0.55533 0.53190 1 0 1.0
bag_metal
0 5.52000 -3.32500 -5.85500 -0.38268 -0.92388 0.00000 0.57060 0.36810 1 0 1.0
0 5.43515 -3.28985 -4.94500 -0.38268 -0.92388 0.00000 0.55533 0.53190 1 0 1.0
0 5.43515 -3.28985 -5.85500 -0.38268 -0.92388 0.00000 0.55533 0.36810 1 0 1.0
bag_metal
0 5.43515 -3.28985 -5.85500 -0.92388 -0.38268 0.00000 -0.59217 0.36810 1 0 1.0
0 5.43515 -3.28985 -4.94500 -0.92388 -0.38268 0.00000 -0.59217 0.53190 1 0 1.0
0 5.40000 -3.20500 -4.94500 -0.92388 -0.38268 0.00000 -0.57690 0.53190 1 0 1.0
bag_metal
0 5.43515 -3.28985 -5.85500 -0.92388 -0.38268 0.00000 -0.59217 0.36810 1 0 1.0
0 5.40000 -3.20500 -4.94500 -0.92388 -0.38268 0.00000 -0.57690 0.53190 1 0 1.0
0 5.40000 -3.20500 -5.85500 -0.92388 -0.38268 0.00000 -0.57690 0.36810 1 0 1.0
bag_metal
0 5.52000 -3.20500 -4.82500 -0.38268 0.00000 0.92388 0.57060 -0.57690 1 0 1.0
0 5.52000 -2.29500 -4.82500 -0.38268 0.00000 0.92388 0.57060 -0.41310 1 0 1.0
0 5.43515 -2.29500 -4.86015 -0.38268 0.00000 0.92388 0.55533 -0.41310 1 0 1.0
bag_metal
0 5.52000 -3.20500 -4.82500 -0.38268 0.00000 0.92388 0.57060 -0.57690 1 0 1.0
0 5.43515 -2.29500 -4.86015 -0.38268 0.00000 0.92388 0.55533 -0.41310 1 0 1.0
0 5.43515 -3.20500 -4.86015 -0.38268 0.00000 0.92388 0.55533 -0.57690 1 0 1.0
bag_metal
0 5.43515 -3.20500 -4.86015 -0.92388 0.00000 0.38268 -0.57690 0.54717 1 0 1.0
0 5.43515 -2.29500 -4.86015 -0.92388 0.00000 0.38268 -0.41310 0.54717 1 0 1.0
0 5.40000 -2.29500 -4.94500 -0.92388 0.00000 0.38268 -0.41310 0.53190 1 0 1.0
bag_metal
0 5.43515 -3.20500 -4.86015 -0.92388 0.00000 0.38268 -0.57690 0.54717 1 0 1.0
0 5.40000 -2.29500 -4.94500 -0.92388 0.00000 0.38268 -0.41310 0.53190 1 0 1.0
0 5.40000 -3.20500 -4.94500 -0.92388 0.00000 0.38268 -0.57690 0.53190 1 0 1.0
bag_metal
0 5.52000 -2.17500 -4.94500 -0.38268 0.92388 0.00000 0.57060 0.53190 1 0 1.0
0 5.52000 -2.17500 -5.85500 -0.38268 0.92388 0.00000 0.57060 0.36810 1 0 1.0
0 5.43515 -2.21015 -5.85500 -0.38268 0.92388 0.00000 0.55533 0.36810 1 0 1.0
bag_metal
0 5.52000 -2.17500 -4.94500 -0.38268 0.92388 0.00000 0.57060 0.53190 1 0 1.0
0 5.43515 -2.21015 -5.85500 -0.38268 0.92388 0.00000 0.55533 0.36810 1 0 1.0
0 5.43515 -2.21015 -4.94500 -0.38268 0.92388 0.00000 0.55533 0.53190 1 0 1.0
bag_metal
0 5.43515 -2.21015 -4.94500 -0.92388 0.38268 0.00000 -0.39783 0.53190 1 0 1.0
0 5.43515 -2.21015 -5.85500 -0.92388 0.38268 0.00000 -0.39783 0.36810 1 0 1.0
0 5.40000 -2.29500 -5.85500 -0.92388 0.38268 0.00000 -0.41310 0.36810 1 0 1.0
bag_metal
0 5.43515 -2.21015 -4.94500 -0.92388 0.38268 0.00000 -0.39783 0.53190 1 0 1.0
0 5.40000 -2.29500 -5.85500 -0.92388 0.38268 0.00000 -0.41310 0.36810 1 0 1.0
0 5.40000 -2.29500 -4.94500 -0.92388 0.38268 0.00000 -0.41310 0.53190 1 0 1.0
bag_metal
0 5.68000 -2.29500 -5.97500 0.00000 0.38268 -0.92388 0.59940 -0.41310 1 0 1.0
0 5.52000 -2.29500 -5.97500 0.00000 0.38268 -0.92388 0.57060 -0.41310 1 0 1.0
0 5.52000 -2.21015 -5.93985 0.00000 0.38268 -0.92388 0.57060 -0.39783 1 0 1.0
bag_metal
0 5.68000 -2.29500 -5.97500 0.00000 0.38268 -0.92388 0.59940 -0.41310 1 0 1.0
0 5.52000 -2.21015 -5.93985 0.00000 0.38268 -0.92388 0.57060 -0.39783 1 0 1.0
0 5.68000 -2.21015 -5.93985 0.00000 0.38268 -0.92388 0.59940 -0.39783 1 0 1.0
bag_metal
0 5.68000 -2.21015 -5.93985 0.00000 0.92388 -0.38268 0.59940 0.35283 1 0 1.0
0 5.52000 -2.21015 -5.93985 0.00000 0.92388 -0.38268 0.57060 0.35283 1 0 1.0
0 5.52000 -2.17500 -5.85500 0.00000 0.92388 -0.38268 0.57060 0.36810 1 0 1.0
bag_metal
0 5.68000 -2.21015 -5.93985 0.00000 0.92388 -0.38268 0.59940 0.35283 1 0 1.0
0 5.52000 -2.17500 -5.85500 0.00000 0.92388 -0.38268 0.57060 0.36810 1 0 1.0
0 5.68000 -2.17500 -5.85500 0.00000 0.92388 -0.38268 0.59940 0.36810 1 0 1.0
bag_metal
0 5.52000 -2.29500 -4.82500 0.00000 0.38268 0.92388 0.57060 -0.41310 1 0 1.0
0 5.68000 -2.29500 -4.82500 0.00000 0.38268 0.92388 0.59940 -0.41310 1 0 1.0
0 5.68000 -2.21015 -4.86015 0.00000 0.38268 0.92388 0.59940 -0.39783 1 0 1.0
bag_metal
0 5.52000 -2.29500 -4.82500 0.00000 0.38268 0.92388 0.57060 -0.41310 1 0 1.0
0 5.68000 -2.21015 -4.86015 0.00000 0.38268 0.92388 0.59940 -0.39783 1 0 1.0
0 5.52000 -2.21015 -4.86015 0.00000 0.38268 0.92388 0.57060 -0.39783 1 0 1.0
bag_metal
0 5.52000 -2.21015 -4.86015 0.00000 0.92388 0.38268 0.57060 0.54717 1 0 1.0
0 5.68000 -2.21015 -4.86015 0.00000 0.92388 0.38268 0.59940 0.54717 1 0 1.0
0 5.68000 -2.17500 -4.94500 0.00000 0.92388 0.38268 0.59940 0.53190 1 0 1.0
bag_metal
0 5.52000 -2.21015 -4.86015 0.00000 0.92388 0.38268 0.57060 0.54717 1 0 1.0
0 5.68000 -2.17500 -4.94500 0.00000 0.92388 0.38268 0.59940 0.53190 1 0 1.0
0 5.52000 -2.17500 -4.94500 0.00000 0.92388 0.38268 0.57060 0.53190 1 0 1.0
bag_metal
0 5.80000 -2.29500 -4.94500 0.92388 0.38268 0.00000 -0.41310 0.53190 1 0 1.0
0 5.80000 -2.29500 -5.85500 0.92388 0.38268 0.00000 -0.41310 0.36810 1 0 1.0
0 5.76485 -2.21015 -5.85500 0.92388 0.38268 0.00000 -0.39783 0.36810 1 0 1.0
bag_metal
0 5.80000 -2.29500 -4.94500 0.92388 0.38268 0.00000 -0.41310 0.53190 1 0 1.0
0 5.76485 -2.21015 -5.85500 0.92388 0.38268 0.00000 -0.39783 0.36810 1 0 1.0
0 5.76485 -2.21015 -4.94500 0.92388 0.38268 0.00000 -0.39783 0.53190 1 0 1.0
bag_metal
0 5.76485 -2.21015 -4.94500 0.38268 0.92388 0.00000 0.61467 0.53190 1 0 1.0
0 5.76485 -2.21015 -5.85500 0.38268 0.92388 0.00000 0.61467 0.36810 1 0 1.0
0 5.68000 -2.17500 -5.85500 0.38268 0.92388 0.00000 0.59940 0.36810 1 0 1.0
bag_metal
0 5.76485 -2.21015 -4.94500 0.38268 0.92388 0.00000 0.61467 0.53190 1 0 1.0
0 5.68000 -2.17500 -5.85500 0.38268 0.92388 0.00000 0.59940 0.36810 1 0 1.0
0 5.68000 -2.17500 -4.94500 0.38268 0.92388 0.00000 0.59940 0.53190 1 0 1.0
bag_metal
0 5.68000 -3.20500 -5.97500 0.38268 0.00000 -0.92388 0.59940 -0.57690 1 0 1.0
0 5.68000 -2.29500 -5.97500 0.38268 0.00000 -0.92388 0.59940 -0.41310 1 0 1.0
0 5.76485 -2.29500 -5.93985 0.38268 0.00000 -0.92388 0.61467 -0.41310 1 0 1.0
bag_metal
0 5.68000 -3.20500 -5.97500 0.38268 0.00000 -0.92388 0.59940 -0.57690 1 0 1.0
0 5.76485 -2.29500 -5.93985 0.38268 0.00000 -0.92388 0.61467 -0.41310 1 0 1.0
0 5.76485 -3.20500 -5.93985 0.38268 0.00000 -0.92388 0.61467 -0.57690 1 0 1.0
bag_metal
0 5.76485 -3.20500 -5.93985 0.92388 0.00000 -0.38268 -0.57690 0.35283 1 0 1.0
0 5.76485 -2.29500 -5.93985 0.92388 0.00000 -0.38268 -0.41310 0.35283 1 0 1.0
0 5.80000 -2.29500 -5.85500 0.92388 0.00000 -0.38268 -0.41310 0.36810 1 0 1.0
bag_metal
0 5.76485 -3.20500 -5.93985 0.92388 0.00000 -0.38268 -0.57690 0.35283 1 0 1.0
0 5.80000 -2.29500 -5.85500 0.92388 0.00000 -0.38268 -0.41310 0.36810 1 0 1.0
0 5.80000 -3.20500 -5.85500 0.92388 0.00000 -0.38268 -0.57690 0.36810 1 0 1.0
bag_metal
0 5.68000 -2.29500 -4.82500 0.38268 0.00000 0.92388 0.59940 -0.41310 1 0 1.0
0 5.68000 -3.20500 -4.82500 0.38268 0.00000 0.92388 0.59940 -0.57690 1 0 1.0
0 5.76485 -3.20500 -4.86015 0.38268 0.00000 0.92388 0.61467 -0.57690 1 0 1.0
bag_metal
0 5.68000 -2.29500 -4.82500 0.38268 0.00000 0.92388 0.59940 -0.41310 1 0 1.0
0 5.76485 -3.20500 -4.86015 0.38268 0.00000 0.92388 0.61467 -0.57690 1 0 1.0
0 5.76485 -2.29500 -4.86015 0.38268 0.00000 0.92388 0.61467 -0.41310 1 0 1.0
bag_metal
0 5.76485 -2.29500 -4.86015 0.92388 0.00000 0.38268 -0.41310 0.54717 1 0 1.0
0 5.76485 -3.20500 -4.86015 0.92388 0.00000 0.38268 -0.57690 0.54717 1 0 1.0
0 5.80000 -3.20500 -4.94500 0.92388 0.00000 0.38268 -0.57690 0.53190 1 0 1.0
bag_metal
0 5.76485 -2.29500 -4.86015 0.92388 0.00000 0.38268 -0.41310 0.54717 1 0 1.0
0 5.80000 -3.20500 -4.94500 0.92388 0.00000 0.38268 -0.57690 0.53190 1 0 1.0
0 5.80000 -2.29500 -4.94500 0.92388 0.00000 0.38268 -0.41310 0.53190 1 0 1.0
bag_metal
0 5.68000 -3.32500 -4.94500 0.38268 -0.92388 0.00000 0.59940 0.53190 1 0 1.0
0 5.68000 -3.32500 -5.85500 0.38268 -0.92388 0.00000 0.59940 0.36810 1 0 1.0
0 5.76485 -3.28985 -5.85500 0.38268 -0.92388 0.00000 0.61467 0.36810 1 0 1.0
bag_metal
0 5.68000 -3.32500 -4.94500 0.38268 -0.92388 0.00000 0.59940 0.53190 1 0 1.0
0 5.76485 -3.28985 -5.85500 0.38268 -0.92388 0.00000 0.61467 0.36810 1 0 1.0
0 5.76485 -3.28985 -4.94500 0.38268 -0.92388 0.00000 0.61467 0.53190 1 0 1.0
bag_metal
0 5.76485 -3.28985 -4.94500 0.92388 -0.38268 0.00000 -0.59217 0.53190 1 0 1.0
0 5.76485 -3.28985 -5.85500 0.92388 -0.38268 0.00000 -0.59217 0.36810 1 0 1.0
0 5.80000 -3.20500 -5.85500 0.92388 -0.38268 0.00000 -0.57690 0.36810 1 0 1.0
bag_metal
0 5.76485 -3.28985 -4.94500 0.92388 -0.38268 0.00000 -0.59217 0.53190 1 0 1.0
0 5.80000 -3.20500 -5.85500 0.92388 -0.38268 0.00000 -0.57690 0.36810 1 0 1.0
0 5.80000 -3.20500 -4.94500 0.92388 -0.38268 0.00000 -0.57690 0.53190 1 0 1.0
bag_metal
0 5.52000 -3.20500 -5.97500 0.00000 -0.38268 -0.92388 0.57060 -0.57690 1 0 1.0
0 5.68000 -3.20500 -5.97500 0.00000 -0.38268 -0.92388 0.59940 -0.57690 1 0 1.0
0 5.68000 -3.28985 -5.93985 0.00000 -0.38268 -0.92388 0.59940 -0.59217 1 0 1.0
bag_metal
0 5.52000 -3.20500 -5.97500 0.00000 -0.38268 -0.92388 0.57060 -0.57690 1 0 1.0
0 5.68000 -3.28985 -5.93985 0.00000 -0.38268 -0.92388 0.59940 -0.59217 1 0 1.0
0 5.52000 -3.28985 -5.93985 0.00000 -0.38268 -0.92388 0.57060 -0.59217 1 0 1.0
bag_metal
0 5.52000 -3.28985 -5.93985 0.00000 -0.92388 -0.38268 0.57060 0.35283 1 0 1.0
0 5.68000 -3.28985 -5.93985 0.00000 -0.92388 -0.38268 0.59940 0.35283 1 0 1.0
0 5.68000 -3.32500 -5.85500 0.00000 -0.92388 -0.38268 0.59940 0.36810 1 0 1.0
bag_metal
0 5.52000 -3.28985 -5.93985 0.00000 -0.92388 -0.38268 0.57060 0.35283 1 0 1.0
0 5.68000 -3.32500 -5.85500 0.00000 -0.92388 -0.38268 0.59940 0.36810 1 0 1.0
0 5.52000 -3.32500 -5.85500 0.00000 -0.92388 -0.38268 0.57060 0.36810 1 0 1.0
bag_metal
0 5.68000 -3.20500 -4.82500 0.00000 -0.38268 0.92388 0.59940 -0.57690 1 0 1.0
0 5.52000 -3.20500 -4.82500 0.00000 -0.38268 0.92388 0.57060 -0.57690 1 0 1.0
0 5.52000 -3.28985 -4.86015 0.00000 -0.38268 0.92388 0.57060 -0.59217 1 0 1.0
bag_metal
0 5.68000 -3.20500 -4.82500 0.00000 -0.38268 0.92388 0.59940 -0.57690 1 0 1.0
0 5.52000 -3.28985 -4.86015 0.00000 -0.38268 0.92388 0.57060 -0.59217 1 0 1.0
0 5.68000 -3.28985 -4.86015 0.00000 -0.38268 0.92388 0.59940 -0.59217 1 0 1.0
bag_metal
0 5.68000 -3.28985 -4.86015 0.00000 -0.92388 0.38268 0.59940 0.54717 1 0 1.0
0 5.52000 -3.28985 -4.86015 0.00000 -0.92388 0.38268 0.57060 0.54717 1 0 1.0
0 5.52000 -3.32500 -4.94500 0.00000 -0.92388 0.38268 0.57060 0.53190 1 0 1.0
bag_metal
0 5.68000 -3.28985 -4.86015 0.00000 -0.92388 0.38268 0.59940 0.54717 1 0 1.0
0 5.52000 -3.32500 -4.94500 0.00000 -0.92388 0.38268 0.57060 0.53190 1 0 1.0
0 5.68000 -3.32500 -4.94500 0.00000 -0.92388 0.38268 0.59940 0.53190 1 0 1.0
bag_metal
0 5.52000 -2.29500 -5.97500 0.00000 0.00000 -1.00000 0.57060 -0.41310 1 0 1.0
0 5.68000 -2.29500 -5.97500 0.00000 0.00000 -1.00000 0.59940 -0.41310 1 0 1.0
0 5.68000 -3.20500 -5.97500 0.00000 0.00000 -1.00000 0.59940 -0.57690 1 0 1.0
bag_metal
0 5.52000 -2.29500 -5.97500 0.00000 0.00000 -1.00000 0.57060 -0.41310 1 0 1.0
0 5.68000 -3.20500 -5.97500 0.00000 0.00000 -1.00000 0.59940 -0.57690 1 0 1.0
0 5.52000 -3.20500 -5.97500 0.00000 0.00000 -1.00000 0.57060 -0.57690 1 0 1.0
bag_metal
0 5.40000 -3.20500 -5.85500 -1.00000 0.00000 0.00000 -0.57690 0.36810 1 0 1.0
0 5.40000 -3.20500 -4.94500 -1.00000 0.00000 0.00000 -0.57690 0.53190 1 0 1.0
0 5.40000 -2.29500 -4.94500 -1.00000 0.00000 0.00000 -0.41310 0.53190 1 0 1.0
bag_metal
0 5.40000 -3.20500 -5.85500 -1.00000 0.00000 0.00000 -0.57690 0.36810 1 0 1.0
0 5.40000 -2.29500 -4.94500 -1.00000 0.00000 0.00000 -0.41310 0.53190 1 0 1.0
0 5.40000 -2.29500 -5.85500 -1.00000 0.00000 0.00000 -0.41310 0.36810 1 0 1.0
bag_metal
0 5.68000 -3.32500 -5.85500 0.00000 -1.00000 0.00000 0.59940 0.36810 1 0 1.0
0 5.68000 -3.32500 -4.94500 0.00000 -1.00000 0.00000 0.59940 0.53190 1 0 1.0
0 5.52000 -3.32500 -4.94500 0.00000 -1.00000 0.00000 0.57060 0.53190 1 0 1.0
bag_metal
0 5.68000 -3.32500 -5.85500 0.00000 -1.00000 0.00000 0.59940 0.36810 1 0 1.0
0 5.52000 -3.32500 -4.94500 0.00000 -1.00000 0.00000 0.57060 0.53190 1 0 1.0
0 5.52000 -3.32500 -5.85500 0.00000 -1.00000 0.00000 0.57060 0.36810 1 0 1.0
bag_metal
0 5.68000 -2.29500 -4.82500 0.00000 0.00000 1.00000 0.59940 -0.41310 1 0 1.0
0 5.52000 -2.29500 -4.82500 0.00000 0.00000 1.00000 0.57060 -0.41310 1 0 1.0
0 5.52000 -3.20500 -4.82500 0.00000 0.00000 1.00000 0.57060 -0.57690 1 0 1.0
bag_metal
0 5.68000 -2.29500 -4.82500 0.00000 0.00000 1.00000 0.59940 -0.41310 1 0 1.0
0 5.52000 -3.20500 -4.82500 0.00000 0.00000 1.00000 0.57060 -0.57690 1 0 1.0
0 5.68000 -3.20500 -4.82500 0.00000 0.00000 1.00000 0.59940 -0.57690 1 0 1.0
bag_metal
0 5.52000 -2.17500 -5.85500 0.00000 1.00000 0.00000 0.57060 0.36810 1 0 1.0
0 5.52000 -2.17500 -4.94500 0.00000 1.00000 0.00000 0.57060 0.53190 1 0 1.0
0 5.68000 -2.17500 -4.94500 0.00000 1.00000 0.00000 0.59940 0.53190 1 0 1.0
bag_metal
0 5.52000 -2.17500 -5.85500 0.00000 1.00000 0.00000 0.57060 0.36810 1 0 1.0
0 5.68000 -2.17500 -4.94500 0.00000 1.00000 0.00000 0.59940 0.53190 1 0 1.0
0 5.68000 -2.17500 -5.85500 0.00000 1.00000 0.00000 0.59940 0.36810 1 0 1.0
bag_metal
0 5.80000 -2.29500 -5.85500 1.00000 0.00000 0.00000 -0.41310 0.36810 1 0 1.0
0 5.80000 -2.29500 -4.94500 1.00000 0.00000 0.00000 -0.41310 0.53190 1 0 1.0
0 5.80000 -3.20500 -4.94500 1.00000 0.00000 0.00000 -0.57690 0.53190 1 0 1.0
bag_metal
0 5.80000 -2.29500 -5.85500 1.00000 0.00000 0.00000 -0.41310 0.36810 1 0 1.0
0 5.80000 -3.20500 -4.94500 1.00000 0.00000 0.00000 -0.57690 0.53190 1 0 1.0
0 5.80000 -3.20500 -5.85500 1.00000 0.00000 0.00000 -0.57690 0.36810 1 0 1.0
bag_strap
0 1.63000 -1.90000 0.15000 0.53375 -0.74832 0.39386 -0.12960 1.44900 1 0 1.0
0 1.63000 -1.40000 1.10000 0.53375 -0.74832 0.39386 -0.12960 1.62000 1 0 1.0
0 1.44000 -1.44792 1.26645 0.53375 -0.74832 0.39386 -0.16380 1.64996 1 0 1.0
bag_strap
0 1.63000 -1.90000 0.15000 0.67333 -0.63832 0.37307 -0.12960 1.44900 1 0 1.0
0 1.44000 -1.44792 1.26645 0.67333 -0.63832 0.37307 -0.16380 1.64996 1 0 1.0
0 1.44000 -2.05327 0.23067 0.67333 -0.63832 0.37307 -0.16380 1.46352 1 0 1.0
bag_strap
0 1.44000 -2.05327 0.23067 0.00000 -0.86336 0.50459 -0.16380 1.46352 1 0 1.0
0 1.44000 -1.44792 1.26645 0.00000 -0.86336 0.50459 -0.16380 1.64996 1 0 1.0
0 1.06000 -1.44792 1.26645 0.00000 -0.86336 0.50459 -0.23220 1.64996 1 0 1.0
bag_strap
0 1.44000 -2.05327 0.23067 0.00000 -0.86336 0.50459 -0.16380 1.46352 1 0 1.0
0 1.06000 -1.44792 1.26645 0.00000 -0.86336 0.50459 -0.23220 1.64996 1 0 1.0
0 1.06000 -2.05327 0.23067 0.00000 -0.86336 0.50459 -0.23220 1.46352 1 0 1.0
bag_strap
0 1.06000 -2.05327 0.23067 -0.55071 -0.72065 0.42118 -0.23220 1.46352 1 0 1.0
0 1.06000 -1.44792 1.26645 -0.55071 -0.72065 0.42118 -0.23220 1.64996 1 0 1.0
0 0.87000 -1.40000 1.10000 -0.55071 -0.72065 0.42118 -0.26640 1.62000 1 0 1.0
bag_strap
0 1.06000 -2.05327 0.23067 -0.67369 -0.65397 0.34419 -0.23220 1.46352 1 0 1.0
0 0.87000 -1.40000 1.10000 -0.67369 -0.65397 0.34419 -0.26640 1.62000 1 0 1.0
0 0.87000 -1.90000 0.15000 -0.67369 -0.65397 0.34419 -0.26640 1.44900 1 0 1.0
bag_strap
0 0.87000 -1.90000 0.15000 -0.53375 0.74832 -0.39386 -0.26640 1.44900 1 0 1.0
0 0.87000 -1.40000 1.10000 -0.53375 0.74832 -0.39386 -0.26640 1.62000 1 0 1.0
0 1.06000 -1.35208 0.93355 -0.53375 0.74832 -0.39386 -0.23220 1.59004 1 0 1.0
bag_strap
0 0.87000 -1.90000 0.15000 -0.67311 0.67272 -0.30720 -0.26640 1.44900 1 0 1.0
0 1.06000 -1.35208 0.93355 -0.67311 0.67272 -0.30720 -0.23220 1.59004 1 0 1.0
0 1.06000 -1.74673 0.06933 -0.67311 0.67272 -0.30720 -0.23220 1.43448 1 0 1.0
bag_strap
0 1.06000 -1.74673 0.06933 0.00000 0.90965 -0.41539 -0.23220 1.43448 1 0 1.0
0 1.06000 -1.35208 0.93355 0.00000 0.90965 -0.41539 -0.23220 1.59004 1 0 1.0
0 1.44000 -1.35208 0.93355 0.00000 0.90965 -0.41539 -0.16380 1.59004 1 0 1.0
bag_strap
0 1.06000 -1.74673 0.06933 0.00000 0.90965 -0.41539 -0.23220 1.43448 1 0 1.0
0 1.44000 -1.35208 0.93355 0.00000 0.90965 -0.41539 -0.16380 1.59004 1 0 1.0
0 1.44000 -1.74673 0.06933 0.00000 0.90965 -0.41539 -0.16380 1.43448 1 0 1.0
bag_strap
0 1.44000 -1.74673 0.06933 0.51025 0.78232 -0.35724 -0.16380 1.43448 1 0 1.0
0 1.44000 -1.35208 0.93355 0.51025 0.78232 -0.35724 -0.16380 1.59004 1 0 1.0
0 1.63000 -1.40000 1.10000 0.51025 0.78232 -0.35724 -0.12960 1.62000 1 0 1.0
bag_strap
0 1.44000 -1.74673 0.06933 0.67369 0.65397 -0.34419 -0.16380 1.43448 1 0 1.0
0 1.63000 -1.40000 1.10000 0.67369 0.65397 -0.34419 -0.12960 1.62000 1 0 1.0
0 1.63000 -1.90000 0.15000 0.67369 0.65397 -0.34419 -0.12960 1.44900 1 0 1.0
bag_strap
0 1.63000 -1.40000 1.10000 0.65894 0.00000 0.75219 -0.12960 -0.25200 1 0 1.0
0 1.63000 1.40000 1.10000 0.65894 0.00000 0.75219 -0.12960 0.25200 1 0 1.0
0 1.44000 1.44792 1.26645 0.65894 0.00000 0.75219 -0.16380 0.26062 1 0 1.0
bag_strap
0 1.63000 -1.40000 1.10000 0.65894 0.00000 0.75219 -0.12960 -0.25200 1 0 1.0
0 1.44000 1.44792 1.26645 0.65894 0.00000 0.75219 -0.16380 0.26062 1 0 1.0
0 1.44000 -1.44792 1.26645 0.65894 0.00000 0.75219 -0.16380 -0.26062 1 0 1.0
bag_strap
0 1.44000 -1.44792 1.26645 0.00000 0.00000 1.00000 -0.16380 -0.26062 1 0 1.0
0 1.44000 1.44792 1.26645 0.00000 0.00000 1.00000 -0.16380 0.26062 1 0 1.0
0 1.06000 1.44792 1.26645 0.00000 0.00000 1.00000 -0.23220 0.26062 1 0 1.0
bag_strap
0 1.44000 -1.44792 1.26645 0.00000 0.00000 1.00000 -0.16380 -0.26062 1 0 1.0
0 1.06000 1.44792 1.26645 0.00000 0.00000 1.00000 -0.23220 0.26062 1 0 1.0
0 1.06000 -1.44792 1.26645 0.00000 0.00000 1.00000 -0.23220 -0.26062 1 0 1.0
bag_strap
0 1.06000 -1.44792 1.26645 -0.65894 0.00000 0.75219 -0.23220 -0.26062 1 0 1.0
0 1.06000 1.44792 1.26645 -0.65894 0.00000 0.75219 -0.23220 0.26062 1 0 1.0
0 0.87000 1.40000 1.10000 -0.65894 0.00000 0.75219 -0.26640 0.25200 1 0 1.0
bag_strap
0 1.06000 -1.44792 1.26645 -0.65894 0.00000 0.75219 -0.23220 -0.26062 1 0 1.0
0 0.87000 1.40000 1.10000 -0.65894 0.00000 0.75219 -0.26640 0.25200 1 0 1.0
0 0.87000 -1.40000 1.10000 -0.65894 0.00000 0.75219 -0.26640 -0.25200 1 0 1.0
bag_strap
0 0.87000 -1.40000 1.10000 -0.65894 0.00000 -0.75219 -0.26640 -0.25200 1 0 1.0
0 0.87000 1.40000 1.10000 -0.65894 0.00000 -0.75219 -0.26640 0.25200 1 0 1.0
0 1.06000 1.35208 0.93355 -0.65894 0.00000 -0.75219 -0.23220 0.24338 1 0 1.0
bag_strap
0 0.87000 -1.40000 1.10000 -0.65894 0.00000 -0.75219 -0.26640 -0.25200 1 0 1.0
0 1.06000 1.35208 0.93355 -0.65894 0.00000 -0.75219 -0.23220 0.24338 1 0 1.0
0 1.06000 -1.35208 0.93355 -0.65894 0.00000 -0.75219 -0.23220 -0.24338 1 0 1.0
bag_strap
0 1.06000 -1.35208 0.93355 0.00000 0.00000 -1.00000 -0.23220 -0.24338 1 0 1.0
0 1.06000 1.35208 0.93355 0.00000 0.00000 -1.00000 -0.23220 0.24338 1 0 1.0
0 1.44000 1.35208 0.93355 0.00000 0.00000 -1.00000 -0.16380 0.24338 1 0 1.0
bag_strap
0 1.06000 -1.35208 0.93355 0.00000 0.00000 -1.00000 -0.23220 -0.24338 1 0 1.0
0 1.44000 1.35208 0.93355 0.00000 0.00000 -1.00000 -0.16380 0.24338 1 0 1.0
0 1.44000 -1.35208 0.93355 0.00000 0.00000 -1.00000 -0.16380 -0.24338 1 0 1.0
bag_strap
0 1.44000 -1.35208 0.93355 0.65894 0.00000 -0.75219 -0.16380 -0.24338 1 0 1.0
0 1.44000 1.35208 0.93355 0.65894 0.00000 -0.75219 -0.16380 0.24338 1 0 1.0
0 1.63000 1.40000 1.10000 0.65894 0.00000 -0.75219 -0.12960 0.25200 1 0 1.0
bag_strap
0 1.44000 -1.35208 0.93355 0.65894 0.00000 -0.75219 -0.16380 -0.24338 1 0 1.0
0 1.63000 1.40000 1.10000 0.65894 0.00000 -0.75219 -0.12960 0.25200 1 0 1.0
0 1.63000 -1.40000 1.10000 0.65894 0.00000 -0.75219 -0.12960 -0.25200 1 0 1.0
bag_strap
0 1.63000 1.40000 1.10000 0.67369 0.65397 0.34419 -0.12960 1.62000 1 0 1.0
0 1.63000 1.90000 0.15000 0.67369 0.65397 0.34419 -0.12960 1.44900 1 0 1.0
0 1.44000 2.05327 0.23067 0.67369 0.65397 0.34419 -0.16380 1.46352 1 0 1.0
bag_strap
0 1.63000 1.40000 1.10000 0.55071 0.72065 0.42118 -0.12960 1.62000 1 0 1.0
0 1.44000 2.05327 0.23067 0.55071 0.72065 0.42118 -0.16380 1.46352 1 0 1.0
0 1.44000 1.44792 1.26645 0.55071 0.72065 0.42118 -0.16380 1.64996 1 0 1.0
bag_strap
0 1.44000 1.44792 1.26645 0.00000 0.86336 0.50459 -0.16380 1.64996 1 0 1.0
0 1.44000 2.05327 0.23067 0.00000 0.86336 0.50459 -0.16380 1.46352 1 0 1.0
0 1.06000 2.05327 0.23067 0.00000 0.86336 0.50459 -0.23220 1.46352 1 0 1.0
bag_strap
0 1.44000 1.44792 1.26645 0.00000 0.86336 0.50459 -0.16380 1.64996 1 0 1.0
0 1.06000 2.05327 0.23067 0.00000 0.86336 0.50459 -0.23220 1.46352 1 0 1.0
0 1.06000 1.44792 1.26645 0.00000 0.86336 0.50459 -0.23220 1.64996 1 0 1.0
bag_strap
0 1.06000 1.44792 1.26645 -0.67333 0.63832 0.37307 -0.23220 1.64996 1 0 1.0
0 1.06000 2.05327 0.23067 -0.67333 0.63832 0.37307 -0.23220 1.46352 1 0 1.0
0 0.87000 1.90000 0.15000 -0.67333 0.63832 0.37307 -0.26640 1.44900 1 0 1.0
bag_strap
0 1.06000 1.44792 1.26645 -0.53375 0.74832 0.39386 -0.23220 1.64996 1 0 1.0
0 0.87000 1.90000 0.15000 -0.53375 0.74832 0.39386 -0.26640 1.44900 1 0 1.0
0 0.87000 1.40000 1.10000 -0.53375 0.74832 0.39386 -0.26640 1.62000 1 0 1.0
bag_strap
0 0.87000 1.40000 1.10000 -0.67369 -0.65397 -0.34419 -0.26640 1.62000 1 0 1.0
0 0.87000 1.90000 0.15000 -0.67369 -0.65397 -0.34419 -0.26640 1.44900 1 0 1.0
0 1.06000 1.74673 0.06933 -0.67369 -0.65397 -0.34419 -0.23220 1.43448 1 0 1.0
bag_strap
0 0.87000 1.40000 1.10000 -0.51025 -0.78232 -0.35724 -0.26640 1.62000 1 0 1.0
0 1.06000 1.74673 0.06933 -0.51025 -0.78232 -0.35724 -0.23220 1.43448 1 0 1.0
0 1.06000 1.35208 0.93355 -0.51025 -0.78232 -0.35724 -0.23220 1.59004 1 0 1.0
bag_strap
0 1.06000 1.35208 0.93355 0.00000 -0.90965 -0.41539 -0.23220 1.59004 1 0 1.0
0 1.06000 1.74673 0.06933 0.00000 -0.90965 -0.41539 -0.23220 1.43448 1 0 1.0
0 1.44000 1.74673 0.06933 0.00000 -0.90965 -0.41539 -0.16380 1.43448 1 0 1.0
bag_strap
0 1.06000 1.35208 0.93355 0.00000 -0.90965 -0.41539 -0.23220 1.59004 1 0 1.0
0 1.44000 1.74673 0.06933 0.00000 -0.90965 -0.41539 -0.16380 1.43448 1 0 1.0
0 1.44000 1.35208 0.93355 0.00000 -0.90965 -0.41539 -0.16380 1.59004 1 0 1.0
bag_strap
0 1.44000 1.35208 0.93355 0.67311 -0.67272 -0.30720 -0.16380 1.59004 1 0 1.0
0 1.44000 1.74673 0.06933 0.67311 -0.67272 -0.30720 -0.16380 1.43448 1 0 1.0
0 1.63000 1.90000 0.15000 0.67311 -0.67272 -0.30720 -0.12960 1.44900 1 0 1.0
bag_strap
0 1.44000 1.35208 0.93355 0.53375 -0.74832 -0.39386 -0.16380 1.59004 1 0 1.0
0 1.63000 1.90000 0.15000 0.53375 -0.74832 -0.39386 -0.12960 1.44900 1 0 1.0
0 1.63000 1.40000 1.10000 0.53375 -0.74832 -0.39386 -0.12960 1.62000 1 0 1.0
bag_strap
0 1.06000 -1.74673 0.06933 0.00000 -0.46575 -0.88492 -0.23220 -0.31441 1 0 1.0
0 1.44000 -1.74673 0.06933 0.00000 -0.46575 -0.88492 -0.16380 -0.31441 1 0 1.0
0 1.63000 -1.90000 0.15000 0.00000 -0.46575 -0.88492 -0.12960 -0.34200 1 0 1.0
bag_strap
0 1.63000 -1.90000 0.15000 0.00000 -0.46575 -0.88492 -0.12960 -0.34200 1 0 1.0
0 1.44000 -2.05327 0.23067 0.00000 -0.46575 -0.88492 -0.16380 -0.36959 1 0 1.0
0 1.06000 -2.05327 0.23067 0.00000 -0.46575 -0.88492 -0.23220 -0.36959 1 0 1.0
bag_strap
0 1.06000 -2.05327 0.23067 -0.00000 -0.46575 -0.88492 -0.23220 -0.36959 1 0 1.0
0 0.87000 -1.90000 0.15000 -0.00000 -0.46575 -0.88492 -0.26640 -0.34200 1 0 1.0
0 1.06000 -1.74673 0.06933 -0.00000 -0.46575 -0.88492 -0.23220 -0.31441 1 0 1.0
bag_strap
0 1.63000 -1.90000 0.15000 0.00000 -0.46575 -0.88492 -0.12960 -0.34200 1 0 1.0
0 1.06000 -2.05327 0.23067 0.00000 -0.46575 -0.88492 -0.23220 -0.36959 1 0 1.0
0 1.06000 -1.74673 0.06933 0.00000 -0.46575 -0.88492 -0.23220 -0.31441 1 0 1.0
bag_strap
0 1.44000 2.05327 0.23067 0.00000 0.46575 -0.88492 -0.16380 0.36959 1 0 1.0
0 1.63000 1.90000 0.15000 0.00000 0.46575 -0.88492 -0.12960 0.34200 1 0 1.0
0 1.44000 1.74673 0.06933 0.00000 0.46575 -0.88492 -0.16380 0.31441 1 0 1.0
bag_strap
0 1.44000 1.74673 0.06933 0.00000 0.46575 -0.88492 -0.16380 0.31441 1 0 1.0
0 1.06000 1.74673 0.06933 0.00000 0.46575 -0.88492 -0.23220 0.31441 1 0 1.0
0 0.87000 1.90000 0.15000 0.00000 0.46575 -0.88492 -0.26640 0.34200 1 0 1.0
bag_strap
0 0.87000 1.90000 0.15000 0.00000 0.46575 -0.88492 -0.26640 0.34200 1 0 1.0
0 1.06000 2.05327 0.23067 0.00000 0.46575 -0.88492 -0.23220 0.36959 1 0 1.0
0 1.44000 2.05327 0.23067 0.00000 0.46575 -0.88492 -0.16380 0.36959 1 0 1.0
bag_strap
0 1.44000 1.74673 0.06933 -0.00000 0.46575 -0.88492 -0.16380 0.31441 1 0 1.0
0 0.87000 1.90000 0.15000 -0.00000 0.46575 -0.88492 -0.26640 0.34200 1 0 1.0
0 1.44000 2.05327 0.23067 -0.00000 0.46575 -0.88492 -0.16380 0.36959 1 0 1.0
bag_accent
0 5.55000 -1.56000 -4.15000 -0.57735 -0.57735 -0.57735 -0.28080 0.67500 1 0 1.0
0 5.55000 -1.60000 -4.11000 -0.57735 -0.57735 -0.57735 -0.28800 0.68220 1 0 1.0
0 5.51000 -1.56000 -4.11000 -0.57735 -0.57735 -0.57735 -0.28080 0.68220 1 0 1.0
bag_accent
0 5.55000 -1.60000 -3.29000 -0.57735 -0.57735 0.57735 -0.28800 0.82980 1 0 1.0
0 5.55000 -1.56000 -3.25000 -0.57735 -0.57735 0.57735 -0.28080 0.83700 1 0 1.0
0 5.51000 -1.56000 -3.29000 -0.57735 -0.57735 0.57735 -0.28080 0.82980 1 0 1.0
bag_accent
0 5.55000 1.56000 -4.15000 -0.57735 0.57735 -0.57735 0.28080 0.67500 1 0 1.0
0 5.51000 1.56000 -4.11000 -0.57735 0.57735 -0.57735 0.28080 0.68220 1 0 1.0
0 5.55000 1.60000 -4.11000 -0.57735 0.57735 -0.57735 0.28800 0.68220 1 0 1.0
bag_accent
0 5.55000 1.56000 -3.25000 -0.57735 0.57735 0.57735 0.28080 0.83700 1 0 1.0
0 5.55000 1.60000 -3.29000 -0.57735 0.57735 0.57735 0.28800 0.82980 1 0 1.0
0 5.51000 1.56000 -3.29000 -0.57735 0.57735 0.57735 0.28080 0.82980 1 0 1.0
bag_accent
0 5.59000 -1.56000 -4.15000 0.57735 -0.57735 -0.57735 -0.28080 0.67500 1 0 1.0
0 5.63000 -1.56000 -4.11000 0.57735 -0.57735 -0.57735 -0.28080 0.68220 1 0 1.0
0 5.59000 -1.60000 -4.11000 0.57735 -0.57735 -0.57735 -0.28800 0.68220 1 0 1.0
bag_accent
0 5.59000 -1.56000 -3.25000 0.57735 -0.57735 0.57735 -0.28080 0.83700 1 0 1.0
0 5.59000 -1.60000 -3.29000 0.57735 -0.57735 0.57735 -0.28800 0.82980 1 0 1.0
0 5.63000 -1.56000 -3.29000 0.57735 -0.57735 0.57735 -0.28080 0.82980 1 0 1.0
bag_accent
0 5.59000 1.56000 -4.15000 0.57735 0.57735 -0.57735 0.28080 0.67500 1 0 1.0
0 5.59000 1.60000 -4.11000 0.57735 0.57735 -0.57735 0.28800 0.68220 1 0 1.0
0 5.63000 1.56000 -4.11000 0.57735 0.57735 -0.57735 0.28080 0.68220 1 0 1.0
bag_accent
0 5.59000 1.56000 -3.25000 0.57735 0.57735 0.57735 0.28080 0.83700 1 0 1.0
0 5.63000 1.56000 -3.29000 0.57735 0.57735 0.57735 0.28080 0.82980 1 0 1.0
0 5.59000 1.60000 -3.29000 0.57735 0.57735 0.57735 0.28800 0.82980 1 0 1.0
bag_accent
0 5.55000 1.56000 -4.15000 -0.70711 0.00000 -0.70711 0.28080 0.67500 1 0 1.0
0 5.55000 -1.56000 -4.15000 -0.70711 0.00000 -0.70711 -0.28080 0.67500 1 0 1.0
0 5.51000 -1.56000 -4.11000 -0.70711 0.00000 -0.70711 -0.28080 0.68220 1 0 1.0
bag_accent
0 5.55000 1.56000 -4.15000 -0.70711 0.00000 -0.70711 0.28080 0.67500 1 0 1.0
0 5.51000 -1.56000 -4.11000 -0.70711 0.00000 -0.70711 -0.28080 0.68220 1 0 1.0
0 5.51000 1.56000 -4.11000 -0.70711 0.00000 -0.70711 0.28080 0.68220 1 0 1.0
bag_accent
0 5.55000 -1.60000 -4.11000 -0.70711 -0.70711 0.00000 -0.28800 0.68220 1 0 1.0
0 5.55000 -1.60000 -3.29000 -0.70711 -0.70711 0.00000 -0.28800 0.82980 1 0 1.0
0 5.51000 -1.56000 -3.29000 -0.70711 -0.70711 0.00000 -0.28080 0.82980 1 0 1.0
bag_accent
0 5.55000 -1.60000 -4.11000 -0.70711 -0.70711 0.00000 -0.28800 0.68220 1 0 1.0
0 5.51000 -1.56000 -3.29000 -0.70711 -0.70711 0.00000 -0.28080 0.82980 1 0 1.0
0 5.51000 -1.56000 -4.11000 -0.70711 -0.70711 0.00000 -0.28080 0.68220 1 0 1.0
bag_accent
0 5.55000 -1.56000 -3.25000 -0.70711 0.00000 0.70711 -0.28080 0.83700 1 0 1.0
0 5.55000 1.56000 -3.25000 -0.70711 0.00000 0.70711 0.28080 0.83700 1 0 1.0
0 5.51000 1.56000 -3.29000 -0.70711 0.00000 0.70711 0.28080 0.82980 1 0 1.0
bag_accent
0 5.55000 -1.56000 -3.25000 -0.70711 0.00000 0.70711 -0.28080 0.83700 1 0 1.0
0 5.51000 1.56000 -3.29000 -0.70711 0.00000 0.70711 0.28080 0.82980 1 0 1.0
0 5.51000 -1.56000 -3.29000 -0.70711 0.00000 0.70711 -0.28080 0.82980 1 0 1.0
bag_accent
0 5.55000 1.60000 -3.29000 -0.70711 0.70711 0.00000 0.28800 0.82980 1 0 1.0
0 5.55000 1.60000 -4.11000 -0.70711 0.70711 0.00000 0.28800 0.68220 1 0 1.0
0 5.51000 1.56000 -4.11000 -0.70711 0.70711 0.00000 0.28080 0.68220 1 0 1.0
bag_accent
0 5.55000 1.60000 -3.29000 -0.70711 0.70711 0.00000 0.28800 0.82980 1 0 1.0
0 5.51000 1.56000 -4.11000 -0.70711 0.70711 0.00000 0.28080 0.68220 1 0 1.0
0 5.51000 1.56000 -3.29000 -0.70711 0.70711 0.00000 0.28080 0.82980 1 0 1.0
bag_accent
0 5.59000 1.56000 -4.15000 0.00000 0.70711 -0.70711 0.58320 0.67500 1 0 1.0
0 5.55000 1.56000 -4.15000 0.00000 0.70711 -0.70711 0.57600 0.67500 1 0 1.0
0 5.55000 1.60000 -4.11000 0.00000 0.70711 -0.70711 0.57600 0.68220 1 0 1.0
bag_accent
0 5.59000 1.56000 -4.15000 0.00000 0.70711 -0.70711 0.58320 0.67500 1 0 1.0
0 5.55000 1.60000 -4.11000 0.00000 0.70711 -0.70711 0.57600 0.68220 1 0 1.0
0 5.59000 1.60000 -4.11000 0.00000 0.70711 -0.70711 0.58320 0.68220 1 0 1.0
bag_accent
0 5.55000 1.56000 -3.25000 0.00000 0.70711 0.70711 0.57600 0.83700 1 0 1.0
0 5.59000 1.56000 -3.25000 0.00000 0.70711 0.70711 0.58320 0.83700 1 0 1.0
0 5.59000 1.60000 -3.29000 0.00000 0.70711 0.70711 0.58320 0.82980 1 0 1.0
bag_accent
0 5.55000 1.56000 -3.25000 0.00000 0.70711 0.70711 0.57600 0.83700 1 0 1.0
0 5.59000 1.60000 -3.29000 0.00000 0.70711 0.70711 0.58320 0.82980 1 0 1.0
0 5.55000 1.60000 -3.29000 0.00000 0.70711 0.70711 0.57600 0.82980 1 0 1.0
bag_accent
0 5.63000 1.56000 -3.29000 0.70711 0.70711 0.00000 0.28080 0.82980 1 0 1.0
0 5.63000 1.56000 -4.11000 0.70711 0.70711 0.00000 0.28080 0.68220 1 0 1.0
0 5.59000 1.60000 -4.11000 0.70711 0.70711 0.00000 0.28800 0.68220 1 0 1.0
bag_accent
0 5.63000 1.56000 -3.29000 0.70711 0.70711 0.00000 0.28080 0.82980 1 0 1.0
0 5.59000 1.60000 -4.11000 0.70711 0.70711 0.00000 0.28800 0.68220 1 0 1.0
0 5.59000 1.60000 -3.29000 0.70711 0.70711 0.00000 0.28800 0.82980 1 0 1.0
bag_accent
0 5.59000 -1.56000 -4.15000 0.70711 0.00000 -0.70711 -0.28080 0.67500 1 0 1.0
0 5.59000 1.56000 -4.15000 0.70711 0.00000 -0.70711 0.28080 0.67500 1 0 1.0
0 5.63000 1.56000 -4.11000 0.70711 0.00000 -0.70711 0.28080 0.68220 1 0 1.0
bag_accent
0 5.59000 -1.56000 -4.15000 0.70711 0.00000 -0.70711 -0.28080 0.67500 1 0 1.0
0 5.63000 1.56000 -4.11000 0.70711 0.00000 -0.70711 0.28080 0.68220 1 0 1.0
0 5.63000 -1.56000 -4.11000 0.70711 0.00000 -0.70711 -0.28080 0.68220 1 0 1.0
bag_accent
0 5.59000 1.56000 -3.25000 0.70711 0.00000 0.70711 0.28080 0.83700 1 0 1.0
0 5.59000 -1.56000 -3.25000 0.70711 0.00000 0.70711 -0.28080 0.83700 1 0 1.0
0 5.63000 -1.56000 -3.29000 0.70711 0.00000 0.70711 -0.28080 0.82980 1 0 1.0
bag_accent
0 5.59000 1.56000 -3.25000 0.70711 0.00000 0.70711 0.28080 0.83700 1 0 1.0
0 5.63000 -1.56000 -3.29000 0.70711 0.00000 0.70711 -0.28080 0.82980 1 0 1.0
0 5.63000 1.56000 -3.29000 0.70711 0.00000 0.70711 0.28080 0.82980 1 0 1.0
bag_accent
0 5.59000 -1.60000 -3.29000 0.70711 -0.70711 0.00000 -0.28800 0.82980 1 0 1.0
0 5.59000 -1.60000 -4.11000 0.70711 -0.70711 0.00000 -0.28800 0.68220 1 0 1.0
0 5.63000 -1.56000 -4.11000 0.70711 -0.70711 0.00000 -0.28080 0.68220 1 0 1.0
bag_accent
0 5.59000 -1.60000 -3.29000 0.70711 -0.70711 0.00000 -0.28800 0.82980 1 0 1.0
0 5.63000 -1.56000 -4.11000 0.70711 -0.70711 0.00000 -0.28080 0.68220 1 0 1.0
0 5.63000 -1.56000 -3.29000 0.70711 -0.70711 0.00000 -0.28080 0.82980 1 0 1.0
bag_accent
0 5.55000 -1.56000 -4.15000 0.00000 -0.70711 -0.70711 0.57600 0.67500 1 0 1.0
0 5.59000 -1.56000 -4.15000 0.00000 -0.70711 -0.70711 0.58320 0.67500 1 0 1.0
0 5.59000 -1.60000 -4.11000 0.00000 -0.70711 -0.70711 0.58320 0.68220 1 0 1.0
bag_accent
0 5.55000 -1.56000 -4.15000 0.00000 -0.70711 -0.70711 0.57600 0.67500 1 0 1.0
0 5.59000 -1.60000 -4.11000 0.00000 -0.70711 -0.70711 0.58320 0.68220 1 0 1.0
0 5.55000 -1.60000 -4.11000 0.00000 -0.70711 -0.70711 0.57600 0.68220 1 0 1.0
bag_accent
0 5.59000 -1.56000 -3.25000 0.00000 -0.70711 0.70711 0.58320 0.83700 1 0 1.0
0 5.55000 -1.56000 -3.25000 0.00000 -0.70711 0.70711 0.57600 0.83700 1 0 1.0
0 5.55000 -1.60000 -3.29000 0.00000 -0.70711 0.70711 0.57600 0.82980 1 0 1.0
bag_accent
0 5.59000 -1.56000 -3.25000 0.00000 -0.70711 0.70711 0.58320 0.83700 1 0 1.0
0 5.55000 -1.60000 -3.29000 0.00000 -0.70711 0.70711 0.57600 0.82980 1 0 1.0
0 5.59000 -1.60000 -3.29000 0.00000 -0.70711 0.70711 0.58320 0.82980 1 0 1.0
bag_accent
0 5.55000 1.56000 -4.15000 0.00000 0.00000 -1.00000 0.57600 0.28080 1 0 1.0
0 5.59000 1.56000 -4.15000 0.00000 0.00000 -1.00000 0.58320 0.28080 1 0 1.0
0 5.59000 -1.56000 -4.15000 0.00000 0.00000 -1.00000 0.58320 -0.28080 1 0 1.0
bag_accent
0 5.55000 1.56000 -4.15000 0.00000 0.00000 -1.00000 0.57600 0.28080 1 0 1.0
0 5.59000 -1.56000 -4.15000 0.00000 0.00000 -1.00000 0.58320 -0.28080 1 0 1.0
0 5.55000 -1.56000 -4.15000 0.00000 0.00000 -1.00000 0.57600 -0.28080 1 0 1.0
bag_accent
0 5.51000 -1.56000 -4.11000 -1.00000 0.00000 0.00000 -0.28080 0.68220 1 0 1.0
0 5.51000 -1.56000 -3.29000 -1.00000 0.00000 0.00000 -0.28080 0.82980 1 0 1.0
0 5.51000 1.56000 -3.29000 -1.00000 0.00000 0.00000 0.28080 0.82980 1 0 1.0
bag_accent
0 5.51000 -1.56000 -4.11000 -1.00000 0.00000 0.00000 -0.28080 0.68220 1 0 1.0
0 5.51000 1.56000 -3.29000 -1.00000 0.00000 0.00000 0.28080 0.82980 1 0 1.0
0 5.51000 1.56000 -4.11000 -1.00000 0.00000 0.00000 0.28080 0.68220 1 0 1.0
bag_accent
0 5.59000 -1.60000 -4.11000 0.00000 -1.00000 0.00000 0.58320 0.68220 1 0 1.0
0 5.59000 -1.60000 -3.29000 0.00000 -1.00000 0.00000 0.58320 0.82980 1 0 1.0
0 5.55000 -1.60000 -3.29000 0.00000 -1.00000 0.00000 0.57600 0.82980 1 0 1.0
bag_accent
0 5.59000 -1.60000 -4.11000 0.00000 -1.00000 0.00000 0.58320 0.68220 1 0 1.0
0 5.55000 -1.60000 -3.29000 0.00000 -1.00000 0.00000 0.57600 0.82980 1 0 1.0
0 5.55000 -1.60000 -4.11000 0.00000 -1.00000 0.00000 0.57600 0.68220 1 0 1.0
bag_accent
0 5.59000 1.56000 -3.25000 0.00000 0.00000 1.00000 0.58320 0.28080 1 0 1.0
0 5.55000 1.56000 -3.25000 0.00000 0.00000 1.00000 0.57600 0.28080 1 0 1.0
0 5.55000 -1.56000 -3.25000 0.00000 0.00000 1.00000 0.57600 -0.28080 1 0 1.0
bag_accent
0 5.59000 1.56000 -3.25000 0.00000 0.00000 1.00000 0.58320 0.28080 1 0 1.0
0 5.55000 -1.56000 -3.25000 0.00000 0.00000 1.00000 0.57600 -0.28080 1 0 1.0
0 5.59000 -1.56000 -3.25000 0.00000 0.00000 1.00000 0.58320 -0.28080 1 0 1.0
bag_accent
0 5.55000 1.60000 -4.11000 0.00000 1.00000 0.00000 0.57600 0.68220 1 0 1.0
0 5.55000 1.60000 -3.29000 0.00000 1.00000 0.00000 0.57600 0.82980 1 0 1.0
0 5.59000 1.60000 -3.29000 0.00000 1.00000 0.00000 0.58320 0.82980 1 0 1.0
bag_accent
0 5.55000 1.60000 -4.11000 0.00000 1.00000 0.00000 0.57600 0.68220 1 0 1.0
0 5.59000 1.60000 -3.29000 0.00000 1.00000 0.00000 0.58320 0.82980 1 0 1.0
0 5.59000 1.60000 -4.11000 0.00000 1.00000 0.00000 0.58320 0.68220 1 0 1.0
bag_accent
0 5.63000 1.56000 -4.11000 1.00000 0.00000 0.00000 0.28080 0.68220 1 0 1.0
0 5.63000 1.56000 -3.29000 1.00000 0.00000 0.00000 0.28080 0.82980 1 0 1.0
0 5.63000 -1.56000 -3.29000 1.00000 0.00000 0.00000 -0.28080 0.82980 1 0 1.0
bag_accent
0 5.63000 1.56000 -4.11000 1.00000 0.00000 0.00000 0.28080 0.68220 1 0 1.0
0 5.63000 -1.56000 -3.29000 1.00000 0.00000 0.00000 -0.28080 0.82980 1 0 1.0
0 5.63000 -1.56000 -4.11000 1.00000 0.00000 0.00000 -0.28080 0.68220 1 0 1.0
end
