version 1
nodes
0 "root" -1
end
skeleton
time 0
0 0 0 0 0 0 0
end
triangles
bag_fabric
0 -1.15000 -4.40000 -10.00000 -0.21944 -0.19034 -0.95688 -0.13800 -0.52800 1 0 1.0
0 -1.15000 -5.39498 -9.80209 -0.21944 -0.19034 -0.95688 -0.13800 -0.64740 1 0 1.0
0 -2.16991 -5.41991 -9.56323 -0.21944 -0.19034 -0.95688 -0.26039 -0.65039 1 0 1.0
bag_fabric
0 -1.15000 -4.40000 -10.00000 -0.19034 -0.21944 -0.95688 -0.13800 -0.52800 1 0 1.0
0 -2.16991 -5.41991 -9.56323 -0.19034 -0.21944 -0.95688 -0.26039 -0.65039 1 0 1.0
0 -2.14498 -4.40000 -9.80209 -0.19034 -0.21944 -0.95688 -0.25740 -0.52800 1 0 1.0
bag_fabric
0 -1.15000 -5.39498 -9.80209 -0.18611 -0.54586 -0.81694 -0.13800 -0.64740 1 0 1.0
0 -1.15000 -6.23848 -9.23848 -0.18611 -0.54586 -0.81694 -0.13800 -0.74862 1 0 1.0
0 -2.11816 -6.10626 -9.10626 -0.18611 -0.54586 -0.81694 -0.25418 -0.73275 1 0 1.0
bag_fabric
0 -1.15000 -5.39498 -9.80209 -0.17685 -0.55467 -0.81306 -0.13800 -0.64740 1 0 1.0
0 -2.11816 -6.10626 -9.10626 -0.17685 -0.55467 -0.81306 -0.25418 -0.73275 1 0 1.0
0 -2.16991 -5.41991 -9.56323 -0.17685 -0.55467 -0.81306 -0.26039 -0.65039 1 0 1.0
bag_fabric
0 -2.14498 -4.40000 -9.80209 -0.55467 -0.17685 -0.81306 -0.25740 -0.52800 1 0 1.0
0 -2.16991 -5.41991 -9.56323 -0.55467 -0.17685 -0.81306 -0.26039 -0.65039 1 0 1.0
0 -2.85626 -5.36816 -9.10626 -0.55467 -0.17685 -0.81306 -0.34275 -0.64418 1 0 1.0
bag_fabric
0 -2.14498 -4.40000 -9.80209 -0.54586 -0.18611 -0.81694 -0.25740 -0.52800 1 0 1.0
0 -2.85626 -5.36816 -9.10626 -0.54586 -0.18611 -0.81694 -0.34275 -0.64418 1 0 1.0
0 -2.98848 -4.40000 -9.23848 -0.54586 -0.18611 -0.81694 -0.35862 -0.52800 1 0 1.0
bag_fabric
0 -2.16991 -5.41991 -9.56323 -0.47314 -0.51268 -0.71645 -0.26039 -0.65039 1 0 1.0
0 -2.11816 -6.10626 -9.10626 -0.47314 -0.51268 -0.71645 -0.25418 -0.73275 1 0 1.0
0 -2.65111 -5.90111 -8.90111 -0.47314 -0.51268 -0.71645 -0.31813 -0.70813 1 0 1.0
bag_fabric
0 -2.16991 -5.41991 -9.56323 -0.51268 -0.47314 -0.71645 -0.26039 -0.65039 1 0 1.0
0 -2.65111 -5.90111 -8.90111 -0.51268 -0.47314 -0.71645 -0.31813 -0.70813 1 0 1.0
0 -2.85626 -5.36816 -9.10626 -0.51268 -0.47314 -0.71645 -0.34275 -0.64418 1 0 1.0
bag_fabric
0 -1.15000 -7.00000 -7.40000 -0.19034 -0.95688 -0.21944 -0.13800 -0.88800 1 0 1.0
0 -2.14498 -6.80209 -7.40000 -0.19034 -0.95688 -0.21944 -0.25740 -0.88800 1 0 1.0
0 -2.16991 -6.56323 -8.41991 -0.19034 -0.95688 -0.21944 -0.26039 -1.01039 1 0 1.0
bag_fabric
0 -1.15000 -7.00000 -7.40000 -0.21944 -0.95688 -0.19034 -0.13800 -0.88800 1 0 1.0
0 -2.16991 -6.56323 -8.41991 -0.21944 -0.95688 -0.19034 -0.26039 -1.01039 1 0 1.0
0 -1.15000 -6.80209 -8.39498 -0.21944 -0.95688 -0.19034 -0.13800 -1.00740 1 0 1.0
bag_fabric
0 -2.14498 -6.80209 -7.40000 -0.54586 -0.81694 -0.18611 -0.25740 -0.88800 1 0 1.0
0 -2.98848 -6.23848 -7.40000 -0.54586 -0.81694 -0.18611 -0.35862 -0.88800 1 0 1.0
0 -2.85626 -6.10626 -8.36816 -0.54586 -0.81694 -0.18611 -0.34275 -1.00418 1 0 1.0
bag_fabric
0 -2.14498 -6.80209 -7.40000 -0.55467 -0.81306 -0.17685 -0.25740 -0.88800 1 0 1.0
0 -2.85626 -6.10626 -8.36816 -0.55467 -0.81306 -0.17685 -0.34275 -1.00418 1 0 1.0
0 -2.16991 -6.56323 -8.41991 -0.55467 -0.81306 -0.17685 -0.26039 -1.01039 1 0 1.0
bag_fabric
0 -1.15000 -6.80209 -8.39498 -0.17685 -0.81306 -0.55467 -0.13800 -1.00740 1 0 1.0
0 -2.16991 -6.56323 -8.41991 -0.17685 -0.81306 -0.55467 -0.26039 -1.01039 1 0 1.0
0 -2.11816 -6.10626 -9.10626 -0.17685 -0.81306 -0.55467 -0.25418 -1.09275 1 0 1.0
bag_fabric
0 -1.15000 -6.80209 -8.39498 -0.18611 -0.81694 -0.54586 -0.13800 -1.00740 1 0 1.0
0 -2.11816 -6.10626 -9.10626 -0.18611 -0.81694 -0.54586 -0.25418 -1.09275 1 0 1.0
0 -1.15000 -6.23848 -9.23848 -0.18611 -0.81694 -0.54586 -0.13800 -1.10862 1 0 1.0
bag_fabric
0 -2.16991 -6.56323 -8.41991 -0.51268 -0.71645 -0.47314 -0.26039 -1.01039 1 0 1.0
0 -2.85626 -6.10626 -8.36816 -0.51268 -0.71645 -0.47314 -0.34275 -1.00418 1 0 1.0
0 -2.65111 -5.90111 -8.90111 -0.51268 -0.71645 -0.47314 -0.31813 -1.06813 1 0 1.0
bag_fabric
0 -2.16991 -6.56323 -8.41991 -0.47314 -0.71645 -0.51268 -0.26039 -1.01039 1 0 1.0
0 -2.65111 -5.90111 -8.90111 -0.47314 -0.71645 -0.51268 -0.31813 -1.06813 1 0 1.0
0 -2.11816 -6.10626 -9.10626 -0.47314 -0.71645 -0.51268 -0.25418 -1.09275 1 0 1.0
bag_fabric
0 -3.75000 -4.40000 -7.40000 -0.95688 -0.21944 -0.19034 -0.52800 -0.88800 1 0 1.0
0 -3.55209 -4.40000 -8.39498 -0.95688 -0.21944 -0.19034 -0.52800 -1.00740 1 0 1.0
0 -3.31323 -5.41991 -8.41991 -0.95688 -0.21944 -0.19034 -0.65039 -1.01039 1 0 1.0
bag_fabric
0 -3.75000 -4.40000 -7.40000 -0.95688 -0.19033 -0.21944 -0.52800 -0.88800 1 0 1.0
0 -3.31323 -5.41991 -8.41991 -0.95688 -0.19033 -0.21944 -0.65039 -1.01039 1 0 1.0
0 -3.55209 -5.39498 -7.40000 -0.95688 -0.19033 -0.21944 -0.64740 -0.88800 1 0 1.0
bag_fabric
0 -3.55209 -4.40000 -8.39498 -0.81694 -0.18611 -0.54586 -0.52800 -1.00740 1 0 1.0
0 -2.98848 -4.40000 -9.23848 -0.81694 -0.18611 -0.54586 -0.52800 -1.10862 1 0 1.0
0 -2.85626 -5.36816 -9.10626 -0.81694 -0.18611 -0.54586 -0.64418 -1.09275 1 0 1.0
bag_fabric
0 -3.55209 -4.40000 -8.39498 -0.81306 -0.17685 -0.55467 -0.52800 -1.00740 1 0 1.0
0 -2.85626 -5.36816 -9.10626 -0.81306 -0.17685 -0.55467 -0.64418 -1.09275 1 0 1.0
0 -3.31323 -5.41991 -8.41991 -0.81306 -0.17685 -0.55467 -0.65039 -1.01039 1 0 1.0
bag_fabric
0 -3.55209 -5.39498 -7.40000 -0.81306 -0.55467 -0.17685 -0.64740 -0.88800 1 0 1.0
0 -3.31323 -5.41991 -8.41991 -0.81306 -0.55467 -0.17685 -0.65039 -1.01039 1 0 1.0
0 -2.85626 -6.10626 -8.36816 -0.81306 -0.55467 -0.17685 -0.73275 -1.00418 1 0 1.0
bag_fabric
0 -3.55209 -5.39498 -7.40000 -0.81694 -0.54586 -0.18611 -0.64740 -0.88800 1 0 1.0
0 -2.85626 -6.10626 -8.36816 -0.81694 -0.54586 -0.18611 -0.73275 -1.00418 1 0 1.0
0 -2.98848 -6.23848 -7.40000 -0.81694 -0.54586 -0.18611 -0.74862 -0.88800 1 0 1.0
bag_fabric
0 -3.31323 -5.41991 -8.41991 -0.71645 -0.47314 -0.51268 -0.65039 -1.01039 1 0 1.0
0 -2.85626 -5.36816 -9.10626 -0.71645 -0.47314 -0.51268 -0.64418 -1.09275 1 0 1.0
0 -2.65111 -5.90111 -8.90111 -0.71645 -0.47314 -0.51268 -0.70813 -1.06813 1 0 1.0
bag_fabric
0 -3.31323 -5.41991 -8.41991 -0.71645 -0.51268 -0.47314 -0.65039 -1.01039 1 0 1.0
0 -2.65111 -5.90111 -8.90111 -0.71645 -0.51268 -0.47314 -0.70813 -1.06813 1 0 1.0
0 -2.85626 -6.10626 -8.36816 -0.71645 -0.51268 -0.47314 -0.73275 -1.00418 1 0 1.0
bag_fabric
0 -1.15000 -7.00000 7.40000 -0.21944 -0.95688 0.19034 -0.13800 0.88800 1 0 1.0
0 -1.15000 -6.80209 8.39498 -0.21944 -0.95688 0.19034 -0.13800 1.00740 1 0 1.0
0 -2.16991 -6.56323 8.41991 -0.21944 -0.95688 0.19034 -0.26039 1.01039 1 0 1.0
bag_fabric
0 -1.15000 -7.00000 7.40000 -0.19034 -0.95688 0.21944 -0.13800 0.88800 1 0 1.0
0 -2.16991 -6.56323 8.41991 -0.19034 -0.95688 0.21944 -0.26039 1.01039 1 0 1.0
0 -2.14498 -6.80209 7.40000 -0.19034 -0.95688 0.21944 -0.25740 0.88800 1 0 1.0
bag_fabric
0 -1.15000 -6.80209 8.39498 -0.18611 -0.81694 0.54586 -0.13800 1.00740 1 0 1.0
0 -1.15000 -6.23848 9.23848 -0.18611 -0.81694 0.54586 -0.13800 1.10862 1 0 1.0
0 -2.11816 -6.10626 9.10626 -0.18611 -0.81694 0.54586 -0.25418 1.09275 1 0 1.0
bag_fabric
0 -1.15000 -6.80209 8.39498 -0.17685 -0.81306 0.55467 -0.13800 1.00740 1 0 1.0
0 -2.11816 -6.10626 9.10626 -0.17685 -0.81306 0.55467 -0.25418 1.09275 1 0 1.0
0 -2.16991 -6.56323 8.41991 -0.17685 -0.81306 0.55467 -0.26039 1.01039 1 0 1.0
bag_fabric
0 -2.14498 -6.80209 7.40000 -0.55467 -0.81306 0.17685 -0.25740 0.88800 1 0 1.0
0 -2.16991 -6.56323 8.41991 -0.55467 -0.81306 0.17685 -0.26039 1.01039 1 0 1.0
0 -2.85626 -6.10626 8.36816 -0.55467 -0.81306 0.17685 -0.34275 1.00418 1 0 1.0
bag_fabric
0 -2.14498 -6.80209 7.40000 -0.54586 -0.81694 0.18611 -0.25740 0.88800 1 0 1.0
0 -2.85626 -6.10626 8.36816 -0.54586 -0.81694 0.18611 -0.34275 1.00418 1 0 1.0
0 -2.98848 -6.23848 7.40000 -0.54586 -0.81694 0.18611 -0.35862 0.88800 1 0 1.0
bag_fabric
0 -2.16991 -6.56323 8.41991 -0.47314 -0.71645 0.51268 -0.26039 1.01039 1 0 1.0
0 -2.11816 -6.10626 9.10626 -0.47314 -0.71645 0.51268 -0.25418 1.09275 1 0 1.0
0 -2.65111 -5.90111 8.90111 -0.47314 -0.71645 0.51268 -0.31813 1.06813 1 0 1.0
bag_fabric
0 -2.16991 -6.56323 8.41991 -0.51268 -0.71645 0.47314 -0.26039 1.01039 1 0 1.0
0 -2.65111 -5.90111 8.90111 -0.51268 -0.71645 0.47314 -0.31813 1.06813 1 0 1.0
0 -2.85626 -6.10626 8.36816 -0.51268 -0.71645 0.47314 -0.34275 1.00418 1 0 1.0
bag_fabric
0 -1.15000 -4.40000 10.00000 -0.19034 -0.21944 0.95688 -0.13800 -0.52800 1 0 1.0
0 -2.14498 -4.40000 9.80209 -0.19034 -0.21944 0.95688 -0.25740 -0.52800 1 0 1.0
0 -2.16991 -5.41991 9.56323 -0.19034 -0.21944 0.95688 -0.26039 -0.65039 1 0 1.0
bag_fabric
0 -1.15000 -4.40000 10.00000 -0.21944 -0.19034 0.95688 -0.13800 -0.52800 1 0 1.0
0 -2.16991 -5.41991 9.56323 -0.21944 -0.19034 0.95688 -0.26039 -0.65039 1 0 1.0
0 -1.15000 -5.39498 9.80209 -0.21944 -0.19034 0.95688 -0.13800 -0.64740 1 0 1.0
bag_fabric
0 -2.14498 -4.40000 9.80209 -0.54586 -0.18611 0.81694 -0.25740 -0.52800 1 0 1.0
0 -2.98848 -4.40000 9.23848 -0.54586 -0.18611 0.81694 -0.35862 -0.52800 1 0 1.0
0 -2.85626 -5.36816 9.10626 -0.54586 -0.18611 0.81694 -0.34275 -0.64418 1 0 1.0
bag_fabric
0 -2.14498 -4.40000 9.80209 -0.55467 -0.17685 0.81306 -0.25740 -0.52800 1 0 1.0
0 -2.85626 -5.36816 9.10626 -0.55467 -0.17685 0.81306 -0.34275 -0.64418 1 0 1.0
0 -2.16991 -5.41991 9.56323 -0.55467 -0.17685 0.81306 -0.26039 -0.65039 1 0 1.0
bag_fabric
0 -1.15000 -5.39498 9.80209 -0.17685 -0.55467 0.81306 -0.13800 -0.64740 1 0 1.0
0 -2.16991 -5.41991 9.56323 -0.17685 -0.55467 0.81306 -0.26039 -0.65039 1 0 1.0
0 -2.11816 -6.10626 9.10626 -0.17685 -0.55467 0.81306 -0.25418 -0.73275 1 0 1.0
bag_fabric
0 -1.15000 -5.39498 9.80209 -0.18611 -0.54586 0.81694 -0.13800 -0.64740 1 0 1.0
0 -2.11816 -6.10626 9.10626 -0.18611 -0.54586 0.81694 -0.25418 -0.73275 1 0 1.0
0 -1.15000 -6.23848 9.23848 -0.18611 -0.54586 0.81694 -0.13800 -0.74862 1 0 1.0
bag_fabric
0 -2.16991 -5.41991 9.56323 -0.51268 -0.47314 0.71645 -0.26039 -0.65039 1 0 1.0
0 -2.85626 -5.36816 9.10626 -0.51268 -0.47314 0.71645 -0.34275 -0.64418 1 0 1.0
0 -2.65111 -5.90111 8.90111 -0.51268 -0.47314 0.71645 -0.31813 -0.70813 1 0 1.0
bag_fabric
0 -2.16991 -5.41991 9.56323 -0.47314 -0.51268 0.71645 -0.26039 -0.65039 1 0 1.0
0 -2.65111 -5.90111 8.90111 -0.47314 -0.51268 0.71645 -0.31813 -0.70813 1 0 1.0
0 -2.11816 -6.10626 9.10626 -0.47314 -0.51268 0.71645 -0.25418 -0.73275 1 0 1.0
bag_fabric
0 -3.75000 -4.40000 7.40000 -0.95688 -0.19033 0.21944 -0.52800 0.88800 1 0 1.0
0 -3.55209 -5.39498 7.40000 -0.95688 -0.19033 0.21944 -0.64740 0.88800 1 0 1.0
0 -3.31323 -5.41991 8.41991 -0.95688 -0.19033 0.21944 -0.65039 1.01039 1 0 1.0
bag_fabric
0 -3.75000 -4.40000 7.40000 -0.95688 -0.21944 0.19033 -0.52800 0.88800 1 0 1.0
0 -3.31323 -5.41991 8.41991 -0.95688 -0.21944 0.19033 -0.65039 1.01039 1 0 1.0
0 -3.55209 -4.40000 8.39498 -0.95688 -0.21944 0.19033 -0.52800 1.00740 1 0 1.0
bag_fabric
0 -3.55209 -5.39498 7.40000 -0.81694 -0.54586 0.18611 -0.64740 0.88800 1 0 1.0
0 -2.98848 -6.23848 7.40000 -0.81694 -0.54586 0.18611 -0.74862 0.88800 1 0 1.0
0 -2.85626 -6.10626 8.36816 -0.81694 -0.54586 0.18611 -0.73275 1.00418 1 0 1.0
bag_fabric
0 -3.55209 -5.39498 7.40000 -0.81306 -0.55467 0.17685 -0.64740 0.88800 1 0 1.0
0 -2.85626 -6.10626 8.36816 -0.81306 -0.55467 0.17685 -0.73275 1.00418 1 0 1.0
0 -3.31323 -5.41991 8.41991 -0.81306 -0.55467 0.17685 -0.65039 1.01039 1 0 1.0
bag_fabric
0 -3.55209 -4.40000 8.39498 -0.81306 -0.17685 0.55467 -0.52800 1.00740 1 0 1.0
0 -3.31323 -5.41991 8.41991 -0.81306 -0.17685 0.55467 -0.65039 1.01039 1 0 1.0
0 -2.85626 -5.36816 9.10626 -0.81306 -0.17685 0.55467 -0.64418 1.09275 1 0 1.0
bag_fabric
0 -3.55209 -4.40000 8.39498 -0.81694 -0.18611 0.54586 -0.52800 1.00740 1 0 1.0
0 -2.85626 -5.36816 9.10626 -0.81694 -0.18611 0.54586 -0.64418 1.09275 1 0 1.0
0 -2.98848 -4.40000 9.23848 -0.81694 -0.18611 0.54586 -0.52800 1.10862 1 0 1.0
bag_fabric
0 -3.31323 -5.41991 8.41991 -0.71645 -0.51268 0.47314 -0.65039 1.01039 1 0 1.0
0 -2.85626 -6.10626 8.36816 -0.71645 -0.51268 0.47314 -0.73275 1.00418 1 0 1.0
0 -2.65111 -5.90111 8.90111 -0.71645 -0.51268 0.47314 -0.70813 1.06813 1 0 1.0
bag_fabric
0 -3.31323 -5.41991 8.41991 -0.71645 -0.47314 0.51268 -0.65039 1.01039 1 0 1.0
0 -2.65111 -5.90111 8.90111 -0.71645 -0.47314 0.51268 -0.70813 1.06813 1 0 1.0
0 -2.85626 -5.36816 9.10626 -0.71645 -0.47314 0.51268 -0.64418 1.09275 1 0 1.0
bag_fabric
0 -1.15000 4.40000 -10.00000 -0.19034 0.21944 -0.95688 -0.13800 0.52800 1 0 1.0
0 -2.14498 4.40000 -9.80209 -0.19034 0.21944 -0.95688 -0.25740 0.52800 1 0 1.0
0 -2.16991 5.41991 -9.56323 -0.19034 0.21944 -0.95688 -0.26039 0.65039 1 0 1.0
bag_fabric
0 -1.15000 4.40000 -10.00000 -0.21944 0.19033 -0.95688 -0.13800 0.52800 1 0 1.0
0 -2.16991 5.41991 -9.56323 -0.21944 0.19033 -0.95688 -0.26039 0.65039 1 0 1.0
0 -1.15000 5.39498 -9.80209 -0.21944 0.19033 -0.95688 -0.13800 0.64740 1 0 1.0
bag_fabric
0 -2.14498 4.40000 -9.80209 -0.54586 0.18611 -0.81694 -0.25740 0.52800 1 0 1.0
0 -2.98848 4.40000 -9.23848 -0.54586 0.18611 -0.81694 -0.35862 0.52800 1 0 1.0
0 -2.85626 5.36816 -9.10626 -0.54586 0.18611 -0.81694 -0.34275 0.64418 1 0 1.0
bag_fabric
0 -2.14498 4.40000 -9.80209 -0.55467 0.17685 -0.81306 -0.25740 0.52800 1 0 1.0
0 -2.85626 5.36816 -9.10626 -0.55467 0.17685 -0.81306 -0.34275 0.64418 1 0 1.0
0 -2.16991 5.41991 -9.56323 -0.55467 0.17685 -0.81306 -0.26039 0.65039 1 0 1.0
bag_fabric
0 -1.15000 5.39498 -9.80209 -0.17685 0.55467 -0.81306 -0.13800 0.64740 1 0 1.0
0 -2.16991 5.41991 -9.56323 -0.17685 0.55467 -0.81306 -0.26039 0.65039 1 0 1.0
0 -2.11816 6.10626 -9.10626 -0.17685 0.55467 -0.81306 -0.25418 0.73275 1 0 1.0
bag_fabric
0 -1.15000 5.39498 -9.80209 -0.18611 0.54586 -0.81694 -0.13800 0.64740 1 0 1.0
0 -2.11816 6.10626 -9.10626 -0.18611 0.54586 -0.81694 -0.25418 0.73275 1 0 1.0
0 -1.15000 6.23848 -9.23848 -0.18611 0.54586 -0.81694 -0.13800 0.74862 1 0 1.0
bag_fabric
0 -2.16991 5.41991 -9.56323 -0.51268 0.47314 -0.71645 -0.26039 0.65039 1 0 1.0
0 -2.85626 5.36816 -9.10626 -0.51268 0.47314 -0.71645 -0.34275 0.64418 1 0 1.0
0 -2.65111 5.90111 -8.90111 -0.51268 0.47314 -0.71645 -0.31813 0.70813 1 0 1.0
bag_fabric
0 -2.16991 5.41991 -9.56323 -0.47314 0.51268 -0.71645 -0.26039 0.65039 1 0 1.0
0 -2.65111 5.90111 -8.90111 -0.47314 0.51268 -0.71645 -0.31813 0.70813 1 0 1.0
0 -2.11816 6.10626 -9.10626 -0.47314 0.51268 -0.71645 -0.25418 0.73275 1 0 1.0
bag_fabric
0 -3.75000 4.40000 -7.40000 -0.95688 0.19033 -0.21944 0.52800 -0.88800 1 0 1.0
0 -3.55209 5.39498 -7.40000 -0.95688 0.19033 -0.21944 0.64740 -0.88800 1 0 1.0
0 -3.31323 5.41991 -8.41991 -0.95688 0.19033 -0.21944 0.65039 -1.01039 1 0 1.0
bag_fabric
0 -3.75000 4.40000 -7.40000 -0.95688 0.21944 -0.19033 0.52800 -0.88800 1 0 1.0
0 -3.31323 5.41991 -8.41991 -0.95688 0.21944 -0.19033 0.65039 -1.01039 1 0 1.0
0 -3.55209 4.40000 -8.39498 -0.95688 0.21944 -0.19033 0.52800 -1.00740 1 0 1.0
bag_fabric
0 -3.55209 5.39498 -7.40000 -0.81694 0.54586 -0.18611 0.64740 -0.88800 1 0 1.0
0 -2.98848 6.23848 -7.40000 -0.81694 0.54586 -0.18611 0.74862 -0.88800 1 0 1.0
0 -2.85626 6.10626 -8.36816 -0.81694 0.54586 -0.18611 0.73275 -1.00418 1 0 1.0
bag_fabric
0 -3.55209 5.39498 -7.40000 -0.81306 0.55467 -0.17685 0.64740 -0.88800 1 0 1.0
0 -2.85626 6.10626 -8.36816 -0.81306 0.55467 -0.17685 0.73275 -1.00418 1 0 1.0
0 -3.31323 5.41991 -8.41991 -0.81306 0.55467 -0.17685 0.65039 -1.01039 1 0 1.0
bag_fabric
0 -3.55209 4.40000 -8.39498 -0.81306 0.17685 -0.55466 0.52800 -1.00740 1 0 1.0
0 -3.31323 5.41991 -8.41991 -0.81306 0.17685 -0.55466 0.65039 -1.01039 1 0 1.0
0 -2.85626 5.36816 -9.10626 -0.81306 0.17685 -0.55466 0.64418 -1.09275 1 0 1.0
bag_fabric
0 -3.55209 4.40000 -8.39498 -0.81694 0.18611 -0.54586 0.52800 -1.00740 1 0 1.0
0 -2.85626 5.36816 -9.10626 -0.81694 0.18611 -0.54586 0.64418 -1.09275 1 0 1.0
0 -2.98848 4.40000 -9.23848 -0.81694 0.18611 -0.54586 0.52800 -1.10862 1 0 1.0
bag_fabric
0 -3.31323 5.41991 -8.41991 -0.71645 0.51268 -0.47314 0.65039 -1.01039 1 0 1.0
0 -2.85626 6.10626 -8.36816 -0.71645 0.51268 -0.47314 0.73275 -1.00418 1 0 1.0
0 -2.65111 5.90111 -8.90111 -0.71645 0.51268 -0.47314 0.70813 -1.06813 1 0 1.0
bag_fabric
0 -3.31323 5.41991 -8.41991 -0.71645 0.47314 -0.51268 0.65039 -1.01039 1 0 1.0
0 -2.65111 5.90111 -8.90111 -0.71645 0.47314 -0.51268 0.70813 -1.06813 1 0 1.0
0 -2.85626 5.36816 -9.10626 -0.71645 0.47314 -0.51268 0.64418 -1.09275 1 0 1.0
bag_fabric
0 -1.15000 7.00000 -7.40000 -0.21944 0.95688 -0.19034 -0.13800 -0.88800 1 0 1.0
0 -1.15000 6.80209 -8.39498 -0.21944 0.95688 -0.19034 -0.13800 -1.00740 1 0 1.0
0 -2.16991 6.56323 -8.41991 -0.21944 0.95688 -0.19034 -0.26039 -1.01039 1 0 1.0
bag_fabric
0 -1.15000 7.00000 -7.40000 -0.19034 0.95688 -0.21944 -0.13800 -0.88800 1 0 1.0
0 -2.16991 6.56323 -8.41991 -0.19034 0.95688 -0.21944 -0.26039 -1.01039 1 0 1.0
0 -2.14498 6.80209 -7.40000 -0.19034 0.95688 -0.21944 -0.25740 -0.88800 1 0 1.0
bag_fabric
0 -1.15000 6.80209 -8.39498 -0.18611 0.81694 -0.54586 -0.13800 -1.00740 1 0 1.0
0 -1.15000 6.23848 -9.23848 -0.18611 0.81694 -0.54586 -0.13800 -1.10862 1 0 1.0
0 -2.11816 6.10626 -9.10626 -0.18611 0.81694 -0.54586 -0.25418 -1.09275 1 0 1.0
bag_fabric
0 -1.15000 6.80209 -8.39498 -0.17685 0.81306 -0.55466 -0.13800 -1.00740 1 0 1.0
0 -2.11816 6.10626 -9.10626 -0.17685 0.81306 -0.55466 -0.25418 -1.09275 1 0 1.0
0 -2.16991 6.56323 -8.41991 -0.17685 0.81306 -0.55466 -0.26039 -1.01039 1 0 1.0
bag_fabric
0 -2.14498 6.80209 -7.40000 -0.55467 0.81306 -0.17685 -0.25740 -0.88800 1 0 1.0
0 -2.16991 6.56323 -8.41991 -0.55467 0.81306 -0.17685 -0.26039 -1.01039 1 0 1.0
0 -2.85626 6.10626 -8.36816 -0.55467 0.81306 -0.17685 -0.34275 -1.00418 1 0 1.0
bag_fabric
0 -2.14498 6.80209 -7.40000 -0.54586 0.81694 -0.18611 -0.25740 -0.88800 1 0 1.0
0 -2.85626 6.10626 -8.36816 -0.54586 0.81694 -0.18611 -0.34275 -1.00418 1 0 1.0
0 -2.98848 6.23848 -7.40000 -0.54586 0.81694 -0.18611 -0.35862 -0.88800 1 0 1.0
bag_fabric
0 -2.16991 6.56323 -8.41991 -0.47314 0.71645 -0.51268 -0.26039 -1.01039 1 0 1.0
0 -2.11816 6.10626 -9.10626 -0.47314 0.71645 -0.51268 -0.25418 -1.09275 1 0 1.0
0 -2.65111 5.90111 -8.90111 -0.47314 0.71645 -0.51268 -0.31813 -1.06813 1 0 1.0
bag_fabric
0 -2.16991 6.56323 -8.41991 -0.51268 0.71645 -0.47314 -0.26039 -1.01039 1 0 1.0
0 -2.65111 5.90111 -8.90111 -0.51268 0.71645 -0.47314 -0.31813 -1.06813 1 0 1.0
0 -2.85626 6.10626 -8.36816 -0.51268 0.71645 -0.47314 -0.34275 -1.00418 1 0 1.0
bag_fabric
0 -1.15000 4.40000 10.00000 -0.21944 0.19034 0.95688 -0.13800 0.52800 1 0 1.0
0 -1.15000 5.39498 9.80209 -0.21944 0.19034 0.95688 -0.13800 0.64740 1 0 1.0
0 -2.16991 5.41991 9.56323 -0.21944 0.19034 0.95688 -0.26039 0.65039 1 0 1.0
bag_fabric
0 -1.15000 4.40000 10.00000 -0.19034 0.21944 0.95688 -0.13800 0.52800 1 0 1.0
0 -2.16991 5.41991 9.56323 -0.19034 0.21944 0.95688 -0.26039 0.65039 1 0 1.0
0 -2.14498 4.40000 9.80209 -0.19034 0.21944 0.95688 -0.25740 0.52800 1 0 1.0
bag_fabric
0 -1.15000 5.39498 9.80209 -0.18611 0.54586 0.81694 -0.13800 0.64740 1 0 1.0
0 -1.15000 6.23848 9.23848 -0.18611 0.54586 0.81694 -0.13800 0.74862 1 0 1.0
0 -2.11816 6.10626 9.10626 -0.18611 0.54586 0.81694 -0.25418 0.73275 1 0 1.0
bag_fabric
0 -1.15000 5.39498 9.80209 -0.17685 0.55467 0.81306 -0.13800 0.64740 1 0 1.0
0 -2.11816 6.10626 9.10626 -0.17685 0.55467 0.81306 -0.25418 0.73275 1 0 1.0
0 -2.16991 5.41991 9.56323 -0.17685 0.55467 0.81306 -0.26039 0.65039 1 0 1.0
bag_fabric
0 -2.14498 4.40000 9.80209 -0.55467 0.17685 0.81306 -0.25740 0.52800 1 0 1.0
0 -2.16991 5.41991 9.56323 -0.55467 0.17685 0.81306 -0.26039 0.65039 1 0 1.0
0 -2.85626 5.36816 9.10626 -0.55467 0.17685 0.81306 -0.34275 0.64418 1 0 1.0
bag_fabric
0 -2.14498 4.40000 9.80209 -0.54586 0.18611 0.81694 -0.25740 0.52800 1 0 1.0
0 -2.85626 5.36816 9.10626 -0.54586 0.18611 0.81694 -0.34275 0.64418 1 0 1.0
0 -2.98848 4.40000 9.23848 -0.54586 0.18611 0.81694 -0.35862 0.52800 1 0 1.0
bag_fabric
0 -2.16991 5.41991 9.56323 -0.47314 0.51268 0.71645 -0.26039 0.65039 1 0 1.0
0 -2.11816 6.10626 9.10626 -0.47314 0.51268 0.71645 -0.25418 0.73275 1 0 1.0
0 -2.65111 5.90111 8.90111 -0.47314 0.51268 0.71645 -0.31813 0.70813 1 0 1.0
bag_fabric
0 -2.16991 5.41991 9.56323 -0.51268 0.47314 0.71645 -0.26039 0.65039 1 0 1.0
0 -2.65111 5.90111 8.90111 -0.51268 0.47314 0.71645 -0.31813 0.70813 1 0 1.0
0 -2.85626 5.36816 9.10626 -0.51268 0.47314 0.71645 -0.34275 0.64418 1 0 1.0
bag_fabric
0 -1.15000 7.00000 7.40000 -0.19034 0.95688 0.21944 -0.13800 0.88800 1 0 1.0
0 -2.14498 6.80209 7.40000 -0.19034 0.95688 0.21944 -0.25740 0.88800 1 0 1.0
0 -2.16991 6.56323 8.41991 -0.19034 0.95688 0.21944 -0.26039 1.01039 1 0 1.0
bag_fabric
0 -1.15000 7.00000 7.40000 -0.21944 0.95688 0.19034 -0.13800 0.88800 1 0 1.0
0 -2.16991 6.56323 8.41991 -0.21944 0.95688 0.19034 -0.26039 1.01039 1 0 1.0
0 -1.15000 6.80209 8.39498 -0.21944 0.95688 0.19034 -0.13800 1.00740 1 0 1.0
bag_fabric
0 -2.14498 6.80209 7.40000 -0.54586 0.81694 0.18611 -0.25740 0.88800 1 0 1.0
0 -2.98848 6.23848 7.40000 -0.54586 0.81694 0.18611 -0.35862 0.88800 1 0 1.0
0 -2.85626 6.10626 8.36816 -0.54586 0.81694 0.18611 -0.34275 1.00418 1 0 1.0
bag_fabric
0 -2.14498 6.80209 7.40000 -0.55467 0.81306 0.17685 -0.25740 0.88800 1 0 1.0
0 -2.85626 6.10626 8.36816 -0.55467 0.81306 0.17685 -0.34275 1.00418 1 0 1.0
0 -2.16991 6.56323 8.41991 -0.55467 0.81306 0.17685 -0.26039 1.01039 1 0 1.0
bag_fabric
0 -1.15000 6.80209 8.39498 -0.17685 0.81306 0.55467 -0.13800 1.00740 1 0 1.0
0 -2.16991 6.56323 8.41991 -0.17685 0.81306 0.55467 -0.26039 1.01039 1 0 1.0
0 -2.11816 6.10626 9.10626 -0.17685 0.81306 0.55467 -0.25418 1.09275 1 0 1.0
bag_fabric
0 -1.15000 6.80209 8.39498 -0.18611 0.81694 0.54586 -0.13800 1.00740 1 0 1.0
0 -2.11816 6.10626 9.10626 -0.18611 0.81694 0.54586 -0.25418 1.09275 1 0 1.0
0 -1.15000 6.23848 9.23848 -0.18611 0.81694 0.54586 -0.13800 1.10862 1 0 1.0
bag_fabric
0 -2.16991 6.56323 8.41991 -0.51268 0.71645 0.47314 -0.26039 1.01039 1 0 1.0
0 -2.85626 6.10626 8.36816 -0.51268 0.71645 0.47314 -0.34275 1.00418 1 0 1.0
0 -2.65111 5.90111 8.90111 -0.51268 0.71645 0.47314 -0.31813 1.06813 1 0 1.0
bag_fabric
0 -2.16991 6.56323 8.41991 -0.47314 0.71645 0.51268 -0.26039 1.01039 1 0 1.0
0 -2.65111 5.90111 8.90111 -0.47314 0.71645 0.51268 -0.31813 1.06813 1 0 1.0
0 -2.11816 6.10626 9.10626 -0.47314 0.71645 0.51268 -0.25418 1.09275 1 0 1.0
bag_fabric
0 -3.75000 4.40000 7.40000 -0.95688 0.21944 0.19034 0.52800 0.88800 1 0 1.0
0 -3.55209 4.40000 8.39498 -0.95688 0.21944 0.19034 0.52800 1.00740 1 0 1.0
0 -3.31323 5.41991 8.41991 -0.95688 0.21944 0.19034 0.65039 1.01039 1 0 1.0
bag_fabric
0 -3.75000 4.40000 7.40000 -0.95688 0.19033 0.21944 0.52800 0.88800 1 0 1.0
0 -3.31323 5.41991 8.41991 -0.95688 0.19033 0.21944 0.65039 1.01039 1 0 1.0
0 -3.55209 5.39498 7.40000 -0.95688 0.19033 0.21944 0.64740 0.88800 1 0 1.0
bag_fabric
0 -3.55209 4.40000 8.39498 -0.81694 0.18611 0.54586 0.52800 1.00740 1 0 1.0
0 -2.98848 4.40000 9.23848 -0.81694 0.18611 0.54586 0.52800 1.10862 1 0 1.0
0 -2.85626 5.36816 9.10626 -0.81694 0.18611 0.54586 0.64418 1.09275 1 0 1.0
bag_fabric
0 -3.55209 4.40000 8.39498 -0.81306 0.17685 0.55467 0.52800 1.00740 1 0 1.0
0 -2.85626 5.36816 9.10626 -0.81306 0.17685 0.55467 0.64418 1.09275 1 0 1.0
0 -3.31323 5.41991 8.41991 -0.81306 0.17685 0.55467 0.65039 1.01039 1 0 1.0
bag_fabric
0 -3.55209 5.39498 7.40000 -0.81306 0.55467 0.17685 0.64740 0.88800 1 0 1.0
0 -3.31323 5.41991 8.41991 -0.81306 0.55467 0.17685 0.65039 1.01039 1 0 1.0
0 -2.85626 6.10626 8.36816 -0.81306 0.55467 0.17685 0.73275 1.00418 1 0 1.0
bag_fabric
0 -3.55209 5.39498 7.40000 -0.81694 0.54586 0.18611 0.64740 0.88800 1 0 1.0
0 -2.85626 6.10626 8.36816 -0.81694 0.54586 0.18611 0.73275 1.00418 1 0 1.0
0 -2.98848 6.23848 7.40000 -0.81694 0.54586 0.18611 0.74862 0.88800 1 0 1.0
bag_fabric
0 -3.31323 5.41991 8.41991 -0.71645 0.47314 0.51268 0.65039 1.01039 1 0 1.0
0 -2.85626 5.36816 9.10626 -0.71645 0.47314 0.51268 0.64418 1.09275 1 0 1.0
0 -2.65111 5.90111 8.90111 -0.71645 0.47314 0.51268 0.70813 1.06813 1 0 1.0
bag_fabric
0 -3.31323 5.41991 8.41991 -0.71645 0.51268 0.47314 0.65039 1.01039 1 0 1.0
0 -2.65111 5.90111 8.90111 -0.71645 0.51268 0.47314 0.70813 1.06813 1 0 1.0
0 -2.85626 6.10626 8.36816 -0.71645 0.51268 0.47314 0.73275 1.00418 1 0 1.0
bag_fabric
0 1.15000 -4.40000 -10.00000 0.19034 -0.21944 -0.95688 0.13800 -0.52800 1 0 1.0
0 2.14498 -4.40000 -9.80209 0.19034 -0.21944 -0.95688 0.25740 -0.52800 1 0 1.0
0 2.16991 -5.41991 -9.56323 0.19034 -0.21944 -0.95688 0.26039 -0.65039 1 0 1.0
bag_fabric
0 1.15000 -4.40000 -10.00000 0.21944 -0.19033 -0.95688 0.13800 -0.52800 1 0 1.0
0 2.16991 -5.41991 -9.56323 0.21944 -0.19033 -0.95688 0.26039 -0.65039 1 0 1.0
0 1.15000 -5.39498 -9.80209 0.21944 -0.19033 -0.95688 0.13800 -0.64740 1 0 1.0
bag_fabric
0 2.14498 -4.40000 -9.80209 0.54586 -0.18611 -0.81694 0.25740 -0.52800 1 0 1.0
0 2.98848 -4.40000 -9.23848 0.54586 -0.18611 -0.81694 0.35862 -0.52800 1 0 1.0
0 2.85626 -5.36816 -9.10626 0.54586 -0.18611 -0.81694 0.34275 -0.64418 1 0 1.0
bag_fabric
0 2.14498 -4.40000 -9.80209 0.55467 -0.17685 -0.81306 0.25740 -0.52800 1 0 1.0
0 2.85626 -5.36816 -9.10626 0.55467 -0.17685 -0.81306 0.34275 -0.64418 1 0 1.0
0 2.16991 -5.41991 -9.56323 0.55467 -0.17685 -0.81306 0.26039 -0.65039 1 0 1.0
bag_fabric
0 1.15000 -5.39498 -9.80209 0.17685 -0.55467 -0.81306 0.13800 -0.64740 1 0 1.0
0 2.16991 -5.41991 -9.56323 0.17685 -0.55467 -0.81306 0.26039 -0.65039 1 0 1.0
0 2.11816 -6.10626 -9.10626 0.17685 -0.55467 -0.81306 0.25418 -0.73275 1 0 1.0
bag_fabric
0 1.15000 -5.39498 -9.80209 0.18611 -0.54586 -0.81694 0.13800 -0.64740 1 0 1.0
0 2.11816 -6.10626 -9.10626 0.18611 -0.54586 -0.81694 0.25418 -0.73275 1 0 1.0
0 1.15000 -6.23848 -9.23848 0.18611 -0.54586 -0.81694 0.13800 -0.74862 1 0 1.0
bag_fabric
0 2.16991 -5.41991 -9.56323 0.51268 -0.47314 -0.71645 0.26039 -0.65039 1 0 1.0
0 2.85626 -5.36816 -9.10626 0.51268 -0.47314 -0.71645 0.34275 -0.64418 1 0 1.0
0 2.65111 -5.90111 -8.90111 0.51268 -0.47314 -0.71645 0.31813 -0.70813 1 0 1.0
bag_fabric
0 2.16991 -5.41991 -9.56323 0.47314 -0.51268 -0.71645 0.26039 -0.65039 1 0 1.0
0 2.65111 -5.90111 -8.90111 0.47314 -0.51268 -0.71645 0.31813 -0.70813 1 0 1.0
0 2.11816 -6.10626 -9.10626 0.47314 -0.51268 -0.71645 0.25418 -0.73275 1 0 1.0
bag_fabric
0 3.75000 -4.40000 -7.40000 0.95688 -0.19033 -0.21944 -0.52800 -0.88800 1 0 1.0
0 3.55209 -5.39498 -7.40000 0.95688 -0.19033 -0.21944 -0.64740 -0.88800 1 0 1.0
0 3.31323 -5.41991 -8.41991 0.95688 -0.19033 -0.21944 -0.65039 -1.01039 1 0 1.0
bag_fabric
0 3.75000 -4.40000 -7.40000 0.95688 -0.21944 -0.19033 -0.52800 -0.88800 1 0 1.0
0 3.31323 -5.41991 -8.41991 0.95688 -0.21944 -0.19033 -0.65039 -1.01039 1 0 1.0
0 3.55209 -4.40000 -8.39498 0.95688 -0.21944 -0.19033 -0.52800 -1.00740 1 0 1.0
bag_fabric
0 3.55209 -5.39498 -7.40000 0.81694 -0.54586 -0.18611 -0.64740 -0.88800 1 0 1.0
0 2.98848 -6.23848 -7.40000 0.81694 -0.54586 -0.18611 -0.74862 -0.88800 1 0 1.0
0 2.85626 -6.10626 -8.36816 0.81694 -0.54586 -0.18611 -0.73275 -1.00418 1 0 1.0
bag_fabric
0 3.55209 -5.39498 -7.40000 0.81306 -0.55467 -0.17685 -0.64740 -0.88800 1 0 1.0
0 2.85626 -6.10626 -8.36816 0.81306 -0.55467 -0.17685 -0.73275 -1.00418 1 0 1.0
0 3.31323 -5.41991 -8.41991 0.81306 -0.55467 -0.17685 -0.65039 -1.01039 1 0 1.0
bag_fabric
0 3.55209 -4.40000 -8.39498 0.81306 -0.17685 -0.55466 -0.52800 -1.00740 1 0 1.0
0 3.31323 -5.41991 -8.41991 0.81306 -0.17685 -0.55466 -0.65039 -1.01039 1 0 1.0
0 2.85626 -5.36816 -9.10626 0.81306 -0.17685 -0.55466 -0.64418 -1.09275 1 0 1.0
bag_fabric
0 3.55209 -4.40000 -8.39498 0.81694 -0.18611 -0.54586 -0.52800 -1.00740 1 0 1.0
0 2.85626 -5.36816 -9.10626 0.81694 -0.18611 -0.54586 -0.64418 -1.09275 1 0 1.0
0 2.98848 -4.40000 -9.23848 0.81694 -0.18611 -0.54586 -0.52800 -1.10862 1 0 1.0
bag_fabric
0 3.31323 -5.41991 -8.41991 0.71645 -0.51268 -0.47314 -0.65039 -1.01039 1 0 1.0
0 2.85626 -6.10626 -8.36816 0.71645 -0.51268 -0.47314 -0.73275 -1.00418 1 0 1.0
0 2.65111 -5.90111 -8.90111 0.71645 -0.51268 -0.47314 -0.70813 -1.06813 1 0 1.0
bag_fabric
0 3.31323 -5.41991 -8.41991 0.71645 -0.47314 -0.51268 -0.65039 -1.01039 1 0 1.0
0 2.65111 -5.90111 -8.90111 0.71645 -0.47314 -0.51268 -0.70813 -1.06813 1 0 1.0
0 2.85626 -5.36816 -9.10626 0.71645 -0.47314 -0.51268 -0.64418 -1.09275 1 0 1.0
bag_fabric
0 1.15000 -7.00000 -7.40000 0.21944 -0.95688 -0.19034 0.13800 -0.88800 1 0 1.0
0 1.15000 -6.80209 -8.39498 0.21944 -0.95688 -0.19034 0.13800 -1.00740 1 0 1.0
0 2.16991 -6.56323 -8.41991 0.21944 -0.95688 -0.19034 0.26039 -1.01039 1 0 1.0
bag_fabric
0 1.15000 -7.00000 -7.40000 0.19034 -0.95688 -0.21944 0.13800 -0.88800 1 0 1.0
0 2.16991 -6.56323 -8.41991 0.19034 -0.95688 -0.21944 0.26039 -1.01039 1 0 1.0
0 2.14498 -6.80209 -7.40000 0.19034 -0.95688 -0.21944 0.25740 -0.88800 1 0 1.0
bag_fabric
0 1.15000 -6.80209 -8.39498 0.18611 -0.81694 -0.54586 0.13800 -1.00740 1 0 1.0
0 1.15000 -6.23848 -9.23848 0.18611 -0.81694 -0.54586 0.13800 -1.10862 1 0 1.0
0 2.11816 -6.10626 -9.10626 0.18611 -0.81694 -0.54586 0.25418 -1.09275 1 0 1.0
bag_fabric
0 1.15000 -6.80209 -8.39498 0.17685 -0.81306 -0.55466 0.13800 -1.00740 1 0 1.0
0 2.11816 -6.10626 -9.10626 0.17685 -0.81306 -0.55466 0.25418 -1.09275 1 0 1.0
0 2.16991 -6.56323 -8.41991 0.17685 -0.81306 -0.55466 0.26039 -1.01039 1 0 1.0
bag_fabric
0 2.14498 -6.80209 -7.40000 0.55467 -0.81306 -0.17685 0.25740 -0.88800 1 0 1.0
0 2.16991 -6.56323 -8.41991 0.55467 -0.81306 -0.17685 0.26039 -1.01039 1 0 1.0
0 2.85626 -6.10626 -8.36816 0.55467 -0.81306 -0.17685 0.34275 -1.00418 1 0 1.0
bag_fabric
0 2.14498 -6.80209 -7.40000 0.54586 -0.81694 -0.18611 0.25740 -0.88800 1 0 1.0
0 2.85626 -6.10626 -8.36816 0.54586 -0.81694 -0.18611 0.34275 -1.00418 1 0 1.0
0 2.98848 -6.23848 -7.40000 0.54586 -0.81694 -0.18611 0.35862 -0.88800 1 0 1.0
bag_fabric
0 2.16991 -6.56323 -8.41991 0.47314 -0.71645 -0.51268 0.26039 -1.01039 1 0 1.0
0 2.11816 -6.10626 -9.10626 0.47314 -0.71645 -0.51268 0.25418 -1.09275 1 0 1.0
0 2.65111 -5.90111 -8.90111 0.47314 -0.71645 -0.51268 0.31813 -1.06813 1 0 1.0
bag_fabric
0 2.16991 -6.56323 -8.41991 0.51268 -0.71645 -0.47314 0.26039 -1.01039 1 0 1.0
0 2.65111 -5.90111 -8.90111 0.51268 -0.71645 -0.47314 0.31813 -1.06813 1 0 1.0
0 2.85626 -6.10626 -8.36816 0.51268 -0.71645 -0.47314 0.34275 -1.00418 1 0 1.0
bag_fabric
0 1.15000 -4.40000 10.00000 0.21944 -0.19034 0.95688 0.13800 -0.52800 1 0 1.0
0 1.15000 -5.39498 9.80209 0.21944 -0.19034 0.95688 0.13800 -0.64740 1 0 1.0
0 2.16991 -5.41991 9.56323 0.21944 -0.19034 0.95688 0.26039 -0.65039 1 0 1.0
bag_fabric
0 1.15000 -4.40000 10.00000 0.19034 -0.21944 0.95688 0.13800 -0.52800 1 0 1.0
0 2.16991 -5.41991 9.56323 0.19034 -0.21944 0.95688 0.26039 -0.65039 1 0 1.0
0 2.14498 -4.40000 9.80209 0.19034 -0.21944 0.95688 0.25740 -0.52800 1 0 1.0
bag_fabric
0 1.15000 -5.39498 9.80209 0.18611 -0.54586 0.81694 0.13800 -0.64740 1 0 1.0
0 1.15000 -6.23848 9.23848 0.18611 -0.54586 0.81694 0.13800 -0.74862 1 0 1.0
0 2.11816 -6.10626 9.10626 0.18611 -0.54586 0.81694 0.25418 -0.73275 1 0 1.0
bag_fabric
0 1.15000 -5.39498 9.80209 0.17685 -0.55467 0.81306 0.13800 -0.64740 1 0 1.0
0 2.11816 -6.10626 9.10626 0.17685 -0.55467 0.81306 0.25418 -0.73275 1 0 1.0
0 2.16991 -5.41991 9.56323 0.17685 -0.55467 0.81306 0.26039 -0.65039 1 0 1.0
bag_fabric
0 2.14498 -4.40000 9.80209 0.55467 -0.17685 0.81306 0.25740 -0.52800 1 0 1.0
0 2.16991 -5.41991 9.56323 0.55467 -0.17685 0.81306 0.26039 -0.65039 1 0 1.0
0 2.85626 -5.36816 9.10626 0.55467 -0.17685 0.81306 0.34275 -0.64418 1 0 1.0
bag_fabric
0 2.14498 -4.40000 9.80209 0.54586 -0.18611 0.81694 0.25740 -0.52800 1 0 1.0
0 2.85626 -5.36816 9.10626 0.54586 -0.18611 0.81694 0.34275 -0.64418 1 0 1.0
0 2.98848 -4.40000 9.23848 0.54586 -0.18611 0.81694 0.35862 -0.52800 1 0 1.0
bag_fabric
0 2.16991 -5.41991 9.56323 0.47314 -0.51268 0.71645 0.26039 -0.65039 1 0 1.0
0 2.11816 -6.10626 9.10626 0.47314 -0.51268 0.71645 0.25418 -0.73275 1 0 1.0
0 2.65111 -5.90111 8.90111 0.47314 -0.51268 0.71645 0.31813 -0.70813 1 0 1.0
bag_fabric
0 2.16991 -5.41991 9.56323 0.51268 -0.47314 0.71645 0.26039 -0.65039 1 0 1.0
0 2.65111 -5.90111 8.90111 0.51268 -0.47314 0.71645 0.31813 -0.70813 1 0 1.0
0 2.85626 -5.36816 9.10626 0.51268 -0.47314 0.71645 0.34275 -0.64418 1 0 1.0
bag_fabric
0 1.15000 -7.00000 7.40000 0.19034 -0.95688 0.21944 0.13800 0.88800 1 0 1.0
0 2.14498 -6.80209 7.40000 0.19034 -0.95688 0.21944 0.25740 0.88800 1 0 1.0
0 2.16991 -6.56323 8.41991 0.19034 -0.95688 0.21944 0.26039 1.01039 1 0 1.0
bag_fabric
0 1.15000 -7.00000 7.40000 0.21944 -0.95688 0.19034 0.13800 0.88800 1 0 1.0
0 2.16991 -6.56323 8.41991 0.21944 -0.95688 0.19034 0.26039 1.01039 1 0 1.0
0 1.15000 -6.80209 8.39498 0.21944 -0.95688 0.19034 0.13800 1.00740 1 0 1.0
bag_fabric
0 2.14498 -6.80209 7.40000 0.54586 -0.81694 0.18611 0.25740 0.88800 1 0 1.0
0 2.98848 -6.23848 7.40000 0.54586 -0.81694 0.18611 0.35862 0.88800 1 0 1.0
0 2.85626 -6.10626 8.36816 0.54586 -0.81694 0.18611 0.34275 1.00418 1 0 1.0
bag_fabric
0 2.14498 -6.80209 7.40000 0.55467 -0.81306 0.17685 0.25740 0.88800 1 0 1.0
0 2.85626 -6.10626 8.36816 0.55467 -0.81306 0.17685 0.34275 1.00418 1 0 1.0
0 2.16991 -6.56323 8.41991 0.55467 -0.81306 0.17685 0.26039 1.01039 1 0 1.0
bag_fabric
0 1.15000 -6.80209 8.39498 0.17685 -0.81306 0.55467 0.13800 1.00740 1 0 1.0
0 2.16991 -6.56323 8.41991 0.17685 -0.81306 0.55467 0.26039 1.01039 1 0 1.0
0 2.11816 -6.10626 9.10626 0.17685 -0.81306 0.55467 0.25418 1.09275 1 0 1.0
bag_fabric
0 1.15000 -6.80209 8.39498 0.18611 -0.81694 0.54586 0.13800 1.00740 1 0 1.0
0 2.11816 -6.10626 9.10626 0.18611 -0.81694 0.54586 0.25418 1.09275 1 0 1.0
0 1.15000 -6.23848 9.23848 0.18611 -0.81694 0.54586 0.13800 1.10862 1 0 1.0
bag_fabric
0 2.16991 -6.56323 8.41991 0.51268 -0.71645 0.47314 0.26039 1.01039 1 0 1.0
0 2.85626 -6.10626 8.36816 0.51268 -0.71645 0.47314 0.34275 1.00418 1 0 1.0
0 2.65111 -5.90111 8.90111 0.51268 -0.71645 0.47314 0.31813 1.06813 1 0 1.0
bag_fabric
0 2.16991 -6.56323 8.41991 0.47314 -0.71645 0.51268 0.26039 1.01039 1 0 1.0
0 2.65111 -5.90111 8.90111 0.47314 -0.71645 0.51268 0.31813 1.06813 1 0 1.0
0 2.11816 -6.10626 9.10626 0.47314 -0.71645 0.51268 0.25418 1.09275 1 0 1.0
bag_fabric
0 3.75000 -4.40000 7.40000 0.95688 -0.21944 0.19034 -0.52800 0.88800 1 0 1.0
0 3.55209 -4.40000 8.39498 0.95688 -0.21944 0.19034 -0.52800 1.00740 1 0 1.0
0 3.31323 -5.41991 8.41991 0.95688 -0.21944 0.19034 -0.65039 1.01039 1 0 1.0
bag_fabric
0 3.75000 -4.40000 7.40000 0.95688 -0.19033 0.21944 -0.52800 0.88800 1 0 1.0
0 3.31323 -5.41991 8.41991 0.95688 -0.19033 0.21944 -0.65039 1.01039 1 0 1.0
0 3.55209 -5.39498 7.40000 0.95688 -0.19033 0.21944 -0.64740 0.88800 1 0 1.0
bag_fabric
0 3.55209 -4.40000 8.39498 0.81694 -0.18611 0.54586 -0.52800 1.00740 1 0 1.0
0 2.98848 -4.40000 9.23848 0.81694 -0.18611 0.54586 -0.52800 1.10862 1 0 1.0
0 2.85626 -5.36816 9.10626 0.81694 -0.18611 0.54586 -0.64418 1.09275 1 0 1.0
bag_fabric
0 3.55209 -4.40000 8.39498 0.81306 -0.17685 0.55467 -0.52800 1.00740 1 0 1.0
0 2.85626 -5.36816 9.10626 0.81306 -0.17685 0.55467 -0.64418 1.09275 1 0 1.0
0 3.31323 -5.41991 8.41991 0.81306 -0.17685 0.55467 -0.65039 1.01039 1 0 1.0
bag_fabric
0 3.55209 -5.39498 7.40000 0.81306 -0.55467 0.17685 -0.64740 0.88800 1 0 1.0
0 3.31323 -5.41991 8.41991 0.81306 -0.55467 0.17685 -0.65039 1.01039 1 0 1.0
0 2.85626 -6.10626 8.36816 0.81306 -0.55467 0.17685 -0.73275 1.00418 1 0 1.0
bag_fabric
0 3.55209 -5.39498 7.40000 0.81694 -0.54586 0.18611 -0.64740 0.88800 1 0 1.0
0 2.85626 -6.10626 8.36816 0.81694 -0.54586 0.18611 -0.73275 1.00418 1 0 1.0
0 2.98848 -6.23848 7.40000 0.81694 -0.54586 0.18611 -0.74862 0.88800 1 0 1.0
bag_fabric
0 3.31323 -5.41991 8.41991 0.71645 -0.47314 0.51268 -0.65039 1.01039 1 0 1.0
0 2.85626 -5.36816 9.10626 0.71645 -0.47314 0.51268 -0.64418 1.09275 1 0 1.0
0 2.65111 -5.90111 8.90111 0.71645 -0.47314 0.51268 -0.70813 1.06813 1 0 1.0
bag_fabric
0 3.31323 -5.41991 8.41991 0.71645 -0.51268 0.47314 -0.65039 1.01039 1 0 1.0
0 2.65111 -5.90111 8.90111 0.71645 -0.51268 0.47314 -0.70813 1.06813 1 0 1.0
0 2.85626 -6.10626 8.36816 0.71645 -0.51268 0.47314 -0.73275 1.00418 1 0 1.0
bag_fabric
0 1.15000 4.40000 -10.00000 0.21944 0.19034 -0.95688 0.13800 0.52800 1 0 1.0
0 1.15000 5.39498 -9.80209 0.21944 0.19034 -0.95688 0.13800 0.64740 1 0 1.0
0 2.16991 5.41991 -9.56323 0.21944 0.19034 -0.95688 0.26039 0.65039 1 0 1.0
bag_fabric
0 1.15000 4.40000 -10.00000 0.19034 0.21944 -0.95688 0.13800 0.52800 1 0 1.0
0 2.16991 5.41991 -9.56323 0.19034 0.21944 -0.95688 0.26039 0.65039 1 0 1.0
0 2.14498 4.40000 -9.80209 0.19034 0.21944 -0.95688 0.25740 0.52800 1 0 1.0
bag_fabric
0 1.15000 5.39498 -9.80209 0.18611 0.54586 -0.81694 0.13800 0.64740 1 0 1.0
0 1.15000 6.23848 -9.23848 0.18611 0.54586 -0.81694 0.13800 0.74862 1 0 1.0
0 2.11816 6.10626 -9.10626 0.18611 0.54586 -0.81694 0.25418 0.73275 1 0 1.0
bag_fabric
0 1.15000 5.39498 -9.80209 0.17685 0.55467 -0.81306 0.13800 0.64740 1 0 1.0
0 2.11816 6.10626 -9.10626 0.17685 0.55467 -0.81306 0.25418 0.73275 1 0 1.0
0 2.16991 5.41991 -9.56323 0.17685 0.55467 -0.81306 0.26039 0.65039 1 0 1.0
bag_fabric
0 2.14498 4.40000 -9.80209 0.55467 0.17685 -0.81306 0.25740 0.52800 1 0 1.0
0 2.16991 5.41991 -9.56323 0.55467 0.17685 -0.81306 0.26039 0.65039 1 0 1.0
0 2.85626 5.36816 -9.10626 0.55467 0.17685 -0.81306 0.34275 0.64418 1 0 1.0
bag_fabric
0 2.14498 4.40000 -9.80209 0.54586 0.18611 -0.81694 0.25740 0.52800 1 0 1.0
0 2.85626 5.36816 -9.10626 0.54586 0.18611 -0.81694 0.34275 0.64418 1 0 1.0
0 2.98848 4.40000 -9.23848 0.54586 0.18611 -0.81694 0.35862 0.52800 1 0 1.0
bag_fabric
0 2.16991 5.41991 -9.56323 0.47314 0.51268 -0.71645 0.26039 0.65039 1 0 1.0
0 2.11816 6.10626 -9.10626 0.47314 0.51268 -0.71645 0.25418 0.73275 1 0 1.0
0 2.65111 5.90111 -8.90111 0.47314 0.51268 -0.71645 0.31813 0.70813 1 0 1.0
bag_fabric
0 2.16991 5.41991 -9.56323 0.51268 0.47314 -0.71645 0.26039 0.65039 1 0 1.0
0 2.65111 5.90111 -8.90111 0.51268 0.47314 -0.71645 0.31813 0.70813 1 0 1.0
0 2.85626 5.36816 -9.10626 0.51268 0.47314 -0.71645 0.34275 0.64418 1 0 1.0
bag_fabric
0 1.15000 7.00000 -7.40000 0.19034 0.95688 -0.21944 0.13800 -0.88800 1 0 1.0
0 2.14498 6.80209 -7.40000 0.19034 0.95688 -0.21944 0.25740 -0.88800 1 0 1.0
0 2.16991 6.56323 -8.41991 0.19034 0.95688 -0.21944 0.26039 -1.01039 1 0 1.0
bag_fabric
0 1.15000 7.00000 -7.40000 0.21944 0.95688 -0.19034 0.13800 -0.88800 1 0 1.0
0 2.16991 6.56323 -8.41991 0.21944 0.95688 -0.19034 0.26039 -1.01039 1 0 1.0
0 1.15000 6.80209 -8.39498 0.21944 0.95688 -0.19034 0.13800 -1.00740 1 0 1.0
bag_fabric
0 2.14498 6.80209 -7.40000 0.54586 0.81694 -0.18611 0.25740 -0.88800 1 0 1.0
0 2.98848 6.23848 -7.40000 0.54586 0.81694 -0.18611 0.35862 -0.88800 1 0 1.0
0 2.85626 6.10626 -8.36816 0.54586 0.81694 -0.18611 0.34275 -1.00418 1 0 1.0
bag_fabric
0 2.14498 6.80209 -7.40000 0.55467 0.81306 -0.17685 0.25740 -0.88800 1 0 1.0
0 2.85626 6.10626 -8.36816 0.55467 0.81306 -0.17685 0.34275 -1.00418 1 0 1.0
0 2.16991 6.56323 -8.41991 0.55467 0.81306 -0.17685 0.26039 -1.01039 1 0 1.0
bag_fabric
0 1.15000 6.80209 -8.39498 0.17685 0.81306 -0.55467 0.13800 -1.00740 1 0 1.0
0 2.16991 6.56323 -8.41991 0.17685 0.81306 -0.55467 0.26039 -1.01039 1 0 1.0
0 2.11816 6.10626 -9.10626 0.17685 0.81306 -0.55467 0.25418 -1.09275 1 0 1.0
bag_fabric
0 1.15000 6.80209 -8.39498 0.18611 0.81694 -0.54586 0.13800 -1.00740 1 0 1.0
0 2.11816 6.10626 -9.10626 0.18611 0.81694 -0.54586 0.25418 -1.09275 1 0 1.0
0 1.15000 6.23848 -9.23848 0.18611 0.81694 -0.54586 0.13800 -1.10862 1 0 1.0
bag_fabric
0 2.16991 6.56323 -8.41991 0.51268 0.71645 -0.47314 0.26039 -1.01039 1 0 1.0
0 2.85626 6.10626 -8.36816 0.51268 0.71645 -0.47314 0.34275 -1.00418 1 0 1.0
0 2.65111 5.90111 -8.90111 0.51268 0.71645 -0.47314 0.31813 -1.06813 1 0 1.0
bag_fabric
0 2.16991 6.56323 -8.41991 0.47314 0.71645 -0.51268 0.26039 -1.01039 1 0 1.0
0 2.65111 5.90111 -8.90111 0.47314 0.71645 -0.51268 0.31813 -1.06813 1 0 1.0
0 2.11816 6.10626 -9.10626 0.47314 0.71645 -0.51268 0.25418 -1.09275 1 0 1.0
bag_fabric
0 3.75000 4.40000 -7.40000 0.95688 0.21944 -0.19034 0.52800 -0.88800 1 0 1.0
0 3.55209 4.40000 -8.39498 0.95688 0.21944 -0.19034 0.52800 -1.00740 1 0 1.0
0 3.31323 5.41991 -8.41991 0.95688 0.21944 -0.19034 0.65039 -1.01039 1 0 1.0
bag_fabric
0 3.75000 4.40000 -7.40000 0.95688 0.19033 -0.21944 0.52800 -0.88800 1 0 1.0
0 3.31323 5.41991 -8.41991 0.95688 0.19033 -0.21944 0.65039 -1.01039 1 0 1.0
0 3.55209 5.39498 -7.40000 0.95688 0.19033 -0.21944 0.64740 -0.88800 1 0 1.0
bag_fabric
0 3.55209 4.40000 -8.39498 0.81694 0.18611 -0.54586 0.52800 -1.00740 1 0 1.0
0 2.98848 4.40000 -9.23848 0.81694 0.18611 -0.54586 0.52800 -1.10862 1 0 1.0
0 2.85626 5.36816 -9.10626 0.81694 0.18611 -0.54586 0.64418 -1.09275 1 0 1.0
bag_fabric
0 3.55209 4.40000 -8.39498 0.81306 0.17685 -0.55467 0.52800 -1.00740 1 0 1.0
0 2.85626 5.36816 -9.10626 0.81306 0.17685 -0.55467 0.64418 -1.09275 1 0 1.0
0 3.31323 5.41991 -8.41991 0.81306 0.17685 -0.55467 0.65039 -1.01039 1 0 1.0
bag_fabric
0 3.55209 5.39498 -7.40000 0.81306 0.55467 -0.17685 0.64740 -0.88800 1 0 1.0
0 3.31323 5.41991 -8.41991 0.81306 0.55467 -0.17685 0.65039 -1.01039 1 0 1.0
0 2.85626 6.10626 -8.36816 0.81306 0.55467 -0.17685 0.73275 -1.00418 1 0 1.0
bag_fabric
0 3.55209 5.39498 -7.40000 0.81694 0.54586 -0.18611 0.64740 -0.88800 1 0 1.0
0 2.85626 6.10626 -8.36816 0.81694 0.54586 -0.18611 0.73275 -1.00418 1 0 1.0
0 2.98848 6.23848 -7.40000 0.81694 0.54586 -0.18611 0.74862 -0.88800 1 0 1.0
bag_fabric
0 3.31323 5.41991 -8.41991 0.71645 0.47314 -0.51268 0.65039 -1.01039 1 0 1.0
0 2.85626 5.36816 -9.10626 0.71645 0.47314 -0.51268 0.64418 -1.09275 1 0 1.0
0 2.65111 5.90111 -8.90111 0.71645 0.47314 -0.51268 0.70813 -1.06813 1 0 1.0
bag_fabric
0 3.31323 5.41991 -8.41991 0.71645 0.51268 -0.47314 0.65039 -1.01039 1 0 1.0
0 2.65111 5.90111 -8.90111 0.71645 0.51268 -0.47314 0.70813 -1.06813 1 0 1.0
0 2.85626 6.10626 -8.36816 0.71645 0.51268 -0.47314 0.73275 -1.00418 1 0 1.0
bag_fabric
0 1.15000 4.40000 10.00000 0.19034 0.21944 0.95688 0.13800 0.52800 1 0 1.0
0 2.14498 4.40000 9.80209 0.19034 0.21944 0.95688 0.25740 0.52800 1 0 1.0
0 2.16991 5.41991 9.56323 0.19034 0.21944 0.95688 0.26039 0.65039 1 0 1.0
bag_fabric
0 1.15000 4.40000 10.00000 0.21944 0.19033 0.95688 0.13800 0.52800 1 0 1.0
0 2.16991 5.41991 9.56323 0.21944 0.19033 0.95688 0.26039 0.65039 1 0 1.0
0 1.15000 5.39498 9.80209 0.21944 0.19033 0.95688 0.13800 0.64740 1 0 1.0
bag_fabric
0 2.14498 4.40000 9.80209 0.54586 0.18611 0.81694 0.25740 0.52800 1 0 1.0
0 2.98848 4.40000 9.23848 0.54586 0.18611 0.81694 0.35862 0.52800 1 0 1.0
0 2.85626 5.36816 9.10626 0.54586 0.18611 0.81694 0.34275 0.64418 1 0 1.0
bag_fabric
0 2.14498 4.40000 9.80209 0.55467 0.17685 0.81306 0.25740 0.52800 1 0 1.0
0 2.85626 5.36816 9.10626 0.55467 0.17685 0.81306 0.34275 0.64418 1 0 1.0
0 2.16991 5.41991 9.56323 0.55467 0.17685 0.81306 0.26039 0.65039 1 0 1.0
bag_fabric
0 1.15000 5.39498 9.80209 0.17685 0.55467 0.81306 0.13800 0.64740 1 0 1.0
0 2.16991 5.41991 9.56323 0.17685 0.55467 0.81306 0.26039 0.65039 1 0 1.0
0 2.11816 6.10626 9.10626 0.17685 0.55467 0.81306 0.25418 0.73275 1 0 1.0
bag_fabric
0 1.15000 5.39498 9.80209 0.18611 0.54586 0.81694 0.13800 0.64740 1 0 1.0
0 2.11816 6.10626 9.10626 0.18611 0.54586 0.81694 0.25418 0.73275 1 0 1.0
0 1.15000 6.23848 9.23848 0.18611 0.54586 0.81694 0.13800 0.74862 1 0 1.0
bag_fabric
0 2.16991 5.41991 9.56323 0.51268 0.47314 0.71645 0.26039 0.65039 1 0 1.0
0 2.85626 5.36816 9.10626 0.51268 0.47314 0.71645 0.34275 0.64418 1 0 1.0
0 2.65111 5.90111 8.90111 0.51268 0.47314 0.71645 0.31813 0.70813 1 0 1.0
bag_fabric
0 2.16991 5.41991 9.56323 0.47314 0.51268 0.71645 0.26039 0.65039 1 0 1.0
0 2.65111 5.90111 8.90111 0.47314 0.51268 0.71645 0.31813 0.70813 1 0 1.0
0 2.11816 6.10626 9.10626 0.47314 0.51268 0.71645 0.25418 0.73275 1 0 1.0
bag_fabric
0 3.75000 4.40000 7.40000 0.95688 0.19033 0.21944 0.52800 0.88800 1 0 1.0
0 3.55209 5.39498 7.40000 0.95688 0.19033 0.21944 0.64740 0.88800 1 0 1.0
0 3.31323 5.41991 8.41991 0.95688 0.19033 0.21944 0.65039 1.01039 1 0 1.0
bag_fabric
0 3.75000 4.40000 7.40000 0.95688 0.21944 0.19033 0.52800 0.88800 1 0 1.0
0 3.31323 5.41991 8.41991 0.95688 0.21944 0.19033 0.65039 1.01039 1 0 1.0
0 3.55209 4.40000 8.39498 0.95688 0.21944 0.19033 0.52800 1.00740 1 0 1.0
bag_fabric
0 3.55209 5.39498 7.40000 0.81694 0.54586 0.18611 0.64740 0.88800 1 0 1.0
0 2.98848 6.23848 7.40000 0.81694 0.54586 0.18611 0.74862 0.88800 1 0 1.0
0 2.85626 6.10626 8.36816 0.81694 0.54586 0.18611 0.73275 1.00418 1 0 1.0
bag_fabric
0 3.55209 5.39498 7.40000 0.81306 0.55467 0.17685 0.64740 0.88800 1 0 1.0
0 2.85626 6.10626 8.36816 0.81306 0.55467 0.17685 0.73275 1.00418 1 0 1.0
0 3.31323 5.41991 8.41991 0.81306 0.55467 0.17685 0.65039 1.01039 1 0 1.0
bag_fabric
0 3.55209 4.40000 8.39498 0.81306 0.17685 0.55466 0.52800 1.00740 1 0 1.0
0 3.31323 5.41991 8.41991 0.81306 0.17685 0.55466 0.65039 1.01039 1 0 1.0
0 2.85626 5.36816 9.10626 0.81306 0.17685 0.55466 0.64418 1.09275 1 0 1.0
bag_fabric
0 3.55209 4.40000 8.39498 0.81694 0.18611 0.54586 0.52800 1.00740 1 0 1.0
0 2.85626 5.36816 9.10626 0.81694 0.18611 0.54586 0.64418 1.09275 1 0 1.0
0 2.98848 4.40000 9.23848 0.81694 0.18611 0.54586 0.52800 1.10862 1 0 1.0
bag_fabric
0 3.31323 5.41991 8.41991 0.71645 0.51268 0.47314 0.65039 1.01039 1 0 1.0
0 2.85626 6.10626 8.36816 0.71645 0.51268 0.47314 0.73275 1.00418 1 0 1.0
0 2.65111 5.90111 8.90111 0.71645 0.51268 0.47314 0.70813 1.06813 1 0 1.0
bag_fabric
0 3.31323 5.41991 8.41991 0.71645 0.47314 0.51268 0.65039 1.01039 1 0 1.0
0 2.65111 5.90111 8.90111 0.71645 0.47314 0.51268 0.70813 1.06813 1 0 1.0
0 2.85626 5.36816 9.10626 0.71645 0.47314 0.51268 0.64418 1.09275 1 0 1.0
bag_fabric
0 1.15000 7.00000 7.40000 0.21944 0.95688 0.19034 0.13800 0.88800 1 0 1.0
0 1.15000 6.80209 8.39498 0.21944 0.95688 0.19034 0.13800 1.00740 1 0 1.0
0 2.16991 6.56323 8.41991 0.21944 0.95688 0.19034 0.26039 1.01039 1 0 1.0
bag_fabric
0 1.15000 7.00000 7.40000 0.19034 0.95688 0.21944 0.13800 0.88800 1 0 1.0
0 2.16991 6.56323 8.41991 0.19034 0.95688 0.21944 0.26039 1.01039 1 0 1.0
0 2.14498 6.80209 7.40000 0.19034 0.95688 0.21944 0.25740 0.88800 1 0 1.0
bag_fabric
0 1.15000 6.80209 8.39498 0.18611 0.81694 0.54586 0.13800 1.00740 1 0 1.0
0 1.15000 6.23848 9.23848 0.18611 0.81694 0.54586 0.13800 1.10862 1 0 1.0
0 2.11816 6.10626 9.10626 0.18611 0.81694 0.54586 0.25418 1.09275 1 0 1.0
bag_fabric
0 1.15000 6.80209 8.39498 0.17685 0.81306 0.55466 0.13800 1.00740 1 0 1.0
0 2.11816 6.10626 9.10626 0.17685 0.81306 0.55466 0.25418 1.09275 1 0 1.0
0 2.16991 6.56323 8.41991 0.17685 0.81306 0.55466 0.26039 1.01039 1 0 1.0
bag_fabric
0 2.14498 6.80209 7.40000 0.55467 0.81306 0.17685 0.25740 0.88800 1 0 1.0
0 2.16991 6.56323 8.41991 0.55467 0.81306 0.17685 0.26039 1.01039 1 0 1.0
0 2.85626 6.10626 8.36816 0.55467 0.81306 0.17685 0.34275 1.00418 1 0 1.0
bag_fabric
0 2.14498 6.80209 7.40000 0.54586 0.81694 0.18611 0.25740 0.88800 1 0 1.0
0 2.85626 6.10626 8.36816 0.54586 0.81694 0.18611 0.34275 1.00418 1 0 1.0
0 2.98848 6.23848 7.40000 0.54586 0.81694 0.18611 0.35862 0.88800 1 0 1.0
bag_fabric
0 2.16991 6.56323 8.41991 0.47314 0.71645 0.51268 0.26039 1.01039 1 0 1.0
0 2.11816 6.10626 9.10626 0.47314 0.71645 0.51268 0.25418 1.09275 1 0 1.0
0 2.65111 5.90111 8.90111 0.47314 0.71645 0.51268 0.31813 1.06813 1 0 1.0
bag_fabric
0 2.16991 6.56323 8.41991 0.51268 0.71645 0.47314 0.26039 1.01039 1 0 1.0
0 2.65111 5.90111 8.90111 0.51268 0.71645 0.47314 0.31813 1.06813 1 0 1.0
0 2.85626 6.10626 8.36816 0.51268 0.71645 0.47314 0.34275 1.00418 1 0 1.0
bag_fabric
0 -1.15000 4.40000 -10.00000 -0.19509 -0.00000 -0.98079 -0.13800 0.52800 1 0 1.0
0 -1.15000 -4.40000 -10.00000 -0.19509 -0.00000 -0.98079 -0.13800 -0.52800 1 0 1.0
0 -2.14498 -4.40000 -9.80209 -0.19509 -0.00000 -0.98079 -0.25740 -0.52800 1 0 1.0
bag_fabric
0 -1.15000 4.40000 -10.00000 -0.19509 -0.00000 -0.98079 -0.13800 0.52800 1 0 1.0
0 -2.14498 -4.40000 -9.80209 -0.19509 -0.00000 -0.98079 -0.25740 -0.52800 1 0 1.0
0 -2.14498 4.40000 -9.80209 -0.19509 -0.00000 -0.98079 -0.25740 0.52800 1 0 1.0
bag_fabric
0 -2.14498 4.40000 -9.80209 -0.55557 -0.00000 -0.83147 -0.25740 0.52800 1 0 1.0
0 -2.14498 -4.40000 -9.80209 -0.55557 -0.00000 -0.83147 -0.25740 -0.52800 1 0 1.0
0 -2.98848 -4.40000 -9.23848 -0.55557 -0.00000 -0.83147 -0.35862 -0.52800 1 0 1.0
bag_fabric
0 -2.14498 4.40000 -9.80209 -0.55557 -0.00000 -0.83147 -0.25740 0.52800 1 0 1.0
0 -2.98848 -4.40000 -9.23848 -0.55557 -0.00000 -0.83147 -0.35862 -0.52800 1 0 1.0
0 -2.98848 4.40000 -9.23848 -0.55557 -0.00000 -0.83147 -0.35862 0.52800 1 0 1.0
bag_fabric
0 -2.98848 4.40000 -9.23848 -0.83147 -0.00000 -0.55557 0.52800 -1.10862 1 0 1.0
0 -2.98848 -4.40000 -9.23848 -0.83147 -0.00000 -0.55557 -0.52800 -1.10862 1 0 1.0
0 -3.55209 -4.40000 -8.39498 -0.83147 -0.00000 -0.55557 -0.52800 -1.00740 1 0 1.0
bag_fabric
0 -2.98848 4.40000 -9.23848 -0.83147 -0.00000 -0.55557 0.52800 -1.10862 1 0 1.0
0 -3.55209 -4.40000 -8.39498 -0.83147 -0.00000 -0.55557 -0.52800 -1.00740 1 0 1.0
0 -3.55209 4.40000 -8.39498 -0.83147 -0.00000 -0.55557 0.52800 -1.00740 1 0 1.0
bag_fabric
0 -3.55209 4.40000 -8.39498 -0.98079 -0.00000 -0.19509 0.52800 -1.00740 1 0 1.0
0 -3.55209 -4.40000 -8.39498 -0.98079 -0.00000 -0.19509 -0.52800 -1.00740 1 0 1.0
0 -3.75000 -4.40000 -7.40000 -0.98079 -0.00000 -0.19509 -0.52800 -0.88800 1 0 1.0
bag_fabric
0 -3.55209 4.40000 -8.39498 -0.98079 0.00000 -0.19509 0.52800 -1.00740 1 0 1.0
0 -3.75000 -4.40000 -7.40000 -0.98079 0.00000 -0.19509 -0.52800 -0.88800 1 0 1.0
0 -3.75000 4.40000 -7.40000 -0.98079 0.00000 -0.19509 0.52800 -0.88800 1 0 1.0
bag_fabric
0 -1.15000 -7.00000 -7.40000 -0.19509 -0.98079 0.00000 -0.13800 -0.88800 1 0 1.0
0 -1.15000 -7.00000 7.40000 -0.19509 -0.98079 0.00000 -0.13800 0.88800 1 0 1.0
0 -2.14498 -6.80209 7.40000 -0.19509 -0.98079 0.00000 -0.25740 0.88800 1 0 1.0
bag_fabric
0 -1.15000 -7.00000 -7.40000 -0.19509 -0.98079 0.00000 -0.13800 -0.88800 1 0 1.0
0 -2.14498 -6.80209 7.40000 -0.19509 -0.98079 0.00000 -0.25740 0.88800 1 0 1.0
0 -2.14498 -6.80209 -7.40000 -0.19509 -0.98079 0.00000 -0.25740 -0.88800 1 0 1.0
bag_fabric
0 -2.14498 -6.80209 -7.40000 -0.55557 -0.83147 0.00000 -0.25740 -0.88800 1 0 1.0
0 -2.14498 -6.80209 7.40000 -0.55557 -0.83147 0.00000 -0.25740 0.88800 1 0 1.0
0 -2.98848 -6.23848 7.40000 -0.55557 -0.83147 0.00000 -0.35862 0.88800 1 0 1.0
bag_fabric
0 -2.14498 -6.80209 -7.40000 -0.55557 -0.83147 0.00000 -0.25740 -0.88800 1 0 1.0
0 -2.98848 -6.23848 7.40000 -0.55557 -0.83147 0.00000 -0.35862 0.88800 1 0 1.0
0 -2.98848 -6.23848 -7.40000 -0.55557 -0.83147 0.00000 -0.35862 -0.88800 1 0 1.0
bag_fabric
0 -2.98848 -6.23848 -7.40000 -0.83147 -0.55557 0.00000 -0.74862 -0.88800 1 0 1.0
0 -2.98848 -6.23848 7.40000 -0.83147 -0.55557 0.00000 -0.74862 0.88800 1 0 1.0
0 -3.55209 -5.39498 7.40000 -0.83147 -0.55557 0.00000 -0.64740 0.88800 1 0 1.0
bag_fabric
0 -2.98848 -6.23848 -7.40000 -0.83147 -0.55557 0.00000 -0.74862 -0.88800 1 0 1.0
0 -3.55209 -5.39498 7.40000 -0.83147 -0.55557 0.00000 -0.64740 0.88800 1 0 1.0
0 -3.55209 -5.39498 -7.40000 -0.83147 -0.55557 0.00000 -0.64740 -0.88800 1 0 1.0
bag_fabric
0 -3.55209 -5.39498 -7.40000 -0.98079 -0.19509 0.00000 -0.64740 -0.88800 1 0 1.0
0 -3.55209 -5.39498 7.40000 -0.98079 -0.19509 0.00000 -0.64740 0.88800 1 0 1.0
0 -3.75000 -4.40000 7.40000 -0.98079 -0.19509 0.00000 -0.52800 0.88800 1 0 1.0
bag_fabric
0 -3.55209 -5.39498 -7.40000 -0.98079 -0.19509 0.00000 -0.64740 -0.88800 1 0 1.0
0 -3.75000 -4.40000 7.40000 -0.98079 -0.19509 0.00000 -0.52800 0.88800 1 0 1.0
0 -3.75000 -4.40000 -7.40000 -0.98079 -0.19509 0.00000 -0.52800 -0.88800 1 0 1.0
bag_fabric
0 -1.15000 -4.40000 10.00000 -0.19509 0.00000 0.98079 -0.13800 -0.52800 1 0 1.0
0 -1.15000 4.40000 10.00000 -0.19509 0.00000 0.98079 -0.13800 0.52800 1 0 1.0
0 -2.14498 4.40000 9.80209 -0.19509 0.00000 0.98079 -0.25740 0.52800 1 0 1.0
bag_fabric
0 -1.15000 -4.40000 10.00000 -0.19509 0.00000 0.98079 -0.13800 -0.52800 1 0 1.0
0 -2.14498 4.40000 9.80209 -0.19509 0.00000 0.98079 -0.25740 0.52800 1 0 1.0
0 -2.14498 -4.40000 9.80209 -0.19509 0.00000 0.98079 -0.25740 -0.52800 1 0 1.0
bag_fabric
0 -2.14498 -4.40000 9.80209 -0.55557 0.00000 0.83147 -0.25740 -0.52800 1 0 1.0
0 -2.14498 4.40000 9.80209 -0.55557 0.00000 0.83147 -0.25740 0.52800 1 0 1.0
0 -2.98848 4.40000 9.23848 -0.55557 0.00000 0.83147 -0.35862 0.52800 1 0 1.0
bag_fabric
0 -2.14498 -4.40000 9.80209 -0.55557 0.00000 0.83147 -0.25740 -0.52800 1 0 1.0
0 -2.98848 4.40000 9.23848 -0.55557 0.00000 0.83147 -0.35862 0.52800 1 0 1.0
0 -2.98848 -4.40000 9.23848 -0.55557 0.00000 0.83147 -0.35862 -0.52800 1 0 1.0
bag_fabric
0 -2.98848 -4.40000 9.23848 -0.83147 0.00000 0.55557 -0.52800 1.10862 1 0 1.0
0 -2.98848 4.40000 9.23848 -0.83147 0.00000 0.55557 0.52800 1.10862 1 0 1.0
0 -3.55209 4.40000 8.39498 -0.83147 0.00000 0.55557 0.52800 1.00740 1 0 1.0
bag_fabric
0 -2.98848 -4.40000 9.23848 -0.83147 0.00000 0.55557 -0.52800 1.10862 1 0 1.0
0 -3.55209 4.40000 8.39498 -0.83147 0.00000 0.55557 0.52800 1.00740 1 0 1.0
0 -3.55209 -4.40000 8.39498 -0.83147 0.00000 0.55557 -0.52800 1.00740 1 0 1.0
bag_fabric
0 -3.55209 -4.40000 8.39498 -0.98079 0.00000 0.19509 -0.52800 1.00740 1 0 1.0
0 -3.55209 4.40000 8.39498 -0.98079 0.00000 0.19509 0.52800 1.00740 1 0 1.0
0 -3.75000 4.40000 7.40000 -0.98079 0.00000 0.19509 0.52800 0.88800 1 0 1.0
bag_fabric
0 -3.55209 -4.40000 8.39498 -0.98079 -0.00000 0.19509 -0.52800 1.00740 1 0 1.0
0 -3.75000 4.40000 7.40000 -0.98079 -0.00000 0.19509 0.52800 0.88800 1 0 1.0
0 -3.75000 -4.40000 7.40000 -0.98079 -0.00000 0.19509 -0.52800 0.88800 1 0 1.0
bag_fabric
0 -1.15000 7.00000 7.40000 -0.19509 0.98079 0.00000 -0.13800 0.88800 1 0 1.0
0 -1.15000 7.00000 -7.40000 -0.19509 0.98079 0.00000 -0.13800 -0.88800 1 0 1.0
0 -2.14498 6.80209 -7.40000 -0.19509 0.98079 0.00000 -0.25740 -0.88800 1 0 1.0
bag_fabric
0 -1.15000 7.00000 7.40000 -0.19509 0.98079 0.00000 -0.13800 0.88800 1 0 1.0
0 -2.14498 6.80209 -7.40000 -0.19509 0.98079 0.00000 -0.25740 -0.88800 1 0 1.0
0 -2.14498 6.80209 7.40000 -0.19509 0.98079 0.00000 -0.25740 0.88800 1 0 1.0
bag_fabric
0 -2.14498 6.80209 7.40000 -0.55557 0.83147 0.00000 -0.25740 0.88800 1 0 1.0
0 -2.14498 6.80209 -7.40000 -0.55557 0.83147 0.00000 -0.25740 -0.88800 1 0 1.0
0 -2.98848 6.23848 -7.40000 -0.55557 0.83147 0.00000 -0.35862 -0.88800 1 0 1.0
bag_fabric
0 -2.14498 6.80209 7.40000 -0.55557 0.83147 -0.00000 -0.25740 0.88800 1 0 1.0
0 -2.98848 6.23848 -7.40000 -0.55557 0.83147 -0.00000 -0.35862 -0.88800 1 0 1.0
0 -2.98848 6.23848 7.40000 -0.55557 0.83147 -0.00000 -0.35862 0.88800 1 0 1.0
bag_fabric
0 -2.98848 6.23848 7.40000 -0.83147 0.55557 -0.00000 0.74862 0.88800 1 0 1.0
0 -2.98848 6.23848 -7.40000 -0.83147 0.55557 -0.00000 0.74862 -0.88800 1 0 1.0
0 -3.55209 5.39498 -7.40000 -0.83147 0.55557 -0.00000 0.64740 -0.88800 1 0 1.0
bag_fabric
0 -2.98848 6.23848 7.40000 -0.83147 0.55557 -0.00000 0.74862 0.88800 1 0 1.0
0 -3.55209 5.39498 -7.40000 -0.83147 0.55557 -0.00000 0.64740 -0.88800 1 0 1.0
0 -3.55209 5.39498 7.40000 -0.83147 0.55557 -0.00000 0.64740 0.88800 1 0 1.0
bag_fabric
0 -3.55209 5.39498 7.40000 -0.98079 0.19509 0.00000 0.64740 0.88800 1 0 1.0
0 -3.55209 5.39498 -7.40000 -0.98079 0.19509 0.00000 0.64740 -0.88800 1 0 1.0
0 -3.75000 4.40000 -7.40000 -0.98079 0.19509 0.00000 0.52800 -0.88800 1 0 1.0
bag_fabric
0 -3.55209 5.39498 7.40000 -0.98079 0.19509 -0.00000 0.64740 0.88800 1 0 1.0
0 -3.75000 4.40000 -7.40000 -0.98079 0.19509 -0.00000 0.52800 -0.88800 1 0 1.0
0 -3.75000 4.40000 7.40000 -0.98079 0.19509 -0.00000 0.52800 0.88800 1 0 1.0
bag_fabric
0 1.15000 4.40000 -10.00000 0.00000 0.19509 -0.98079 0.13800 0.52800 1 0 1.0
0 -1.15000 4.40000 -10.00000 0.00000 0.19509 -0.98079 -0.13800 0.52800 1 0 1.0
0 -1.15000 5.39498 -9.80209 0.00000 0.19509 -0.98079 -0.13800 0.64740 1 0 1.0
bag_fabric
0 1.15000 4.40000 -10.00000 0.00000 0.19509 -0.98079 0.13800 0.52800 1 0 1.0
0 -1.15000 5.39498 -9.80209 0.00000 0.19509 -0.98079 -0.13800 0.64740 1 0 1.0
0 1.15000 5.39498 -9.80209 0.00000 0.19509 -0.98079 0.13800 0.64740 1 0 1.0
bag_fabric
0 1.15000 5.39498 -9.80209 0.00000 0.55557 -0.83147 0.13800 0.64740 1 0 1.0
0 -1.15000 5.39498 -9.80209 0.00000 0.55557 -0.83147 -0.13800 0.64740 1 0 1.0
0 -1.15000 6.23848 -9.23848 0.00000 0.55557 -0.83147 -0.13800 0.74862 1 0 1.0
bag_fabric
0 1.15000 5.39498 -9.80209 0.00000 0.55557 -0.83147 0.13800 0.64740 1 0 1.0
0 -1.15000 6.23848 -9.23848 0.00000 0.55557 -0.83147 -0.13800 0.74862 1 0 1.0
0 1.15000 6.23848 -9.23848 0.00000 0.55557 -0.83147 0.13800 0.74862 1 0 1.0
bag_fabric
0 1.15000 6.23848 -9.23848 0.00000 0.83147 -0.55557 0.13800 -1.10862 1 0 1.0
0 -1.15000 6.23848 -9.23848 0.00000 0.83147 -0.55557 -0.13800 -1.10862 1 0 1.0
0 -1.15000 6.80209 -8.39498 0.00000 0.83147 -0.55557 -0.13800 -1.00740 1 0 1.0
bag_fabric
0 1.15000 6.23848 -9.23848 0.00000 0.83147 -0.55557 0.13800 -1.10862 1 0 1.0
0 -1.15000 6.80209 -8.39498 0.00000 0.83147 -0.55557 -0.13800 -1.00740 1 0 1.0
0 1.15000 6.80209 -8.39498 0.00000 0.83147 -0.55557 0.13800 -1.00740 1 0 1.0
bag_fabric
0 1.15000 6.80209 -8.39498 0.00000 0.98079 -0.19509 0.13800 -1.00740 1 0 1.0
0 -1.15000 6.80209 -8.39498 0.00000 0.98079 -0.19509 -0.13800 -1.00740 1 0 1.0
0 -1.15000 7.00000 -7.40000 0.00000 0.98079 -0.19509 -0.13800 -0.88800 1 0 1.0
bag_fabric
0 1.15000 6.80209 -8.39498 0.00000 0.98079 -0.19509 0.13800 -1.00740 1 0 1.0
0 -1.15000 7.00000 -7.40000 0.00000 0.98079 -0.19509 -0.13800 -0.88800 1 0 1.0
0 1.15000 7.00000 -7.40000 0.00000 0.98079 -0.19509 0.13800 -0.88800 1 0 1.0
bag_fabric
0 -1.15000 4.40000 10.00000 -0.00000 0.19509 0.98079 -0.13800 0.52800 1 0 1.0
0 1.15000 4.40000 10.00000 -0.00000 0.19509 0.98079 0.13800 0.52800 1 0 1.0
0 1.15000 5.39498 9.80209 -0.00000 0.19509 0.98079 0.13800 0.64740 1 0 1.0
bag_fabric
0 -1.15000 4.40000 10.00000 -0.00000 0.19509 0.98079 -0.13800 0.52800 1 0 1.0
0 1.15000 5.39498 9.80209 -0.00000 0.19509 0.98079 0.13800 0.64740 1 0 1.0
0 -1.15000 5.39498 9.80209 -0.00000 0.19509 0.98079 -0.13800 0.64740 1 0 1.0
bag_fabric
0 -1.15000 5.39498 9.80209 -0.00000 0.55557 0.83147 -0.13800 0.64740 1 0 1.0
0 1.15000 5.39498 9.80209 -0.00000 0.55557 0.83147 0.13800 0.64740 1 0 1.0
0 1.15000 6.23848 9.23848 -0.00000 0.55557 0.83147 0.13800 0.74862 1 0 1.0
bag_fabric
0 -1.15000 5.39498 9.80209 -0.00000 0.55557 0.83147 -0.13800 0.64740 1 0 1.0
0 1.15000 6.23848 9.23848 -0.00000 0.55557 0.83147 0.13800 0.74862 1 0 1.0
0 -1.15000 6.23848 9.23848 -0.00000 0.55557 0.83147 -0.13800 0.74862 1 0 1.0
bag_fabric
0 -1.15000 6.23848 9.23848 -0.00000 0.83147 0.55557 -0.13800 1.10862 1 0 1.0
0 1.15000 6.23848 9.23848 -0.00000 0.83147 0.55557 0.13800 1.10862 1 0 1.0
0 1.15000 6.80209 8.39498 -0.00000 0.83147 0.55557 0.13800 1.00740 1 0 1.0
bag_fabric
0 -1.15000 6.23848 9.23848 0.00000 0.83147 0.55557 -0.13800 1.10862 1 0 1.0
0 1.15000 6.80209 8.39498 0.00000 0.83147 0.55557 0.13800 1.00740 1 0 1.0
0 -1.15000 6.80209 8.39498 0.00000 0.83147 0.55557 -0.13800 1.00740 1 0 1.0
bag_fabric
0 -1.15000 6.80209 8.39498 0.00000 0.98079 0.19509 -0.13800 1.00740 1 0 1.0
0 1.15000 6.80209 8.39498 0.00000 0.98079 0.19509 0.13800 1.00740 1 0 1.0
0 1.15000 7.00000 7.40000 0.00000 0.98079 0.19509 0.13800 0.88800 1 0 1.0
bag_fabric
0 -1.15000 6.80209 8.39498 0.00000 0.98079 0.19509 -0.13800 1.00740 1 0 1.0
0 1.15000 7.00000 7.40000 0.00000 0.98079 0.19509 0.13800 0.88800 1 0 1.0
0 -1.15000 7.00000 7.40000 0.00000 0.98079 0.19509 -0.13800 0.88800 1 0 1.0
bag_fabric
0 3.75000 4.40000 7.40000 0.98079 0.19509 0.00000 0.52800 0.88800 1 0 1.0
0 3.75000 4.40000 -7.40000 0.98079 0.19509 0.00000 0.52800 -0.88800 1 0 1.0
0 3.55209 5.39498 -7.40000 0.98079 0.19509 0.00000 0.64740 -0.88800 1 0 1.0
bag_fabric
0 3.75000 4.40000 7.40000 0.98079 0.19509 -0.00000 0.52800 0.88800 1 0 1.0
0 3.55209 5.39498 -7.40000 0.98079 0.19509 -0.00000 0.64740 -0.88800 1 0 1.0
0 3.55209 5.39498 7.40000 0.98079 0.19509 -0.00000 0.64740 0.88800 1 0 1.0
bag_fabric
0 3.55209 5.39498 7.40000 0.83147 0.55557 0.00000 0.64740 0.88800 1 0 1.0
0 3.55209 5.39498 -7.40000 0.83147 0.55557 0.00000 0.64740 -0.88800 1 0 1.0
0 2.98848 6.23848 -7.40000 0.83147 0.55557 0.00000 0.74862 -0.88800 1 0 1.0
bag_fabric
0 3.55209 5.39498 7.40000 0.83147 0.55557 0.00000 0.64740 0.88800 1 0 1.0
0 2.98848 6.23848 -7.40000 0.83147 0.55557 0.00000 0.74862 -0.88800 1 0 1.0
0 2.98848 6.23848 7.40000 0.83147 0.55557 0.00000 0.74862 0.88800 1 0 1.0
bag_fabric
0 2.98848 6.23848 7.40000 0.55557 0.83147 0.00000 0.35862 0.88800 1 0 1.0
0 2.98848 6.23848 -7.40000 0.55557 0.83147 0.00000 0.35862 -0.88800 1 0 1.0
0 2.14498 6.80209 -7.40000 0.55557 0.83147 0.00000 0.25740 -0.88800 1 0 1.0
bag_fabric
0 2.98848 6.23848 7.40000 0.55557 0.83147 0.00000 0.35862 0.88800 1 0 1.0
0 2.14498 6.80209 -7.40000 0.55557 0.83147 0.00000 0.25740 -0.88800 1 0 1.0
0 2.14498 6.80209 7.40000 0.55557 0.83147 0.00000 0.25740 0.88800 1 0 1.0
bag_fabric
0 2.14498 6.80209 7.40000 0.19509 0.98079 0.00000 0.25740 0.88800 1 0 1.0
0 2.14498 6.80209 -7.40000 0.19509 0.98079 0.00000 0.25740 -0.88800 1 0 1.0
0 1.15000 7.00000 -7.40000 0.19509 0.98079 0.00000 0.13800 -0.88800 1 0 1.0
bag_fabric
0 2.14498 6.80209 7.40000 0.19509 0.98079 0.00000 0.25740 0.88800 1 0 1.0
0 1.15000 7.00000 -7.40000 0.19509 0.98079 0.00000 0.13800 -0.88800 1 0 1.0
0 1.15000 7.00000 7.40000 0.19509 0.98079 0.00000 0.13800 0.88800 1 0 1.0
bag_fabric
0 1.15000 -4.40000 -10.00000 0.19509 0.00000 -0.98079 0.13800 -0.52800 1 0 1.0
0 1.15000 4.40000 -10.00000 0.19509 0.00000 -0.98079 0.13800 0.52800 1 0 1.0
0 2.14498 4.40000 -9.80209 0.19509 0.00000 -0.98079 0.25740 0.52800 1 0 1.0
bag_fabric
0 1.15000 -4.40000 -10.00000 0.19509 0.00000 -0.98079 0.13800 -0.52800 1 0 1.0
0 2.14498 4.40000 -9.80209 0.19509 0.00000 -0.98079 0.25740 0.52800 1 0 1.0
0 2.14498 -4.40000 -9.80209 0.19509 0.00000 -0.98079 0.25740 -0.52800 1 0 1.0
bag_fabric
0 2.14498 -4.40000 -9.80209 0.55557 0.00000 -0.83147 0.25740 -0.52800 1 0 1.0
0 2.14498 4.40000 -9.80209 0.55557 0.00000 -0.83147 0.25740 0.52800 1 0 1.0
0 2.98848 4.40000 -9.23848 0.55557 0.00000 -0.83147 0.35862 0.52800 1 0 1.0
bag_fabric
0 2.14498 -4.40000 -9.80209 0.55557 0.00000 -0.83147 0.25740 -0.52800 1 0 1.0
0 2.98848 4.40000 -9.23848 0.55557 0.00000 -0.83147 0.35862 0.52800 1 0 1.0
0 2.98848 -4.40000 -9.23848 0.55557 0.00000 -0.83147 0.35862 -0.52800 1 0 1.0
bag_fabric
0 2.98848 -4.40000 -9.23848 0.83147 0.00000 -0.55557 -0.52800 -1.10862 1 0 1.0
0 2.98848 4.40000 -9.23848 0.83147 0.00000 -0.55557 0.52800 -1.10862 1 0 1.0
0 3.55209 4.40000 -8.39498 0.83147 0.00000 -0.55557 0.52800 -1.00740 1 0 1.0
bag_fabric
0 2.98848 -4.40000 -9.23848 0.83147 0.00000 -0.55557 -0.52800 -1.10862 1 0 1.0
0 3.55209 4.40000 -8.39498 0.83147 0.00000 -0.55557 0.52800 -1.00740 1 0 1.0
0 3.55209 -4.40000 -8.39498 0.83147 0.00000 -0.55557 -0.52800 -1.00740 1 0 1.0
bag_fabric
0 3.55209 -4.40000 -8.39498 0.98079 0.00000 -0.19509 -0.52800 -1.00740 1 0 1.0
0 3.55209 4.40000 -8.39498 0.98079 0.00000 -0.19509 0.52800 -1.00740 1 0 1.0
0 3.75000 4.40000 -7.40000 0.98079 0.00000 -0.19509 0.52800 -0.88800 1 0 1.0
bag_fabric
0 3.55209 -4.40000 -8.39498 0.98079 -0.00000 -0.19509 -0.52800 -1.00740 1 0 1.0
0 3.75000 4.40000 -7.40000 0.98079 -0.00000 -0.19509 0.52800 -0.88800 1 0 1.0
0 3.75000 -4.40000 -7.40000 0.98079 -0.00000 -0.19509 -0.52800 -0.88800 1 0 1.0
bag_fabric
0 1.15000 4.40000 10.00000 0.19509 -0.00000 0.98079 0.13800 0.52800 1 0 1.0
0 1.15000 -4.40000 10.00000 0.19509 -0.00000 0.98079 0.13800 -0.52800 1 0 1.0
0 2.14498 -4.40000 9.80209 0.19509 -0.00000 0.98079 0.25740 -0.52800 1 0 1.0
bag_fabric
0 1.15000 4.40000 10.00000 0.19509 -0.00000 0.98079 0.13800 0.52800 1 0 1.0
0 2.14498 -4.40000 9.80209 0.19509 -0.00000 0.98079 0.25740 -0.52800 1 0 1.0
0 2.14498 4.40000 9.80209 0.19509 -0.00000 0.98079 0.25740 0.52800 1 0 1.0
bag_fabric
0 2.14498 4.40000 9.80209 0.55557 -0.00000 0.83147 0.25740 0.52800 1 0 1.0
0 2.14498 -4.40000 9.80209 0.55557 -0.00000 0.83147 0.25740 -0.52800 1 0 1.0
0 2.98848 -4.40000 9.23848 0.55557 -0.00000 0.83147 0.35862 -0.52800 1 0 1.0
bag_fabric
0 2.14498 4.40000 9.80209 0.55557 -0.00000 0.83147 0.25740 0.52800 1 0 1.0
0 2.98848 -4.40000 9.23848 0.55557 -0.00000 0.83147 0.35862 -0.52800 1 0 1.0
0 2.98848 4.40000 9.23848 0.55557 -0.00000 0.83147 0.35862 0.52800 1 0 1.0
bag_fabric
0 2.98848 4.40000 9.23848 0.83147 -0.00000 0.55557 0.52800 1.10862 1 0 1.0
0 2.98848 -4.40000 9.23848 0.83147 -0.00000 0.55557 -0.52800 1.10862 1 0 1.0
0 3.55209 -4.40000 8.39498 0.83147 -0.00000 0.55557 -0.52800 1.00740 1 0 1.0
bag_fabric
0 2.98848 4.40000 9.23848 0.83147 -0.00000 0.55557 0.52800 1.10862 1 0 1.0
0 3.55209 -4.40000 8.39498 0.83147 -0.00000 0.55557 -0.52800 1.00740 1 0 1.0
0 3.55209 4.40000 8.39498 0.83147 -0.00000 0.55557 0.52800 1.00740 1 0 1.0
bag_fabric
0 3.55209 4.40000 8.39498 0.98079 -0.00000 0.19509 0.52800 1.00740 1 0 1.0
0 3.55209 -4.40000 8.39498 0.98079 -0.00000 0.19509 -0.52800 1.00740 1 0 1.0
0 3.75000 -4.40000 7.40000 0.98079 -0.00000 0.19509 -0.52800 0.88800 1 0 1.0
bag_fabric
0 3.55209 4.40000 8.39498 0.98079 0.00000 0.19509 0.52800 1.00740 1 0 1.0
0 3.75000 -4.40000 7.40000 0.98079 0.00000 0.19509 -0.52800 0.88800 1 0 1.0
0 3.75000 4.40000 7.40000 0.98079 0.00000 0.19509 0.52800 0.88800 1 0 1.0
bag_fabric
0 1.15000 -7.00000 7.40000 0.19509 -0.98079 0.00000 0.13800 0.88800 1 0 1.0
0 1.15000 -7.00000 -7.40000 0.19509 -0.98079 0.00000 0.13800 -0.88800 1 0 1.0
0 2.14498 -6.80209 -7.40000 0.19509 -0.98079 0.00000 0.25740 -0.88800 1 0 1.0
bag_fabric
0 1.15000 -7.00000 7.40000 0.19509 -0.98079 0.00000 0.13800 0.88800 1 0 1.0
0 2.14498 -6.80209 -7.40000 0.19509 -0.98079 0.00000 0.25740 -0.88800 1 0 1.0
0 2.14498 -6.80209 7.40000 0.19509 -0.98079 0.00000 0.25740 0.88800 1 0 1.0
bag_fabric
0 2.14498 -6.80209 7.40000 0.55557 -0.83147 0.00000 0.25740 0.88800 1 0 1.0
0 2.14498 -6.80209 -7.40000 0.55557 -0.83147 0.00000 0.25740 -0.88800 1 0 1.0
0 2.98848 -6.23848 -7.40000 0.55557 -0.83147 0.00000 0.35862 -0.88800 1 0 1.0
bag_fabric
0 2.14498 -6.80209 7.40000 0.55557 -0.83147 -0.00000 0.25740 0.88800 1 0 1.0
0 2.98848 -6.23848 -7.40000 0.55557 -0.83147 -0.00000 0.35862 -0.88800 1 0 1.0
0 2.98848 -6.23848 7.40000 0.55557 -0.83147 -0.00000 0.35862 0.88800 1 0 1.0
bag_fabric
0 2.98848 -6.23848 7.40000 0.83147 -0.55557 -0.00000 -0.74862 0.88800 1 0 1.0
0 2.98848 -6.23848 -7.40000 0.83147 -0.55557 -0.00000 -0.74862 -0.88800 1 0 1.0
0 3.55209 -5.39498 -7.40000 0.83147 -0.55557 -0.00000 -0.64740 -0.88800 1 0 1.0
bag_fabric
0 2.98848 -6.23848 7.40000 0.83147 -0.55557 -0.00000 -0.74862 0.88800 1 0 1.0
0 3.55209 -5.39498 -7.40000 0.83147 -0.55557 -0.00000 -0.64740 -0.88800 1 0 1.0
0 3.55209 -5.39498 7.40000 0.83147 -0.55557 -0.00000 -0.64740 0.88800 1 0 1.0
bag_fabric
0 3.55209 -5.39498 7.40000 0.98079 -0.19509 0.00000 -0.64740 0.88800 1 0 1.0
0 3.55209 -5.39498 -7.40000 0.98079 -0.19509 0.00000 -0.64740 -0.88800 1 0 1.0
0 3.75000 -4.40000 -7.40000 0.98079 -0.19509 0.00000 -0.52800 -0.88800 1 0 1.0
bag_fabric
0 3.55209 -5.39498 7.40000 0.98079 -0.19509 -0.00000 -0.64740 0.88800 1 0 1.0
0 3.75000 -4.40000 -7.40000 0.98079 -0.19509 -0.00000 -0.52800 -0.88800 1 0 1.0
0 3.75000 -4.40000 7.40000 0.98079 -0.19509 -0.00000 -0.52800 0.88800 1 0 1.0
bag_fabric
0 -1.15000 -4.40000 -10.00000 -0.00000 -0.19509 -0.98079 -0.13800 -0.52800 1 0 1.0
0 1.15000 -4.40000 -10.00000 -0.00000 -0.19509 -0.98079 0.13800 -0.52800 1 0 1.0
0 1.15000 -5.39498 -9.80209 -0.00000 -0.19509 -0.98079 0.13800 -0.64740 1 0 1.0
bag_fabric
0 -1.15000 -4.40000 -10.00000 -0.00000 -0.19509 -0.98079 -0.13800 -0.52800 1 0 1.0
0 1.15000 -5.39498 -9.80209 -0.00000 -0.19509 -0.98079 0.13800 -0.64740 1 0 1.0
0 -1.15000 -5.39498 -9.80209 -0.00000 -0.19509 -0.98079 -0.13800 -0.64740 1 0 1.0
bag_fabric
0 -1.15000 -5.39498 -9.80209 -0.00000 -0.55557 -0.83147 -0.13800 -0.64740 1 0 1.0
0 1.15000 -5.39498 -9.80209 -0.00000 -0.55557 -0.83147 0.13800 -0.64740 1 0 1.0
0 1.15000 -6.23848 -9.23848 -0.00000 -0.55557 -0.83147 0.13800 -0.74862 1 0 1.0
bag_fabric
0 -1.15000 -5.39498 -9.80209 -0.00000 -0.55557 -0.83147 -0.13800 -0.64740 1 0 1.0
0 1.15000 -6.23848 -9.23848 -0.00000 -0.55557 -0.83147 0.13800 -0.74862 1 0 1.0
0 -1.15000 -6.23848 -9.23848 -0.00000 -0.55557 -0.83147 -0.13800 -0.74862 1 0 1.0
bag_fabric
0 -1.15000 -6.23848 -9.23848 -0.00000 -0.83147 -0.55557 -0.13800 -1.10862 1 0 1.0
0 1.15000 -6.23848 -9.23848 -0.00000 -0.83147 -0.55557 0.13800 -1.10862 1 0 1.0
0 1.15000 -6.80209 -8.39498 -0.00000 -0.83147 -0.55557 0.13800 -1.00740 1 0 1.0
bag_fabric
0 -1.15000 -6.23848 -9.23848 0.00000 -0.83147 -0.55557 -0.13800 -1.10862 1 0 1.0
0 1.15000 -6.80209 -8.39498 0.00000 -0.83147 -0.55557 0.13800 -1.00740 1 0 1.0
0 -1.15000 -6.80209 -8.39498 0.00000 -0.83147 -0.55557 -0.13800 -1.00740 1 0 1.0
bag_fabric
0 -1.15000 -6.80209 -8.39498 0.00000 -0.98079 -0.19509 -0.13800 -1.00740 1 0 1.0
0 1.15000 -6.80209 -8.39498 0.00000 -0.98079 -0.19509 0.13800 -1.00740 1 0 1.0
0 1.15000 -7.00000 -7.40000 0.00000 -0.98079 -0.19509 0.13800 -0.88800 1 0 1.0
bag_fabric
0 -1.15000 -6.80209 -8.39498 0.00000 -0.98079 -0.19509 -0.13800 -1.00740 1 0 1.0
0 1.15000 -7.00000 -7.40000 0.00000 -0.98079 -0.19509 0.13800 -0.88800 1 0 1.0
0 -1.15000 -7.00000 -7.40000 0.00000 -0.98079 -0.19509 -0.13800 -0.88800 1 0 1.0
bag_fabric
0 1.15000 -4.40000 10.00000 0.00000 -0.19509 0.98079 0.13800 -0.52800 1 0 1.0
0 -1.15000 -4.40000 10.00000 0.00000 -0.19509 0.98079 -0.13800 -0.52800 1 0 1.0
0 -1.15000 -5.39498 9.80209 0.00000 -0.19509 0.98079 -0.13800 -0.64740 1 0 1.0
bag_fabric
0 1.15000 -4.40000 10.00000 0.00000 -0.19509 0.98079 0.13800 -0.52800 1 0 1.0
0 -1.15000 -5.39498 9.80209 0.00000 -0.19509 0.98079 -0.13800 -0.64740 1 0 1.0
0 1.15000 -5.39498 9.80209 0.00000 -0.19509 0.98079 0.13800 -0.64740 1 0 1.0
bag_fabric
0 1.15000 -5.39498 9.80209 0.00000 -0.55557 0.83147 0.13800 -0.64740 1 0 1.0
0 -1.15000 -5.39498 9.80209 0.00000 -0.55557 0.83147 -0.13800 -0.64740 1 0 1.0
0 -1.15000 -6.23848 9.23848 0.00000 -0.55557 0.83147 -0.13800 -0.74862 1 0 1.0
bag_fabric
0 1.15000 -5.39498 9.80209 0.00000 -0.55557 0.83147 0.13800 -0.64740 1 0 1.0
0 -1.15000 -6.23848 9.23848 0.00000 -0.55557 0.83147 -0.13800 -0.74862 1 0 1.0
0 1.15000 -6.23848 9.23848 0.00000 -0.55557 0.83147 0.13800 -0.74862 1 0 1.0
bag_fabric
0 1.15000 -6.23848 9.23848 0.00000 -0.83147 0.55557 0.13800 1.10862 1 0 1.0
0 -1.15000 -6.23848 9.23848 0.00000 -0.83147 0.55557 -0.13800 1.10862 1 0 1.0
0 -1.15000 -6.80209 8.39498 0.00000 -0.83147 0.55557 -0.13800 1.00740 1 0 1.0
bag_fabric
0 1.15000 -6.23848 9.23848 0.00000 -0.83147 0.55557 0.13800 1.10862 1 0 1.0
0 -1.15000 -6.80209 8.39498 0.00000 -0.83147 0.55557 -0.13800 1.00740 1 0 1.0
0 1.15000 -6.80209 8.39498 0.00000 -0.83147 0.55557 0.13800 1.00740 1 0 1.0
bag_fabric
0 1.15000 -6.80209 8.39498 0.00000 -0.98079 0.19509 0.13800 1.00740 1 0 1.0
0 -1.15000 -6.80209 8.39498 0.00000 -0.98079 0.19509 -0.13800 1.00740 1 0 1.0
0 -1.15000 -7.00000 7.40000 0.00000 -0.98079 0.19509 -0.13800 0.88800 1 0 1.0
bag_fabric
0 1.15000 -6.80209 8.39498 0.00000 -0.98079 0.19509 0.13800 1.00740 1 0 1.0
0 -1.15000 -7.00000 7.40000 0.00000 -0.98079 0.19509 -0.13800 0.88800 1 0 1.0
0 1.15000 -7.00000 7.40000 0.00000 -0.98079 0.19509 0.13800 0.88800 1 0 1.0
bag_fabric
0 -1.15000 4.40000 -10.00000 0.00000 0.00000 -1.00000 -0.13800 0.52800 1 0 1.0
0 1.15000 4.40000 -10.00000 0.00000 0.00000 -1.00000 0.13800 0.52800 1 0 1.0
0 1.15000 -4.40000 -10.00000 0.00000 0.00000 -1.00000 0.13800 -0.52800 1 0 1.0
bag_fabric
0 -1.15000 4.40000 -10.00000 0.00000 0.00000 -1.00000 -0.13800 0.52800 1 0 1.0
0 1.15000 -4.40000 -10.00000 0.00000 0.00000 -1.00000 0.13800 -0.52800 1 0 1.0
0 -1.15000 -4.40000 -10.00000 0.00000 0.00000 -1.00000 -0.13800 -0.52800 1 0 1.0
bag_fabric
0 -3.75000 -4.40000 -7.40000 -1.00000 0.00000 0.00000 -0.52800 -0.88800 1 0 1.0
0 -3.75000 -4.40000 7.40000 -1.00000 0.00000 0.00000 -0.52800 0.88800 1 0 1.0
0 -3.75000 4.40000 7.40000 -1.00000 0.00000 0.00000 0.52800 0.88800 1 0 1.0
bag_fabric
0 -3.75000 -4.40000 -7.40000 -1.00000 0.00000 0.00000 -0.52800 -0.88800 1 0 1.0
0 -3.75000 4.40000 7.40000 -1.00000 0.00000 0.00000 0.52800 0.88800 1 0 1.0
0 -3.75000 4.40000 -7.40000 -1.00000 0.00000 0.00000 0.52800 -0.88800 1 0 1.0
bag_fabric
0 1.15000 -7.00000 -7.40000 0.00000 -1.00000 0.00000 0.13800 -0.88800 1 0 1.0
0 1.15000 -7.00000 7.40000 0.00000 -1.00000 0.00000 0.13800 0.88800 1 0 1.0
0 -1.15000 -7.00000 7.40000 0.00000 -1.00000 0.00000 -0.13800 0.88800 1 0 1.0
bag_fabric
0 1.15000 -7.00000 -7.40000 0.00000 -1.00000 0.00000 0.13800 -0.88800 1 0 1.0
0 -1.15000 -7.00000 7.40000 0.00000 -1.00000 0.00000 -0.13800 0.88800 1 0 1.0
0 -1.15000 -7.00000 -7.40000 0.00000 -1.00000 0.00000 -0.13800 -0.88800 1 0 1.0
bag_fabric
0 1.15000 4.40000 10.00000 0.00000 0.00000 1.00000 0.13800 0.52800 1 0 1.0
0 -1.15000 4.40000 10.00000 0.00000 0.00000 1.00000 -0.13800 0.52800 1 0 1.0
0 -1.15000 -4.40000 10.00000 0.00000 0.00000 1.00000 -0.13800 -0.52800 1 0 1.0
bag_fabric
0 1.15000 4.40000 10.00000 0.00000 0.00000 1.00000 0.13800 0.52800 1 0 1.0
0 -1.15000 -4.40000 10.00000 0.00000 0.00000 1.00000 -0.13800 -0.52800 1 0 1.0
0 1.15000 -4.40000 10.00000 0.00000 0.00000 1.00000 0.13800 -0.52800 1 0 1.0
bag_fabric
0 -1.15000 7.00000 -7.40000 0.00000 1.00000 0.00000 -0.13800 -0.88800 1 0 1.0
0 -1.15000 7.00000 7.40000 0.00000 1.00000 0.00000 -0.13800 0.88800 1 0 1.0
0 1.15000 7.00000 7.40000 0.00000 1.00000 0.00000 0.13800 0.88800 1 0 1.0
bag_fabric
0 -1.15000 7.00000 -7.40000 0.00000 1.00000 0.00000 -0.13800 -0.88800 1 0 1.0
0 1.15000 7.00000 7.40000 0.00000 1.00000 0.00000 0.13800 0.88800 1 0 1.0
0 1.15000 7.00000 -7.40000 0.00000 1.00000 0.00000 0.13800 -0.88800 1 0 1.0
bag_fabric
0 3.75000 4.40000 -7.40000 1.00000 0.00000 0.00000 0.52800 -0.88800 1 0 1.0
0 3.75000 4.40000 7.40000 1.00000 0.00000 0.00000 0.52800 0.88800 1 0 1.0
0 3.75000 -4.40000 7.40000 1.00000 0.00000 0.00000 -0.52800 0.88800 1 0 1.0
bag_fabric
0 3.75000 4.40000 -7.40000 1.00000 0.00000 0.00000 0.52800 -0.88800 1 0 1.0
0 3.75000 -4.40000 7.40000 1.00000 0.00000 0.00000 -0.52800 0.88800 1 0 1.0
0 3.75000 -4.40000 -7.40000 1.00000 0.00000 0.00000 -0.52800 -0.88800 1 0 1.0
bag_fabric
0 4.35000 -4.04000 -8.80000 -0.26387 -0.24929 -0.93179 0.52200 -0.48480 1 0 1.0
0 4.35000 -4.53934 -8.66640 -0.26387 -0.24929 -0.93179 0.52200 -0.54472 1 0 1.0
0 3.87179 -4.51821 -8.53663 -0.26387 -0.24929 -0.93179 0.46461 -0.54219 1 0 1.0
bag_fabric
0 4.35000 -4.04000 -8.80000 -0.24929 -0.26387 -0.93179 0.52200 -0.48480 1 0 1.0
0 3.87179 -4.51821 -8.53663 -0.24929 -0.26387 -0.93179 0.46461 -0.54219 1 0 1.0
0 3.85066 -4.04000 -8.66640 -0.24929 -0.26387 -0.93179 0.46208 -0.48480 1 0 1.0
bag_fabric
0 4.35000 -4.53934 -8.66640 -0.21778 -0.69014 -0.69014 0.52200 -1.03997 1 0 1.0
0 4.35000 -4.90640 -8.29934 -0.21778 -0.69014 -0.69014 0.52200 -0.99592 1 0 1.0
0 3.87179 -4.77663 -8.27821 -0.21778 -0.69014 -0.69014 0.46461 -0.99339 1 0 1.0
bag_fabric
0 4.35000 -4.53934 -8.66640 -0.21778 -0.69014 -0.69014 0.52200 -1.03997 1 0 1.0
0 3.87179 -4.77663 -8.27821 -0.21778 -0.69014 -0.69014 0.46461 -0.99339 1 0 1.0
0 3.87179 -4.51821 -8.53663 -0.21778 -0.69014 -0.69014 0.46461 -1.02440 1 0 1.0
bag_fabric
0 4.35000 -5.04000 -7.80000 -0.24929 -0.93179 -0.26387 0.52200 -0.93600 1 0 1.0
0 3.85066 -4.90640 -7.80000 -0.24929 -0.93179 -0.26387 0.46208 -0.93600 1 0 1.0
0 3.87179 -4.77663 -8.27821 -0.24929 -0.93179 -0.26387 0.46461 -0.99339 1 0 1.0
bag_fabric
0 4.35000 -5.04000 -7.80000 -0.26387 -0.93179 -0.24929 0.52200 -0.93600 1 0 1.0
0 3.87179 -4.77663 -8.27821 -0.26387 -0.93179 -0.24929 0.46461 -0.99339 1 0 1.0
0 4.35000 -4.90640 -8.29934 -0.26387 -0.93179 -0.24929 0.52200 -0.99592 1 0 1.0
bag_fabric
0 3.85066 -4.90640 -7.80000 -0.69014 -0.69014 -0.21778 -0.58877 -0.93600 1 0 1.0
0 3.48360 -4.53934 -7.80000 -0.69014 -0.69014 -0.21778 -0.54472 -0.93600 1 0 1.0
0 3.61337 -4.51821 -8.27821 -0.69014 -0.69014 -0.21778 -0.54219 -0.99339 1 0 1.0
bag_fabric
0 3.85066 -4.90640 -7.80000 -0.69014 -0.69014 -0.21778 -0.58877 -0.93600 1 0 1.0
0 3.61337 -4.51821 -8.27821 -0.69014 -0.69014 -0.21778 -0.54219 -0.99339 1 0 1.0
0 3.87179 -4.77663 -8.27821 -0.69014 -0.69014 -0.21778 -0.57320 -0.99339 1 0 1.0
bag_fabric
0 3.35000 -4.04000 -7.80000 -0.93179 -0.26387 -0.24929 -0.48480 -0.93600 1 0 1.0
0 3.48360 -4.04000 -8.29934 -0.93179 -0.26387 -0.24929 -0.48480 -0.99592 1 0 1.0
0 3.61337 -4.51821 -8.27821 -0.93179 -0.26387 -0.24929 -0.54219 -0.99339 1 0 1.0
bag_fabric
0 3.35000 -4.04000 -7.80000 -0.93179 -0.24929 -0.26387 -0.48480 -0.93600 1 0 1.0
0 3.61337 -4.51821 -8.27821 -0.93179 -0.24929 -0.26387 -0.54219 -0.99339 1 0 1.0
0 3.48360 -4.53934 -7.80000 -0.93179 -0.24929 -0.26387 -0.54472 -0.93600 1 0 1.0
bag_fabric
0 3.48360 -4.04000 -8.29934 -0.69013 -0.21778 -0.69014 0.41803 -0.48480 1 0 1.0
0 3.85066 -4.04000 -8.66640 -0.69013 -0.21778 -0.69014 0.46208 -0.48480 1 0 1.0
0 3.87179 -4.51821 -8.53663 -0.69013 -0.21778 -0.69014 0.46461 -0.54219 1 0 1.0
bag_fabric
0 3.48360 -4.04000 -8.29934 -0.69014 -0.21778 -0.69014 0.41803 -0.48480 1 0 1.0
0 3.87179 -4.51821 -8.53663 -0.69014 -0.21778 -0.69014 0.46461 -0.54219 1 0 1.0
0 3.61337 -4.51821 -8.27821 -0.69014 -0.21778 -0.69014 0.43360 -0.54219 1 0 1.0
bag_fabric
0 3.87179 -4.51821 -8.53663 -0.57735 -0.57735 -0.57735 -0.54219 -1.02440 1 0 1.0
0 3.87179 -4.77663 -8.27821 -0.57735 -0.57735 -0.57735 -0.57320 -0.99339 1 0 1.0
0 3.61337 -4.51821 -8.27821 -0.57735 -0.57735 -0.57735 -0.54219 -0.99339 1 0 1.0
bag_fabric
0 4.35000 -5.04000 -2.60000 -0.26387 -0.93179 0.24929 0.52200 -0.31200 1 0 1.0
0 4.35000 -4.90640 -2.10066 -0.26387 -0.93179 0.24929 0.52200 -0.25208 1 0 1.0
0 3.87179 -4.77663 -2.12179 -0.26387 -0.93179 0.24929 0.46461 -0.25461 1 0 1.0
bag_fabric
0 4.35000 -5.04000 -2.60000 -0.24929 -0.93179 0.26387 0.52200 -0.31200 1 0 1.0
0 3.87179 -4.77663 -2.12179 -0.24929 -0.93179 0.26387 0.46461 -0.25461 1 0 1.0
0 3.85066 -4.90640 -2.60000 -0.24929 -0.93179 0.26387 0.46208 -0.31200 1 0 1.0
bag_fabric
0 4.35000 -4.90640 -2.10066 -0.21778 -0.69014 0.69013 0.52200 -0.25208 1 0 1.0
0 4.35000 -4.53934 -1.73360 -0.21778 -0.69014 0.69013 0.52200 -0.20803 1 0 1.0
0 3.87179 -4.51821 -1.86337 -0.21778 -0.69014 0.69013 0.46461 -0.22360 1 0 1.0
bag_fabric
0 4.35000 -4.90640 -2.10066 -0.21778 -0.69014 0.69014 0.52200 -0.25208 1 0 1.0
0 3.87179 -4.51821 -1.86337 -0.21778 -0.69014 0.69014 0.46461 -0.22360 1 0 1.0
0 3.87179 -4.77663 -2.12179 -0.21778 -0.69014 0.69014 0.46461 -0.25461 1 0 1.0
bag_fabric
0 4.35000 -4.04000 -1.60000 -0.24929 -0.26387 0.93179 0.52200 -0.48480 1 0 1.0
0 3.85066 -4.04000 -1.73360 -0.24929 -0.26387 0.93179 0.46208 -0.48480 1 0 1.0
0 3.87179 -4.51821 -1.86337 -0.24929 -0.26387 0.93179 0.46461 -0.54219 1 0 1.0
bag_fabric
0 4.35000 -4.04000 -1.60000 -0.26387 -0.24929 0.93179 0.52200 -0.48480 1 0 1.0
0 3.87179 -4.51821 -1.86337 -0.26387 -0.24929 0.93179 0.46461 -0.54219 1 0 1.0
0 4.35000 -4.53934 -1.73360 -0.26387 -0.24929 0.93179 0.52200 -0.54472 1 0 1.0
bag_fabric
0 3.85066 -4.04000 -1.73360 -0.69014 -0.21778 0.69014 -0.48480 -0.20803 1 0 1.0
0 3.48360 -4.04000 -2.10066 -0.69014 -0.21778 0.69014 -0.48480 -0.25208 1 0 1.0
0 3.61337 -4.51821 -2.12179 -0.69014 -0.21778 0.69014 -0.54219 -0.25461 1 0 1.0
bag_fabric
0 3.85066 -4.04000 -1.73360 -0.69014 -0.21778 0.69014 -0.48480 -0.20803 1 0 1.0
0 3.61337 -4.51821 -2.12179 -0.69014 -0.21778 0.69014 -0.54219 -0.25461 1 0 1.0
0 3.87179 -4.51821 -1.86337 -0.69014 -0.21778 0.69014 -0.54219 -0.22360 1 0 1.0
bag_fabric
0 3.35000 -4.04000 -2.60000 -0.93179 -0.24929 0.26387 -0.48480 -0.31200 1 0 1.0
0 3.48360 -4.53934 -2.60000 -0.93179 -0.24929 0.26387 -0.54472 -0.31200 1 0 1.0
0 3.61337 -4.51821 -2.12179 -0.93179 -0.24929 0.26387 -0.54219 -0.25461 1 0 1.0
bag_fabric
0 3.35000 -4.04000 -2.60000 -0.93179 -0.26387 0.24929 -0.48480 -0.31200 1 0 1.0
0 3.61337 -4.51821 -2.12179 -0.93179 -0.26387 0.24929 -0.54219 -0.25461 1 0 1.0
0 3.48360 -4.04000 -2.10066 -0.93179 -0.26387 0.24929 -0.48480 -0.25208 1 0 1.0
bag_fabric
0 3.48360 -4.53934 -2.60000 -0.69014 -0.69014 0.21778 -0.54472 -0.31200 1 0 1.0
0 3.85066 -4.90640 -2.60000 -0.69014 -0.69014 0.21778 -0.58877 -0.31200 1 0 1.0
0 3.87179 -4.77663 -2.12179 -0.69014 -0.69014 0.21778 -0.57320 -0.25461 1 0 1.0
bag_fabric
0 3.48360 -4.53934 -2.60000 -0.69014 -0.69014 0.21778 -0.54472 -0.31200 1 0 1.0
0 3.87179 -4.77663 -2.12179 -0.69014 -0.69014 0.21778 -0.57320 -0.25461 1 0 1.0
0 3.61337 -4.51821 -2.12179 -0.69014 -0.69014 0.21778 -0.54219 -0.25461 1 0 1.0
bag_fabric
0 3.87179 -4.77663 -2.12179 -0.57735 -0.57735 0.57735 -0.57320 -0.25461 1 0 1.0
0 3.87179 -4.51821 -1.86337 -0.57735 -0.57735 0.57735 -0.54219 -0.22360 1 0 1.0
0 3.61337 -4.51821 -2.12179 -0.57735 -0.57735 0.57735 -0.54219 -0.25461 1 0 1.0
bag_fabric
0 4.35000 4.04000 -8.80000 -0.24929 0.26387 -0.93179 0.52200 0.48480 1 0 1.0
0 3.85066 4.04000 -8.66640 -0.24929 0.26387 -0.93179 0.46208 0.48480 1 0 1.0
0 3.87179 4.51821 -8.53663 -0.24929 0.26387 -0.93179 0.46461 0.54219 1 0 1.0
bag_fabric
0 4.35000 4.04000 -8.80000 -0.26387 0.24929 -0.93179 0.52200 0.48480 1 0 1.0
0 3.87179 4.51821 -8.53663 -0.26387 0.24929 -0.93179 0.46461 0.54219 1 0 1.0
0 4.35000 4.53934 -8.66640 -0.26387 0.24929 -0.93179 0.52200 0.54472 1 0 1.0
bag_fabric
0 3.85066 4.04000 -8.66640 -0.69013 0.21778 -0.69014 0.46208 0.48480 1 0 1.0
0 3.48360 4.04000 -8.29934 -0.69013 0.21778 -0.69014 0.41803 0.48480 1 0 1.0
0 3.61337 4.51821 -8.27821 -0.69013 0.21778 -0.69014 0.43360 0.54219 1 0 1.0
bag_fabric
0 3.85066 4.04000 -8.66640 -0.69014 0.21778 -0.69014 0.46208 0.48480 1 0 1.0
0 3.61337 4.51821 -8.27821 -0.69014 0.21778 -0.69014 0.43360 0.54219 1 0 1.0
0 3.87179 4.51821 -8.53663 -0.69014 0.21778 -0.69014 0.46461 0.54219 1 0 1.0
bag_fabric
0 3.35000 4.04000 -7.80000 -0.93179 0.24929 -0.26387 0.48480 -0.93600 1 0 1.0
0 3.48360 4.53934 -7.80000 -0.93179 0.24929 -0.26387 0.54472 -0.93600 1 0 1.0
0 3.61337 4.51821 -8.27821 -0.93179 0.24929 -0.26387 0.54219 -0.99339 1 0 1.0
bag_fabric
0 3.35000 4.04000 -7.80000 -0.93179 0.26387 -0.24929 0.48480 -0.93600 1 0 1.0
0 3.61337 4.51821 -8.27821 -0.93179 0.26387 -0.24929 0.54219 -0.99339 1 0 1.0
0 3.48360 4.04000 -8.29934 -0.93179 0.26387 -0.24929 0.48480 -0.99592 1 0 1.0
bag_fabric
0 3.48360 4.53934 -7.80000 -0.69014 0.69014 -0.21778 0.54472 -0.93600 1 0 1.0
0 3.85066 4.90640 -7.80000 -0.69014 0.69014 -0.21778 0.58877 -0.93600 1 0 1.0
0 3.87179 4.77663 -8.27821 -0.69014 0.69014 -0.21778 0.57320 -0.99339 1 0 1.0
bag_fabric
0 3.48360 4.53934 -7.80000 -0.69014 0.69014 -0.21778 0.54472 -0.93600 1 0 1.0
0 3.87179 4.77663 -8.27821 -0.69014 0.69014 -0.21778 0.57320 -0.99339 1 0 1.0
0 3.61337 4.51821 -8.27821 -0.69014 0.69014 -0.21778 0.54219 -0.99339 1 0 1.0
bag_fabric
0 4.35000 5.04000 -7.80000 -0.26387 0.93179 -0.24929 0.52200 -0.93600 1 0 1.0
0 4.35000 4.90640 -8.29934 -0.26387 0.93179 -0.24929 0.52200 -0.99592 1 0 1.0
0 3.87179 4.77663 -8.27821 -0.26387 0.93179 -0.24929 0.46461 -0.99339 1 0 1.0
bag_fabric
0 4.35000 5.04000 -7.80000 -0.24929 0.93179 -0.26387 0.52200 -0.93600 1 0 1.0
0 3.87179 4.77663 -8.27821 -0.24929 0.93179 -0.26387 0.46461 -0.99339 1 0 1.0
0 3.85066 4.90640 -7.80000 -0.24929 0.93179 -0.26387 0.46208 -0.93600 1 0 1.0
bag_fabric
0 4.35000 4.90640 -8.29934 -0.21778 0.69014 -0.69014 0.52200 -0.99592 1 0 1.0
0 4.35000 4.53934 -8.66640 -0.21778 0.69014 -0.69014 0.52200 -1.03997 1 0 1.0
0 3.87179 4.51821 -8.53663 -0.21778 0.69014 -0.69014 0.46461 -1.02440 1 0 1.0
bag_fabric
0 4.35000 4.90640 -8.29934 -0.21778 0.69014 -0.69014 0.52200 -0.99592 1 0 1.0
0 3.87179 4.51821 -8.53663 -0.21778 0.69014 -0.69014 0.46461 -1.02440 1 0 1.0
0 3.87179 4.77663 -8.27821 -0.21778 0.69014 -0.69014 0.46461 -0.99339 1 0 1.0
bag_fabric
0 3.87179 4.51821 -8.53663 -0.57735 0.57735 -0.57735 0.54219 -1.02440 1 0 1.0
0 3.61337 4.51821 -8.27821 -0.57735 0.57735 -0.57735 0.54219 -0.99339 1 0 1.0
0 3.87179 4.77663 -8.27821 -0.57735 0.57735 -0.57735 0.57320 -0.99339 1 0 1.0
bag_fabric
0 4.35000 4.04000 -1.60000 -0.26387 0.24929 0.93179 0.52200 0.48480 1 0 1.0
0 4.35000 4.53934 -1.73360 -0.26387 0.24929 0.93179 0.52200 0.54472 1 0 1.0
0 3.87179 4.51821 -1.86337 -0.26387 0.24929 0.93179 0.46461 0.54219 1 0 1.0
bag_fabric
0 4.35000 4.04000 -1.60000 -0.24929 0.26387 0.93179 0.52200 0.48480 1 0 1.0
0 3.87179 4.51821 -1.86337 -0.24929 0.26387 0.93179 0.46461 0.54219 1 0 1.0
0 3.85066 4.04000 -1.73360 -0.24929 0.26387 0.93179 0.46208 0.48480 1 0 1.0
bag_fabric
0 4.35000 4.53934 -1.73360 -0.21778 0.69014 0.69013 0.52200 -0.20803 1 0 1.0
0 4.35000 4.90640 -2.10066 -0.21778 0.69014 0.69013 0.52200 -0.25208 1 0 1.0
0 3.87179 4.77663 -2.12179 -0.21778 0.69014 0.69013 0.46461 -0.25461 1 0 1.0
bag_fabric
0 4.35000 4.53934 -1.73360 -0.21778 0.69014 0.69014 0.52200 -0.20803 1 0 1.0
0 3.87179 4.77663 -2.12179 -0.21778 0.69014 0.69014 0.46461 -0.25461 1 0 1.0
0 3.87179 4.51821 -1.86337 -0.21778 0.69014 0.69014 0.46461 -0.22360 1 0 1.0
bag_fabric
0 4.35000 5.04000 -2.60000 -0.24929 0.93179 0.26387 0.52200 -0.31200 1 0 1.0
0 3.85066 4.90640 -2.60000 -0.24929 0.93179 0.26387 0.46208 -0.31200 1 0 1.0
0 3.87179 4.77663 -2.12179 -0.24929 0.93179 0.26387 0.46461 -0.25461 1 0 1.0
bag_fabric
0 4.35000 5.04000 -2.60000 -0.26387 0.93179 0.24929 0.52200 -0.31200 1 0 1.0
0 3.87179 4.77663 -2.12179 -0.26387 0.93179 0.24929 0.46461 -0.25461 1 0 1.0
0 4.35000 4.90640 -2.10066 -0.26387 0.93179 0.24929 0.52200 -0.25208 1 0 1.0
bag_fabric
0 3.85066 4.90640 -2.60000 -0.69014 0.69014 0.21778 0.58877 -0.31200 1 0 1.0
0 3.48360 4.53934 -2.60000 -0.69014 0.69014 0.21778 0.54472 -0.31200 1 0 1.0
0 3.61337 4.51821 -2.12179 -0.69014 0.69014 0.21778 0.54219 -0.25461 1 0 1.0
bag_fabric
0 3.85066 4.90640 -2.60000 -0.69014 0.69014 0.21778 0.58877 -0.31200 1 0 1.0
0 3.61337 4.51821 -2.12179 -0.69014 0.69014 0.21778 0.54219 -0.25461 1 0 1.0
0 3.87179 4.77663 -2.12179 -0.69014 0.69014 0.21778 0.57320 -0.25461 1 0 1.0
bag_fabric
0 3.35000 4.04000 -2.60000 -0.93179 0.26387 0.24929 0.48480 -0.31200 1 0 1.0
0 3.48360 4.04000 -2.10066 -0.93179 0.26387 0.24929 0.48480 -0.25208 1 0 1.0
0 3.61337 4.51821 -2.12179 -0.93179 0.26387 0.24929 0.54219 -0.25461 1 0 1.0
bag_fabric
0 3.35000 4.04000 -2.60000 -0.93179 0.24929 0.26387 0.48480 -0.31200 1 0 1.0
0 3.61337 4.51821 -2.12179 -0.93179 0.24929 0.26387 0.54219 -0.25461 1 0 1.0
0 3.48360 4.53934 -2.60000 -0.93179 0.24929 0.26387 0.54472 -0.31200 1 0 1.0
bag_fabric
0 3.48360 4.04000 -2.10066 -0.69014 0.21778 0.69014 0.48480 -0.25208 1 0 1.0
0 3.85066 4.04000 -1.73360 -0.69014 0.21778 0.69014 0.48480 -0.20803 1 0 1.0
0 3.87179 4.51821 -1.86337 -0.69014 0.21778 0.69014 0.54219 -0.22360 1 0 1.0
bag_fabric
0 3.48360 4.04000 -2.10066 -0.69014 0.21778 0.69014 0.48480 -0.25208 1 0 1.0
0 3.87179 4.51821 -1.86337 -0.69014 0.21778 0.69014 0.54219 -0.22360 1 0 1.0
0 3.61337 4.51821 -2.12179 -0.69014 0.21778 0.69014 0.54219 -0.25461 1 0 1.0
bag_fabric
0 3.87179 4.51821 -1.86337 -0.57735 0.57735 0.57735 0.54219 -0.22360 1 0 1.0
0 3.87179 4.77663 -2.12179 -0.57735 0.57735 0.57735 0.57320 -0.25461 1 0 1.0
0 3.61337 4.51821 -2.12179 -0.57735 0.57735 0.57735 0.54219 -0.25461 1 0 1.0
bag_fabric
0 4.95000 -4.04000 -8.80000 0.24929 -0.26387 -0.93179 0.59400 -0.48480 1 0 1.0
0 5.44934 -4.04000 -8.66640 0.24929 -0.26387 -0.93179 0.65392 -0.48480 1 0 1.0
0 5.42821 -4.51821 -8.53663 0.24929 -0.26387 -0.93179 0.65139 -0.54219 1 0 1.0
bag_fabric
0 4.95000 -4.04000 -8.80000 0.26387 -0.24929 -0.93179 0.59400 -0.48480 1 0 1.0
0 5.42821 -4.51821 -8.53663 0.26387 -0.24929 -0.93179 0.65139 -0.54219 1 0 1.0
0 4.95000 -4.53934 -8.66640 0.26387 -0.24929 -0.93179 0.59400 -0.54472 1 0 1.0
bag_fabric
0 5.44934 -4.04000 -8.66640 0.69014 -0.21778 -0.69014 -0.48480 -1.03997 1 0 1.0
0 5.81640 -4.04000 -8.29934 0.69014 -0.21778 -0.69014 -0.48480 -0.99592 1 0 1.0
0 5.68663 -4.51821 -8.27821 0.69014 -0.21778 -0.69014 -0.54219 -0.99339 1 0 1.0
bag_fabric
0 5.44934 -4.04000 -8.66640 0.69014 -0.21778 -0.69014 -0.48480 -1.03997 1 0 1.0
0 5.68663 -4.51821 -8.27821 0.69014 -0.21778 -0.69014 -0.54219 -0.99339 1 0 1.0
0 5.42821 -4.51821 -8.53663 0.69014 -0.21778 -0.69014 -0.54219 -1.02440 1 0 1.0
bag_fabric
0 5.95000 -4.04000 -7.80000 0.93179 -0.24929 -0.26387 -0.48480 -0.93600 1 0 1.0
0 5.81640 -4.53934 -7.80000 0.93179 -0.24929 -0.26387 -0.54472 -0.93600 1 0 1.0
0 5.68663 -4.51821 -8.27821 0.93179 -0.24929 -0.26387 -0.54219 -0.99339 1 0 1.0
bag_fabric
0 5.95000 -4.04000 -7.80000 0.93179 -0.26387 -0.24929 -0.48480 -0.93600 1 0 1.0
0 5.68663 -4.51821 -8.27821 0.93179 -0.26387 -0.24929 -0.54219 -0.99339 1 0 1.0
0 5.81640 -4.04000 -8.29934 0.93179 -0.26387 -0.24929 -0.48480 -0.99592 1 0 1.0
bag_fabric
0 5.81640 -4.53934 -7.80000 0.69014 -0.69014 -0.21778 -0.54472 -0.93600 1 0 1.0
0 5.44934 -4.90640 -7.80000 0.69014 -0.69014 -0.21778 -0.58877 -0.93600 1 0 1.0
0 5.42821 -4.77663 -8.27821 0.69014 -0.69014 -0.21778 -0.57320 -0.99339 1 0 1.0
bag_fabric
0 5.81640 -4.53934 -7.80000 0.69014 -0.69014 -0.21778 -0.54472 -0.93600 1 0 1.0
0 5.42821 -4.77663 -8.27821 0.69014 -0.69014 -0.21778 -0.57320 -0.99339 1 0 1.0
0 5.68663 -4.51821 -8.27821 0.69014 -0.69014 -0.21778 -0.54219 -0.99339 1 0 1.0
bag_fabric
0 4.95000 -5.04000 -7.80000 0.26387 -0.93179 -0.24929 0.59400 -0.93600 1 0 1.0
0 4.95000 -4.90640 -8.29934 0.26387 -0.93179 -0.24929 0.59400 -0.99592 1 0 1.0
0 5.42821 -4.77663 -8.27821 0.26387 -0.93179 -0.24929 0.65139 -0.99339 1 0 1.0
bag_fabric
0 4.95000 -5.04000 -7.80000 0.24929 -0.93179 -0.26387 0.59400 -0.93600 1 0 1.0
0 5.42821 -4.77663 -8.27821 0.24929 -0.93179 -0.26387 0.65139 -0.99339 1 0 1.0
0 5.44934 -4.90640 -7.80000 0.24929 -0.93179 -0.26387 0.65392 -0.93600 1 0 1.0
bag_fabric
0 4.95000 -4.90640 -8.29934 0.21778 -0.69014 -0.69014 0.59400 -0.99592 1 0 1.0
0 4.95000 -4.53934 -8.66640 0.21778 -0.69014 -0.69014 0.59400 -1.03997 1 0 1.0
0 5.42821 -4.51821 -8.53663 0.21778 -0.69014 -0.69014 0.65139 -1.02440 1 0 1.0
bag_fabric
0 4.95000 -4.90640 -8.29934 0.21778 -0.69014 -0.69014 0.59400 -0.99592 1 0 1.0
0 5.42821 -4.51821 -8.53663 0.21778 -0.69014 -0.69014 0.65139 -1.02440 1 0 1.0
0 5.42821 -4.77663 -8.27821 0.21778 -0.69014 -0.69014 0.65139 -0.99339 1 0 1.0
bag_fabric
0 5.42821 -4.51821 -8.53663 0.57735 -0.57735 -0.57735 -0.54219 -1.02440 1 0 1.0
0 5.68663 -4.51821 -8.27821 0.57735 -0.57735 -0.57735 -0.54219 -0.99339 1 0 1.0
0 5.42821 -4.77663 -8.27821 0.57735 -0.57735 -0.57735 -0.57320 -0.99339 1 0 1.0
bag_fabric
0 4.95000 -4.04000 -1.60000 0.26387 -0.24929 0.93179 0.59400 -0.48480 1 0 1.0
0 4.95000 -4.53934 -1.73360 0.26387 -0.24929 0.93179 0.59400 -0.54472 1 0 1.0
0 5.42821 -4.51821 -1.86337 0.26387 -0.24929 0.93179 0.65139 -0.54219 1 0 1.0
bag_fabric
0 4.95000 -4.04000 -1.60000 0.24929 -0.26387 0.93179 0.59400 -0.48480 1 0 1.0
0 5.42821 -4.51821 -1.86337 0.24929 -0.26387 0.93179 0.65139 -0.54219 1 0 1.0
0 5.44934 -4.04000 -1.73360 0.24929 -0.26387 0.93179 0.65392 -0.48480 1 0 1.0
bag_fabric
0 4.95000 -4.53934 -1.73360 0.21778 -0.69014 0.69013 0.59400 -0.20803 1 0 1.0
0 4.95000 -4.90640 -2.10066 0.21778 -0.69014 0.69013 0.59400 -0.25208 1 0 1.0
0 5.42821 -4.77663 -2.12179 0.21778 -0.69014 0.69013 0.65139 -0.25461 1 0 1.0
bag_fabric
0 4.95000 -4.53934 -1.73360 0.21778 -0.69014 0.69014 0.59400 -0.20803 1 0 1.0
0 5.42821 -4.77663 -2.12179 0.21778 -0.69014 0.69014 0.65139 -0.25461 1 0 1.0
0 5.42821 -4.51821 -1.86337 0.21778 -0.69014 0.69014 0.65139 -0.22360 1 0 1.0
bag_fabric
0 4.95000 -5.04000 -2.60000 0.24929 -0.93179 0.26387 0.59400 -0.31200 1 0 1.0
0 5.44934 -4.90640 -2.60000 0.24929 -0.93179 0.26387 0.65392 -0.31200 1 0 1.0
0 5.42821 -4.77663 -2.12179 0.24929 -0.93179 0.26387 0.65139 -0.25461 1 0 1.0
bag_fabric
0 4.95000 -5.04000 -2.60000 0.26387 -0.93179 0.24929 0.59400 -0.31200 1 0 1.0
0 5.42821 -4.77663 -2.12179 0.26387 -0.93179 0.24929 0.65139 -0.25461 1 0 1.0
0 4.95000 -4.90640 -2.10066 0.26387 -0.93179 0.24929 0.59400 -0.25208 1 0 1.0
bag_fabric
0 5.44934 -4.90640 -2.60000 0.69014 -0.69014 0.21778 -0.58877 -0.31200 1 0 1.0
0 5.81640 -4.53934 -2.60000 0.69014 -0.69014 0.21778 -0.54472 -0.31200 1 0 1.0
0 5.68663 -4.51821 -2.12179 0.69014 -0.69014 0.21778 -0.54219 -0.25461 1 0 1.0
bag_fabric
0 5.44934 -4.90640 -2.60000 0.69014 -0.69014 0.21778 -0.58877 -0.31200 1 0 1.0
0 5.68663 -4.51821 -2.12179 0.69014 -0.69014 0.21778 -0.54219 -0.25461 1 0 1.0
0 5.42821 -4.77663 -2.12179 0.69014 -0.69014 0.21778 -0.57320 -0.25461 1 0 1.0
bag_fabric
0 5.95000 -4.04000 -2.60000 0.93179 -0.26387 0.24929 -0.48480 -0.31200 1 0 1.0
0 5.81640 -4.04000 -2.10066 0.93179 -0.26387 0.24929 -0.48480 -0.25208 1 0 1.0
0 5.68663 -4.51821 -2.12179 0.93179 -0.26387 0.24929 -0.54219 -0.25461 1 0 1.0
bag_fabric
0 5.95000 -4.04000 -2.60000 0.93179 -0.24929 0.26387 -0.48480 -0.31200 1 0 1.0
0 5.68663 -4.51821 -2.12179 0.93179 -0.24929 0.26387 -0.54219 -0.25461 1 0 1.0
0 5.81640 -4.53934 -2.60000 0.93179 -0.24929 0.26387 -0.54472 -0.31200 1 0 1.0
bag_fabric
0 5.81640 -4.04000 -2.10066 0.69014 -0.21778 0.69013 -0.48480 -0.25208 1 0 1.0
0 5.44934 -4.04000 -1.73360 0.69014 -0.21778 0.69013 -0.48480 -0.20803 1 0 1.0
0 5.42821 -4.51821 -1.86337 0.69014 -0.21778 0.69013 -0.54219 -0.22360 1 0 1.0
bag_fabric
0 5.81640 -4.04000 -2.10066 0.69014 -0.21778 0.69014 -0.48480 -0.25208 1 0 1.0
0 5.42821 -4.51821 -1.86337 0.69014 -0.21778 0.69014 -0.54219 -0.22360 1 0 1.0
0 5.68663 -4.51821 -2.12179 0.69014 -0.21778 0.69014 -0.54219 -0.25461 1 0 1.0
bag_fabric
0 5.42821 -4.51821 -1.86337 0.57735 -0.57735 0.57735 -0.54219 -0.22360 1 0 1.0
0 5.42821 -4.77663 -2.12179 0.57735 -0.57735 0.57735 -0.57320 -0.25461 1 0 1.0
0 5.68663 -4.51821 -2.12179 0.57735 -0.57735 0.57735 -0.54219 -0.25461 1 0 1.0
bag_fabric
0 4.95000 4.04000 -8.80000 0.26387 0.24929 -0.93179 0.59400 0.48480 1 0 1.0
0 4.95000 4.53934 -8.66640 0.26387 0.24929 -0.93179 0.59400 0.54472 1 0 1.0
0 5.42821 4.51821 -8.53663 0.26387 0.24929 -0.93179 0.65139 0.54219 1 0 1.0
bag_fabric
0 4.95000 4.04000 -8.80000 0.24929 0.26387 -0.93179 0.59400 0.48480 1 0 1.0
0 5.42821 4.51821 -8.53663 0.24929 0.26387 -0.93179 0.65139 0.54219 1 0 1.0
0 5.44934 4.04000 -8.66640 0.24929 0.26387 -0.93179 0.65392 0.48480 1 0 1.0
bag_fabric
0 4.95000 4.53934 -8.66640 0.21778 0.69014 -0.69014 0.59400 -1.03997 1 0 1.0
0 4.95000 4.90640 -8.29934 0.21778 0.69014 -0.69014 0.59400 -0.99592 1 0 1.0
0 5.42821 4.77663 -8.27821 0.21778 0.69014 -0.69014 0.65139 -0.99339 1 0 1.0
bag_fabric
0 4.95000 4.53934 -8.66640 0.21778 0.69014 -0.69014 0.59400 -1.03997 1 0 1.0
0 5.42821 4.77663 -8.27821 0.21778 0.69014 -0.69014 0.65139 -0.99339 1 0 1.0
0 5.42821 4.51821 -8.53663 0.21778 0.69014 -0.69014 0.65139 -1.02440 1 0 1.0
bag_fabric
0 4.95000 5.04000 -7.80000 0.24929 0.93179 -0.26387 0.59400 -0.93600 1 0 1.0
0 5.44934 4.90640 -7.80000 0.24929 0.93179 -0.26387 0.65392 -0.93600 1 0 1.0
0 5.42821 4.77663 -8.27821 0.24929 0.93179 -0.26387 0.65139 -0.99339 1 0 1.0
bag_fabric
0 4.95000 5.04000 -7.80000 0.26387 0.93179 -0.24929 0.59400 -0.93600 1 0 1.0
0 5.42821 4.77663 -8.27821 0.26387 0.93179 -0.24929 0.65139 -0.99339 1 0 1.0
0 4.95000 4.90640 -8.29934 0.26387 0.93179 -0.24929 0.59400 -0.99592 1 0 1.0
bag_fabric
0 5.44934 4.90640 -7.80000 0.69014 0.69014 -0.21778 0.58877 -0.93600 1 0 1.0
0 5.81640 4.53934 -7.80000 0.69014 0.69014 -0.21778 0.54472 -0.93600 1 0 1.0
0 5.68663 4.51821 -8.27821 0.69014 0.69014 -0.21778 0.54219 -0.99339 1 0 1.0
bag_fabric
0 5.44934 4.90640 -7.80000 0.69014 0.69014 -0.21778 0.58877 -0.93600 1 0 1.0
0 5.68663 4.51821 -8.27821 0.69014 0.69014 -0.21778 0.54219 -0.99339 1 0 1.0
0 5.42821 4.77663 -8.27821 0.69014 0.69014 -0.21778 0.57320 -0.99339 1 0 1.0
bag_fabric
0 5.95000 4.04000 -7.80000 0.93179 0.26387 -0.24929 0.48480 -0.93600 1 0 1.0
0 5.81640 4.04000 -8.29934 0.93179 0.26387 -0.24929 0.48480 -0.99592 1 0 1.0
0 5.68663 4.51821 -8.27821 0.93179 0.26387 -0.24929 0.54219 -0.99339 1 0 1.0
bag_fabric
0 5.95000 4.04000 -7.80000 0.93179 0.24929 -0.26387 0.48480 -0.93600 1 0 1.0
0 5.68663 4.51821 -8.27821 0.93179 0.24929 -0.26387 0.54219 -0.99339 1 0 1.0
0 5.81640 4.53934 -7.80000 0.93179 0.24929 -0.26387 0.54472 -0.93600 1 0 1.0
bag_fabric
0 5.81640 4.04000 -8.29934 0.69014 0.21778 -0.69014 0.48480 -0.99592 1 0 1.0
0 5.44934 4.04000 -8.66640 0.69014 0.21778 -0.69014 0.48480 -1.03997 1 0 1.0
0 5.42821 4.51821 -8.53663 0.69014 0.21778 -0.69014 0.54219 -1.02440 1 0 1.0
bag_fabric
0 5.81640 4.04000 -8.29934 0.69014 0.21778 -0.69014 0.48480 -0.99592 1 0 1.0
0 5.42821 4.51821 -8.53663 0.69014 0.21778 -0.69014 0.54219 -1.02440 1 0 1.0
0 5.68663 4.51821 -8.27821 0.69014 0.21778 -0.69014 0.54219 -0.99339 1 0 1.0
bag_fabric
0 5.42821 4.51821 -8.53663 0.57735 0.57735 -0.57735 0.54219 -1.02440 1 0 1.0
0 5.42821 4.77663 -8.27821 0.57735 0.57735 -0.57735 0.57320 -0.99339 1 0 1.0
0 5.68663 4.51821 -8.27821 0.57735 0.57735 -0.57735 0.54219 -0.99339 1 0 1.0
bag_fabric
0 4.95000 4.04000 -1.60000 0.24929 0.26387 0.93179 0.59400 0.48480 1 0 1.0
0 5.44934 4.04000 -1.73360 0.24929 0.26387 0.93179 0.65392 0.48480 1 0 1.0
0 5.42821 4.51821 -1.86337 0.24929 0.26387 0.93179 0.65139 0.54219 1 0 1.0
bag_fabric
0 4.95000 4.04000 -1.60000 0.26387 0.24929 0.93179 0.59400 0.48480 1 0 1.0
0 5.42821 4.51821 -1.86337 0.26387 0.24929 0.93179 0.65139 0.54219 1 0 1.0
0 4.95000 4.53934 -1.73360 0.26387 0.24929 0.93179 0.59400 0.54472 1 0 1.0
bag_fabric
0 5.44934 4.04000 -1.73360 0.69014 0.21778 0.69013 0.48480 -0.20803 1 0 1.0
0 5.81640 4.04000 -2.10066 0.69014 0.21778 0.69013 0.48480 -0.25208 1 0 1.0
0 5.68663 4.51821 -2.12179 0.69014 0.21778 0.69013 0.54219 -0.25461 1 0 1.0
bag_fabric
0 5.44934 4.04000 -1.73360 0.69014 0.21778 0.69014 0.48480 -0.20803 1 0 1.0
0 5.68663 4.51821 -2.12179 0.69014 0.21778 0.69014 0.54219 -0.25461 1 0 1.0
0 5.42821 4.51821 -1.86337 0.69014 0.21778 0.69014 0.54219 -0.22360 1 0 1.0
bag_fabric
0 5.95000 4.04000 -2.60000 0.93179 0.24929 0.26387 0.48480 -0.31200 1 0 1.0
0 5.81640 4.53934 -2.60000 0.93179 0.24929 0.26387 0.54472 -0.31200 1 0 1.0
0 5.68663 4.51821 -2.12179 0.93179 0.24929 0.26387 0.54219 -0.25461 1 0 1.0
bag_fabric
0 5.95000 4.04000 -2.60000 0.93179 0.26387 0.24929 0.48480 -0.31200 1 0 1.0
0 5.68663 4.51821 -2.12179 0.93179 0.26387 0.24929 0.54219 -0.25461 1 0 1.0
0 5.81640 4.04000 -2.10066 0.93179 0.26387 0.24929 0.48480 -0.25208 1 0 1.0
bag_fabric
0 5.81640 4.53934 -2.60000 0.69014 0.69014 0.21778 0.54472 -0.31200 1 0 1.0
0 5.44934 4.90640 -2.60000 0.69014 0.69014 0.21778 0.58877 -0.31200 1 0 1.0
0 5.42821 4.77663 -2.12179 0.69014 0.69014 0.21778 0.57320 -0.25461 1 0 1.0
bag_fabric
0 5.81640 4.53934 -2.60000 0.69014 0.69014 0.21778 0.54472 -0.31200 1 0 1.0
0 5.42821 4.77663 -2.12179 0.69014 0.69014 0.21778 0.57320 -0.25461 1 0 1.0
0 5.68663 4.51821 -2.12179 0.69014 0.69014 0.21778 0.54219 -0.25461 1 0 1.0
bag_fabric
0 4.95000 5.04000 -2.60000 0.26387 0.93179 0.24929 0.59400 -0.31200 1 0 1.0
0 4.95000 4.90640 -2.10066 0.26387 0.93179 0.24929 0.59400 -0.25208 1 0 1.0
0 5.42821 4.77663 -2.12179 0.26387 0.93179 0.24929 0.65139 -0.25461 1 0 1.0
bag_fabric
0 4.95000 5.04000 -2.60000 0.24929 0.93179 0.26387 0.59400 -0.31200 1 0 1.0
0 5.42821 4.77663 -2.12179 0.24929 0.93179 0.26387 0.65139 -0.25461 1 0 1.0
0 5.44934 4.90640 -2.60000 0.24929 0.93179 0.26387 0.65392 -0.31200 1 0 1.0
bag_fabric
0 4.95000 4.90640 -2.10066 0.21778 0.69014 0.69013 0.59400 -0.25208 1 0 1.0
0 4.95000 4.53934 -1.73360 0.21778 0.69014 0.69013 0.59400 -0.20803 1 0 1.0
0 5.42821 4.51821 -1.86337 0.21778 0.69014 0.69013 0.65139 -0.22360 1 0 1.0
bag_fabric
0 4.95000 4.90640 -2.10066 0.21778 0.69014 0.69014 0.59400 -0.25208 1 0 1.0
0 5.42821 4.51821 -1.86337 0.21778 0.69014 0.69014 0.65139 -0.22360 1 0 1.0
0 5.42821 4.77663 -2.12179 0.21778 0.69014 0.69014 0.65139 -0.25461 1 0 1.0
bag_fabric
0 5.42821 4.51821 -1.86337 0.57735 0.57735 0.57735 0.54219 -0.22360 1 0 1.0
0 5.68663 4.51821 -2.12179 0.57735 0.57735 0.57735 0.54219 -0.25461 1 0 1.0
0 5.42821 4.77663 -2.12179 0.57735 0.57735 0.57735 0.57320 -0.25461 1 0 1.0
bag_fabric
0 4.35000 4.04000 -8.80000 -0.25845 0.00000 -0.96602 0.52200 0.48480 1 0 1.0
0 4.35000 -4.04000 -8.80000 -0.25845 0.00000 -0.96602 0.52200 -0.48480 1 0 1.0
0 3.85066 -4.04000 -8.66640 -0.25845 0.00000 -0.96602 0.46208 -0.48480 1 0 1.0
bag_fabric
0 4.35000 4.04000 -8.80000 -0.25845 0.00000 -0.96602 0.52200 0.48480 1 0 1.0
0 3.85066 -4.04000 -8.66640 -0.25845 0.00000 -0.96602 0.46208 -0.48480 1 0 1.0
0 3.85066 4.04000 -8.66640 -0.25845 0.00000 -0.96602 0.46208 0.48480 1 0 1.0
bag_fabric
0 3.85066 4.04000 -8.66640 -0.70711 0.00000 -0.70711 0.46208 0.48480 1 0 1.0
0 3.85066 -4.04000 -8.66640 -0.70711 0.00000 -0.70711 0.46208 -0.48480 1 0 1.0
0 3.48360 -4.04000 -8.29934 -0.70711 0.00000 -0.70711 0.41803 -0.48480 1 0 1.0
bag_fabric
0 3.85066 4.04000 -8.66640 -0.70711 0.00000 -0.70711 0.46208 0.48480 1 0 1.0
0 3.48360 -4.04000 -8.29934 -0.70711 0.00000 -0.70711 0.41803 -0.48480 1 0 1.0
0 3.48360 4.04000 -8.29934 -0.70711 0.00000 -0.70711 0.41803 0.48480 1 0 1.0
bag_fabric
0 3.48360 4.04000 -8.29934 -0.96602 0.00000 -0.25845 0.48480 -0.99592 1 0 1.0
0 3.48360 -4.04000 -8.29934 -0.96602 0.00000 -0.25845 -0.48480 -0.99592 1 0 1.0
0 3.35000 -4.04000 -7.80000 -0.96602 0.00000 -0.25845 -0.48480 -0.93600 1 0 1.0
bag_fabric
0 3.48360 4.04000 -8.29934 -0.96602 0.00000 -0.25845 0.48480 -0.99592 1 0 1.0
0 3.35000 -4.04000 -7.80000 -0.96602 0.00000 -0.25845 -0.48480 -0.93600 1 0 1.0
0 3.35000 4.04000 -7.80000 -0.96602 0.00000 -0.25845 0.48480 -0.93600 1 0 1.0
bag_fabric
0 4.35000 -5.04000 -7.80000 -0.25845 -0.96602 0.00000 0.52200 -0.93600 1 0 1.0
0 4.35000 -5.04000 -2.60000 -0.25845 -0.96602 0.00000 0.52200 -0.31200 1 0 1.0
0 3.85066 -4.90640 -2.60000 -0.25845 -0.96602 0.00000 0.46208 -0.31200 1 0 1.0
bag_fabric
0 4.35000 -5.04000 -7.80000 -0.25845 -0.96602 0.00000 0.52200 -0.93600 1 0 1.0
0 3.85066 -4.90640 -2.60000 -0.25845 -0.96602 0.00000 0.46208 -0.31200 1 0 1.0
0 3.85066 -4.90640 -7.80000 -0.25845 -0.96602 0.00000 0.46208 -0.93600 1 0 1.0
bag_fabric
0 3.85066 -4.90640 -7.80000 -0.70711 -0.70711 0.00000 -0.58877 -0.93600 1 0 1.0
0 3.85066 -4.90640 -2.60000 -0.70711 -0.70711 0.00000 -0.58877 -0.31200 1 0 1.0
0 3.48360 -4.53934 -2.60000 -0.70711 -0.70711 0.00000 -0.54472 -0.31200 1 0 1.0
bag_fabric
0 3.85066 -4.90640 -7.80000 -0.70711 -0.70711 0.00000 -0.58877 -0.93600 1 0 1.0
0 3.48360 -4.53934 -2.60000 -0.70711 -0.70711 0.00000 -0.54472 -0.31200 1 0 1.0
0 3.48360 -4.53934 -7.80000 -0.70711 -0.70711 0.00000 -0.54472 -0.93600 1 0 1.0
bag_fabric
0 3.48360 -4.53934 -7.80000 -0.96602 -0.25845 0.00000 -0.54472 -0.93600 1 0 1.0
0 3.48360 -4.53934 -2.60000 -0.96602 -0.25845 0.00000 -0.54472 -0.31200 1 0 1.0
0 3.35000 -4.04000 -2.60000 -0.96602 -0.25845 0.00000 -0.48480 -0.31200 1 0 1.0
bag_fabric
0 3.48360 -4.53934 -7.80000 -0.96602 -0.25845 0.00000 -0.54472 -0.93600 1 0 1.0
0 3.35000 -4.04000 -2.60000 -0.96602 -0.25845 0.00000 -0.48480 -0.31200 1 0 1.0
0 3.35000 -4.04000 -7.80000 -0.96602 -0.25845 0.00000 -0.48480 -0.93600 1 0 1.0
bag_fabric
0 4.35000 -4.04000 -1.60000 -0.25845 0.00000 0.96602 0.52200 -0.48480 1 0 1.0
0 4.35000 4.04000 -1.60000 -0.25845 0.00000 0.96602 0.52200 0.48480 1 0 1.0
0 3.85066 4.04000 -1.73360 -0.25845 0.00000 0.96602 0.46208 0.48480 1 0 1.0
bag_fabric
0 4.35000 -4.04000 -1.60000 -0.25845 0.00000 0.96602 0.52200 -0.48480 1 0 1.0
0 3.85066 4.04000 -1.73360 -0.25845 0.00000 0.96602 0.46208 0.48480 1 0 1.0
0 3.85066 -4.04000 -1.73360 -0.25845 0.00000 0.96602 0.46208 -0.48480 1 0 1.0
bag_fabric
0 3.85066 -4.04000 -1.73360 -0.70711 0.00000 0.70711 -0.48480 -0.20803 1 0 1.0
0 3.85066 4.04000 -1.73360 -0.70711 0.00000 0.70711 0.48480 -0.20803 1 0 1.0
0 3.48360 4.04000 -2.10066 -0.70711 0.00000 0.70711 0.48480 -0.25208 1 0 1.0
bag_fabric
0 3.85066 -4.04000 -1.73360 -0.70711 0.00000 0.70711 -0.48480 -0.20803 1 0 1.0
0 3.48360 4.04000 -2.10066 -0.70711 0.00000 0.70711 0.48480 -0.25208 1 0 1.0
0 3.48360 -4.04000 -2.10066 -0.70711 0.00000 0.70711 -0.48480 -0.25208 1 0 1.0
bag_fabric
0 3.48360 -4.04000 -2.10066 -0.96602 0.00000 0.25845 -0.48480 -0.25208 1 0 1.0
0 3.48360 4.04000 -2.10066 -0.96602 0.00000 0.25845 0.48480 -0.25208 1 0 1.0
0 3.35000 4.04000 -2.60000 -0.96602 0.00000 0.25845 0.48480 -0.31200 1 0 1.0
bag_fabric
0 3.48360 -4.04000 -2.10066 -0.96602 0.00000 0.25845 -0.48480 -0.25208 1 0 1.0
0 3.35000 4.04000 -2.60000 -0.96602 0.00000 0.25845 0.48480 -0.31200 1 0 1.0
0 3.35000 -4.04000 -2.60000 -0.96602 0.00000 0.25845 -0.48480 -0.31200 1 0 1.0
bag_fabric
0 4.35000 5.04000 -2.60000 -0.25845 0.96602 0.00000 0.52200 -0.31200 1 0 1.0
0 4.35000 5.04000 -7.80000 -0.25845 0.96602 0.00000 0.52200 -0.93600 1 0 1.0
0 3.85066 4.90640 -7.80000 -0.25845 0.96602 0.00000 0.46208 -0.93600 1 0 1.0
bag_fabric
0 4.35000 5.04000 -2.60000 -0.25845 0.96602 0.00000 0.52200 -0.31200 1 0 1.0
0 3.85066 4.90640 -7.80000 -0.25845 0.96602 0.00000 0.46208 -0.93600 1 0 1.0
0 3.85066 4.90640 -2.60000 -0.25845 0.96602 0.00000 0.46208 -0.31200 1 0 1.0
bag_fabric
0 3.85066 4.90640 -2.60000 -0.70711 0.70711 0.00000 0.58877 -0.31200 1 0 1.0
0 3.85066 4.90640 -7.80000 -0.70711 0.70711 0.00000 0.58877 -0.93600 1 0 1.0
0 3.48360 4.53934 -7.80000 -0.70711 0.70711 0.00000 0.54472 -0.93600 1 0 1.0
bag_fabric
0 3.85066 4.90640 -2.60000 -0.70711 0.70711 0.00000 0.58877 -0.31200 1 0 1.0
0 3.48360 4.53934 -7.80000 -0.70711 0.70711 0.00000 0.54472 -0.93600 1 0 1.0
0 3.48360 4.53934 -2.60000 -0.70711 0.70711 0.00000 0.54472 -0.31200 1 0 1.0
bag_fabric
0 3.48360 4.53934 -2.60000 -0.96602 0.25845 0.00000 0.54472 -0.31200 1 0 1.0
0 3.48360 4.53934 -7.80000 -0.96602 0.25845 0.00000 0.54472 -0.93600 1 0 1.0
0 3.35000 4.04000 -7.80000 -0.96602 0.25845 0.00000 0.48480 -0.93600 1 0 1.0
bag_fabric
0 3.48360 4.53934 -2.60000 -0.96602 0.25845 0.00000 0.54472 -0.31200 1 0 1.0
0 3.35000 4.04000 -7.80000 -0.96602 0.25845 0.00000 0.48480 -0.93600 1 0 1.0
0 3.35000 4.04000 -2.60000 -0.96602 0.25845 0.00000 0.48480 -0.31200 1 0 1.0
bag_fabric
0 4.95000 4.04000 -8.80000 0.00000 0.25845 -0.96602 0.59400 0.48480 1 0 1.0
0 4.35000 4.04000 -8.80000 0.00000 0.25845 -0.96602 0.52200 0.48480 1 0 1.0
0 4.35000 4.53934 -8.66640 0.00000 0.25845 -0.96602 0.52200 0.54472 1 0 1.0
bag_fabric
0 4.95000 4.04000 -8.80000 0.00000 0.25845 -0.96602 0.59400 0.48480 1 0 1.0
0 4.35000 4.53934 -8.66640 0.00000 0.25845 -0.96602 0.52200 0.54472 1 0 1.0
0 4.95000 4.53934 -8.66640 0.00000 0.25845 -0.96602 0.59400 0.54472 1 0 1.0
bag_fabric
0 4.95000 4.53934 -8.66640 0.00000 0.70711 -0.70711 0.59400 -1.03997 1 0 1.0
0 4.35000 4.53934 -8.66640 0.00000 0.70711 -0.70711 0.52200 -1.03997 1 0 1.0
0 4.35000 4.90640 -8.29934 0.00000 0.70711 -0.70711 0.52200 -0.99592 1 0 1.0
bag_fabric
0 4.95000 4.53934 -8.66640 0.00000 0.70711 -0.70711 0.59400 -1.03997 1 0 1.0
0 4.35000 4.90640 -8.29934 0.00000 0.70711 -0.70711 0.52200 -0.99592 1 0 1.0
0 4.95000 4.90640 -8.29934 0.00000 0.70711 -0.70711 0.59400 -0.99592 1 0 1.0
bag_fabric
0 4.95000 4.90640 -8.29934 0.00000 0.96602 -0.25845 0.59400 -0.99592 1 0 1.0
0 4.35000 4.90640 -8.29934 0.00000 0.96602 -0.25845 0.52200 -0.99592 1 0 1.0
0 4.35000 5.04000 -7.80000 0.00000 0.96602 -0.25845 0.52200 -0.93600 1 0 1.0
bag_fabric
0 4.95000 4.90640 -8.29934 0.00000 0.96602 -0.25845 0.59400 -0.99592 1 0 1.0
0 4.35000 5.04000 -7.80000 0.00000 0.96602 -0.25845 0.52200 -0.93600 1 0 1.0
0 4.95000 5.04000 -7.80000 0.00000 0.96602 -0.25845 0.59400 -0.93600 1 0 1.0
bag_fabric
0 4.35000 4.04000 -1.60000 0.00000 0.25845 0.96602 0.52200 0.48480 1 0 1.0
0 4.95000 4.04000 -1.60000 0.00000 0.25845 0.96602 0.59400 0.48480 1 0 1.0
0 4.95000 4.53934 -1.73360 0.00000 0.25845 0.96602 0.59400 0.54472 1 0 1.0
bag_fabric
0 4.35000 4.04000 -1.60000 0.00000 0.25845 0.96602 0.52200 0.48480 1 0 1.0
0 4.95000 4.53934 -1.73360 0.00000 0.25845 0.96602 0.59400 0.54472 1 0 1.0
0 4.35000 4.53934 -1.73360 0.00000 0.25845 0.96602 0.52200 0.54472 1 0 1.0
bag_fabric
0 4.35000 4.53934 -1.73360 0.00000 0.70711 0.70711 0.52200 -0.20803 1 0 1.0
0 4.95000 4.53934 -1.73360 0.00000 0.70711 0.70711 0.59400 -0.20803 1 0 1.0
0 4.95000 4.90640 -2.10066 0.00000 0.70711 0.70711 0.59400 -0.25208 1 0 1.0
bag_fabric
0 4.35000 4.53934 -1.73360 0.00000 0.70711 0.70711 0.52200 -0.20803 1 0 1.0
0 4.95000 4.90640 -2.10066 0.00000 0.70711 0.70711 0.59400 -0.25208 1 0 1.0
0 4.35000 4.90640 -2.10066 0.00000 0.70711 0.70711 0.52200 -0.25208 1 0 1.0
bag_fabric
0 4.35000 4.90640 -2.10066 0.00000 0.96602 0.25845 0.52200 -0.25208 1 0 1.0
0 4.95000 4.90640 -2.10066 0.00000 0.96602 0.25845 0.59400 -0.25208 1 0 1.0
0 4.95000 5.04000 -2.60000 0.00000 0.96602 0.25845 0.59400 -0.31200 1 0 1.0
bag_fabric
0 4.35000 4.90640 -2.10066 0.00000 0.96602 0.25845 0.52200 -0.25208 1 0 1.0
0 4.95000 5.04000 -2.60000 0.00000 0.96602 0.25845 0.59400 -0.31200 1 0 1.0
0 4.35000 5.04000 -2.60000 0.00000 0.96602 0.25845 0.52200 -0.31200 1 0 1.0
bag_fabric
0 5.95000 4.04000 -2.60000 0.96602 0.25845 0.00000 0.48480 -0.31200 1 0 1.0
0 5.95000 4.04000 -7.80000 0.96602 0.25845 0.00000 0.48480 -0.93600 1 0 1.0
0 5.81640 4.53934 -7.80000 0.96602 0.25845 0.00000 0.54472 -0.93600 1 0 1.0
bag_fabric
0 5.95000 4.04000 -2.60000 0.96602 0.25845 0.00000 0.48480 -0.31200 1 0 1.0
0 5.81640 4.53934 -7.80000 0.96602 0.25845 0.00000 0.54472 -0.93600 1 0 1.0
0 5.81640 4.53934 -2.60000 0.96602 0.25845 0.00000 0.54472 -0.31200 1 0 1.0
bag_fabric
0 5.81640 4.53934 -2.60000 0.70711 0.70711 0.00000 0.54472 -0.31200 1 0 1.0
0 5.81640 4.53934 -7.80000 0.70711 0.70711 0.00000 0.54472 -0.93600 1 0 1.0
0 5.44934 4.90640 -7.80000 0.70711 0.70711 0.00000 0.58877 -0.93600 1 0 1.0
bag_fabric
0 5.81640 4.53934 -2.60000 0.70711 0.70711 0.00000 0.54472 -0.31200 1 0 1.0
0 5.44934 4.90640 -7.80000 0.70711 0.70711 0.00000 0.58877 -0.93600 1 0 1.0
0 5.44934 4.90640 -2.60000 0.70711 0.70711 0.00000 0.58877 -0.31200 1 0 1.0
bag_fabric
0 5.44934 4.90640 -2.60000 0.25845 0.96602 0.00000 0.65392 -0.31200 1 0 1.0
0 5.44934 4.90640 -7.80000 0.25845 0.96602 0.00000 0.65392 -0.93600 1 0 1.0
0 4.95000 5.04000 -7.80000 0.25845 0.96602 0.00000 0.59400 -0.93600 1 0 1.0
bag_fabric
0 5.44934 4.90640 -2.60000 0.25845 0.96602 0.00000 0.65392 -0.31200 1 0 1.0
0 4.95000 5.04000 -7.80000 0.25845 0.96602 0.00000 0.59400 -0.93600 1 0 1.0
0 4.95000 5.04000 -2.60000 0.25845 0.96602 0.00000 0.59400 -0.31200 1 0 1.0
bag_fabric
0 4.95000 -4.04000 -8.80000 0.25845 0.00000 -0.96602 0.59400 -0.48480 1 0 1.0
0 4.95000 4.04000 -8.80000 0.25845 0.00000 -0.96602 0.59400 0.48480 1 0 1.0
0 5.44934 4.04000 -8.66640 0.25845 0.00000 -0.96602 0.65392 0.48480 1 0 1.0
bag_fabric
0 4.95000 -4.04000 -8.80000 0.25845 0.00000 -0.96602 0.59400 -0.48480 1 0 1.0
0 5.44934 4.04000 -8.66640 0.25845 0.00000 -0.96602 0.65392 0.48480 1 0 1.0
0 5.44934 -4.04000 -8.66640 0.25845 0.00000 -0.96602 0.65392 -0.48480 1 0 1.0
bag_fabric
0 5.44934 -4.04000 -8.66640 0.70711 0.00000 -0.70711 -0.48480 -1.03997 1 0 1.0
0 5.44934 4.04000 -8.66640 0.70711 0.00000 -0.70711 0.48480 -1.03997 1 0 1.0
0 5.81640 4.04000 -8.29934 0.70711 0.00000 -0.70711 0.48480 -0.99592 1 0 1.0
bag_fabric
0 5.44934 -4.04000 -8.66640 0.70711 0.00000 -0.70711 -0.48480 -1.03997 1 0 1.0
0 5.81640 4.04000 -8.29934 0.70711 0.00000 -0.70711 0.48480 -0.99592 1 0 1.0
0 5.81640 -4.04000 -8.29934 0.70711 0.00000 -0.70711 -0.48480 -0.99592 1 0 1.0
bag_fabric
0 5.81640 -4.04000 -8.29934 0.96602 0.00000 -0.25845 -0.48480 -0.99592 1 0 1.0
0 5.81640 4.04000 -8.29934 0.96602 0.00000 -0.25845 0.48480 -0.99592 1 0 1.0
0 5.95000 4.04000 -7.80000 0.96602 0.00000 -0.25845 0.48480 -0.93600 1 0 1.0
bag_fabric
0 5.81640 -4.04000 -8.29934 0.96602 0.00000 -0.25845 -0.48480 -0.99592 1 0 1.0
0 5.95000 4.04000 -7.80000 0.96602 0.00000 -0.25845 0.48480 -0.93600 1 0 1.0
0 5.95000 -4.04000 -7.80000 0.96602 0.00000 -0.25845 -0.48480 -0.93600 1 0 1.0
bag_fabric
0 4.95000 4.04000 -1.60000 0.25845 0.00000 0.96602 0.59400 0.48480 1 0 1.0
0 4.95000 -4.04000 -1.60000 0.25845 0.00000 0.96602 0.59400 -0.48480 1 0 1.0
0 5.44934 -4.04000 -1.73360 0.25845 0.00000 0.96602 0.65392 -0.48480 1 0 1.0
bag_fabric
0 4.95000 4.04000 -1.60000 0.25845 0.00000 0.96602 0.59400 0.48480 1 0 1.0
0 5.44934 -4.04000 -1.73360 0.25845 0.00000 0.96602 0.65392 -0.48480 1 0 1.0
0 5.44934 4.04000 -1.73360 0.25845 0.00000 0.96602 0.65392 0.48480 1 0 1.0
bag_fabric
0 5.44934 4.04000 -1.73360 0.70711 0.00000 0.70711 0.48480 -0.20803 1 0 1.0
0 5.44934 -4.04000 -1.73360 0.70711 0.00000 0.70711 -0.48480 -0.20803 1 0 1.0
0 5.81640 -4.04000 -2.10066 0.70711 0.00000 0.70711 -0.48480 -0.25208 1 0 1.0
bag_fabric
0 5.44934 4.04000 -1.73360 0.70711 0.00000 0.70711 0.48480 -0.20803 1 0 1.0
0 5.81640 -4.04000 -2.10066 0.70711 0.00000 0.70711 -0.48480 -0.25208 1 0 1.0
0 5.81640 4.04000 -2.10066 0.70711 0.00000 0.70711 0.48480 -0.25208 1 0 1.0
bag_fabric
0 5.81640 4.04000 -2.10066 0.96602 0.00000 0.25845 0.48480 -0.25208 1 0 1.0
0 5.81640 -4.04000 -2.10066 0.96602 0.00000 0.25845 -0.48480 -0.25208 1 0 1.0
0 5.95000 -4.04000 -2.60000 0.96602 0.00000 0.25845 -0.48480 -0.31200 1 0 1.0
bag_fabric
0 5.81640 4.04000 -2.10066 0.96602 0.00000 0.25845 0.48480 -0.25208 1 0 1.0
0 5.95000 -4.04000 -2.60000 0.96602 0.00000 0.25845 -0.48480 -0.31200 1 0 1.0
0 5.95000 4.04000 -2.60000 0.96602 0.00000 0.25845 0.48480 -0.31200 1 0 1.0
bag_fabric
0 4.95000 -5.04000 -2.60000 0.25845 -0.96602 0.00000 0.59400 -0.31200 1 0 1.0
0 4.95000 -5.04000 -7.80000 0.25845 -0.96602 0.00000 0.59400 -0.93600 1 0 1.0
0 5.44934 -4.90640 -7.80000 0.25845 -0.96602 0.00000 0.65392 -0.93600 1 0 1.0
bag_fabric
0 4.95000 -5.04000 -2.60000 0.25845 -0.96602 0.00000 0.59400 -0.31200 1 0 1.0
0 5.44934 -4.90640 -7.80000 0.25845 -0.96602 0.00000 0.65392 -0.93600 1 0 1.0
0 5.44934 -4.90640 -2.60000 0.25845 -0.96602 0.00000 0.65392 -0.31200 1 0 1.0
bag_fabric
0 5.44934 -4.90640 -2.60000 0.70711 -0.70711 0.00000 -0.58877 -0.31200 1 0 1.0
0 5.44934 -4.90640 -7.80000 0.70711 -0.70711 0.00000 -0.58877 -0.93600 1 0 1.0
0 5.81640 -4.53934 -7.80000 0.70711 -0.70711 0.00000 -0.54472 -0.93600 1 0 1.0
bag_fabric
0 5.44934 -4.90640 -2.60000 0.70711 -0.70711 0.00000 -0.58877 -0.31200 1 0 1.0
0 5.81640 -4.53934 -7.80000 0.70711 -0.70711 0.00000 -0.54472 -0.93600 1 0 1.0
0 5.81640 -4.53934 -2.60000 0.70711 -0.70711 0.00000 -0.54472 -0.31200 1 0 1.0
bag_fabric
0 5.81640 -4.53934 -2.60000 0.96602 -0.25845 0.00000 -0.54472 -0.31200 1 0 1.0
0 5.81640 -4.53934 -7.80000 0.96602 -0.25845 0.00000 -0.54472 -0.93600 1 0 1.0
0 5.95000 -4.04000 -7.80000 0.96602 -0.25845 0.00000 -0.48480 -0.93600 1 0 1.0
bag_fabric
0 5.81640 -4.53934 -2.60000 0.96602 -0.25845 0.00000 -0.54472 -0.31200 1 0 1.0
0 5.95000 -4.04000 -7.80000 0.96602 -0.25845 0.00000 -0.48480 -0.93600 1 0 1.0
0 5.95000 -4.04000 -2.60000 0.96602 -0.25845 0.00000 -0.48480 -0.31200 1 0 1.0
bag_fabric
0 4.35000 -4.04000 -8.80000 0.00000 -0.25845 -0.96602 0.52200 -0.48480 1 0 1.0
0 4.95000 -4.04000 -8.80000 0.00000 -0.25845 -0.96602 0.59400 -0.48480 1 0 1.0
0 4.95000 -4.53934 -8.66640 0.00000 -0.25845 -0.96602 0.59400 -0.54472 1 0 1.0
bag_fabric
0 4.35000 -4.04000 -8.80000 0.00000 -0.25845 -0.96602 0.52200 -0.48480 1 0 1.0
0 4.95000 -4.53934 -8.66640 0.00000 -0.25845 -0.96602 0.59400 -0.54472 1 0 1.0
0 4.35000 -4.53934 -8.66640 0.00000 -0.25845 -0.96602 0.52200 -0.54472 1 0 1.0
bag_fabric
0 4.35000 -4.53934 -8.66640 0.00000 -0.70711 -0.70711 0.52200 -1.03997 1 0 1.0
0 4.95000 -4.53934 -8.66640 0.00000 -0.70711 -0.70711 0.59400 -1.03997 1 0 1.0
0 4.95000 -4.90640 -8.29934 0.00000 -0.70711 -0.70711 0.59400 -0.99592 1 0 1.0
bag_fabric
0 4.35000 -4.53934 -8.66640 0.00000 -0.70711 -0.70711 0.52200 -1.03997 1 0 1.0
0 4.95000 -4.90640 -8.29934 0.00000 -0.70711 -0.70711 0.59400 -0.99592 1 0 1.0
0 4.35000 -4.90640 -8.29934 0.00000 -0.70711 -0.70711 0.52200 -0.99592 1 0 1.0
bag_fabric
0 4.35000 -4.90640 -8.29934 0.00000 -0.96602 -0.25845 0.52200 -0.99592 1 0 1.0
0 4.95000 -4.90640 -8.29934 0.00000 -0.96602 -0.25845 0.59400 -0.99592 1 0 1.0
0 4.95000 -5.04000 -7.80000 0.00000 -0.96602 -0.25845 0.59400 -0.93600 1 0 1.0
bag_fabric
0 4.35000 -4.90640 -8.29934 0.00000 -0.96602 -0.25845 0.52200 -0.99592 1 0 1.0
0 4.95000 -5.04000 -7.80000 0.00000 -0.96602 -0.25845 0.59400 -0.93600 1 0 1.0
0 4.35000 -5.04000 -7.80000 0.00000 -0.96602 -0.25845 0.52200 -0.93600 1 0 1.0
bag_fabric
0 4.95000 -4.04000 -1.60000 0.00000 -0.25845 0.96602 0.59400 -0.48480 1 0 1.0
0 4.35000 -4.04000 -1.60000 0.00000 -0.25845 0.96602 0.52200 -0.48480 1 0 1.0
0 4.35000 -4.53934 -1.73360 0.00000 -0.25845 0.96602 0.52200 -0.54472 1 0 1.0
bag_fabric
0 4.95000 -4.04000 -1.60000 0.00000 -0.25845 0.96602 0.59400 -0.48480 1 0 1.0
0 4.35000 -4.53934 -1.73360 0.00000 -0.25845 0.96602 0.52200 -0.54472 1 0 1.0
0 4.95000 -4.53934 -1.73360 0.00000 -0.25845 0.96602 0.59400 -0.54472 1 0 1.0
bag_fabric
0 4.95000 -4.53934 -1.73360 0.00000 -0.70711 0.70711 0.59400 -0.20803 1 0 1.0
0 4.35000 -4.53934 -1.73360 0.00000 -0.70711 0.70711 0.52200 -0.20803 1 0 1.0
0 4.35000 -4.90640 -2.10066 0.00000 -0.70711 0.70711 0.52200 -0.25208 1 0 1.0
bag_fabric
0 4.95000 -4.53934 -1.73360 0.00000 -0.70711 0.70711 0.59400 -0.20803 1 0 1.0
0 4.35000 -4.90640 -2.10066 0.00000 -0.70711 0.70711 0.52200 -0.25208 1 0 1.0
0 4.95000 -4.90640 -2.10066 0.00000 -0.70711 0.70711 0.59400 -0.25208 1 0 1.0
bag_fabric
0 4.95000 -4.90640 -2.10066 0.00000 -0.96602 0.25845 0.59400 -0.25208 1 0 1.0
0 4.35000 -4.90640 -2.10066 0.00000 -0.96602 0.25845 0.52200 -0.25208 1 0 1.0
0 4.35000 -5.04000 -2.60000 0.00000 -0.96602 0.25845 0.52200 -0.31200 1 0 1.0
bag_fabric
0 4.95000 -4.90640 -2.10066 0.00000 -0.96602 0.25845 0.59400 -0.25208 1 0 1.0
0 4.35000 -5.04000 -2.60000 0.00000 -0.96602 0.25845 0.52200 -0.31200 1 0 1.0
0 4.95000 -5.04000 -2.60000 0.00000 -0.96602 0.25845 0.59400 -0.31200 1 0 1.0
bag_fabric
0 4.35000 4.04000 -8.80000 0.00000 0.00000 -1.00000 0.52200 0.48480 1 0 1.0
0 4.95000 4.04000 -8.80000 0.00000 0.00000 -1.00000 0.59400 0.48480 1 0 1.0
0 4.95000 -4.04000 -8.80000 0.00000 0.00000 -1.00000 0.59400 -0.48480 1 0 1.0
bag_fabric
0 4.35000 4.04000 -8.80000 0.00000 0.00000 -1.00000 0.52200 0.48480 1 0 1.0
0 4.95000 -4.04000 -8.80000 0.00000 0.00000 -1.00000 0.59400 -0.48480 1 0 1.0
0 4.35000 -4.04000 -8.80000 0.00000 0.00000 -1.00000 0.52200 -0.48480 1 0 1.0
bag_fabric
0 3.35000 -4.04000 -7.80000 -1.00000 0.00000 0.00000 -0.48480 -0.93600 1 0 1.0
0 3.35000 -4.04000 -2.60000 -1.00000 0.00000 0.00000 -0.48480 -0.31200 1 0 1.0
0 3.35000 4.04000 -2.60000 -1.00000 0.00000 0.00000 0.48480 -0.31200 1 0 1.0
bag_fabric
0 3.35000 -4.04000 -7.80000 -1.00000 0.00000 0.00000 -0.48480 -0.93600 1 0 1.0
0 3.35000 4.04000 -2.60000 -1.00000 0.00000 0.00000 0.48480 -0.31200 1 0 1.0
0 3.35000 4.04000 -7.80000 -1.00000 0.00000 0.00000 0.48480 -0.93600 1 0 1.0
bag_fabric
0 4.95000 -5.04000 -7.80000 0.00000 -1.00000 0.00000 0.59400 -0.93600 1 0 1.0
0 4.95000 -5.04000 -2.60000 0.00000 -1.00000 0.00000 0.59400 -0.31200 1 0 1.0
0 4.35000 -5.04000 -2.60000 0.00000 -1.00000 0.00000 0.52200 -0.31200 1 0 1.0
bag_fabric
0 4.95000 -5.04000 -7.80000 0.00000 -1.00000 0.00000 0.59400 -0.93600 1 0 1.0
0 4.35000 -5.04000 -2.60000 0.00000 -1.00000 0.00000 0.52200 -0.31200 1 0 1.0
0 4.35000 -5.04000 -7.80000 0.00000 -1.00000 0.00000 0.52200 -0.93600 1 0 1.0
bag_fabric
0 4.95000 4.04000 -1.60000 0.00000 0.00000 1.00000 0.59400 0.48480 1 0 1.0
0 4.35000 4.04000 -1.60000 0.00000 0.00000 1.00000 0.52200 0.48480 1 0 1.0
0 4.35000 -4.04000 -1.60000 0.00000 0.00000 1.00000 0.52200 -0.48480 1 0 1.0
bag_fabric
0 4.95000 4.04000 -1.60000 0.00000 0.00000 1.00000 0.59400 0.48480 1 0 1.0
0 4.35000 -4.04000 -1.60000 0.00000 0.00000 1.00000 0.52200 -0.48480 1 0 1.0
0 4.95000 -4.04000 -1.60000 0.00000 0.00000 1.00000 0.59400 -0.48480 1 0 1.0
bag_fabric
0 4.35000 5.04000 -7.80000 0.00000 1.00000 0.00000 0.52200 -0.93600 1 0 1.0
0 4.35000 5.04000 -2.60000 0.00000 1.00000 0.00000 0.52200 -0.31200 1 0 1.0
0 4.95000 5.04000 -2.60000 0.00000 1.00000 0.00000 0.59400 -0.31200 1 0 1.0
bag_fabric
0 4.35000 5.04000 -7.80000 0.00000 1.00000 0.00000 0.52200 -0.93600 1 0 1.0
0 4.95000 5.04000 -2.60000 0.00000 1.00000 0.00000 0.59400 -0.31200 1 0 1.0
0 4.95000 5.04000 -7.80000 0.00000 1.00000 0.00000 0.59400 -0.93600 1 0 1.0
bag_fabric
0 5.95000 4.04000 -7.80000 1.00000 0.00000 0.00000 0.48480 -0.93600 1 0 1.0
0 5.95000 4.04000 -2.60000 1.00000 0.00000 0.00000 0.48480 -0.31200 1 0 1.0
0 5.95000 -4.04000 -2.60000 1.00000 0.00000 0.00000 -0.48480 -0.31200 1 0 1.0
bag_fabric
0 5.95000 4.04000 -7.80000 1.00000 0.00000 0.00000 0.48480 -0.93600 1 0 1.0
0 5.95000 -4.04000 -2.60000 1.00000 0.00000 0.00000 -0.48480 -0.31200 1 0 1.0
0 5.95000 -4.04000 -7.80000 1.00000 0.00000 0.00000 -0.48480 -0.93600 1 0 1.0
bag_inner
0 -2.87000 -6.12000 9.20000 -0.57735 -0.57735 -0.57735 -0.73440 1.10400 1 0 1.0
0 -2.87000 -6.20000 9.28000 -0.57735 -0.57735 -0.57735 -0.74400 1.11360 1 0 1.0
0 -2.95000 -6.12000 9.28000 -0.57735 -0.57735 -0.57735 -0.73440 1.11360 1 0 1.0
bag_inner
0 -2.87000 -6.20000 9.32000 -0.57735 -0.57735 0.57735 -0.74400 1.11840 1 0 1.0
0 -2.87000 -6.12000 9.40000 -0.57735 -0.57735 0.57735 -0.73440 1.12800 1 0 1.0
0 -2.95000 -6.12000 9.32000 -0.57735 -0.57735 0.57735 -0.73440 1.11840 1 0 1.0
bag_inner
0 -2.87000 6.12000 9.20000 -0.57735 0.57735 -0.57735 0.73440 1.10400 1 0 1.0
0 -2.95000 6.12000 9.28000 -0.57735 0.57735 -0.57735 0.73440 1.11360 1 0 1.0
0 -2.87000 6.20000 9.28000 -0.57735 0.57735 -0.57735 0.74400 1.11360 1 0 1.0
bag_inner
0 -2.87000 6.12000 9.40000 -0.57735 0.57735 0.57735 0.73440 1.12800 1 0 1.0
0 -2.87000 6.20000 9.32000 -0.57735 0.57735 0.57735 0.74400 1.11840 1 0 1.0
0 -2.95000 6.12000 9.32000 -0.57735 0.57735 0.57735 0.73440 1.11840 1 0 1.0
bag_inner
0 2.87000 -6.12000 9.20000 0.57735 -0.57735 -0.57735 -0.73440 1.10400 1 0 1.0
0 2.95000 -6.12000 9.28000 0.57735 -0.57735 -0.57735 -0.73440 1.11360 1 0 1.0
0 2.87000 -6.20000 9.28000 0.57735 -0.57735 -0.57735 -0.74400 1.11360 1 0 1.0
bag_inner
0 2.87000 -6.12000 9.40000 0.57735 -0.57735 0.57735 -0.73440 1.12800 1 0 1.0
0 2.87000 -6.20000 9.32000 0.57735 -0.57735 0.57735 -0.74400 1.11840 1 0 1.0
0 2.95000 -6.12000 9.32000 0.57735 -0.57735 0.57735 -0.73440 1.11840 1 0 1.0
bag_inner
0 2.87000 6.12000 9.20000 0.57735 0.57735 -0.57735 0.73440 1.10400 1 0 1.0
0 2.87000 6.20000 9.28000 0.57735 0.57735 -0.57735 0.74400 1.11360 1 0 1.0
0 2.95000 6.12000 9.28000 0.57735 0.57735 -0.57735 0.73440 1.11360 1 0 1.0
bag_inner
0 2.87000 6.12000 9.40000 0.57735 0.57735 0.57735 0.73440 1.12800 1 0 1.0
0 2.95000 6.12000 9.32000 0.57735 0.57735 0.57735 0.73440 1.11840 1 0 1.0
0 2.87000 6.20000 9.32000 0.57735 0.57735 0.57735 0.74400 1.11840 1 0 1.0
bag_inner
0 -2.87000 6.12000 9.20000 -0.70711 0.00000 -0.70711 0.73440 1.10400 1 0 1.0
0 -2.87000 -6.12000 9.20000 -0.70711 0.00000 -0.70711 -0.73440 1.10400 1 0 1.0
0 -2.95000 -6.12000 9.28000 -0.70711 0.00000 -0.70711 -0.73440 1.11360 1 0 1.0
bag_inner
0 -2.87000 6.12000 9.20000 -0.70711 0.00000 -0.70711 0.73440 1.10400 1 0 1.0
0 -2.95000 -6.12000 9.28000 -0.70711 0.00000 -0.70711 -0.73440 1.11360 1 0 1.0
0 -2.95000 6.12000 9.28000 -0.70711 0.00000 -0.70711 0.73440 1.11360 1 0 1.0
bag_inner
0 -2.87000 -6.20000 9.28000 -0.70711 -0.70711 0.00000 -0.74400 1.11360 1 0 1.0
0 -2.87000 -6.20000 9.32000 -0.70711 -0.70711 0.00000 -0.74400 1.11840 1 0 1.0
0 -2.95000 -6.12000 9.32000 -0.70711 -0.70711 0.00000 -0.73440 1.11840 1 0 1.0
bag_inner
0 -2.87000 -6.20000 9.28000 -0.70711 -0.70711 0.00000 -0.74400 1.11360 1 0 1.0
0 -2.95000 -6.12000 9.32000 -0.70711 -0.70711 0.00000 -0.73440 1.11840 1 0 1.0
0 -2.95000 -6.12000 9.28000 -0.70711 -0.70711 0.00000 -0.73440 1.11360 1 0 1.0
bag_inner
0 -2.87000 -6.12000 9.40000 -0.70711 0.00000 0.70711 -0.73440 1.12800 1 0 1.0
0 -2.87000 6.12000 9.40000 -0.70711 0.00000 0.70711 0.73440 1.12800 1 0 1.0
0 -2.95000 6.12000 9.32000 -0.70711 0.00000 0.70711 0.73440 1.11840 1 0 1.0
bag_inner
0 -2.87000 -6.12000 9.40000 -0.70711 0.00000 0.70711 -0.73440 1.12800 1 0 1.0
0 -2.95000 6.12000 9.32000 -0.70711 0.00000 0.70711 0.73440 1.11840 1 0 1.0
0 -2.95000 -6.12000 9.32000 -0.70711 0.00000 0.70711 -0.73440 1.11840 1 0 1.0
bag_inner
0 -2.87000 6.20000 9.32000 -0.70711 0.70711 0.00000 0.74400 1.11840 1 0 1.0
0 -2.87000 6.20000 9.28000 -0.70711 0.70711 0.00000 0.74400 1.11360 1 0 1.0
0 -2.95000 6.12000 9.28000 -0.70711 0.70711 0.00000 0.73440 1.11360 1 0 1.0
bag_inner
0 -2.87000 6.20000 9.32000 -0.70711 0.70711 0.00000 0.74400 1.11840 1 0 1.0
0 -2.95000 6.12000 9.28000 -0.70711 0.70711 0.00000 0.73440 1.11360 1 0 1.0
0 -2.95000 6.12000 9.32000 -0.70711 0.70711 0.00000 0.73440 1.11840 1 0 1.0
bag_inner
0 2.87000 6.12000 9.20000 0.00000 0.70711 -0.70711 0.34440 1.10400 1 0 1.0
0 -2.87000 6.12000 9.20000 0.00000 0.70711 -0.70711 -0.34440 1.10400 1 0 1.0
0 -2.87000 6.20000 9.28000 0.00000 0.70711 -0.70711 -0.34440 1.11360 1 0 1.0
bag_inner
0 2.87000 6.12000 9.20000 0.00000 0.70711 -0.70711 0.34440 1.10400 1 0 1.0
0 -2.87000 6.20000 9.28000 0.00000 0.70711 -0.70711 -0.34440 1.11360 1 0 1.0
0 2.87000 6.20000 9.28000 0.00000 0.70711 -0.70711 0.34440 1.11360 1 0 1.0
bag_inner
0 -2.87000 6.12000 9.40000 0.00000 0.70711 0.70711 -0.34440 1.12800 1 0 1.0
0 2.87000 6.12000 9.40000 0.00000 0.70711 0.70711 0.34440 1.12800 1 0 1.0
0 2.87000 6.20000 9.32000 0.00000 0.70711 0.70711 0.34440 1.11840 1 0 1.0
bag_inner
0 -2.87000 6.12000 9.40000 0.00000 0.70711 0.70711 -0.34440 1.12800 1 0 1.0
0 2.87000 6.20000 9.32000 0.00000 0.70711 0.70711 0.34440 1.11840 1 0 1.0
0 -2.87000 6.20000 9.32000 0.00000 0.70711 0.70711 -0.34440 1.11840 1 0 1.0
bag_inner
0 2.95000 6.12000 9.32000 0.70711 0.70711 0.00000 0.73440 1.11840 1 0 1.0
0 2.95000 6.12000 9.28000 0.70711 0.70711 0.00000 0.73440 1.11360 1 0 1.0
0 2.87000 6.20000 9.28000 0.70711 0.70711 0.00000 0.74400 1.11360 1 0 1.0
bag_inner
0 2.95000 6.12000 9.32000 0.70711 0.70711 0.00000 0.73440 1.11840 1 0 1.0
0 2.87000 6.20000 9.28000 0.70711 0.70711 0.00000 0.74400 1.11360 1 0 1.0
0 2.87000 6.20000 9.32000 0.70711 0.70711 0.00000 0.74400 1.11840 1 0 1.0
bag_inner
0 2.87000 -6.12000 9.20000 0.70711 0.00000 -0.70711 -0.73440 1.10400 1 0 1.0
0 2.87000 6.12000 9.20000 0.70711 0.00000 -0.70711 0.73440 1.10400 1 0 1.0
0 2.95000 6.12000 9.28000 0.70711 0.00000 -0.70711 0.73440 1.11360 1 0 1.0
bag_inner
0 2.87000 -6.12000 9.20000 0.70711 0.00000 -0.70711 -0.73440 1.10400 1 0 1.0
0 2.95000 6.12000 9.28000 0.70711 0.00000 -0.70711 0.73440 1.11360 1 0 1.0
0 2.95000 -6.12000 9.28000 0.70711 0.00000 -0.70711 -0.73440 1.11360 1 0 1.0
bag_inner
0 2.87000 6.12000 9.40000 0.70711 0.00000 0.70711 0.73440 1.12800 1 0 1.0
0 2.87000 -6.12000 9.40000 0.70711 0.00000 0.70711 -0.73440 1.12800 1 0 1.0
0 2.95000 -6.12000 9.32000 0.70711 0.00000 0.70711 -0.73440 1.11840 1 0 1.0
bag_inner
0 2.87000 6.12000 9.40000 0.70711 0.00000 0.70711 0.73440 1.12800 1 0 1.0
0 2.95000 -6.12000 9.32000 0.70711 0.00000 0.70711 -0.73440 1.11840 1 0 1.0
0 2.95000 6.12000 9.32000 0.70711 0.00000 0.70711 0.73440 1.11840 1 0 1.0
bag_inner
0 2.87000 -6.20000 9.32000 0.70711 -0.70711 0.00000 -0.74400 1.11840 1 0 1.0
0 2.87000 -6.20000 9.28000 0.70711 -0.70711 0.00000 -0.74400 1.11360 1 0 1.0
0 2.95000 -6.12000 9.28000 0.70711 -0.70711 0.00000 -0.73440 1.11360 1 0 1.0
bag_inner
0 2.87000 -6.20000 9.32000 0.70711 -0.70711 0.00000 -0.74400 1.11840 1 0 1.0
0 2.95000 -6.12000 9.28000 0.70711 -0.70711 0.00000 -0.73440 1.11360 1 0 1.0
0 2.95000 -6.12000 9.32000 0.70711 -0.70711 0.00000 -0.73440 1.11840 1 0 1.0
bag_inner
0 -2.87000 -6.12000 9.20000 0.00000 -0.70711 -0.70711 -0.34440 1.10400 1 0 1.0
0 2.87000 -6.12000 9.20000 0.00000 -0.70711 -0.70711 0.34440 1.10400 1 0 1.0
0 2.87000 -6.20000 9.28000 0.00000 -0.70711 -0.70711 0.34440 1.11360 1 0 1.0
bag_inner
0 -2.87000 -6.12000 9.20000 0.00000 -0.70711 -0.70711 -0.34440 1.10400 1 0 1.0
0 2.87000 -6.20000 9.28000 0.00000 -0.70711 -0.70711 0.34440 1.11360 1 0 1.0
0 -2.87000 -6.20000 9.28000 0.00000 -0.70711 -0.70711 -0.34440 1.11360 1 0 1.0
bag_inner
0 2.87000 -6.12000 9.40000 0.00000 -0.70711 0.70711 0.34440 1.12800 1 0 1.0
0 -2.87000 -6.12000 9.40000 0.00000 -0.70711 0.70711 -0.34440 1.12800 1 0 1.0
0 -2.87000 -6.20000 9.32000 0.00000 -0.70711 0.70711 -0.34440 1.11840 1 0 1.0
bag_inner
0 2.87000 -6.12000 9.40000 0.00000 -0.70711 0.70711 0.34440 1.12800 1 0 1.0
0 -2.87000 -6.20000 9.32000 0.00000 -0.70711 0.70711 -0.34440 1.11840 1 0 1.0
0 2.87000 -6.20000 9.32000 0.00000 -0.70711 0.70711 0.34440 1.11840 1 0 1.0
bag_inner
0 -2.87000 6.12000 9.20000 0.00000 0.00000 -1.00000 -0.34440 0.73440 1 0 1.0
0 2.87000 6.12000 9.20000 0.00000 0.00000 -1.00000 0.34440 0.73440 1 0 1.0
0 2.87000 -6.12000 9.20000 0.00000 0.00000 -1.00000 0.34440 -0.73440 1 0 1.0
bag_inner
0 -2.87000 6.12000 9.20000 0.00000 0.00000 -1.00000 -0.34440 0.73440 1 0 1.0
0 2.87000 -6.12000 9.20000 0.00000 0.00000 -1.00000 0.34440 -0.73440 1 0 1.0
0 -2.87000 -6.12000 9.20000 0.00000 0.00000 -1.00000 -0.34440 -0.73440 1 0 1.0
bag_inner
0 -2.95000 -6.12000 9.28000 -1.00000 0.00000 0.00000 -0.73440 1.11360 1 0 1.0
0 -2.95000 -6.12000 9.32000 -1.00000 0.00000 0.00000 -0.73440 1.11840 1 0 1.0
0 -2.95000 6.12000 9.32000 -1.00000 0.00000 0.00000 0.73440 1.11840 1 0 1.0
bag_inner
0 -2.95000 -6.12000 9.28000 -1.00000 0.00000 0.00000 -0.73440 1.11360 1 0 1.0
0 -2.95000 6.12000 9.32000 -1.00000 0.00000 0.00000 0.73440 1.11840 1 0 1.0
0 -2.95000 6.12000 9.28000 -1.00000 0.00000 0.00000 0.73440 1.11360 1 0 1.0
bag_inner
0 2.87000 -6.20000 9.28000 0.00000 -1.00000 0.00000 0.34440 1.11360 1 0 1.0
0 2.87000 -6.20000 9.32000 0.00000 -1.00000 0.00000 0.34440 1.11840 1 0 1.0
0 -2.87000 -6.20000 9.32000 0.00000 -1.00000 0.00000 -0.34440 1.11840 1 0 1.0
bag_inner
0 2.87000 -6.20000 9.28000 0.00000 -1.00000 0.00000 0.34440 1.11360 1 0 1.0
0 -2.87000 -6.20000 9.32000 0.00000 -1.00000 0.00000 -0.34440 1.11840 1 0 1.0
0 -2.87000 -6.20000 9.28000 0.00000 -1.00000 0.00000 -0.34440 1.11360 1 0 1.0
bag_inner
0 2.87000 6.12000 9.40000 0.00000 0.00000 1.00000 0.34440 0.73440 1 0 1.0
0 -2.87000 6.12000 9.40000 0.00000 0.00000 1.00000 -0.34440 0.73440 1 0 1.0
0 -2.87000 -6.12000 9.40000 0.00000 0.00000 1.00000 -0.34440 -0.73440 1 0 1.0
bag_inner
0 2.87000 6.12000 9.40000 0.00000 0.00000 1.00000 0.34440 0.73440 1 0 1.0
0 -2.87000 -6.12000 9.40000 0.00000 0.00000 1.00000 -0.34440 -0.73440 1 0 1.0
0 2.87000 -6.12000 9.40000 0.00000 0.00000 1.00000 0.34440 -0.73440 1 0 1.0
bag_inner
0 -2.87000 6.20000 9.28000 0.00000 1.00000 0.00000 -0.34440 1.11360 1 0 1.0
0 -2.87000 6.20000 9.32000 0.00000 1.00000 0.00000 -0.34440 1.11840 1 0 1.0
0 2.87000 6.20000 9.32000 0.00000 1.00000 0.00000 0.34440 1.11840 1 0 1.0
bag_inner
0 -2.87000 6.20000 9.28000 0.00000 1.00000 0.00000 -0.34440 1.11360 1 0 1.0
0 2.87000 6.20000 9.32000 0.00000 1.00000 0.00000 0.34440 1.11840 1 0 1.0
0 2.87000 6.20000 9.28000 0.00000 1.00000 0.00000 0.34440 1.11360 1 0 1.0
bag_inner
0 2.95000 6.12000 9.28000 1.00000 0.00000 0.00000 0.73440 1.11360 1 0 1.0
0 2.95000 6.12000 9.32000 1.00000 0.00000 0.00000 0.73440 1.11840 1 0 1.0
0 2.95000 -6.12000 9.32000 1.00000 0.00000 0.00000 -0.73440 1.11840 1 0 1.0
bag_inner
0 2.95000 6.12000 9.28000 1.00000 0.00000 0.00000 0.73440 1.11360 1 0 1.0
0 2.95000 -6.12000 9.32000 1.00000 0.00000 0.00000 -0.73440 1.11840 1 0 1.0
0 2.95000 -6.12000 9.28000 1.00000 0.00000 0.00000 -0.73440 1.11360 1 0 1.0
bag_metal
0 5.95000 -4.10000 -2.97500 -0.57735 -0.57735 -0.57735 -0.49200 -0.35700 1 0 1.0
0 5.95000 -4.20000 -2.87500 -0.57735 -0.57735 -0.57735 -0.50400 -0.34500 1 0 1.0
0 5.85000 -4.10000 -2.87500 -0.57735 -0.57735 -0.57735 -0.49200 -0.34500 1 0 1.0
bag_metal
0 5.95000 -4.20000 -2.72500 -0.57735 -0.57735 0.57735 -0.50400 -0.32700 1 0 1.0
0 5.95000 -4.10000 -2.62500 -0.57735 -0.57735 0.57735 -0.49200 -0.31500 1 0 1.0
0 5.85000 -4.10000 -2.72500 -0.57735 -0.57735 0.57735 -0.49200 -0.32700 1 0 1.0
bag_metal
0 5.95000 4.10000 -2.97500 -0.57735 0.57735 -0.57735 0.49200 -0.35700 1 0 1.0
0 5.85000 4.10000 -2.87500 -0.57735 0.57735 -0.57735 0.49200 -0.34500 1 0 1.0
0 5.95000 4.20000 -2.87500 -0.57735 0.57735 -0.57735 0.50400 -0.34500 1 0 1.0
bag_metal
0 5.95000 4.10000 -2.62500 -0.57735 0.57735 0.57735 0.49200 -0.31500 1 0 1.0
0 5.95000 4.20000 -2.72500 -0.57735 0.57735 0.57735 0.50400 -0.32700 1 0 1.0
0 5.85000 4.10000 -2.72500 -0.57735 0.57735 0.57735 0.49200 -0.32700 1 0 1.0
bag_metal
0 6.05000 -4.10000 -2.97500 0.57735 -0.57735 -0.57735 -0.49200 -0.35700 1 0 1.0
0 6.15000 -4.10000 -2.87500 0.57735 -0.57735 -0.57735 -0.49200 -0.34500 1 0 1.0
0 6.05000 -4.20000 -2.87500 0.57735 -0.57735 -0.57735 -0.50400 -0.34500 1 0 1.0
bag_metal
0 6.05000 -4.10000 -2.62500 0.57735 -0.57735 0.57735 -0.49200 -0.31500 1 0 1.0
0 6.05000 -4.20000 -2.72500 0.57735 -0.57735 0.57735 -0.50400 -0.32700 1 0 1.0
0 6.15000 -4.10000 -2.72500 0.57735 -0.57735 0.57735 -0.49200 -0.32700 1 0 1.0
bag_metal
0 6.05000 4.10000 -2.97500 0.57735 0.57735 -0.57735 0.49200 -0.35700 1 0 1.0
0 6.05000 4.20000 -2.87500 0.57735 0.57735 -0.57735 0.50400 -0.34500 1 0 1.0
0 6.15000 4.10000 -2.87500 0.57735 0.57735 -0.57735 0.49200 -0.34500 1 0 1.0
bag_metal
0 6.05000 4.10000 -2.62500 0.57735 0.57735 0.57735 0.49200 -0.31500 1 0 1.0
0 6.15000 4.10000 -2.72500 0.57735 0.57735 0.57735 0.49200 -0.32700 1 0 1.0
0 6.05000 4.20000 -2.72500 0.57735 0.57735 0.57735 0.50400 -0.32700 1 0 1.0
bag_metal
0 5.95000 4.10000 -2.97500 -0.70711 0.00000 -0.70711 0.49200 -0.35700 1 0 1.0
0 5.95000 -4.10000 -2.97500 -0.70711 0.00000 -0.70711 -0.49200 -0.35700 1 0 1.0
0 5.85000 -4.10000 -2.87500 -0.70711 0.00000 -0.70711 -0.49200 -0.34500 1 0 1.0
bag_metal
0 5.95000 4.10000 -2.97500 -0.70711 0.00000 -0.70711 0.49200 -0.35700 1 0 1.0
0 5.85000 -4.10000 -2.87500 -0.70711 0.00000 -0.70711 -0.49200 -0.34500 1 0 1.0
0 5.85000 4.10000 -2.87500 -0.70711 0.00000 -0.70711 0.49200 -0.34500 1 0 1.0
bag_metal
0 5.95000 -4.20000 -2.87500 -0.70711 -0.70711 0.00000 -0.50400 -0.34500 1 0 1.0
0 5.95000 -4.20000 -2.72500 -0.70711 -0.70711 0.00000 -0.50400 -0.32700 1 0 1.0
0 5.85000 -4.10000 -2.72500 -0.70711 -0.70711 0.00000 -0.49200 -0.32700 1 0 1.0
bag_metal
0 5.95000 -4.20000 -2.87500 -0.70711 -0.70711 0.00000 -0.50400 -0.34500 1 0 1.0
0 5.85000 -4.10000 -2.72500 -0.70711 -0.70711 0.00000 -0.49200 -0.32700 1 0 1.0
0 5.85000 -4.10000 -2.87500 -0.70711 -0.70711 0.00000 -0.49200 -0.34500 1 0 1.0
bag_metal
0 5.95000 -4.10000 -2.62500 -0.70711 0.00000 0.70711 -0.49200 -0.31500 1 0 1.0
0 5.95000 4.10000 -2.62500 -0.70711 0.00000 0.70711 0.49200 -0.31500 1 0 1.0
0 5.85000 4.10000 -2.72500 -0.70711 0.00000 0.70711 0.49200 -0.32700 1 0 1.0
bag_metal
0 5.95000 -4.10000 -2.62500 -0.70711 0.00000 0.70711 -0.49200 -0.31500 1 0 1.0
0 5.85000 4.10000 -2.72500 -0.70711 0.00000 0.70711 0.49200 -0.32700 1 0 1.0
0 5.85000 -4.10000 -2.72500 -0.70711 0.00000 0.70711 -0.49200 -0.32700 1 0 1.0
bag_metal
0 5.95000 4.20000 -2.72500 -0.70711 0.70711 0.00000 0.50400 -0.32700 1 0 1.0
0 5.95000 4.20000 -2.87500 -0.70711 0.70711 0.00000 0.50400 -0.34500 1 0 1.0
0 5.85000 4.10000 -2.87500 -0.70711 0.70711 0.00000 0.49200 -0.34500 1 0 1.0
bag_metal
0 5.95000 4.20000 -2.72500 -0.70711 0.70711 0.00000 0.50400 -0.32700 1 0 1.0
0 5.85000 4.10000 -2.87500 -0.70711 0.70711 0.00000 0.49200 -0.34500 1 0 1.0
0 5.85000 4.10000 -2.72500 -0.70711 0.70711 0.00000 0.49200 -0.32700 1 0 1.0
bag_metal
0 6.05000 4.10000 -2.97500 0.00000 0.70711 -0.70711 0.72600 -0.35700 1 0 1.0
0 5.95000 4.10000 -2.97500 0.00000 0.70711 -0.70711 0.71400 -0.35700 1 0 1.0
0 5.95000 4.20000 -2.87500 0.00000 0.70711 -0.70711 0.71400 -0.34500 1 0 1.0
bag_metal
0 6.05000 4.10000 -2.97500 0.00000 0.70711 -0.70711 0.72600 -0.35700 1 0 1.0
0 5.95000 4.20000 -2.87500 0.00000 0.70711 -0.70711 0.71400 -0.34500 1 0 1.0
0 6.05000 4.20000 -2.87500 0.00000 0.70711 -0.70711 0.72600 -0.34500 1 0 1.0
bag_metal
0 5.95000 4.10000 -2.62500 0.00000 0.70711 0.70711 0.71400 -0.31500 1 0 1.0
0 6.05000 4.10000 -2.62500 0.00000 0.70711 0.70711 0.72600 -0.31500 1 0 1.0
0 6.05000 4.20000 -2.72500 0.00000 0.70711 0.70711 0.72600 -0.32700 1 0 1.0
bag_metal
0 5.95000 4.10000 -2.62500 0.00000 0.70711 0.70711 0.71400 -0.31500 1 0 1.0
0 6.05000 4.20000 -2.72500 0.00000 0.70711 0.70711 0.72600 -0.32700 1 0 1.0
0 5.95000 4.20000 -2.72500 0.00000 0.70711 0.70711 0.71400 -0.32700 1 0 1.0
bag_metal
0 6.15000 4.10000 -2.72500 0.70711 0.70711 0.00000 0.49200 -0.32700 1 0 1.0
0 6.15000 4.10000 -2.87500 0.70711 0.70711 0.00000 0.49200 -0.34500 1 0 1.0
0 6.05000 4.20000 -2.87500 0.70711 0.70711 0.00000 0.50400 -0.34500 1 0 1.0
bag_metal
0 6.15000 4.10000 -2.72500 0.70711 0.70711 0.00000 0.49200 -0.32700 1 0 1.0
0 6.05000 4.20000 -2.87500 0.70711 0.70711 0.00000 0.50400 -0.34500 1 0 1.0
0 6.05000 4.20000 -2.72500 0.70711 0.70711 0.00000 0.50400 -0.32700 1 0 1.0
bag_metal
0 6.05000 -4.10000 -2.97500 0.70711 0.00000 -0.70711 -0.49200 -0.35700 1 0 1.0
0 6.05000 4.10000 -2.97500 0.70711 0.00000 -0.70711 0.49200 -0.35700 1 0 1.0
0 6.15000 4.10000 -2.87500 0.70711 0.00000 -0.70711 0.49200 -0.34500 1 0 1.0
bag_metal
0 6.05000 -4.10000 -2.97500 0.70711 0.00000 -0.70711 -0.49200 -0.35700 1 0 1.0
0 6.15000 4.10000 -2.87500 0.70711 0.00000 -0.70711 0.49200 -0.34500 1 0 1.0
0 6.15000 -4.10000 -2.87500 0.70711 0.00000 -0.70711 -0.49200 -0.34500 1 0 1.0
bag_metal
0 6.05000 4.10000 -2.62500 0.70711 0.00000 0.70711 0.49200 -0.31500 1 0 1.0
0 6.05000 -4.10000 -2.62500 0.70711 0.00000 0.70711 -0.49200 -0.31500 1 0 1.0
0 6.15000 -4.10000 -2.72500 0.70711 0.00000 0.70711 -0.49200 -0.32700 1 0 1.0
bag_metal
0 6.05000 4.10000 -2.62500 0.70711 0.00000 0.70711 0.49200 -0.31500 1 0 1.0
0 6.15000 -4.10000 -2.72500 0.70711 0.00000 0.70711 -0.49200 -0.32700 1 0 1.0
0 6.15000 4.10000 -2.72500 0.70711 0.00000 0.70711 0.49200 -0.32700 1 0 1.0
bag_metal
0 6.05000 -4.20000 -2.72500 0.70711 -0.70711 0.00000 -0.50400 -0.32700 1 0 1.0
0 6.05000 -4.20000 -2.87500 0.70711 -0.70711 0.00000 -0.50400 -0.34500 1 0 1.0
0 6.15000 -4.10000 -2.87500 0.70711 -0.70711 0.00000 -0.49200 -0.34500 1 0 1.0
bag_metal
0 6.05000 -4.20000 -2.72500 0.70711 -0.70711 0.00000 -0.50400 -0.32700 1 0 1.0
0 6.15000 -4.10000 -2.87500 0.70711 -0.70711 0.00000 -0.49200 -0.34500 1 0 1.0
0 6.15000 -4.10000 -2.72500 0.70711 -0.70711 0.00000 -0.49200 -0.32700 1 0 1.0
bag_metal
0 5.95000 -4.10000 -2.97500 0.00000 -0.70711 -0.70711 0.71400 -0.35700 1 0 1.0
0 6.05000 -4.10000 -2.97500 0.00000 -0.70711 -0.70711 0.72600 -0.35700 1 0 1.0
0 6.05000 -4.20000 -2.87500 0.00000 -0.70711 -0.70711 0.72600 -0.34500 1 0 1.0
bag_metal
0 5.95000 -4.10000 -2.97500 0.00000 -0.70711 -0.70711 0.71400 -0.35700 1 0 1.0
0 6.05000 -4.20000 -2.87500 0.00000 -0.70711 -0.70711 0.72600 -0.34500 1 0 1.0
0 5.95000 -4.20000 -2.87500 0.00000 -0.70711 -0.70711 0.71400 -0.34500 1 0 1.0
bag_metal
0 6.05000 -4.10000 -2.62500 0.00000 -0.70711 0.70711 0.72600 -0.31500 1 0 1.0
0 5.95000 -4.10000 -2.62500 0.00000 -0.70711 0.70711 0.71400 -0.31500 1 0 1.0
0 5.95000 -4.20000 -2.72500 0.00000 -0.70711 0.70711 0.71400 -0.32700 1 0 1.0
bag_metal
0 6.05000 -4.10000 -2.62500 0.00000 -0.70711 0.70711 0.72600 -0.31500 1 0 1.0
0 5.95000 -4.20000 -2.72500 0.00000 -0.70711 0.70711 0.71400 -0.32700 1 0 1.0
0 6.05000 -4.20000 -2.72500 0.00000 -0.70711 0.70711 0.72600 -0.32700 1 0 1.0
bag_metal
0 5.95000 4.10000 -2.97500 0.00000 0.00000 -1.00000 0.71400 0.49200 1 0 1.0
0 6.05000 4.10000 -2.97500 0.00000 0.00000 -1.00000 0.72600 0.49200 1 0 1.0
0 6.05000 -4.10000 -2.97500 0.00000 0.00000 -1.00000 0.72600 -0.49200 1 0 1.0
bag_metal
0 5.95000 4.10000 -2.97500 0.00000 0.00000 -1.00000 0.71400 0.49200 1 0 1.0
0 6.05000 -4.10000 -2.97500 0.00000 0.00000 -1.00000 0.72600 -0.49200 1 0 1.0
0 5.95000 -4.10000 -2.97500 0.00000 0.00000 -1.00000 0.71400 -0.49200 1 0 1.0
bag_metal
0 5.85000 -4.10000 -2.87500 -1.00000 0.00000 0.00000 -0.49200 -0.34500 1 0 1.0
0 5.85000 -4.10000 -2.72500 -1.00000 0.00000 0.00000 -0.49200 -0.32700 1 0 1.0
0 5.85000 4.10000 -2.72500 -1.00000 0.00000 0.00000 0.49200 -0.32700 1 0 1.0
bag_metal
0 5.85000 -4.10000 -2.87500 -1.00000 0.00000 0.00000 -0.49200 -0.34500 1 0 1.0
0 5.85000 4.10000 -2.72500 -1.00000 0.00000 0.00000 0.49200 -0.32700 1 0 1.0
0 5.85000 4.10000 -2.87500 -1.00000 0.00000 0.00000 0.49200 -0.34500 1 0 1.0
bag_metal
0 6.05000 -4.20000 -2.87500 0.00000 -1.00000 0.00000 0.72600 -0.34500 1 0 1.0
0 6.05000 -4.20000 -2.72500 0.00000 -1.00000 0.00000 0.72600 -0.32700 1 0 1.0
0 5.95000 -4.20000 -2.72500 0.00000 -1.00000 0.00000 0.71400 -0.32700 1 0 1.0
bag_metal
0 6.05000 -4.20000 -2.87500 0.00000 -1.00000 0.00000 0.72600 -0.34500 1 0 1.0
0 5.95000 -4.20000 -2.72500 0.00000 -1.00000 0.00000 0.71400 -0.32700 1 0 1.0
0 5.95000 -4.20000 -2.87500 0.00000 -1.00000 0.00000 0.71400 -0.34500 1 0 1.0
bag_metal
0 6.05000 4.10000 -2.62500 0.00000 0.00000 1.00000 0.72600 0.49200 1 0 1.0
0 5.95000 4.10000 -2.62500 0.00000 0.00000 1.00000 0.71400 0.49200 1 0 1.0
0 5.95000 -4.10000 -2.62500 0.00000 0.00000 1.00000 0.71400 -0.49200 1 0 1.0
bag_metal
0 6.05000 4.10000 -2.62500 0.00000 0.00000 1.00000 0.72600 0.49200 1 0 1.0
0 5.95000 -4.10000 -2.62500 0.00000 0.00000 1.00000 0.71400 -0.49200 1 0 1.0
0 6.05000 -4.10000 -2.62500 0.00000 0.00000 1.00000 0.72600 -0.49200 1 0 1.0
bag_metal
0 5.95000 4.20000 -2.87500 0.00000 1.00000 0.00000 0.71400 -0.34500 1 0 1.0
0 5.95000 4.20000 -2.72500 0.00000 1.00000 0.00000 0.71400 -0.32700 1 0 1.0
0 6.05000 4.20000 -2.72500 0.00000 1.00000 0.00000 0.72600 -0.32700 1 0 1.0
bag_metal
0 5.95000 4.20000 -2.87500 0.00000 1.00000 0.00000 0.71400 -0.34500 1 0 1.0
0 6.05000 4.20000 -2.72500 0.00000 1.00000 0.00000 0.72600 -0.32700 1 0 1.0
0 6.05000 4.20000 -2.87500 0.00000 1.00000 0.00000 0.72600 -0.34500 1 0 1.0
bag_metal
0 6.15000 4.10000 -2.87500 1.00000 0.00000 0.00000 0.49200 -0.34500 1 0 1.0
0 6.15000 4.10000 -2.72500 1.00000 0.00000 0.00000 0.49200 -0.32700 1 0 1.0
0 6.15000 -4.10000 -2.72500 1.00000 0.00000 0.00000 -0.49200 -0.32700 1 0 1.0
bag_metal
0 6.15000 4.10000 -2.87500 1.00000 0.00000 0.00000 0.49200 -0.34500 1 0 1.0
0 6.15000 -4.10000 -2.72500 1.00000 0.00000 0.00000 -0.49200 -0.32700 1 0 1.0
0 6.15000 -4.10000 -2.87500 1.00000 0.00000 0.00000 -0.49200 -0.34500 1 0 1.0
bag_strap
0 -3.23795 4.84497 8.00000 -0.47524 0.56874 0.67133 -0.38855 0.58140 1 0 1.0
0 -5.15393 5.01453 6.50000 -0.47524 0.56874 0.67133 -0.61847 0.60174 1 0 1.0
0 -5.38392 4.68035 6.62030 -0.47524 0.56874 0.67133 -0.64607 0.56164 1 0 1.0
bag_strap
0 -3.23795 4.84497 8.00000 -0.48210 0.54670 0.68462 -0.38855 0.58140 1 0 1.0
0 -5.38392 4.68035 6.62030 -0.48210 0.54670 0.68462 -0.64607 0.56164 1 0 1.0
0 -3.39721 4.49170 8.16995 -0.48210 0.54670 0.68462 -0.40767 0.53900 1 0 1.0
bag_strap
0 -3.39721 4.49170 8.16995 -0.59259 0.18979 0.78283 -0.40767 0.53900 1 0 1.0
0 -5.38392 4.68035 6.62030 -0.59259 0.18979 0.78283 -0.64607 0.56164 1 0 1.0
0 -5.59404 3.81876 6.67013 -0.59259 0.18979 0.78283 -0.67128 0.45825 1 0 1.0
bag_strap
0 -3.39721 4.49170 8.16995 -0.58867 0.15230 0.79390 -0.40767 0.53900 1 0 1.0
0 -5.59404 3.81876 6.67013 -0.58867 0.15230 0.79390 -0.67128 0.45825 1 0 1.0
0 -3.52881 3.61609 8.24035 -0.58867 0.15230 0.79390 -0.42346 0.43393 1 0 1.0
bag_strap
0 -3.52881 3.61609 8.24035 -0.60517 0.00111 0.79609 -0.42346 0.43393 1 0 1.0
0 -5.59404 3.81876 6.67013 -0.60517 0.00111 0.79609 -0.67128 0.45825 1 0 1.0
0 -5.66120 2.93446 6.62030 -0.60517 0.00111 0.79609 -0.67934 0.35214 1 0 1.0
bag_strap
0 -3.52881 3.61609 8.24035 -0.59500 -0.04577 0.80242 -0.42346 0.43393 1 0 1.0
0 -5.66120 2.93446 6.62030 -0.59500 -0.04577 0.80242 -0.67934 0.35214 1 0 1.0
0 -3.55567 2.73105 8.16995 -0.59500 -0.04577 0.80242 -0.42668 0.32773 1 0 1.0
bag_strap
0 -3.55567 2.73105 8.16995 -0.56958 -0.39200 0.72244 -0.42668 0.32773 1 0 1.0
0 -5.66120 2.93446 6.62030 -0.56958 -0.39200 0.72244 -0.67934 0.35214 1 0 1.0
0 -5.54607 2.54547 6.50000 -0.56958 -0.39200 0.72244 -0.66553 0.30546 1 0 1.0
bag_strap
0 -3.55567 2.73105 8.16995 -0.54745 -0.45402 0.70296 -0.42668 0.32773 1 0 1.0
0 -5.54607 2.54547 6.50000 -0.54745 -0.45402 0.70296 -0.66553 0.30546 1 0 1.0
0 -3.46205 2.35503 8.00000 -0.54745 -0.45402 0.70296 -0.41545 0.28260 1 0 1.0
bag_strap
0 -3.46205 2.35503 8.00000 0.44968 -0.55998 -0.69586 -0.41545 0.28260 1 0 1.0
0 -5.54607 2.54547 6.50000 0.44968 -0.55998 -0.69586 -0.66553 0.30546 1 0 1.0
0 -5.31608 2.87965 6.37970 0.44968 -0.55998 -0.69586 -0.63793 0.34556 1 0 1.0
bag_strap
0 -3.46205 2.35503 8.00000 0.45920 -0.54464 -0.70179 -0.41545 0.28260 1 0 1.0
0 -5.31608 2.87965 6.37970 0.45920 -0.54464 -0.70179 -0.63793 0.34556 1 0 1.0
0 -3.30279 2.70830 7.83005 0.45920 -0.54464 -0.70179 -0.39633 0.32500 1 0 1.0
bag_strap
0 -3.30279 2.70830 7.83005 0.56415 -0.18413 -0.80488 -0.39633 0.32500 1 0 1.0
0 -5.31608 2.87965 6.37970 0.56415 -0.18413 -0.80488 -0.63793 0.34556 1 0 1.0
0 -5.10596 3.74124 6.32987 0.56415 -0.18413 -0.80488 -0.61272 0.44895 1 0 1.0
bag_strap
0 -3.30279 2.70830 7.83005 0.57946 -0.15147 -0.80080 -0.39633 0.32500 1 0 1.0
0 -5.10596 3.74124 6.32987 0.57946 -0.15147 -0.80080 -0.61272 0.44895 1 0 1.0
0 -3.17119 3.58391 7.75965 0.57946 -0.15147 -0.80080 -0.38054 0.43007 1 0 1.0
bag_strap
0 -3.17119 3.58391 7.75965 0.59433 0.00018 -0.80422 -0.38054 0.43007 1 0 1.0
0 -5.10596 3.74124 6.32987 0.59433 0.00018 -0.80422 -0.61272 0.44895 1 0 1.0
0 -5.03880 4.62554 6.37970 0.59433 0.00018 -0.80422 -0.60466 0.55506 1 0 1.0
bag_strap
0 -3.17119 3.58391 7.75965 0.60960 0.04446 -0.79146 -0.38054 0.43007 1 0 1.0
0 -5.03880 4.62554 6.37970 0.60960 0.04446 -0.79146 -0.60466 0.55506 1 0 1.0
0 -3.14433 4.46895 7.83005 0.60960 0.04446 -0.79146 -0.37732 0.53627 1 0 1.0
bag_strap
0 -3.14433 4.46895 7.83005 0.57936 0.39241 -0.71440 -0.37732 0.53627 1 0 1.0
0 -5.03880 4.62554 6.37970 0.57936 0.39241 -0.71440 -0.60466 0.55506 1 0 1.0
0 -5.15393 5.01453 6.50000 0.57936 0.39241 -0.71440 -0.61847 0.60174 1 0 1.0
bag_strap
0 -3.14433 4.46895 7.83005 0.57445 0.45159 -0.68270 -0.37732 0.53627 1 0 1.0
0 -5.15393 5.01453 6.50000 0.57445 0.45159 -0.68270 -0.61847 0.60174 1 0 1.0
0 -3.23795 4.84497 8.00000 0.57445 0.45159 -0.68270 -0.38855 0.58140 1 0 1.0
bag_strap
0 -5.15393 5.01453 6.50000 -0.81918 0.57297 0.02556 -0.61847 0.78000 1 0 1.0
0 -6.75000 2.89165 2.93580 -0.81918 0.57297 0.02556 -0.81000 0.35230 1 0 1.0
0 -5.38392 4.68035 6.62030 -0.81918 0.57297 0.02556 -0.64607 0.79444 1 0 1.0
bag_strap
0 -6.75000 2.89165 2.93580 0.86375 -0.49774 -0.07861 -0.81000 0.35230 1 0 1.0
0 -6.53882 3.25831 2.93454 0.86375 -0.49774 -0.07861 -0.78466 0.35215 1 0 1.0
0 -5.38392 4.68035 6.62030 0.86375 -0.49774 -0.07861 -0.64607 0.79444 1 0 1.0
bag_strap
0 -5.38392 4.68035 6.62030 -0.94844 0.24307 0.20341 -0.64607 0.79444 1 0 1.0
0 -6.53882 3.25831 2.93454 -0.94844 0.24307 0.20341 -0.78466 0.35215 1 0 1.0
0 -5.59404 3.81876 6.67013 -0.94844 0.24307 0.20341 -0.67128 0.80042 1 0 1.0
bag_strap
0 -6.53882 3.25831 2.93454 0.96886 -0.08622 -0.23210 -0.78466 0.35215 1 0 1.0
0 -6.45135 4.14146 2.97163 0.96886 -0.08622 -0.23210 -0.77416 0.35660 1 0 1.0
0 -5.59404 3.81876 6.67013 0.96886 -0.08622 -0.23210 -0.67128 0.80042 1 0 1.0
bag_strap
0 -5.59404 3.81876 6.67013 -0.97119 0.06078 0.23043 -0.67128 0.80042 1 0 1.0
0 -6.45135 4.14146 2.97163 -0.97119 0.06078 0.23043 -0.77416 0.35660 1 0 1.0
0 -5.66120 2.93446 6.62030 -0.97119 0.06078 0.23043 -0.67934 0.79444 1 0 1.0
bag_strap
0 -6.45135 4.14146 2.97163 0.97843 0.10773 -0.17625 -0.77416 0.35660 1 0 1.0
0 -6.53882 5.02375 3.02534 0.97843 0.10773 -0.17625 -0.78466 0.36304 1 0 1.0
0 -5.66120 2.93446 6.62030 0.97843 0.10773 -0.17625 -0.67934 0.79444 1 0 1.0
bag_strap
0 -5.66120 2.93446 6.62030 -0.95221 -0.29983 0.05821 0.35214 0.79444 1 0 1.0
0 -6.53882 5.02375 3.02534 -0.95221 -0.29983 0.05821 0.60285 0.36304 1 0 1.0
0 -5.54607 2.54547 6.50000 -0.95221 -0.29983 0.05821 0.30546 0.78000 1 0 1.0
bag_strap
0 -6.53882 5.02375 3.02534 0.86547 0.49036 0.10247 0.60285 0.36304 1 0 1.0
0 -6.75000 5.38835 3.06420 0.86547 0.49036 0.10247 0.64660 0.36770 1 0 1.0
0 -5.54607 2.54547 6.50000 0.86547 0.49036 0.10247 0.30546 0.78000 1 0 1.0
bag_strap
0 -5.54607 2.54547 6.50000 0.49620 -0.57551 -0.65006 0.30546 0.78000 1 0 1.0
0 -6.75000 5.38835 3.06420 0.49620 -0.57551 -0.65006 0.64660 0.36770 1 0 1.0
0 -5.31608 2.87965 6.37970 0.49620 -0.57551 -0.65006 0.34556 0.76556 1 0 1.0
bag_strap
0 -6.75000 5.38835 3.06420 -0.69122 0.40016 0.60173 0.64660 0.36770 1 0 1.0
0 -6.96118 5.02169 3.06546 -0.69122 0.40016 0.60173 0.60260 0.36785 1 0 1.0
0 -5.31608 2.87965 6.37970 -0.69122 0.40016 0.60173 0.34556 0.76556 1 0 1.0
bag_strap
0 -5.31608 2.87965 6.37970 0.80537 -0.22805 -0.54715 -0.63793 0.76556 1 0 1.0
0 -6.96118 5.02169 3.06546 0.80537 -0.22805 -0.54715 -0.83534 0.36785 1 0 1.0
0 -5.10596 3.74124 6.32987 0.80537 -0.22805 -0.54715 -0.61272 0.75958 1 0 1.0
bag_strap
0 -6.96118 5.02169 3.06546 -0.85678 0.06337 0.51178 -0.83534 0.36785 1 0 1.0
0 -7.04865 4.13854 3.02837 -0.85678 0.06337 0.51178 -0.84584 0.36340 1 0 1.0
0 -5.10596 3.74124 6.32987 -0.85678 0.06337 0.51178 -0.61272 0.75958 1 0 1.0
bag_strap
0 -5.10596 3.74124 6.32987 0.85936 -0.03653 -0.51007 -0.61272 0.75958 1 0 1.0
0 -7.04865 4.13854 3.02837 0.85936 -0.03653 -0.51007 -0.84584 0.36340 1 0 1.0
0 -5.03880 4.62554 6.37970 0.85936 -0.03653 -0.51007 -0.60466 0.76556 1 0 1.0
bag_strap
0 -7.04865 4.13854 3.02837 -0.84436 -0.11556 0.52317 -0.84584 0.36340 1 0 1.0
0 -6.96118 3.25625 2.97466 -0.84436 -0.11556 0.52317 -0.83534 0.35696 1 0 1.0
0 -5.03880 4.62554 6.37970 -0.84436 -0.11556 0.52317 -0.60466 0.76556 1 0 1.0
bag_strap
0 -5.03880 4.62554 6.37970 0.72581 0.39006 -0.56662 -0.60466 0.76556 1 0 1.0
0 -6.96118 3.25625 2.97466 0.72581 0.39006 -0.56662 -0.83534 0.35696 1 0 1.0
0 -5.15393 5.01453 6.50000 0.72581 0.39006 -0.56662 -0.61847 0.78000 1 0 1.0
bag_strap
0 -6.96118 3.25625 2.97466 -0.67967 -0.45499 0.57536 -0.83534 0.35696 1 0 1.0
0 -6.75000 2.89165 2.93580 -0.67967 -0.45499 0.57536 -0.81000 0.35230 1 0 1.0
0 -5.15393 5.01453 6.50000 -0.67967 -0.45499 0.57536 -0.61847 0.78000 1 0 1.0
bag_strap
0 -6.75000 2.89165 2.93580 0.86510 -0.50025 0.03671 0.34700 0.35230 1 0 1.0
0 -6.35000 3.07090 -4.04733 0.86510 -0.50025 0.03671 0.36851 -0.48568 1 0 1.0
0 -6.14157 3.43526 -3.99404 0.86510 -0.50025 0.03671 0.41223 -0.47928 1 0 1.0
bag_strap
0 -6.75000 2.89165 2.93580 0.86602 -0.49865 0.03692 0.34700 0.35230 1 0 1.0
0 -6.14157 3.43526 -3.99404 0.86602 -0.49865 0.03692 0.41223 -0.47928 1 0 1.0
0 -6.53882 3.25831 2.93454 0.86602 -0.49865 0.03692 0.39100 0.35215 1 0 1.0
bag_strap
0 -6.53882 3.25831 2.93454 0.99347 -0.10025 0.05440 0.39100 0.35215 1 0 1.0
0 -6.14157 3.43526 -3.99404 0.99347 -0.10025 0.05440 0.41223 -0.47928 1 0 1.0
0 -6.05524 4.31789 -3.94423 0.99347 -0.10025 0.05440 0.51815 -0.47331 1 0 1.0
bag_strap
0 -6.53882 3.25831 2.93454 0.99343 -0.10068 0.05433 0.39100 0.35215 1 0 1.0
0 -6.05524 4.31789 -3.94423 0.99343 -0.10068 0.05433 0.51815 -0.47331 1 0 1.0
0 -6.45135 4.14146 2.97163 0.99343 -0.10068 0.05433 0.49698 0.35660 1 0 1.0
bag_strap
0 -6.45135 4.14146 2.97163 0.99362 0.09590 0.05936 0.49698 0.35660 1 0 1.0
0 -6.05524 4.31789 -3.94423 0.99362 0.09590 0.05936 0.51815 -0.47331 1 0 1.0
0 -6.14157 5.20176 -3.92709 0.99362 0.09590 0.05936 0.62421 -0.47125 1 0 1.0
bag_strap
0 -6.45135 4.14146 2.97163 0.99372 0.09492 0.05921 0.49698 0.35660 1 0 1.0
0 -6.14157 5.20176 -3.92709 0.99372 0.09492 0.05921 0.62421 -0.47125 1 0 1.0
0 -6.53882 5.02375 3.02534 0.99372 0.09492 0.05921 0.60285 0.36304 1 0 1.0
bag_strap
0 -6.53882 5.02375 3.02534 0.86621 0.49580 0.06219 0.60285 0.36304 1 0 1.0
0 -6.14157 5.20176 -3.92709 0.86621 0.49580 0.06219 0.62421 -0.47125 1 0 1.0
0 -6.35000 5.56910 -3.95267 0.86621 0.49580 0.06219 0.66829 -0.47432 1 0 1.0
bag_strap
0 -6.53882 5.02375 3.02534 0.86652 0.49526 0.06215 0.60285 0.36304 1 0 1.0
0 -6.35000 5.56910 -3.95267 0.86652 0.49526 0.06215 0.66829 -0.47432 1 0 1.0
0 -6.75000 5.38835 3.06420 0.86652 0.49526 0.06215 0.64660 0.36770 1 0 1.0
bag_strap
0 -6.75000 5.38835 3.06420 -0.86513 0.50022 -0.03643 0.64660 0.36770 1 0 1.0
0 -6.35000 5.56910 -3.95267 -0.86513 0.50022 -0.03643 0.66829 -0.47432 1 0 1.0
0 -6.55843 5.20474 -4.00596 -0.86513 0.50022 -0.03643 0.62457 -0.48072 1 0 1.0
bag_strap
0 -6.75000 5.38835 3.06420 -0.86603 0.49866 -0.03642 0.64660 0.36770 1 0 1.0
0 -6.55843 5.20474 -4.00596 -0.86603 0.49866 -0.03642 0.62457 -0.48072 1 0 1.0
0 -6.96118 5.02169 3.06546 -0.86603 0.49866 -0.03642 0.60260 0.36785 1 0 1.0
bag_strap
0 -6.96118 5.02169 3.06546 -0.99350 0.10023 -0.05399 0.60260 0.36785 1 0 1.0
0 -6.55843 5.20474 -4.00596 -0.99350 0.10023 -0.05399 0.62457 -0.48072 1 0 1.0
0 -6.64476 4.32211 -4.05577 -0.99350 0.10023 -0.05399 0.51865 -0.48669 1 0 1.0
bag_strap
0 -6.96118 5.02169 3.06546 -0.99345 0.10067 -0.05403 0.60260 0.36785 1 0 1.0
0 -6.64476 4.32211 -4.05577 -0.99345 0.10067 -0.05403 0.51865 -0.48669 1 0 1.0
0 -7.04865 4.13854 3.02837 -0.99345 0.10067 -0.05403 0.49662 0.36340 1 0 1.0
bag_strap
0 -7.04865 4.13854 3.02837 -0.99363 -0.09591 -0.05914 0.49662 0.36340 1 0 1.0
0 -6.64476 4.32211 -4.05577 -0.99363 -0.09591 -0.05914 0.51865 -0.48669 1 0 1.0
0 -6.55843 3.43825 -4.07291 -0.99363 -0.09591 -0.05914 0.41259 -0.48875 1 0 1.0
bag_strap
0 -7.04865 4.13854 3.02837 -0.99372 -0.09492 -0.05924 0.49662 0.36340 1 0 1.0
0 -6.55843 3.43825 -4.07291 -0.99372 -0.09492 -0.05924 0.41259 -0.48875 1 0 1.0
0 -6.96118 3.25625 2.97466 -0.99372 -0.09492 -0.05924 0.39075 0.35696 1 0 1.0
bag_strap
0 -6.96118 3.25625 2.97466 -0.86620 -0.49581 -0.06230 0.39075 0.35696 1 0 1.0
0 -6.55843 3.43825 -4.07291 -0.86620 -0.49581 -0.06230 0.41259 -0.48875 1 0 1.0
0 -6.35000 3.07090 -4.04733 -0.86620 -0.49581 -0.06230 0.36851 -0.48568 1 0 1.0
bag_strap
0 -6.96118 3.25625 2.97466 -0.86651 -0.49524 -0.06235 0.39075 0.35696 1 0 1.0
0 -6.35000 3.07090 -4.04733 -0.86651 -0.49524 -0.06235 0.36851 -0.48568 1 0 1.0
0 -6.75000 2.89165 2.93580 -0.86651 -0.49524 -0.06235 0.34700 0.35230 1 0 1.0
bag_strap
0 -6.35000 3.07090 -4.04733 0.77847 -0.45204 0.43548 0.36851 -0.48568 1 0 1.0
0 -4.87256 3.25240 -6.50000 0.77847 -0.45204 0.43548 0.39029 -0.78000 1 0 1.0
0 -4.72394 3.62845 -6.37533 0.77847 -0.45204 0.43548 0.43541 -0.76504 1 0 1.0
bag_strap
0 -6.35000 3.07090 -4.04733 0.76281 -0.49689 0.41380 0.36851 -0.48568 1 0 1.0
0 -4.72394 3.62845 -6.37533 0.76281 -0.49689 0.41380 0.43541 -0.76504 1 0 1.0
0 -6.14157 3.43526 -3.99404 0.76281 -0.49689 0.41380 0.41223 -0.47928 1 0 1.0
bag_strap
0 -6.14157 3.43526 -3.99404 0.85999 -0.04532 0.50829 0.41223 -0.47928 1 0 1.0
0 -4.72394 3.62845 -6.37533 0.85999 -0.04532 0.50829 0.43541 -0.76504 1 0 1.0
0 -4.70774 4.51504 -6.32369 0.85999 -0.04532 0.50829 0.54180 -0.75884 1 0 1.0
bag_strap
0 -6.14157 3.43526 -3.99404 0.86862 -0.11220 0.48261 0.41223 -0.47928 1 0 1.0
0 -4.70774 4.51504 -6.32369 0.86862 -0.11220 0.48261 0.54180 -0.75884 1 0 1.0
0 -6.05524 4.31789 -3.94423 0.86862 -0.11220 0.48261 0.51815 -0.47331 1 0 1.0
bag_strap
0 -6.05524 4.31789 -3.94423 0.85466 0.15161 0.49656 0.51815 -0.47331 1 0 1.0
0 -4.70774 4.51504 -6.32369 0.85466 0.15161 0.49656 0.54180 -0.75884 1 0 1.0
0 -4.83346 5.39282 -6.37533 0.85466 0.15161 0.49656 0.64714 -0.76504 1 0 1.0
bag_strap
0 -6.05524 4.31789 -3.94423 0.87692 0.07646 0.47451 0.51815 -0.47331 1 0 1.0
0 -4.83346 5.39282 -6.37533 0.87692 0.07646 0.47451 0.64714 -0.76504 1 0 1.0
0 -6.14157 5.20176 -3.92709 0.87692 0.07646 0.47451 0.62421 -0.47125 1 0 1.0
bag_strap
0 -6.14157 5.20176 -3.92709 0.72125 0.54471 0.42788 0.62421 -0.47125 1 0 1.0
0 -4.83346 5.39282 -6.37533 0.72125 0.54471 0.42788 0.64714 -0.76504 1 0 1.0
0 -5.02744 5.74760 -6.50000 0.72125 0.54471 0.42788 0.68971 -0.78000 1 0 1.0
bag_strap
0 -6.14157 5.20176 -3.92709 0.77075 0.46745 0.43293 0.62421 -0.47125 1 0 1.0
0 -5.02744 5.74760 -6.50000 0.77075 0.46745 0.43293 0.68971 -0.78000 1 0 1.0
0 -6.35000 5.56910 -3.95267 0.77075 0.46745 0.43293 0.66829 -0.47432 1 0 1.0
bag_strap
0 -6.35000 5.56910 -3.95267 -0.80630 0.44707 -0.38730 0.66829 -0.47432 1 0 1.0
0 -5.02744 5.74760 -6.50000 -0.80630 0.44707 -0.38730 0.68971 -0.78000 1 0 1.0
0 -5.17606 5.37155 -6.62467 -0.80630 0.44707 -0.38730 0.64459 -0.79496 1 0 1.0
bag_strap
0 -6.35000 5.56910 -3.95267 -0.77829 0.50065 -0.37896 0.66829 -0.47432 1 0 1.0
0 -5.17606 5.37155 -6.62467 -0.77829 0.50065 -0.37896 0.64459 -0.79496 1 0 1.0
0 -6.55843 5.20474 -4.00596 -0.77829 0.50065 -0.37896 0.62457 -0.48072 1 0 1.0
bag_strap
0 -6.55843 5.20474 -4.00596 -0.88465 0.04320 -0.46424 0.62457 -0.48072 1 0 1.0
0 -5.17606 5.37155 -6.62467 -0.88465 0.04320 -0.46424 0.64459 -0.79496 1 0 1.0
0 -5.19226 4.48496 -6.67631 -0.88465 0.04320 -0.46424 0.53820 -0.80116 1 0 1.0
bag_strap
0 -6.55843 5.20474 -4.00596 -0.87205 0.11218 -0.47639 0.62457 -0.48072 1 0 1.0
0 -5.19226 4.48496 -6.67631 -0.87205 0.11218 -0.47639 0.53820 -0.80116 1 0 1.0
0 -6.64476 4.32211 -4.05577 -0.87205 0.11218 -0.47639 0.51865 -0.48669 1 0 1.0
bag_strap
0 -6.64476 4.32211 -4.05577 -0.86046 -0.15184 -0.48637 0.51865 -0.48669 1 0 1.0
0 -5.19226 4.48496 -6.67631 -0.86046 -0.15184 -0.48637 0.53820 -0.80116 1 0 1.0
0 -5.06654 3.60718 -6.62467 -0.86046 -0.15184 -0.48637 0.43286 -0.79496 1 0 1.0
bag_strap
0 -6.64476 4.32211 -4.05577 -0.85877 -0.07405 -0.50698 0.51865 -0.48669 1 0 1.0
0 -5.06654 3.60718 -6.62467 -0.85877 -0.07405 -0.50698 0.43286 -0.79496 1 0 1.0
0 -6.55843 3.43825 -4.07291 -0.85877 -0.07405 -0.50698 0.41259 -0.48875 1 0 1.0
bag_strap
0 -6.55843 3.43825 -4.07291 -0.70762 -0.54495 -0.44978 0.41259 -0.48875 1 0 1.0
0 -5.06654 3.60718 -6.62467 -0.70762 -0.54495 -0.44978 0.43286 -0.79496 1 0 1.0
0 -4.87256 3.25240 -6.50000 -0.70762 -0.54495 -0.44978 0.39029 -0.78000 1 0 1.0
bag_strap
0 -6.55843 3.43825 -4.07291 -0.74647 -0.45719 -0.48349 0.41259 -0.48875 1 0 1.0
0 -4.87256 3.25240 -6.50000 -0.74647 -0.45719 -0.48349 0.39029 -0.78000 1 0 1.0
0 -6.35000 3.07090 -4.04733 -0.74647 -0.45719 -0.48349 0.36851 -0.48568 1 0 1.0
bag_strap
0 -4.87256 3.25240 -6.50000 0.62747 -0.50121 0.59588 0.39029 -0.78000 1 0 1.0
0 -3.45000 3.25000 -8.00000 0.62747 -0.50121 0.59588 0.39000 -0.96000 1 0 1.0
0 -3.30000 3.61612 -7.85000 0.62747 -0.50121 0.59588 0.43393 -0.94200 1 0 1.0
bag_strap
0 -4.87256 3.25240 -6.50000 0.63776 -0.45749 0.61965 0.39029 -0.78000 1 0 1.0
0 -3.30000 3.61612 -7.85000 0.63776 -0.45749 0.61965 0.43393 -0.94200 1 0 1.0
0 -4.72394 3.62845 -6.37533 0.63776 -0.45749 0.61965 0.43541 -0.76504 1 0 1.0
bag_strap
0 -4.72394 3.62845 -6.37533 0.71543 -0.09891 0.69165 0.43541 -0.76504 1 0 1.0
0 -3.30000 3.61612 -7.85000 0.71543 -0.09891 0.69165 0.43393 -0.94200 1 0 1.0
0 -3.23787 4.50000 -7.78787 0.71543 -0.09891 0.69165 0.54000 -0.93454 1 0 1.0
bag_strap
0 -4.72394 3.62845 -6.37533 0.70442 -0.05409 0.70772 0.43541 -0.76504 1 0 1.0
0 -3.23787 4.50000 -7.78787 0.70442 -0.05409 0.70772 0.54000 -0.93454 1 0 1.0
0 -4.70774 4.51504 -6.32369 0.70442 -0.05409 0.70772 0.54180 -0.75884 1 0 1.0
bag_strap
0 -4.70774 4.51504 -6.32369 0.70278 0.09892 0.70450 -0.56493 0.54180 1 0 1.0
0 -3.23787 4.50000 -7.78787 0.70278 0.09892 0.70450 -0.38854 0.54000 1 0 1.0
0 -3.30000 5.38388 -7.85000 0.70278 0.09892 0.70450 -0.39600 0.64607 1 0 1.0
bag_strap
0 -4.70774 4.51504 -6.32369 0.68672 0.14031 0.71325 -0.56493 0.54180 1 0 1.0
0 -3.30000 5.38388 -7.85000 0.68672 0.14031 0.71325 -0.39600 0.64607 1 0 1.0
0 -4.83346 5.39282 -6.37533 0.68672 0.14031 0.71325 -0.58001 0.64714 1 0 1.0
bag_strap
0 -4.83346 5.39282 -6.37533 0.60129 0.50128 0.62222 -0.58001 0.64714 1 0 1.0
0 -3.30000 5.38388 -7.85000 0.60129 0.50128 0.62222 -0.39600 0.64607 1 0 1.0
0 -3.45000 5.75000 -8.00000 0.60129 0.50128 0.62222 -0.41400 0.69000 1 0 1.0
bag_strap
0 -4.83346 5.39282 -6.37533 0.58227 0.53383 0.61318 -0.58001 0.64714 1 0 1.0
0 -3.45000 5.75000 -8.00000 0.58227 0.53383 0.61318 -0.41400 0.69000 1 0 1.0
0 -5.02744 5.74760 -6.50000 0.58227 0.53383 0.61318 -0.60329 0.68971 1 0 1.0
bag_strap
0 -5.02744 5.74760 -6.50000 -0.59669 0.50122 -0.62669 -0.60329 0.68971 1 0 1.0
0 -3.45000 5.75000 -8.00000 -0.59669 0.50122 -0.62669 -0.41400 0.69000 1 0 1.0
0 -3.60000 5.38388 -8.15000 -0.59669 0.50122 -0.62669 -0.43200 0.64607 1 0 1.0
bag_strap
0 -5.02744 5.74760 -6.50000 -0.62056 0.45661 -0.63751 -0.60329 0.68971 1 0 1.0
0 -3.60000 5.38388 -8.15000 -0.62056 0.45661 -0.63751 -0.43200 0.64607 1 0 1.0
0 -5.17606 5.37155 -6.62467 -0.62056 0.45661 -0.63751 -0.62113 0.64459 1 0 1.0
bag_strap
0 -5.17606 5.37155 -6.62467 -0.69244 0.09891 -0.71467 -0.62113 0.64459 1 0 1.0
0 -3.60000 5.38388 -8.15000 -0.69244 0.09891 -0.71467 -0.43200 0.64607 1 0 1.0
0 -3.66213 4.50000 -8.21213 -0.69244 0.09891 -0.71467 -0.43946 0.54000 1 0 1.0
bag_strap
0 -5.17606 5.37155 -6.62467 -0.70765 0.05396 -0.70450 -0.62113 0.64459 1 0 1.0
0 -3.66213 4.50000 -8.21213 -0.70765 0.05396 -0.70450 -0.43946 0.54000 1 0 1.0
0 -5.19226 4.48496 -6.67631 -0.70765 0.05396 -0.70450 -0.62307 0.53820 1 0 1.0
bag_strap
0 -5.19226 4.48496 -6.67631 -0.70446 -0.09892 -0.70282 0.53820 -0.80116 1 0 1.0
0 -3.66213 4.50000 -8.21213 -0.70446 -0.09892 -0.70282 0.54000 -0.98546 1 0 1.0
0 -3.60000 3.61612 -8.15000 -0.70446 -0.09892 -0.70282 0.43393 -0.97800 1 0 1.0
bag_strap
0 -5.19226 4.48496 -6.67631 -0.71309 -0.14251 -0.68644 0.53820 -0.80116 1 0 1.0
0 -3.60000 3.61612 -8.15000 -0.71309 -0.14251 -0.68644 0.43393 -0.97800 1 0 1.0
0 -5.06654 3.60718 -6.62467 -0.71309 -0.14251 -0.68644 0.43286 -0.79496 1 0 1.0
bag_strap
0 -5.06654 3.60718 -6.62467 -0.62228 -0.50128 -0.60124 0.43286 -0.79496 1 0 1.0
0 -3.60000 3.61612 -8.15000 -0.62228 -0.50128 -0.60124 0.43393 -0.97800 1 0 1.0
0 -3.45000 3.25000 -8.00000 -0.62228 -0.50128 -0.60124 0.39000 -0.96000 1 0 1.0
bag_strap
0 -5.06654 3.60718 -6.62467 -0.61195 -0.53823 -0.57950 0.43286 -0.79496 1 0 1.0
0 -3.45000 3.25000 -8.00000 -0.61195 -0.53823 -0.57950 0.39000 -0.96000 1 0 1.0
0 -4.87256 3.25240 -6.50000 -0.61195 -0.53823 -0.57950 0.39029 -0.78000 1 0 1.0
bag_strap
0 -3.17119 3.58391 7.75965 0.79793 -0.07181 0.59845 0.43007 0.93116 1 0 1.0
0 -3.14433 4.46895 7.83005 0.79793 -0.07181 0.59845 0.53627 0.93961 1 0 1.0
0 -3.23795 4.84497 8.00000 0.79793 -0.07181 0.59845 0.58140 0.96000 1 0 1.0
bag_strap
0 -3.23795 4.84497 8.00000 0.79793 -0.07181 0.59845 0.58140 0.96000 1 0 1.0
0 -3.39721 4.49170 8.16995 0.79793 -0.07181 0.59845 0.53900 0.98039 1 0 1.0
0 -3.52881 3.61609 8.24035 0.79793 -0.07181 0.59845 0.43393 0.98884 1 0 1.0
bag_strap
0 -3.52881 3.61609 8.24035 0.79793 -0.07181 0.59845 0.43393 0.98884 1 0 1.0
0 -3.55567 2.73105 8.16995 0.79793 -0.07181 0.59845 0.32773 0.98039 1 0 1.0
0 -3.46205 2.35503 8.00000 0.79793 -0.07181 0.59845 0.28260 0.96000 1 0 1.0
bag_strap
0 -3.46205 2.35503 8.00000 0.79793 -0.07181 0.59845 0.28260 0.96000 1 0 1.0
0 -3.30279 2.70830 7.83005 0.79793 -0.07181 0.59845 0.32500 0.93961 1 0 1.0
0 -3.17119 3.58391 7.75965 0.79793 -0.07181 0.59845 0.43007 0.93116 1 0 1.0
bag_strap
0 -3.17119 3.58391 7.75965 0.79793 -0.07181 0.59845 0.43007 0.93116 1 0 1.0
0 -3.23795 4.84497 8.00000 0.79793 -0.07181 0.59845 0.58140 0.96000 1 0 1.0
0 -3.52881 3.61609 8.24035 0.79793 -0.07181 0.59845 0.43393 0.98884 1 0 1.0
bag_strap
0 -3.52881 3.61609 8.24035 0.79793 -0.07181 0.59845 0.43393 0.98884 1 0 1.0
0 -3.46205 2.35503 8.00000 0.79793 -0.07181 0.59845 0.28260 0.96000 1 0 1.0
0 -3.17119 3.58391 7.75965 0.79793 -0.07181 0.59845 0.43007 0.93116 1 0 1.0
bag_strap
0 -3.30000 3.61612 -7.85000 0.70711 0.00000 -0.70711 0.43393 -0.94200 1 0 1.0
0 -3.45000 3.25000 -8.00000 0.70711 0.00000 -0.70711 0.39000 -0.96000 1 0 1.0
0 -3.60000 3.61612 -8.15000 0.70711 0.00000 -0.70711 0.43393 -0.97800 1 0 1.0
bag_strap
0 -3.60000 3.61612 -8.15000 0.70711 0.00000 -0.70710 0.43393 -0.97800 1 0 1.0
0 -3.66213 4.50000 -8.21213 0.70711 0.00000 -0.70710 0.54000 -0.98546 1 0 1.0
0 -3.60000 5.38388 -8.15000 0.70711 0.00000 -0.70710 0.64607 -0.97800 1 0 1.0
bag_strap
0 -3.60000 5.38388 -8.15000 0.70711 -0.00000 -0.70711 0.64607 -0.97800 1 0 1.0
0 -3.45000 5.75000 -8.00000 0.70711 -0.00000 -0.70711 0.69000 -0.96000 1 0 1.0
0 -3.30000 5.38388 -7.85000 0.70711 -0.00000 -0.70711 0.64607 -0.94200 1 0 1.0
bag_strap
0 -3.30000 5.38388 -7.85000 0.70711 0.00000 -0.70711 0.64607 -0.94200 1 0 1.0
0 -3.23787 4.50000 -7.78787 0.70711 0.00000 -0.70711 0.54000 -0.93454 1 0 1.0
0 -3.30000 3.61612 -7.85000 0.70711 0.00000 -0.70711 0.43393 -0.94200 1 0 1.0
bag_strap
0 -3.30000 3.61612 -7.85000 0.70711 0.00000 -0.70711 0.43393 -0.94200 1 0 1.0
0 -3.60000 3.61612 -8.15000 0.70711 0.00000 -0.70711 0.43393 -0.97800 1 0 1.0
0 -3.60000 5.38388 -8.15000 0.70711 0.00000 -0.70711 0.64607 -0.97800 1 0 1.0
bag_strap
0 -3.60000 5.38388 -8.15000 0.70711 0.00000 -0.70711 0.64607 -0.97800 1 0 1.0
0 -3.30000 5.38388 -7.85000 0.70711 0.00000 -0.70711 0.64607 -0.94200 1 0 1.0
0 -3.30000 3.61612 -7.85000 0.70711 0.00000 -0.70711 0.43393 -0.94200 1 0 1.0
bag_strap
0 -3.46205 -2.35503 8.00000 -0.56083 0.39159 0.72947 -0.41545 -0.28260 1 0 1.0
0 -5.54607 -2.54547 6.50000 -0.56083 0.39159 0.72947 -0.66553 -0.30546 1 0 1.0
0 -5.66120 -2.93446 6.62030 -0.56083 0.39159 0.72947 -0.67934 -0.35214 1 0 1.0
bag_strap
0 -3.46205 -2.35503 8.00000 -0.55635 0.45328 0.69642 -0.41545 -0.28260 1 0 1.0
0 -5.66120 -2.93446 6.62030 -0.55635 0.45328 0.69642 -0.67934 -0.35214 1 0 1.0
0 -3.55567 -2.73105 8.16995 -0.55635 0.45328 0.69642 -0.42668 -0.32773 1 0 1.0
bag_strap
0 -3.55567 -2.73105 8.16995 -0.59278 0.00036 0.80537 -0.42668 -0.32773 1 0 1.0
0 -5.66120 -2.93446 6.62030 -0.59278 0.00036 0.80537 -0.67934 -0.35214 1 0 1.0
0 -5.59404 -3.81876 6.67013 -0.59278 0.00036 0.80537 -0.67128 -0.45825 1 0 1.0
bag_strap
0 -3.55567 -2.73105 8.16995 -0.60741 0.04465 0.79313 -0.42668 -0.32773 1 0 1.0
0 -5.59404 -3.81876 6.67013 -0.60741 0.04465 0.79313 -0.67128 -0.45825 1 0 1.0
0 -3.52881 -3.61609 8.24035 -0.60741 0.04465 0.79313 -0.42346 -0.43393 1 0 1.0
bag_strap
0 -3.52881 -3.61609 8.24035 -0.58272 -0.18784 0.79067 -0.42346 -0.43393 1 0 1.0
0 -5.59404 -3.81876 6.67013 -0.58272 -0.18784 0.79067 -0.67128 -0.45825 1 0 1.0
0 -5.38392 -4.68035 6.62030 -0.58272 -0.18784 0.79067 -0.64607 -0.56164 1 0 1.0
bag_strap
0 -3.52881 -3.61609 8.24035 -0.59869 -0.15319 0.78619 -0.42346 -0.43393 1 0 1.0
0 -5.38392 -4.68035 6.62030 -0.59869 -0.15319 0.78619 -0.64607 -0.56164 1 0 1.0
0 -3.39721 -4.49170 8.16995 -0.59869 -0.15319 0.78619 -0.40767 -0.53900 1 0 1.0
bag_strap
0 -3.39721 -4.49170 8.16995 -0.47213 -0.56770 0.67439 -0.40767 -0.53900 1 0 1.0
0 -5.38392 -4.68035 6.62030 -0.47213 -0.56770 0.67439 -0.64607 -0.56164 1 0 1.0
0 -5.15393 -5.01453 6.50000 -0.47213 -0.56770 0.67439 -0.61847 -0.60174 1 0 1.0
bag_strap
0 -3.39721 -4.49170 8.16995 -0.48551 -0.54697 0.68198 -0.40767 -0.53900 1 0 1.0
0 -5.15393 -5.01453 6.50000 -0.48551 -0.54697 0.68198 -0.61847 -0.60174 1 0 1.0
0 -3.23795 -4.84497 8.00000 -0.48551 -0.54697 0.68198 -0.38855 -0.58140 1 0 1.0
bag_strap
0 -3.23795 -4.84497 8.00000 0.58821 -0.39273 -0.70694 -0.38855 -0.58140 1 0 1.0
0 -5.15393 -5.01453 6.50000 0.58821 -0.39273 -0.70694 -0.61847 -0.60174 1 0 1.0
0 -5.03880 -4.62554 6.37970 0.58821 -0.39273 -0.70694 -0.60466 -0.55506 1 0 1.0
bag_strap
0 -3.23795 -4.84497 8.00000 0.56538 -0.45247 -0.68965 -0.38855 -0.58140 1 0 1.0
0 -5.03880 -4.62554 6.37970 0.56538 -0.45247 -0.68965 -0.60466 -0.55506 1 0 1.0
0 -3.14433 -4.46895 7.83005 0.56538 -0.45247 -0.68965 -0.37732 -0.53627 1 0 1.0
bag_strap
0 -3.14433 -4.46895 7.83005 0.60781 0.00142 -0.79408 -0.37732 -0.53627 1 0 1.0
0 -5.03880 -4.62554 6.37970 0.60781 0.00142 -0.79408 -0.60466 -0.55506 1 0 1.0
0 -5.10596 -3.74124 6.32987 0.60781 0.00142 -0.79408 -0.61272 -0.44895 1 0 1.0
bag_strap
0 -3.14433 -4.46895 7.83005 0.59610 -0.04567 -0.80161 -0.37732 -0.53627 1 0 1.0
0 -5.10596 -3.74124 6.32987 0.59610 -0.04567 -0.80161 -0.61272 -0.44895 1 0 1.0
0 -3.17119 -3.58391 7.75965 0.59610 -0.04567 -0.80161 -0.38054 -0.43007 1 0 1.0
bag_strap
0 -3.17119 -3.58391 7.75965 0.57410 0.18612 -0.79735 -0.38054 -0.43007 1 0 1.0
0 -5.10596 -3.74124 6.32987 0.57410 0.18612 -0.79735 -0.61272 -0.44895 1 0 1.0
0 -5.31608 -2.87965 6.37970 0.57410 0.18612 -0.79735 -0.63793 -0.34556 1 0 1.0
bag_strap
0 -3.17119 -3.58391 7.75965 0.56938 0.15055 -0.80817 -0.38054 -0.43007 1 0 1.0
0 -5.31608 -2.87965 6.37970 0.56938 0.15055 -0.80817 -0.63793 -0.34556 1 0 1.0
0 -3.30279 -2.70830 7.83005 0.56938 0.15055 -0.80817 -0.39633 -0.32500 1 0 1.0
bag_strap
0 -3.30279 -2.70830 7.83005 0.45200 0.56079 -0.69369 -0.39633 -0.32500 1 0 1.0
0 -5.31608 -2.87965 6.37970 0.45200 0.56079 -0.69369 -0.63793 -0.34556 1 0 1.0
0 -5.54607 -2.54547 6.50000 0.45200 0.56079 -0.69369 -0.66553 -0.30546 1 0 1.0
bag_strap
0 -3.30279 -2.70830 7.83005 0.45669 0.54439 -0.70362 -0.39633 -0.32500 1 0 1.0
0 -5.54607 -2.54547 6.50000 0.45669 0.54439 -0.70362 -0.66553 -0.30546 1 0 1.0
0 -3.46205 -2.35503 8.00000 0.45669 0.54439 -0.70362 -0.41545 -0.28260 1 0 1.0
bag_strap
0 -5.54607 -2.54547 6.50000 -0.94885 0.30549 0.07971 -0.30546 0.78000 1 0 1.0
0 -6.75000 -5.38835 3.06420 -0.94885 0.30549 0.07971 -0.64660 0.36770 1 0 1.0
0 -5.66120 -2.93446 6.62030 -0.94885 0.30549 0.07971 -0.35214 0.79444 1 0 1.0
bag_strap
0 -6.75000 -5.38835 3.06420 0.86633 -0.49374 0.07545 -0.64660 0.36770 1 0 1.0
0 -6.53882 -5.02375 3.02534 0.86633 -0.49374 0.07545 -0.60285 0.36304 1 0 1.0
0 -5.66120 -2.93446 6.62030 0.86633 -0.49374 0.07545 -0.35214 0.79444 1 0 1.0
bag_strap
0 -5.66120 -2.93446 6.62030 -0.96157 -0.05791 0.26840 -0.67934 0.79444 1 0 1.0
0 -6.53882 -5.02375 3.02534 -0.96157 -0.05791 0.26840 -0.78466 0.36304 1 0 1.0
0 -5.59404 -3.81876 6.67013 -0.96157 -0.05791 0.26840 -0.67128 0.80042 1 0 1.0
bag_strap
0 -6.53882 -5.02375 3.02534 0.97039 -0.10932 -0.21540 -0.78466 0.36304 1 0 1.0
0 -6.45135 -4.14146 2.97163 0.97039 -0.10932 -0.21540 -0.77416 0.35660 1 0 1.0
0 -5.59404 -3.81876 6.67013 0.97039 -0.10932 -0.21540 -0.67128 0.80042 1 0 1.0
bag_strap
0 -5.59404 -3.81876 6.67013 -0.94007 -0.24309 0.23912 -0.67128 0.80042 1 0 1.0
0 -6.45135 -4.14146 2.97163 -0.94007 -0.24309 0.23912 -0.77416 0.35660 1 0 1.0
0 -5.38392 -4.68035 6.62030 -0.94007 -0.24309 0.23912 -0.64607 0.79444 1 0 1.0
bag_strap
0 -6.45135 -4.14146 2.97163 0.95966 0.08378 -0.26838 -0.77416 0.35660 1 0 1.0
0 -6.53882 -3.25831 2.93454 0.95966 0.08378 -0.26838 -0.78466 0.35215 1 0 1.0
0 -5.38392 -4.68035 6.62030 0.95966 0.08378 -0.26838 -0.64607 0.79444 1 0 1.0
bag_strap
0 -5.38392 -4.68035 6.62030 -0.81747 -0.57495 0.03432 -0.64607 0.79444 1 0 1.0
0 -6.53882 -3.25831 2.93454 -0.81747 -0.57495 0.03432 -0.78466 0.35215 1 0 1.0
0 -5.15393 -5.01453 6.50000 -0.81747 -0.57495 0.03432 -0.61847 0.78000 1 0 1.0
bag_strap
0 -6.53882 -3.25831 2.93454 0.86288 0.49728 -0.09022 -0.78466 0.35215 1 0 1.0
0 -6.75000 -2.89165 2.93580 0.86288 0.49728 -0.09022 -0.81000 0.35230 1 0 1.0
0 -5.15393 -5.01453 6.50000 0.86288 0.49728 -0.09022 -0.61847 0.78000 1 0 1.0
bag_strap
0 -5.15393 -5.01453 6.50000 0.73150 -0.38957 -0.55960 -0.61847 0.78000 1 0 1.0
0 -6.75000 -2.89165 2.93580 0.73150 -0.38957 -0.55960 -0.81000 0.35230 1 0 1.0
0 -5.03880 -4.62554 6.37970 0.73150 -0.38957 -0.55960 -0.60466 0.76556 1 0 1.0
bag_strap
0 -6.75000 -2.89165 2.93580 -0.68351 0.45660 0.56950 -0.81000 0.35230 1 0 1.0
0 -6.96118 -3.25625 2.97466 -0.68351 0.45660 0.56950 -0.83534 0.35696 1 0 1.0
0 -5.03880 -4.62554 6.37970 -0.68351 0.45660 0.56950 -0.60466 0.76556 1 0 1.0
bag_strap
0 -5.03880 -4.62554 6.37970 0.87686 0.03960 -0.47912 -0.60466 0.76556 1 0 1.0
0 -6.96118 -3.25625 2.97466 0.87686 0.03960 -0.47912 -0.83534 0.35696 1 0 1.0
0 -5.10596 -3.74124 6.32987 0.87686 0.03960 -0.47912 -0.61272 0.75958 1 0 1.0
bag_strap
0 -6.96118 -3.25625 2.97466 -0.86211 0.11551 0.49339 -0.83534 0.35696 1 0 1.0
0 -7.04865 -4.13854 3.02837 -0.86211 0.11551 0.49339 -0.84584 0.36340 1 0 1.0
0 -5.10596 -3.74124 6.32987 -0.86211 0.11551 0.49339 -0.61272 0.75958 1 0 1.0
bag_strap
0 -5.10596 -3.74124 6.32987 0.82610 0.23119 -0.51392 -0.61272 0.75958 1 0 1.0
0 -7.04865 -4.13854 3.02837 0.82610 0.23119 -0.51392 -0.84584 0.36340 1 0 1.0
0 -5.31608 -2.87965 6.37970 0.82610 0.23119 -0.51392 -0.63793 0.76556 1 0 1.0
bag_strap
0 -7.04865 -4.13854 3.02837 -0.87590 -0.06669 0.47787 -0.84584 0.36340 1 0 1.0
0 -6.96118 -5.02169 3.06546 -0.87590 -0.06669 0.47787 -0.83534 0.36785 1 0 1.0
0 -5.31608 -2.87965 6.37970 -0.87590 -0.06669 0.47787 -0.63793 0.76556 1 0 1.0
bag_strap
0 -5.31608 -2.87965 6.37970 0.51429 0.58103 -0.63080 -0.34556 0.76556 1 0 1.0
0 -6.96118 -5.02169 3.06546 0.51429 0.58103 -0.63080 -0.60260 0.36785 1 0 1.0
0 -5.54607 -2.54547 6.50000 0.51429 0.58103 -0.63080 -0.30546 0.78000 1 0 1.0
bag_strap
0 -6.96118 -5.02169 3.06546 -0.70312 -0.40695 0.58310 -0.60260 0.36785 1 0 1.0
0 -6.75000 -5.38835 3.06420 -0.70312 -0.40695 0.58310 -0.64660 0.36770 1 0 1.0
0 -5.54607 -2.54547 6.50000 -0.70312 -0.40695 0.58310 -0.30546 0.78000 1 0 1.0
bag_strap
0 -6.75000 -5.38835 3.06420 0.86621 -0.49580 0.06215 -0.64660 0.36770 1 0 1.0
0 -6.35000 -5.56910 -3.95267 0.86621 -0.49580 0.06215 -0.66829 -0.47432 1 0 1.0
0 -6.14157 -5.20176 -3.92709 0.86621 -0.49580 0.06215 -0.62421 -0.47125 1 0 1.0
bag_strap
0 -6.75000 -5.38835 3.06420 0.86652 -0.49526 0.06219 -0.64660 0.36770 1 0 1.0
0 -6.14157 -5.20176 -3.92709 0.86652 -0.49526 0.06219 -0.62421 -0.47125 1 0 1.0
0 -6.53882 -5.02375 3.02534 0.86652 -0.49526 0.06219 -0.60285 0.36304 1 0 1.0
bag_strap
0 -6.53882 -5.02375 3.02534 0.99363 -0.09591 0.05923 -0.60285 0.36304 1 0 1.0
0 -6.14157 -5.20176 -3.92709 0.99363 -0.09591 0.05923 -0.62421 -0.47125 1 0 1.0
0 -6.05524 -4.31789 -3.94423 0.99363 -0.09591 0.05923 -0.51815 -0.47331 1 0 1.0
bag_strap
0 -6.53882 -5.02375 3.02534 0.99372 -0.09491 0.05934 -0.60285 0.36304 1 0 1.0
0 -6.05524 -4.31789 -3.94423 0.99372 -0.09491 0.05934 -0.51815 -0.47331 1 0 1.0
0 -6.45135 -4.14146 2.97163 0.99372 -0.09491 0.05934 -0.49698 0.35660 1 0 1.0
bag_strap
0 -6.45135 -4.14146 2.97163 0.99348 0.10024 0.05434 -0.49698 0.35660 1 0 1.0
0 -6.05524 -4.31789 -3.94423 0.99348 0.10024 0.05434 -0.51815 -0.47331 1 0 1.0
0 -6.14157 -3.43526 -3.99404 0.99348 0.10024 0.05434 -0.41223 -0.47928 1 0 1.0
bag_strap
0 -6.45135 -4.14146 2.97163 0.99343 0.10068 0.05439 -0.49698 0.35660 1 0 1.0
0 -6.14157 -3.43526 -3.99404 0.99343 0.10068 0.05439 -0.41223 -0.47928 1 0 1.0
0 -6.53882 -3.25831 2.93454 0.99343 0.10068 0.05439 -0.39100 0.35215 1 0 1.0
bag_strap
0 -6.53882 -3.25831 2.93454 0.86509 0.50026 0.03682 -0.39100 0.35215 1 0 1.0
0 -6.14157 -3.43526 -3.99404 0.86509 0.50026 0.03682 -0.41223 -0.47928 1 0 1.0
0 -6.35000 -3.07090 -4.04733 0.86509 0.50026 0.03682 -0.36851 -0.48568 1 0 1.0
bag_strap
0 -6.53882 -3.25831 2.93454 0.86602 0.49865 0.03681 -0.39100 0.35215 1 0 1.0
0 -6.35000 -3.07090 -4.04733 0.86602 0.49865 0.03681 -0.36851 -0.48568 1 0 1.0
0 -6.75000 -2.89165 2.93580 0.86602 0.49865 0.03681 -0.34700 0.35230 1 0 1.0
bag_strap
0 -6.75000 -2.89165 2.93580 -0.86619 0.49581 -0.06234 -0.34700 0.35230 1 0 1.0
0 -6.35000 -3.07090 -4.04733 -0.86619 0.49581 -0.06234 -0.36851 -0.48568 1 0 1.0
0 -6.55843 -3.43825 -4.07291 -0.86619 0.49581 -0.06234 -0.41259 -0.48875 1 0 1.0
bag_strap
0 -6.75000 -2.89165 2.93580 -0.86651 0.49525 -0.06231 -0.34700 0.35230 1 0 1.0
0 -6.55843 -3.43825 -4.07291 -0.86651 0.49525 -0.06231 -0.41259 -0.48875 1 0 1.0
0 -6.96118 -3.25625 2.97466 -0.86651 0.49525 -0.06231 -0.39075 0.35696 1 0 1.0
bag_strap
0 -6.96118 -3.25625 2.97466 -0.99362 0.09591 -0.05926 -0.39075 0.35696 1 0 1.0
0 -6.55843 -3.43825 -4.07291 -0.99362 0.09591 -0.05926 -0.41259 -0.48875 1 0 1.0
0 -6.64476 -4.32211 -4.05577 -0.99362 0.09591 -0.05926 -0.51865 -0.48669 1 0 1.0
bag_strap
0 -6.96118 -3.25625 2.97466 -0.99373 0.09492 -0.05912 -0.39075 0.35696 1 0 1.0
0 -6.64476 -4.32211 -4.05577 -0.99373 0.09492 -0.05912 -0.51865 -0.48669 1 0 1.0
0 -7.04865 -4.13854 3.02837 -0.99373 0.09492 -0.05912 -0.49662 0.36340 1 0 1.0
bag_strap
0 -7.04865 -4.13854 3.02837 -0.99350 -0.10023 -0.05405 -0.49662 0.36340 1 0 1.0
0 -6.64476 -4.32211 -4.05577 -0.99350 -0.10023 -0.05405 -0.51865 -0.48669 1 0 1.0
0 -6.55843 -5.20474 -4.00596 -0.99350 -0.10023 -0.05405 -0.62457 -0.48072 1 0 1.0
bag_strap
0 -7.04865 -4.13854 3.02837 -0.99346 -0.10067 -0.05398 -0.49662 0.36340 1 0 1.0
0 -6.55843 -5.20474 -4.00596 -0.99346 -0.10067 -0.05398 -0.62457 -0.48072 1 0 1.0
0 -6.96118 -5.02169 3.06546 -0.99346 -0.10067 -0.05398 -0.60260 0.36785 1 0 1.0
bag_strap
0 -6.96118 -5.02169 3.06546 -0.86514 -0.50021 -0.03632 -0.60260 0.36785 1 0 1.0
0 -6.55843 -5.20474 -4.00596 -0.86514 -0.50021 -0.03632 -0.62457 -0.48072 1 0 1.0
0 -6.35000 -5.56910 -3.95267 -0.86514 -0.50021 -0.03632 -0.66829 -0.47432 1 0 1.0
bag_strap
0 -6.96118 -5.02169 3.06546 -0.86603 -0.49866 -0.03652 -0.60260 0.36785 1 0 1.0
0 -6.35000 -5.56910 -3.95267 -0.86603 -0.49866 -0.03652 -0.66829 -0.47432 1 0 1.0
0 -6.75000 -5.38835 3.06420 -0.86603 -0.49866 -0.03652 -0.64660 0.36770 1 0 1.0
bag_strap
0 -6.35000 -5.56910 -3.95267 0.72823 -0.54444 0.41624 -0.66829 -0.47432 1 0 1.0
0 -5.02744 -5.74760 -6.50000 0.72823 -0.54444 0.41624 -0.68971 -0.78000 1 0 1.0
0 -4.83346 -5.39282 -6.37533 0.72823 -0.54444 0.41624 -0.64714 -0.76504 1 0 1.0
bag_strap
0 -6.35000 -5.56910 -3.95267 0.76518 -0.46514 0.44514 -0.66829 -0.47432 1 0 1.0
0 -4.83346 -5.39282 -6.37533 0.76518 -0.46514 0.44514 -0.64714 -0.76504 1 0 1.0
0 -6.14157 -5.20176 -3.92709 0.76518 -0.46514 0.44514 -0.62421 -0.47125 1 0 1.0
bag_strap
0 -6.14157 -5.20176 -3.92709 0.86675 -0.15208 0.47498 -0.62421 -0.47125 1 0 1.0
0 -4.83346 -5.39282 -6.37533 0.86675 -0.15208 0.47498 -0.64714 -0.76504 1 0 1.0
0 -4.70774 -4.51504 -6.32369 0.86675 -0.15208 0.47498 -0.54180 -0.75884 1 0 1.0
bag_strap
0 -6.14157 -5.20176 -3.92709 0.86504 -0.07488 0.49608 -0.62421 -0.47125 1 0 1.0
0 -4.70774 -4.51504 -6.32369 0.86504 -0.07488 0.49608 -0.54180 -0.75884 1 0 1.0
0 -6.05524 -4.31789 -3.94423 0.86504 -0.07488 0.49608 -0.51815 -0.47331 1 0 1.0
bag_strap
0 -6.05524 -4.31789 -3.94423 0.87087 0.04442 0.48950 -0.51815 -0.47331 1 0 1.0
0 -4.70774 -4.51504 -6.32369 0.87087 0.04442 0.48950 -0.54180 -0.75884 1 0 1.0
0 -4.72394 -3.62845 -6.37533 0.87087 0.04442 0.48950 -0.43541 -0.76504 1 0 1.0
bag_strap
0 -6.05524 -4.31789 -3.94423 0.85781 0.11221 0.50157 -0.51815 -0.47331 1 0 1.0
0 -4.72394 -3.62845 -6.37533 0.85781 0.11221 0.50157 -0.43541 -0.76504 1 0 1.0
0 -6.14157 -3.43526 -3.99404 0.85781 0.11221 0.50157 -0.41223 -0.47928 1 0 1.0
bag_strap
0 -6.14157 -3.43526 -3.99404 0.78234 0.45146 0.42911 -0.41223 -0.47928 1 0 1.0
0 -4.72394 -3.62845 -6.37533 0.78234 0.45146 0.42911 -0.43541 -0.76504 1 0 1.0
0 -4.87256 -3.25240 -6.50000 0.78234 0.45146 0.42911 -0.39029 -0.78000 1 0 1.0
bag_strap
0 -6.14157 -3.43526 -3.99404 0.75952 0.49603 0.42081 -0.41223 -0.47928 1 0 1.0
0 -4.87256 -3.25240 -6.50000 0.75952 0.49603 0.42081 -0.39029 -0.78000 1 0 1.0
0 -6.35000 -3.07090 -4.04733 0.75952 0.49603 0.42081 -0.36851 -0.48568 1 0 1.0
bag_strap
0 -6.35000 -3.07090 -4.04733 -0.69980 0.54493 -0.46187 -0.36851 -0.48568 1 0 1.0
0 -4.87256 -3.25240 -6.50000 -0.69980 0.54493 -0.46187 -0.39029 -0.78000 1 0 1.0
0 -5.06654 -3.60718 -6.62467 -0.69980 0.54493 -0.46187 -0.43286 -0.79496 1 0 1.0
bag_strap
0 -6.35000 -3.07090 -4.04733 -0.75294 0.45997 -0.47065 -0.36851 -0.48568 1 0 1.0
0 -5.06654 -3.60718 -6.62467 -0.75294 0.45997 -0.47065 -0.43286 -0.79496 1 0 1.0
0 -6.55843 -3.43825 -4.07291 -0.75294 0.45997 -0.47065 -0.41259 -0.48875 1 0 1.0
bag_strap
0 -6.55843 -3.43825 -4.07291 -0.84894 0.15137 -0.50635 -0.41259 -0.48875 1 0 1.0
0 -5.06654 -3.60718 -6.62467 -0.84894 0.15137 -0.50635 -0.43286 -0.79496 1 0 1.0
0 -5.19226 -4.48496 -6.67631 -0.84894 0.15137 -0.50635 -0.53820 -0.80116 1 0 1.0
bag_strap
0 -6.55843 -3.43825 -4.07291 -0.87013 0.07555 -0.48699 -0.41259 -0.48875 1 0 1.0
0 -5.19226 -4.48496 -6.67631 -0.87013 0.07555 -0.48699 -0.53820 -0.80116 1 0 1.0
0 -6.64476 -4.32211 -4.05577 -0.87013 0.07555 -0.48699 -0.51865 -0.48669 1 0 1.0
bag_strap
0 -6.64476 -4.32211 -4.05577 -0.87494 -0.04407 -0.48222 -0.51865 -0.48669 1 0 1.0
0 -5.19226 -4.48496 -6.67631 -0.87494 -0.04407 -0.48222 -0.53820 -0.80116 1 0 1.0
0 -5.17606 -5.37155 -6.62467 -0.87494 -0.04407 -0.48222 -0.64459 -0.79496 1 0 1.0
bag_strap
0 -6.64476 -4.32211 -4.05577 -0.88170 -0.11210 -0.45829 -0.51865 -0.48669 1 0 1.0
0 -5.17606 -5.37155 -6.62467 -0.88170 -0.11210 -0.45829 -0.64459 -0.79496 1 0 1.0
0 -6.55843 -5.20474 -4.00596 -0.88170 -0.11210 -0.45829 -0.62457 -0.48072 1 0 1.0
bag_strap
0 -6.55843 -5.20474 -4.00596 -0.80213 -0.44794 -0.39490 -0.62457 -0.48072 1 0 1.0
0 -5.17606 -5.37155 -6.62467 -0.80213 -0.44794 -0.39490 -0.64459 -0.79496 1 0 1.0
0 -5.02744 -5.74760 -6.50000 -0.80213 -0.44794 -0.39490 -0.68971 -0.78000 1 0 1.0
bag_strap
0 -6.55843 -5.20474 -4.00596 -0.78174 -0.50142 -0.37074 -0.62457 -0.48072 1 0 1.0
0 -5.02744 -5.74760 -6.50000 -0.78174 -0.50142 -0.37074 -0.68971 -0.78000 1 0 1.0
0 -6.35000 -5.56910 -3.95267 -0.78174 -0.50142 -0.37074 -0.66829 -0.47432 1 0 1.0
bag_strap
0 -5.02744 -5.74760 -6.50000 0.59589 -0.50121 0.62746 -0.60329 -0.68971 1 0 1.0
0 -3.45000 -5.75000 -8.00000 0.59589 -0.50121 0.62746 -0.41400 -0.69000 1 0 1.0
0 -3.30000 -5.38388 -7.85000 0.59589 -0.50121 0.62746 -0.39600 -0.64607 1 0 1.0
bag_strap
0 -5.02744 -5.74760 -6.50000 0.58738 -0.53466 0.60756 -0.60329 -0.68971 1 0 1.0
0 -3.30000 -5.38388 -7.85000 0.58738 -0.53466 0.60756 -0.39600 -0.64607 1 0 1.0
0 -4.83346 -5.39282 -6.37533 0.58738 -0.53466 0.60756 -0.58001 -0.64714 1 0 1.0
bag_strap
0 -4.83346 -5.39282 -6.37533 0.69006 -0.09891 0.71697 -0.58001 -0.64714 1 0 1.0
0 -3.30000 -5.38388 -7.85000 0.69006 -0.09891 0.71697 -0.39600 -0.64607 1 0 1.0
0 -3.23787 -4.50000 -7.78787 0.69006 -0.09891 0.71697 -0.38854 -0.54000 1 0 1.0
bag_strap
0 -4.83346 -5.39282 -6.37533 0.69937 -0.14138 0.70064 -0.58001 -0.64714 1 0 1.0
0 -3.23787 -4.50000 -7.78787 0.69937 -0.14138 0.70064 -0.38854 -0.54000 1 0 1.0
0 -4.70774 -4.51504 -6.32369 0.69937 -0.14138 0.70064 -0.56493 -0.54180 1 0 1.0
bag_strap
0 -4.70774 -4.51504 -6.32369 0.70176 0.09892 0.70551 -0.54180 -0.75884 1 0 1.0
0 -3.23787 -4.50000 -7.78787 0.70176 0.09892 0.70551 -0.54000 -0.93454 1 0 1.0
0 -3.30000 -3.61612 -7.85000 0.70176 0.09892 0.70551 -0.43393 -0.94200 1 0 1.0
bag_strap
0 -4.70774 -4.51504 -6.32369 0.71812 0.05354 0.69386 -0.54180 -0.75884 1 0 1.0
0 -3.30000 -3.61612 -7.85000 0.71812 0.05354 0.69386 -0.43393 -0.94200 1 0 1.0
0 -4.72394 -3.62845 -6.37533 0.71812 0.05354 0.69386 -0.43541 -0.76504 1 0 1.0
bag_strap
0 -4.72394 -3.62845 -6.37533 0.62035 0.50130 0.60321 -0.43541 -0.76504 1 0 1.0
0 -3.30000 -3.61612 -7.85000 0.62035 0.50130 0.60321 -0.43393 -0.94200 1 0 1.0
0 -3.45000 -3.25000 -8.00000 0.62035 0.50130 0.60321 -0.39000 -0.96000 1 0 1.0
bag_strap
0 -4.72394 -3.62845 -6.37533 0.64473 0.45777 0.61218 -0.43541 -0.76504 1 0 1.0
0 -3.45000 -3.25000 -8.00000 0.64473 0.45777 0.61218 -0.39000 -0.96000 1 0 1.0
0 -4.87256 -3.25240 -6.50000 0.64473 0.45777 0.61218 -0.39029 -0.78000 1 0 1.0
bag_strap
0 -4.87256 -3.25240 -6.50000 -0.62828 0.50120 -0.59504 -0.39029 -0.78000 1 0 1.0
0 -3.45000 -3.25000 -8.00000 -0.62828 0.50120 -0.59504 -0.39000 -0.96000 1 0 1.0
0 -3.60000 -3.61612 -8.15000 -0.62828 0.50120 -0.59504 -0.43393 -0.97800 1 0 1.0
bag_strap
0 -4.87256 -3.25240 -6.50000 -0.60632 0.53747 -0.58610 -0.39029 -0.78000 1 0 1.0
0 -3.60000 -3.61612 -8.15000 -0.60632 0.53747 -0.58610 -0.43393 -0.97800 1 0 1.0
0 -5.06654 -3.60718 -6.62467 -0.60632 0.53747 -0.58610 -0.43286 -0.79496 1 0 1.0
bag_strap
0 -5.06654 -3.60718 -6.62467 -0.71704 0.09891 -0.68998 -0.43286 -0.79496 1 0 1.0
0 -3.60000 -3.61612 -8.15000 -0.71704 0.09891 -0.68998 -0.43393 -0.97800 1 0 1.0
0 -3.66213 -4.50000 -8.21213 -0.71704 0.09891 -0.68998 -0.54000 -0.98546 1 0 1.0
bag_strap
0 -5.06654 -3.60718 -6.62467 -0.70060 0.14148 -0.69939 -0.43286 -0.79496 1 0 1.0
0 -3.66213 -4.50000 -8.21213 -0.70060 0.14148 -0.69939 -0.54000 -0.98546 1 0 1.0
0 -5.19226 -4.48496 -6.67631 -0.70060 0.14148 -0.69939 -0.53820 -0.80116 1 0 1.0
bag_strap
0 -5.19226 -4.48496 -6.67631 -0.70543 -0.09892 -0.70184 -0.62307 -0.53820 1 0 1.0
0 -3.66213 -4.50000 -8.21213 -0.70543 -0.09892 -0.70184 -0.43946 -0.54000 1 0 1.0
0 -3.60000 -5.38388 -8.15000 -0.70543 -0.09892 -0.70184 -0.43200 -0.64607 1 0 1.0
bag_strap
0 -5.19226 -4.48496 -6.67631 -0.69464 -0.05447 -0.71730 -0.62307 -0.53820 1 0 1.0
0 -3.60000 -5.38388 -8.15000 -0.69464 -0.05447 -0.71730 -0.43200 -0.64607 1 0 1.0
0 -5.17606 -5.37155 -6.62467 -0.69464 -0.05447 -0.71730 -0.62113 -0.64459 1 0 1.0
bag_strap
0 -5.17606 -5.37155 -6.62467 -0.60377 -0.50130 -0.61980 -0.62113 -0.64459 1 0 1.0
0 -3.60000 -5.38388 -8.15000 -0.60377 -0.50130 -0.61980 -0.43200 -0.64607 1 0 1.0
0 -3.45000 -5.75000 -8.00000 -0.60377 -0.50130 -0.61980 -0.41400 -0.69000 1 0 1.0
bag_strap
0 -5.17606 -5.37155 -6.62467 -0.61358 -0.45618 -0.64453 -0.62113 -0.64459 1 0 1.0
0 -3.45000 -5.75000 -8.00000 -0.61358 -0.45618 -0.64453 -0.41400 -0.69000 1 0 1.0
0 -5.02744 -5.74760 -6.50000 -0.61358 -0.45618 -0.64453 -0.60329 -0.68971 1 0 1.0
bag_strap
0 -3.17119 -3.58391 7.75965 0.79793 0.07181 0.59845 -0.43007 0.93116 1 0 1.0
0 -3.30279 -2.70830 7.83005 0.79793 0.07181 0.59845 -0.32500 0.93961 1 0 1.0
0 -3.46205 -2.35503 8.00000 0.79793 0.07181 0.59845 -0.28260 0.96000 1 0 1.0
bag_strap
0 -3.46205 -2.35503 8.00000 0.79793 0.07181 0.59845 -0.28260 0.96000 1 0 1.0
0 -3.55567 -2.73105 8.16995 0.79793 0.07181 0.59845 -0.32773 0.98039 1 0 1.0
0 -3.52881 -3.61609 8.24035 0.79793 0.07181 0.59845 -0.43393 0.98884 1 0 1.0
bag_strap
0 -3.52881 -3.61609 8.24035 0.79793 0.07181 0.59845 -0.43393 0.98884 1 0 1.0
0 -3.39721 -4.49170 8.16995 0.79793 0.07181 0.59845 -0.53900 0.98039 1 0 1.0
0 -3.23795 -4.84497 8.00000 0.79793 0.07181 0.59845 -0.58140 0.96000 1 0 1.0
bag_strap
0 -3.23795 -4.84497 8.00000 0.79793 0.07181 0.59845 -0.58140 0.96000 1 0 1.0
0 -3.14433 -4.46895 7.83005 0.79793 0.07181 0.59845 -0.53627 0.93961 1 0 1.0
0 -3.17119 -3.58391 7.75965 0.79793 0.07181 0.59845 -0.43007 0.93116 1 0 1.0
bag_strap
0 -3.17119 -3.58391 7.75965 0.79793 0.07181 0.59845 -0.43007 0.93116 1 0 1.0
0 -3.46205 -2.35503 8.00000 0.79793 0.07181 0.59845 -0.28260 0.96000 1 0 1.0
0 -3.52881 -3.61609 8.24035 0.79793 0.07181 0.59845 -0.43393 0.98884 1 0 1.0
bag_strap
0 -3.52881 -3.61609 8.24035 0.79793 0.07181 0.59845 -0.43393 0.98884 1 0 1.0
0 -3.23795 -4.84497 8.00000 0.79793 0.07181 0.59845 -0.58140 0.96000 1 0 1.0
0 -3.17119 -3.58391 7.75965 0.79793 0.07181 0.59845 -0.43007 0.93116 1 0 1.0
bag_strap
0 -3.30000 -5.38388 -7.85000 0.70711 0.00000 -0.70711 -0.64607 -0.94200 1 0 1.0
0 -3.45000 -5.75000 -8.00000 0.70711 0.00000 -0.70711 -0.69000 -0.96000 1 0 1.0
0 -3.60000 -5.38388 -8.15000 0.70711 0.00000 -0.70711 -0.64607 -0.97800 1 0 1.0
bag_strap
0 -3.60000 -5.38388 -8.15000 0.70711 0.00000 -0.70710 -0.64607 -0.97800 1 0 1.0
0 -3.66213 -4.50000 -8.21213 0.70711 0.00000 -0.70710 -0.54000 -0.98546 1 0 1.0
0 -3.60000 -3.61612 -8.15000 0.70711 0.00000 -0.70710 -0.43393 -0.97800 1 0 1.0
bag_strap
0 -3.60000 -3.61612 -8.15000 0.70711 -0.00000 -0.70711 -0.43393 -0.97800 1 0 1.0
0 -3.45000 -3.25000 -8.00000 0.70711 -0.00000 -0.70711 -0.39000 -0.96000 1 0 1.0
0 -3.30000 -3.61612 -7.85000 0.70711 -0.00000 -0.70711 -0.43393 -0.94200 1 0 1.0
bag_strap
0 -3.30000 -3.61612 -7.85000 0.70711 0.00000 -0.70711 -0.43393 -0.94200 1 0 1.0
0 -3.23787 -4.50000 -7.78787 0.70711 0.00000 -0.70711 -0.54000 -0.93454 1 0 1.0
0 -3.30000 -5.38388 -7.85000 0.70711 0.00000 -0.70711 -0.64607 -0.94200 1 0 1.0
bag_strap
0 -3.30000 -5.38388 -7.85000 0.70711 0.00000 -0.70711 -0.64607 -0.94200 1 0 1.0
0 -3.60000 -5.38388 -8.15000 0.70711 0.00000 -0.70711 -0.64607 -0.97800 1 0 1.0
0 -3.60000 -3.61612 -8.15000 0.70711 0.00000 -0.70711 -0.43393 -0.97800 1 0 1.0
bag_strap
0 -3.60000 -3.61612 -8.15000 0.70711 0.00000 -0.70711 -0.43393 -0.97800 1 0 1.0
0 -3.30000 -3.61612 -7.85000 0.70711 0.00000 -0.70711 -0.43393 -0.94200 1 0 1.0
0 -3.30000 -5.38388 -7.85000 0.70711 0.00000 -0.70711 -0.64607 -0.94200 1 0 1.0
bag_strap
0 3.95500 3.03000 -5.50000 -0.57735 -0.57735 -0.57735 0.36360 -0.66000 1 0 1.0
0 3.95500 2.95000 -5.42000 -0.57735 -0.57735 -0.57735 0.35400 -0.65040 1 0 1.0
0 3.87500 3.03000 -5.42000 -0.57735 -0.57735 -0.57735 0.36360 -0.65040 1 0 1.0
bag_strap
0 3.95500 2.95000 2.42000 -0.57735 -0.57735 0.57735 0.35400 0.29040 1 0 1.0
0 3.95500 3.03000 2.50000 -0.57735 -0.57735 0.57735 0.36360 0.30000 1 0 1.0
0 3.87500 3.03000 2.42000 -0.57735 -0.57735 0.57735 0.36360 0.29040 1 0 1.0
bag_strap
0 3.95500 3.97000 -5.50000 -0.57735 0.57735 -0.57735 0.47640 -0.66000 1 0 1.0
0 3.87500 3.97000 -5.42000 -0.57735 0.57735 -0.57735 0.47640 -0.65040 1 0 1.0
0 3.95500 4.05000 -5.42000 -0.57735 0.57735 -0.57735 0.48600 -0.65040 1 0 1.0
bag_strap
0 3.95500 3.97000 2.50000 -0.57735 0.57735 0.57735 0.47640 0.30000 1 0 1.0
0 3.95500 4.05000 2.42000 -0.57735 0.57735 0.57735 0.48600 0.29040 1 0 1.0
0 3.87500 3.97000 2.42000 -0.57735 0.57735 0.57735 0.47640 0.29040 1 0 1.0
bag_strap
0 4.04500 3.03000 -5.50000 0.57735 -0.57735 -0.57735 0.36360 -0.66000 1 0 1.0
0 4.12500 3.03000 -5.42000 0.57735 -0.57735 -0.57735 0.36360 -0.65040 1 0 1.0
0 4.04500 2.95000 -5.42000 0.57735 -0.57735 -0.57735 0.35400 -0.65040 1 0 1.0
bag_strap
0 4.04500 3.03000 2.50000 0.57735 -0.57735 0.57735 0.36360 0.30000 1 0 1.0
0 4.04500 2.95000 2.42000 0.57735 -0.57735 0.57735 0.35400 0.29040 1 0 1.0
0 4.12500 3.03000 2.42000 0.57735 -0.57735 0.57735 0.36360 0.29040 1 0 1.0
bag_strap
0 4.04500 3.97000 -5.50000 0.57735 0.57735 -0.57735 0.47640 -0.66000 1 0 1.0
0 4.04500 4.05000 -5.42000 0.57735 0.57735 -0.57735 0.48600 -0.65040 1 0 1.0
0 4.12500 3.97000 -5.42000 0.57735 0.57735 -0.57735 0.47640 -0.65040 1 0 1.0
bag_strap
0 4.04500 3.97000 2.50000 0.57735 0.57735 0.57735 0.47640 0.30000 1 0 1.0
0 4.12500 3.97000 2.42000 0.57735 0.57735 0.57735 0.47640 0.29040 1 0 1.0
0 4.04500 4.05000 2.42000 0.57735 0.57735 0.57735 0.48600 0.29040 1 0 1.0
bag_strap
0 3.95500 3.97000 -5.50000 -0.70711 0.00000 -0.70711 0.47640 -0.66000 1 0 1.0
0 3.95500 3.03000 -5.50000 -0.70711 0.00000 -0.70711 0.36360 -0.66000 1 0 1.0
0 3.87500 3.03000 -5.42000 -0.70711 0.00000 -0.70711 0.36360 -0.65040 1 0 1.0
bag_strap
0 3.95500 3.97000 -5.50000 -0.70711 0.00000 -0.70711 0.47640 -0.66000 1 0 1.0
0 3.87500 3.03000 -5.42000 -0.70711 0.00000 -0.70711 0.36360 -0.65040 1 0 1.0
0 3.87500 3.97000 -5.42000 -0.70711 0.00000 -0.70711 0.47640 -0.65040 1 0 1.0
bag_strap
0 3.95500 2.95000 -5.42000 -0.70711 -0.70711 0.00000 0.35400 -0.65040 1 0 1.0
0 3.95500 2.95000 2.42000 -0.70711 -0.70711 0.00000 0.35400 0.29040 1 0 1.0
0 3.87500 3.03000 2.42000 -0.70711 -0.70711 0.00000 0.36360 0.29040 1 0 1.0
bag_strap
0 3.95500 2.95000 -5.42000 -0.70711 -0.70711 0.00000 0.35400 -0.65040 1 0 1.0
0 3.87500 3.03000 2.42000 -0.70711 -0.70711 0.00000 0.36360 0.29040 1 0 1.0
0 3.87500 3.03000 -5.42000 -0.70711 -0.70711 0.00000 0.36360 -0.65040 1 0 1.0
bag_strap
0 3.95500 3.03000 2.50000 -0.70711 0.00000 0.70711 0.36360 0.30000 1 0 1.0
0 3.95500 3.97000 2.50000 -0.70711 0.00000 0.70711 0.47640 0.30000 1 0 1.0
0 3.87500 3.97000 2.42000 -0.70711 0.00000 0.70711 0.47640 0.29040 1 0 1.0
bag_strap
0 3.95500 3.03000 2.50000 -0.70711 0.00000 0.70711 0.36360 0.30000 1 0 1.0
0 3.87500 3.97000 2.42000 -0.70711 0.00000 0.70711 0.47640 0.29040 1 0 1.0
0 3.87500 3.03000 2.42000 -0.70711 0.00000 0.70711 0.36360 0.29040 1 0 1.0
bag_strap
0 3.95500 4.05000 2.42000 -0.70711 0.70711 0.00000 0.48600 0.29040 1 0 1.0
0 3.95500 4.05000 -5.42000 -0.70711 0.70711 0.00000 0.48600 -0.65040 1 0 1.0
0 3.87500 3.97000 -5.42000 -0.70711 0.70711 0.00000 0.47640 -0.65040 1 0 1.0
bag_strap
0 3.95500 4.05000 2.42000 -0.70711 0.70711 0.00000 0.48600 0.29040 1 0 1.0
0 3.87500 3.97000 -5.42000 -0.70711 0.70711 0.00000 0.47640 -0.65040 1 0 1.0
0 3.87500 3.97000 2.42000 -0.70711 0.70711 0.00000 0.47640 0.29040 1 0 1.0
bag_strap
0 4.04500 3.97000 -5.50000 0.00000 0.70711 -0.70711 0.48540 -0.66000 1 0 1.0
0 3.95500 3.97000 -5.50000 0.00000 0.70711 -0.70711 0.47460 -0.66000 1 0 1.0
0 3.95500 4.05000 -5.42000 0.00000 0.70711 -0.70711 0.47460 -0.65040 1 0 1.0
bag_strap
0 4.04500 3.97000 -5.50000 0.00000 0.70711 -0.70711 0.48540 -0.66000 1 0 1.0
0 3.95500 4.05000 -5.42000 0.00000 0.70711 -0.70711 0.47460 -0.65040 1 0 1.0
0 4.04500 4.05000 -5.42000 0.00000 0.70711 -0.70711 0.48540 -0.65040 1 0 1.0
bag_strap
0 3.95500 3.97000 2.50000 0.00000 0.70711 0.70711 0.47460 0.30000 1 0 1.0
0 4.04500 3.97000 2.50000 0.00000 0.70711 0.70711 0.48540 0.30000 1 0 1.0
0 4.04500 4.05000 2.42000 0.00000 0.70711 0.70711 0.48540 0.29040 1 0 1.0
bag_strap
0 3.95500 3.97000 2.50000 0.00000 0.70711 0.70711 0.47460 0.30000 1 0 1.0
0 4.04500 4.05000 2.42000 0.00000 0.70711 0.70711 0.48540 0.29040 1 0 1.0
0 3.95500 4.05000 2.42000 0.00000 0.70711 0.70711 0.47460 0.29040 1 0 1.0
bag_strap
0 4.12500 3.97000 2.42000 0.70711 0.70711 0.00000 0.47640 0.29040 1 0 1.0
0 4.12500 3.97000 -5.42000 0.70711 0.70711 0.00000 0.47640 -0.65040 1 0 1.0
0 4.04500 4.05000 -5.42000 0.70711 0.70711 0.00000 0.48600 -0.65040 1 0 1.0
bag_strap
0 4.12500 3.97000 2.42000 0.70711 0.70711 0.00000 0.47640 0.29040 1 0 1.0
0 4.04500 4.05000 -5.42000 0.70711 0.70711 0.00000 0.48600 -0.65040 1 0 1.0
0 4.04500 4.05000 2.42000 0.70711 0.70711 0.00000 0.48600 0.29040 1 0 1.0
bag_strap
0 4.04500 3.03000 -5.50000 0.70711 0.00000 -0.70711 0.36360 -0.66000 1 0 1.0
0 4.04500 3.97000 -5.50000 0.70711 0.00000 -0.70711 0.47640 -0.66000 1 0 1.0
0 4.12500 3.97000 -5.42000 0.70711 0.00000 -0.70711 0.47640 -0.65040 1 0 1.0
bag_strap
0 4.04500 3.03000 -5.50000 0.70711 0.00000 -0.70711 0.36360 -0.66000 1 0 1.0
0 4.12500 3.97000 -5.42000 0.70711 0.00000 -0.70711 0.47640 -0.65040 1 0 1.0
0 4.12500 3.03000 -5.42000 0.70711 0.00000 -0.70711 0.36360 -0.65040 1 0 1.0
bag_strap
0 4.04500 3.97000 2.50000 0.70711 0.00000 0.70711 0.47640 0.30000 1 0 1.0
0 4.04500 3.03000 2.50000 0.70711 0.00000 0.70711 0.36360 0.30000 1 0 1.0
0 4.12500 3.03000 2.42000 0.70711 0.00000 0.70711 0.36360 0.29040 1 0 1.0
bag_strap
0 4.04500 3.97000 2.50000 0.70711 0.00000 0.70711 0.47640 0.30000 1 0 1.0
0 4.12500 3.03000 2.42000 0.70711 0.00000 0.70711 0.36360 0.29040 1 0 1.0
0 4.12500 3.97000 2.42000 0.70711 0.00000 0.70711 0.47640 0.29040 1 0 1.0
bag_strap
0 4.04500 2.95000 2.42000 0.70711 -0.70711 0.00000 0.35400 0.29040 1 0 1.0
0 4.04500 2.95000 -5.42000 0.70711 -0.70711 0.00000 0.35400 -0.65040 1 0 1.0
0 4.12500 3.03000 -5.42000 0.70711 -0.70711 0.00000 0.36360 -0.65040 1 0 1.0
bag_strap
0 4.04500 2.95000 2.42000 0.70711 -0.70711 0.00000 0.35400 0.29040 1 0 1.0
0 4.12500 3.03000 -5.42000 0.70711 -0.70711 0.00000 0.36360 -0.65040 1 0 1.0
0 4.12500 3.03000 2.42000 0.70711 -0.70711 0.00000 0.36360 0.29040 1 0 1.0
bag_strap
0 3.95500 3.03000 -5.50000 0.00000 -0.70711 -0.70711 0.47460 -0.66000 1 0 1.0
0 4.04500 3.03000 -5.50000 0.00000 -0.70711 -0.70711 0.48540 -0.66000 1 0 1.0
0 4.04500 2.95000 -5.42000 0.00000 -0.70711 -0.70711 0.48540 -0.65040 1 0 1.0
bag_strap
0 3.95500 3.03000 -5.50000 0.00000 -0.70711 -0.70711 0.47460 -0.66000 1 0 1.0
0 4.04500 2.95000 -5.42000 0.00000 -0.70711 -0.70711 0.48540 -0.65040 1 0 1.0
0 3.95500 2.95000 -5.42000 0.00000 -0.70711 -0.70711 0.47460 -0.65040 1 0 1.0
bag_strap
0 4.04500 3.03000 2.50000 0.00000 -0.70711 0.70711 0.48540 0.30000 1 0 1.0
0 3.95500 3.03000 2.50000 0.00000 -0.70711 0.70711 0.47460 0.30000 1 0 1.0
0 3.95500 2.95000 2.42000 0.00000 -0.70711 0.70711 0.47460 0.29040 1 0 1.0
bag_strap
0 4.04500 3.03000 2.50000 0.00000 -0.70711 0.70711 0.48540 0.30000 1 0 1.0
0 3.95500 2.95000 2.42000 0.00000 -0.70711 0.70711 0.47460 0.29040 1 0 1.0
0 4.04500 2.95000 2.42000 0.00000 -0.70711 0.70711 0.48540 0.29040 1 0 1.0
bag_strap
0 3.95500 3.97000 -5.50000 0.00000 0.00000 -1.00000 0.47460 0.47640 1 0 1.0
0 4.04500 3.97000 -5.50000 0.00000 0.00000 -1.00000 0.48540 0.47640 1 0 1.0
0 4.04500 3.03000 -5.50000 0.00000 0.00000 -1.00000 0.48540 0.36360 1 0 1.0
bag_strap
0 3.95500 3.97000 -5.50000 0.00000 0.00000 -1.00000 0.47460 0.47640 1 0 1.0
0 4.04500 3.03000 -5.50000 0.00000 0.00000 -1.00000 0.48540 0.36360 1 0 1.0
0 3.95500 3.03000 -5.50000 0.00000 0.00000 -1.00000 0.47460 0.36360 1 0 1.0
bag_strap
0 3.87500 3.03000 -5.42000 -1.00000 0.00000 0.00000 0.36360 -0.65040 1 0 1.0
0 3.87500 3.03000 2.42000 -1.00000 0.00000 0.00000 0.36360 0.29040 1 0 1.0
0 3.87500 3.97000 2.42000 -1.00000 0.00000 0.00000 0.47640 0.29040 1 0 1.0
bag_strap
0 3.87500 3.03000 -5.42000 -1.00000 0.00000 0.00000 0.36360 -0.65040 1 0 1.0
0 3.87500 3.97000 2.42000 -1.00000 0.00000 0.00000 0.47640 0.29040 1 0 1.0
0 3.87500 3.97000 -5.42000 -1.00000 0.00000 0.00000 0.47640 -0.65040 1 0 1.0
bag_strap
0 4.04500 2.95000 -5.42000 0.00000 -1.00000 0.00000 0.48540 -0.65040 1 0 1.0
0 4.04500 2.95000 2.42000 0.00000 -1.00000 0.00000 0.48540 0.29040 1 0 1.0
0 3.95500 2.95000 2.42000 0.00000 -1.00000 0.00000 0.47460 0.29040 1 0 1.0
bag_strap
0 4.04500 2.95000 -5.42000 0.00000 -1.00000 0.00000 0.48540 -0.65040 1 0 1.0
0 3.95500 2.95000 2.42000 0.00000 -1.00000 0.00000 0.47460 0.29040 1 0 1.0
0 3.95500 2.95000 -5.42000 0.00000 -1.00000 0.00000 0.47460 -0.65040 1 0 1.0
bag_strap
0 4.04500 3.97000 2.50000 0.00000 0.00000 1.00000 0.48540 0.47640 1 0 1.0
0 3.95500 3.97000 2.50000 0.00000 0.00000 1.00000 0.47460 0.47640 1 0 1.0
0 3.95500 3.03000 2.50000 0.00000 0.00000 1.00000 0.47460 0.36360 1 0 1.0
bag_strap
0 4.04500 3.97000 2.50000 0.00000 0.00000 1.00000 0.48540 0.47640 1 0 1.0
0 3.95500 3.03000 2.50000 0.00000 0.00000 1.00000 0.47460 0.36360 1 0 1.0
0 4.04500 3.03000 2.50000 0.00000 0.00000 1.00000 0.48540 0.36360 1 0 1.0
bag_strap
0 3.95500 4.05000 -5.42000 0.00000 1.00000 0.00000 0.47460 -0.65040 1 0 1.0
0 3.95500 4.05000 2.42000 0.00000 1.00000 0.00000 0.47460 0.29040 1 0 1.0
0 4.04500 4.05000 2.42000 0.00000 1.00000 0.00000 0.48540 0.29040 1 0 1.0
bag_strap
0 3.95500 4.05000 -5.42000 0.00000 1.00000 0.00000 0.47460 -0.65040 1 0 1.0
0 4.04500 4.05000 2.42000 0.00000 1.00000 0.00000 0.48540 0.29040 1 0 1.0
0 4.04500 4.05000 -5.42000 0.00000 1.00000 0.00000 0.48540 -0.65040 1 0 1.0
bag_strap
0 4.12500 3.97000 -5.42000 1.00000 0.00000 0.00000 0.47640 -0.65040 1 0 1.0
0 4.12500 3.97000 2.42000 1.00000 0.00000 0.00000 0.47640 0.29040 1 0 1.0
0 4.12500 3.03000 2.42000 1.00000 0.00000 0.00000 0.36360 0.29040 1 0 1.0
bag_strap
0 4.12500 3.97000 -5.42000 1.00000 0.00000 0.00000 0.47640 -0.65040 1 0 1.0
0 4.12500 3.03000 2.42000 1.00000 0.00000 0.00000 0.36360 0.29040 1 0 1.0
0 4.12500 3.03000 -5.42000 1.00000 0.00000 0.00000 0.36360 -0.65040 1 0 1.0
bag_strap
0 3.95500 -3.97000 -5.50000 -0.57735 -0.57735 -0.57735 -0.47640 -0.66000 1 0 1.0
0 3.95500 -4.05000 -5.42000 -0.57735 -0.57735 -0.57735 -0.48600 -0.65040 1 0 1.0
0 3.87500 -3.97000 -5.42000 -0.57735 -0.57735 -0.57735 -0.47640 -0.65040 1 0 1.0
bag_strap
0 3.95500 -4.05000 2.42000 -0.57735 -0.57735 0.57735 -0.48600 0.29040 1 0 1.0
0 3.95500 -3.97000 2.50000 -0.57735 -0.57735 0.57735 -0.47640 0.30000 1 0 1.0
0 3.87500 -3.97000 2.42000 -0.57735 -0.57735 0.57735 -0.47640 0.29040 1 0 1.0
bag_strap
0 3.95500 -3.03000 -5.50000 -0.57735 0.57735 -0.57735 -0.36360 -0.66000 1 0 1.0
0 3.87500 -3.03000 -5.42000 -0.57735 0.57735 -0.57735 -0.36360 -0.65040 1 0 1.0
0 3.95500 -2.95000 -5.42000 -0.57735 0.57735 -0.57735 -0.35400 -0.65040 1 0 1.0
bag_strap
0 3.95500 -3.03000 2.50000 -0.57735 0.57735 0.57735 -0.36360 0.30000 1 0 1.0
0 3.95500 -2.95000 2.42000 -0.57735 0.57735 0.57735 -0.35400 0.29040 1 0 1.0
0 3.87500 -3.03000 2.42000 -0.57735 0.57735 0.57735 -0.36360 0.29040 1 0 1.0
bag_strap
0 4.04500 -3.97000 -5.50000 0.57735 -0.57735 -0.57735 -0.47640 -0.66000 1 0 1.0
0 4.12500 -3.97000 -5.42000 0.57735 -0.57735 -0.57735 -0.47640 -0.65040 1 0 1.0
0 4.04500 -4.05000 -5.42000 0.57735 -0.57735 -0.57735 -0.48600 -0.65040 1 0 1.0
bag_strap
0 4.04500 -3.97000 2.50000 0.57735 -0.57735 0.57735 -0.47640 0.30000 1 0 1.0
0 4.04500 -4.05000 2.42000 0.57735 -0.57735 0.57735 -0.48600 0.29040 1 0 1.0
0 4.12500 -3.97000 2.42000 0.57735 -0.57735 0.57735 -0.47640 0.29040 1 0 1.0
bag_strap
0 4.04500 -3.03000 -5.50000 0.57735 0.57735 -0.57735 -0.36360 -0.66000 1 0 1.0
0 4.04500 -2.95000 -5.42000 0.57735 0.57735 -0.57735 -0.35400 -0.65040 1 0 1.0
0 4.12500 -3.03000 -5.42000 0.57735 0.57735 -0.57735 -0.36360 -0.65040 1 0 1.0
bag_strap
0 4.04500 -3.03000 2.50000 0.57735 0.57735 0.57735 -0.36360 0.30000 1 0 1.0
0 4.12500 -3.03000 2.42000 0.57735 0.57735 0.57735 -0.36360 0.29040 1 0 1.0
0 4.04500 -2.95000 2.42000 0.57735 0.57735 0.57735 -0.35400 0.29040 1 0 1.0
bag_strap
0 3.95500 -3.03000 -5.50000 -0.70711 0.00000 -0.70711 -0.36360 -0.66000 1 0 1.0
0 3.95500 -3.97000 -5.50000 -0.70711 0.00000 -0.70711 -0.47640 -0.66000 1 0 1.0
0 3.87500 -3.97000 -5.42000 -0.70711 0.00000 -0.70711 -0.47640 -0.65040 1 0 1.0
bag_strap
0 3.95500 -3.03000 -5.50000 -0.70711 0.00000 -0.70711 -0.36360 -0.66000 1 0 1.0
0 3.87500 -3.97000 -5.42000 -0.70711 0.00000 -0.70711 -0.47640 -0.65040 1 0 1.0
0 3.87500 -3.03000 -5.42000 -0.70711 0.00000 -0.70711 -0.36360 -0.65040 1 0 1.0
bag_strap
0 3.95500 -4.05000 -5.42000 -0.70711 -0.70711 0.00000 -0.48600 -0.65040 1 0 1.0
0 3.95500 -4.05000 2.42000 -0.70711 -0.70711 0.00000 -0.48600 0.29040 1 0 1.0
0 3.87500 -3.97000 2.42000 -0.70711 -0.70711 0.00000 -0.47640 0.29040 1 0 1.0
bag_strap
0 3.95500 -4.05000 -5.42000 -0.70711 -0.70711 0.00000 -0.48600 -0.65040 1 0 1.0
0 3.87500 -3.97000 2.42000 -0.70711 -0.70711 0.00000 -0.47640 0.29040 1 0 1.0
0 3.87500 -3.97000 -5.42000 -0.70711 -0.70711 0.00000 -0.47640 -0.65040 1 0 1.0
bag_strap
0 3.95500 -3.97000 2.50000 -0.70711 0.00000 0.70711 -0.47640 0.30000 1 0 1.0
0 3.95500 -3.03000 2.50000 -0.70711 0.00000 0.70711 -0.36360 0.30000 1 0 1.0
0 3.87500 -3.03000 2.42000 -0.70711 0.00000 0.70711 -0.36360 0.29040 1 0 1.0
bag_strap
0 3.95500 -3.97000 2.50000 -0.70711 0.00000 0.70711 -0.47640 0.30000 1 0 1.0
0 3.87500 -3.03000 2.42000 -0.70711 0.00000 0.70711 -0.36360 0.29040 1 0 1.0
0 3.87500 -3.97000 2.42000 -0.70711 0.00000 0.70711 -0.47640 0.29040 1 0 1.0
bag_strap
0 3.95500 -2.95000 2.42000 -0.70711 0.70711 0.00000 -0.35400 0.29040 1 0 1.0
0 3.95500 -2.95000 -5.42000 -0.70711 0.70711 0.00000 -0.35400 -0.65040 1 0 1.0
0 3.87500 -3.03000 -5.42000 -0.70711 0.70711 0.00000 -0.36360 -0.65040 1 0 1.0
bag_strap
0 3.95500 -2.95000 2.42000 -0.70711 0.70711 0.00000 -0.35400 0.29040 1 0 1.0
0 3.87500 -3.03000 -5.42000 -0.70711 0.70711 0.00000 -0.36360 -0.65040 1 0 1.0
0 3.87500 -3.03000 2.42000 -0.70711 0.70711 0.00000 -0.36360 0.29040 1 0 1.0
bag_strap
0 4.04500 -3.03000 -5.50000 0.00000 0.70711 -0.70711 0.48540 -0.66000 1 0 1.0
0 3.95500 -3.03000 -5.50000 0.00000 0.70711 -0.70711 0.47460 -0.66000 1 0 1.0
0 3.95500 -2.95000 -5.42000 0.00000 0.70711 -0.70711 0.47460 -0.65040 1 0 1.0
bag_strap
0 4.04500 -3.03000 -5.50000 0.00000 0.70711 -0.70711 0.48540 -0.66000 1 0 1.0
0 3.95500 -2.95000 -5.42000 0.00000 0.70711 -0.70711 0.47460 -0.65040 1 0 1.0
0 4.04500 -2.95000 -5.42000 0.00000 0.70711 -0.70711 0.48540 -0.65040 1 0 1.0
bag_strap
0 3.95500 -3.03000 2.50000 0.00000 0.70711 0.70711 0.47460 0.30000 1 0 1.0
0 4.04500 -3.03000 2.50000 0.00000 0.70711 0.70711 0.48540 0.30000 1 0 1.0
0 4.04500 -2.95000 2.42000 0.00000 0.70711 0.70711 0.48540 0.29040 1 0 1.0
bag_strap
0 3.95500 -3.03000 2.50000 0.00000 0.70711 0.70711 0.47460 0.30000 1 0 1.0
0 4.04500 -2.95000 2.42000 0.00000 0.70711 0.70711 0.48540 0.29040 1 0 1.0
0 3.95500 -2.95000 2.42000 0.00000 0.70711 0.70711 0.47460 0.29040 1 0 1.0
bag_strap
0 4.12500 -3.03000 2.42000 0.70711 0.70711 0.00000 -0.36360 0.29040 1 0 1.0
0 4.12500 -3.03000 -5.42000 0.70711 0.70711 0.00000 -0.36360 -0.65040 1 0 1.0
0 4.04500 -2.95000 -5.42000 0.70711 0.70711 0.00000 -0.35400 -0.65040 1 0 1.0
bag_strap
0 4.12500 -3.03000 2.42000 0.70711 0.70711 0.00000 -0.36360 0.29040 1 0 1.0
0 4.04500 -2.95000 -5.42000 0.70711 0.70711 0.00000 -0.35400 -0.65040 1 0 1.0
0 4.04500 -2.95000 2.42000 0.70711 0.70711 0.00000 -0.35400 0.29040 1 0 1.0
bag_strap
0 4.04500 -3.97000 -5.50000 0.70711 0.00000 -0.70711 -0.47640 -0.66000 1 0 1.0
0 4.04500 -3.03000 -5.50000 0.70711 0.00000 -0.70711 -0.36360 -0.66000 1 0 1.0
0 4.12500 -3.03000 -5.42000 0.70711 0.00000 -0.70711 -0.36360 -0.65040 1 0 1.0
bag_strap
0 4.04500 -3.97000 -5.50000 0.70711 0.00000 -0.70711 -0.47640 -0.66000 1 0 1.0
0 4.12500 -3.03000 -5.42000 0.70711 0.00000 -0.70711 -0.36360 -0.65040 1 0 1.0
0 4.12500 -3.97000 -5.42000 0.70711 0.00000 -0.70711 -0.47640 -0.65040 1 0 1.0
bag_strap
0 4.04500 -3.03000 2.50000 0.70711 0.00000 0.70711 -0.36360 0.30000 1 0 1.0
0 4.04500 -3.97000 2.50000 0.70711 0.00000 0.70711 -0.47640 0.30000 1 0 1.0
0 4.12500 -3.97000 2.42000 0.70711 0.00000 0.70711 -0.47640 0.29040 1 0 1.0
bag_strap
0 4.04500 -3.03000 2.50000 0.70711 0.00000 0.70711 -0.36360 0.30000 1 0 1.0
0 4.12500 -3.97000 2.42000 0.70711 0.00000 0.70711 -0.47640 0.29040 1 0 1.0
0 4.12500 -3.03000 2.42000 0.70711 0.00000 0.70711 -0.36360 0.29040 1 0 1.0
bag_strap
0 4.04500 -4.05000 2.42000 0.70711 -0.70711 0.00000 -0.48600 0.29040 1 0 1.0
0 4.04500 -4.05000 -5.42000 0.70711 -0.70711 0.00000 -0.48600 -0.65040 1 0 1.0
0 4.12500 -3.97000 -5.42000 0.70711 -0.70711 0.00000 -0.47640 -0.65040 1 0 1.0
bag_strap
0 4.04500 -4.05000 2.42000 0.70711 -0.70711 0.00000 -0.48600 0.29040 1 0 1.0
0 4.12500 -3.97000 -5.42000 0.70711 -0.70711 0.00000 -0.47640 -0.65040 1 0 1.0
0 4.12500 -3.97000 2.42000 0.70711 -0.70711 0.00000 -0.47640 0.29040 1 0 1.0
bag_strap
0 3.95500 -3.97000 -5.50000 0.00000 -0.70711 -0.70711 0.47460 -0.66000 1 0 1.0
0 4.04500 -3.97000 -5.50000 0.00000 -0.70711 -0.70711 0.48540 -0.66000 1 0 1.0
0 4.04500 -4.05000 -5.42000 0.00000 -0.70711 -0.70711 0.48540 -0.65040 1 0 1.0
bag_strap
0 3.95500 -3.97000 -5.50000 0.00000 -0.70711 -0.70711 0.47460 -0.66000 1 0 1.0
0 4.04500 -4.05000 -5.42000 0.00000 -0.70711 -0.70711 0.48540 -0.65040 1 0 1.0
0 3.95500 -4.05000 -5.42000 0.00000 -0.70711 -0.70711 0.47460 -0.65040 1 0 1.0
bag_strap
0 4.04500 -3.97000 2.50000 0.00000 -0.70711 0.70711 0.48540 0.30000 1 0 1.0
0 3.95500 -3.97000 2.50000 0.00000 -0.70711 0.70711 0.47460 0.30000 1 0 1.0
0 3.95500 -4.05000 2.42000 0.00000 -0.70711 0.70711 0.47460 0.29040 1 0 1.0
bag_strap
0 4.04500 -3.97000 2.50000 0.00000 -0.70711 0.70711 0.48540 0.30000 1 0 1.0
0 3.95500 -4.05000 2.42000 0.00000 -0.70711 0.70711 0.47460 0.29040 1 0 1.0
0 4.04500 -4.05000 2.42000 0.00000 -0.70711 0.70711 0.48540 0.29040 1 0 1.0
bag_strap
0 3.95500 -3.03000 -5.50000 0.00000 0.00000 -1.00000 0.47460 -0.36360 1 0 1.0
0 4.04500 -3.03000 -5.50000 0.00000 0.00000 -1.00000 0.48540 -0.36360 1 0 1.0
0 4.04500 -3.97000 -5.50000 0.00000 0.00000 -1.00000 0.48540 -0.47640 1 0 1.0
bag_strap
0 3.95500 -3.03000 -5.50000 0.00000 0.00000 -1.00000 0.47460 -0.36360 1 0 1.0
0 4.04500 -3.97000 -5.50000 0.00000 0.00000 -1.00000 0.48540 -0.47640 1 0 1.0
0 3.95500 -3.97000 -5.50000 0.00000 0.00000 -1.00000 0.47460 -0.47640 1 0 1.0
bag_strap
0 3.87500 -3.97000 -5.42000 -1.00000 0.00000 0.00000 -0.47640 -0.65040 1 0 1.0
0 3.87500 -3.97000 2.42000 -1.00000 0.00000 0.00000 -0.47640 0.29040 1 0 1.0
0 3.87500 -3.03000 2.42000 -1.00000 0.00000 0.00000 -0.36360 0.29040 1 0 1.0
bag_strap
0 3.87500 -3.97000 -5.42000 -1.00000 0.00000 0.00000 -0.47640 -0.65040 1 0 1.0
0 3.87500 -3.03000 2.42000 -1.00000 0.00000 0.00000 -0.36360 0.29040 1 0 1.0
0 3.87500 -3.03000 -5.42000 -1.00000 0.00000 0.00000 -0.36360 -0.65040 1 0 1.0
bag_strap
0 4.04500 -4.05000 -5.42000 0.00000 -1.00000 0.00000 0.48540 -0.65040 1 0 1.0
0 4.04500 -4.05000 2.42000 0.00000 -1.00000 0.00000 0.48540 0.29040 1 0 1.0
0 3.95500 -4.05000 2.42000 0.00000 -1.00000 0.00000 0.47460 0.29040 1 0 1.0
bag_strap
0 4.04500 -4.05000 -5.42000 0.00000 -1.00000 0.00000 0.48540 -0.65040 1 0 1.0
0 3.95500 -4.05000 2.42000 0.00000 -1.00000 0.00000 0.47460 0.29040 1 0 1.0
0 3.95500 -4.05000 -5.42000 0.00000 -1.00000 0.00000 0.47460 -0.65040 1 0 1.0
bag_strap
0 4.04500 -3.03000 2.50000 0.00000 0.00000 1.00000 0.48540 -0.36360 1 0 1.0
0 3.95500 -3.03000 2.50000 0.00000 0.00000 1.00000 0.47460 -0.36360 1 0 1.0
0 3.95500 -3.97000 2.50000 0.00000 0.00000 1.00000 0.47460 -0.47640 1 0 1.0
bag_strap
0 4.04500 -3.03000 2.50000 0.00000 0.00000 1.00000 0.48540 -0.36360 1 0 1.0
0 3.95500 -3.97000 2.50000 0.00000 0.00000 1.00000 0.47460 -0.47640 1 0 1.0
0 4.04500 -3.97000 2.50000 0.00000 0.00000 1.00000 0.48540 -0.47640 1 0 1.0
bag_strap
0 3.95500 -2.95000 -5.42000 0.00000 1.00000 0.00000 0.47460 -0.65040 1 0 1.0
0 3.95500 -2.95000 2.42000 0.00000 1.00000 0.00000 0.47460 0.29040 1 0 1.0
0 4.04500 -2.95000 2.42000 0.00000 1.00000 0.00000 0.48540 0.29040 1 0 1.0
bag_strap
0 3.95500 -2.95000 -5.42000 0.00000 1.00000 0.00000 0.47460 -0.65040 1 0 1.0
0 4.04500 -2.95000 2.42000 0.00000 1.00000 0.00000 0.48540 0.29040 1 0 1.0
0 4.04500 -2.95000 -5.42000 0.00000 1.00000 0.00000 0.48540 -0.65040 1 0 1.0
bag_strap
0 4.12500 -3.03000 -5.42000 1.00000 0.00000 0.00000 -0.36360 -0.65040 1 0 1.0
0 4.12500 -3.03000 2.42000 1.00000 0.00000 0.00000 -0.36360 0.29040 1 0 1.0
0 4.12500 -3.97000 2.42000 1.00000 0.00000 0.00000 -0.47640 0.29040 1 0 1.0
bag_strap
0 4.12500 -3.03000 -5.42000 1.00000 0.00000 0.00000 -0.36360 -0.65040 1 0 1.0
0 4.12500 -3.97000 2.42000 1.00000 0.00000 0.00000 -0.47640 0.29040 1 0 1.0
0 4.12500 -3.97000 -5.42000 1.00000 0.00000 0.00000 -0.47640 -0.65040 1 0 1.0
end
