version 1
nodes
0 "root" -1
1 "backpack_flap" 0
end
skeleton
time 0
0 0 0 0 0 0 0
1 -2.350000 0.000000 7.900000 0.000000 -0.000000 0.000000
end
triangles
bag_fabric
0 -0.600000 -3.600000 -7.500000 -0.219443 -0.190335 -0.956879 -0.108000 -0.648000 1 0 1.0
0 -0.600000 -4.327099 -7.355371 -0.219443 -0.190335 -0.956879 -0.108000 -0.778878 1 0 1.0
0 -1.345320 -4.345321 -7.180821 -0.219443 -0.190335 -0.956879 -0.242158 -0.782158 1 0 1.0
bag_fabric
0 -0.600000 -3.600000 -7.500000 -0.190334 -0.219443 -0.956879 -0.108000 -0.648000 1 0 1.0
0 -1.345320 -4.345321 -7.180821 -0.190334 -0.219443 -0.956879 -0.242158 -0.782158 1 0 1.0
0 -1.327099 -3.600000 -7.355371 -0.190334 -0.219443 -0.956879 -0.238878 -0.648000 1 0 1.0
bag_fabric
0 -0.600000 -4.327099 -7.355371 -0.186110 -0.545864 -0.816943 -0.108000 -0.778878 1 0 1.0
0 -0.600000 -4.943503 -6.943503 -0.186110 -0.545864 -0.816943 -0.108000 -0.889831 1 0 1.0
0 -1.307504 -4.846884 -6.846884 -0.186110 -0.545864 -0.816943 -0.235351 -0.872439 1 0 1.0
bag_fabric
0 -0.600000 -4.327099 -7.355371 -0.176854 -0.554666 -0.813061 -0.108000 -0.778878 1 0 1.0
0 -1.307504 -4.846884 -6.846884 -0.176854 -0.554666 -0.813061 -0.235351 -0.872439 1 0 1.0
0 -1.345320 -4.345321 -7.180821 -0.176854 -0.554666 -0.813061 -0.242158 -0.782158 1 0 1.0
bag_fabric
0 -1.327099 -3.600000 -7.355371 -0.554665 -0.176854 -0.813062 -0.238878 -0.648000 1 0 1.0
0 -1.345320 -4.345321 -7.180821 -0.554665 -0.176854 -0.813062 -0.242158 -0.782158 1 0 1.0
0 -1.846884 -4.307505 -6.846884 -0.554665 -0.176854 -0.813062 -0.332439 -0.775351 1 0 1.0
bag_fabric
0 -1.327099 -3.600000 -7.355371 -0.545864 -0.186110 -0.816943 -0.238878 -0.648000 1 0 1.0
0 -1.846884 -4.307505 -6.846884 -0.545864 -0.186110 -0.816943 -0.332439 -0.775351 1 0 1.0
0 -1.943503 -3.600000 -6.943503 -0.545864 -0.186110 -0.816943 -0.349831 -0.648000 1 0 1.0
bag_fabric
0 -1.345320 -4.345321 -7.180821 -0.473136 -0.512681 -0.716450 -0.242158 -0.782158 1 0 1.0
0 -1.307504 -4.846884 -6.846884 -0.473136 -0.512681 -0.716450 -0.235351 -0.872439 1 0 1.0
0 -1.696965 -4.696966 -6.696966 -0.473136 -0.512681 -0.716450 -0.305454 -0.845454 1 0 1.0
bag_fabric
0 -1.345320 -4.345321 -7.180821 -0.512680 -0.473137 -0.716450 -0.242158 -0.782158 1 0 1.0
0 -1.696965 -4.696966 -6.696966 -0.512680 -0.473137 -0.716450 -0.305454 -0.845454 1 0 1.0
0 -1.846884 -4.307505 -6.846884 -0.512680 -0.473137 -0.716450 -0.332439 -0.775351 1 0 1.0
bag_fabric
0 -0.600000 -5.500000 -5.600000 -0.190334 -0.956879 -0.219443 -0.108000 -1.008000 1 0 1.0
0 -1.327099 -5.355371 -5.600000 -0.190334 -0.956879 -0.219443 -0.238878 -1.008000 1 0 1.0
0 -1.345320 -5.180821 -6.345321 -0.190334 -0.956879 -0.219443 -0.242158 -1.142158 1 0 1.0
bag_fabric
0 -0.600000 -5.500000 -5.600000 -0.219443 -0.956879 -0.190334 -0.108000 -1.008000 1 0 1.0
0 -1.345320 -5.180821 -6.345321 -0.219443 -0.956879 -0.190334 -0.242158 -1.142158 1 0 1.0
0 -0.600000 -5.355371 -6.327099 -0.219443 -0.956879 -0.190334 -0.108000 -1.138878 1 0 1.0
bag_fabric
0 -1.327099 -5.355371 -5.600000 -0.545864 -0.816943 -0.186110 -0.238878 -1.008000 1 0 1.0
0 -1.943503 -4.943503 -5.600000 -0.545864 -0.816943 -0.186110 -0.349831 -1.008000 1 0 1.0
0 -1.846884 -4.846884 -6.307505 -0.545864 -0.816943 -0.186110 -0.332439 -1.135351 1 0 1.0
bag_fabric
0 -1.327099 -5.355371 -5.600000 -0.554665 -0.813062 -0.176854 -0.238878 -1.008000 1 0 1.0
0 -1.846884 -4.846884 -6.307505 -0.554665 -0.813062 -0.176854 -0.332439 -1.135351 1 0 1.0
0 -1.345320 -5.180821 -6.345321 -0.554665 -0.813062 -0.176854 -0.242158 -1.142158 1 0 1.0
bag_fabric
0 -0.600000 -5.355371 -6.327099 -0.176854 -0.813061 -0.554666 -0.108000 -1.138878 1 0 1.0
0 -1.345320 -5.180821 -6.345321 -0.176854 -0.813061 -0.554666 -0.242158 -1.142158 1 0 1.0
0 -1.307504 -4.846884 -6.846884 -0.176854 -0.813061 -0.554666 -0.235351 -1.232439 1 0 1.0
bag_fabric
0 -0.600000 -5.355371 -6.327099 -0.186110 -0.816943 -0.545864 -0.108000 -1.138878 1 0 1.0
0 -1.307504 -4.846884 -6.846884 -0.186110 -0.816943 -0.545864 -0.235351 -1.232439 1 0 1.0
0 -0.600000 -4.943503 -6.943503 -0.186110 -0.816943 -0.545864 -0.108000 -1.249831 1 0 1.0
bag_fabric
0 -1.345320 -5.180821 -6.345321 -0.512680 -0.716450 -0.473137 -0.242158 -1.142158 1 0 1.0
0 -1.846884 -4.846884 -6.307505 -0.512680 -0.716450 -0.473137 -0.332439 -1.135351 1 0 1.0
0 -1.696965 -4.696966 -6.696966 -0.512680 -0.716450 -0.473137 -0.305454 -1.205454 1 0 1.0
bag_fabric
0 -1.345320 -5.180821 -6.345321 -0.473136 -0.716450 -0.512681 -0.242158 -1.142158 1 0 1.0
0 -1.696965 -4.696966 -6.696966 -0.473136 -0.716450 -0.512681 -0.305454 -1.205454 1 0 1.0
0 -1.307504 -4.846884 -6.846884 -0.473136 -0.716450 -0.512681 -0.235351 -1.232439 1 0 1.0
bag_fabric
0 -2.500000 -3.600000 -5.600000 -0.956879 -0.219443 -0.190335 -0.648000 -1.008000 1 0 1.0
0 -2.355371 -3.600000 -6.327099 -0.956879 -0.219443 -0.190335 -0.648000 -1.138878 1 0 1.0
0 -2.180821 -4.345321 -6.345321 -0.956879 -0.219443 -0.190335 -0.782158 -1.142158 1 0 1.0
bag_fabric
0 -2.500000 -3.600000 -5.600000 -0.956879 -0.190335 -0.219443 -0.648000 -1.008000 1 0 1.0
0 -2.180821 -4.345321 -6.345321 -0.956879 -0.190335 -0.219443 -0.782158 -1.142158 1 0 1.0
0 -2.355371 -4.327099 -5.600000 -0.956879 -0.190335 -0.219443 -0.778878 -1.008000 1 0 1.0
bag_fabric
0 -2.355371 -3.600000 -6.327099 -0.816943 -0.186110 -0.545864 -0.648000 -1.138878 1 0 1.0
0 -1.943503 -3.600000 -6.943503 -0.816943 -0.186110 -0.545864 -0.648000 -1.249831 1 0 1.0
0 -1.846884 -4.307505 -6.846884 -0.816943 -0.186110 -0.545864 -0.775351 -1.232439 1 0 1.0
bag_fabric
0 -2.355371 -3.600000 -6.327099 -0.813062 -0.176854 -0.554665 -0.648000 -1.138878 1 0 1.0
0 -1.846884 -4.307505 -6.846884 -0.813062 -0.176854 -0.554665 -0.775351 -1.232439 1 0 1.0
0 -2.180821 -4.345321 -6.345321 -0.813062 -0.176854 -0.554665 -0.782158 -1.142158 1 0 1.0
bag_fabric
0 -2.355371 -4.327099 -5.600000 -0.813062 -0.554665 -0.176854 -0.778878 -1.008000 1 0 1.0
0 -2.180821 -4.345321 -6.345321 -0.813062 -0.554665 -0.176854 -0.782158 -1.142158 1 0 1.0
0 -1.846884 -4.846884 -6.307505 -0.813062 -0.554665 -0.176854 -0.872439 -1.135351 1 0 1.0
bag_fabric
0 -2.355371 -4.327099 -5.600000 -0.816943 -0.545864 -0.186110 -0.778878 -1.008000 1 0 1.0
0 -1.846884 -4.846884 -6.307505 -0.816943 -0.545864 -0.186110 -0.872439 -1.135351 1 0 1.0
0 -1.943503 -4.943503 -5.600000 -0.816943 -0.545864 -0.186110 -0.889831 -1.008000 1 0 1.0
bag_fabric
0 -2.180821 -4.345321 -6.345321 -0.716450 -0.473137 -0.512680 -0.782158 -1.142158 1 0 1.0
0 -1.846884 -4.307505 -6.846884 -0.716450 -0.473137 -0.512680 -0.775351 -1.232439 1 0 1.0
0 -1.696965 -4.696966 -6.696966 -0.716450 -0.473137 -0.512680 -0.845454 -1.205454 1 0 1.0
bag_fabric
0 -2.180821 -4.345321 -6.345321 -0.716450 -0.512680 -0.473137 -0.782158 -1.142158 1 0 1.0
0 -1.696965 -4.696966 -6.696966 -0.716450 -0.512680 -0.473137 -0.845454 -1.205454 1 0 1.0
0 -1.846884 -4.846884 -6.307505 -0.716450 -0.512680 -0.473137 -0.872439 -1.135351 1 0 1.0
bag_fabric
0 -0.600000 -5.500000 5.600000 -0.219443 -0.956879 0.190335 -0.108000 1.008000 1 0 1.0
0 -0.600000 -5.355371 6.327099 -0.219443 -0.956879 0.190335 -0.108000 1.138878 1 0 1.0
0 -1.345320 -5.180821 6.345321 -0.219443 -0.956879 0.190335 -0.242158 1.142158 1 0 1.0
bag_fabric
0 -0.600000 -5.500000 5.600000 -0.190334 -0.956879 0.219443 -0.108000 1.008000 1 0 1.0
0 -1.345320 -5.180821 6.345321 -0.190334 -0.956879 0.219443 -0.242158 1.142158 1 0 1.0
0 -1.327099 -5.355371 5.600000 -0.190334 -0.956879 0.219443 -0.238878 1.008000 1 0 1.0
bag_fabric
0 -0.600000 -5.355371 6.327099 -0.186110 -0.816943 0.545864 -0.108000 1.138878 1 0 1.0
0 -0.600000 -4.943503 6.943503 -0.186110 -0.816943 0.545864 -0.108000 1.249831 1 0 1.0
0 -1.307504 -4.846884 6.846884 -0.186110 -0.816943 0.545864 -0.235351 1.232439 1 0 1.0
bag_fabric
0 -0.600000 -5.355371 6.327099 -0.176854 -0.813061 0.554666 -0.108000 1.138878 1 0 1.0
0 -1.307504 -4.846884 6.846884 -0.176854 -0.813061 0.554666 -0.235351 1.232439 1 0 1.0
0 -1.345320 -5.180821 6.345321 -0.176854 -0.813061 0.554666 -0.242158 1.142158 1 0 1.0
bag_fabric
0 -1.327099 -5.355371 5.600000 -0.554665 -0.813062 0.176854 -0.238878 1.008000 1 0 1.0
0 -1.345320 -5.180821 6.345321 -0.554665 -0.813062 0.176854 -0.242158 1.142158 1 0 1.0
0 -1.846884 -4.846884 6.307505 -0.554665 -0.813062 0.176854 -0.332439 1.135351 1 0 1.0
bag_fabric
0 -1.327099 -5.355371 5.600000 -0.545864 -0.816943 0.186110 -0.238878 1.008000 1 0 1.0
0 -1.846884 -4.846884 6.307505 -0.545864 -0.816943 0.186110 -0.332439 1.135351 1 0 1.0
0 -1.943503 -4.943503 5.600000 -0.545864 -0.816943 0.186110 -0.349831 1.008000 1 0 1.0
bag_fabric
0 -1.345320 -5.180821 6.345321 -0.473136 -0.716450 0.512681 -0.242158 1.142158 1 0 1.0
0 -1.307504 -4.846884 6.846884 -0.473136 -0.716450 0.512681 -0.235351 1.232439 1 0 1.0
0 -1.696965 -4.696966 6.696966 -0.473136 -0.716450 0.512681 -0.305454 1.205454 1 0 1.0
bag_fabric
0 -1.345320 -5.180821 6.345321 -0.512680 -0.716450 0.473137 -0.242158 1.142158 1 0 1.0
0 -1.696965 -4.696966 6.696966 -0.512680 -0.716450 0.473137 -0.305454 1.205454 1 0 1.0
0 -1.846884 -4.846884 6.307505 -0.512680 -0.716450 0.473137 -0.332439 1.135351 1 0 1.0
bag_fabric
0 -0.600000 -3.600000 7.500000 -0.190334 -0.219443 0.956879 -0.108000 -0.648000 1 0 1.0
0 -1.327099 -3.600000 7.355371 -0.190334 -0.219443 0.956879 -0.238878 -0.648000 1 0 1.0
0 -1.345320 -4.345321 7.180821 -0.190334 -0.219443 0.956879 -0.242158 -0.782158 1 0 1.0
bag_fabric
0 -0.600000 -3.600000 7.500000 -0.219443 -0.190334 0.956879 -0.108000 -0.648000 1 0 1.0
0 -1.345320 -4.345321 7.180821 -0.219443 -0.190334 0.956879 -0.242158 -0.782158 1 0 1.0
0 -0.600000 -4.327099 7.355371 -0.219443 -0.190334 0.956879 -0.108000 -0.778878 1 0 1.0
bag_fabric
0 -1.327099 -3.600000 7.355371 -0.545864 -0.186110 0.816943 -0.238878 -0.648000 1 0 1.0
0 -1.943503 -3.600000 6.943503 -0.545864 -0.186110 0.816943 -0.349831 -0.648000 1 0 1.0
0 -1.846884 -4.307505 6.846884 -0.545864 -0.186110 0.816943 -0.332439 -0.775351 1 0 1.0
bag_fabric
0 -1.327099 -3.600000 7.355371 -0.554665 -0.176854 0.813062 -0.238878 -0.648000 1 0 1.0
0 -1.846884 -4.307505 6.846884 -0.554665 -0.176854 0.813062 -0.332439 -0.775351 1 0 1.0
0 -1.345320 -4.345321 7.180821 -0.554665 -0.176854 0.813062 -0.242158 -0.782158 1 0 1.0
bag_fabric
0 -0.600000 -4.327099 7.355371 -0.176854 -0.554666 0.813061 -0.108000 -0.778878 1 0 1.0
0 -1.345320 -4.345321 7.180821 -0.176854 -0.554666 0.813061 -0.242158 -0.782158 1 0 1.0
0 -1.307504 -4.846884 6.846884 -0.176854 -0.554666 0.813061 -0.235351 -0.872439 1 0 1.0
bag_fabric
0 -0.600000 -4.327099 7.355371 -0.186110 -0.545864 0.816943 -0.108000 -0.778878 1 0 1.0
0 -1.307504 -4.846884 6.846884 -0.186110 -0.545864 0.816943 -0.235351 -0.872439 1 0 1.0
0 -0.600000 -4.943503 6.943503 -0.186110 -0.545864 0.816943 -0.108000 -0.889831 1 0 1.0
bag_fabric
0 -1.345320 -4.345321 7.180821 -0.512680 -0.473137 0.716450 -0.242158 -0.782158 1 0 1.0
0 -1.846884 -4.307505 6.846884 -0.512680 -0.473137 0.716450 -0.332439 -0.775351 1 0 1.0
0 -1.696965 -4.696966 6.696966 -0.512680 -0.473137 0.716450 -0.305454 -0.845454 1 0 1.0
bag_fabric
0 -1.345320 -4.345321 7.180821 -0.473136 -0.512681 0.716450 -0.242158 -0.782158 1 0 1.0
0 -1.696965 -4.696966 6.696966 -0.473136 -0.512681 0.716450 -0.305454 -0.845454 1 0 1.0
0 -1.307504 -4.846884 6.846884 -0.473136 -0.512681 0.716450 -0.235351 -0.872439 1 0 1.0
bag_fabric
0 -2.500000 -3.600000 5.600000 -0.956879 -0.190335 0.219443 -0.648000 1.008000 1 0 1.0
0 -2.355371 -4.327099 5.600000 -0.956879 -0.190335 0.219443 -0.778878 1.008000 1 0 1.0
0 -2.180821 -4.345321 6.345321 -0.956879 -0.190335 0.219443 -0.782158 1.142158 1 0 1.0
bag_fabric
0 -2.500000 -3.600000 5.600000 -0.956879 -0.219443 0.190335 -0.648000 1.008000 1 0 1.0
0 -2.180821 -4.345321 6.345321 -0.956879 -0.219443 0.190335 -0.782158 1.142158 1 0 1.0
0 -2.355371 -3.600000 6.327099 -0.956879 -0.219443 0.190335 -0.648000 1.138878 1 0 1.0
bag_fabric
0 -2.355371 -4.327099 5.600000 -0.816943 -0.545864 0.186110 -0.778878 1.008000 1 0 1.0
0 -1.943503 -4.943503 5.600000 -0.816943 -0.545864 0.186110 -0.889831 1.008000 1 0 1.0
0 -1.846884 -4.846884 6.307505 -0.816943 -0.545864 0.186110 -0.872439 1.135351 1 0 1.0
bag_fabric
0 -2.355371 -4.327099 5.600000 -0.813062 -0.554665 0.176854 -0.778878 1.008000 1 0 1.0
0 -1.846884 -4.846884 6.307505 -0.813062 -0.554665 0.176854 -0.872439 1.135351 1 0 1.0
0 -2.180821 -4.345321 6.345321 -0.813062 -0.554665 0.176854 -0.782158 1.142158 1 0 1.0
bag_fabric
0 -2.355371 -3.600000 6.327099 -0.813062 -0.176854 0.554665 -0.648000 1.138878 1 0 1.0
0 -2.180821 -4.345321 6.345321 -0.813062 -0.176854 0.554665 -0.782158 1.142158 1 0 1.0
0 -1.846884 -4.307505 6.846884 -0.813062 -0.176854 0.554665 -0.775351 1.232439 1 0 1.0
bag_fabric
0 -2.355371 -3.600000 6.327099 -0.816943 -0.186110 0.545864 -0.648000 1.138878 1 0 1.0
0 -1.846884 -4.307505 6.846884 -0.816943 -0.186110 0.545864 -0.775351 1.232439 1 0 1.0
0 -1.943503 -3.600000 6.943503 -0.816943 -0.186110 0.545864 -0.648000 1.249831 1 0 1.0
bag_fabric
0 -2.180821 -4.345321 6.345321 -0.716450 -0.512680 0.473137 -0.782158 1.142158 1 0 1.0
0 -1.846884 -4.846884 6.307505 -0.716450 -0.512680 0.473137 -0.872439 1.135351 1 0 1.0
0 -1.696965 -4.696966 6.696966 -0.716450 -0.512680 0.473137 -0.845454 1.205454 1 0 1.0
bag_fabric
0 -2.180821 -4.345321 6.345321 -0.716450 -0.473137 0.512680 -0.782158 1.142158 1 0 1.0
0 -1.696965 -4.696966 6.696966 -0.716450 -0.473137 0.512680 -0.845454 1.205454 1 0 1.0
0 -1.846884 -4.307505 6.846884 -0.716450 -0.473137 0.512680 -0.775351 1.232439 1 0 1.0
bag_fabric
0 -0.600000 3.600000 -7.500000 -0.190335 0.219443 -0.956879 -0.108000 0.648000 1 0 1.0
0 -1.327098 3.600000 -7.355371 -0.190335 0.219443 -0.956879 -0.238878 0.648000 1 0 1.0
0 -1.345320 4.345320 -7.180821 -0.190335 0.219443 -0.956879 -0.242158 0.782158 1 0 1.0
bag_fabric
0 -0.600000 3.600000 -7.500000 -0.219443 0.190335 -0.956879 -0.108000 0.648000 1 0 1.0
0 -1.345320 4.345320 -7.180821 -0.219443 0.190335 -0.956879 -0.242158 0.782158 1 0 1.0
0 -0.600000 4.327098 -7.355371 -0.219443 0.190335 -0.956879 -0.108000 0.778878 1 0 1.0
bag_fabric
0 -1.327098 3.600000 -7.355371 -0.545864 0.186110 -0.816943 -0.238878 0.648000 1 0 1.0
0 -1.943503 3.600000 -6.943503 -0.545864 0.186110 -0.816943 -0.349831 0.648000 1 0 1.0
0 -1.846884 4.307504 -6.846884 -0.545864 0.186110 -0.816943 -0.332439 0.775351 1 0 1.0
bag_fabric
0 -1.327098 3.600000 -7.355371 -0.554665 0.176854 -0.813061 -0.238878 0.648000 1 0 1.0
0 -1.846884 4.307504 -6.846884 -0.554665 0.176854 -0.813061 -0.332439 0.775351 1 0 1.0
0 -1.345320 4.345320 -7.180821 -0.554665 0.176854 -0.813061 -0.242158 0.782158 1 0 1.0
bag_fabric
0 -0.600000 4.327098 -7.355371 -0.176854 0.554665 -0.813062 -0.108000 0.778878 1 0 1.0
0 -1.345320 4.345320 -7.180821 -0.176854 0.554665 -0.813062 -0.242158 0.782158 1 0 1.0
0 -1.307504 4.846884 -6.846884 -0.176854 0.554665 -0.813062 -0.235351 0.872439 1 0 1.0
bag_fabric
0 -0.600000 4.327098 -7.355371 -0.186110 0.545864 -0.816943 -0.108000 0.778878 1 0 1.0
0 -1.307504 4.846884 -6.846884 -0.186110 0.545864 -0.816943 -0.235351 0.872439 1 0 1.0
0 -0.600000 4.943503 -6.943503 -0.186110 0.545864 -0.816943 -0.108000 0.889831 1 0 1.0
bag_fabric
0 -1.345320 4.345320 -7.180821 -0.512681 0.473137 -0.716450 -0.242158 0.782158 1 0 1.0
0 -1.846884 4.307504 -6.846884 -0.512681 0.473137 -0.716450 -0.332439 0.775351 1 0 1.0
0 -1.696965 4.696965 -6.696966 -0.512681 0.473137 -0.716450 -0.305454 0.845454 1 0 1.0
bag_fabric
0 -1.345320 4.345320 -7.180821 -0.473137 0.512680 -0.716450 -0.242158 0.782158 1 0 1.0
0 -1.696965 4.696965 -6.696966 -0.473137 0.512680 -0.716450 -0.305454 0.845454 1 0 1.0
0 -1.307504 4.846884 -6.846884 -0.473137 0.512680 -0.716450 -0.235351 0.872439 1 0 1.0
bag_fabric
0 -2.500000 3.600000 -5.600000 -0.956879 0.190335 -0.219443 0.648000 -1.008000 1 0 1.0
0 -2.355371 4.327098 -5.600000 -0.956879 0.190335 -0.219443 0.778878 -1.008000 1 0 1.0
0 -2.180821 4.345320 -6.345321 -0.956879 0.190335 -0.219443 0.782158 -1.142158 1 0 1.0
bag_fabric
0 -2.500000 3.600000 -5.600000 -0.956879 0.219443 -0.190335 0.648000 -1.008000 1 0 1.0
0 -2.180821 4.345320 -6.345321 -0.956879 0.219443 -0.190335 0.782158 -1.142158 1 0 1.0
0 -2.355371 3.600000 -6.327099 -0.956879 0.219443 -0.190335 0.648000 -1.138878 1 0 1.0
bag_fabric
0 -2.355371 4.327098 -5.600000 -0.816943 0.545864 -0.186110 0.778878 -1.008000 1 0 1.0
0 -1.943503 4.943503 -5.600000 -0.816943 0.545864 -0.186110 0.889831 -1.008000 1 0 1.0
0 -1.846884 4.846884 -6.307505 -0.816943 0.545864 -0.186110 0.872439 -1.135351 1 0 1.0
bag_fabric
0 -2.355371 4.327098 -5.600000 -0.813062 0.554665 -0.176854 0.778878 -1.008000 1 0 1.0
0 -1.846884 4.846884 -6.307505 -0.813062 0.554665 -0.176854 0.872439 -1.135351 1 0 1.0
0 -2.180821 4.345320 -6.345321 -0.813062 0.554665 -0.176854 0.782158 -1.142158 1 0 1.0
bag_fabric
0 -2.355371 3.600000 -6.327099 -0.813062 0.176854 -0.554665 0.648000 -1.138878 1 0 1.0
0 -2.180821 4.345320 -6.345321 -0.813062 0.176854 -0.554665 0.782158 -1.142158 1 0 1.0
0 -1.846884 4.307504 -6.846884 -0.813062 0.176854 -0.554665 0.775351 -1.232439 1 0 1.0
bag_fabric
0 -2.355371 3.600000 -6.327099 -0.816943 0.186110 -0.545864 0.648000 -1.138878 1 0 1.0
0 -1.846884 4.307504 -6.846884 -0.816943 0.186110 -0.545864 0.775351 -1.232439 1 0 1.0
0 -1.943503 3.600000 -6.943503 -0.816943 0.186110 -0.545864 0.648000 -1.249831 1 0 1.0
bag_fabric
0 -2.180821 4.345320 -6.345321 -0.716450 0.512680 -0.473138 0.782158 -1.142158 1 0 1.0
0 -1.846884 4.846884 -6.307505 -0.716450 0.512680 -0.473138 0.872439 -1.135351 1 0 1.0
0 -1.696965 4.696965 -6.696966 -0.716450 0.512680 -0.473138 0.845454 -1.205454 1 0 1.0
bag_fabric
0 -2.180821 4.345320 -6.345321 -0.716449 0.473137 -0.512681 0.782158 -1.142158 1 0 1.0
0 -1.696965 4.696965 -6.696966 -0.716449 0.473137 -0.512681 0.845454 -1.205454 1 0 1.0
0 -1.846884 4.307504 -6.846884 -0.716449 0.473137 -0.512681 0.775351 -1.232439 1 0 1.0
bag_fabric
0 -0.600000 5.500000 -5.600000 -0.219443 0.956879 -0.190335 -0.108000 -1.008000 1 0 1.0
0 -0.600000 5.355371 -6.327099 -0.219443 0.956879 -0.190335 -0.108000 -1.138878 1 0 1.0
0 -1.345320 5.180821 -6.345321 -0.219443 0.956879 -0.190335 -0.242158 -1.142158 1 0 1.0
bag_fabric
0 -0.600000 5.500000 -5.600000 -0.190334 0.956879 -0.219443 -0.108000 -1.008000 1 0 1.0
0 -1.345320 5.180821 -6.345321 -0.190334 0.956879 -0.219443 -0.242158 -1.142158 1 0 1.0
0 -1.327098 5.355371 -5.600000 -0.190334 0.956879 -0.219443 -0.238878 -1.008000 1 0 1.0
bag_fabric
0 -0.600000 5.355371 -6.327099 -0.186110 0.816943 -0.545864 -0.108000 -1.138878 1 0 1.0
0 -0.600000 4.943503 -6.943503 -0.186110 0.816943 -0.545864 -0.108000 -1.249831 1 0 1.0
0 -1.307504 4.846884 -6.846884 -0.186110 0.816943 -0.545864 -0.235351 -1.232439 1 0 1.0
bag_fabric
0 -0.600000 5.355371 -6.327099 -0.176855 0.813062 -0.554665 -0.108000 -1.138878 1 0 1.0
0 -1.307504 4.846884 -6.846884 -0.176855 0.813062 -0.554665 -0.235351 -1.232439 1 0 1.0
0 -1.345320 5.180821 -6.345321 -0.176855 0.813062 -0.554665 -0.242158 -1.142158 1 0 1.0
bag_fabric
0 -1.327098 5.355371 -5.600000 -0.554665 0.813062 -0.176855 -0.238878 -1.008000 1 0 1.0
0 -1.345320 5.180821 -6.345321 -0.554665 0.813062 -0.176855 -0.242158 -1.142158 1 0 1.0
0 -1.846884 4.846884 -6.307505 -0.554665 0.813062 -0.176855 -0.332439 -1.135351 1 0 1.0
bag_fabric
0 -1.327098 5.355371 -5.600000 -0.545864 0.816943 -0.186110 -0.238878 -1.008000 1 0 1.0
0 -1.846884 4.846884 -6.307505 -0.545864 0.816943 -0.186110 -0.332439 -1.135351 1 0 1.0
0 -1.943503 4.943503 -5.600000 -0.545864 0.816943 -0.186110 -0.349831 -1.008000 1 0 1.0
bag_fabric
0 -1.345320 5.180821 -6.345321 -0.473138 0.716449 -0.512680 -0.242158 -1.142158 1 0 1.0
0 -1.307504 4.846884 -6.846884 -0.473138 0.716449 -0.512680 -0.235351 -1.232439 1 0 1.0
0 -1.696965 4.696965 -6.696966 -0.473138 0.716449 -0.512680 -0.305454 -1.205454 1 0 1.0
bag_fabric
0 -1.345320 5.180821 -6.345321 -0.512680 0.716449 -0.473138 -0.242158 -1.142158 1 0 1.0
0 -1.696965 4.696965 -6.696966 -0.512680 0.716449 -0.473138 -0.305454 -1.205454 1 0 1.0
0 -1.846884 4.846884 -6.307505 -0.512680 0.716449 -0.473138 -0.332439 -1.135351 1 0 1.0
bag_fabric
0 -0.600000 3.600000 7.500000 -0.219443 0.190335 0.956879 -0.108000 0.648000 1 0 1.0
0 -0.600000 4.327099 7.355371 -0.219443 0.190335 0.956879 -0.108000 0.778878 1 0 1.0
0 -1.345320 4.345321 7.180821 -0.219443 0.190335 0.956879 -0.242158 0.782158 1 0 1.0
bag_fabric
0 -0.600000 3.600000 7.500000 -0.190334 0.219443 0.956879 -0.108000 0.648000 1 0 1.0
0 -1.345320 4.345321 7.180821 -0.190334 0.219443 0.956879 -0.242158 0.782158 1 0 1.0
0 -1.327099 3.600000 7.355371 -0.190334 0.219443 0.956879 -0.238878 0.648000 1 0 1.0
bag_fabric
0 -0.600000 4.327099 7.355371 -0.186110 0.545864 0.816943 -0.108000 0.778878 1 0 1.0
0 -0.600000 4.943503 6.943503 -0.186110 0.545864 0.816943 -0.108000 0.889831 1 0 1.0
0 -1.307504 4.846884 6.846884 -0.186110 0.545864 0.816943 -0.235351 0.872439 1 0 1.0
bag_fabric
0 -0.600000 4.327099 7.355371 -0.176854 0.554666 0.813061 -0.108000 0.778878 1 0 1.0
0 -1.307504 4.846884 6.846884 -0.176854 0.554666 0.813061 -0.235351 0.872439 1 0 1.0
0 -1.345320 4.345321 7.180821 -0.176854 0.554666 0.813061 -0.242158 0.782158 1 0 1.0
bag_fabric
0 -1.327099 3.600000 7.355371 -0.554665 0.176854 0.813062 -0.238878 0.648000 1 0 1.0
0 -1.345320 4.345321 7.180821 -0.554665 0.176854 0.813062 -0.242158 0.782158 1 0 1.0
0 -1.846884 4.307505 6.846884 -0.554665 0.176854 0.813062 -0.332439 0.775351 1 0 1.0
bag_fabric
0 -1.327099 3.600000 7.355371 -0.545864 0.186110 0.816943 -0.238878 0.648000 1 0 1.0
0 -1.846884 4.307505 6.846884 -0.545864 0.186110 0.816943 -0.332439 0.775351 1 0 1.0
0 -1.943503 3.600000 6.943503 -0.545864 0.186110 0.816943 -0.349831 0.648000 1 0 1.0
bag_fabric
0 -1.345320 4.345321 7.180821 -0.473136 0.512681 0.716450 -0.242158 0.782158 1 0 1.0
0 -1.307504 4.846884 6.846884 -0.473136 0.512681 0.716450 -0.235351 0.872439 1 0 1.0
0 -1.696965 4.696966 6.696966 -0.473136 0.512681 0.716450 -0.305454 0.845454 1 0 1.0
bag_fabric
0 -1.345320 4.345321 7.180821 -0.512680 0.473137 0.716450 -0.242158 0.782158 1 0 1.0
0 -1.696965 4.696966 6.696966 -0.512680 0.473137 0.716450 -0.305454 0.845454 1 0 1.0
0 -1.846884 4.307505 6.846884 -0.512680 0.473137 0.716450 -0.332439 0.775351 1 0 1.0
bag_fabric
0 -0.600000 5.500000 5.600000 -0.190334 0.956879 0.219443 -0.108000 1.008000 1 0 1.0
0 -1.327099 5.355371 5.600000 -0.190334 0.956879 0.219443 -0.238878 1.008000 1 0 1.0
0 -1.345320 5.180821 6.345321 -0.190334 0.956879 0.219443 -0.242158 1.142158 1 0 1.0
bag_fabric
0 -0.600000 5.500000 5.600000 -0.219443 0.956879 0.190334 -0.108000 1.008000 1 0 1.0
0 -1.345320 5.180821 6.345321 -0.219443 0.956879 0.190334 -0.242158 1.142158 1 0 1.0
0 -0.600000 5.355371 6.327099 -0.219443 0.956879 0.190334 -0.108000 1.138878 1 0 1.0
bag_fabric
0 -1.327099 5.355371 5.600000 -0.545864 0.816943 0.186110 -0.238878 1.008000 1 0 1.0
0 -1.943503 4.943503 5.600000 -0.545864 0.816943 0.186110 -0.349831 1.008000 1 0 1.0
0 -1.846884 4.846884 6.307505 -0.545864 0.816943 0.186110 -0.332439 1.135351 1 0 1.0
bag_fabric
0 -1.327099 5.355371 5.600000 -0.554665 0.813062 0.176854 -0.238878 1.008000 1 0 1.0
0 -1.846884 4.846884 6.307505 -0.554665 0.813062 0.176854 -0.332439 1.135351 1 0 1.0
0 -1.345320 5.180821 6.345321 -0.554665 0.813062 0.176854 -0.242158 1.142158 1 0 1.0
bag_fabric
0 -0.600000 5.355371 6.327099 -0.176854 0.813061 0.554666 -0.108000 1.138878 1 0 1.0
0 -1.345320 5.180821 6.345321 -0.176854 0.813061 0.554666 -0.242158 1.142158 1 0 1.0
0 -1.307504 4.846884 6.846884 -0.176854 0.813061 0.554666 -0.235351 1.232439 1 0 1.0
bag_fabric
0 -0.600000 5.355371 6.327099 -0.186110 0.816943 0.545864 -0.108000 1.138878 1 0 1.0
0 -1.307504 4.846884 6.846884 -0.186110 0.816943 0.545864 -0.235351 1.232439 1 0 1.0
0 -0.600000 4.943503 6.943503 -0.186110 0.816943 0.545864 -0.108000 1.249831 1 0 1.0
bag_fabric
0 -1.345320 5.180821 6.345321 -0.512680 0.716450 0.473137 -0.242158 1.142158 1 0 1.0
0 -1.846884 4.846884 6.307505 -0.512680 0.716450 0.473137 -0.332439 1.135351 1 0 1.0
0 -1.696965 4.696966 6.696966 -0.512680 0.716450 0.473137 -0.305454 1.205454 1 0 1.0
bag_fabric
0 -1.345320 5.180821 6.345321 -0.473136 0.716450 0.512681 -0.242158 1.142158 1 0 1.0
0 -1.696965 4.696966 6.696966 -0.473136 0.716450 0.512681 -0.305454 1.205454 1 0 1.0
0 -1.307504 4.846884 6.846884 -0.473136 0.716450 0.512681 -0.235351 1.232439 1 0 1.0
bag_fabric
0 -2.500000 3.600000 5.600000 -0.956879 0.219443 0.190335 0.648000 1.008000 1 0 1.0
0 -2.355371 3.600000 6.327099 -0.956879 0.219443 0.190335 0.648000 1.138878 1 0 1.0
0 -2.180821 4.345321 6.345321 -0.956879 0.219443 0.190335 0.782158 1.142158 1 0 1.0
bag_fabric
0 -2.500000 3.600000 5.600000 -0.956879 0.190335 0.219443 0.648000 1.008000 1 0 1.0
0 -2.180821 4.345321 6.345321 -0.956879 0.190335 0.219443 0.782158 1.142158 1 0 1.0
0 -2.355371 4.327099 5.600000 -0.956879 0.190335 0.219443 0.778878 1.008000 1 0 1.0
bag_fabric
0 -2.355371 3.600000 6.327099 -0.816943 0.186110 0.545864 0.648000 1.138878 1 0 1.0
0 -1.943503 3.600000 6.943503 -0.816943 0.186110 0.545864 0.648000 1.249831 1 0 1.0
0 -1.846884 4.307505 6.846884 -0.816943 0.186110 0.545864 0.775351 1.232439 1 0 1.0
bag_fabric
0 -2.355371 3.600000 6.327099 -0.813062 0.176854 0.554665 0.648000 1.138878 1 0 1.0
0 -1.846884 4.307505 6.846884 -0.813062 0.176854 0.554665 0.775351 1.232439 1 0 1.0
0 -2.180821 4.345321 6.345321 -0.813062 0.176854 0.554665 0.782158 1.142158 1 0 1.0
bag_fabric
0 -2.355371 4.327099 5.600000 -0.813062 0.554665 0.176854 0.778878 1.008000 1 0 1.0
0 -2.180821 4.345321 6.345321 -0.813062 0.554665 0.176854 0.782158 1.142158 1 0 1.0
0 -1.846884 4.846884 6.307505 -0.813062 0.554665 0.176854 0.872439 1.135351 1 0 1.0
bag_fabric
0 -2.355371 4.327099 5.600000 -0.816943 0.545864 0.186110 0.778878 1.008000 1 0 1.0
0 -1.846884 4.846884 6.307505 -0.816943 0.545864 0.186110 0.872439 1.135351 1 0 1.0
0 -1.943503 4.943503 5.600000 -0.816943 0.545864 0.186110 0.889831 1.008000 1 0 1.0
bag_fabric
0 -2.180821 4.345321 6.345321 -0.716450 0.473137 0.512680 0.782158 1.142158 1 0 1.0
0 -1.846884 4.307505 6.846884 -0.716450 0.473137 0.512680 0.775351 1.232439 1 0 1.0
0 -1.696965 4.696966 6.696966 -0.716450 0.473137 0.512680 0.845454 1.205454 1 0 1.0
bag_fabric
0 -2.180821 4.345321 6.345321 -0.716450 0.512680 0.473137 0.782158 1.142158 1 0 1.0
0 -1.696965 4.696966 6.696966 -0.716450 0.512680 0.473137 0.845454 1.205454 1 0 1.0
0 -1.846884 4.846884 6.307505 -0.716450 0.512680 0.473137 0.872439 1.135351 1 0 1.0
bag_fabric
0 0.600000 -3.600000 -7.500000 0.190335 -0.219443 -0.956879 0.108000 -0.648000 1 0 1.0
0 1.327098 -3.600000 -7.355371 0.190335 -0.219443 -0.956879 0.238878 -0.648000 1 0 1.0
0 1.345320 -4.345320 -7.180821 0.190335 -0.219443 -0.956879 0.242158 -0.782158 1 0 1.0
bag_fabric
0 0.600000 -3.600000 -7.500000 0.219443 -0.190335 -0.956879 0.108000 -0.648000 1 0 1.0
0 1.345320 -4.345320 -7.180821 0.219443 -0.190335 -0.956879 0.242158 -0.782158 1 0 1.0
0 0.600000 -4.327098 -7.355371 0.219443 -0.190335 -0.956879 0.108000 -0.778878 1 0 1.0
bag_fabric
0 1.327098 -3.600000 -7.355371 0.545864 -0.186110 -0.816943 0.238878 -0.648000 1 0 1.0
0 1.943503 -3.600000 -6.943503 0.545864 -0.186110 -0.816943 0.349831 -0.648000 1 0 1.0
0 1.846884 -4.307504 -6.846884 0.545864 -0.186110 -0.816943 0.332439 -0.775351 1 0 1.0
bag_fabric
0 1.327098 -3.600000 -7.355371 0.554665 -0.176854 -0.813061 0.238878 -0.648000 1 0 1.0
0 1.846884 -4.307504 -6.846884 0.554665 -0.176854 -0.813061 0.332439 -0.775351 1 0 1.0
0 1.345320 -4.345320 -7.180821 0.554665 -0.176854 -0.813061 0.242158 -0.782158 1 0 1.0
bag_fabric
0 0.600000 -4.327098 -7.355371 0.176854 -0.554665 -0.813062 0.108000 -0.778878 1 0 1.0
0 1.345320 -4.345320 -7.180821 0.176854 -0.554665 -0.813062 0.242158 -0.782158 1 0 1.0
0 1.307504 -4.846884 -6.846884 0.176854 -0.554665 -0.813062 0.235351 -0.872439 1 0 1.0
bag_fabric
0 0.600000 -4.327098 -7.355371 0.186110 -0.545864 -0.816943 0.108000 -0.778878 1 0 1.0
0 1.307504 -4.846884 -6.846884 0.186110 -0.545864 -0.816943 0.235351 -0.872439 1 0 1.0
0 0.600000 -4.943503 -6.943503 0.186110 -0.545864 -0.816943 0.108000 -0.889831 1 0 1.0
bag_fabric
0 1.345320 -4.345320 -7.180821 0.512681 -0.473137 -0.716450 0.242158 -0.782158 1 0 1.0
0 1.846884 -4.307504 -6.846884 0.512681 -0.473137 -0.716450 0.332439 -0.775351 1 0 1.0
0 1.696965 -4.696965 -6.696966 0.512681 -0.473137 -0.716450 0.305454 -0.845454 1 0 1.0
bag_fabric
0 1.345320 -4.345320 -7.180821 0.473137 -0.512680 -0.716450 0.242158 -0.782158 1 0 1.0
0 1.696965 -4.696965 -6.696966 0.473137 -0.512680 -0.716450 0.305454 -0.845454 1 0 1.0
0 1.307504 -4.846884 -6.846884 0.473137 -0.512680 -0.716450 0.235351 -0.872439 1 0 1.0
bag_fabric
0 2.500000 -3.600000 -5.600000 0.956879 -0.190335 -0.219443 -0.648000 -1.008000 1 0 1.0
0 2.355371 -4.327098 -5.600000 0.956879 -0.190335 -0.219443 -0.778878 -1.008000 1 0 1.0
0 2.180821 -4.345320 -6.345321 0.956879 -0.190335 -0.219443 -0.782158 -1.142158 1 0 1.0
bag_fabric
0 2.500000 -3.600000 -5.600000 0.956879 -0.219443 -0.190335 -0.648000 -1.008000 1 0 1.0
0 2.180821 -4.345320 -6.345321 0.956879 -0.219443 -0.190335 -0.782158 -1.142158 1 0 1.0
0 2.355371 -3.600000 -6.327099 0.956879 -0.219443 -0.190335 -0.648000 -1.138878 1 0 1.0
bag_fabric
0 2.355371 -4.327098 -5.600000 0.816943 -0.545864 -0.186110 -0.778878 -1.008000 1 0 1.0
0 1.943503 -4.943503 -5.600000 0.816943 -0.545864 -0.186110 -0.889831 -1.008000 1 0 1.0
0 1.846884 -4.846884 -6.307505 0.816943 -0.545864 -0.186110 -0.872439 -1.135351 1 0 1.0
bag_fabric
0 2.355371 -4.327098 -5.600000 0.813062 -0.554665 -0.176854 -0.778878 -1.008000 1 0 1.0
0 1.846884 -4.846884 -6.307505 0.813062 -0.554665 -0.176854 -0.872439 -1.135351 1 0 1.0
0 2.180821 -4.345320 -6.345321 0.813062 -0.554665 -0.176854 -0.782158 -1.142158 1 0 1.0
bag_fabric
0 2.355371 -3.600000 -6.327099 0.813062 -0.176854 -0.554665 -0.648000 -1.138878 1 0 1.0
0 2.180821 -4.345320 -6.345321 0.813062 -0.176854 -0.554665 -0.782158 -1.142158 1 0 1.0
0 1.846884 -4.307504 -6.846884 0.813062 -0.176854 -0.554665 -0.775351 -1.232439 1 0 1.0
bag_fabric
0 2.355371 -3.600000 -6.327099 0.816943 -0.186110 -0.545864 -0.648000 -1.138878 1 0 1.0
0 1.846884 -4.307504 -6.846884 0.816943 -0.186110 -0.545864 -0.775351 -1.232439 1 0 1.0
0 1.943503 -3.600000 -6.943503 0.816943 -0.186110 -0.545864 -0.648000 -1.249831 1 0 1.0
bag_fabric
0 2.180821 -4.345320 -6.345321 0.716450 -0.512680 -0.473138 -0.782158 -1.142158 1 0 1.0
0 1.846884 -4.846884 -6.307505 0.716450 -0.512680 -0.473138 -0.872439 -1.135351 1 0 1.0
0 1.696965 -4.696965 -6.696966 0.716450 -0.512680 -0.473138 -0.845454 -1.205454 1 0 1.0
bag_fabric
0 2.180821 -4.345320 -6.345321 0.716449 -0.473137 -0.512681 -0.782158 -1.142158 1 0 1.0
0 1.696965 -4.696965 -6.696966 0.716449 -0.473137 -0.512681 -0.845454 -1.205454 1 0 1.0
0 1.846884 -4.307504 -6.846884 0.716449 -0.473137 -0.512681 -0.775351 -1.232439 1 0 1.0
bag_fabric
0 0.600000 -5.500000 -5.600000 0.219443 -0.956879 -0.190335 0.108000 -1.008000 1 0 1.0
0 0.600000 -5.355371 -6.327099 0.219443 -0.956879 -0.190335 0.108000 -1.138878 1 0 1.0
0 1.345320 -5.180821 -6.345321 0.219443 -0.956879 -0.190335 0.242158 -1.142158 1 0 1.0
bag_fabric
0 0.600000 -5.500000 -5.600000 0.190334 -0.956879 -0.219443 0.108000 -1.008000 1 0 1.0
0 1.345320 -5.180821 -6.345321 0.190334 -0.956879 -0.219443 0.242158 -1.142158 1 0 1.0
0 1.327098 -5.355371 -5.600000 0.190334 -0.956879 -0.219443 0.238878 -1.008000 1 0 1.0
bag_fabric
0 0.600000 -5.355371 -6.327099 0.186110 -0.816943 -0.545864 0.108000 -1.138878 1 0 1.0
0 0.600000 -4.943503 -6.943503 0.186110 -0.816943 -0.545864 0.108000 -1.249831 1 0 1.0
0 1.307504 -4.846884 -6.846884 0.186110 -0.816943 -0.545864 0.235351 -1.232439 1 0 1.0
bag_fabric
0 0.600000 -5.355371 -6.327099 0.176855 -0.813062 -0.554665 0.108000 -1.138878 1 0 1.0
0 1.307504 -4.846884 -6.846884 0.176855 -0.813062 -0.554665 0.235351 -1.232439 1 0 1.0
0 1.345320 -5.180821 -6.345321 0.176855 -0.813062 -0.554665 0.242158 -1.142158 1 0 1.0
bag_fabric
0 1.327098 -5.355371 -5.600000 0.554665 -0.813062 -0.176855 0.238878 -1.008000 1 0 1.0
0 1.345320 -5.180821 -6.345321 0.554665 -0.813062 -0.176855 0.242158 -1.142158 1 0 1.0
0 1.846884 -4.846884 -6.307505 0.554665 -0.813062 -0.176855 0.332439 -1.135351 1 0 1.0
bag_fabric
0 1.327098 -5.355371 -5.600000 0.545864 -0.816943 -0.186110 0.238878 -1.008000 1 0 1.0
0 1.846884 -4.846884 -6.307505 0.545864 -0.816943 -0.186110 0.332439 -1.135351 1 0 1.0
0 1.943503 -4.943503 -5.600000 0.545864 -0.816943 -0.186110 0.349831 -1.008000 1 0 1.0
bag_fabric
0 1.345320 -5.180821 -6.345321 0.473138 -0.716449 -0.512680 0.242158 -1.142158 1 0 1.0
0 1.307504 -4.846884 -6.846884 0.473138 -0.716449 -0.512680 0.235351 -1.232439 1 0 1.0
0 1.696965 -4.696965 -6.696966 0.473138 -0.716449 -0.512680 0.305454 -1.205454 1 0 1.0
bag_fabric
0 1.345320 -5.180821 -6.345321 0.512680 -0.716449 -0.473138 0.242158 -1.142158 1 0 1.0
0 1.696965 -4.696965 -6.696966 0.512680 -0.716449 -0.473138 0.305454 -1.205454 1 0 1.0
0 1.846884 -4.846884 -6.307505 0.512680 -0.716449 -0.473138 0.332439 -1.135351 1 0 1.0
bag_fabric
0 0.600000 -3.600000 7.500000 0.219443 -0.190335 0.956879 0.108000 -0.648000 1 0 1.0
0 0.600000 -4.327099 7.355371 0.219443 -0.190335 0.956879 0.108000 -0.778878 1 0 1.0
0 1.345320 -4.345321 7.180821 0.219443 -0.190335 0.956879 0.242158 -0.782158 1 0 1.0
bag_fabric
0 0.600000 -3.600000 7.500000 0.190334 -0.219443 0.956879 0.108000 -0.648000 1 0 1.0
0 1.345320 -4.345321 7.180821 0.190334 -0.219443 0.956879 0.242158 -0.782158 1 0 1.0
0 1.327099 -3.600000 7.355371 0.190334 -0.219443 0.956879 0.238878 -0.648000 1 0 1.0
bag_fabric
0 0.600000 -4.327099 7.355371 0.186110 -0.545864 0.816943 0.108000 -0.778878 1 0 1.0
0 0.600000 -4.943503 6.943503 0.186110 -0.545864 0.816943 0.108000 -0.889831 1 0 1.0
0 1.307504 -4.846884 6.846884 0.186110 -0.545864 0.816943 0.235351 -0.872439 1 0 1.0
bag_fabric
0 0.600000 -4.327099 7.355371 0.176854 -0.554666 0.813061 0.108000 -0.778878 1 0 1.0
0 1.307504 -4.846884 6.846884 0.176854 -0.554666 0.813061 0.235351 -0.872439 1 0 1.0
0 1.345320 -4.345321 7.180821 0.176854 -0.554666 0.813061 0.242158 -0.782158 1 0 1.0
bag_fabric
0 1.327099 -3.600000 7.355371 0.554665 -0.176854 0.813062 0.238878 -0.648000 1 0 1.0
0 1.345320 -4.345321 7.180821 0.554665 -0.176854 0.813062 0.242158 -0.782158 1 0 1.0
0 1.846884 -4.307505 6.846884 0.554665 -0.176854 0.813062 0.332439 -0.775351 1 0 1.0
bag_fabric
0 1.327099 -3.600000 7.355371 0.545864 -0.186110 0.816943 0.238878 -0.648000 1 0 1.0
0 1.846884 -4.307505 6.846884 0.545864 -0.186110 0.816943 0.332439 -0.775351 1 0 1.0
0 1.943503 -3.600000 6.943503 0.545864 -0.186110 0.816943 0.349831 -0.648000 1 0 1.0
bag_fabric
0 1.345320 -4.345321 7.180821 0.473136 -0.512681 0.716450 0.242158 -0.782158 1 0 1.0
0 1.307504 -4.846884 6.846884 0.473136 -0.512681 0.716450 0.235351 -0.872439 1 0 1.0
0 1.696965 -4.696966 6.696966 0.473136 -0.512681 0.716450 0.305454 -0.845454 1 0 1.0
bag_fabric
0 1.345320 -4.345321 7.180821 0.512680 -0.473137 0.716450 0.242158 -0.782158 1 0 1.0
0 1.696965 -4.696966 6.696966 0.512680 -0.473137 0.716450 0.305454 -0.845454 1 0 1.0
0 1.846884 -4.307505 6.846884 0.512680 -0.473137 0.716450 0.332439 -0.775351 1 0 1.0
bag_fabric
0 0.600000 -5.500000 5.600000 0.190334 -0.956879 0.219443 0.108000 1.008000 1 0 1.0
0 1.327099 -5.355371 5.600000 0.190334 -0.956879 0.219443 0.238878 1.008000 1 0 1.0
0 1.345320 -5.180821 6.345321 0.190334 -0.956879 0.219443 0.242158 1.142158 1 0 1.0
bag_fabric
0 0.600000 -5.500000 5.600000 0.219443 -0.956879 0.190334 0.108000 1.008000 1 0 1.0
0 1.345320 -5.180821 6.345321 0.219443 -0.956879 0.190334 0.242158 1.142158 1 0 1.0
0 0.600000 -5.355371 6.327099 0.219443 -0.956879 0.190334 0.108000 1.138878 1 0 1.0
bag_fabric
0 1.327099 -5.355371 5.600000 0.545864 -0.816943 0.186110 0.238878 1.008000 1 0 1.0
0 1.943503 -4.943503 5.600000 0.545864 -0.816943 0.186110 0.349831 1.008000 1 0 1.0
0 1.846884 -4.846884 6.307505 0.545864 -0.816943 0.186110 0.332439 1.135351 1 0 1.0
bag_fabric
0 1.327099 -5.355371 5.600000 0.554665 -0.813062 0.176854 0.238878 1.008000 1 0 1.0
0 1.846884 -4.846884 6.307505 0.554665 -0.813062 0.176854 0.332439 1.135351 1 0 1.0
0 1.345320 -5.180821 6.345321 0.554665 -0.813062 0.176854 0.242158 1.142158 1 0 1.0
bag_fabric
0 0.600000 -5.355371 6.327099 0.176854 -0.813061 0.554666 0.108000 1.138878 1 0 1.0
0 1.345320 -5.180821 6.345321 0.176854 -0.813061 0.554666 0.242158 1.142158 1 0 1.0
0 1.307504 -4.846884 6.846884 0.176854 -0.813061 0.554666 0.235351 1.232439 1 0 1.0
bag_fabric
0 0.600000 -5.355371 6.327099 0.186110 -0.816943 0.545864 0.108000 1.138878 1 0 1.0
0 1.307504 -4.846884 6.846884 0.186110 -0.816943 0.545864 0.235351 1.232439 1 0 1.0
0 0.600000 -4.943503 6.943503 0.186110 -0.816943 0.545864 0.108000 1.249831 1 0 1.0
bag_fabric
0 1.345320 -5.180821 6.345321 0.512680 -0.716450 0.473137 0.242158 1.142158 1 0 1.0
0 1.846884 -4.846884 6.307505 0.512680 -0.716450 0.473137 0.332439 1.135351 1 0 1.0
0 1.696965 -4.696966 6.696966 0.512680 -0.716450 0.473137 0.305454 1.205454 1 0 1.0
bag_fabric
0 1.345320 -5.180821 6.345321 0.473136 -0.716450 0.512681 0.242158 1.142158 1 0 1.0
0 1.696965 -4.696966 6.696966 0.473136 -0.716450 0.512681 0.305454 1.205454 1 0 1.0
0 1.307504 -4.846884 6.846884 0.473136 -0.716450 0.512681 0.235351 1.232439 1 0 1.0
bag_fabric
0 2.500000 -3.600000 5.600000 0.956879 -0.219443 0.190335 -0.648000 1.008000 1 0 1.0
0 2.355371 -3.600000 6.327099 0.956879 -0.219443 0.190335 -0.648000 1.138878 1 0 1.0
0 2.180821 -4.345321 6.345321 0.956879 -0.219443 0.190335 -0.782158 1.142158 1 0 1.0
bag_fabric
0 2.500000 -3.600000 5.600000 0.956879 -0.190335 0.219443 -0.648000 1.008000 1 0 1.0
0 2.180821 -4.345321 6.345321 0.956879 -0.190335 0.219443 -0.782158 1.142158 1 0 1.0
0 2.355371 -4.327099 5.600000 0.956879 -0.190335 0.219443 -0.778878 1.008000 1 0 1.0
bag_fabric
0 2.355371 -3.600000 6.327099 0.816943 -0.186110 0.545864 -0.648000 1.138878 1 0 1.0
0 1.943503 -3.600000 6.943503 0.816943 -0.186110 0.545864 -0.648000 1.249831 1 0 1.0
0 1.846884 -4.307505 6.846884 0.816943 -0.186110 0.545864 -0.775351 1.232439 1 0 1.0
bag_fabric
0 2.355371 -3.600000 6.327099 0.813062 -0.176854 0.554665 -0.648000 1.138878 1 0 1.0
0 1.846884 -4.307505 6.846884 0.813062 -0.176854 0.554665 -0.775351 1.232439 1 0 1.0
0 2.180821 -4.345321 6.345321 0.813062 -0.176854 0.554665 -0.782158 1.142158 1 0 1.0
bag_fabric
0 2.355371 -4.327099 5.600000 0.813062 -0.554665 0.176854 -0.778878 1.008000 1 0 1.0
0 2.180821 -4.345321 6.345321 0.813062 -0.554665 0.176854 -0.782158 1.142158 1 0 1.0
0 1.846884 -4.846884 6.307505 0.813062 -0.554665 0.176854 -0.872439 1.135351 1 0 1.0
bag_fabric
0 2.355371 -4.327099 5.600000 0.816943 -0.545864 0.186110 -0.778878 1.008000 1 0 1.0
0 1.846884 -4.846884 6.307505 0.816943 -0.545864 0.186110 -0.872439 1.135351 1 0 1.0
0 1.943503 -4.943503 5.600000 0.816943 -0.545864 0.186110 -0.889831 1.008000 1 0 1.0
bag_fabric
0 2.180821 -4.345321 6.345321 0.716450 -0.473137 0.512680 -0.782158 1.142158 1 0 1.0
0 1.846884 -4.307505 6.846884 0.716450 -0.473137 0.512680 -0.775351 1.232439 1 0 1.0
0 1.696965 -4.696966 6.696966 0.716450 -0.473137 0.512680 -0.845454 1.205454 1 0 1.0
bag_fabric
0 2.180821 -4.345321 6.345321 0.716450 -0.512680 0.473137 -0.782158 1.142158 1 0 1.0
0 1.696965 -4.696966 6.696966 0.716450 -0.512680 0.473137 -0.845454 1.205454 1 0 1.0
0 1.846884 -4.846884 6.307505 0.716450 -0.512680 0.473137 -0.872439 1.135351 1 0 1.0
bag_fabric
0 0.600000 3.600000 -7.500000 0.219443 0.190335 -0.956879 0.108000 0.648000 1 0 1.0
0 0.600000 4.327099 -7.355371 0.219443 0.190335 -0.956879 0.108000 0.778878 1 0 1.0
0 1.345320 4.345321 -7.180821 0.219443 0.190335 -0.956879 0.242158 0.782158 1 0 1.0
bag_fabric
0 0.600000 3.600000 -7.500000 0.190334 0.219443 -0.956879 0.108000 0.648000 1 0 1.0
0 1.345320 4.345321 -7.180821 0.190334 0.219443 -0.956879 0.242158 0.782158 1 0 1.0
0 1.327099 3.600000 -7.355371 0.190334 0.219443 -0.956879 0.238878 0.648000 1 0 1.0
bag_fabric
0 0.600000 4.327099 -7.355371 0.186110 0.545864 -0.816943 0.108000 0.778878 1 0 1.0
0 0.600000 4.943503 -6.943503 0.186110 0.545864 -0.816943 0.108000 0.889831 1 0 1.0
0 1.307504 4.846884 -6.846884 0.186110 0.545864 -0.816943 0.235351 0.872439 1 0 1.0
bag_fabric
0 0.600000 4.327099 -7.355371 0.176854 0.554666 -0.813061 0.108000 0.778878 1 0 1.0
0 1.307504 4.846884 -6.846884 0.176854 0.554666 -0.813061 0.235351 0.872439 1 0 1.0
0 1.345320 4.345321 -7.180821 0.176854 0.554666 -0.813061 0.242158 0.782158 1 0 1.0
bag_fabric
0 1.327099 3.600000 -7.355371 0.554665 0.176854 -0.813062 0.238878 0.648000 1 0 1.0
0 1.345320 4.345321 -7.180821 0.554665 0.176854 -0.813062 0.242158 0.782158 1 0 1.0
0 1.846884 4.307505 -6.846884 0.554665 0.176854 -0.813062 0.332439 0.775351 1 0 1.0
bag_fabric
0 1.327099 3.600000 -7.355371 0.545864 0.186110 -0.816943 0.238878 0.648000 1 0 1.0
0 1.846884 4.307505 -6.846884 0.545864 0.186110 -0.816943 0.332439 0.775351 1 0 1.0
0 1.943503 3.600000 -6.943503 0.545864 0.186110 -0.816943 0.349831 0.648000 1 0 1.0
bag_fabric
0 1.345320 4.345321 -7.180821 0.473136 0.512681 -0.716450 0.242158 0.782158 1 0 1.0
0 1.307504 4.846884 -6.846884 0.473136 0.512681 -0.716450 0.235351 0.872439 1 0 1.0
0 1.696965 4.696966 -6.696966 0.473136 0.512681 -0.716450 0.305454 0.845454 1 0 1.0
bag_fabric
0 1.345320 4.345321 -7.180821 0.512680 0.473137 -0.716450 0.242158 0.782158 1 0 1.0
0 1.696965 4.696966 -6.696966 0.512680 0.473137 -0.716450 0.305454 0.845454 1 0 1.0
0 1.846884 4.307505 -6.846884 0.512680 0.473137 -0.716450 0.332439 0.775351 1 0 1.0
bag_fabric
0 0.600000 5.500000 -5.600000 0.190334 0.956879 -0.219443 0.108000 -1.008000 1 0 1.0
0 1.327099 5.355371 -5.600000 0.190334 0.956879 -0.219443 0.238878 -1.008000 1 0 1.0
0 1.345320 5.180821 -6.345321 0.190334 0.956879 -0.219443 0.242158 -1.142158 1 0 1.0
bag_fabric
0 0.600000 5.500000 -5.600000 0.219443 0.956879 -0.190334 0.108000 -1.008000 1 0 1.0
0 1.345320 5.180821 -6.345321 0.219443 0.956879 -0.190334 0.242158 -1.142158 1 0 1.0
0 0.600000 5.355371 -6.327099 0.219443 0.956879 -0.190334 0.108000 -1.138878 1 0 1.0
bag_fabric
0 1.327099 5.355371 -5.600000 0.545864 0.816943 -0.186110 0.238878 -1.008000 1 0 1.0
0 1.943503 4.943503 -5.600000 0.545864 0.816943 -0.186110 0.349831 -1.008000 1 0 1.0
0 1.846884 4.846884 -6.307505 0.545864 0.816943 -0.186110 0.332439 -1.135351 1 0 1.0
bag_fabric
0 1.327099 5.355371 -5.600000 0.554665 0.813062 -0.176854 0.238878 -1.008000 1 0 1.0
0 1.846884 4.846884 -6.307505 0.554665 0.813062 -0.176854 0.332439 -1.135351 1 0 1.0
0 1.345320 5.180821 -6.345321 0.554665 0.813062 -0.176854 0.242158 -1.142158 1 0 1.0
bag_fabric
0 0.600000 5.355371 -6.327099 0.176854 0.813061 -0.554666 0.108000 -1.138878 1 0 1.0
0 1.345320 5.180821 -6.345321 0.176854 0.813061 -0.554666 0.242158 -1.142158 1 0 1.0
0 1.307504 4.846884 -6.846884 0.176854 0.813061 -0.554666 0.235351 -1.232439 1 0 1.0
bag_fabric
0 0.600000 5.355371 -6.327099 0.186110 0.816943 -0.545864 0.108000 -1.138878 1 0 1.0
0 1.307504 4.846884 -6.846884 0.186110 0.816943 -0.545864 0.235351 -1.232439 1 0 1.0
0 0.600000 4.943503 -6.943503 0.186110 0.816943 -0.545864 0.108000 -1.249831 1 0 1.0
bag_fabric
0 1.345320 5.180821 -6.345321 0.512680 0.716450 -0.473137 0.242158 -1.142158 1 0 1.0
0 1.846884 4.846884 -6.307505 0.512680 0.716450 -0.473137 0.332439 -1.135351 1 0 1.0
0 1.696965 4.696966 -6.696966 0.512680 0.716450 -0.473137 0.305454 -1.205454 1 0 1.0
bag_fabric
0 1.345320 5.180821 -6.345321 0.473136 0.716450 -0.512681 0.242158 -1.142158 1 0 1.0
0 1.696965 4.696966 -6.696966 0.473136 0.716450 -0.512681 0.305454 -1.205454 1 0 1.0
0 1.307504 4.846884 -6.846884 0.473136 0.716450 -0.512681 0.235351 -1.232439 1 0 1.0
bag_fabric
0 2.500000 3.600000 -5.600000 0.956879 0.219443 -0.190335 0.648000 -1.008000 1 0 1.0
0 2.355371 3.600000 -6.327099 0.956879 0.219443 -0.190335 0.648000 -1.138878 1 0 1.0
0 2.180821 4.345321 -6.345321 0.956879 0.219443 -0.190335 0.782158 -1.142158 1 0 1.0
bag_fabric
0 2.500000 3.600000 -5.600000 0.956879 0.190335 -0.219443 0.648000 -1.008000 1 0 1.0
0 2.180821 4.345321 -6.345321 0.956879 0.190335 -0.219443 0.782158 -1.142158 1 0 1.0
0 2.355371 4.327099 -5.600000 0.956879 0.190335 -0.219443 0.778878 -1.008000 1 0 1.0
bag_fabric
0 2.355371 3.600000 -6.327099 0.816943 0.186110 -0.545864 0.648000 -1.138878 1 0 1.0
0 1.943503 3.600000 -6.943503 0.816943 0.186110 -0.545864 0.648000 -1.249831 1 0 1.0
0 1.846884 4.307505 -6.846884 0.816943 0.186110 -0.545864 0.775351 -1.232439 1 0 1.0
bag_fabric
0 2.355371 3.600000 -6.327099 0.813062 0.176854 -0.554665 0.648000 -1.138878 1 0 1.0
0 1.846884 4.307505 -6.846884 0.813062 0.176854 -0.554665 0.775351 -1.232439 1 0 1.0
0 2.180821 4.345321 -6.345321 0.813062 0.176854 -0.554665 0.782158 -1.142158 1 0 1.0
bag_fabric
0 2.355371 4.327099 -5.600000 0.813062 0.554665 -0.176854 0.778878 -1.008000 1 0 1.0
0 2.180821 4.345321 -6.345321 0.813062 0.554665 -0.176854 0.782158 -1.142158 1 0 1.0
0 1.846884 4.846884 -6.307505 0.813062 0.554665 -0.176854 0.872439 -1.135351 1 0 1.0
bag_fabric
0 2.355371 4.327099 -5.600000 0.816943 0.545864 -0.186110 0.778878 -1.008000 1 0 1.0
0 1.846884 4.846884 -6.307505 0.816943 0.545864 -0.186110 0.872439 -1.135351 1 0 1.0
0 1.943503 4.943503 -5.600000 0.816943 0.545864 -0.186110 0.889831 -1.008000 1 0 1.0
bag_fabric
0 2.180821 4.345321 -6.345321 0.716450 0.473137 -0.512680 0.782158 -1.142158 1 0 1.0
0 1.846884 4.307505 -6.846884 0.716450 0.473137 -0.512680 0.775351 -1.232439 1 0 1.0
0 1.696965 4.696966 -6.696966 0.716450 0.473137 -0.512680 0.845454 -1.205454 1 0 1.0
bag_fabric
0 2.180821 4.345321 -6.345321 0.716450 0.512680 -0.473137 0.782158 -1.142158 1 0 1.0
0 1.696965 4.696966 -6.696966 0.716450 0.512680 -0.473137 0.845454 -1.205454 1 0 1.0
0 1.846884 4.846884 -6.307505 0.716450 0.512680 -0.473137 0.872439 -1.135351 1 0 1.0
bag_fabric
0 0.600000 3.600000 7.500000 0.190335 0.219443 0.956879 0.108000 0.648000 1 0 1.0
0 1.327098 3.600000 7.355371 0.190335 0.219443 0.956879 0.238878 0.648000 1 0 1.0
0 1.345320 4.345320 7.180821 0.190335 0.219443 0.956879 0.242158 0.782158 1 0 1.0
bag_fabric
0 0.600000 3.600000 7.500000 0.219443 0.190335 0.956879 0.108000 0.648000 1 0 1.0
0 1.345320 4.345320 7.180821 0.219443 0.190335 0.956879 0.242158 0.782158 1 0 1.0
0 0.600000 4.327098 7.355371 0.219443 0.190335 0.956879 0.108000 0.778878 1 0 1.0
bag_fabric
0 1.327098 3.600000 7.355371 0.545864 0.186110 0.816943 0.238878 0.648000 1 0 1.0
0 1.943503 3.600000 6.943503 0.545864 0.186110 0.816943 0.349831 0.648000 1 0 1.0
0 1.846884 4.307504 6.846884 0.545864 0.186110 0.816943 0.332439 0.775351 1 0 1.0
bag_fabric
0 1.327098 3.600000 7.355371 0.554665 0.176854 0.813061 0.238878 0.648000 1 0 1.0
0 1.846884 4.307504 6.846884 0.554665 0.176854 0.813061 0.332439 0.775351 1 0 1.0
0 1.345320 4.345320 7.180821 0.554665 0.176854 0.813061 0.242158 0.782158 1 0 1.0
bag_fabric
0 0.600000 4.327098 7.355371 0.176854 0.554665 0.813062 0.108000 0.778878 1 0 1.0
0 1.345320 4.345320 7.180821 0.176854 0.554665 0.813062 0.242158 0.782158 1 0 1.0
0 1.307504 4.846884 6.846884 0.176854 0.554665 0.813062 0.235351 0.872439 1 0 1.0
bag_fabric
0 0.600000 4.327098 7.355371 0.186110 0.545864 0.816943 0.108000 0.778878 1 0 1.0
0 1.307504 4.846884 6.846884 0.186110 0.545864 0.816943 0.235351 0.872439 1 0 1.0
0 0.600000 4.943503 6.943503 0.186110 0.545864 0.816943 0.108000 0.889831 1 0 1.0
bag_fabric
0 1.345320 4.345320 7.180821 0.512681 0.473137 0.716450 0.242158 0.782158 1 0 1.0
0 1.846884 4.307504 6.846884 0.512681 0.473137 0.716450 0.332439 0.775351 1 0 1.0
0 1.696965 4.696965 6.696966 0.512681 0.473137 0.716450 0.305454 0.845454 1 0 1.0
bag_fabric
0 1.345320 4.345320 7.180821 0.473137 0.512680 0.716450 0.242158 0.782158 1 0 1.0
0 1.696965 4.696965 6.696966 0.473137 0.512680 0.716450 0.305454 0.845454 1 0 1.0
0 1.307504 4.846884 6.846884 0.473137 0.512680 0.716450 0.235351 0.872439 1 0 1.0
bag_fabric
0 2.500000 3.600000 5.600000 0.956879 0.190335 0.219443 0.648000 1.008000 1 0 1.0
0 2.355371 4.327098 5.600000 0.956879 0.190335 0.219443 0.778878 1.008000 1 0 1.0
0 2.180821 4.345320 6.345321 0.956879 0.190335 0.219443 0.782158 1.142158 1 0 1.0
bag_fabric
0 2.500000 3.600000 5.600000 0.956879 0.219443 0.190335 0.648000 1.008000 1 0 1.0
0 2.180821 4.345320 6.345321 0.956879 0.219443 0.190335 0.782158 1.142158 1 0 1.0
0 2.355371 3.600000 6.327099 0.956879 0.219443 0.190335 0.648000 1.138878 1 0 1.0
bag_fabric
0 2.355371 4.327098 5.600000 0.816943 0.545864 0.186110 0.778878 1.008000 1 0 1.0
0 1.943503 4.943503 5.600000 0.816943 0.545864 0.186110 0.889831 1.008000 1 0 1.0
0 1.846884 4.846884 6.307505 0.816943 0.545864 0.186110 0.872439 1.135351 1 0 1.0
bag_fabric
0 2.355371 4.327098 5.600000 0.813062 0.554665 0.176854 0.778878 1.008000 1 0 1.0
0 1.846884 4.846884 6.307505 0.813062 0.554665 0.176854 0.872439 1.135351 1 0 1.0
0 2.180821 4.345320 6.345321 0.813062 0.554665 0.176854 0.782158 1.142158 1 0 1.0
bag_fabric
0 2.355371 3.600000 6.327099 0.813062 0.176854 0.554665 0.648000 1.138878 1 0 1.0
0 2.180821 4.345320 6.345321 0.813062 0.176854 0.554665 0.782158 1.142158 1 0 1.0
0 1.846884 4.307504 6.846884 0.813062 0.176854 0.554665 0.775351 1.232439 1 0 1.0
bag_fabric
0 2.355371 3.600000 6.327099 0.816943 0.186110 0.545864 0.648000 1.138878 1 0 1.0
0 1.846884 4.307504 6.846884 0.816943 0.186110 0.545864 0.775351 1.232439 1 0 1.0
0 1.943503 3.600000 6.943503 0.816943 0.186110 0.545864 0.648000 1.249831 1 0 1.0
bag_fabric
0 2.180821 4.345320 6.345321 0.716450 0.512680 0.473138 0.782158 1.142158 1 0 1.0
0 1.846884 4.846884 6.307505 0.716450 0.512680 0.473138 0.872439 1.135351 1 0 1.0
0 1.696965 4.696965 6.696966 0.716450 0.512680 0.473138 0.845454 1.205454 1 0 1.0
bag_fabric
0 2.180821 4.345320 6.345321 0.716449 0.473137 0.512681 0.782158 1.142158 1 0 1.0
0 1.696965 4.696965 6.696966 0.716449 0.473137 0.512681 0.845454 1.205454 1 0 1.0
0 1.846884 4.307504 6.846884 0.716449 0.473137 0.512681 0.775351 1.232439 1 0 1.0
bag_fabric
0 0.600000 5.500000 5.600000 0.219443 0.956879 0.190335 0.108000 1.008000 1 0 1.0
0 0.600000 5.355371 6.327099 0.219443 0.956879 0.190335 0.108000 1.138878 1 0 1.0
0 1.345320 5.180821 6.345321 0.219443 0.956879 0.190335 0.242158 1.142158 1 0 1.0
bag_fabric
0 0.600000 5.500000 5.600000 0.190334 0.956879 0.219443 0.108000 1.008000 1 0 1.0
0 1.345320 5.180821 6.345321 0.190334 0.956879 0.219443 0.242158 1.142158 1 0 1.0
0 1.327098 5.355371 5.600000 0.190334 0.956879 0.219443 0.238878 1.008000 1 0 1.0
bag_fabric
0 0.600000 5.355371 6.327099 0.186110 0.816943 0.545864 0.108000 1.138878 1 0 1.0
0 0.600000 4.943503 6.943503 0.186110 0.816943 0.545864 0.108000 1.249831 1 0 1.0
0 1.307504 4.846884 6.846884 0.186110 0.816943 0.545864 0.235351 1.232439 1 0 1.0
bag_fabric
0 0.600000 5.355371 6.327099 0.176855 0.813062 0.554665 0.108000 1.138878 1 0 1.0
0 1.307504 4.846884 6.846884 0.176855 0.813062 0.554665 0.235351 1.232439 1 0 1.0
0 1.345320 5.180821 6.345321 0.176855 0.813062 0.554665 0.242158 1.142158 1 0 1.0
bag_fabric
0 1.327098 5.355371 5.600000 0.554665 0.813062 0.176855 0.238878 1.008000 1 0 1.0
0 1.345320 5.180821 6.345321 0.554665 0.813062 0.176855 0.242158 1.142158 1 0 1.0
0 1.846884 4.846884 6.307505 0.554665 0.813062 0.176855 0.332439 1.135351 1 0 1.0
bag_fabric
0 1.327098 5.355371 5.600000 0.545864 0.816943 0.186110 0.238878 1.008000 1 0 1.0
0 1.846884 4.846884 6.307505 0.545864 0.816943 0.186110 0.332439 1.135351 1 0 1.0
0 1.943503 4.943503 5.600000 0.545864 0.816943 0.186110 0.349831 1.008000 1 0 1.0
bag_fabric
0 1.345320 5.180821 6.345321 0.473138 0.716449 0.512680 0.242158 1.142158 1 0 1.0
0 1.307504 4.846884 6.846884 0.473138 0.716449 0.512680 0.235351 1.232439 1 0 1.0
0 1.696965 4.696965 6.696966 0.473138 0.716449 0.512680 0.305454 1.205454 1 0 1.0
bag_fabric
0 1.345320 5.180821 6.345321 0.512680 0.716449 0.473138 0.242158 1.142158 1 0 1.0
0 1.696965 4.696965 6.696966 0.512680 0.716449 0.473138 0.305454 1.205454 1 0 1.0
0 1.846884 4.846884 6.307505 0.512680 0.716449 0.473138 0.332439 1.135351 1 0 1.0
bag_fabric
0 -0.600000 3.600000 -7.500000 -0.195090 0.000000 -0.980785 -0.108000 0.648000 1 0 1.0
0 -0.600000 -3.600000 -7.500000 -0.195090 0.000000 -0.980785 -0.108000 -0.648000 1 0 1.0
0 -1.327099 -3.600000 -7.355371 -0.195090 0.000000 -0.980785 -0.238878 -0.648000 1 0 1.0
bag_fabric
0 -0.600000 3.600000 -7.500000 -0.195090 0.000000 -0.980785 -0.108000 0.648000 1 0 1.0
0 -1.327099 -3.600000 -7.355371 -0.195090 0.000000 -0.980785 -0.238878 -0.648000 1 0 1.0
0 -1.327098 3.600000 -7.355371 -0.195090 0.000000 -0.980785 -0.238878 0.648000 1 0 1.0
bag_fabric
0 -1.327098 3.600000 -7.355371 -0.555570 0.000000 -0.831470 -0.238878 0.648000 1 0 1.0
0 -1.327099 -3.600000 -7.355371 -0.555570 0.000000 -0.831470 -0.238878 -0.648000 1 0 1.0
0 -1.943503 -3.600000 -6.943503 -0.555570 0.000000 -0.831470 -0.349831 -0.648000 1 0 1.0
bag_fabric
0 -1.327098 3.600000 -7.355371 -0.555570 0.000000 -0.831470 -0.238878 0.648000 1 0 1.0
0 -1.943503 -3.600000 -6.943503 -0.555570 0.000000 -0.831470 -0.349831 -0.648000 1 0 1.0
0 -1.943503 3.600000 -6.943503 -0.555570 0.000000 -0.831470 -0.349831 0.648000 1 0 1.0
bag_fabric
0 -1.943503 3.600000 -6.943503 -0.831470 0.000000 -0.555570 0.648000 -1.249831 1 0 1.0
0 -1.943503 -3.600000 -6.943503 -0.831470 0.000000 -0.555570 -0.648000 -1.249831 1 0 1.0
0 -2.355371 -3.600000 -6.327099 -0.831470 0.000000 -0.555570 -0.648000 -1.138878 1 0 1.0
bag_fabric
0 -1.943503 3.600000 -6.943503 -0.831470 0.000000 -0.555570 0.648000 -1.249831 1 0 1.0
0 -2.355371 -3.600000 -6.327099 -0.831470 0.000000 -0.555570 -0.648000 -1.138878 1 0 1.0
0 -2.355371 3.600000 -6.327099 -0.831470 0.000000 -0.555570 0.648000 -1.138878 1 0 1.0
bag_fabric
0 -2.355371 3.600000 -6.327099 -0.980785 0.000000 -0.195090 0.648000 -1.138878 1 0 1.0
0 -2.355371 -3.600000 -6.327099 -0.980785 0.000000 -0.195090 -0.648000 -1.138878 1 0 1.0
0 -2.500000 -3.600000 -5.600000 -0.980785 0.000000 -0.195090 -0.648000 -1.008000 1 0 1.0
bag_fabric
0 -2.355371 3.600000 -6.327099 -0.980785 0.000000 -0.195090 0.648000 -1.138878 1 0 1.0
0 -2.500000 -3.600000 -5.600000 -0.980785 0.000000 -0.195090 -0.648000 -1.008000 1 0 1.0
0 -2.500000 3.600000 -5.600000 -0.980785 0.000000 -0.195090 0.648000 -1.008000 1 0 1.0
bag_fabric
0 -0.600000 -5.500000 -5.600000 -0.195090 -0.980785 0.000000 -0.108000 -1.008000 1 0 1.0
0 -0.600000 -5.500000 5.600000 -0.195090 -0.980785 0.000000 -0.108000 1.008000 1 0 1.0
0 -1.327099 -5.355371 5.600000 -0.195090 -0.980785 0.000000 -0.238878 1.008000 1 0 1.0
bag_fabric
0 -0.600000 -5.500000 -5.600000 -0.195090 -0.980785 0.000000 -0.108000 -1.008000 1 0 1.0
0 -1.327099 -5.355371 5.600000 -0.195090 -0.980785 0.000000 -0.238878 1.008000 1 0 1.0
0 -1.327099 -5.355371 -5.600000 -0.195090 -0.980785 0.000000 -0.238878 -1.008000 1 0 1.0
bag_fabric
0 -1.327099 -5.355371 -5.600000 -0.555570 -0.831470 0.000000 -0.238878 -1.008000 1 0 1.0
0 -1.327099 -5.355371 5.600000 -0.555570 -0.831470 0.000000 -0.238878 1.008000 1 0 1.0
0 -1.943503 -4.943503 5.600000 -0.555570 -0.831470 0.000000 -0.349831 1.008000 1 0 1.0
bag_fabric
0 -1.327099 -5.355371 -5.600000 -0.555570 -0.831470 0.000000 -0.238878 -1.008000 1 0 1.0
0 -1.943503 -4.943503 5.600000 -0.555570 -0.831470 0.000000 -0.349831 1.008000 1 0 1.0
0 -1.943503 -4.943503 -5.600000 -0.555570 -0.831470 0.000000 -0.349831 -1.008000 1 0 1.0
bag_fabric
0 -1.943503 -4.943503 -5.600000 -0.831470 -0.555570 0.000000 -0.889831 -1.008000 1 0 1.0
0 -1.943503 -4.943503 5.600000 -0.831470 -0.555570 0.000000 -0.889831 1.008000 1 0 1.0
0 -2.355371 -4.327099 5.600000 -0.831470 -0.555570 0.000000 -0.778878 1.008000 1 0 1.0
bag_fabric
0 -1.943503 -4.943503 -5.600000 -0.831470 -0.555570 0.000000 -0.889831 -1.008000 1 0 1.0
0 -2.355371 -4.327099 5.600000 -0.831470 -0.555570 0.000000 -0.778878 1.008000 1 0 1.0
0 -2.355371 -4.327099 -5.600000 -0.831470 -0.555570 0.000000 -0.778878 -1.008000 1 0 1.0
bag_fabric
0 -2.355371 -4.327099 -5.600000 -0.980785 -0.195090 0.000000 -0.778878 -1.008000 1 0 1.0
0 -2.355371 -4.327099 5.600000 -0.980785 -0.195090 0.000000 -0.778878 1.008000 1 0 1.0
0 -2.500000 -3.600000 5.600000 -0.980785 -0.195090 0.000000 -0.648000 1.008000 1 0 1.0
bag_fabric
0 -2.355371 -4.327099 -5.600000 -0.980785 -0.195090 0.000000 -0.778878 -1.008000 1 0 1.0
0 -2.500000 -3.600000 5.600000 -0.980785 -0.195090 0.000000 -0.648000 1.008000 1 0 1.0
0 -2.500000 -3.600000 -5.600000 -0.980785 -0.195090 0.000000 -0.648000 -1.008000 1 0 1.0
bag_fabric
0 -0.600000 -3.600000 7.500000 -0.195090 0.000000 0.980785 -0.108000 -0.648000 1 0 1.0
0 -0.600000 3.600000 7.500000 -0.195090 0.000000 0.980785 -0.108000 0.648000 1 0 1.0
0 -1.327099 3.600000 7.355371 -0.195090 0.000000 0.980785 -0.238878 0.648000 1 0 1.0
bag_fabric
0 -0.600000 -3.600000 7.500000 -0.195090 0.000000 0.980785 -0.108000 -0.648000 1 0 1.0
0 -1.327099 3.600000 7.355371 -0.195090 0.000000 0.980785 -0.238878 0.648000 1 0 1.0
0 -1.327099 -3.600000 7.355371 -0.195090 0.000000 0.980785 -0.238878 -0.648000 1 0 1.0
bag_fabric
0 -1.327099 -3.600000 7.355371 -0.555570 0.000000 0.831470 -0.238878 -0.648000 1 0 1.0
0 -1.327099 3.600000 7.355371 -0.555570 0.000000 0.831470 -0.238878 0.648000 1 0 1.0
0 -1.943503 3.600000 6.943503 -0.555570 0.000000 0.831470 -0.349831 0.648000 1 0 1.0
bag_fabric
0 -1.327099 -3.600000 7.355371 -0.555570 0.000000 0.831470 -0.238878 -0.648000 1 0 1.0
0 -1.943503 3.600000 6.943503 -0.555570 0.000000 0.831470 -0.349831 0.648000 1 0 1.0
0 -1.943503 -3.600000 6.943503 -0.555570 0.000000 0.831470 -0.349831 -0.648000 1 0 1.0
bag_fabric
0 -1.943503 -3.600000 6.943503 -0.831470 0.000000 0.555570 -0.648000 1.249831 1 0 1.0
0 -1.943503 3.600000 6.943503 -0.831470 0.000000 0.555570 0.648000 1.249831 1 0 1.0
0 -2.355371 3.600000 6.327099 -0.831470 0.000000 0.555570 0.648000 1.138878 1 0 1.0
bag_fabric
0 -1.943503 -3.600000 6.943503 -0.831470 0.000000 0.555570 -0.648000 1.249831 1 0 1.0
0 -2.355371 3.600000 6.327099 -0.831470 0.000000 0.555570 0.648000 1.138878 1 0 1.0
0 -2.355371 -3.600000 6.327099 -0.831470 0.000000 0.555570 -0.648000 1.138878 1 0 1.0
bag_fabric
0 -2.355371 -3.600000 6.327099 -0.980785 0.000000 0.195090 -0.648000 1.138878 1 0 1.0
0 -2.355371 3.600000 6.327099 -0.980785 0.000000 0.195090 0.648000 1.138878 1 0 1.0
0 -2.500000 3.600000 5.600000 -0.980785 0.000000 0.195090 0.648000 1.008000 1 0 1.0
bag_fabric
0 -2.355371 -3.600000 6.327099 -0.980785 0.000000 0.195090 -0.648000 1.138878 1 0 1.0
0 -2.500000 3.600000 5.600000 -0.980785 0.000000 0.195090 0.648000 1.008000 1 0 1.0
0 -2.500000 -3.600000 5.600000 -0.980785 0.000000 0.195090 -0.648000 1.008000 1 0 1.0
bag_fabric
0 -0.600000 5.500000 5.600000 -0.195090 0.980785 0.000000 -0.108000 1.008000 1 0 1.0
0 -0.600000 5.500000 -5.600000 -0.195090 0.980785 0.000000 -0.108000 -1.008000 1 0 1.0
0 -1.327098 5.355371 -5.600000 -0.195090 0.980785 0.000000 -0.238878 -1.008000 1 0 1.0
bag_fabric
0 -0.600000 5.500000 5.600000 -0.195090 0.980785 -0.000000 -0.108000 1.008000 1 0 1.0
0 -1.327098 5.355371 -5.600000 -0.195090 0.980785 -0.000000 -0.238878 -1.008000 1 0 1.0
0 -1.327099 5.355371 5.600000 -0.195090 0.980785 -0.000000 -0.238878 1.008000 1 0 1.0
bag_fabric
0 -1.327099 5.355371 5.600000 -0.555571 0.831469 -0.000000 -0.238878 1.008000 1 0 1.0
0 -1.327098 5.355371 -5.600000 -0.555571 0.831469 -0.000000 -0.238878 -1.008000 1 0 1.0
0 -1.943503 4.943503 -5.600000 -0.555571 0.831469 -0.000000 -0.349831 -1.008000 1 0 1.0
bag_fabric
0 -1.327099 5.355371 5.600000 -0.555570 0.831470 -0.000000 -0.238878 1.008000 1 0 1.0
0 -1.943503 4.943503 -5.600000 -0.555570 0.831470 -0.000000 -0.349831 -1.008000 1 0 1.0
0 -1.943503 4.943503 5.600000 -0.555570 0.831470 -0.000000 -0.349831 1.008000 1 0 1.0
bag_fabric
0 -1.943503 4.943503 5.600000 -0.831470 0.555570 -0.000000 0.889831 1.008000 1 0 1.0
0 -1.943503 4.943503 -5.600000 -0.831470 0.555570 -0.000000 0.889831 -1.008000 1 0 1.0
0 -2.355371 4.327098 -5.600000 -0.831470 0.555570 -0.000000 0.778878 -1.008000 1 0 1.0
bag_fabric
0 -1.943503 4.943503 5.600000 -0.831470 0.555570 -0.000000 0.889831 1.008000 1 0 1.0
0 -2.355371 4.327098 -5.600000 -0.831470 0.555570 -0.000000 0.778878 -1.008000 1 0 1.0
0 -2.355371 4.327099 5.600000 -0.831470 0.555570 -0.000000 0.778878 1.008000 1 0 1.0
bag_fabric
0 -2.355371 4.327099 5.600000 -0.980785 0.195091 -0.000000 0.778878 1.008000 1 0 1.0
0 -2.355371 4.327098 -5.600000 -0.980785 0.195091 -0.000000 0.778878 -1.008000 1 0 1.0
0 -2.500000 3.600000 -5.600000 -0.980785 0.195091 -0.000000 0.648000 -1.008000 1 0 1.0
bag_fabric
0 -2.355371 4.327099 5.600000 -0.980785 0.195090 0.000000 0.778878 1.008000 1 0 1.0
0 -2.500000 3.600000 -5.600000 -0.980785 0.195090 0.000000 0.648000 -1.008000 1 0 1.0
0 -2.500000 3.600000 5.600000 -0.980785 0.195090 0.000000 0.648000 1.008000 1 0 1.0
bag_fabric
0 0.600000 3.600000 -7.500000 0.000000 0.195090 -0.980785 0.108000 0.648000 1 0 1.0
0 -0.600000 3.600000 -7.500000 0.000000 0.195090 -0.980785 -0.108000 0.648000 1 0 1.0
0 -0.600000 4.327098 -7.355371 0.000000 0.195090 -0.980785 -0.108000 0.778878 1 0 1.0
bag_fabric
0 0.600000 3.600000 -7.500000 -0.000000 0.195090 -0.980785 0.108000 0.648000 1 0 1.0
0 -0.600000 4.327098 -7.355371 -0.000000 0.195090 -0.980785 -0.108000 0.778878 1 0 1.0
0 0.600000 4.327099 -7.355371 -0.000000 0.195090 -0.980785 0.108000 0.778878 1 0 1.0
bag_fabric
0 0.600000 4.327099 -7.355371 -0.000000 0.555570 -0.831470 0.108000 0.778878 1 0 1.0
0 -0.600000 4.327098 -7.355371 -0.000000 0.555570 -0.831470 -0.108000 0.778878 1 0 1.0
0 -0.600000 4.943503 -6.943503 -0.000000 0.555570 -0.831470 -0.108000 0.889831 1 0 1.0
bag_fabric
0 0.600000 4.327099 -7.355371 -0.000000 0.555570 -0.831470 0.108000 0.778878 1 0 1.0
0 -0.600000 4.943503 -6.943503 -0.000000 0.555570 -0.831470 -0.108000 0.889831 1 0 1.0
0 0.600000 4.943503 -6.943503 -0.000000 0.555570 -0.831470 0.108000 0.889831 1 0 1.0
bag_fabric
0 0.600000 4.943503 -6.943503 -0.000000 0.831470 -0.555570 0.108000 -1.249831 1 0 1.0
0 -0.600000 4.943503 -6.943503 -0.000000 0.831470 -0.555570 -0.108000 -1.249831 1 0 1.0
0 -0.600000 5.355371 -6.327099 -0.000000 0.831470 -0.555570 -0.108000 -1.138878 1 0 1.0
bag_fabric
0 0.600000 4.943503 -6.943503 0.000000 0.831470 -0.555570 0.108000 -1.249831 1 0 1.0
0 -0.600000 5.355371 -6.327099 0.000000 0.831470 -0.555570 -0.108000 -1.138878 1 0 1.0
0 0.600000 5.355371 -6.327099 0.000000 0.831470 -0.555570 0.108000 -1.138878 1 0 1.0
bag_fabric
0 0.600000 5.355371 -6.327099 0.000000 0.980785 -0.195090 0.108000 -1.138878 1 0 1.0
0 -0.600000 5.355371 -6.327099 0.000000 0.980785 -0.195090 -0.108000 -1.138878 1 0 1.0
0 -0.600000 5.500000 -5.600000 0.000000 0.980785 -0.195090 -0.108000 -1.008000 1 0 1.0
bag_fabric
0 0.600000 5.355371 -6.327099 0.000000 0.980785 -0.195090 0.108000 -1.138878 1 0 1.0
0 -0.600000 5.500000 -5.600000 0.000000 0.980785 -0.195090 -0.108000 -1.008000 1 0 1.0
0 0.600000 5.500000 -5.600000 0.000000 0.980785 -0.195090 0.108000 -1.008000 1 0 1.0
bag_fabric
0 -0.600000 3.600000 7.500000 0.000000 0.195090 0.980785 -0.108000 0.648000 1 0 1.0
0 0.600000 3.600000 7.500000 0.000000 0.195090 0.980785 0.108000 0.648000 1 0 1.0
0 0.600000 4.327098 7.355371 0.000000 0.195090 0.980785 0.108000 0.778878 1 0 1.0
bag_fabric
0 -0.600000 3.600000 7.500000 0.000000 0.195090 0.980785 -0.108000 0.648000 1 0 1.0
0 0.600000 4.327098 7.355371 0.000000 0.195090 0.980785 0.108000 0.778878 1 0 1.0
0 -0.600000 4.327099 7.355371 0.000000 0.195090 0.980785 -0.108000 0.778878 1 0 1.0
bag_fabric
0 -0.600000 4.327099 7.355371 0.000000 0.555570 0.831470 -0.108000 0.778878 1 0 1.0
0 0.600000 4.327098 7.355371 0.000000 0.555570 0.831470 0.108000 0.778878 1 0 1.0
0 0.600000 4.943503 6.943503 0.000000 0.555570 0.831470 0.108000 0.889831 1 0 1.0
bag_fabric
0 -0.600000 4.327099 7.355371 0.000000 0.555570 0.831470 -0.108000 0.778878 1 0 1.0
0 0.600000 4.943503 6.943503 0.000000 0.555570 0.831470 0.108000 0.889831 1 0 1.0
0 -0.600000 4.943503 6.943503 0.000000 0.555570 0.831470 -0.108000 0.889831 1 0 1.0
bag_fabric
0 -0.600000 4.943503 6.943503 0.000000 0.831470 0.555570 -0.108000 1.249831 1 0 1.0
0 0.600000 4.943503 6.943503 0.000000 0.831470 0.555570 0.108000 1.249831 1 0 1.0
0 0.600000 5.355371 6.327099 0.000000 0.831470 0.555570 0.108000 1.138878 1 0 1.0
bag_fabric
0 -0.600000 4.943503 6.943503 0.000000 0.831470 0.555570 -0.108000 1.249831 1 0 1.0
0 0.600000 5.355371 6.327099 0.000000 0.831470 0.555570 0.108000 1.138878 1 0 1.0
0 -0.600000 5.355371 6.327099 0.000000 0.831470 0.555570 -0.108000 1.138878 1 0 1.0
bag_fabric
0 -0.600000 5.355371 6.327099 0.000000 0.980785 0.195090 -0.108000 1.138878 1 0 1.0
0 0.600000 5.355371 6.327099 0.000000 0.980785 0.195090 0.108000 1.138878 1 0 1.0
0 0.600000 5.500000 5.600000 0.000000 0.980785 0.195090 0.108000 1.008000 1 0 1.0
bag_fabric
0 -0.600000 5.355371 6.327099 0.000000 0.980785 0.195090 -0.108000 1.138878 1 0 1.0
0 0.600000 5.500000 5.600000 0.000000 0.980785 0.195090 0.108000 1.008000 1 0 1.0
0 -0.600000 5.500000 5.600000 0.000000 0.980785 0.195090 -0.108000 1.008000 1 0 1.0
bag_fabric
0 2.500000 3.600000 5.600000 0.980785 0.195090 0.000000 0.648000 1.008000 1 0 1.0
0 2.500000 3.600000 -5.600000 0.980785 0.195090 0.000000 0.648000 -1.008000 1 0 1.0
0 2.355371 4.327099 -5.600000 0.980785 0.195090 0.000000 0.778878 -1.008000 1 0 1.0
bag_fabric
0 2.500000 3.600000 5.600000 0.980785 0.195091 0.000000 0.648000 1.008000 1 0 1.0
0 2.355371 4.327099 -5.600000 0.980785 0.195091 0.000000 0.778878 -1.008000 1 0 1.0
0 2.355371 4.327098 5.600000 0.980785 0.195091 0.000000 0.778878 1.008000 1 0 1.0
bag_fabric
0 2.355371 4.327098 5.600000 0.831470 0.555570 0.000000 0.778878 1.008000 1 0 1.0
0 2.355371 4.327099 -5.600000 0.831470 0.555570 0.000000 0.778878 -1.008000 1 0 1.0
0 1.943503 4.943503 -5.600000 0.831470 0.555570 0.000000 0.889831 -1.008000 1 0 1.0
bag_fabric
0 2.355371 4.327098 5.600000 0.831470 0.555570 0.000000 0.778878 1.008000 1 0 1.0
0 1.943503 4.943503 -5.600000 0.831470 0.555570 0.000000 0.889831 -1.008000 1 0 1.0
0 1.943503 4.943503 5.600000 0.831470 0.555570 0.000000 0.889831 1.008000 1 0 1.0
bag_fabric
0 1.943503 4.943503 5.600000 0.555570 0.831470 0.000000 0.349831 1.008000 1 0 1.0
0 1.943503 4.943503 -5.600000 0.555570 0.831470 0.000000 0.349831 -1.008000 1 0 1.0
0 1.327099 5.355371 -5.600000 0.555570 0.831470 0.000000 0.238878 -1.008000 1 0 1.0
bag_fabric
0 1.943503 4.943503 5.600000 0.555571 0.831469 0.000000 0.349831 1.008000 1 0 1.0
0 1.327099 5.355371 -5.600000 0.555571 0.831469 0.000000 0.238878 -1.008000 1 0 1.0
0 1.327098 5.355371 5.600000 0.555571 0.831469 0.000000 0.238878 1.008000 1 0 1.0
bag_fabric
0 1.327098 5.355371 5.600000 0.195090 0.980785 0.000000 0.238878 1.008000 1 0 1.0
0 1.327099 5.355371 -5.600000 0.195090 0.980785 0.000000 0.238878 -1.008000 1 0 1.0
0 0.600000 5.500000 -5.600000 0.195090 0.980785 0.000000 0.108000 -1.008000 1 0 1.0
bag_fabric
0 1.327098 5.355371 5.600000 0.195090 0.980785 0.000000 0.238878 1.008000 1 0 1.0
0 0.600000 5.500000 -5.600000 0.195090 0.980785 0.000000 0.108000 -1.008000 1 0 1.0
0 0.600000 5.500000 5.600000 0.195090 0.980785 0.000000 0.108000 1.008000 1 0 1.0
bag_fabric
0 0.600000 -3.600000 -7.500000 0.195090 0.000000 -0.980785 0.108000 -0.648000 1 0 1.0
0 0.600000 3.600000 -7.500000 0.195090 0.000000 -0.980785 0.108000 0.648000 1 0 1.0
0 1.327099 3.600000 -7.355371 0.195090 0.000000 -0.980785 0.238878 0.648000 1 0 1.0
bag_fabric
0 0.600000 -3.600000 -7.500000 0.195090 -0.000000 -0.980785 0.108000 -0.648000 1 0 1.0
0 1.327099 3.600000 -7.355371 0.195090 -0.000000 -0.980785 0.238878 0.648000 1 0 1.0
0 1.327098 -3.600000 -7.355371 0.195090 -0.000000 -0.980785 0.238878 -0.648000 1 0 1.0
bag_fabric
0 1.327098 -3.600000 -7.355371 0.555570 -0.000000 -0.831470 0.238878 -0.648000 1 0 1.0
0 1.327099 3.600000 -7.355371 0.555570 -0.000000 -0.831470 0.238878 0.648000 1 0 1.0
0 1.943503 3.600000 -6.943503 0.555570 -0.000000 -0.831470 0.349831 0.648000 1 0 1.0
bag_fabric
0 1.327098 -3.600000 -7.355371 0.555570 -0.000000 -0.831470 0.238878 -0.648000 1 0 1.0
0 1.943503 3.600000 -6.943503 0.555570 -0.000000 -0.831470 0.349831 0.648000 1 0 1.0
0 1.943503 -3.600000 -6.943503 0.555570 -0.000000 -0.831470 0.349831 -0.648000 1 0 1.0
bag_fabric
0 1.943503 -3.600000 -6.943503 0.831470 -0.000000 -0.555570 -0.648000 -1.249831 1 0 1.0
0 1.943503 3.600000 -6.943503 0.831470 -0.000000 -0.555570 0.648000 -1.249831 1 0 1.0
0 2.355371 3.600000 -6.327099 0.831470 -0.000000 -0.555570 0.648000 -1.138878 1 0 1.0
bag_fabric
0 1.943503 -3.600000 -6.943503 0.831470 -0.000000 -0.555570 -0.648000 -1.249831 1 0 1.0
0 2.355371 3.600000 -6.327099 0.831470 -0.000000 -0.555570 0.648000 -1.138878 1 0 1.0
0 2.355371 -3.600000 -6.327099 0.831470 -0.000000 -0.555570 -0.648000 -1.138878 1 0 1.0
bag_fabric
0 2.355371 -3.600000 -6.327099 0.980785 -0.000000 -0.195090 -0.648000 -1.138878 1 0 1.0
0 2.355371 3.600000 -6.327099 0.980785 -0.000000 -0.195090 0.648000 -1.138878 1 0 1.0
0 2.500000 3.600000 -5.600000 0.980785 -0.000000 -0.195090 0.648000 -1.008000 1 0 1.0
bag_fabric
0 2.355371 -3.600000 -6.327099 0.980785 0.000000 -0.195090 -0.648000 -1.138878 1 0 1.0
0 2.500000 3.600000 -5.600000 0.980785 0.000000 -0.195090 0.648000 -1.008000 1 0 1.0
0 2.500000 -3.600000 -5.600000 0.980785 0.000000 -0.195090 -0.648000 -1.008000 1 0 1.0
bag_fabric
0 0.600000 3.600000 7.500000 0.195090 0.000000 0.980785 0.108000 0.648000 1 0 1.0
0 0.600000 -3.600000 7.500000 0.195090 0.000000 0.980785 0.108000 -0.648000 1 0 1.0
0 1.327099 -3.600000 7.355371 0.195090 0.000000 0.980785 0.238878 -0.648000 1 0 1.0
bag_fabric
0 0.600000 3.600000 7.500000 0.195090 0.000000 0.980785 0.108000 0.648000 1 0 1.0
0 1.327099 -3.600000 7.355371 0.195090 0.000000 0.980785 0.238878 -0.648000 1 0 1.0
0 1.327098 3.600000 7.355371 0.195090 0.000000 0.980785 0.238878 0.648000 1 0 1.0
bag_fabric
0 1.327098 3.600000 7.355371 0.555570 0.000000 0.831470 0.238878 0.648000 1 0 1.0
0 1.327099 -3.600000 7.355371 0.555570 0.000000 0.831470 0.238878 -0.648000 1 0 1.0
0 1.943503 -3.600000 6.943503 0.555570 0.000000 0.831470 0.349831 -0.648000 1 0 1.0
bag_fabric
0 1.327098 3.600000 7.355371 0.555570 0.000000 0.831470 0.238878 0.648000 1 0 1.0
0 1.943503 -3.600000 6.943503 0.555570 0.000000 0.831470 0.349831 -0.648000 1 0 1.0
0 1.943503 3.600000 6.943503 0.555570 0.000000 0.831470 0.349831 0.648000 1 0 1.0
bag_fabric
0 1.943503 3.600000 6.943503 0.831470 0.000000 0.555570 0.648000 1.249831 1 0 1.0
0 1.943503 -3.600000 6.943503 0.831470 0.000000 0.555570 -0.648000 1.249831 1 0 1.0
0 2.355371 -3.600000 6.327099 0.831470 0.000000 0.555570 -0.648000 1.138878 1 0 1.0
bag_fabric
0 1.943503 3.600000 6.943503 0.831470 0.000000 0.555570 0.648000 1.249831 1 0 1.0
0 2.355371 -3.600000 6.327099 0.831470 0.000000 0.555570 -0.648000 1.138878 1 0 1.0
0 2.355371 3.600000 6.327099 0.831470 0.000000 0.555570 0.648000 1.138878 1 0 1.0
bag_fabric
0 2.355371 3.600000 6.327099 0.980785 0.000000 0.195090 0.648000 1.138878 1 0 1.0
0 2.355371 -3.600000 6.327099 0.980785 0.000000 0.195090 -0.648000 1.138878 1 0 1.0
0 2.500000 -3.600000 5.600000 0.980785 0.000000 0.195090 -0.648000 1.008000 1 0 1.0
bag_fabric
0 2.355371 3.600000 6.327099 0.980785 0.000000 0.195090 0.648000 1.138878 1 0 1.0
0 2.500000 -3.600000 5.600000 0.980785 0.000000 0.195090 -0.648000 1.008000 1 0 1.0
0 2.500000 3.600000 5.600000 0.980785 0.000000 0.195090 0.648000 1.008000 1 0 1.0
bag_fabric
0 0.600000 -5.500000 5.600000 0.195090 -0.980785 0.000000 0.108000 1.008000 1 0 1.0
0 0.600000 -5.500000 -5.600000 0.195090 -0.980785 0.000000 0.108000 -1.008000 1 0 1.0
0 1.327098 -5.355371 -5.600000 0.195090 -0.980785 0.000000 0.238878 -1.008000 1 0 1.0
bag_fabric
0 0.600000 -5.500000 5.600000 0.195090 -0.980785 -0.000000 0.108000 1.008000 1 0 1.0
0 1.327098 -5.355371 -5.600000 0.195090 -0.980785 -0.000000 0.238878 -1.008000 1 0 1.0
0 1.327099 -5.355371 5.600000 0.195090 -0.980785 -0.000000 0.238878 1.008000 1 0 1.0
bag_fabric
0 1.327099 -5.355371 5.600000 0.555571 -0.831469 -0.000000 0.238878 1.008000 1 0 1.0
0 1.327098 -5.355371 -5.600000 0.555571 -0.831469 -0.000000 0.238878 -1.008000 1 0 1.0
0 1.943503 -4.943503 -5.600000 0.555571 -0.831469 -0.000000 0.349831 -1.008000 1 0 1.0
bag_fabric
0 1.327099 -5.355371 5.600000 0.555570 -0.831470 -0.000000 0.238878 1.008000 1 0 1.0
0 1.943503 -4.943503 -5.600000 0.555570 -0.831470 -0.000000 0.349831 -1.008000 1 0 1.0
0 1.943503 -4.943503 5.600000 0.555570 -0.831470 -0.000000 0.349831 1.008000 1 0 1.0
bag_fabric
0 1.943503 -4.943503 5.600000 0.831470 -0.555570 -0.000000 -0.889831 1.008000 1 0 1.0
0 1.943503 -4.943503 -5.600000 0.831470 -0.555570 -0.000000 -0.889831 -1.008000 1 0 1.0
0 2.355371 -4.327098 -5.600000 0.831470 -0.555570 -0.000000 -0.778878 -1.008000 1 0 1.0
bag_fabric
0 1.943503 -4.943503 5.600000 0.831470 -0.555570 -0.000000 -0.889831 1.008000 1 0 1.0
0 2.355371 -4.327098 -5.600000 0.831470 -0.555570 -0.000000 -0.778878 -1.008000 1 0 1.0
0 2.355371 -4.327099 5.600000 0.831470 -0.555570 -0.000000 -0.778878 1.008000 1 0 1.0
bag_fabric
0 2.355371 -4.327099 5.600000 0.980785 -0.195091 -0.000000 -0.778878 1.008000 1 0 1.0
0 2.355371 -4.327098 -5.600000 0.980785 -0.195091 -0.000000 -0.778878 -1.008000 1 0 1.0
0 2.500000 -3.600000 -5.600000 0.980785 -0.195091 -0.000000 -0.648000 -1.008000 1 0 1.0
bag_fabric
0 2.355371 -4.327099 5.600000 0.980785 -0.195090 0.000000 -0.778878 1.008000 1 0 1.0
0 2.500000 -3.600000 -5.600000 0.980785 -0.195090 0.000000 -0.648000 -1.008000 1 0 1.0
0 2.500000 -3.600000 5.600000 0.980785 -0.195090 0.000000 -0.648000 1.008000 1 0 1.0
bag_fabric
0 -0.600000 -3.600000 -7.500000 0.000000 -0.195090 -0.980785 -0.108000 -0.648000 1 0 1.0
0 0.600000 -3.600000 -7.500000 0.000000 -0.195090 -0.980785 0.108000 -0.648000 1 0 1.0
0 0.600000 -4.327098 -7.355371 0.000000 -0.195090 -0.980785 0.108000 -0.778878 1 0 1.0
bag_fabric
0 -0.600000 -3.600000 -7.500000 0.000000 -0.195090 -0.980785 -0.108000 -0.648000 1 0 1.0
0 0.600000 -4.327098 -7.355371 0.000000 -0.195090 -0.980785 0.108000 -0.778878 1 0 1.0
0 -0.600000 -4.327099 -7.355371 0.000000 -0.195090 -0.980785 -0.108000 -0.778878 1 0 1.0
bag_fabric
0 -0.600000 -4.327099 -7.355371 0.000000 -0.555570 -0.831470 -0.108000 -0.778878 1 0 1.0
0 0.600000 -4.327098 -7.355371 0.000000 -0.555570 -0.831470 0.108000 -0.778878 1 0 1.0
0 0.600000 -4.943503 -6.943503 0.000000 -0.555570 -0.831470 0.108000 -0.889831 1 0 1.0
bag_fabric
0 -0.600000 -4.327099 -7.355371 0.000000 -0.555570 -0.831470 -0.108000 -0.778878 1 0 1.0
0 0.600000 -4.943503 -6.943503 0.000000 -0.555570 -0.831470 0.108000 -0.889831 1 0 1.0
0 -0.600000 -4.943503 -6.943503 0.000000 -0.555570 -0.831470 -0.108000 -0.889831 1 0 1.0
bag_fabric
0 -0.600000 -4.943503 -6.943503 0.000000 -0.831470 -0.555570 -0.108000 -1.249831 1 0 1.0
0 0.600000 -4.943503 -6.943503 0.000000 -0.831470 -0.555570 0.108000 -1.249831 1 0 1.0
0 0.600000 -5.355371 -6.327099 0.000000 -0.831470 -0.555570 0.108000 -1.138878 1 0 1.0
bag_fabric
0 -0.600000 -4.943503 -6.943503 0.000000 -0.831470 -0.555570 -0.108000 -1.249831 1 0 1.0
0 0.600000 -5.355371 -6.327099 0.000000 -0.831470 -0.555570 0.108000 -1.138878 1 0 1.0
0 -0.600000 -5.355371 -6.327099 0.000000 -0.831470 -0.555570 -0.108000 -1.138878 1 0 1.0
bag_fabric
0 -0.600000 -5.355371 -6.327099 0.000000 -0.980785 -0.195090 -0.108000 -1.138878 1 0 1.0
0 0.600000 -5.355371 -6.327099 0.000000 -0.980785 -0.195090 0.108000 -1.138878 1 0 1.0
0 0.600000 -5.500000 -5.600000 0.000000 -0.980785 -0.195090 0.108000 -1.008000 1 0 1.0
bag_fabric
0 -0.600000 -5.355371 -6.327099 0.000000 -0.980785 -0.195090 -0.108000 -1.138878 1 0 1.0
0 0.600000 -5.500000 -5.600000 0.000000 -0.980785 -0.195090 0.108000 -1.008000 1 0 1.0
0 -0.600000 -5.500000 -5.600000 0.000000 -0.980785 -0.195090 -0.108000 -1.008000 1 0 1.0
bag_fabric
0 0.600000 -3.600000 7.500000 0.000000 -0.195090 0.980785 0.108000 -0.648000 1 0 1.0
0 -0.600000 -3.600000 7.500000 0.000000 -0.195090 0.980785 -0.108000 -0.648000 1 0 1.0
0 -0.600000 -4.327099 7.355371 0.000000 -0.195090 0.980785 -0.108000 -0.778878 1 0 1.0
bag_fabric
0 0.600000 -3.600000 7.500000 0.000000 -0.195090 0.980785 0.108000 -0.648000 1 0 1.0
0 -0.600000 -4.327099 7.355371 0.000000 -0.195090 0.980785 -0.108000 -0.778878 1 0 1.0
0 0.600000 -4.327099 7.355371 0.000000 -0.195090 0.980785 0.108000 -0.778878 1 0 1.0
bag_fabric
0 0.600000 -4.327099 7.355371 0.000000 -0.555570 0.831470 0.108000 -0.778878 1 0 1.0
0 -0.600000 -4.327099 7.355371 0.000000 -0.555570 0.831470 -0.108000 -0.778878 1 0 1.0
0 -0.600000 -4.943503 6.943503 0.000000 -0.555570 0.831470 -0.108000 -0.889831 1 0 1.0
bag_fabric
0 0.600000 -4.327099 7.355371 0.000000 -0.555570 0.831470 0.108000 -0.778878 1 0 1.0
0 -0.600000 -4.943503 6.943503 0.000000 -0.555570 0.831470 -0.108000 -0.889831 1 0 1.0
0 0.600000 -4.943503 6.943503 0.000000 -0.555570 0.831470 0.108000 -0.889831 1 0 1.0
bag_fabric
0 0.600000 -4.943503 6.943503 0.000000 -0.831470 0.555570 0.108000 1.249831 1 0 1.0
0 -0.600000 -4.943503 6.943503 0.000000 -0.831470 0.555570 -0.108000 1.249831 1 0 1.0
0 -0.600000 -5.355371 6.327099 0.000000 -0.831470 0.555570 -0.108000 1.138878 1 0 1.0
bag_fabric
0 0.600000 -4.943503 6.943503 0.000000 -0.831470 0.555570 0.108000 1.249831 1 0 1.0
0 -0.600000 -5.355371 6.327099 0.000000 -0.831470 0.555570 -0.108000 1.138878 1 0 1.0
0 0.600000 -5.355371 6.327099 0.000000 -0.831470 0.555570 0.108000 1.138878 1 0 1.0
bag_fabric
0 0.600000 -5.355371 6.327099 0.000000 -0.980785 0.195090 0.108000 1.138878 1 0 1.0
0 -0.600000 -5.355371 6.327099 0.000000 -0.980785 0.195090 -0.108000 1.138878 1 0 1.0
0 -0.600000 -5.500000 5.600000 0.000000 -0.980785 0.195090 -0.108000 1.008000 1 0 1.0
bag_fabric
0 0.600000 -5.355371 6.327099 0.000000 -0.980785 0.195090 0.108000 1.138878 1 0 1.0
0 -0.600000 -5.500000 5.600000 0.000000 -0.980785 0.195090 -0.108000 1.008000 1 0 1.0
0 0.600000 -5.500000 5.600000 0.000000 -0.980785 0.195090 0.108000 1.008000 1 0 1.0
bag_fabric
0 -0.600000 3.600000 -7.500000 0.000000 0.000000 -1.000000 -0.108000 0.648000 1 0 1.0
0 0.600000 3.600000 -7.500000 0.000000 0.000000 -1.000000 0.108000 0.648000 1 0 1.0
0 0.600000 -3.600000 -7.500000 0.000000 0.000000 -1.000000 0.108000 -0.648000 1 0 1.0
bag_fabric
0 -0.600000 3.600000 -7.500000 0.000000 0.000000 -1.000000 -0.108000 0.648000 1 0 1.0
0 0.600000 -3.600000 -7.500000 0.000000 0.000000 -1.000000 0.108000 -0.648000 1 0 1.0
0 -0.600000 -3.600000 -7.500000 0.000000 0.000000 -1.000000 -0.108000 -0.648000 1 0 1.0
bag_fabric
0 -2.500000 -3.600000 -5.600000 -1.000000 0.000000 0.000000 -0.648000 -1.008000 1 0 1.0
0 -2.500000 -3.600000 5.600000 -1.000000 0.000000 0.000000 -0.648000 1.008000 1 0 1.0
0 -2.500000 3.600000 5.600000 -1.000000 0.000000 0.000000 0.648000 1.008000 1 0 1.0
bag_fabric
0 -2.500000 -3.600000 -5.600000 -1.000000 0.000000 0.000000 -0.648000 -1.008000 1 0 1.0
0 -2.500000 3.600000 5.600000 -1.000000 0.000000 0.000000 0.648000 1.008000 1 0 1.0
0 -2.500000 3.600000 -5.600000 -1.000000 0.000000 0.000000 0.648000 -1.008000 1 0 1.0
bag_fabric
0 0.600000 -5.500000 -5.600000 0.000000 -1.000000 0.000000 0.108000 -1.008000 1 0 1.0
0 0.600000 -5.500000 5.600000 0.000000 -1.000000 0.000000 0.108000 1.008000 1 0 1.0
0 -0.600000 -5.500000 5.600000 0.000000 -1.000000 0.000000 -0.108000 1.008000 1 0 1.0
bag_fabric
0 0.600000 -5.500000 -5.600000 0.000000 -1.000000 0.000000 0.108000 -1.008000 1 0 1.0
0 -0.600000 -5.500000 5.600000 0.000000 -1.000000 0.000000 -0.108000 1.008000 1 0 1.0
0 -0.600000 -5.500000 -5.600000 0.000000 -1.000000 0.000000 -0.108000 -1.008000 1 0 1.0
bag_fabric
0 0.600000 3.600000 7.500000 0.000000 0.000000 1.000000 0.108000 0.648000 1 0 1.0
0 -0.600000 3.600000 7.500000 0.000000 0.000000 1.000000 -0.108000 0.648000 1 0 1.0
0 -0.600000 -3.600000 7.500000 0.000000 0.000000 1.000000 -0.108000 -0.648000 1 0 1.0
bag_fabric
0 0.600000 3.600000 7.500000 0.000000 0.000000 1.000000 0.108000 0.648000 1 0 1.0
0 -0.600000 -3.600000 7.500000 0.000000 0.000000 1.000000 -0.108000 -0.648000 1 0 1.0
0 0.600000 -3.600000 7.500000 0.000000 0.000000 1.000000 0.108000 -0.648000 1 0 1.0
bag_fabric
0 -0.600000 5.500000 -5.600000 0.000000 1.000000 0.000000 -0.108000 -1.008000 1 0 1.0
0 -0.600000 5.500000 5.600000 0.000000 1.000000 0.000000 -0.108000 1.008000 1 0 1.0
0 0.600000 5.500000 5.600000 0.000000 1.000000 0.000000 0.108000 1.008000 1 0 1.0
bag_fabric
0 -0.600000 5.500000 -5.600000 0.000000 1.000000 0.000000 -0.108000 -1.008000 1 0 1.0
0 0.600000 5.500000 5.600000 0.000000 1.000000 0.000000 0.108000 1.008000 1 0 1.0
0 0.600000 5.500000 -5.600000 0.000000 1.000000 0.000000 0.108000 -1.008000 1 0 1.0
bag_fabric
0 2.500000 3.600000 -5.600000 1.000000 0.000000 0.000000 0.648000 -1.008000 1 0 1.0
0 2.500000 3.600000 5.600000 1.000000 0.000000 0.000000 0.648000 1.008000 1 0 1.0
0 2.500000 -3.600000 5.600000 1.000000 0.000000 0.000000 -0.648000 1.008000 1 0 1.0
bag_fabric
0 2.500000 3.600000 -5.600000 1.000000 0.000000 0.000000 0.648000 -1.008000 1 0 1.0
0 2.500000 -3.600000 5.600000 1.000000 0.000000 0.000000 -0.648000 1.008000 1 0 1.0
0 2.500000 -3.600000 -5.600000 1.000000 0.000000 0.000000 -0.648000 -1.008000 1 0 1.0
bag_fabric
0 3.000000 -3.210000 -6.600000 -0.263872 -0.249294 -0.931786 0.540000 -0.577800 1 0 1.0
0 3.000000 -3.584508 -6.499803 -0.263872 -0.249294 -0.931786 0.540000 -0.645211 1 0 1.0
0 2.641341 -3.568659 -6.402475 -0.263872 -0.249294 -0.931786 0.475441 -0.642359 1 0 1.0
bag_fabric
0 3.000000 -3.210000 -6.600000 -0.249294 -0.263872 -0.931786 0.540000 -0.577800 1 0 1.0
0 2.641341 -3.568659 -6.402475 -0.249294 -0.263872 -0.931786 0.475441 -0.642359 1 0 1.0
0 2.625492 -3.210000 -6.499803 -0.249294 -0.263872 -0.931786 0.472589 -0.577800 1 0 1.0
bag_fabric
0 3.000000 -3.584508 -6.499803 -0.217777 -0.690135 -0.690135 0.540000 -0.645211 1 0 1.0
0 3.000000 -3.859803 -6.224508 -0.217777 -0.690135 -0.690135 0.540000 -0.694765 1 0 1.0
0 2.641341 -3.762475 -6.208659 -0.217777 -0.690135 -0.690135 0.475441 -0.677245 1 0 1.0
bag_fabric
0 3.000000 -3.584508 -6.499803 -0.217777 -0.690135 -0.690135 0.540000 -0.645211 1 0 1.0
0 2.641341 -3.762475 -6.208659 -0.217777 -0.690135 -0.690135 0.475441 -0.677245 1 0 1.0
0 2.641341 -3.568659 -6.402475 -0.217777 -0.690135 -0.690135 0.475441 -0.642359 1 0 1.0
bag_fabric
0 3.000000 -3.960000 -5.850000 -0.249293 -0.931785 -0.263873 0.540000 -1.053000 1 0 1.0
0 2.625492 -3.859803 -5.850000 -0.249293 -0.931785 -0.263873 0.472589 -1.053000 1 0 1.0
0 2.641341 -3.762475 -6.208659 -0.249293 -0.931785 -0.263873 0.475441 -1.117559 1 0 1.0
bag_fabric
0 3.000000 -3.960000 -5.850000 -0.263873 -0.931785 -0.249293 0.540000 -1.053000 1 0 1.0
0 2.641341 -3.762475 -6.208659 -0.263873 -0.931785 -0.249293 0.475441 -1.117559 1 0 1.0
0 3.000000 -3.859803 -6.224508 -0.263873 -0.931785 -0.249293 0.540000 -1.120412 1 0 1.0
bag_fabric
0 2.625492 -3.859803 -5.850000 -0.690135 -0.690135 -0.217777 -0.694765 -1.053000 1 0 1.0
0 2.350197 -3.584508 -5.850000 -0.690135 -0.690135 -0.217777 -0.645211 -1.053000 1 0 1.0
0 2.447526 -3.568659 -6.208659 -0.690135 -0.690135 -0.217777 -0.642359 -1.117559 1 0 1.0
bag_fabric
0 2.625492 -3.859803 -5.850000 -0.690135 -0.690135 -0.217777 -0.694765 -1.053000 1 0 1.0
0 2.447526 -3.568659 -6.208659 -0.690135 -0.690135 -0.217777 -0.642359 -1.117559 1 0 1.0
0 2.641341 -3.762475 -6.208659 -0.690135 -0.690135 -0.217777 -0.677245 -1.117559 1 0 1.0
bag_fabric
0 2.250000 -3.210000 -5.850000 -0.931785 -0.263873 -0.249293 -0.577800 -1.053000 1 0 1.0
0 2.350197 -3.210000 -6.224508 -0.931785 -0.263873 -0.249293 -0.577800 -1.120412 1 0 1.0
0 2.447526 -3.568659 -6.208659 -0.931785 -0.263873 -0.249293 -0.642359 -1.117559 1 0 1.0
bag_fabric
0 2.250000 -3.210000 -5.850000 -0.931785 -0.249293 -0.263873 -0.577800 -1.053000 1 0 1.0
0 2.447526 -3.568659 -6.208659 -0.931785 -0.249293 -0.263873 -0.642359 -1.117559 1 0 1.0
0 2.350197 -3.584508 -5.850000 -0.931785 -0.249293 -0.263873 -0.645211 -1.053000 1 0 1.0
bag_fabric
0 2.350197 -3.210000 -6.224508 -0.690135 -0.217777 -0.690135 0.423035 -0.577800 1 0 1.0
0 2.625492 -3.210000 -6.499803 -0.690135 -0.217777 -0.690135 0.472589 -0.577800 1 0 1.0
0 2.641341 -3.568659 -6.402475 -0.690135 -0.217777 -0.690135 0.475441 -0.642359 1 0 1.0
bag_fabric
0 2.350197 -3.210000 -6.224508 -0.690135 -0.217777 -0.690135 0.423035 -0.577800 1 0 1.0
0 2.641341 -3.568659 -6.402475 -0.690135 -0.217777 -0.690135 0.475441 -0.642359 1 0 1.0
0 2.447526 -3.568659 -6.208659 -0.690135 -0.217777 -0.690135 0.440555 -0.642359 1 0 1.0
bag_fabric
0 2.641341 -3.568659 -6.402475 -0.577350 -0.577350 -0.577350 -0.642359 -1.152445 1 0 1.0
0 2.641341 -3.762475 -6.208659 -0.577350 -0.577350 -0.577350 -0.677245 -1.117559 1 0 1.0
0 2.447526 -3.568659 -6.208659 -0.577350 -0.577350 -0.577350 -0.642359 -1.117559 1 0 1.0
bag_fabric
0 3.000000 -3.960000 -1.950000 -0.263873 -0.931785 0.249293 0.540000 -0.351000 1 0 1.0
0 3.000000 -3.859803 -1.575492 -0.263873 -0.931785 0.249293 0.540000 -0.283589 1 0 1.0
0 2.641341 -3.762475 -1.591341 -0.263873 -0.931785 0.249293 0.475441 -0.286441 1 0 1.0
bag_fabric
0 3.000000 -3.960000 -1.950000 -0.249293 -0.931785 0.263873 0.540000 -0.351000 1 0 1.0
0 2.641341 -3.762475 -1.591341 -0.249293 -0.931785 0.263873 0.475441 -0.286441 1 0 1.0
0 2.625492 -3.859803 -1.950000 -0.249293 -0.931785 0.263873 0.472589 -0.351000 1 0 1.0
bag_fabric
0 3.000000 -3.859803 -1.575492 -0.217778 -0.690135 0.690135 0.540000 -0.694765 1 0 1.0
0 3.000000 -3.584508 -1.300197 -0.217778 -0.690135 0.690135 0.540000 -0.645211 1 0 1.0
0 2.641341 -3.568659 -1.397526 -0.217778 -0.690135 0.690135 0.475441 -0.642359 1 0 1.0
bag_fabric
0 3.000000 -3.859803 -1.575492 -0.217778 -0.690135 0.690135 0.540000 -0.694765 1 0 1.0
0 2.641341 -3.568659 -1.397526 -0.217778 -0.690135 0.690135 0.475441 -0.642359 1 0 1.0
0 2.641341 -3.762475 -1.591341 -0.217778 -0.690135 0.690135 0.475441 -0.677245 1 0 1.0
bag_fabric
0 3.000000 -3.210000 -1.200000 -0.249294 -0.263873 0.931785 0.540000 -0.577800 1 0 1.0
0 2.625492 -3.210000 -1.300197 -0.249294 -0.263873 0.931785 0.472589 -0.577800 1 0 1.0
0 2.641341 -3.568659 -1.397526 -0.249294 -0.263873 0.931785 0.475441 -0.642359 1 0 1.0
bag_fabric
0 3.000000 -3.210000 -1.200000 -0.263873 -0.249294 0.931785 0.540000 -0.577800 1 0 1.0
0 2.641341 -3.568659 -1.397526 -0.263873 -0.249294 0.931785 0.475441 -0.642359 1 0 1.0
0 3.000000 -3.584508 -1.300197 -0.263873 -0.249294 0.931785 0.540000 -0.645211 1 0 1.0
bag_fabric
0 2.625492 -3.210000 -1.300197 -0.690135 -0.217778 0.690135 0.472589 -0.577800 1 0 1.0
0 2.350197 -3.210000 -1.575492 -0.690135 -0.217778 0.690135 0.423035 -0.577800 1 0 1.0
0 2.447526 -3.568659 -1.591341 -0.690135 -0.217778 0.690135 0.440555 -0.642359 1 0 1.0
bag_fabric
0 2.625492 -3.210000 -1.300197 -0.690135 -0.217777 0.690135 0.472589 -0.577800 1 0 1.0
0 2.447526 -3.568659 -1.591341 -0.690135 -0.217777 0.690135 0.440555 -0.642359 1 0 1.0
0 2.641341 -3.568659 -1.397526 -0.690135 -0.217777 0.690135 0.475441 -0.642359 1 0 1.0
bag_fabric
0 2.250000 -3.210000 -1.950000 -0.931785 -0.249293 0.263873 -0.577800 -0.351000 1 0 1.0
0 2.350197 -3.584508 -1.950000 -0.931785 -0.249293 0.263873 -0.645211 -0.351000 1 0 1.0
0 2.447526 -3.568659 -1.591341 -0.931785 -0.249293 0.263873 -0.642359 -0.286441 1 0 1.0
bag_fabric
0 2.250000 -3.210000 -1.950000 -0.931785 -0.263873 0.249293 -0.577800 -0.351000 1 0 1.0
0 2.447526 -3.568659 -1.591341 -0.931785 -0.263873 0.249293 -0.642359 -0.286441 1 0 1.0
0 2.350197 -3.210000 -1.575492 -0.931785 -0.263873 0.249293 -0.577800 -0.283589 1 0 1.0
bag_fabric
0 2.350197 -3.584508 -1.950000 -0.690135 -0.690135 0.217778 -0.645211 -0.351000 1 0 1.0
0 2.625492 -3.859803 -1.950000 -0.690135 -0.690135 0.217778 -0.694765 -0.351000 1 0 1.0
0 2.641341 -3.762475 -1.591341 -0.690135 -0.690135 0.217778 -0.677245 -0.286441 1 0 1.0
bag_fabric
0 2.350197 -3.584508 -1.950000 -0.690135 -0.690135 0.217778 -0.645211 -0.351000 1 0 1.0
0 2.641341 -3.762475 -1.591341 -0.690135 -0.690135 0.217778 -0.677245 -0.286441 1 0 1.0
0 2.447526 -3.568659 -1.591341 -0.690135 -0.690135 0.217778 -0.642359 -0.286441 1 0 1.0
bag_fabric
0 2.641341 -3.762475 -1.591341 -0.577350 -0.577350 0.577350 -0.677245 -0.286441 1 0 1.0
0 2.641341 -3.568659 -1.397526 -0.577350 -0.577350 0.577350 -0.642359 -0.251555 1 0 1.0
0 2.447526 -3.568659 -1.591341 -0.577350 -0.577350 0.577350 -0.642359 -0.286441 1 0 1.0
bag_fabric
0 3.000000 3.210000 -6.600000 -0.249294 0.263872 -0.931786 0.540000 0.577800 1 0 1.0
0 2.625492 3.210000 -6.499803 -0.249294 0.263872 -0.931786 0.472589 0.577800 1 0 1.0
0 2.641341 3.568659 -6.402475 -0.249294 0.263872 -0.931786 0.475441 0.642359 1 0 1.0
bag_fabric
0 3.000000 3.210000 -6.600000 -0.263872 0.249294 -0.931786 0.540000 0.577800 1 0 1.0
0 2.641341 3.568659 -6.402475 -0.263872 0.249294 -0.931786 0.475441 0.642359 1 0 1.0
0 3.000000 3.584508 -6.499803 -0.263872 0.249294 -0.931786 0.540000 0.645211 1 0 1.0
bag_fabric
0 2.625492 3.210000 -6.499803 -0.690135 0.217777 -0.690135 0.472589 0.577800 1 0 1.0
0 2.350197 3.210000 -6.224508 -0.690135 0.217777 -0.690135 0.423035 0.577800 1 0 1.0
0 2.447526 3.568659 -6.208659 -0.690135 0.217777 -0.690135 0.440555 0.642359 1 0 1.0
bag_fabric
0 2.625492 3.210000 -6.499803 -0.690135 0.217777 -0.690135 0.472589 0.577800 1 0 1.0
0 2.447526 3.568659 -6.208659 -0.690135 0.217777 -0.690135 0.440555 0.642359 1 0 1.0
0 2.641341 3.568659 -6.402475 -0.690135 0.217777 -0.690135 0.475441 0.642359 1 0 1.0
bag_fabric
0 2.250000 3.210000 -5.850000 -0.931785 0.249293 -0.263873 0.577800 -1.053000 1 0 1.0
0 2.350197 3.584508 -5.850000 -0.931785 0.249293 -0.263873 0.645211 -1.053000 1 0 1.0
0 2.447526 3.568659 -6.208659 -0.931785 0.249293 -0.263873 0.642359 -1.117559 1 0 1.0
bag_fabric
0 2.250000 3.210000 -5.850000 -0.931785 0.263873 -0.249293 0.577800 -1.053000 1 0 1.0
0 2.447526 3.568659 -6.208659 -0.931785 0.263873 -0.249293 0.642359 -1.117559 1 0 1.0
0 2.350197 3.210000 -6.224508 -0.931785 0.263873 -0.249293 0.577800 -1.120412 1 0 1.0
bag_fabric
0 2.350197 3.584508 -5.850000 -0.690135 0.690135 -0.217777 0.645211 -1.053000 1 0 1.0
0 2.625492 3.859803 -5.850000 -0.690135 0.690135 -0.217777 0.694765 -1.053000 1 0 1.0
0 2.641341 3.762475 -6.208659 -0.690135 0.690135 -0.217777 0.677245 -1.117559 1 0 1.0
bag_fabric
0 2.350197 3.584508 -5.850000 -0.690135 0.690135 -0.217777 0.645211 -1.053000 1 0 1.0
0 2.641341 3.762475 -6.208659 -0.690135 0.690135 -0.217777 0.677245 -1.117559 1 0 1.0
0 2.447526 3.568659 -6.208659 -0.690135 0.690135 -0.217777 0.642359 -1.117559 1 0 1.0
bag_fabric
0 3.000000 3.960000 -5.850000 -0.263873 0.931785 -0.249293 0.540000 -1.053000 1 0 1.0
0 3.000000 3.859803 -6.224508 -0.263873 0.931785 -0.249293 0.540000 -1.120412 1 0 1.0
0 2.641341 3.762475 -6.208659 -0.263873 0.931785 -0.249293 0.475441 -1.117559 1 0 1.0
bag_fabric
0 3.000000 3.960000 -5.850000 -0.249293 0.931785 -0.263873 0.540000 -1.053000 1 0 1.0
0 2.641341 3.762475 -6.208659 -0.249293 0.931785 -0.263873 0.475441 -1.117559 1 0 1.0
0 2.625492 3.859803 -5.850000 -0.249293 0.931785 -0.263873 0.472589 -1.053000 1 0 1.0
bag_fabric
0 3.000000 3.859803 -6.224508 -0.217777 0.690135 -0.690135 0.540000 0.694765 1 0 1.0
0 3.000000 3.584508 -6.499803 -0.217777 0.690135 -0.690135 0.540000 0.645211 1 0 1.0
0 2.641341 3.568659 -6.402475 -0.217777 0.690135 -0.690135 0.475441 0.642359 1 0 1.0
bag_fabric
0 3.000000 3.859803 -6.224508 -0.217777 0.690135 -0.690135 0.540000 0.694765 1 0 1.0
0 2.641341 3.568659 -6.402475 -0.217777 0.690135 -0.690135 0.475441 0.642359 1 0 1.0
0 2.641341 3.762475 -6.208659 -0.217777 0.690135 -0.690135 0.475441 0.677245 1 0 1.0
bag_fabric
0 2.641341 3.568659 -6.402475 -0.577350 0.577350 -0.577350 0.642359 -1.152445 1 0 1.0
0 2.447526 3.568659 -6.208659 -0.577350 0.577350 -0.577350 0.642359 -1.117559 1 0 1.0
0 2.641341 3.762475 -6.208659 -0.577350 0.577350 -0.577350 0.677245 -1.117559 1 0 1.0
bag_fabric
0 3.000000 3.210000 -1.200000 -0.263873 0.249294 0.931785 0.540000 0.577800 1 0 1.0
0 3.000000 3.584508 -1.300197 -0.263873 0.249294 0.931785 0.540000 0.645211 1 0 1.0
0 2.641341 3.568659 -1.397526 -0.263873 0.249294 0.931785 0.475441 0.642359 1 0 1.0
bag_fabric
0 3.000000 3.210000 -1.200000 -0.249294 0.263873 0.931785 0.540000 0.577800 1 0 1.0
0 2.641341 3.568659 -1.397526 -0.249294 0.263873 0.931785 0.475441 0.642359 1 0 1.0
0 2.625492 3.210000 -1.300197 -0.249294 0.263873 0.931785 0.472589 0.577800 1 0 1.0
bag_fabric
0 3.000000 3.584508 -1.300197 -0.217778 0.690135 0.690135 0.540000 0.645211 1 0 1.0
0 3.000000 3.859803 -1.575492 -0.217778 0.690135 0.690135 0.540000 0.694765 1 0 1.0
0 2.641341 3.762475 -1.591341 -0.217778 0.690135 0.690135 0.475441 0.677245 1 0 1.0
bag_fabric
0 3.000000 3.584508 -1.300197 -0.217777 0.690135 0.690135 0.540000 0.645211 1 0 1.0
0 2.641341 3.762475 -1.591341 -0.217777 0.690135 0.690135 0.475441 0.677245 1 0 1.0
0 2.641341 3.568659 -1.397526 -0.217777 0.690135 0.690135 0.475441 0.642359 1 0 1.0
bag_fabric
0 3.000000 3.960000 -1.950000 -0.249293 0.931785 0.263873 0.540000 -0.351000 1 0 1.0
0 2.625492 3.859803 -1.950000 -0.249293 0.931785 0.263873 0.472589 -0.351000 1 0 1.0
0 2.641341 3.762475 -1.591341 -0.249293 0.931785 0.263873 0.475441 -0.286441 1 0 1.0
bag_fabric
0 3.000000 3.960000 -1.950000 -0.263873 0.931785 0.249293 0.540000 -0.351000 1 0 1.0
0 2.641341 3.762475 -1.591341 -0.263873 0.931785 0.249293 0.475441 -0.286441 1 0 1.0
0 3.000000 3.859803 -1.575492 -0.263873 0.931785 0.249293 0.540000 -0.283589 1 0 1.0
bag_fabric
0 2.625492 3.859803 -1.950000 -0.690135 0.690135 0.217778 0.694765 -0.351000 1 0 1.0
0 2.350197 3.584508 -1.950000 -0.690135 0.690135 0.217778 0.645211 -0.351000 1 0 1.0
0 2.447526 3.568659 -1.591341 -0.690135 0.690135 0.217778 0.642359 -0.286441 1 0 1.0
bag_fabric
0 2.625492 3.859803 -1.950000 -0.690135 0.690135 0.217778 0.694765 -0.351000 1 0 1.0
0 2.447526 3.568659 -1.591341 -0.690135 0.690135 0.217778 0.642359 -0.286441 1 0 1.0
0 2.641341 3.762475 -1.591341 -0.690135 0.690135 0.217778 0.677245 -0.286441 1 0 1.0
bag_fabric
0 2.250000 3.210000 -1.950000 -0.931785 0.263873 0.249293 0.577800 -0.351000 1 0 1.0
0 2.350197 3.210000 -1.575492 -0.931785 0.263873 0.249293 0.577800 -0.283589 1 0 1.0
0 2.447526 3.568659 -1.591341 -0.931785 0.263873 0.249293 0.642359 -0.286441 1 0 1.0
bag_fabric
0 2.250000 3.210000 -1.950000 -0.931785 0.249293 0.263873 0.577800 -0.351000 1 0 1.0
0 2.447526 3.568659 -1.591341 -0.931785 0.249293 0.263873 0.642359 -0.286441 1 0 1.0
0 2.350197 3.584508 -1.950000 -0.931785 0.249293 0.263873 0.645211 -0.351000 1 0 1.0
bag_fabric
0 2.350197 3.210000 -1.575492 -0.690135 0.217778 0.690135 0.423035 0.577800 1 0 1.0
0 2.625492 3.210000 -1.300197 -0.690135 0.217778 0.690135 0.472589 0.577800 1 0 1.0
0 2.641341 3.568659 -1.397526 -0.690135 0.217778 0.690135 0.475441 0.642359 1 0 1.0
bag_fabric
0 2.350197 3.210000 -1.575492 -0.690135 0.217778 0.690135 0.423035 0.577800 1 0 1.0
0 2.641341 3.568659 -1.397526 -0.690135 0.217778 0.690135 0.475441 0.642359 1 0 1.0
0 2.447526 3.568659 -1.591341 -0.690135 0.217778 0.690135 0.440555 0.642359 1 0 1.0
bag_fabric
0 2.641341 3.568659 -1.397526 -0.577350 0.577350 0.577350 0.642359 -0.251555 1 0 1.0
0 2.641341 3.762475 -1.591341 -0.577350 0.577350 0.577350 0.677245 -0.286441 1 0 1.0
0 2.447526 3.568659 -1.591341 -0.577350 0.577350 0.577350 0.642359 -0.286441 1 0 1.0
bag_fabric
0 3.400000 -3.210000 -6.600000 0.249293 -0.263872 -0.931786 0.612000 -0.577800 1 0 1.0
0 3.774508 -3.210000 -6.499803 0.249293 -0.263872 -0.931786 0.679411 -0.577800 1 0 1.0
0 3.758659 -3.568659 -6.402475 0.249293 -0.263872 -0.931786 0.676559 -0.642359 1 0 1.0
bag_fabric
0 3.400000 -3.210000 -6.600000 0.263872 -0.249293 -0.931786 0.612000 -0.577800 1 0 1.0
0 3.758659 -3.568659 -6.402475 0.263872 -0.249293 -0.931786 0.676559 -0.642359 1 0 1.0
0 3.400000 -3.584508 -6.499803 0.263872 -0.249293 -0.931786 0.612000 -0.645211 1 0 1.0
bag_fabric
0 3.774508 -3.210000 -6.499803 0.690135 -0.217778 -0.690135 0.679411 -0.577800 1 0 1.0
0 4.049803 -3.210000 -6.224508 0.690135 -0.217778 -0.690135 0.728965 -0.577800 1 0 1.0
0 3.952475 -3.568659 -6.208659 0.690135 -0.217778 -0.690135 0.711445 -0.642359 1 0 1.0
bag_fabric
0 3.774508 -3.210000 -6.499803 0.690135 -0.217777 -0.690135 0.679411 -0.577800 1 0 1.0
0 3.952475 -3.568659 -6.208659 0.690135 -0.217777 -0.690135 0.711445 -0.642359 1 0 1.0
0 3.758659 -3.568659 -6.402475 0.690135 -0.217777 -0.690135 0.676559 -0.642359 1 0 1.0
bag_fabric
0 4.150000 -3.210000 -5.850000 0.931785 -0.249292 -0.263873 -0.577800 -1.053000 1 0 1.0
0 4.049803 -3.584508 -5.850000 0.931785 -0.249292 -0.263873 -0.645211 -1.053000 1 0 1.0
0 3.952475 -3.568659 -6.208659 0.931785 -0.249292 -0.263873 -0.642359 -1.117559 1 0 1.0
bag_fabric
0 4.150000 -3.210000 -5.850000 0.931785 -0.263873 -0.249292 -0.577800 -1.053000 1 0 1.0
0 3.952475 -3.568659 -6.208659 0.931785 -0.263873 -0.249292 -0.642359 -1.117559 1 0 1.0
0 4.049803 -3.210000 -6.224508 0.931785 -0.263873 -0.249292 -0.577800 -1.120412 1 0 1.0
bag_fabric
0 4.049803 -3.584508 -5.850000 0.690135 -0.690135 -0.217778 -0.645211 -1.053000 1 0 1.0
0 3.774508 -3.859803 -5.850000 0.690135 -0.690135 -0.217778 -0.694765 -1.053000 1 0 1.0
0 3.758659 -3.762475 -6.208659 0.690135 -0.690135 -0.217778 -0.677245 -1.117559 1 0 1.0
bag_fabric
0 4.049803 -3.584508 -5.850000 0.690135 -0.690135 -0.217778 -0.645211 -1.053000 1 0 1.0
0 3.758659 -3.762475 -6.208659 0.690135 -0.690135 -0.217778 -0.677245 -1.117559 1 0 1.0
0 3.952475 -3.568659 -6.208659 0.690135 -0.690135 -0.217778 -0.642359 -1.117559 1 0 1.0
bag_fabric
0 3.400000 -3.960000 -5.850000 0.263873 -0.931786 -0.249293 0.612000 -1.053000 1 0 1.0
0 3.400000 -3.859803 -6.224508 0.263873 -0.931786 -0.249293 0.612000 -1.120412 1 0 1.0
0 3.758659 -3.762475 -6.208659 0.263873 -0.931786 -0.249293 0.676559 -1.117559 1 0 1.0
bag_fabric
0 3.400000 -3.960000 -5.850000 0.249293 -0.931786 -0.263873 0.612000 -1.053000 1 0 1.0
0 3.758659 -3.762475 -6.208659 0.249293 -0.931786 -0.263873 0.676559 -1.117559 1 0 1.0
0 3.774508 -3.859803 -5.850000 0.249293 -0.931786 -0.263873 0.679411 -1.053000 1 0 1.0
bag_fabric
0 3.400000 -3.859803 -6.224508 0.217777 -0.690135 -0.690135 0.612000 -0.694765 1 0 1.0
0 3.400000 -3.584508 -6.499803 0.217777 -0.690135 -0.690135 0.612000 -0.645211 1 0 1.0
0 3.758659 -3.568659 -6.402475 0.217777 -0.690135 -0.690135 0.676559 -0.642359 1 0 1.0
bag_fabric
0 3.400000 -3.859803 -6.224508 0.217778 -0.690135 -0.690135 0.612000 -0.694765 1 0 1.0
0 3.758659 -3.568659 -6.402475 0.217778 -0.690135 -0.690135 0.676559 -0.642359 1 0 1.0
0 3.758659 -3.762475 -6.208659 0.217778 -0.690135 -0.690135 0.676559 -0.677245 1 0 1.0
bag_fabric
0 3.758659 -3.568659 -6.402475 0.577350 -0.577350 -0.577350 -0.642359 -1.152445 1 0 1.0
0 3.952475 -3.568659 -6.208659 0.577350 -0.577350 -0.577350 -0.642359 -1.117559 1 0 1.0
0 3.758659 -3.762475 -6.208659 0.577350 -0.577350 -0.577350 -0.677245 -1.117559 1 0 1.0
bag_fabric
0 3.400000 -3.210000 -1.200000 0.263873 -0.249293 0.931785 0.612000 -0.577800 1 0 1.0
0 3.400000 -3.584508 -1.300197 0.263873 -0.249293 0.931785 0.612000 -0.645211 1 0 1.0
0 3.758659 -3.568659 -1.397526 0.263873 -0.249293 0.931785 0.676559 -0.642359 1 0 1.0
bag_fabric
0 3.400000 -3.210000 -1.200000 0.249293 -0.263873 0.931785 0.612000 -0.577800 1 0 1.0
0 3.758659 -3.568659 -1.397526 0.249293 -0.263873 0.931785 0.676559 -0.642359 1 0 1.0
0 3.774508 -3.210000 -1.300197 0.249293 -0.263873 0.931785 0.679411 -0.577800 1 0 1.0
bag_fabric
0 3.400000 -3.584508 -1.300197 0.217778 -0.690135 0.690135 0.612000 -0.645211 1 0 1.0
0 3.400000 -3.859803 -1.575492 0.217778 -0.690135 0.690135 0.612000 -0.694765 1 0 1.0
0 3.758659 -3.762475 -1.591341 0.217778 -0.690135 0.690135 0.676559 -0.677245 1 0 1.0
bag_fabric
0 3.400000 -3.584508 -1.300197 0.217778 -0.690135 0.690135 0.612000 -0.645211 1 0 1.0
0 3.758659 -3.762475 -1.591341 0.217778 -0.690135 0.690135 0.676559 -0.677245 1 0 1.0
0 3.758659 -3.568659 -1.397526 0.217778 -0.690135 0.690135 0.676559 -0.642359 1 0 1.0
bag_fabric
0 3.400000 -3.960000 -1.950000 0.249293 -0.931785 0.263873 0.612000 -0.351000 1 0 1.0
0 3.774508 -3.859803 -1.950000 0.249293 -0.931785 0.263873 0.679411 -0.351000 1 0 1.0
0 3.758659 -3.762475 -1.591341 0.249293 -0.931785 0.263873 0.676559 -0.286441 1 0 1.0
bag_fabric
0 3.400000 -3.960000 -1.950000 0.263873 -0.931785 0.249293 0.612000 -0.351000 1 0 1.0
0 3.758659 -3.762475 -1.591341 0.263873 -0.931785 0.249293 0.676559 -0.286441 1 0 1.0
0 3.400000 -3.859803 -1.575492 0.263873 -0.931785 0.249293 0.612000 -0.283589 1 0 1.0
bag_fabric
0 3.774508 -3.859803 -1.950000 0.690135 -0.690135 0.217778 -0.694765 -0.351000 1 0 1.0
0 4.049803 -3.584508 -1.950000 0.690135 -0.690135 0.217778 -0.645211 -0.351000 1 0 1.0
0 3.952475 -3.568659 -1.591341 0.690135 -0.690135 0.217778 -0.642359 -0.286441 1 0 1.0
bag_fabric
0 3.774508 -3.859803 -1.950000 0.690135 -0.690135 0.217778 -0.694765 -0.351000 1 0 1.0
0 3.952475 -3.568659 -1.591341 0.690135 -0.690135 0.217778 -0.642359 -0.286441 1 0 1.0
0 3.758659 -3.762475 -1.591341 0.690135 -0.690135 0.217778 -0.677245 -0.286441 1 0 1.0
bag_fabric
0 4.150000 -3.210000 -1.950000 0.931785 -0.263873 0.249292 -0.577800 -0.351000 1 0 1.0
0 4.049803 -3.210000 -1.575492 0.931785 -0.263873 0.249292 -0.577800 -0.283589 1 0 1.0
0 3.952475 -3.568659 -1.591341 0.931785 -0.263873 0.249292 -0.642359 -0.286441 1 0 1.0
bag_fabric
0 4.150000 -3.210000 -1.950000 0.931785 -0.249292 0.263873 -0.577800 -0.351000 1 0 1.0
0 3.952475 -3.568659 -1.591341 0.931785 -0.249292 0.263873 -0.642359 -0.286441 1 0 1.0
0 4.049803 -3.584508 -1.950000 0.931785 -0.249292 0.263873 -0.645211 -0.351000 1 0 1.0
bag_fabric
0 4.049803 -3.210000 -1.575492 0.690135 -0.217778 0.690135 0.728965 -0.577800 1 0 1.0
0 3.774508 -3.210000 -1.300197 0.690135 -0.217778 0.690135 0.679411 -0.577800 1 0 1.0
0 3.758659 -3.568659 -1.397526 0.690135 -0.217778 0.690135 0.676559 -0.642359 1 0 1.0
bag_fabric
0 4.049803 -3.210000 -1.575492 0.690135 -0.217778 0.690135 0.728965 -0.577800 1 0 1.0
0 3.758659 -3.568659 -1.397526 0.690135 -0.217778 0.690135 0.676559 -0.642359 1 0 1.0
0 3.952475 -3.568659 -1.591341 0.690135 -0.217778 0.690135 0.711445 -0.642359 1 0 1.0
bag_fabric
0 3.758659 -3.568659 -1.397526 0.577350 -0.577350 0.577350 -0.642359 -0.251555 1 0 1.0
0 3.758659 -3.762475 -1.591341 0.577350 -0.577350 0.577350 -0.677245 -0.286441 1 0 1.0
0 3.952475 -3.568659 -1.591341 0.577350 -0.577350 0.577350 -0.642359 -0.286441 1 0 1.0
bag_fabric
0 3.400000 3.210000 -6.600000 0.263872 0.249293 -0.931786 0.612000 0.577800 1 0 1.0
0 3.400000 3.584508 -6.499803 0.263872 0.249293 -0.931786 0.612000 0.645211 1 0 1.0
0 3.758659 3.568659 -6.402475 0.263872 0.249293 -0.931786 0.676559 0.642359 1 0 1.0
bag_fabric
0 3.400000 3.210000 -6.600000 0.249293 0.263872 -0.931786 0.612000 0.577800 1 0 1.0
0 3.758659 3.568659 -6.402475 0.249293 0.263872 -0.931786 0.676559 0.642359 1 0 1.0
0 3.774508 3.210000 -6.499803 0.249293 0.263872 -0.931786 0.679411 0.577800 1 0 1.0
bag_fabric
0 3.400000 3.584508 -6.499803 0.217778 0.690135 -0.690135 0.612000 0.645211 1 0 1.0
0 3.400000 3.859803 -6.224508 0.217778 0.690135 -0.690135 0.612000 0.694765 1 0 1.0
0 3.758659 3.762475 -6.208659 0.217778 0.690135 -0.690135 0.676559 0.677245 1 0 1.0
bag_fabric
0 3.400000 3.584508 -6.499803 0.217777 0.690135 -0.690135 0.612000 0.645211 1 0 1.0
0 3.758659 3.762475 -6.208659 0.217777 0.690135 -0.690135 0.676559 0.677245 1 0 1.0
0 3.758659 3.568659 -6.402475 0.217777 0.690135 -0.690135 0.676559 0.642359 1 0 1.0
bag_fabric
0 3.400000 3.960000 -5.850000 0.249293 0.931786 -0.263873 0.612000 -1.053000 1 0 1.0
0 3.774508 3.859803 -5.850000 0.249293 0.931786 -0.263873 0.679411 -1.053000 1 0 1.0
0 3.758659 3.762475 -6.208659 0.249293 0.931786 -0.263873 0.676559 -1.117559 1 0 1.0
bag_fabric
0 3.400000 3.960000 -5.850000 0.263873 0.931786 -0.249293 0.612000 -1.053000 1 0 1.0
0 3.758659 3.762475 -6.208659 0.263873 0.931786 -0.249293 0.676559 -1.117559 1 0 1.0
0 3.400000 3.859803 -6.224508 0.263873 0.931786 -0.249293 0.612000 -1.120412 1 0 1.0
bag_fabric
0 3.774508 3.859803 -5.850000 0.690135 0.690135 -0.217778 0.694765 -1.053000 1 0 1.0
0 4.049803 3.584508 -5.850000 0.690135 0.690135 -0.217778 0.645211 -1.053000 1 0 1.0
0 3.952475 3.568659 -6.208659 0.690135 0.690135 -0.217778 0.642359 -1.117559 1 0 1.0
bag_fabric
0 3.774508 3.859803 -5.850000 0.690135 0.690135 -0.217778 0.694765 -1.053000 1 0 1.0
0 3.952475 3.568659 -6.208659 0.690135 0.690135 -0.217778 0.642359 -1.117559 1 0 1.0
0 3.758659 3.762475 -6.208659 0.690135 0.690135 -0.217778 0.677245 -1.117559 1 0 1.0
bag_fabric
0 4.150000 3.210000 -5.850000 0.931785 0.263873 -0.249292 0.577800 -1.053000 1 0 1.0
0 4.049803 3.210000 -6.224508 0.931785 0.263873 -0.249292 0.577800 -1.120412 1 0 1.0
0 3.952475 3.568659 -6.208659 0.931785 0.263873 -0.249292 0.642359 -1.117559 1 0 1.0
bag_fabric
0 4.150000 3.210000 -5.850000 0.931785 0.249292 -0.263873 0.577800 -1.053000 1 0 1.0
0 3.952475 3.568659 -6.208659 0.931785 0.249292 -0.263873 0.642359 -1.117559 1 0 1.0
0 4.049803 3.584508 -5.850000 0.931785 0.249292 -0.263873 0.645211 -1.053000 1 0 1.0
bag_fabric
0 4.049803 3.210000 -6.224508 0.690135 0.217778 -0.690135 0.728965 0.577800 1 0 1.0
0 3.774508 3.210000 -6.499803 0.690135 0.217778 -0.690135 0.679411 0.577800 1 0 1.0
0 3.758659 3.568659 -6.402475 0.690135 0.217778 -0.690135 0.676559 0.642359 1 0 1.0
bag_fabric
0 4.049803 3.210000 -6.224508 0.690135 0.217778 -0.690135 0.728965 0.577800 1 0 1.0
0 3.758659 3.568659 -6.402475 0.690135 0.217778 -0.690135 0.676559 0.642359 1 0 1.0
0 3.952475 3.568659 -6.208659 0.690135 0.217778 -0.690135 0.711445 0.642359 1 0 1.0
bag_fabric
0 3.758659 3.568659 -6.402475 0.577350 0.577350 -0.577350 0.642359 -1.152445 1 0 1.0
0 3.758659 3.762475 -6.208659 0.577350 0.577350 -0.577350 0.677245 -1.117559 1 0 1.0
0 3.952475 3.568659 -6.208659 0.577350 0.577350 -0.577350 0.642359 -1.117559 1 0 1.0
bag_fabric
0 3.400000 3.210000 -1.200000 0.249293 0.263873 0.931785 0.612000 0.577800 1 0 1.0
0 3.774508 3.210000 -1.300197 0.249293 0.263873 0.931785 0.679411 0.577800 1 0 1.0
0 3.758659 3.568659 -1.397526 0.249293 0.263873 0.931785 0.676559 0.642359 1 0 1.0
bag_fabric
0 3.400000 3.210000 -1.200000 0.263873 0.249293 0.931785 0.612000 0.577800 1 0 1.0
0 3.758659 3.568659 -1.397526 0.263873 0.249293 0.931785 0.676559 0.642359 1 0 1.0
0 3.400000 3.584508 -1.300197 0.263873 0.249293 0.931785 0.612000 0.645211 1 0 1.0
bag_fabric
0 3.774508 3.210000 -1.300197 0.690135 0.217778 0.690135 0.679411 0.577800 1 0 1.0
0 4.049803 3.210000 -1.575492 0.690135 0.217778 0.690135 0.728965 0.577800 1 0 1.0
0 3.952475 3.568659 -1.591341 0.690135 0.217778 0.690135 0.711445 0.642359 1 0 1.0
bag_fabric
0 3.774508 3.210000 -1.300197 0.690135 0.217778 0.690135 0.679411 0.577800 1 0 1.0
0 3.952475 3.568659 -1.591341 0.690135 0.217778 0.690135 0.711445 0.642359 1 0 1.0
0 3.758659 3.568659 -1.397526 0.690135 0.217778 0.690135 0.676559 0.642359 1 0 1.0
bag_fabric
0 4.150000 3.210000 -1.950000 0.931785 0.249292 0.263873 0.577800 -0.351000 1 0 1.0
0 4.049803 3.584508 -1.950000 0.931785 0.249292 0.263873 0.645211 -0.351000 1 0 1.0
0 3.952475 3.568659 -1.591341 0.931785 0.249292 0.263873 0.642359 -0.286441 1 0 1.0
bag_fabric
0 4.150000 3.210000 -1.950000 0.931785 0.263874 0.249292 0.577800 -0.351000 1 0 1.0
0 3.952475 3.568659 -1.591341 0.931785 0.263874 0.249292 0.642359 -0.286441 1 0 1.0
0 4.049803 3.210000 -1.575492 0.931785 0.263874 0.249292 0.577800 -0.283589 1 0 1.0
bag_fabric
0 4.049803 3.584508 -1.950000 0.690135 0.690135 0.217778 0.645211 -0.351000 1 0 1.0
0 3.774508 3.859803 -1.950000 0.690135 0.690135 0.217778 0.694765 -0.351000 1 0 1.0
0 3.758659 3.762475 -1.591341 0.690135 0.690135 0.217778 0.677245 -0.286441 1 0 1.0
bag_fabric
0 4.049803 3.584508 -1.950000 0.690135 0.690135 0.217778 0.645211 -0.351000 1 0 1.0
0 3.758659 3.762475 -1.591341 0.690135 0.690135 0.217778 0.677245 -0.286441 1 0 1.0
0 3.952475 3.568659 -1.591341 0.690135 0.690135 0.217778 0.642359 -0.286441 1 0 1.0
bag_fabric
0 3.400000 3.960000 -1.950000 0.263873 0.931785 0.249293 0.612000 -0.351000 1 0 1.0
0 3.400000 3.859803 -1.575492 0.263873 0.931785 0.249293 0.612000 -0.283589 1 0 1.0
0 3.758659 3.762475 -1.591341 0.263873 0.931785 0.249293 0.676559 -0.286441 1 0 1.0
bag_fabric
0 3.400000 3.960000 -1.950000 0.249293 0.931785 0.263873 0.612000 -0.351000 1 0 1.0
0 3.758659 3.762475 -1.591341 0.249293 0.931785 0.263873 0.676559 -0.286441 1 0 1.0
0 3.774508 3.859803 -1.950000 0.249293 0.931785 0.263873 0.679411 -0.351000 1 0 1.0
bag_fabric
0 3.400000 3.859803 -1.575492 0.217778 0.690135 0.690135 0.612000 0.694765 1 0 1.0
0 3.400000 3.584508 -1.300197 0.217778 0.690135 0.690135 0.612000 0.645211 1 0 1.0
0 3.758659 3.568659 -1.397526 0.217778 0.690135 0.690135 0.676559 0.642359 1 0 1.0
bag_fabric
0 3.400000 3.859803 -1.575492 0.217778 0.690135 0.690135 0.612000 0.694765 1 0 1.0
0 3.758659 3.568659 -1.397526 0.217778 0.690135 0.690135 0.676559 0.642359 1 0 1.0
0 3.758659 3.762475 -1.591341 0.217778 0.690135 0.690135 0.676559 0.677245 1 0 1.0
bag_fabric
0 3.758659 3.568659 -1.397526 0.577350 0.577350 0.577350 0.642359 -0.251555 1 0 1.0
0 3.952475 3.568659 -1.591341 0.577350 0.577350 0.577350 0.642359 -0.286441 1 0 1.0
0 3.758659 3.762475 -1.591341 0.577350 0.577350 0.577350 0.677245 -0.286441 1 0 1.0
bag_fabric
0 3.000000 3.210000 -6.600000 -0.258454 0.000000 -0.966024 0.540000 0.577800 1 0 1.0
0 3.000000 -3.210000 -6.600000 -0.258454 0.000000 -0.966024 0.540000 -0.577800 1 0 1.0
0 2.625492 -3.210000 -6.499803 -0.258454 0.000000 -0.966024 0.472589 -0.577800 1 0 1.0
bag_fabric
0 3.000000 3.210000 -6.600000 -0.258454 0.000000 -0.966024 0.540000 0.577800 1 0 1.0
0 2.625492 -3.210000 -6.499803 -0.258454 0.000000 -0.966024 0.472589 -0.577800 1 0 1.0
0 2.625492 3.210000 -6.499803 -0.258454 0.000000 -0.966024 0.472589 0.577800 1 0 1.0
bag_fabric
0 2.625492 3.210000 -6.499803 -0.707106 0.000000 -0.707107 0.472589 0.577800 1 0 1.0
0 2.625492 -3.210000 -6.499803 -0.707106 0.000000 -0.707107 0.472589 -0.577800 1 0 1.0
0 2.350197 -3.210000 -6.224508 -0.707106 0.000000 -0.707107 0.423035 -0.577800 1 0 1.0
bag_fabric
0 2.625492 3.210000 -6.499803 -0.707106 0.000000 -0.707107 0.472589 0.577800 1 0 1.0
0 2.350197 -3.210000 -6.224508 -0.707106 0.000000 -0.707107 0.423035 -0.577800 1 0 1.0
0 2.350197 3.210000 -6.224508 -0.707106 0.000000 -0.707107 0.423035 0.577800 1 0 1.0
bag_fabric
0 2.350197 3.210000 -6.224508 -0.966024 0.000000 -0.258453 0.577800 -1.120412 1 0 1.0
0 2.350197 -3.210000 -6.224508 -0.966024 0.000000 -0.258453 -0.577800 -1.120412 1 0 1.0
0 2.250000 -3.210000 -5.850000 -0.966024 0.000000 -0.258453 -0.577800 -1.053000 1 0 1.0
bag_fabric
0 2.350197 3.210000 -6.224508 -0.966024 0.000000 -0.258453 0.577800 -1.120412 1 0 1.0
0 2.250000 -3.210000 -5.850000 -0.966024 0.000000 -0.258453 -0.577800 -1.053000 1 0 1.0
0 2.250000 3.210000 -5.850000 -0.966024 0.000000 -0.258453 0.577800 -1.053000 1 0 1.0
bag_fabric
0 3.000000 -3.960000 -5.850000 -0.258453 -0.966024 0.000000 0.540000 -1.053000 1 0 1.0
0 3.000000 -3.960000 -1.950000 -0.258453 -0.966024 0.000000 0.540000 -0.351000 1 0 1.0
0 2.625492 -3.859803 -1.950000 -0.258453 -0.966024 0.000000 0.472589 -0.351000 1 0 1.0
bag_fabric
0 3.000000 -3.960000 -5.850000 -0.258453 -0.966024 0.000000 0.540000 -1.053000 1 0 1.0
0 2.625492 -3.859803 -1.950000 -0.258453 -0.966024 0.000000 0.472589 -0.351000 1 0 1.0
0 2.625492 -3.859803 -5.850000 -0.258453 -0.966024 0.000000 0.472589 -1.053000 1 0 1.0
bag_fabric
0 2.625492 -3.859803 -5.850000 -0.707107 -0.707107 0.000000 -0.694765 -1.053000 1 0 1.0
0 2.625492 -3.859803 -1.950000 -0.707107 -0.707107 0.000000 -0.694765 -0.351000 1 0 1.0
0 2.350197 -3.584508 -1.950000 -0.707107 -0.707107 0.000000 -0.645211 -0.351000 1 0 1.0
bag_fabric
0 2.625492 -3.859803 -5.850000 -0.707107 -0.707107 0.000000 -0.694765 -1.053000 1 0 1.0
0 2.350197 -3.584508 -1.950000 -0.707107 -0.707107 0.000000 -0.645211 -0.351000 1 0 1.0
0 2.350197 -3.584508 -5.850000 -0.707107 -0.707107 0.000000 -0.645211 -1.053000 1 0 1.0
bag_fabric
0 2.350197 -3.584508 -5.850000 -0.966024 -0.258453 0.000000 -0.645211 -1.053000 1 0 1.0
0 2.350197 -3.584508 -1.950000 -0.966024 -0.258453 0.000000 -0.645211 -0.351000 1 0 1.0
0 2.250000 -3.210000 -1.950000 -0.966024 -0.258453 0.000000 -0.577800 -0.351000 1 0 1.0
bag_fabric
0 2.350197 -3.584508 -5.850000 -0.966024 -0.258453 0.000000 -0.645211 -1.053000 1 0 1.0
0 2.250000 -3.210000 -1.950000 -0.966024 -0.258453 0.000000 -0.577800 -0.351000 1 0 1.0
0 2.250000 -3.210000 -5.850000 -0.966024 -0.258453 0.000000 -0.577800 -1.053000 1 0 1.0
bag_fabric
0 3.000000 -3.210000 -1.200000 -0.258454 0.000000 0.966024 0.540000 -0.577800 1 0 1.0
0 3.000000 3.210000 -1.200000 -0.258454 0.000000 0.966024 0.540000 0.577800 1 0 1.0
0 2.625492 3.210000 -1.300197 -0.258454 0.000000 0.966024 0.472589 0.577800 1 0 1.0
bag_fabric
0 3.000000 -3.210000 -1.200000 -0.258454 0.000000 0.966024 0.540000 -0.577800 1 0 1.0
0 2.625492 3.210000 -1.300197 -0.258454 0.000000 0.966024 0.472589 0.577800 1 0 1.0
0 2.625492 -3.210000 -1.300197 -0.258454 0.000000 0.966024 0.472589 -0.577800 1 0 1.0
bag_fabric
0 2.625492 -3.210000 -1.300197 -0.707106 0.000000 0.707107 0.472589 -0.577800 1 0 1.0
0 2.625492 3.210000 -1.300197 -0.707106 0.000000 0.707107 0.472589 0.577800 1 0 1.0
0 2.350197 3.210000 -1.575492 -0.707106 0.000000 0.707107 0.423035 0.577800 1 0 1.0
bag_fabric
0 2.625492 -3.210000 -1.300197 -0.707106 0.000000 0.707107 0.472589 -0.577800 1 0 1.0
0 2.350197 3.210000 -1.575492 -0.707106 0.000000 0.707107 0.423035 0.577800 1 0 1.0
0 2.350197 -3.210000 -1.575492 -0.707106 0.000000 0.707107 0.423035 -0.577800 1 0 1.0
bag_fabric
0 2.350197 -3.210000 -1.575492 -0.966024 0.000000 0.258453 -0.577800 -0.283589 1 0 1.0
0 2.350197 3.210000 -1.575492 -0.966024 0.000000 0.258453 0.577800 -0.283589 1 0 1.0
0 2.250000 3.210000 -1.950000 -0.966024 0.000000 0.258453 0.577800 -0.351000 1 0 1.0
bag_fabric
0 2.350197 -3.210000 -1.575492 -0.966024 0.000000 0.258453 -0.577800 -0.283589 1 0 1.0
0 2.250000 3.210000 -1.950000 -0.966024 0.000000 0.258453 0.577800 -0.351000 1 0 1.0
0 2.250000 -3.210000 -1.950000 -0.966024 0.000000 0.258453 -0.577800 -0.351000 1 0 1.0
bag_fabric
0 3.000000 3.960000 -1.950000 -0.258453 0.966024 0.000000 0.540000 -0.351000 1 0 1.0
0 3.000000 3.960000 -5.850000 -0.258453 0.966024 0.000000 0.540000 -1.053000 1 0 1.0
0 2.625492 3.859803 -5.850000 -0.258453 0.966024 0.000000 0.472589 -1.053000 1 0 1.0
bag_fabric
0 3.000000 3.960000 -1.950000 -0.258453 0.966024 0.000000 0.540000 -0.351000 1 0 1.0
0 2.625492 3.859803 -5.850000 -0.258453 0.966024 0.000000 0.472589 -1.053000 1 0 1.0
0 2.625492 3.859803 -1.950000 -0.258453 0.966024 0.000000 0.472589 -0.351000 1 0 1.0
bag_fabric
0 2.625492 3.859803 -1.950000 -0.707107 0.707107 0.000000 0.694765 -0.351000 1 0 1.0
0 2.625492 3.859803 -5.850000 -0.707107 0.707107 0.000000 0.694765 -1.053000 1 0 1.0
0 2.350197 3.584508 -5.850000 -0.707107 0.707107 0.000000 0.645211 -1.053000 1 0 1.0
bag_fabric
0 2.625492 3.859803 -1.950000 -0.707107 0.707107 0.000000 0.694765 -0.351000 1 0 1.0
0 2.350197 3.584508 -5.850000 -0.707107 0.707107 0.000000 0.645211 -1.053000 1 0 1.0
0 2.350197 3.584508 -1.950000 -0.707107 0.707107 0.000000 0.645211 -0.351000 1 0 1.0
bag_fabric
0 2.350197 3.584508 -1.950000 -0.966024 0.258453 0.000000 0.645211 -0.351000 1 0 1.0
0 2.350197 3.584508 -5.850000 -0.966024 0.258453 0.000000 0.645211 -1.053000 1 0 1.0
0 2.250000 3.210000 -5.850000 -0.966024 0.258453 0.000000 0.577800 -1.053000 1 0 1.0
bag_fabric
0 2.350197 3.584508 -1.950000 -0.966024 0.258453 0.000000 0.645211 -0.351000 1 0 1.0
0 2.250000 3.210000 -5.850000 -0.966024 0.258453 0.000000 0.577800 -1.053000 1 0 1.0
0 2.250000 3.210000 -1.950000 -0.966024 0.258453 0.000000 0.577800 -0.351000 1 0 1.0
bag_fabric
0 3.400000 3.210000 -6.600000 0.000000 0.258454 -0.966024 0.612000 0.577800 1 0 1.0
0 3.000000 3.210000 -6.600000 0.000000 0.258454 -0.966024 0.540000 0.577800 1 0 1.0
0 3.000000 3.584508 -6.499803 0.000000 0.258454 -0.966024 0.540000 0.645211 1 0 1.0
bag_fabric
0 3.400000 3.210000 -6.600000 0.000000 0.258454 -0.966024 0.612000 0.577800 1 0 1.0
0 3.000000 3.584508 -6.499803 0.000000 0.258454 -0.966024 0.540000 0.645211 1 0 1.0
0 3.400000 3.584508 -6.499803 0.000000 0.258454 -0.966024 0.612000 0.645211 1 0 1.0
bag_fabric
0 3.400000 3.584508 -6.499803 0.000000 0.707106 -0.707107 0.612000 0.645211 1 0 1.0
0 3.000000 3.584508 -6.499803 0.000000 0.707106 -0.707107 0.540000 0.645211 1 0 1.0
0 3.000000 3.859803 -6.224508 0.000000 0.707106 -0.707107 0.540000 0.694765 1 0 1.0
bag_fabric
0 3.400000 3.584508 -6.499803 0.000000 0.707106 -0.707107 0.612000 0.645211 1 0 1.0
0 3.000000 3.859803 -6.224508 0.000000 0.707106 -0.707107 0.540000 0.694765 1 0 1.0
0 3.400000 3.859803 -6.224508 0.000000 0.707106 -0.707107 0.612000 0.694765 1 0 1.0
bag_fabric
0 3.400000 3.859803 -6.224508 0.000000 0.966024 -0.258453 0.612000 -1.120412 1 0 1.0
0 3.000000 3.859803 -6.224508 0.000000 0.966024 -0.258453 0.540000 -1.120412 1 0 1.0
0 3.000000 3.960000 -5.850000 0.000000 0.966024 -0.258453 0.540000 -1.053000 1 0 1.0
bag_fabric
0 3.400000 3.859803 -6.224508 0.000000 0.966024 -0.258453 0.612000 -1.120412 1 0 1.0
0 3.000000 3.960000 -5.850000 0.000000 0.966024 -0.258453 0.540000 -1.053000 1 0 1.0
0 3.400000 3.960000 -5.850000 0.000000 0.966024 -0.258453 0.612000 -1.053000 1 0 1.0
bag_fabric
0 3.000000 3.210000 -1.200000 0.000000 0.258454 0.966024 0.540000 0.577800 1 0 1.0
0 3.400000 3.210000 -1.200000 0.000000 0.258454 0.966024 0.612000 0.577800 1 0 1.0
0 3.400000 3.584508 -1.300197 0.000000 0.258454 0.966024 0.612000 0.645211 1 0 1.0
bag_fabric
0 3.000000 3.210000 -1.200000 0.000000 0.258454 0.966024 0.540000 0.577800 1 0 1.0
0 3.400000 3.584508 -1.300197 0.000000 0.258454 0.966024 0.612000 0.645211 1 0 1.0
0 3.000000 3.584508 -1.300197 0.000000 0.258454 0.966024 0.540000 0.645211 1 0 1.0
bag_fabric
0 3.000000 3.584508 -1.300197 0.000000 0.707106 0.707107 0.540000 0.645211 1 0 1.0
0 3.400000 3.584508 -1.300197 0.000000 0.707106 0.707107 0.612000 0.645211 1 0 1.0
0 3.400000 3.859803 -1.575492 0.000000 0.707106 0.707107 0.612000 0.694765 1 0 1.0
bag_fabric
0 3.000000 3.584508 -1.300197 0.000000 0.707106 0.707107 0.540000 0.645211 1 0 1.0
0 3.400000 3.859803 -1.575492 0.000000 0.707106 0.707107 0.612000 0.694765 1 0 1.0
0 3.000000 3.859803 -1.575492 0.000000 0.707106 0.707107 0.540000 0.694765 1 0 1.0
bag_fabric
0 3.000000 3.859803 -1.575492 0.000000 0.966024 0.258453 0.540000 -0.283589 1 0 1.0
0 3.400000 3.859803 -1.575492 0.000000 0.966024 0.258453 0.612000 -0.283589 1 0 1.0
0 3.400000 3.960000 -1.950000 0.000000 0.966024 0.258453 0.612000 -0.351000 1 0 1.0
bag_fabric
0 3.000000 3.859803 -1.575492 0.000000 0.966024 0.258453 0.540000 -0.283589 1 0 1.0
0 3.400000 3.960000 -1.950000 0.000000 0.966024 0.258453 0.612000 -0.351000 1 0 1.0
0 3.000000 3.960000 -1.950000 0.000000 0.966024 0.258453 0.540000 -0.351000 1 0 1.0
bag_fabric
0 4.150000 3.210000 -1.950000 0.966024 0.258453 0.000000 0.577800 -0.351000 1 0 1.0
0 4.150000 3.210000 -5.850000 0.966024 0.258453 0.000000 0.577800 -1.053000 1 0 1.0
0 4.049803 3.584508 -5.850000 0.966024 0.258453 0.000000 0.645211 -1.053000 1 0 1.0
bag_fabric
0 4.150000 3.210000 -1.950000 0.966024 0.258453 0.000000 0.577800 -0.351000 1 0 1.0
0 4.049803 3.584508 -5.850000 0.966024 0.258453 0.000000 0.645211 -1.053000 1 0 1.0
0 4.049803 3.584508 -1.950000 0.966024 0.258453 0.000000 0.645211 -0.351000 1 0 1.0
bag_fabric
0 4.049803 3.584508 -1.950000 0.707107 0.707107 0.000000 0.645211 -0.351000 1 0 1.0
0 4.049803 3.584508 -5.850000 0.707107 0.707107 0.000000 0.645211 -1.053000 1 0 1.0
0 3.774508 3.859803 -5.850000 0.707107 0.707107 0.000000 0.694765 -1.053000 1 0 1.0
bag_fabric
0 4.049803 3.584508 -1.950000 0.707107 0.707107 0.000000 0.645211 -0.351000 1 0 1.0
0 3.774508 3.859803 -5.850000 0.707107 0.707107 0.000000 0.694765 -1.053000 1 0 1.0
0 3.774508 3.859803 -1.950000 0.707107 0.707107 0.000000 0.694765 -0.351000 1 0 1.0
bag_fabric
0 3.774508 3.859803 -1.950000 0.258453 0.966024 0.000000 0.679411 -0.351000 1 0 1.0
0 3.774508 3.859803 -5.850000 0.258453 0.966024 0.000000 0.679411 -1.053000 1 0 1.0
0 3.400000 3.960000 -5.850000 0.258453 0.966024 0.000000 0.612000 -1.053000 1 0 1.0
bag_fabric
0 3.774508 3.859803 -1.950000 0.258453 0.966024 0.000000 0.679411 -0.351000 1 0 1.0
0 3.400000 3.960000 -5.850000 0.258453 0.966024 0.000000 0.612000 -1.053000 1 0 1.0
0 3.400000 3.960000 -1.950000 0.258453 0.966024 0.000000 0.612000 -0.351000 1 0 1.0
bag_fabric
0 3.400000 -3.210000 -6.600000 0.258454 0.000000 -0.966024 0.612000 -0.577800 1 0 1.0
0 3.400000 3.210000 -6.600000 0.258454 0.000000 -0.966024 0.612000 0.577800 1 0 1.0
0 3.774508 3.210000 -6.499803 0.258454 0.000000 -0.966024 0.679411 0.577800 1 0 1.0
bag_fabric
0 3.400000 -3.210000 -6.600000 0.258454 0.000000 -0.966024 0.612000 -0.577800 1 0 1.0
0 3.774508 3.210000 -6.499803 0.258454 0.000000 -0.966024 0.679411 0.577800 1 0 1.0
0 3.774508 -3.210000 -6.499803 0.258454 0.000000 -0.966024 0.679411 -0.577800 1 0 1.0
bag_fabric
0 3.774508 -3.210000 -6.499803 0.707106 0.000000 -0.707107 0.679411 -0.577800 1 0 1.0
0 3.774508 3.210000 -6.499803 0.707106 0.000000 -0.707107 0.679411 0.577800 1 0 1.0
0 4.049803 3.210000 -6.224508 0.707106 0.000000 -0.707107 0.728965 0.577800 1 0 1.0
bag_fabric
0 3.774508 -3.210000 -6.499803 0.707106 0.000000 -0.707107 0.679411 -0.577800 1 0 1.0
0 4.049803 3.210000 -6.224508 0.707106 0.000000 -0.707107 0.728965 0.577800 1 0 1.0
0 4.049803 -3.210000 -6.224508 0.707106 0.000000 -0.707107 0.728965 -0.577800 1 0 1.0
bag_fabric
0 4.049803 -3.210000 -6.224508 0.966024 0.000000 -0.258453 -0.577800 -1.120412 1 0 1.0
0 4.049803 3.210000 -6.224508 0.966024 0.000000 -0.258453 0.577800 -1.120412 1 0 1.0
0 4.150000 3.210000 -5.850000 0.966024 0.000000 -0.258453 0.577800 -1.053000 1 0 1.0
bag_fabric
0 4.049803 -3.210000 -6.224508 0.966024 0.000000 -0.258453 -0.577800 -1.120412 1 0 1.0
0 4.150000 3.210000 -5.850000 0.966024 0.000000 -0.258453 0.577800 -1.053000 1 0 1.0
0 4.150000 -3.210000 -5.850000 0.966024 0.000000 -0.258453 -0.577800 -1.053000 1 0 1.0
bag_fabric
0 3.400000 3.210000 -1.200000 0.258454 0.000000 0.966024 0.612000 0.577800 1 0 1.0
0 3.400000 -3.210000 -1.200000 0.258454 0.000000 0.966024 0.612000 -0.577800 1 0 1.0
0 3.774508 -3.210000 -1.300197 0.258454 0.000000 0.966024 0.679411 -0.577800 1 0 1.0
bag_fabric
0 3.400000 3.210000 -1.200000 0.258454 0.000000 0.966024 0.612000 0.577800 1 0 1.0
0 3.774508 -3.210000 -1.300197 0.258454 0.000000 0.966024 0.679411 -0.577800 1 0 1.0
0 3.774508 3.210000 -1.300197 0.258454 0.000000 0.966024 0.679411 0.577800 1 0 1.0
bag_fabric
0 3.774508 3.210000 -1.300197 0.707106 0.000000 0.707107 0.679411 0.577800 1 0 1.0
0 3.774508 -3.210000 -1.300197 0.707106 0.000000 0.707107 0.679411 -0.577800 1 0 1.0
0 4.049803 -3.210000 -1.575492 0.707106 0.000000 0.707107 0.728965 -0.577800 1 0 1.0
bag_fabric
0 3.774508 3.210000 -1.300197 0.707106 0.000000 0.707107 0.679411 0.577800 1 0 1.0
0 4.049803 -3.210000 -1.575492 0.707106 0.000000 0.707107 0.728965 -0.577800 1 0 1.0
0 4.049803 3.210000 -1.575492 0.707106 0.000000 0.707107 0.728965 0.577800 1 0 1.0
bag_fabric
0 4.049803 3.210000 -1.575492 0.966024 0.000000 0.258453 0.577800 -0.283589 1 0 1.0
0 4.049803 -3.210000 -1.575492 0.966024 0.000000 0.258453 -0.577800 -0.283589 1 0 1.0
0 4.150000 -3.210000 -1.950000 0.966024 0.000000 0.258453 -0.577800 -0.351000 1 0 1.0
bag_fabric
0 4.049803 3.210000 -1.575492 0.966024 0.000000 0.258453 0.577800 -0.283589 1 0 1.0
0 4.150000 -3.210000 -1.950000 0.966024 0.000000 0.258453 -0.577800 -0.351000 1 0 1.0
0 4.150000 3.210000 -1.950000 0.966024 0.000000 0.258453 0.577800 -0.351000 1 0 1.0
bag_fabric
0 3.400000 -3.960000 -1.950000 0.258453 -0.966024 0.000000 0.612000 -0.351000 1 0 1.0
0 3.400000 -3.960000 -5.850000 0.258453 -0.966024 0.000000 0.612000 -1.053000 1 0 1.0
0 3.774508 -3.859803 -5.850000 0.258453 -0.966024 0.000000 0.679411 -1.053000 1 0 1.0
bag_fabric
0 3.400000 -3.960000 -1.950000 0.258453 -0.966024 0.000000 0.612000 -0.351000 1 0 1.0
0 3.774508 -3.859803 -5.850000 0.258453 -0.966024 0.000000 0.679411 -1.053000 1 0 1.0
0 3.774508 -3.859803 -1.950000 0.258453 -0.966024 0.000000 0.679411 -0.351000 1 0 1.0
bag_fabric
0 3.774508 -3.859803 -1.950000 0.707107 -0.707107 0.000000 -0.694765 -0.351000 1 0 1.0
0 3.774508 -3.859803 -5.850000 0.707107 -0.707107 0.000000 -0.694765 -1.053000 1 0 1.0
0 4.049803 -3.584508 -5.850000 0.707107 -0.707107 0.000000 -0.645211 -1.053000 1 0 1.0
bag_fabric
0 3.774508 -3.859803 -1.950000 0.707107 -0.707107 0.000000 -0.694765 -0.351000 1 0 1.0
0 4.049803 -3.584508 -5.850000 0.707107 -0.707107 0.000000 -0.645211 -1.053000 1 0 1.0
0 4.049803 -3.584508 -1.950000 0.707107 -0.707107 0.000000 -0.645211 -0.351000 1 0 1.0
bag_fabric
0 4.049803 -3.584508 -1.950000 0.966024 -0.258453 0.000000 -0.645211 -0.351000 1 0 1.0
0 4.049803 -3.584508 -5.850000 0.966024 -0.258453 0.000000 -0.645211 -1.053000 1 0 1.0
0 4.150000 -3.210000 -5.850000 0.966024 -0.258453 0.000000 -0.577800 -1.053000 1 0 1.0
bag_fabric
0 4.049803 -3.584508 -1.950000 0.966024 -0.258453 0.000000 -0.645211 -0.351000 1 0 1.0
0 4.150000 -3.210000 -5.850000 0.966024 -0.258453 0.000000 -0.577800 -1.053000 1 0 1.0
0 4.150000 -3.210000 -1.950000 0.966024 -0.258453 0.000000 -0.577800 -0.351000 1 0 1.0
bag_fabric
0 3.000000 -3.210000 -6.600000 0.000000 -0.258454 -0.966024 0.540000 -0.577800 1 0 1.0
0 3.400000 -3.210000 -6.600000 0.000000 -0.258454 -0.966024 0.612000 -0.577800 1 0 1.0
0 3.400000 -3.584508 -6.499803 0.000000 -0.258454 -0.966024 0.612000 -0.645211 1 0 1.0
bag_fabric
0 3.000000 -3.210000 -6.600000 0.000000 -0.258454 -0.966024 0.540000 -0.577800 1 0 1.0
0 3.400000 -3.584508 -6.499803 0.000000 -0.258454 -0.966024 0.612000 -0.645211 1 0 1.0
0 3.000000 -3.584508 -6.499803 0.000000 -0.258454 -0.966024 0.540000 -0.645211 1 0 1.0
bag_fabric
0 3.000000 -3.584508 -6.499803 0.000000 -0.707106 -0.707107 0.540000 -0.645211 1 0 1.0
0 3.400000 -3.584508 -6.499803 0.000000 -0.707106 -0.707107 0.612000 -0.645211 1 0 1.0
0 3.400000 -3.859803 -6.224508 0.000000 -0.707106 -0.707107 0.612000 -0.694765 1 0 1.0
bag_fabric
0 3.000000 -3.584508 -6.499803 0.000000 -0.707106 -0.707107 0.540000 -0.645211 1 0 1.0
0 3.400000 -3.859803 -6.224508 0.000000 -0.707106 -0.707107 0.612000 -0.694765 1 0 1.0
0 3.000000 -3.859803 -6.224508 0.000000 -0.707106 -0.707107 0.540000 -0.694765 1 0 1.0
bag_fabric
0 3.000000 -3.859803 -6.224508 0.000000 -0.966024 -0.258453 0.540000 -1.120412 1 0 1.0
0 3.400000 -3.859803 -6.224508 0.000000 -0.966024 -0.258453 0.612000 -1.120412 1 0 1.0
0 3.400000 -3.960000 -5.850000 0.000000 -0.966024 -0.258453 0.612000 -1.053000 1 0 1.0
bag_fabric
0 3.000000 -3.859803 -6.224508 0.000000 -0.966024 -0.258453 0.540000 -1.120412 1 0 1.0
0 3.400000 -3.960000 -5.850000 0.000000 -0.966024 -0.258453 0.612000 -1.053000 1 0 1.0
0 3.000000 -3.960000 -5.850000 0.000000 -0.966024 -0.258453 0.540000 -1.053000 1 0 1.0
bag_fabric
0 3.400000 -3.210000 -1.200000 0.000000 -0.258454 0.966024 0.612000 -0.577800 1 0 1.0
0 3.000000 -3.210000 -1.200000 0.000000 -0.258454 0.966024 0.540000 -0.577800 1 0 1.0
0 3.000000 -3.584508 -1.300197 0.000000 -0.258454 0.966024 0.540000 -0.645211 1 0 1.0
bag_fabric
0 3.400000 -3.210000 -1.200000 0.000000 -0.258454 0.966024 0.612000 -0.577800 1 0 1.0
0 3.000000 -3.584508 -1.300197 0.000000 -0.258454 0.966024 0.540000 -0.645211 1 0 1.0
0 3.400000 -3.584508 -1.300197 0.000000 -0.258454 0.966024 0.612000 -0.645211 1 0 1.0
bag_fabric
0 3.400000 -3.584508 -1.300197 0.000000 -0.707106 0.707107 0.612000 -0.645211 1 0 1.0
0 3.000000 -3.584508 -1.300197 0.000000 -0.707106 0.707107 0.540000 -0.645211 1 0 1.0
0 3.000000 -3.859803 -1.575492 0.000000 -0.707106 0.707107 0.540000 -0.694765 1 0 1.0
bag_fabric
0 3.400000 -3.584508 -1.300197 0.000000 -0.707106 0.707107 0.612000 -0.645211 1 0 1.0
0 3.000000 -3.859803 -1.575492 0.000000 -0.707106 0.707107 0.540000 -0.694765 1 0 1.0
0 3.400000 -3.859803 -1.575492 0.000000 -0.707106 0.707107 0.612000 -0.694765 1 0 1.0
bag_fabric
0 3.400000 -3.859803 -1.575492 0.000000 -0.966024 0.258453 0.612000 -0.283589 1 0 1.0
0 3.000000 -3.859803 -1.575492 0.000000 -0.966024 0.258453 0.540000 -0.283589 1 0 1.0
0 3.000000 -3.960000 -1.950000 0.000000 -0.966024 0.258453 0.540000 -0.351000 1 0 1.0
bag_fabric
0 3.400000 -3.859803 -1.575492 0.000000 -0.966024 0.258453 0.612000 -0.283589 1 0 1.0
0 3.000000 -3.960000 -1.950000 0.000000 -0.966024 0.258453 0.540000 -0.351000 1 0 1.0
0 3.400000 -3.960000 -1.950000 0.000000 -0.966024 0.258453 0.612000 -0.351000 1 0 1.0
bag_fabric
0 3.000000 3.210000 -6.600000 0.000000 0.000000 -1.000000 0.540000 0.577800 1 0 1.0
0 3.400000 3.210000 -6.600000 0.000000 0.000000 -1.000000 0.612000 0.577800 1 0 1.0
0 3.400000 -3.210000 -6.600000 0.000000 0.000000 -1.000000 0.612000 -0.577800 1 0 1.0
bag_fabric
0 3.000000 3.210000 -6.600000 0.000000 0.000000 -1.000000 0.540000 0.577800 1 0 1.0
0 3.400000 -3.210000 -6.600000 0.000000 0.000000 -1.000000 0.612000 -0.577800 1 0 1.0
0 3.000000 -3.210000 -6.600000 0.000000 0.000000 -1.000000 0.540000 -0.577800 1 0 1.0
bag_fabric
0 2.250000 -3.210000 -5.850000 -1.000000 0.000000 0.000000 -0.577800 -1.053000 1 0 1.0
0 2.250000 -3.210000 -1.950000 -1.000000 0.000000 0.000000 -0.577800 -0.351000 1 0 1.0
0 2.250000 3.210000 -1.950000 -1.000000 0.000000 0.000000 0.577800 -0.351000 1 0 1.0
bag_fabric
0 2.250000 -3.210000 -5.850000 -1.000000 0.000000 0.000000 -0.577800 -1.053000 1 0 1.0
0 2.250000 3.210000 -1.950000 -1.000000 0.000000 0.000000 0.577800 -0.351000 1 0 1.0
0 2.250000 3.210000 -5.850000 -1.000000 0.000000 0.000000 0.577800 -1.053000 1 0 1.0
bag_fabric
0 3.400000 -3.960000 -5.850000 0.000000 -1.000000 0.000000 0.612000 -1.053000 1 0 1.0
0 3.400000 -3.960000 -1.950000 0.000000 -1.000000 0.000000 0.612000 -0.351000 1 0 1.0
0 3.000000 -3.960000 -1.950000 0.000000 -1.000000 0.000000 0.540000 -0.351000 1 0 1.0
bag_fabric
0 3.400000 -3.960000 -5.850000 0.000000 -1.000000 0.000000 0.612000 -1.053000 1 0 1.0
0 3.000000 -3.960000 -1.950000 0.000000 -1.000000 0.000000 0.540000 -0.351000 1 0 1.0
0 3.000000 -3.960000 -5.850000 0.000000 -1.000000 0.000000 0.540000 -1.053000 1 0 1.0
bag_fabric
0 3.400000 3.210000 -1.200000 0.000000 0.000000 1.000000 0.612000 0.577800 1 0 1.0
0 3.000000 3.210000 -1.200000 0.000000 0.000000 1.000000 0.540000 0.577800 1 0 1.0
0 3.000000 -3.210000 -1.200000 0.000000 0.000000 1.000000 0.540000 -0.577800 1 0 1.0
bag_fabric
0 3.400000 3.210000 -1.200000 0.000000 0.000000 1.000000 0.612000 0.577800 1 0 1.0
0 3.000000 -3.210000 -1.200000 0.000000 0.000000 1.000000 0.540000 -0.577800 1 0 1.0
0 3.400000 -3.210000 -1.200000 0.000000 0.000000 1.000000 0.612000 -0.577800 1 0 1.0
bag_fabric
0 3.000000 3.960000 -5.850000 0.000000 1.000000 0.000000 0.540000 -1.053000 1 0 1.0
0 3.000000 3.960000 -1.950000 0.000000 1.000000 0.000000 0.540000 -0.351000 1 0 1.0
0 3.400000 3.960000 -1.950000 0.000000 1.000000 0.000000 0.612000 -0.351000 1 0 1.0
bag_fabric
0 3.000000 3.960000 -5.850000 0.000000 1.000000 0.000000 0.540000 -1.053000 1 0 1.0
0 3.400000 3.960000 -1.950000 0.000000 1.000000 0.000000 0.612000 -0.351000 1 0 1.0
0 3.400000 3.960000 -5.850000 0.000000 1.000000 0.000000 0.612000 -1.053000 1 0 1.0
bag_fabric
0 4.150000 3.210000 -5.850000 1.000000 0.000000 0.000000 0.577800 -1.053000 1 0 1.0
0 4.150000 3.210000 -1.950000 1.000000 0.000000 0.000000 0.577800 -0.351000 1 0 1.0
0 4.150000 -3.210000 -1.950000 1.000000 0.000000 0.000000 -0.577800 -0.351000 1 0 1.0
bag_fabric
0 4.150000 3.210000 -5.850000 1.000000 0.000000 0.000000 0.577800 -1.053000 1 0 1.0
0 4.150000 -3.210000 -1.950000 1.000000 0.000000 0.000000 -0.577800 -0.351000 1 0 1.0
0 4.150000 -3.210000 -5.850000 1.000000 0.000000 0.000000 -0.577800 -1.053000 1 0 1.0
bag_inner
0 -1.840000 -4.840000 6.875000 -0.577350 -0.577350 -0.577350 -0.871200 1.237500 1 0 1.0
0 -1.840000 -4.900000 6.935000 -0.577350 -0.577350 -0.577350 -0.882000 1.248300 1 0 1.0
0 -1.900000 -4.840000 6.935000 -0.577350 -0.577350 -0.577350 -0.871200 1.248300 1 0 1.0
bag_inner
0 -1.840000 -4.900000 6.965000 -0.577350 -0.577350 0.577350 -0.882000 1.253700 1 0 1.0
0 -1.840000 -4.840000 7.025000 -0.577350 -0.577350 0.577350 -0.871200 1.264500 1 0 1.0
0 -1.900000 -4.840000 6.965000 -0.577350 -0.577350 0.577350 -0.871200 1.253700 1 0 1.0
bag_inner
0 -1.840000 4.840000 6.875000 -0.577350 0.577350 -0.577350 0.871200 1.237500 1 0 1.0
0 -1.900000 4.840000 6.935000 -0.577350 0.577350 -0.577350 0.871200 1.248300 1 0 1.0
0 -1.840000 4.900000 6.935000 -0.577350 0.577350 -0.577350 0.882000 1.248300 1 0 1.0
bag_inner
0 -1.840000 4.840000 7.025000 -0.577350 0.577350 0.577350 0.871200 1.264500 1 0 1.0
0 -1.840000 4.900000 6.965000 -0.577350 0.577350 0.577350 0.882000 1.253700 1 0 1.0
0 -1.900000 4.840000 6.965000 -0.577350 0.577350 0.577350 0.871200 1.253700 1 0 1.0
bag_inner
0 1.840000 -4.840000 6.875000 0.577350 -0.577350 -0.577350 -0.871200 1.237500 1 0 1.0
0 1.900000 -4.840000 6.935000 0.577350 -0.577350 -0.577350 -0.871200 1.248300 1 0 1.0
0 1.840000 -4.900000 6.935000 0.577350 -0.577350 -0.577350 -0.882000 1.248300 1 0 1.0
bag_inner
0 1.840000 -4.840000 7.025000 0.577350 -0.577350 0.577350 -0.871200 1.264500 1 0 1.0
0 1.840000 -4.900000 6.965000 0.577350 -0.577350 0.577350 -0.882000 1.253700 1 0 1.0
0 1.900000 -4.840000 6.965000 0.577350 -0.577350 0.577350 -0.871200 1.253700 1 0 1.0
bag_inner
0 1.840000 4.840000 6.875000 0.577350 0.577350 -0.577350 0.871200 1.237500 1 0 1.0
0 1.840000 4.900000 6.935000 0.577350 0.577350 -0.577350 0.882000 1.248300 1 0 1.0
0 1.900000 4.840000 6.935000 0.577350 0.577350 -0.577350 0.871200 1.248300 1 0 1.0
bag_inner
0 1.840000 4.840000 7.025000 0.577350 0.577350 0.577350 0.871200 1.264500 1 0 1.0
0 1.900000 4.840000 6.965000 0.577350 0.577350 0.577350 0.871200 1.253700 1 0 1.0
0 1.840000 4.900000 6.965000 0.577350 0.577350 0.577350 0.882000 1.253700 1 0 1.0
bag_inner
0 -1.840000 4.840000 6.875000 -0.707107 0.000000 -0.707107 0.871200 1.237500 1 0 1.0
0 -1.840000 -4.840000 6.875000 -0.707107 0.000000 -0.707107 -0.871200 1.237500 1 0 1.0
0 -1.900000 -4.840000 6.935000 -0.707107 0.000000 -0.707107 -0.871200 1.248300 1 0 1.0
bag_inner
0 -1.840000 4.840000 6.875000 -0.707107 0.000000 -0.707107 0.871200 1.237500 1 0 1.0
0 -1.900000 -4.840000 6.935000 -0.707107 0.000000 -0.707107 -0.871200 1.248300 1 0 1.0
0 -1.900000 4.840000 6.935000 -0.707107 0.000000 -0.707107 0.871200 1.248300 1 0 1.0
bag_inner
0 -1.840000 -4.900000 6.935000 -0.707107 -0.707107 0.000000 -0.882000 1.248300 1 0 1.0
0 -1.840000 -4.900000 6.965000 -0.707107 -0.707107 0.000000 -0.882000 1.253700 1 0 1.0
0 -1.900000 -4.840000 6.965000 -0.707107 -0.707107 0.000000 -0.871200 1.253700 1 0 1.0
bag_inner
0 -1.840000 -4.900000 6.935000 -0.707107 -0.707107 0.000000 -0.882000 1.248300 1 0 1.0
0 -1.900000 -4.840000 6.965000 -0.707107 -0.707107 0.000000 -0.871200 1.253700 1 0 1.0
0 -1.900000 -4.840000 6.935000 -0.707107 -0.707107 0.000000 -0.871200 1.248300 1 0 1.0
bag_inner
0 -1.840000 -4.840000 7.025000 -0.707107 0.000000 0.707107 -0.871200 1.264500 1 0 1.0
0 -1.840000 4.840000 7.025000 -0.707107 0.000000 0.707107 0.871200 1.264500 1 0 1.0
0 -1.900000 4.840000 6.965000 -0.707107 0.000000 0.707107 0.871200 1.253700 1 0 1.0
bag_inner
0 -1.840000 -4.840000 7.025000 -0.707107 0.000000 0.707107 -0.871200 1.264500 1 0 1.0
0 -1.900000 4.840000 6.965000 -0.707107 0.000000 0.707107 0.871200 1.253700 1 0 1.0
0 -1.900000 -4.840000 6.965000 -0.707107 0.000000 0.707107 -0.871200 1.253700 1 0 1.0
bag_inner
0 -1.840000 4.900000 6.965000 -0.707107 0.707107 0.000000 0.882000 1.253700 1 0 1.0
0 -1.840000 4.900000 6.935000 -0.707107 0.707107 0.000000 0.882000 1.248300 1 0 1.0
0 -1.900000 4.840000 6.935000 -0.707107 0.707107 0.000000 0.871200 1.248300 1 0 1.0
bag_inner
0 -1.840000 4.900000 6.965000 -0.707107 0.707107 0.000000 0.882000 1.253700 1 0 1.0
0 -1.900000 4.840000 6.935000 -0.707107 0.707107 0.000000 0.871200 1.248300 1 0 1.0
0 -1.900000 4.840000 6.965000 -0.707107 0.707107 0.000000 0.871200 1.253700 1 0 1.0
bag_inner
0 1.840000 4.840000 6.875000 0.000000 0.707107 -0.707107 0.331200 1.237500 1 0 1.0
0 -1.840000 4.840000 6.875000 0.000000 0.707107 -0.707107 -0.331200 1.237500 1 0 1.0
0 -1.840000 4.900000 6.935000 0.000000 0.707107 -0.707107 -0.331200 1.248300 1 0 1.0
bag_inner
0 1.840000 4.840000 6.875000 0.000000 0.707107 -0.707107 0.331200 1.237500 1 0 1.0
0 -1.840000 4.900000 6.935000 0.000000 0.707107 -0.707107 -0.331200 1.248300 1 0 1.0
0 1.840000 4.900000 6.935000 0.000000 0.707107 -0.707107 0.331200 1.248300 1 0 1.0
bag_inner
0 -1.840000 4.840000 7.025000 0.000000 0.707107 0.707107 -0.331200 1.264500 1 0 1.0
0 1.840000 4.840000 7.025000 0.000000 0.707107 0.707107 0.331200 1.264500 1 0 1.0
0 1.840000 4.900000 6.965000 0.000000 0.707107 0.707107 0.331200 1.253700 1 0 1.0
bag_inner
0 -1.840000 4.840000 7.025000 0.000000 0.707107 0.707107 -0.331200 1.264500 1 0 1.0
0 1.840000 4.900000 6.965000 0.000000 0.707107 0.707107 0.331200 1.253700 1 0 1.0
0 -1.840000 4.900000 6.965000 0.000000 0.707107 0.707107 -0.331200 1.253700 1 0 1.0
bag_inner
0 1.900000 4.840000 6.965000 0.707107 0.707107 0.000000 0.871200 1.253700 1 0 1.0
0 1.900000 4.840000 6.935000 0.707107 0.707107 0.000000 0.871200 1.248300 1 0 1.0
0 1.840000 4.900000 6.935000 0.707107 0.707107 0.000000 0.882000 1.248300 1 0 1.0
bag_inner
0 1.900000 4.840000 6.965000 0.707107 0.707107 0.000000 0.871200 1.253700 1 0 1.0
0 1.840000 4.900000 6.935000 0.707107 0.707107 0.000000 0.882000 1.248300 1 0 1.0
0 1.840000 4.900000 6.965000 0.707107 0.707107 0.000000 0.882000 1.253700 1 0 1.0
bag_inner
0 1.840000 -4.840000 6.875000 0.707107 0.000000 -0.707107 -0.871200 1.237500 1 0 1.0
0 1.840000 4.840000 6.875000 0.707107 0.000000 -0.707107 0.871200 1.237500 1 0 1.0
0 1.900000 4.840000 6.935000 0.707107 0.000000 -0.707107 0.871200 1.248300 1 0 1.0
bag_inner
0 1.840000 -4.840000 6.875000 0.707107 0.000000 -0.707107 -0.871200 1.237500 1 0 1.0
0 1.900000 4.840000 6.935000 0.707107 0.000000 -0.707107 0.871200 1.248300 1 0 1.0
0 1.900000 -4.840000 6.935000 0.707107 0.000000 -0.707107 -0.871200 1.248300 1 0 1.0
bag_inner
0 1.840000 4.840000 7.025000 0.707107 0.000000 0.707107 0.871200 1.264500 1 0 1.0
0 1.840000 -4.840000 7.025000 0.707107 0.000000 0.707107 -0.871200 1.264500 1 0 1.0
0 1.900000 -4.840000 6.965000 0.707107 0.000000 0.707107 -0.871200 1.253700 1 0 1.0
bag_inner
0 1.840000 4.840000 7.025000 0.707107 0.000000 0.707107 0.871200 1.264500 1 0 1.0
0 1.900000 -4.840000 6.965000 0.707107 0.000000 0.707107 -0.871200 1.253700 1 0 1.0
0 1.900000 4.840000 6.965000 0.707107 0.000000 0.707107 0.871200 1.253700 1 0 1.0
bag_inner
0 1.840000 -4.900000 6.965000 0.707107 -0.707107 0.000000 -0.882000 1.253700 1 0 1.0
0 1.840000 -4.900000 6.935000 0.707107 -0.707107 0.000000 -0.882000 1.248300 1 0 1.0
0 1.900000 -4.840000 6.935000 0.707107 -0.707107 0.000000 -0.871200 1.248300 1 0 1.0
bag_inner
0 1.840000 -4.900000 6.965000 0.707107 -0.707107 0.000000 -0.882000 1.253700 1 0 1.0
0 1.900000 -4.840000 6.935000 0.707107 -0.707107 0.000000 -0.871200 1.248300 1 0 1.0
0 1.900000 -4.840000 6.965000 0.707107 -0.707107 0.000000 -0.871200 1.253700 1 0 1.0
bag_inner
0 -1.840000 -4.840000 6.875000 0.000000 -0.707107 -0.707107 -0.331200 1.237500 1 0 1.0
0 1.840000 -4.840000 6.875000 0.000000 -0.707107 -0.707107 0.331200 1.237500 1 0 1.0
0 1.840000 -4.900000 6.935000 0.000000 -0.707107 -0.707107 0.331200 1.248300 1 0 1.0
bag_inner
0 -1.840000 -4.840000 6.875000 0.000000 -0.707107 -0.707107 -0.331200 1.237500 1 0 1.0
0 1.840000 -4.900000 6.935000 0.000000 -0.707107 -0.707107 0.331200 1.248300 1 0 1.0
0 -1.840000 -4.900000 6.935000 0.000000 -0.707107 -0.707107 -0.331200 1.248300 1 0 1.0
bag_inner
0 1.840000 -4.840000 7.025000 0.000000 -0.707107 0.707107 0.331200 1.264500 1 0 1.0
0 -1.840000 -4.840000 7.025000 0.000000 -0.707107 0.707107 -0.331200 1.264500 1 0 1.0
0 -1.840000 -4.900000 6.965000 0.000000 -0.707107 0.707107 -0.331200 1.253700 1 0 1.0
bag_inner
0 1.840000 -4.840000 7.025000 0.000000 -0.707107 0.707107 0.331200 1.264500 1 0 1.0
0 -1.840000 -4.900000 6.965000 0.000000 -0.707107 0.707107 -0.331200 1.253700 1 0 1.0
0 1.840000 -4.900000 6.965000 0.000000 -0.707107 0.707107 0.331200 1.253700 1 0 1.0
bag_inner
0 -1.840000 4.840000 6.875000 0.000000 0.000000 -1.000000 -0.331200 0.871200 1 0 1.0
0 1.840000 4.840000 6.875000 0.000000 0.000000 -1.000000 0.331200 0.871200 1 0 1.0
0 1.840000 -4.840000 6.875000 0.000000 0.000000 -1.000000 0.331200 -0.871200 1 0 1.0
bag_inner
0 -1.840000 4.840000 6.875000 0.000000 0.000000 -1.000000 -0.331200 0.871200 1 0 1.0
0 1.840000 -4.840000 6.875000 0.000000 0.000000 -1.000000 0.331200 -0.871200 1 0 1.0
0 -1.840000 -4.840000 6.875000 0.000000 0.000000 -1.000000 -0.331200 -0.871200 1 0 1.0
bag_inner
0 -1.900000 -4.840000 6.935000 -1.000000 0.000000 0.000000 -0.871200 1.248300 1 0 1.0
0 -1.900000 -4.840000 6.965000 -1.000000 0.000000 0.000000 -0.871200 1.253700 1 0 1.0
0 -1.900000 4.840000 6.965000 -1.000000 0.000000 0.000000 0.871200 1.253700 1 0 1.0
bag_inner
0 -1.900000 -4.840000 6.935000 -1.000000 0.000000 0.000000 -0.871200 1.248300 1 0 1.0
0 -1.900000 4.840000 6.965000 -1.000000 0.000000 0.000000 0.871200 1.253700 1 0 1.0
0 -1.900000 4.840000 6.935000 -1.000000 0.000000 0.000000 0.871200 1.248300 1 0 1.0
bag_inner
0 1.840000 -4.900000 6.935000 0.000000 -1.000000 0.000000 0.331200 1.248300 1 0 1.0
0 1.840000 -4.900000 6.965000 0.000000 -1.000000 0.000000 0.331200 1.253700 1 0 1.0
0 -1.840000 -4.900000 6.965000 0.000000 -1.000000 0.000000 -0.331200 1.253700 1 0 1.0
bag_inner
0 1.840000 -4.900000 6.935000 0.000000 -1.000000 0.000000 0.331200 1.248300 1 0 1.0
0 -1.840000 -4.900000 6.965000 0.000000 -1.000000 0.000000 -0.331200 1.253700 1 0 1.0
0 -1.840000 -4.900000 6.935000 0.000000 -1.000000 0.000000 -0.331200 1.248300 1 0 1.0
bag_inner
0 1.840000 4.840000 7.025000 0.000000 0.000000 1.000000 0.331200 0.871200 1 0 1.0
0 -1.840000 4.840000 7.025000 0.000000 0.000000 1.000000 -0.331200 0.871200 1 0 1.0
0 -1.840000 -4.840000 7.025000 0.000000 0.000000 1.000000 -0.331200 -0.871200 1 0 1.0
bag_inner
0 1.840000 4.840000 7.025000 0.000000 0.000000 1.000000 0.331200 0.871200 1 0 1.0
0 -1.840000 -4.840000 7.025000 0.000000 0.000000 1.000000 -0.331200 -0.871200 1 0 1.0
0 1.840000 -4.840000 7.025000 0.000000 0.000000 1.000000 0.331200 -0.871200 1 0 1.0
bag_inner
0 -1.840000 4.900000 6.935000 0.000000 1.000000 0.000000 -0.331200 1.248300 1 0 1.0
0 -1.840000 4.900000 6.965000 0.000000 1.000000 0.000000 -0.331200 1.253700 1 0 1.0
0 1.840000 4.900000 6.965000 0.000000 1.000000 0.000000 0.331200 1.253700 1 0 1.0
bag_inner
0 -1.840000 4.900000 6.935000 0.000000 1.000000 0.000000 -0.331200 1.248300 1 0 1.0
0 1.840000 4.900000 6.965000 0.000000 1.000000 0.000000 0.331200 1.253700 1 0 1.0
0 1.840000 4.900000 6.935000 0.000000 1.000000 0.000000 0.331200 1.248300 1 0 1.0
bag_inner
0 1.900000 4.840000 6.935000 1.000000 0.000000 0.000000 0.871200 1.248300 1 0 1.0
0 1.900000 4.840000 6.965000 1.000000 0.000000 0.000000 0.871200 1.253700 1 0 1.0
0 1.900000 -4.840000 6.965000 1.000000 0.000000 0.000000 -0.871200 1.253700 1 0 1.0
bag_inner
0 1.900000 4.840000 6.935000 1.000000 0.000000 0.000000 0.871200 1.248300 1 0 1.0
0 1.900000 -4.840000 6.965000 1.000000 0.000000 0.000000 -0.871200 1.253700 1 0 1.0
0 1.900000 -4.840000 6.935000 1.000000 0.000000 0.000000 -0.871200 1.248300 1 0 1.0
bag_metal
0 4.105000 -3.220000 -2.240000 -0.577350 -0.577350 -0.577350 -0.579600 -0.403200 1 0 1.0
0 4.105000 -3.300000 -2.160000 -0.577350 -0.577350 -0.577350 -0.594000 -0.388800 1 0 1.0
0 4.025000 -3.220000 -2.160000 -0.577350 -0.577350 -0.577350 -0.579600 -0.388800 1 0 1.0
bag_metal
0 4.105000 -3.300000 -2.040000 -0.577351 -0.577351 0.577350 -0.594000 -0.367200 1 0 1.0
0 4.105000 -3.220000 -1.960000 -0.577351 -0.577351 0.577350 -0.579600 -0.352800 1 0 1.0
0 4.025000 -3.220000 -2.040000 -0.577351 -0.577351 0.577350 -0.579600 -0.367200 1 0 1.0
bag_metal
0 4.105000 3.220000 -2.240000 -0.577350 0.577350 -0.577350 0.579600 -0.403200 1 0 1.0
0 4.025000 3.220000 -2.160000 -0.577350 0.577350 -0.577350 0.579600 -0.388800 1 0 1.0
0 4.105000 3.300000 -2.160000 -0.577350 0.577350 -0.577350 0.594000 -0.388800 1 0 1.0
bag_metal
0 4.105000 3.220000 -1.960000 -0.577351 0.577351 0.577350 0.579600 -0.352800 1 0 1.0
0 4.105000 3.300000 -2.040000 -0.577351 0.577351 0.577350 0.594000 -0.367200 1 0 1.0
0 4.025000 3.220000 -2.040000 -0.577351 0.577351 0.577350 0.579600 -0.367200 1 0 1.0
bag_metal
0 4.195000 -3.220000 -2.240000 0.577350 -0.577350 -0.577350 -0.579600 -0.403200 1 0 1.0
0 4.275000 -3.220000 -2.160000 0.577350 -0.577350 -0.577350 -0.579600 -0.388800 1 0 1.0
0 4.195000 -3.300000 -2.160000 0.577350 -0.577350 -0.577350 -0.594000 -0.388800 1 0 1.0
bag_metal
0 4.195000 -3.220000 -1.960000 0.577351 -0.577351 0.577350 -0.579600 -0.352800 1 0 1.0
0 4.195000 -3.300000 -2.040000 0.577351 -0.577351 0.577350 -0.594000 -0.367200 1 0 1.0
0 4.275000 -3.220000 -2.040000 0.577351 -0.577351 0.577350 -0.579600 -0.367200 1 0 1.0
bag_metal
0 4.195000 3.220000 -2.240000 0.577350 0.577350 -0.577350 0.579600 -0.403200 1 0 1.0
0 4.195000 3.300000 -2.160000 0.577350 0.577350 -0.577350 0.594000 -0.388800 1 0 1.0
0 4.275000 3.220000 -2.160000 0.577350 0.577350 -0.577350 0.579600 -0.388800 1 0 1.0
bag_metal
0 4.195000 3.220000 -1.960000 0.577351 0.577351 0.577350 0.579600 -0.352800 1 0 1.0
0 4.275000 3.220000 -2.040000 0.577351 0.577351 0.577350 0.579600 -0.367200 1 0 1.0
0 4.195000 3.300000 -2.040000 0.577351 0.577351 0.577350 0.594000 -0.367200 1 0 1.0
bag_metal
0 4.105000 3.220000 -2.240000 -0.707107 0.000000 -0.707107 0.579600 -0.403200 1 0 1.0
0 4.105000 -3.220000 -2.240000 -0.707107 0.000000 -0.707107 -0.579600 -0.403200 1 0 1.0
0 4.025000 -3.220000 -2.160000 -0.707107 0.000000 -0.707107 -0.579600 -0.388800 1 0 1.0
bag_metal
0 4.105000 3.220000 -2.240000 -0.707107 0.000000 -0.707107 0.579600 -0.403200 1 0 1.0
0 4.025000 -3.220000 -2.160000 -0.707107 0.000000 -0.707107 -0.579600 -0.388800 1 0 1.0
0 4.025000 3.220000 -2.160000 -0.707107 0.000000 -0.707107 0.579600 -0.388800 1 0 1.0
bag_metal
0 4.105000 -3.300000 -2.160000 -0.707107 -0.707107 0.000000 -0.594000 -0.388800 1 0 1.0
0 4.105000 -3.300000 -2.040000 -0.707107 -0.707107 0.000000 -0.594000 -0.367200 1 0 1.0
0 4.025000 -3.220000 -2.040000 -0.707107 -0.707107 0.000000 -0.579600 -0.367200 1 0 1.0
bag_metal
0 4.105000 -3.300000 -2.160000 -0.707107 -0.707107 0.000000 -0.594000 -0.388800 1 0 1.0
0 4.025000 -3.220000 -2.040000 -0.707107 -0.707107 0.000000 -0.579600 -0.367200 1 0 1.0
0 4.025000 -3.220000 -2.160000 -0.707107 -0.707107 0.000000 -0.579600 -0.388800 1 0 1.0
bag_metal
0 4.105000 -3.220000 -1.960000 -0.707107 0.000000 0.707106 -0.579600 -0.352800 1 0 1.0
0 4.105000 3.220000 -1.960000 -0.707107 0.000000 0.707106 0.579600 -0.352800 1 0 1.0
0 4.025000 3.220000 -2.040000 -0.707107 0.000000 0.707106 0.579600 -0.367200 1 0 1.0
bag_metal
0 4.105000 -3.220000 -1.960000 -0.707107 0.000000 0.707106 -0.579600 -0.352800 1 0 1.0
0 4.025000 3.220000 -2.040000 -0.707107 0.000000 0.707106 0.579600 -0.367200 1 0 1.0
0 4.025000 -3.220000 -2.040000 -0.707107 0.000000 0.707106 -0.579600 -0.367200 1 0 1.0
bag_metal
0 4.105000 3.300000 -2.040000 -0.707107 0.707107 0.000000 0.594000 -0.367200 1 0 1.0
0 4.105000 3.300000 -2.160000 -0.707107 0.707107 0.000000 0.594000 -0.388800 1 0 1.0
0 4.025000 3.220000 -2.160000 -0.707107 0.707107 0.000000 0.579600 -0.388800 1 0 1.0
bag_metal
0 4.105000 3.300000 -2.040000 -0.707107 0.707107 0.000000 0.594000 -0.367200 1 0 1.0
0 4.025000 3.220000 -2.160000 -0.707107 0.707107 0.000000 0.579600 -0.388800 1 0 1.0
0 4.025000 3.220000 -2.040000 -0.707107 0.707107 0.000000 0.579600 -0.367200 1 0 1.0
bag_metal
0 4.195000 3.220000 -2.240000 0.000000 0.707107 -0.707107 0.755100 -0.403200 1 0 1.0
0 4.105000 3.220000 -2.240000 0.000000 0.707107 -0.707107 0.738900 -0.403200 1 0 1.0
0 4.105000 3.300000 -2.160000 0.000000 0.707107 -0.707107 0.738900 -0.388800 1 0 1.0
bag_metal
0 4.195000 3.220000 -2.240000 0.000000 0.707107 -0.707107 0.755100 -0.403200 1 0 1.0
0 4.105000 3.300000 -2.160000 0.000000 0.707107 -0.707107 0.738900 -0.388800 1 0 1.0
0 4.195000 3.300000 -2.160000 0.000000 0.707107 -0.707107 0.755100 -0.388800 1 0 1.0
bag_metal
0 4.105000 3.220000 -1.960000 0.000000 0.707107 0.707106 0.738900 -0.352800 1 0 1.0
0 4.195000 3.220000 -1.960000 0.000000 0.707107 0.707106 0.755100 -0.352800 1 0 1.0
0 4.195000 3.300000 -2.040000 0.000000 0.707107 0.707106 0.755100 -0.367200 1 0 1.0
bag_metal
0 4.105000 3.220000 -1.960000 0.000000 0.707107 0.707106 0.738900 -0.352800 1 0 1.0
0 4.195000 3.300000 -2.040000 0.000000 0.707107 0.707106 0.755100 -0.367200 1 0 1.0
0 4.105000 3.300000 -2.040000 0.000000 0.707107 0.707106 0.738900 -0.367200 1 0 1.0
bag_metal
0 4.275000 3.220000 -2.040000 0.707107 0.707107 0.000000 0.579600 -0.367200 1 0 1.0
0 4.275000 3.220000 -2.160000 0.707107 0.707107 0.000000 0.579600 -0.388800 1 0 1.0
0 4.195000 3.300000 -2.160000 0.707107 0.707107 0.000000 0.594000 -0.388800 1 0 1.0
bag_metal
0 4.275000 3.220000 -2.040000 0.707107 0.707107 0.000000 0.579600 -0.367200 1 0 1.0
0 4.195000 3.300000 -2.160000 0.707107 0.707107 0.000000 0.594000 -0.388800 1 0 1.0
0 4.195000 3.300000 -2.040000 0.707107 0.707107 0.000000 0.594000 -0.367200 1 0 1.0
bag_metal
0 4.195000 -3.220000 -2.240000 0.707107 0.000000 -0.707107 -0.579600 -0.403200 1 0 1.0
0 4.195000 3.220000 -2.240000 0.707107 0.000000 -0.707107 0.579600 -0.403200 1 0 1.0
0 4.275000 3.220000 -2.160000 0.707107 0.000000 -0.707107 0.579600 -0.388800 1 0 1.0
bag_metal
0 4.195000 -3.220000 -2.240000 0.707107 0.000000 -0.707107 -0.579600 -0.403200 1 0 1.0
0 4.275000 3.220000 -2.160000 0.707107 0.000000 -0.707107 0.579600 -0.388800 1 0 1.0
0 4.275000 -3.220000 -2.160000 0.707107 0.000000 -0.707107 -0.579600 -0.388800 1 0 1.0
bag_metal
0 4.195000 3.220000 -1.960000 0.707107 0.000000 0.707106 0.579600 -0.352800 1 0 1.0
0 4.195000 -3.220000 -1.960000 0.707107 0.000000 0.707106 -0.579600 -0.352800 1 0 1.0
0 4.275000 -3.220000 -2.040000 0.707107 0.000000 0.707106 -0.579600 -0.367200 1 0 1.0
bag_metal
0 4.195000 3.220000 -1.960000 0.707107 0.000000 0.707106 0.579600 -0.352800 1 0 1.0
0 4.275000 -3.220000 -2.040000 0.707107 0.000000 0.707106 -0.579600 -0.367200 1 0 1.0
0 4.275000 3.220000 -2.040000 0.707107 0.000000 0.707106 0.579600 -0.367200 1 0 1.0
bag_metal
0 4.195000 -3.300000 -2.040000 0.707107 -0.707107 0.000000 -0.594000 -0.367200 1 0 1.0
0 4.195000 -3.300000 -2.160000 0.707107 -0.707107 0.000000 -0.594000 -0.388800 1 0 1.0
0 4.275000 -3.220000 -2.160000 0.707107 -0.707107 0.000000 -0.579600 -0.388800 1 0 1.0
bag_metal
0 4.195000 -3.300000 -2.040000 0.707107 -0.707107 0.000000 -0.594000 -0.367200 1 0 1.0
0 4.275000 -3.220000 -2.160000 0.707107 -0.707107 0.000000 -0.579600 -0.388800 1 0 1.0
0 4.275000 -3.220000 -2.040000 0.707107 -0.707107 0.000000 -0.579600 -0.367200 1 0 1.0
bag_metal
0 4.105000 -3.220000 -2.240000 0.000000 -0.707107 -0.707107 0.738900 -0.403200 1 0 1.0
0 4.195000 -3.220000 -2.240000 0.000000 -0.707107 -0.707107 0.755100 -0.403200 1 0 1.0
0 4.195000 -3.300000 -2.160000 0.000000 -0.707107 -0.707107 0.755100 -0.388800 1 0 1.0
bag_metal
0 4.105000 -3.220000 -2.240000 0.000000 -0.707107 -0.707107 0.738900 -0.403200 1 0 1.0
0 4.195000 -3.300000 -2.160000 0.000000 -0.707107 -0.707107 0.755100 -0.388800 1 0 1.0
0 4.105000 -3.300000 -2.160000 0.000000 -0.707107 -0.707107 0.738900 -0.388800 1 0 1.0
bag_metal
0 4.195000 -3.220000 -1.960000 0.000000 -0.707107 0.707106 0.755100 -0.352800 1 0 1.0
0 4.105000 -3.220000 -1.960000 0.000000 -0.707107 0.707106 0.738900 -0.352800 1 0 1.0
0 4.105000 -3.300000 -2.040000 0.000000 -0.707107 0.707106 0.738900 -0.367200 1 0 1.0
bag_metal
0 4.195000 -3.220000 -1.960000 0.000000 -0.707107 0.707106 0.755100 -0.352800 1 0 1.0
0 4.105000 -3.300000 -2.040000 0.000000 -0.707107 0.707106 0.738900 -0.367200 1 0 1.0
0 4.195000 -3.300000 -2.040000 0.000000 -0.707107 0.707106 0.755100 -0.367200 1 0 1.0
bag_metal
0 4.105000 3.220000 -2.240000 0.000000 0.000000 -1.000000 0.738900 0.579600 1 0 1.0
0 4.195000 3.220000 -2.240000 0.000000 0.000000 -1.000000 0.755100 0.579600 1 0 1.0
0 4.195000 -3.220000 -2.240000 0.000000 0.000000 -1.000000 0.755100 -0.579600 1 0 1.0
bag_metal
0 4.105000 3.220000 -2.240000 0.000000 0.000000 -1.000000 0.738900 0.579600 1 0 1.0
0 4.195000 -3.220000 -2.240000 0.000000 0.000000 -1.000000 0.755100 -0.579600 1 0 1.0
0 4.105000 -3.220000 -2.240000 0.000000 0.000000 -1.000000 0.738900 -0.579600 1 0 1.0
bag_metal
0 4.025000 -3.220000 -2.160000 -1.000000 0.000000 0.000000 -0.579600 -0.388800 1 0 1.0
0 4.025000 -3.220000 -2.040000 -1.000000 0.000000 0.000000 -0.579600 -0.367200 1 0 1.0
0 4.025000 3.220000 -2.040000 -1.000000 0.000000 0.000000 0.579600 -0.367200 1 0 1.0
bag_metal
0 4.025000 -3.220000 -2.160000 -1.000000 0.000000 0.000000 -0.579600 -0.388800 1 0 1.0
0 4.025000 3.220000 -2.040000 -1.000000 0.000000 0.000000 0.579600 -0.367200 1 0 1.0
0 4.025000 3.220000 -2.160000 -1.000000 0.000000 0.000000 0.579600 -0.388800 1 0 1.0
bag_metal
0 4.195000 -3.300000 -2.160000 0.000000 -1.000000 0.000000 0.755100 -0.388800 1 0 1.0
0 4.195000 -3.300000 -2.040000 0.000000 -1.000000 0.000000 0.755100 -0.367200 1 0 1.0
0 4.105000 -3.300000 -2.040000 0.000000 -1.000000 0.000000 0.738900 -0.367200 1 0 1.0
bag_metal
0 4.195000 -3.300000 -2.160000 0.000000 -1.000000 0.000000 0.755100 -0.388800 1 0 1.0
0 4.105000 -3.300000 -2.040000 0.000000 -1.000000 0.000000 0.738900 -0.367200 1 0 1.0
0 4.105000 -3.300000 -2.160000 0.000000 -1.000000 0.000000 0.738900 -0.388800 1 0 1.0
bag_metal
0 4.195000 3.220000 -1.960000 0.000000 0.000000 1.000000 0.755100 0.579600 1 0 1.0
0 4.105000 3.220000 -1.960000 0.000000 0.000000 1.000000 0.738900 0.579600 1 0 1.0
0 4.105000 -3.220000 -1.960000 0.000000 0.000000 1.000000 0.738900 -0.579600 1 0 1.0
bag_metal
0 4.195000 3.220000 -1.960000 0.000000 0.000000 1.000000 0.755100 0.579600 1 0 1.0
0 4.105000 -3.220000 -1.960000 0.000000 0.000000 1.000000 0.738900 -0.579600 1 0 1.0
0 4.195000 -3.220000 -1.960000 0.000000 0.000000 1.000000 0.755100 -0.579600 1 0 1.0
bag_metal
0 4.105000 3.300000 -2.160000 0.000000 1.000000 0.000000 0.738900 -0.388800 1 0 1.0
0 4.105000 3.300000 -2.040000 0.000000 1.000000 0.000000 0.738900 -0.367200 1 0 1.0
0 4.195000 3.300000 -2.040000 0.000000 1.000000 0.000000 0.755100 -0.367200 1 0 1.0
bag_metal
0 4.105000 3.300000 -2.160000 0.000000 1.000000 0.000000 0.738900 -0.388800 1 0 1.0
0 4.195000 3.300000 -2.040000 0.000000 1.000000 0.000000 0.755100 -0.367200 1 0 1.0
0 4.195000 3.300000 -2.160000 0.000000 1.000000 0.000000 0.755100 -0.388800 1 0 1.0
bag_metal
0 4.275000 3.220000 -2.160000 1.000000 0.000000 0.000000 0.579600 -0.388800 1 0 1.0
0 4.275000 3.220000 -2.040000 1.000000 0.000000 0.000000 0.579600 -0.367200 1 0 1.0
0 4.275000 -3.220000 -2.040000 1.000000 0.000000 0.000000 -0.579600 -0.367200 1 0 1.0
bag_metal
0 4.275000 3.220000 -2.160000 1.000000 0.000000 0.000000 0.579600 -0.388800 1 0 1.0
0 4.275000 -3.220000 -2.040000 1.000000 0.000000 0.000000 -0.579600 -0.367200 1 0 1.0
0 4.275000 -3.220000 -2.160000 1.000000 0.000000 0.000000 -0.579600 -0.388800 1 0 1.0
bag_strap
0 -2.098280 3.744539 6.000000 -0.513455 0.554213 0.655143 -0.377690 0.674017 1 0 1.0
0 -3.356572 3.879111 4.900000 -0.513455 0.554213 0.655143 -0.604183 0.698240 1 0 1.0
0 -3.531279 3.624318 4.978617 -0.513455 0.554213 0.655143 -0.635630 0.652377 1 0 1.0
bag_strap
0 -2.098280 3.744539 6.000000 -0.516042 0.546349 0.659699 -0.377690 0.674017 1 0 1.0
0 -3.531279 3.624318 4.978617 -0.516042 0.546349 0.659699 -0.635630 0.652377 1 0 1.0
0 -2.227645 3.478613 6.119040 -0.516042 0.546349 0.659699 -0.400976 0.626150 1 0 1.0
bag_strap
0 -2.227645 3.478613 6.119040 -0.634582 0.188582 0.749494 -0.400976 0.626150 1 0 1.0
0 -3.531279 3.624318 4.978617 -0.634582 0.188582 0.749494 -0.635630 0.652377 1 0 1.0
0 -3.687663 2.968661 5.011181 -0.634582 0.188582 0.749494 -0.663779 0.534359 1 0 1.0
bag_strap
0 -2.227645 3.478613 6.119040 -0.632016 0.164098 0.757382 -0.400976 0.626150 1 0 1.0
0 -3.687663 2.968661 5.011181 -0.632016 0.164098 0.757382 -0.663779 0.534359 1 0 1.0
0 -2.340815 2.815165 6.168348 -0.632016 0.164098 0.757382 -0.421347 0.506730 1 0 1.0
bag_strap
0 -2.340815 2.815165 6.168348 -0.651114 0.008227 0.758935 -0.421347 0.506730 1 0 1.0
0 -3.687663 2.968661 5.011181 -0.651114 0.008227 0.758935 -0.663779 0.534359 1 0 1.0
0 -3.734116 2.296215 4.978617 -0.651114 0.008227 0.758935 -0.672141 0.413319 1 0 1.0
bag_strap
0 -2.340815 2.815165 6.168348 -0.643352 -0.026752 0.765103 -0.421347 0.506730 1 0 1.0
0 -3.734116 2.296215 4.978617 -0.643352 -0.026752 0.765103 -0.672141 0.413319 1 0 1.0
0 -2.371498 2.142833 6.119040 -0.643352 -0.026752 0.765103 -0.426870 0.385710 1 0 1.0
bag_strap
0 -2.371498 2.142833 6.119040 -0.619637 -0.373977 0.690066 -0.426870 0.385710 1 0 1.0
0 -3.734116 2.296215 4.978617 -0.619637 -0.373977 0.690066 -0.672141 0.413319 1 0 1.0
0 -3.643428 2.000890 4.900000 -0.619637 -0.373977 0.690066 -0.655817 0.360160 1 0 1.0
bag_strap
0 -2.371498 2.142833 6.119040 -0.600753 -0.426074 0.676429 -0.426870 0.385710 1 0 1.0
0 -3.643428 2.000890 4.900000 -0.600753 -0.426074 0.676429 -0.655817 0.360160 1 0 1.0
0 -2.301720 1.855461 6.000000 -0.600753 -0.426074 0.676429 -0.414310 0.333983 1 0 1.0
bag_strap
0 -2.301720 1.855461 6.000000 0.494337 -0.547331 -0.675322 -0.414310 0.333983 1 0 1.0
0 -3.643428 2.000890 4.900000 0.494337 -0.547331 -0.675322 -0.655817 0.360160 1 0 1.0
0 -3.468721 2.255682 4.821383 0.494337 -0.547331 -0.675322 -0.624370 0.406023 1 0 1.0
bag_strap
0 -2.301720 1.855461 6.000000 0.496401 -0.544230 -0.676313 -0.414310 0.333983 1 0 1.0
0 -3.468721 2.255682 4.821383 0.496401 -0.544230 -0.676313 -0.624370 0.406023 1 0 1.0
0 -2.172355 2.121387 5.880960 0.496401 -0.544230 -0.676313 -0.391024 0.381850 1 0 1.0
bag_strap
0 -2.172355 2.121387 5.880960 0.610567 -0.183889 -0.770320 -0.391024 0.381850 1 0 1.0
0 -3.468721 2.255682 4.821383 0.610567 -0.183889 -0.770320 -0.624370 0.406023 1 0 1.0
0 -3.312337 2.911339 4.788819 0.610567 -0.183889 -0.770320 -0.596221 0.524041 1 0 1.0
bag_strap
0 -2.172355 2.121387 5.880960 0.621336 -0.162948 -0.766414 -0.391024 0.381850 1 0 1.0
0 -3.312337 2.911339 4.788819 0.621336 -0.162948 -0.766414 -0.596221 0.524041 1 0 1.0
0 -2.059185 2.784835 5.831652 0.621336 -0.162948 -0.766414 -0.370653 0.501270 1 0 1.0
bag_strap
0 -2.059185 2.784835 5.831652 0.639227 -0.006919 -0.768987 -0.370653 0.501270 1 0 1.0
0 -3.312337 2.911339 4.788819 0.639227 -0.006919 -0.768987 -0.596221 0.524041 1 0 1.0
0 -3.265884 3.583785 4.821383 0.639227 -0.006919 -0.768987 -0.587859 0.645081 1 0 1.0
bag_strap
0 -2.059185 2.784835 5.831652 0.651732 0.025849 -0.758009 -0.370653 0.501270 1 0 1.0
0 -3.265884 3.583785 4.821383 0.651732 0.025849 -0.758009 -0.587859 0.645081 1 0 1.0
0 -2.028502 3.457166 5.880960 0.651732 0.025849 -0.758009 -0.365130 0.622290 1 0 1.0
bag_strap
0 -2.028502 3.457166 5.880960 0.624948 0.374284 -0.685093 -0.365130 0.622290 1 0 1.0
0 -3.265884 3.583785 4.821383 0.624948 0.374284 -0.685093 -0.587859 0.645081 1 0 1.0
0 -3.356572 3.879111 4.900000 0.624948 0.374284 -0.685093 -0.604183 0.698240 1 0 1.0
bag_strap
0 -2.028502 3.457166 5.880960 0.621392 0.423848 -0.658958 -0.365130 0.622290 1 0 1.0
0 -3.356572 3.879111 4.900000 0.621392 0.423848 -0.658958 -0.604183 0.698240 1 0 1.0
0 -2.098280 3.744539 6.000000 0.621392 0.423848 -0.658958 -0.377690 0.674017 1 0 1.0
bag_strap
0 -3.356572 3.879111 4.900000 -0.828640 0.558988 -0.029802 -0.604183 0.882000 1 0 1.0
0 -4.400000 2.186596 2.166350 -0.828640 0.558988 -0.029802 -0.792000 0.389943 1 0 1.0
0 -3.531279 3.624318 4.978617 -0.828640 0.558988 -0.029802 -0.635630 0.896151 1 0 1.0
bag_strap
0 -4.400000 2.186596 2.166350 0.873566 -0.486242 -0.021266 -0.792000 0.389943 1 0 1.0
0 -4.245043 2.465156 2.162493 0.873566 -0.486242 -0.021266 -0.764108 0.389249 1 0 1.0
0 -3.531279 3.624318 4.978617 0.873566 -0.486242 -0.021266 -0.635630 0.896151 1 0 1.0
bag_strap
0 -3.531279 3.624318 4.978617 -0.960603 0.236378 0.146174 -0.635630 0.896151 1 0 1.0
0 -4.245043 2.465156 2.162493 -0.960603 0.236378 0.146174 -0.764108 0.389249 1 0 1.0
0 -3.687663 2.968661 5.011181 -0.960603 0.236378 0.146174 -0.663779 0.902013 1 0 1.0
bag_strap
0 -4.245043 2.465156 2.162493 0.980346 -0.088952 -0.176094 -0.764108 0.389249 1 0 1.0
0 -4.180858 3.136687 2.180607 0.980346 -0.088952 -0.176094 -0.752554 0.392509 1 0 1.0
0 -3.687663 2.968661 5.011181 0.980346 -0.088952 -0.176094 -0.663779 0.902013 1 0 1.0
bag_strap
0 -3.687663 2.968661 5.011181 -0.982814 0.059431 0.174772 -0.663779 0.902013 1 0 1.0
0 -4.180858 3.136687 2.180607 -0.982814 0.059431 0.174772 -0.752554 0.392509 1 0 1.0
0 -3.734116 2.296215 4.978617 -0.982814 0.059431 0.174772 -0.672141 0.896151 1 0 1.0
bag_strap
0 -4.180858 3.136687 2.180607 0.986784 0.099974 -0.127523 -0.752554 0.392509 1 0 1.0
0 -4.245043 3.807816 2.210081 0.986784 0.099974 -0.127523 -0.764108 0.397815 1 0 1.0
0 -3.734116 2.296215 4.978617 0.986784 0.099974 -0.127523 -0.672141 0.896151 1 0 1.0
bag_strap
0 -3.734116 2.296215 4.978617 -0.954791 -0.296944 0.014075 0.413319 0.896151 1 0 1.0
0 -4.245043 3.807816 2.210081 -0.954791 -0.296944 0.014075 0.685407 0.397815 1 0 1.0
0 -3.643428 2.000890 4.900000 -0.954791 -0.296944 0.014075 0.360160 0.882000 1 0 1.0
bag_strap
0 -4.245043 3.807816 2.210081 0.870820 0.475531 0.124669 0.685407 0.397815 1 0 1.0
0 -4.400000 4.085404 2.233650 0.870820 0.475531 0.124669 0.735373 0.402057 1 0 1.0
0 -3.643428 2.000890 4.900000 0.870820 0.475531 0.124669 0.360160 0.882000 1 0 1.0
bag_strap
0 -3.643428 2.000890 4.900000 0.558512 -0.569152 -0.603432 0.360160 0.882000 1 0 1.0
0 -4.400000 4.085404 2.233650 0.558512 -0.569152 -0.603432 0.735373 0.402057 1 0 1.0
0 -3.468721 2.255682 4.821383 0.558512 -0.569152 -0.603432 0.406023 0.867849 1 0 1.0
bag_strap
0 -4.400000 4.085404 2.233650 -0.725499 0.411222 0.551859 0.735373 0.402057 1 0 1.0
0 -4.554957 3.806844 2.237507 -0.725499 0.411222 0.551859 0.685232 0.402751 1 0 1.0
0 -3.468721 2.255682 4.821383 -0.725499 0.411222 0.551859 0.406023 0.867849 1 0 1.0
bag_strap
0 -3.468721 2.255682 4.821383 0.842473 -0.225249 -0.489390 -0.624370 0.867849 1 0 1.0
0 -4.554957 3.806844 2.237507 0.842473 -0.225249 -0.489390 -0.819892 0.402751 1 0 1.0
0 -3.312337 2.911339 4.788819 0.842473 -0.225249 -0.489390 -0.596221 0.861987 1 0 1.0
bag_strap
0 -4.554957 3.806844 2.237507 -0.886438 0.072395 0.457151 -0.819892 0.402751 1 0 1.0
0 -4.619143 3.135313 2.219393 -0.886438 0.072395 0.457151 -0.831446 0.399491 1 0 1.0
0 -3.312337 2.911339 4.788819 -0.886438 0.072395 0.457151 -0.596221 0.861987 1 0 1.0
bag_strap
0 -3.312337 2.911339 4.788819 0.889259 -0.039363 -0.455707 -0.596221 0.861987 1 0 1.0
0 -4.619143 3.135313 2.219393 0.889259 -0.039363 -0.455707 -0.831446 0.399491 1 0 1.0
0 -3.265884 3.583785 4.821383 0.889259 -0.039363 -0.455707 -0.587859 0.867849 1 0 1.0
bag_strap
0 -4.619143 3.135313 2.219393 -0.874851 -0.104441 0.472999 -0.831446 0.399491 1 0 1.0
0 -4.554957 2.464184 2.189919 -0.874851 -0.104441 0.472999 -0.819892 0.394185 1 0 1.0
0 -3.265884 3.583785 4.821383 -0.874851 -0.104441 0.472999 -0.587859 0.867849 1 0 1.0
bag_strap
0 -3.265884 3.583785 4.821383 0.759606 0.374762 -0.531556 -0.587859 0.867849 1 0 1.0
0 -4.554957 2.464184 2.189919 0.759606 0.374762 -0.531556 -0.819892 0.394185 1 0 1.0
0 -3.356572 3.879111 4.900000 0.759606 0.374762 -0.531556 -0.604183 0.882000 1 0 1.0
bag_strap
0 -4.554957 2.464184 2.189919 -0.711035 -0.443265 0.545844 -0.819892 0.394185 1 0 1.0
0 -4.400000 2.186596 2.166350 -0.711035 -0.443265 0.545844 -0.792000 0.389943 1 0 1.0
0 -3.356572 3.879111 4.900000 -0.711035 -0.443265 0.545844 -0.604183 0.882000 1 0 1.0
bag_strap
0 -4.400000 2.186596 2.166350 0.873060 -0.486932 0.025743 0.393587 0.389943 1 0 1.0
0 -4.200000 2.270473 -3.029957 0.873060 -0.486932 0.025743 0.408685 -0.545392 1 0 1.0
0 -4.046268 2.547832 -2.997389 0.873060 -0.486932 0.025743 0.458610 -0.539530 1 0 1.0
bag_strap
0 -4.400000 2.186596 2.166350 0.873748 -0.485690 0.025877 0.393587 0.389943 1 0 1.0
0 -4.046268 2.547832 -2.997389 0.873748 -0.485690 0.025877 0.458610 -0.539530 1 0 1.0
0 -4.245043 2.465156 2.162493 0.873748 -0.485690 0.025877 0.443728 0.389249 1 0 1.0
bag_strap
0 -4.245043 2.465156 2.162493 0.994694 -0.096082 0.036779 0.443728 0.389249 1 0 1.0
0 -4.046268 2.547832 -2.997389 0.994694 -0.096082 0.036779 0.458610 -0.539530 1 0 1.0
0 -3.982591 3.218938 -2.966351 0.994694 -0.096082 0.036779 0.579409 -0.533943 1 0 1.0
bag_strap
0 -4.245043 2.465156 2.162493 0.994695 -0.096065 0.036782 0.443728 0.389249 1 0 1.0
0 -3.982591 3.218938 -2.966351 0.994695 -0.096065 0.036782 0.579409 -0.533943 1 0 1.0
0 -4.180858 3.136687 2.180607 0.994695 -0.096065 0.036782 0.564604 0.392509 1 0 1.0
bag_strap
0 -4.180858 3.136687 2.180607 0.994810 0.093633 0.039818 0.564604 0.392509 1 0 1.0
0 -3.982591 3.218938 -2.966351 0.994810 0.093633 0.039818 0.579409 -0.533943 1 0 1.0
0 -4.046268 3.890667 -2.955024 0.994810 0.093633 0.039818 0.700320 -0.531904 1 0 1.0
bag_strap
0 -4.180858 3.136687 2.180607 0.994834 0.093396 0.039783 0.564604 0.392509 1 0 1.0
0 -4.046268 3.890667 -2.955024 0.994834 0.093396 0.039783 0.700320 -0.531904 1 0 1.0
0 -4.245043 3.807816 2.210081 0.994834 0.093396 0.039783 0.685407 0.397815 1 0 1.0
bag_strap
0 -4.245043 3.807816 2.210081 0.874046 0.484077 0.041402 0.685407 0.397815 1 0 1.0
0 -4.046268 3.890667 -2.955024 0.874046 0.484077 0.041402 0.700320 -0.531904 1 0 1.0
0 -4.200000 4.169528 -2.970043 0.874046 0.484077 0.041402 0.750515 -0.534608 1 0 1.0
bag_strap
0 -4.245043 3.807816 2.210081 0.873908 0.484323 0.041418 0.685407 0.397815 1 0 1.0
0 -4.200000 4.169528 -2.970043 0.873908 0.484323 0.041418 0.750515 -0.534608 1 0 1.0
0 -4.400000 4.085404 2.233650 0.873908 0.484323 0.041418 0.735373 0.402057 1 0 1.0
bag_strap
0 -4.400000 4.085404 2.233650 -0.873065 0.486927 -0.025684 0.735373 0.402057 1 0 1.0
0 -4.200000 4.169528 -2.970043 -0.873065 0.486927 -0.025684 0.750515 -0.534608 1 0 1.0
0 -4.353731 3.892168 -3.002611 -0.873065 0.486927 -0.025684 0.700590 -0.540470 1 0 1.0
bag_strap
0 -4.400000 4.085404 2.233650 -0.873752 0.485695 -0.025645 0.735373 0.402057 1 0 1.0
0 -4.353731 3.892168 -3.002611 -0.873752 0.485695 -0.025645 0.700590 -0.540470 1 0 1.0
0 -4.554957 3.806844 2.237507 -0.873752 0.485695 -0.025645 0.685232 0.402751 1 0 1.0
bag_strap
0 -4.554957 3.806844 2.237507 -0.994700 0.096075 -0.036633 0.685232 0.402751 1 0 1.0
0 -4.353731 3.892168 -3.002611 -0.994700 0.096075 -0.036633 0.700590 -0.540470 1 0 1.0
0 -4.417408 3.221062 -3.033649 -0.994700 0.096075 -0.036633 0.579791 -0.546057 1 0 1.0
bag_strap
0 -4.554957 3.806844 2.237507 -0.994701 0.096062 -0.036632 0.685232 0.402751 1 0 1.0
0 -4.417408 3.221062 -3.033649 -0.994701 0.096062 -0.036632 0.579791 -0.546057 1 0 1.0
0 -4.619143 3.135313 2.219393 -0.994701 0.096062 -0.036632 0.564356 0.399491 1 0 1.0
bag_strap
0 -4.619143 3.135313 2.219393 -0.994814 -0.093635 -0.039733 0.564356 0.399491 1 0 1.0
0 -4.417408 3.221062 -3.033649 -0.994814 -0.093635 -0.039733 0.579791 -0.546057 1 0 1.0
0 -4.353731 2.549333 -3.044976 -0.994814 -0.093635 -0.039733 0.458880 -0.548096 1 0 1.0
bag_strap
0 -4.619143 3.135313 2.219393 -0.994835 -0.093397 -0.039760 0.564356 0.399491 1 0 1.0
0 -4.353731 2.549333 -3.044976 -0.994835 -0.093397 -0.039760 0.458880 -0.548096 1 0 1.0
0 -4.554957 2.464184 2.189919 -0.994835 -0.093397 -0.039760 0.443553 0.394185 1 0 1.0
bag_strap
0 -4.554957 2.464184 2.189919 -0.874041 -0.484078 -0.041471 0.443553 0.394185 1 0 1.0
0 -4.353731 2.549333 -3.044976 -0.874041 -0.484078 -0.041471 0.458880 -0.548096 1 0 1.0
0 -4.200000 2.270473 -3.029957 -0.874041 -0.484078 -0.041471 0.408685 -0.545392 1 0 1.0
bag_strap
0 -4.554957 2.464184 2.189919 -0.873908 -0.484320 -0.041453 0.443553 0.394185 1 0 1.0
0 -4.200000 2.270473 -3.029957 -0.873908 -0.484320 -0.041453 0.408685 -0.545392 1 0 1.0
0 -4.400000 2.186596 2.166350 -0.873908 -0.484320 -0.041453 0.393587 0.389943 1 0 1.0
bag_strap
0 -4.200000 2.270473 -3.029957 0.815476 -0.427262 0.390443 0.408685 -0.545392 1 0 1.0
0 -3.230189 2.412568 -4.900000 0.815476 -0.427262 0.390443 0.434262 -0.882000 1 0 1.0
0 -3.119670 2.699715 -4.816605 0.815476 -0.427262 0.390443 0.485949 -0.866989 1 0 1.0
bag_strap
0 -4.200000 2.270473 -3.029957 0.795535 -0.483776 0.364808 0.408685 -0.545392 1 0 1.0
0 -3.119670 2.699715 -4.816605 0.795535 -0.483776 0.364808 0.485949 -0.866989 1 0 1.0
0 -4.046268 2.547832 -2.997389 0.795535 -0.483776 0.364808 0.458610 -0.539530 1 0 1.0
bag_strap
0 -4.046268 2.547832 -2.997389 0.891680 -0.029615 0.451695 0.458610 -0.539530 1 0 1.0
0 -3.119670 2.699715 -4.816605 0.891680 -0.029615 0.451695 0.485949 -0.866989 1 0 1.0
0 -3.114786 3.373647 -4.782061 0.891680 -0.029615 0.451695 0.607256 -0.860771 1 0 1.0
bag_strap
0 -4.046268 2.547832 -2.997389 0.900712 -0.104960 0.421545 0.458610 -0.539530 1 0 1.0
0 -3.114786 3.373647 -4.782061 0.900712 -0.104960 0.421545 0.607256 -0.860771 1 0 1.0
0 -3.982591 3.218938 -2.966351 0.900712 -0.104960 0.421545 0.579409 -0.533943 1 0 1.0
bag_strap
0 -3.982591 3.218938 -2.966351 0.885181 0.160377 0.436731 0.579409 -0.533943 1 0 1.0
0 -3.114786 3.373647 -4.782061 0.885181 0.160377 0.436731 0.607256 -0.860771 1 0 1.0
0 -3.218398 4.039585 -4.816605 0.885181 0.160377 0.436731 0.727125 -0.866989 1 0 1.0
bag_strap
0 -3.982591 3.218938 -2.966351 0.908482 0.079201 0.410350 0.579409 -0.533943 1 0 1.0
0 -3.218398 4.039585 -4.816605 0.908482 0.079201 0.410350 0.727125 -0.866989 1 0 1.0
0 -4.046268 3.890667 -2.955024 0.908482 0.079201 0.410350 0.700320 -0.531904 1 0 1.0
bag_strap
0 -4.046268 3.890667 -2.955024 0.750933 0.541978 0.377306 0.700320 -0.531904 1 0 1.0
0 -3.218398 4.039585 -4.816605 0.750933 0.541978 0.377306 0.727125 -0.866989 1 0 1.0
0 -3.369811 4.307431 -4.900000 0.750933 0.541978 0.377306 0.775338 -0.882000 1 0 1.0
bag_strap
0 -4.046268 3.890667 -2.955024 0.801995 0.462488 0.378033 0.700320 -0.531904 1 0 1.0
0 -3.369811 4.307431 -4.900000 0.801995 0.462488 0.378033 0.775338 -0.882000 1 0 1.0
0 -4.200000 4.169528 -2.970043 0.801995 0.462488 0.378033 0.750515 -0.534608 1 0 1.0
bag_strap
0 -4.200000 4.169528 -2.970043 -0.843631 0.421354 -0.332788 0.750515 -0.534608 1 0 1.0
0 -3.369811 4.307431 -4.900000 -0.843631 0.421354 -0.332788 0.775338 -0.882000 1 0 1.0
0 -3.480330 4.020285 -4.983396 -0.843631 0.421354 -0.332788 0.723651 -0.897011 1 0 1.0
bag_strap
0 -4.200000 4.169528 -2.970043 -0.810201 0.487315 -0.325728 0.750515 -0.534608 1 0 1.0
0 -3.480330 4.020285 -4.983396 -0.810201 0.487315 -0.325728 0.723651 -0.897011 1 0 1.0
0 -4.353731 3.892168 -3.002611 -0.810201 0.487315 -0.325728 0.700590 -0.540470 1 0 1.0
bag_strap
0 -4.353731 3.892168 -3.002611 -0.915308 0.027230 -0.401832 0.700590 -0.540470 1 0 1.0
0 -3.480330 4.020285 -4.983396 -0.915308 0.027230 -0.401832 0.723651 -0.897011 1 0 1.0
0 -3.485214 3.346353 -5.017939 -0.915308 0.027230 -0.401832 0.602343 -0.903229 1 0 1.0
bag_strap
0 -4.353731 3.892168 -3.002611 -0.902633 0.104951 -0.417419 0.700590 -0.540470 1 0 1.0
0 -3.485214 3.346353 -5.017939 -0.902633 0.104951 -0.417419 0.602343 -0.903229 1 0 1.0
0 -4.417408 3.221062 -3.033649 -0.902633 0.104951 -0.417419 0.579791 -0.546057 1 0 1.0
bag_strap
0 -4.417408 3.221062 -3.033649 -0.889411 -0.160581 -0.427974 0.579791 -0.546057 1 0 1.0
0 -3.485214 3.346353 -5.017939 -0.889411 -0.160581 -0.427974 0.602343 -0.903229 1 0 1.0
0 -3.381602 2.680415 -4.983396 -0.889411 -0.160581 -0.427974 0.482475 -0.897011 1 0 1.0
bag_strap
0 -4.417408 3.221062 -3.033649 -0.889169 -0.076683 -0.451109 0.579791 -0.546057 1 0 1.0
0 -3.381602 2.680415 -4.983396 -0.889169 -0.076683 -0.451109 0.482475 -0.897011 1 0 1.0
0 -4.353731 2.549333 -3.044976 -0.889169 -0.076683 -0.451109 0.458880 -0.548096 1 0 1.0
bag_strap
0 -4.353731 2.549333 -3.044976 -0.735794 -0.542251 -0.405674 0.458880 -0.548096 1 0 1.0
0 -3.381602 2.680415 -4.983396 -0.735794 -0.542251 -0.405674 0.482475 -0.897011 1 0 1.0
0 -3.230189 2.412568 -4.900000 -0.735794 -0.542251 -0.405674 0.434262 -0.882000 1 0 1.0
bag_strap
0 -4.353731 2.549333 -3.044976 -0.777324 -0.452088 -0.437475 0.458880 -0.548096 1 0 1.0
0 -3.230189 2.412568 -4.900000 -0.777324 -0.452088 -0.437475 0.434262 -0.882000 1 0 1.0
0 -4.200000 2.270473 -3.029957 -0.777324 -0.452088 -0.437475 0.408685 -0.545392 1 0 1.0
bag_strap
0 -3.230189 2.412568 -4.900000 0.666028 -0.487767 0.564350 0.434262 -0.882000 1 0 1.0
0 -2.300000 2.410000 -6.000000 0.666028 -0.487767 0.564350 0.433800 -1.080000 1 0 1.0
0 -2.184892 2.688248 -5.895357 0.666028 -0.487767 0.564350 0.483885 -1.061164 1 0 1.0
bag_strap
0 -3.230189 2.412568 -4.900000 0.678780 -0.433418 0.592795 0.434262 -0.882000 1 0 1.0
0 -2.184892 2.688248 -5.895357 0.678780 -0.433418 0.592795 0.483885 -1.061164 1 0 1.0
0 -3.119670 2.699715 -4.816605 0.678780 -0.433418 0.592795 0.485949 -0.866989 1 0 1.0
bag_strap
0 -3.119670 2.699715 -4.816605 0.751784 -0.095459 0.652463 0.485949 -0.866989 1 0 1.0
0 -2.184892 2.688248 -5.895357 0.751784 -0.095459 0.652463 0.483885 -1.061164 1 0 1.0
0 -2.137213 3.360000 -5.852012 0.751784 -0.095459 0.652463 0.604800 -1.053362 1 0 1.0
bag_strap
0 -3.119670 2.699715 -4.816605 0.737417 -0.039905 0.674258 0.485949 -0.866989 1 0 1.0
0 -2.137213 3.360000 -5.852012 0.737417 -0.039905 0.674258 0.604800 -1.053362 1 0 1.0
0 -3.114786 3.373647 -4.782061 0.737417 -0.039905 0.674258 0.607256 -0.860771 1 0 1.0
bag_strap
0 -3.114786 3.373647 -4.782061 0.735491 0.095484 0.670772 0.607256 -0.860771 1 0 1.0
0 -2.137213 3.360000 -5.852012 0.735491 0.095484 0.670772 0.604800 -1.053362 1 0 1.0
0 -2.184892 4.031751 -5.895357 0.735491 0.095484 0.670772 0.725715 -1.061164 1 0 1.0
bag_strap
0 -3.114786 3.373647 -4.782061 0.714809 0.146683 0.683763 0.607256 -0.860771 1 0 1.0
0 -2.184892 4.031751 -5.895357 0.714809 0.146683 0.683763 0.725715 -1.061164 1 0 1.0
0 -3.218398 4.039585 -4.816605 0.714809 0.146683 0.683763 0.727125 -0.866989 1 0 1.0
bag_strap
0 -3.218398 4.039585 -4.816605 0.632081 0.487892 0.602026 0.727125 -0.866989 1 0 1.0
0 -2.184892 4.031751 -5.895357 0.632081 0.487892 0.602026 0.725715 -1.061164 1 0 1.0
0 -2.300000 4.310000 -6.000000 0.632081 0.487892 0.602026 0.775800 -1.080000 1 0 1.0
bag_strap
0 -3.218398 4.039585 -4.816605 0.608071 0.528256 0.592617 0.727125 -0.866989 1 0 1.0
0 -2.300000 4.310000 -6.000000 0.608071 0.528256 0.592617 0.775800 -1.080000 1 0 1.0
0 -3.369811 4.307431 -4.900000 0.608071 0.528256 0.592617 0.775338 -0.882000 1 0 1.0
bag_strap
0 -3.369811 4.307431 -4.900000 -0.626372 0.487793 -0.608042 0.775338 -0.882000 1 0 1.0
0 -2.300000 4.310000 -6.000000 -0.626372 0.487793 -0.608042 0.775800 -1.080000 1 0 1.0
0 -2.415108 4.031751 -6.104643 -0.626372 0.487793 -0.608042 0.725715 -1.098836 1 0 1.0
bag_strap
0 -3.369811 4.307431 -4.900000 -0.655983 0.432193 -0.618786 0.775338 -0.882000 1 0 1.0
0 -2.415108 4.031751 -6.104643 -0.655983 0.432193 -0.618786 0.725715 -1.098836 1 0 1.0
0 -3.480330 4.020285 -4.983396 -0.655983 0.432193 -0.618786 0.723651 -0.897011 1 0 1.0
bag_strap
0 -3.480330 4.020285 -4.983396 -0.722164 0.095463 -0.685103 0.723651 -0.897011 1 0 1.0
0 -2.415108 4.031751 -6.104643 -0.722164 0.095463 -0.685103 0.725715 -1.098836 1 0 1.0
0 -2.462787 3.360000 -6.147988 -0.722164 0.095463 -0.685103 0.604800 -1.106638 1 0 1.0
bag_strap
0 -3.480330 4.020285 -4.983396 -0.741189 0.039720 -0.670121 0.723651 -0.897011 1 0 1.0
0 -2.462787 3.360000 -6.147988 -0.741189 0.039720 -0.670121 0.604800 -1.106638 1 0 1.0
0 -3.485214 3.346353 -5.017939 -0.741189 0.039720 -0.670121 0.602343 -0.903229 1 0 1.0
bag_strap
0 -3.485214 3.346353 -5.017939 -0.737573 -0.095484 -0.668482 0.602343 -0.903229 1 0 1.0
0 -2.462787 3.360000 -6.147988 -0.737573 -0.095484 -0.668482 0.604800 -1.106638 1 0 1.0
0 -2.415108 2.688248 -6.104643 -0.737573 -0.095484 -0.668482 0.483885 -1.098836 1 0 1.0
bag_strap
0 -3.485214 3.346353 -5.017939 -0.748360 -0.149951 -0.646120 0.602343 -0.903229 1 0 1.0
0 -2.415108 2.688248 -6.104643 -0.748360 -0.149951 -0.646120 0.483885 -1.098836 1 0 1.0
0 -3.381602 2.680415 -4.983396 -0.748360 -0.149951 -0.646120 0.482475 -0.897011 1 0 1.0
bag_strap
0 -3.381602 2.680415 -4.983396 -0.659487 -0.487891 -0.571874 0.482475 -0.897011 1 0 1.0
0 -2.415108 2.688248 -6.104643 -0.659487 -0.487891 -0.571874 0.483885 -1.098836 1 0 1.0
0 -2.300000 2.410000 -6.000000 -0.659487 -0.487891 -0.571874 0.433800 -1.080000 1 0 1.0
bag_strap
0 -3.381602 2.680415 -4.983396 -0.645850 -0.534755 -0.544899 0.482475 -0.897011 1 0 1.0
0 -2.300000 2.410000 -6.000000 -0.645850 -0.534755 -0.544899 0.433800 -1.080000 1 0 1.0
0 -3.230189 2.412568 -4.900000 -0.645850 -0.534755 -0.544899 0.434262 -0.882000 1 0 1.0
bag_strap
0 -2.059185 2.784835 5.831652 0.760819 -0.081935 0.643771 0.501270 1.049697 1 0 1.0
0 -2.028502 3.457166 5.880960 0.760819 -0.081935 0.643771 0.622290 1.058573 1 0 1.0
0 -2.098280 3.744539 6.000000 0.760819 -0.081935 0.643771 0.674017 1.080000 1 0 1.0
bag_strap
0 -2.098280 3.744539 6.000000 0.760819 -0.081934 0.643772 0.674017 1.080000 1 0 1.0
0 -2.227645 3.478613 6.119040 0.760819 -0.081934 0.643772 0.626150 1.101427 1 0 1.0
0 -2.340815 2.815165 6.168348 0.760819 -0.081934 0.643772 0.506730 1.110303 1 0 1.0
bag_strap
0 -2.340815 2.815165 6.168348 0.760819 -0.081935 0.643771 0.506730 1.110303 1 0 1.0
0 -2.371498 2.142833 6.119040 0.760819 -0.081935 0.643771 0.385710 1.101427 1 0 1.0
0 -2.301720 1.855461 6.000000 0.760819 -0.081935 0.643771 0.333983 1.080000 1 0 1.0
bag_strap
0 -2.301720 1.855461 6.000000 0.760819 -0.081934 0.643772 0.333983 1.080000 1 0 1.0
0 -2.172355 2.121387 5.880960 0.760819 -0.081934 0.643772 0.381850 1.058573 1 0 1.0
0 -2.059185 2.784835 5.831652 0.760819 -0.081934 0.643772 0.501270 1.049697 1 0 1.0
bag_strap
0 -2.059185 2.784835 5.831652 0.760820 -0.081935 0.643770 0.501270 1.049697 1 0 1.0
0 -2.098280 3.744539 6.000000 0.760820 -0.081935 0.643770 0.674017 1.080000 1 0 1.0
0 -2.340815 2.815165 6.168348 0.760820 -0.081935 0.643770 0.506730 1.110303 1 0 1.0
bag_strap
0 -2.340815 2.815165 6.168348 0.760820 -0.081935 0.643770 0.506730 1.110303 1 0 1.0
0 -2.301720 1.855461 6.000000 0.760820 -0.081935 0.643770 0.333983 1.080000 1 0 1.0
0 -2.059185 2.784835 5.831652 0.760820 -0.081935 0.643770 0.501270 1.049697 1 0 1.0
bag_strap
0 -2.184892 2.688248 -5.895357 0.672673 0.000000 -0.739940 -0.393281 0.483885 1 0 1.0
0 -2.300000 2.410000 -6.000000 0.672673 0.000000 -0.739940 -0.414000 0.433800 1 0 1.0
0 -2.415108 2.688248 -6.104643 0.672673 0.000000 -0.739940 -0.434719 0.483885 1 0 1.0
bag_strap
0 -2.415108 2.688248 -6.104643 0.672673 0.000000 -0.739940 -0.434719 0.483885 1 0 1.0
0 -2.462787 3.360000 -6.147988 0.672673 0.000000 -0.739940 -0.443302 0.604800 1 0 1.0
0 -2.415108 4.031751 -6.104643 0.672673 0.000000 -0.739940 -0.434719 0.725715 1 0 1.0
bag_strap
0 -2.415108 4.031751 -6.104643 0.672673 0.000000 -0.739940 -0.434719 0.725715 1 0 1.0
0 -2.300000 4.310000 -6.000000 0.672673 0.000000 -0.739940 -0.414000 0.775800 1 0 1.0
0 -2.184892 4.031751 -5.895357 0.672673 0.000000 -0.739940 -0.393281 0.725715 1 0 1.0
bag_strap
0 -2.184892 4.031751 -5.895357 0.672673 0.000000 -0.739940 -0.393281 0.725715 1 0 1.0
0 -2.137213 3.360000 -5.852012 0.672673 0.000000 -0.739940 -0.384698 0.604800 1 0 1.0
0 -2.184892 2.688248 -5.895357 0.672673 0.000000 -0.739940 -0.393281 0.483885 1 0 1.0
bag_strap
0 -2.184892 2.688248 -5.895357 0.672673 0.000000 -0.739940 -0.393281 0.483885 1 0 1.0
0 -2.415108 2.688248 -6.104643 0.672673 0.000000 -0.739940 -0.434719 0.483885 1 0 1.0
0 -2.415108 4.031751 -6.104643 0.672673 0.000000 -0.739940 -0.434719 0.725715 1 0 1.0
bag_strap
0 -2.415108 4.031751 -6.104643 0.672673 0.000000 -0.739940 -0.434719 0.725715 1 0 1.0
0 -2.184892 4.031751 -5.895357 0.672673 0.000000 -0.739940 -0.393281 0.725715 1 0 1.0
0 -2.184892 2.688248 -5.895357 0.672673 0.000000 -0.739940 -0.393281 0.483885 1 0 1.0
bag_strap
0 -2.301720 -1.855461 6.000000 -0.612002 0.373504 0.697100 -0.414310 -0.333983 1 0 1.0
0 -3.643428 -2.000890 4.900000 -0.612002 0.373504 0.697100 -0.655817 -0.360160 1 0 1.0
0 -3.734116 -2.296215 4.978617 -0.612002 0.373504 0.697100 -0.672141 -0.413319 1 0 1.0
bag_strap
0 -2.301720 -1.855461 6.000000 -0.608556 0.425275 0.669927 -0.414310 -0.333983 1 0 1.0
0 -3.734116 -2.296215 4.978617 -0.608556 0.425275 0.669927 -0.672141 -0.413319 1 0 1.0
0 -2.371498 -2.142833 6.119040 -0.608556 0.425275 0.669927 -0.426870 -0.385710 1 0 1.0
bag_strap
0 -2.371498 -2.142833 6.119040 -0.641323 -0.007149 0.767238 -0.426870 -0.385710 1 0 1.0
0 -3.734116 -2.296215 4.978617 -0.641323 -0.007149 0.767238 -0.672141 -0.413319 1 0 1.0
0 -3.687663 -2.968661 5.011181 -0.641323 -0.007149 0.767238 -0.663779 -0.534359 1 0 1.0
bag_strap
0 -2.371498 -2.142833 6.119040 -0.653144 0.025696 0.756798 -0.426870 -0.385710 1 0 1.0
0 -3.687663 -2.968661 5.011181 -0.653144 0.025696 0.756798 -0.663779 -0.534359 1 0 1.0
0 -2.340815 -2.815165 6.168348 -0.653144 0.025696 0.756798 -0.421347 -0.506730 1 0 1.0
bag_strap
0 -2.340815 -2.815165 6.168348 -0.627783 -0.187260 0.755528 -0.421347 -0.506730 1 0 1.0
0 -3.687663 -2.968661 5.011181 -0.627783 -0.187260 0.755528 -0.663779 -0.534359 1 0 1.0
0 -3.531279 -3.624318 4.978617 -0.627783 -0.187260 0.755528 -0.635630 -0.652377 1 0 1.0
bag_strap
0 -2.340815 -2.815165 6.168348 -0.638914 -0.164831 0.751412 -0.421347 -0.506730 1 0 1.0
0 -3.531279 -3.624318 4.978617 -0.638914 -0.164831 0.751412 -0.635630 -0.652377 1 0 1.0
0 -2.227645 -3.478613 6.119040 -0.638914 -0.164831 0.751412 -0.400976 -0.626150 1 0 1.0
bag_strap
0 -2.227645 -3.478613 6.119040 -0.512307 -0.553808 0.656382 -0.400976 -0.626150 1 0 1.0
0 -3.531279 -3.624318 4.978617 -0.512307 -0.553808 0.656382 -0.635630 -0.652377 1 0 1.0
0 -3.356572 -3.879111 4.900000 -0.512307 -0.553808 0.656382 -0.604183 -0.698240 1 0 1.0
bag_strap
0 -2.227645 -3.478613 6.119040 -0.517308 -0.546474 0.658604 -0.400976 -0.626150 1 0 1.0
0 -3.356572 -3.879111 4.900000 -0.517308 -0.546474 0.658604 -0.604183 -0.698240 1 0 1.0
0 -2.098280 -3.744539 6.000000 -0.517308 -0.546474 0.658604 -0.377690 -0.674017 1 0 1.0
bag_strap
0 -2.098280 -3.744539 6.000000 0.632607 -0.374694 -0.677800 -0.377690 -0.674017 1 0 1.0
0 -3.356572 -3.879111 4.900000 0.632607 -0.374694 -0.677800 -0.604183 -0.698240 1 0 1.0
0 -3.265884 -3.583785 4.821383 0.632607 -0.374694 -0.677800 -0.587859 -0.645081 1 0 1.0
bag_strap
0 -2.098280 -3.744539 6.000000 0.613524 -0.424739 -0.665722 -0.377690 -0.674017 1 0 1.0
0 -3.265884 -3.583785 4.821383 0.613524 -0.424739 -0.665722 -0.587859 -0.645081 1 0 1.0
0 -2.028502 -3.457166 5.880960 0.613524 -0.424739 -0.665722 -0.365130 -0.622290 1 0 1.0
bag_strap
0 -2.028502 -3.457166 5.880960 0.649925 0.008096 -0.759955 -0.365130 -0.622290 1 0 1.0
0 -3.265884 -3.583785 4.821383 0.649925 0.008096 -0.759955 -0.587859 -0.645081 1 0 1.0
0 -3.312337 -2.911339 4.788819 0.649925 0.008096 -0.759955 -0.596221 -0.524041 1 0 1.0
bag_strap
0 -2.028502 -3.457166 5.880960 0.641031 -0.027000 -0.767040 -0.365130 -0.622290 1 0 1.0
0 -3.312337 -2.911339 4.788819 0.641031 -0.027000 -0.767040 -0.596221 -0.524041 1 0 1.0
0 -2.059185 -2.784835 5.831652 0.641031 -0.027000 -0.767040 -0.370653 -0.501270 1 0 1.0
bag_strap
0 -2.059185 -2.784835 5.831652 0.617469 0.185244 -0.764472 -0.370653 -0.501270 1 0 1.0
0 -3.312337 -2.911339 4.788819 0.617469 0.185244 -0.764472 -0.596221 -0.524041 1 0 1.0
0 -3.468721 -2.255682 4.821383 0.617469 0.185244 -0.764472 -0.624370 -0.406023 1 0 1.0
bag_strap
0 -2.059185 -2.784835 5.831652 0.614344 0.162184 -0.772190 -0.370653 -0.501270 1 0 1.0
0 -3.468721 -2.255682 4.821383 0.614344 0.162184 -0.772190 -0.624370 -0.406023 1 0 1.0
0 -2.172355 -2.121387 5.880960 0.614344 0.162184 -0.772190 -0.391024 -0.381850 1 0 1.0
bag_strap
0 -2.172355 -2.121387 5.880960 0.494833 0.547513 -0.674810 -0.391024 -0.381850 1 0 1.0
0 -3.468721 -2.255682 4.821383 0.494833 0.547513 -0.674810 -0.624370 -0.406023 1 0 1.0
0 -3.643428 -2.000890 4.900000 0.494833 0.547513 -0.674810 -0.655817 -0.360160 1 0 1.0
bag_strap
0 -2.172355 -2.121387 5.880960 0.495860 0.544168 -0.676760 -0.391024 -0.381850 1 0 1.0
0 -3.643428 -2.000890 4.900000 0.495860 0.544168 -0.676760 -0.655817 -0.360160 1 0 1.0
0 -2.301720 -1.855461 6.000000 0.495860 0.544168 -0.676760 -0.414310 -0.333983 1 0 1.0
bag_strap
0 -3.643428 -2.000890 4.900000 -0.952766 0.301745 0.034446 -0.360160 0.882000 1 0 1.0
0 -4.400000 -4.085404 2.233650 -0.952766 0.301745 0.034446 -0.735373 0.402057 1 0 1.0
0 -3.734116 -2.296215 4.978617 -0.952766 0.301745 0.034446 -0.413319 0.896151 1 0 1.0
bag_strap
0 -4.400000 -4.085404 2.233650 0.872365 -0.478466 0.100246 -0.735373 0.402057 1 0 1.0
0 -4.245043 -3.807816 2.210081 0.872365 -0.478466 0.100246 -0.685407 0.397815 1 0 1.0
0 -3.734116 -2.296215 4.978617 0.872365 -0.478466 0.100246 -0.413319 0.896151 1 0 1.0
bag_strap
0 -3.734116 -2.296215 4.978617 -0.975750 -0.057174 0.211289 -0.672141 0.896151 1 0 1.0
0 -4.245043 -3.807816 2.210081 -0.975750 -0.057174 0.211289 -0.764108 0.397815 1 0 1.0
0 -3.687663 -2.968661 5.011181 -0.975750 -0.057174 0.211289 -0.663779 0.902013 1 0 1.0
bag_strap
0 -4.245043 -3.807816 2.210081 0.981110 -0.101075 -0.164947 -0.764108 0.397815 1 0 1.0
0 -4.180858 -3.136687 2.180607 0.981110 -0.101075 -0.164947 -0.752554 0.392509 1 0 1.0
0 -3.687663 -2.968661 5.011181 0.981110 -0.101075 -0.164947 -0.663779 0.902013 1 0 1.0
bag_strap
0 -3.687663 -2.968661 5.011181 -0.954697 -0.236669 0.180394 -0.663779 0.902013 1 0 1.0
0 -4.180858 -3.136687 2.180607 -0.954697 -0.236669 0.180394 -0.752554 0.392509 1 0 1.0
0 -3.531279 -3.624318 4.978617 -0.954697 -0.236669 0.180394 -0.635630 0.896151 1 0 1.0
bag_strap
0 -4.180858 -3.136687 2.180607 0.973616 0.087372 -0.210805 -0.752554 0.392509 1 0 1.0
0 -4.245043 -2.465156 2.162493 0.973616 0.087372 -0.210805 -0.764108 0.389249 1 0 1.0
0 -3.531279 -3.624318 4.978617 0.973616 0.087372 -0.210805 -0.635630 0.896151 1 0 1.0
bag_strap
0 -3.531279 -3.624318 4.978617 -0.827587 -0.560940 -0.021135 -0.635630 0.896151 1 0 1.0
0 -4.245043 -2.465156 2.162493 -0.827587 -0.560940 -0.021135 -0.764108 0.389249 1 0 1.0
0 -3.356572 -3.879111 4.900000 -0.827587 -0.560940 -0.021135 -0.604183 0.882000 1 0 1.0
bag_strap
0 -4.245043 -2.465156 2.162493 0.873243 0.486215 -0.032280 -0.764108 0.389249 1 0 1.0
0 -4.400000 -2.186596 2.166350 0.873243 0.486215 -0.032280 -0.792000 0.389943 1 0 1.0
0 -3.356572 -3.879111 4.900000 0.873243 0.486215 -0.032280 -0.604183 0.882000 1 0 1.0
bag_strap
0 -3.356572 -3.879111 4.900000 0.765116 -0.374403 -0.523851 -0.604183 0.882000 1 0 1.0
0 -4.400000 -2.186596 2.166350 0.765116 -0.374403 -0.523851 -0.792000 0.389943 1 0 1.0
0 -3.265884 -3.583785 4.821383 0.765116 -0.374403 -0.523851 -0.587859 0.867849 1 0 1.0
bag_strap
0 -4.400000 -2.186596 2.166350 -0.714881 0.444871 0.539476 -0.792000 0.389943 1 0 1.0
0 -4.554957 -2.464184 2.189919 -0.714881 0.444871 0.539476 -0.819892 0.394185 1 0 1.0
0 -3.265884 -3.583785 4.821383 -0.714881 0.444871 0.539476 -0.587859 0.867849 1 0 1.0
bag_strap
0 -3.265884 -3.583785 4.821383 0.904172 0.041875 -0.425110 -0.587859 0.867849 1 0 1.0
0 -4.554957 -2.464184 2.189919 0.904172 0.041875 -0.425110 -0.819892 0.394185 1 0 1.0
0 -3.312337 -2.911339 4.788819 0.904172 0.041875 -0.425110 -0.596221 0.861987 1 0 1.0
bag_strap
0 -4.554957 -2.464184 2.189919 -0.890105 0.104609 0.443587 -0.819892 0.394185 1 0 1.0
0 -4.619143 -3.135313 2.219393 -0.890105 0.104609 0.443587 -0.831446 0.399491 1 0 1.0
0 -3.312337 -2.911339 4.788819 -0.890105 0.104609 0.443587 -0.596221 0.861987 1 0 1.0
bag_strap
0 -3.312337 -2.911339 4.788819 0.859747 0.227766 -0.457120 -0.596221 0.861987 1 0 1.0
0 -4.619143 -3.135313 2.219393 0.859747 0.227766 -0.457120 -0.831446 0.399491 1 0 1.0
0 -3.468721 -2.255682 4.821383 0.859747 0.227766 -0.457120 -0.624370 0.867849 1 0 1.0
bag_strap
0 -4.619143 -3.135313 2.219393 -0.902433 -0.074810 0.424285 -0.831446 0.399491 1 0 1.0
0 -4.554957 -3.806844 2.237507 -0.902433 -0.074810 0.424285 -0.819892 0.402751 1 0 1.0
0 -3.468721 -2.255682 4.821383 -0.902433 -0.074810 0.424285 -0.624370 0.867849 1 0 1.0
bag_strap
0 -3.468721 -2.255682 4.821383 0.573131 0.573571 -0.585267 -0.406023 0.867849 1 0 1.0
0 -4.554957 -3.806844 2.237507 0.573131 0.573571 -0.585267 -0.685232 0.402751 1 0 1.0
0 -3.643428 -2.000890 4.900000 0.573131 0.573571 -0.585267 -0.360160 0.882000 1 0 1.0
bag_strap
0 -4.554957 -3.806844 2.237507 -0.735503 -0.416545 0.534346 -0.685232 0.402751 1 0 1.0
0 -4.400000 -4.085404 2.233650 -0.735503 -0.416545 0.534346 -0.735373 0.402057 1 0 1.0
0 -3.643428 -2.000890 4.900000 -0.735503 -0.416545 0.534346 -0.360160 0.882000 1 0 1.0
bag_strap
0 -4.400000 -4.085404 2.233650 0.874044 -0.484077 0.041419 -0.735373 0.402057 1 0 1.0
0 -4.200000 -4.169528 -2.970043 0.874044 -0.484077 0.041419 -0.750515 -0.534608 1 0 1.0
0 -4.046268 -3.890667 -2.955024 0.874044 -0.484077 0.041419 -0.700320 -0.531904 1 0 1.0
bag_strap
0 -4.400000 -4.085404 2.233650 0.873908 -0.484325 0.041400 -0.735373 0.402057 1 0 1.0
0 -4.046268 -3.890667 -2.955024 0.873908 -0.484325 0.041400 -0.700320 -0.531904 1 0 1.0
0 -4.245043 -3.807816 2.210081 0.873908 -0.484325 0.041400 -0.685407 0.397815 1 0 1.0
bag_strap
0 -4.245043 -3.807816 2.210081 0.994811 -0.093634 0.039786 -0.685407 0.397815 1 0 1.0
0 -4.046268 -3.890667 -2.955024 0.994811 -0.093634 0.039786 -0.700320 -0.531904 1 0 1.0
0 -3.982591 -3.218938 -2.966351 0.994811 -0.093634 0.039786 -0.579409 -0.533943 1 0 1.0
bag_strap
0 -4.245043 -3.807816 2.210081 0.994833 -0.093395 0.039815 -0.685407 0.397815 1 0 1.0
0 -3.982591 -3.218938 -2.966351 0.994833 -0.093395 0.039815 -0.579409 -0.533943 1 0 1.0
0 -4.180858 -3.136687 2.180607 0.994833 -0.093395 0.039815 -0.564604 0.392509 1 0 1.0
bag_strap
0 -4.180858 -3.136687 2.180607 0.994694 0.096082 0.036781 -0.564604 0.392509 1 0 1.0
0 -3.982591 -3.218938 -2.966351 0.994694 0.096082 0.036781 -0.579409 -0.533943 1 0 1.0
0 -4.046268 -2.547832 -2.997389 0.994694 0.096082 0.036781 -0.458610 -0.539530 1 0 1.0
bag_strap
0 -4.180858 -3.136687 2.180607 0.994695 0.096065 0.036779 -0.564604 0.392509 1 0 1.0
0 -4.046268 -2.547832 -2.997389 0.994695 0.096065 0.036779 -0.458610 -0.539530 1 0 1.0
0 -4.245043 -2.465156 2.162493 0.994695 0.096065 0.036779 -0.443728 0.389249 1 0 1.0
bag_strap
0 -4.245043 -2.465156 2.162493 0.873054 0.486939 0.025831 -0.443728 0.389249 1 0 1.0
0 -4.046268 -2.547832 -2.997389 0.873054 0.486939 0.025831 -0.458610 -0.539530 1 0 1.0
0 -4.200000 -2.270473 -3.029957 0.873054 0.486939 0.025831 -0.408685 -0.545392 1 0 1.0
bag_strap
0 -4.245043 -2.465156 2.162493 0.873749 0.485692 0.025790 -0.443728 0.389249 1 0 1.0
0 -4.200000 -2.270473 -3.029957 0.873749 0.485692 0.025790 -0.408685 -0.545392 1 0 1.0
0 -4.400000 -2.186596 2.166350 0.873749 0.485692 0.025790 -0.393587 0.389943 1 0 1.0
bag_strap
0 -4.400000 -2.186596 2.166350 -0.874042 0.484078 -0.041455 -0.393587 0.389943 1 0 1.0
0 -4.200000 -2.270473 -3.029957 -0.874042 0.484078 -0.041455 -0.408685 -0.545392 1 0 1.0
0 -4.353731 -2.549333 -3.044976 -0.874042 0.484078 -0.041455 -0.458880 -0.548096 1 0 1.0
bag_strap
0 -4.400000 -2.186596 2.166350 -0.873908 0.484319 -0.041470 -0.393587 0.389943 1 0 1.0
0 -4.353731 -2.549333 -3.044976 -0.873908 0.484319 -0.041470 -0.458880 -0.548096 1 0 1.0
0 -4.554957 -2.464184 2.189919 -0.873908 0.484319 -0.041470 -0.443553 0.394185 1 0 1.0
bag_strap
0 -4.554957 -2.464184 2.189919 -0.994812 0.093634 -0.039763 -0.443553 0.394185 1 0 1.0
0 -4.353731 -2.549333 -3.044976 -0.994812 0.093634 -0.039763 -0.458880 -0.548096 1 0 1.0
0 -4.417408 -3.221062 -3.033649 -0.994812 0.093634 -0.039763 -0.579791 -0.546057 1 0 1.0
bag_strap
0 -4.554957 -2.464184 2.189919 -0.994836 0.093399 -0.039730 -0.443553 0.394185 1 0 1.0
0 -4.417408 -3.221062 -3.033649 -0.994836 0.093399 -0.039730 -0.579791 -0.546057 1 0 1.0
0 -4.619143 -3.135313 2.219393 -0.994836 0.093399 -0.039730 -0.564356 0.399491 1 0 1.0
bag_strap
0 -4.619143 -3.135313 2.219393 -0.994700 -0.096075 -0.036631 -0.564356 0.399491 1 0 1.0
0 -4.417408 -3.221062 -3.033649 -0.994700 -0.096075 -0.036631 -0.579791 -0.546057 1 0 1.0
0 -4.353731 -3.892168 -3.002611 -0.994700 -0.096075 -0.036631 -0.700590 -0.540470 1 0 1.0
bag_strap
0 -4.619143 -3.135313 2.219393 -0.994701 -0.096062 -0.036633 -0.564356 0.399491 1 0 1.0
0 -4.353731 -3.892168 -3.002611 -0.994701 -0.096062 -0.036633 -0.700590 -0.540470 1 0 1.0
0 -4.554957 -3.806844 2.237507 -0.994701 -0.096062 -0.036633 -0.685232 0.402751 1 0 1.0
bag_strap
0 -4.554957 -3.806844 2.237507 -0.873071 -0.486921 -0.025598 -0.685232 0.402751 1 0 1.0
0 -4.353731 -3.892168 -3.002611 -0.873071 -0.486921 -0.025598 -0.700590 -0.540470 1 0 1.0
0 -4.200000 -4.169528 -2.970043 -0.873071 -0.486921 -0.025598 -0.750515 -0.534608 1 0 1.0
bag_strap
0 -4.554957 -3.806844 2.237507 -0.873751 -0.485693 -0.025730 -0.685232 0.402751 1 0 1.0
0 -4.200000 -4.169528 -2.970043 -0.873751 -0.485693 -0.025730 -0.750515 -0.534608 1 0 1.0
0 -4.400000 -4.085404 2.233650 -0.873751 -0.485693 -0.025730 -0.735373 0.402057 1 0 1.0
bag_strap
0 -4.200000 -4.169528 -2.970043 0.757437 -0.541675 0.364524 -0.750515 -0.534608 1 0 1.0
0 -3.369811 -4.307431 -4.900000 0.757437 -0.541675 0.364524 -0.775338 -0.882000 1 0 1.0
0 -3.218398 -4.039585 -4.816605 0.757437 -0.541675 0.364524 -0.727125 -0.866989 1 0 1.0
bag_strap
0 -4.200000 -4.169528 -2.970043 0.796875 -0.460375 0.391209 -0.750515 -0.534608 1 0 1.0
0 -3.218398 -4.039585 -4.816605 0.796875 -0.460375 0.391209 -0.727125 -0.866989 1 0 1.0
0 -4.046268 -3.890667 -2.955024 0.796875 -0.460375 0.391209 -0.700320 -0.531904 1 0 1.0
bag_strap
0 -4.046268 -3.890667 -2.955024 0.896969 -0.160916 0.411767 -0.700320 -0.531904 1 0 1.0
0 -3.218398 -4.039585 -4.816605 0.896969 -0.160916 0.411767 -0.727125 -0.866989 1 0 1.0
0 -3.114786 -3.373647 -4.782061 0.896969 -0.160916 0.411767 -0.607256 -0.860771 1 0 1.0
bag_strap
0 -4.046268 -3.890667 -2.955024 0.896928 -0.077685 0.435299 -0.700320 -0.531904 1 0 1.0
0 -3.114786 -3.373647 -4.782061 0.896928 -0.077685 0.435299 -0.607256 -0.860771 1 0 1.0
0 -3.982591 -3.218938 -2.966351 0.896928 -0.077685 0.435299 -0.579409 -0.533943 1 0 1.0
bag_strap
0 -3.982591 -3.218938 -2.966351 0.902822 0.028536 0.429066 -0.579409 -0.533943 1 0 1.0
0 -3.114786 -3.373647 -4.782061 0.902822 0.028536 0.429066 -0.607256 -0.860771 1 0 1.0
0 -3.119670 -2.699715 -4.816605 0.902822 0.028536 0.429066 -0.485949 -0.866989 1 0 1.0
bag_strap
0 -3.982591 -3.218938 -2.966351 0.889668 0.104968 0.444379 -0.579409 -0.533943 1 0 1.0
0 -3.119670 -2.699715 -4.816605 0.889668 0.104968 0.444379 -0.485949 -0.866989 1 0 1.0
0 -4.046268 -2.547832 -2.997389 0.889668 0.104968 0.444379 -0.458610 -0.539530 1 0 1.0
bag_strap
0 -4.046268 -2.547832 -2.997389 0.819871 0.426497 0.381985 -0.458610 -0.539530 1 0 1.0
0 -3.119670 -2.699715 -4.816605 0.819871 0.426497 0.381985 -0.485949 -0.866989 1 0 1.0
0 -3.230189 -2.412568 -4.900000 0.819871 0.426497 0.381985 -0.434262 -0.882000 1 0 1.0
bag_strap
0 -4.046268 -2.547832 -2.997389 0.791856 0.482813 0.373973 -0.458610 -0.539530 1 0 1.0
0 -3.230189 -2.412568 -4.900000 0.791856 0.482813 0.373973 -0.434262 -0.882000 1 0 1.0
0 -4.200000 -2.270473 -3.029957 0.791856 0.482813 0.373973 -0.408685 -0.545392 1 0 1.0
bag_strap
0 -4.200000 -2.270473 -3.029957 -0.728374 0.542186 -0.418935 -0.408685 -0.545392 1 0 1.0
0 -3.230189 -2.412568 -4.900000 -0.728374 0.542186 -0.418935 -0.434262 -0.882000 1 0 1.0
0 -3.381602 -2.680415 -4.983396 -0.728374 0.542186 -0.418935 -0.482475 -0.897011 1 0 1.0
bag_strap
0 -4.200000 -2.270473 -3.029957 -0.783431 0.454710 -0.423644 -0.408685 -0.545392 1 0 1.0
0 -3.381602 -2.680415 -4.983396 -0.783431 0.454710 -0.423644 -0.482475 -0.897011 1 0 1.0
0 -4.353731 -2.549333 -3.044976 -0.783431 0.454710 -0.423644 -0.458880 -0.548096 1 0 1.0
bag_strap
0 -4.353731 -2.549333 -3.044976 -0.877993 0.160006 -0.451139 -0.458880 -0.548096 1 0 1.0
0 -3.381602 -2.680415 -4.983396 -0.877993 0.160006 -0.451139 -0.482475 -0.897011 1 0 1.0
0 -3.485214 -3.346353 -5.017939 -0.877993 0.160006 -0.451139 -0.602343 -0.903229 1 0 1.0
bag_strap
0 -4.353731 -2.549333 -3.044976 -0.900422 0.078140 -0.427941 -0.458880 -0.548096 1 0 1.0
0 -3.485214 -3.346353 -5.017939 -0.900422 0.078140 -0.427941 -0.602343 -0.903229 1 0 1.0
0 -4.417408 -3.221062 -3.033649 -0.900422 0.078140 -0.427941 -0.579791 -0.546057 1 0 1.0
bag_strap
0 -4.417408 -3.221062 -3.033649 -0.905422 -0.028273 -0.423571 -0.579791 -0.546057 1 0 1.0
0 -3.485214 -3.346353 -5.017939 -0.905422 -0.028273 -0.423571 -0.602343 -0.903229 1 0 1.0
0 -3.480330 -4.020285 -4.983396 -0.905422 -0.028273 -0.423571 -0.723651 -0.897011 1 0 1.0
bag_strap
0 -4.417408 -3.221062 -3.033649 -0.912440 -0.104870 -0.395546 -0.579791 -0.546057 1 0 1.0
0 -3.480330 -4.020285 -4.983396 -0.912440 -0.104870 -0.395546 -0.723651 -0.897011 1 0 1.0
0 -4.353731 -3.892168 -3.002611 -0.912440 -0.104870 -0.395546 -0.700590 -0.540470 1 0 1.0
bag_strap
0 -4.353731 -3.892168 -3.002611 -0.839102 -0.422480 -0.342665 -0.700590 -0.540470 1 0 1.0
0 -3.480330 -4.020285 -4.983396 -0.839102 -0.422480 -0.342665 -0.723651 -0.897011 1 0 1.0
0 -3.369811 -4.307431 -4.900000 -0.839102 -0.422480 -0.342665 -0.775338 -0.882000 1 0 1.0
bag_strap
0 -4.353731 -3.892168 -3.002611 -0.813869 -0.488114 -0.315216 -0.700590 -0.540470 1 0 1.0
0 -3.369811 -4.307431 -4.900000 -0.813869 -0.488114 -0.315216 -0.775338 -0.882000 1 0 1.0
0 -4.200000 -4.169528 -2.970043 -0.813869 -0.488114 -0.315216 -0.750515 -0.534608 1 0 1.0
bag_strap
0 -3.369811 -4.307431 -4.900000 0.625243 -0.487770 0.609222 -0.775338 -0.882000 1 0 1.0
0 -2.300000 -4.310000 -6.000000 0.625243 -0.487770 0.609222 -0.775800 -1.080000 1 0 1.0
0 -2.184892 -4.031751 -5.895357 0.625243 -0.487770 0.609222 -0.725715 -1.061164 1 0 1.0
bag_strap
0 -3.369811 -4.307431 -4.900000 0.614486 -0.529470 0.584867 -0.775338 -0.882000 1 0 1.0
0 -2.184892 -4.031751 -5.895357 0.614486 -0.529470 0.584867 -0.725715 -1.061164 1 0 1.0
0 -3.218398 -4.039585 -4.816605 0.614486 -0.529470 0.584867 -0.727125 -0.866989 1 0 1.0
bag_strap
0 -3.218398 -4.039585 -4.816605 0.719137 -0.095453 0.688281 -0.727125 -0.866989 1 0 1.0
0 -2.184892 -4.031751 -5.895357 0.719137 -0.095453 0.688281 -0.725715 -1.061164 1 0 1.0
0 -2.137213 -3.360000 -5.852012 0.719137 -0.095453 0.688281 -0.604800 -1.053362 1 0 1.0
bag_strap
0 -3.218398 -4.039585 -4.816605 0.731037 -0.148288 0.666029 -0.727125 -0.866989 1 0 1.0
0 -2.137213 -3.360000 -5.852012 0.731037 -0.148288 0.666029 -0.604800 -1.053362 1 0 1.0
0 -3.114786 -3.373647 -4.782061 0.731037 -0.148288 0.666029 -0.607256 -0.860771 1 0 1.0
bag_strap
0 -3.114786 -3.373647 -4.782061 0.734278 0.095484 0.672100 -0.607256 -0.860771 1 0 1.0
0 -2.137213 -3.360000 -5.852012 0.734278 0.095484 0.672100 -0.604800 -1.053362 1 0 1.0
0 -2.184892 -2.688248 -5.895357 0.734278 0.095484 0.672100 -0.483885 -1.061164 1 0 1.0
bag_strap
0 -3.114786 -3.373647 -4.782061 0.754957 0.039025 0.654612 -0.607256 -0.860771 1 0 1.0
0 -2.184892 -2.688248 -5.895357 0.754957 0.039025 0.654612 -0.483885 -1.061164 1 0 1.0
0 -3.119670 -2.699715 -4.816605 0.754957 0.039025 0.654612 -0.485949 -0.866989 1 0 1.0
bag_strap
0 -3.119670 -2.699715 -4.816605 0.657100 0.487924 0.574587 -0.485949 -0.866989 1 0 1.0
0 -2.184892 -2.688248 -5.895357 0.657100 0.487924 0.574587 -0.483885 -1.061164 1 0 1.0
0 -2.300000 -2.410000 -6.000000 0.657100 0.487924 0.574587 -0.433800 -1.080000 1 0 1.0
bag_strap
0 -3.119670 -2.699715 -4.816605 0.687513 0.433758 0.582392 -0.485949 -0.866989 1 0 1.0
0 -2.300000 -2.410000 -6.000000 0.687513 0.433758 0.582392 -0.433800 -1.080000 1 0 1.0
0 -3.230189 -2.412568 -4.900000 0.687513 0.433758 0.582392 -0.434262 -0.882000 1 0 1.0
bag_strap
0 -3.230189 -2.412568 -4.900000 -0.667162 0.487740 -0.563031 -0.434262 -0.882000 1 0 1.0
0 -2.300000 -2.410000 -6.000000 -0.667162 0.487740 -0.563031 -0.433800 -1.080000 1 0 1.0
0 -2.415108 -2.688248 -6.104643 -0.667162 0.487740 -0.563031 -0.483885 -1.098836 1 0 1.0
bag_strap
0 -3.230189 -2.412568 -4.900000 -0.638725 0.533653 -0.554297 -0.434262 -0.882000 1 0 1.0
0 -2.415108 -2.688248 -6.104643 -0.638725 0.533653 -0.554297 -0.483885 -1.098836 1 0 1.0
0 -3.381602 -2.680415 -4.983396 -0.638725 0.533653 -0.554297 -0.482475 -0.897011 1 0 1.0
bag_strap
0 -3.381602 -2.680415 -4.983396 -0.753654 0.095453 -0.650303 -0.482475 -0.897011 1 0 1.0
0 -2.415108 -2.688248 -6.104643 -0.753654 0.095453 -0.650303 -0.483885 -1.098836 1 0 1.0
0 -2.462787 -3.360000 -6.147988 -0.753654 0.095453 -0.650303 -0.604800 -1.106638 1 0 1.0
bag_strap
0 -3.381602 -2.680415 -4.983396 -0.732429 0.148424 -0.664468 -0.482475 -0.897011 1 0 1.0
0 -2.462787 -3.360000 -6.147988 -0.732429 0.148424 -0.664468 -0.604800 -1.106638 1 0 1.0
0 -3.485214 -3.346353 -5.017939 -0.732429 0.148424 -0.664468 -0.602343 -0.903229 1 0 1.0
bag_strap
0 -3.485214 -3.346353 -5.017939 -0.738720 -0.095484 -0.667214 -0.602343 -0.903229 1 0 1.0
0 -2.462787 -3.360000 -6.147988 -0.738720 -0.095484 -0.667214 -0.604800 -1.106638 1 0 1.0
0 -2.415108 -4.031751 -6.104643 -0.738720 -0.095484 -0.667214 -0.725715 -1.098836 1 0 1.0
bag_strap
0 -3.485214 -3.346353 -5.017939 -0.724599 -0.040515 -0.687979 -0.602343 -0.903229 1 0 1.0
0 -2.415108 -4.031751 -6.104643 -0.724599 -0.040515 -0.687979 -0.725715 -1.098836 1 0 1.0
0 -3.480330 -4.020285 -4.983396 -0.724599 -0.040515 -0.687979 -0.723651 -0.897011 1 0 1.0
bag_strap
0 -3.480330 -4.020285 -4.983396 -0.635314 -0.487933 -0.598579 -0.723651 -0.897011 1 0 1.0
0 -2.415108 -4.031751 -6.104643 -0.635314 -0.487933 -0.598579 -0.725715 -1.098836 1 0 1.0
0 -2.300000 -4.310000 -6.000000 -0.635314 -0.487933 -0.598579 -0.775800 -1.080000 1 0 1.0
bag_strap
0 -3.480330 -4.020285 -4.983396 -0.647174 -0.431596 -0.628404 -0.723651 -0.897011 1 0 1.0
0 -2.300000 -4.310000 -6.000000 -0.647174 -0.431596 -0.628404 -0.775800 -1.080000 1 0 1.0
0 -3.369811 -4.307431 -4.900000 -0.647174 -0.431596 -0.628404 -0.775338 -0.882000 1 0 1.0
bag_strap
0 -2.059185 -2.784835 5.831652 0.760819 0.081934 0.643772 -0.501270 1.049697 1 0 1.0
0 -2.172355 -2.121387 5.880960 0.760819 0.081934 0.643772 -0.381850 1.058573 1 0 1.0
0 -2.301720 -1.855461 6.000000 0.760819 0.081934 0.643772 -0.333983 1.080000 1 0 1.0
bag_strap
0 -2.301720 -1.855461 6.000000 0.760819 0.081935 0.643771 -0.333983 1.080000 1 0 1.0
0 -2.371498 -2.142833 6.119040 0.760819 0.081935 0.643771 -0.385710 1.101427 1 0 1.0
0 -2.340815 -2.815165 6.168348 0.760819 0.081935 0.643771 -0.506730 1.110303 1 0 1.0
bag_strap
0 -2.340815 -2.815165 6.168348 0.760819 0.081934 0.643772 -0.506730 1.110303 1 0 1.0
0 -2.227645 -3.478613 6.119040 0.760819 0.081934 0.643772 -0.626150 1.101427 1 0 1.0
0 -2.098280 -3.744539 6.000000 0.760819 0.081934 0.643772 -0.674017 1.080000 1 0 1.0
bag_strap
0 -2.098280 -3.744539 6.000000 0.760819 0.081935 0.643771 -0.674017 1.080000 1 0 1.0
0 -2.028502 -3.457166 5.880960 0.760819 0.081935 0.643771 -0.622290 1.058573 1 0 1.0
0 -2.059185 -2.784835 5.831652 0.760819 0.081935 0.643771 -0.501270 1.049697 1 0 1.0
bag_strap
0 -2.059185 -2.784835 5.831652 0.760820 0.081935 0.643770 -0.501270 1.049697 1 0 1.0
0 -2.301720 -1.855461 6.000000 0.760820 0.081935 0.643770 -0.333983 1.080000 1 0 1.0
0 -2.340815 -2.815165 6.168348 0.760820 0.081935 0.643770 -0.506730 1.110303 1 0 1.0
bag_strap
0 -2.340815 -2.815165 6.168348 0.760820 0.081935 0.643770 -0.506730 1.110303 1 0 1.0
0 -2.098280 -3.744539 6.000000 0.760820 0.081935 0.643770 -0.674017 1.080000 1 0 1.0
0 -2.059185 -2.784835 5.831652 0.760820 0.081935 0.643770 -0.501270 1.049697 1 0 1.0
bag_strap
0 -2.184892 -4.031751 -5.895357 0.672673 0.000000 -0.739940 -0.393281 -0.725715 1 0 1.0
0 -2.300000 -4.310000 -6.000000 0.672673 0.000000 -0.739940 -0.414000 -0.775800 1 0 1.0
0 -2.415108 -4.031751 -6.104643 0.672673 0.000000 -0.739940 -0.434719 -0.725715 1 0 1.0
bag_strap
0 -2.415108 -4.031751 -6.104643 0.672673 0.000000 -0.739940 -0.434719 -0.725715 1 0 1.0
0 -2.462787 -3.360000 -6.147988 0.672673 0.000000 -0.739940 -0.443302 -0.604800 1 0 1.0
0 -2.415108 -2.688248 -6.104643 0.672673 0.000000 -0.739940 -0.434719 -0.483885 1 0 1.0
bag_strap
0 -2.415108 -2.688248 -6.104643 0.672673 0.000000 -0.739940 -0.434719 -0.483885 1 0 1.0
0 -2.300000 -2.410000 -6.000000 0.672673 0.000000 -0.739940 -0.414000 -0.433800 1 0 1.0
0 -2.184892 -2.688248 -5.895357 0.672673 0.000000 -0.739940 -0.393281 -0.483885 1 0 1.0
bag_strap
0 -2.184892 -2.688248 -5.895357 0.672673 0.000000 -0.739940 -0.393281 -0.483885 1 0 1.0
0 -2.137213 -3.360000 -5.852012 0.672673 0.000000 -0.739940 -0.384698 -0.604800 1 0 1.0
0 -2.184892 -4.031751 -5.895357 0.672673 0.000000 -0.739940 -0.393281 -0.725715 1 0 1.0
bag_strap
0 -2.184892 -4.031751 -5.895357 0.672673 0.000000 -0.739940 -0.393281 -0.725715 1 0 1.0
0 -2.415108 -4.031751 -6.104643 0.672673 0.000000 -0.739940 -0.434719 -0.725715 1 0 1.0
0 -2.415108 -2.688248 -6.104643 0.672673 0.000000 -0.739940 -0.434719 -0.483885 1 0 1.0
bag_strap
0 -2.415108 -2.688248 -6.104643 0.672673 0.000000 -0.739940 -0.434719 -0.483885 1 0 1.0
0 -2.184892 -2.688248 -5.895357 0.672673 0.000000 -0.739940 -0.393281 -0.483885 1 0 1.0
0 -2.184892 -4.031751 -5.895357 0.672673 0.000000 -0.739940 -0.393281 -0.725715 1 0 1.0
bag_strap
0 2.660000 2.385000 -4.200000 -0.577350 -0.577350 -0.577350 0.429300 -0.756000 1 0 1.0
0 2.660000 2.325000 -4.140000 -0.577350 -0.577350 -0.577350 0.418500 -0.745200 1 0 1.0
0 2.600000 2.385000 -4.140000 -0.577350 -0.577350 -0.577350 0.429300 -0.745200 1 0 1.0
bag_strap
0 2.660000 2.325000 1.740000 -0.577350 -0.577350 0.577350 0.418500 0.313200 1 0 1.0
0 2.660000 2.385000 1.800000 -0.577350 -0.577350 0.577350 0.429300 0.324000 1 0 1.0
0 2.600000 2.385000 1.740000 -0.577350 -0.577350 0.577350 0.429300 0.313200 1 0 1.0
bag_strap
0 2.660000 3.115000 -4.200000 -0.577350 0.577350 -0.577350 0.560700 -0.756000 1 0 1.0
0 2.600000 3.115000 -4.140000 -0.577350 0.577350 -0.577350 0.560700 -0.745200 1 0 1.0
0 2.660000 3.175000 -4.140000 -0.577350 0.577350 -0.577350 0.571500 -0.745200 1 0 1.0
bag_strap
0 2.660000 3.115000 1.800000 -0.577350 0.577350 0.577350 0.560700 0.324000 1 0 1.0
0 2.660000 3.175000 1.740000 -0.577350 0.577350 0.577350 0.571500 0.313200 1 0 1.0
0 2.600000 3.115000 1.740000 -0.577350 0.577350 0.577350 0.560700 0.313200 1 0 1.0
bag_strap
0 2.740000 2.385000 -4.200000 0.577350 -0.577350 -0.577350 0.429300 -0.756000 1 0 1.0
0 2.800000 2.385000 -4.140000 0.577350 -0.577350 -0.577350 0.429300 -0.745200 1 0 1.0
0 2.740000 2.325000 -4.140000 0.577350 -0.577350 -0.577350 0.418500 -0.745200 1 0 1.0
bag_strap
0 2.740000 2.385000 1.800000 0.577350 -0.577350 0.577350 0.429300 0.324000 1 0 1.0
0 2.740000 2.325000 1.740000 0.577350 -0.577350 0.577350 0.418500 0.313200 1 0 1.0
0 2.800000 2.385000 1.740000 0.577350 -0.577350 0.577350 0.429300 0.313200 1 0 1.0
bag_strap
0 2.740000 3.115000 -4.200000 0.577350 0.577350 -0.577350 0.560700 -0.756000 1 0 1.0
0 2.740000 3.175000 -4.140000 0.577350 0.577350 -0.577350 0.571500 -0.745200 1 0 1.0
0 2.800000 3.115000 -4.140000 0.577350 0.577350 -0.577350 0.560700 -0.745200 1 0 1.0
bag_strap
0 2.740000 3.115000 1.800000 0.577350 0.577350 0.577350 0.560700 0.324000 1 0 1.0
0 2.800000 3.115000 1.740000 0.577350 0.577350 0.577350 0.560700 0.313200 1 0 1.0
0 2.740000 3.175000 1.740000 0.577350 0.577350 0.577350 0.571500 0.313200 1 0 1.0
bag_strap
0 2.660000 3.115000 -4.200000 -0.707107 0.000000 -0.707107 0.560700 -0.756000 1 0 1.0
0 2.660000 2.385000 -4.200000 -0.707107 0.000000 -0.707107 0.429300 -0.756000 1 0 1.0
0 2.600000 2.385000 -4.140000 -0.707107 0.000000 -0.707107 0.429300 -0.745200 1 0 1.0
bag_strap
0 2.660000 3.115000 -4.200000 -0.707107 0.000000 -0.707107 0.560700 -0.756000 1 0 1.0
0 2.600000 2.385000 -4.140000 -0.707107 0.000000 -0.707107 0.429300 -0.745200 1 0 1.0
0 2.600000 3.115000 -4.140000 -0.707107 0.000000 -0.707107 0.560700 -0.745200 1 0 1.0
bag_strap
0 2.660000 2.325000 -4.140000 -0.707107 -0.707107 0.000000 0.418500 -0.745200 1 0 1.0
0 2.660000 2.325000 1.740000 -0.707107 -0.707107 0.000000 0.418500 0.313200 1 0 1.0
0 2.600000 2.385000 1.740000 -0.707107 -0.707107 0.000000 0.429300 0.313200 1 0 1.0
bag_strap
0 2.660000 2.325000 -4.140000 -0.707107 -0.707107 0.000000 0.418500 -0.745200 1 0 1.0
0 2.600000 2.385000 1.740000 -0.707107 -0.707107 0.000000 0.429300 0.313200 1 0 1.0
0 2.600000 2.385000 -4.140000 -0.707107 -0.707107 0.000000 0.429300 -0.745200 1 0 1.0
bag_strap
0 2.660000 2.385000 1.800000 -0.707107 0.000000 0.707107 0.429300 0.324000 1 0 1.0
0 2.660000 3.115000 1.800000 -0.707107 0.000000 0.707107 0.560700 0.324000 1 0 1.0
0 2.600000 3.115000 1.740000 -0.707107 0.000000 0.707107 0.560700 0.313200 1 0 1.0
bag_strap
0 2.660000 2.385000 1.800000 -0.707107 0.000000 0.707107 0.429300 0.324000 1 0 1.0
0 2.600000 3.115000 1.740000 -0.707107 0.000000 0.707107 0.560700 0.313200 1 0 1.0
0 2.600000 2.385000 1.740000 -0.707107 0.000000 0.707107 0.429300 0.313200 1 0 1.0
bag_strap
0 2.660000 3.175000 1.740000 -0.707107 0.707107 0.000000 0.571500 0.313200 1 0 1.0
0 2.660000 3.175000 -4.140000 -0.707107 0.707107 0.000000 0.571500 -0.745200 1 0 1.0
0 2.600000 3.115000 -4.140000 -0.707107 0.707107 0.000000 0.560700 -0.745200 1 0 1.0
bag_strap
0 2.660000 3.175000 1.740000 -0.707107 0.707107 0.000000 0.571500 0.313200 1 0 1.0
0 2.600000 3.115000 -4.140000 -0.707107 0.707107 0.000000 0.560700 -0.745200 1 0 1.0
0 2.600000 3.115000 1.740000 -0.707107 0.707107 0.000000 0.560700 0.313200 1 0 1.0
bag_strap
0 2.740000 3.115000 -4.200000 0.000000 0.707107 -0.707107 0.493200 -0.756000 1 0 1.0
0 2.660000 3.115000 -4.200000 0.000000 0.707107 -0.707107 0.478800 -0.756000 1 0 1.0
0 2.660000 3.175000 -4.140000 0.000000 0.707107 -0.707107 0.478800 -0.745200 1 0 1.0
bag_strap
0 2.740000 3.115000 -4.200000 0.000000 0.707107 -0.707107 0.493200 -0.756000 1 0 1.0
0 2.660000 3.175000 -4.140000 0.000000 0.707107 -0.707107 0.478800 -0.745200 1 0 1.0
0 2.740000 3.175000 -4.140000 0.000000 0.707107 -0.707107 0.493200 -0.745200 1 0 1.0
bag_strap
0 2.660000 3.115000 1.800000 0.000000 0.707107 0.707107 0.478800 0.324000 1 0 1.0
0 2.740000 3.115000 1.800000 0.000000 0.707107 0.707107 0.493200 0.324000 1 0 1.0
0 2.740000 3.175000 1.740000 0.000000 0.707107 0.707107 0.493200 0.313200 1 0 1.0
bag_strap
0 2.660000 3.115000 1.800000 0.000000 0.707107 0.707107 0.478800 0.324000 1 0 1.0
0 2.740000 3.175000 1.740000 0.000000 0.707107 0.707107 0.493200 0.313200 1 0 1.0
0 2.660000 3.175000 1.740000 0.000000 0.707107 0.707107 0.478800 0.313200 1 0 1.0
bag_strap
0 2.800000 3.115000 1.740000 0.707107 0.707107 0.000000 0.560700 0.313200 1 0 1.0
0 2.800000 3.115000 -4.140000 0.707107 0.707107 0.000000 0.560700 -0.745200 1 0 1.0
0 2.740000 3.175000 -4.140000 0.707107 0.707107 0.000000 0.571500 -0.745200 1 0 1.0
bag_strap
0 2.800000 3.115000 1.740000 0.707107 0.707107 0.000000 0.560700 0.313200 1 0 1.0
0 2.740000 3.175000 -4.140000 0.707107 0.707107 0.000000 0.571500 -0.745200 1 0 1.0
0 2.740000 3.175000 1.740000 0.707107 0.707107 0.000000 0.571500 0.313200 1 0 1.0
bag_strap
0 2.740000 2.385000 -4.200000 0.707107 0.000000 -0.707107 0.429300 -0.756000 1 0 1.0
0 2.740000 3.115000 -4.200000 0.707107 0.000000 -0.707107 0.560700 -0.756000 1 0 1.0
0 2.800000 3.115000 -4.140000 0.707107 0.000000 -0.707107 0.560700 -0.745200 1 0 1.0
bag_strap
0 2.740000 2.385000 -4.200000 0.707107 0.000000 -0.707107 0.429300 -0.756000 1 0 1.0
0 2.800000 3.115000 -4.140000 0.707107 0.000000 -0.707107 0.560700 -0.745200 1 0 1.0
0 2.800000 2.385000 -4.140000 0.707107 0.000000 -0.707107 0.429300 -0.745200 1 0 1.0
bag_strap
0 2.740000 3.115000 1.800000 0.707107 0.000000 0.707107 0.560700 0.324000 1 0 1.0
0 2.740000 2.385000 1.800000 0.707107 0.000000 0.707107 0.429300 0.324000 1 0 1.0
0 2.800000 2.385000 1.740000 0.707107 0.000000 0.707107 0.429300 0.313200 1 0 1.0
bag_strap
0 2.740000 3.115000 1.800000 0.707107 0.000000 0.707107 0.560700 0.324000 1 0 1.0
0 2.800000 2.385000 1.740000 0.707107 0.000000 0.707107 0.429300 0.313200 1 0 1.0
0 2.800000 3.115000 1.740000 0.707107 0.000000 0.707107 0.560700 0.313200 1 0 1.0
bag_strap
0 2.740000 2.325000 1.740000 0.707107 -0.707107 0.000000 0.418500 0.313200 1 0 1.0
0 2.740000 2.325000 -4.140000 0.707107 -0.707107 0.000000 0.418500 -0.745200 1 0 1.0
0 2.800000 2.385000 -4.140000 0.707107 -0.707107 0.000000 0.429300 -0.745200 1 0 1.0
bag_strap
0 2.740000 2.325000 1.740000 0.707107 -0.707107 0.000000 0.418500 0.313200 1 0 1.0
0 2.800000 2.385000 -4.140000 0.707107 -0.707107 0.000000 0.429300 -0.745200 1 0 1.0
0 2.800000 2.385000 1.740000 0.707107 -0.707107 0.000000 0.429300 0.313200 1 0 1.0
bag_strap
0 2.660000 2.385000 -4.200000 0.000000 -0.707107 -0.707107 0.478800 -0.756000 1 0 1.0
0 2.740000 2.385000 -4.200000 0.000000 -0.707107 -0.707107 0.493200 -0.756000 1 0 1.0
0 2.740000 2.325000 -4.140000 0.000000 -0.707107 -0.707107 0.493200 -0.745200 1 0 1.0
bag_strap
0 2.660000 2.385000 -4.200000 0.000000 -0.707107 -0.707107 0.478800 -0.756000 1 0 1.0
0 2.740000 2.325000 -4.140000 0.000000 -0.707107 -0.707107 0.493200 -0.745200 1 0 1.0
0 2.660000 2.325000 -4.140000 0.000000 -0.707107 -0.707107 0.478800 -0.745200 1 0 1.0
bag_strap
0 2.740000 2.385000 1.800000 0.000000 -0.707107 0.707107 0.493200 0.324000 1 0 1.0
0 2.660000 2.385000 1.800000 0.000000 -0.707107 0.707107 0.478800 0.324000 1 0 1.0
0 2.660000 2.325000 1.740000 0.000000 -0.707107 0.707107 0.478800 0.313200 1 0 1.0
bag_strap
0 2.740000 2.385000 1.800000 0.000000 -0.707107 0.707107 0.493200 0.324000 1 0 1.0
0 2.660000 2.325000 1.740000 0.000000 -0.707107 0.707107 0.478800 0.313200 1 0 1.0
0 2.740000 2.325000 1.740000 0.000000 -0.707107 0.707107 0.493200 0.313200 1 0 1.0
bag_strap
0 2.660000 3.115000 -4.200000 0.000000 0.000000 -1.000000 0.478800 0.560700 1 0 1.0
0 2.740000 3.115000 -4.200000 0.000000 0.000000 -1.000000 0.493200 0.560700 1 0 1.0
0 2.740000 2.385000 -4.200000 0.000000 0.000000 -1.000000 0.493200 0.429300 1 0 1.0
bag_strap
0 2.660000 3.115000 -4.200000 0.000000 0.000000 -1.000000 0.478800 0.560700 1 0 1.0
0 2.740000 2.385000 -4.200000 0.000000 0.000000 -1.000000 0.493200 0.429300 1 0 1.0
0 2.660000 2.385000 -4.200000 0.000000 0.000000 -1.000000 0.478800 0.429300 1 0 1.0
bag_strap
0 2.600000 2.385000 -4.140000 -1.000000 0.000000 0.000000 0.429300 -0.745200 1 0 1.0
0 2.600000 2.385000 1.740000 -1.000000 0.000000 0.000000 0.429300 0.313200 1 0 1.0
0 2.600000 3.115000 1.740000 -1.000000 0.000000 0.000000 0.560700 0.313200 1 0 1.0
bag_strap
0 2.600000 2.385000 -4.140000 -1.000000 0.000000 0.000000 0.429300 -0.745200 1 0 1.0
0 2.600000 3.115000 1.740000 -1.000000 0.000000 0.000000 0.560700 0.313200 1 0 1.0
0 2.600000 3.115000 -4.140000 -1.000000 0.000000 0.000000 0.560700 -0.745200 1 0 1.0
bag_strap
0 2.740000 2.325000 -4.140000 0.000000 -1.000000 0.000000 0.493200 -0.745200 1 0 1.0
0 2.740000 2.325000 1.740000 0.000000 -1.000000 0.000000 0.493200 0.313200 1 0 1.0
0 2.660000 2.325000 1.740000 0.000000 -1.000000 0.000000 0.478800 0.313200 1 0 1.0
bag_strap
0 2.740000 2.325000 -4.140000 0.000000 -1.000000 0.000000 0.493200 -0.745200 1 0 1.0
0 2.660000 2.325000 1.740000 0.000000 -1.000000 0.000000 0.478800 0.313200 1 0 1.0
0 2.660000 2.325000 -4.140000 0.000000 -1.000000 0.000000 0.478800 -0.745200 1 0 1.0
bag_strap
0 2.740000 3.115000 1.800000 0.000000 0.000000 1.000000 0.493200 0.560700 1 0 1.0
0 2.660000 3.115000 1.800000 0.000000 0.000000 1.000000 0.478800 0.560700 1 0 1.0
0 2.660000 2.385000 1.800000 0.000000 0.000000 1.000000 0.478800 0.429300 1 0 1.0
bag_strap
0 2.740000 3.115000 1.800000 0.000000 0.000000 1.000000 0.493200 0.560700 1 0 1.0
0 2.660000 2.385000 1.800000 0.000000 0.000000 1.000000 0.478800 0.429300 1 0 1.0
0 2.740000 2.385000 1.800000 0.000000 0.000000 1.000000 0.493200 0.429300 1 0 1.0
bag_strap
0 2.660000 3.175000 -4.140000 0.000000 1.000000 0.000000 0.478800 -0.745200 1 0 1.0
0 2.660000 3.175000 1.740000 0.000000 1.000000 0.000000 0.478800 0.313200 1 0 1.0
0 2.740000 3.175000 1.740000 0.000000 1.000000 0.000000 0.493200 0.313200 1 0 1.0
bag_strap
0 2.660000 3.175000 -4.140000 0.000000 1.000000 0.000000 0.478800 -0.745200 1 0 1.0
0 2.740000 3.175000 1.740000 0.000000 1.000000 0.000000 0.493200 0.313200 1 0 1.0
0 2.740000 3.175000 -4.140000 0.000000 1.000000 0.000000 0.493200 -0.745200 1 0 1.0
bag_strap
0 2.800000 3.115000 -4.140000 1.000000 0.000000 0.000000 0.560700 -0.745200 1 0 1.0
0 2.800000 3.115000 1.740000 1.000000 0.000000 0.000000 0.560700 0.313200 1 0 1.0
0 2.800000 2.385000 1.740000 1.000000 0.000000 0.000000 0.429300 0.313200 1 0 1.0
bag_strap
0 2.800000 3.115000 -4.140000 1.000000 0.000000 0.000000 0.560700 -0.745200 1 0 1.0
0 2.800000 2.385000 1.740000 1.000000 0.000000 0.000000 0.429300 0.313200 1 0 1.0
0 2.800000 2.385000 -4.140000 1.000000 0.000000 0.000000 0.429300 -0.745200 1 0 1.0
bag_strap
0 2.660000 -3.115000 -4.200000 -0.577350 -0.577350 -0.577350 -0.560700 -0.756000 1 0 1.0
0 2.660000 -3.175000 -4.140000 -0.577350 -0.577350 -0.577350 -0.571500 -0.745200 1 0 1.0
0 2.600000 -3.115000 -4.140000 -0.577350 -0.577350 -0.577350 -0.560700 -0.745200 1 0 1.0
bag_strap
0 2.660000 -3.175000 1.740000 -0.577350 -0.577350 0.577350 -0.571500 0.313200 1 0 1.0
0 2.660000 -3.115000 1.800000 -0.577350 -0.577350 0.577350 -0.560700 0.324000 1 0 1.0
0 2.600000 -3.115000 1.740000 -0.577350 -0.577350 0.577350 -0.560700 0.313200 1 0 1.0
bag_strap
0 2.660000 -2.385000 -4.200000 -0.577350 0.577350 -0.577350 -0.429300 -0.756000 1 0 1.0
0 2.600000 -2.385000 -4.140000 -0.577350 0.577350 -0.577350 -0.429300 -0.745200 1 0 1.0
0 2.660000 -2.325000 -4.140000 -0.577350 0.577350 -0.577350 -0.418500 -0.745200 1 0 1.0
bag_strap
0 2.660000 -2.385000 1.800000 -0.577350 0.577350 0.577350 -0.429300 0.324000 1 0 1.0
0 2.660000 -2.325000 1.740000 -0.577350 0.577350 0.577350 -0.418500 0.313200 1 0 1.0
0 2.600000 -2.385000 1.740000 -0.577350 0.577350 0.577350 -0.429300 0.313200 1 0 1.0
bag_strap
0 2.740000 -3.115000 -4.200000 0.577350 -0.577350 -0.577350 -0.560700 -0.756000 1 0 1.0
0 2.800000 -3.115000 -4.140000 0.577350 -0.577350 -0.577350 -0.560700 -0.745200 1 0 1.0
0 2.740000 -3.175000 -4.140000 0.577350 -0.577350 -0.577350 -0.571500 -0.745200 1 0 1.0
bag_strap
0 2.740000 -3.115000 1.800000 0.577350 -0.577350 0.577350 -0.560700 0.324000 1 0 1.0
0 2.740000 -3.175000 1.740000 0.577350 -0.577350 0.577350 -0.571500 0.313200 1 0 1.0
0 2.800000 -3.115000 1.740000 0.577350 -0.577350 0.577350 -0.560700 0.313200 1 0 1.0
bag_strap
0 2.740000 -2.385000 -4.200000 0.577350 0.577350 -0.577350 -0.429300 -0.756000 1 0 1.0
0 2.740000 -2.325000 -4.140000 0.577350 0.577350 -0.577350 -0.418500 -0.745200 1 0 1.0
0 2.800000 -2.385000 -4.140000 0.577350 0.577350 -0.577350 -0.429300 -0.745200 1 0 1.0
bag_strap
0 2.740000 -2.385000 1.800000 0.577350 0.577350 0.577350 -0.429300 0.324000 1 0 1.0
0 2.800000 -2.385000 1.740000 0.577350 0.577350 0.577350 -0.429300 0.313200 1 0 1.0
0 2.740000 -2.325000 1.740000 0.577350 0.577350 0.577350 -0.418500 0.313200 1 0 1.0
bag_strap
0 2.660000 -2.385000 -4.200000 -0.707107 0.000000 -0.707107 -0.429300 -0.756000 1 0 1.0
0 2.660000 -3.115000 -4.200000 -0.707107 0.000000 -0.707107 -0.560700 -0.756000 1 0 1.0
0 2.600000 -3.115000 -4.140000 -0.707107 0.000000 -0.707107 -0.560700 -0.745200 1 0 1.0
bag_strap
0 2.660000 -2.385000 -4.200000 -0.707107 0.000000 -0.707107 -0.429300 -0.756000 1 0 1.0
0 2.600000 -3.115000 -4.140000 -0.707107 0.000000 -0.707107 -0.560700 -0.745200 1 0 1.0
0 2.600000 -2.385000 -4.140000 -0.707107 0.000000 -0.707107 -0.429300 -0.745200 1 0 1.0
bag_strap
0 2.660000 -3.175000 -4.140000 -0.707107 -0.707107 0.000000 -0.571500 -0.745200 1 0 1.0
0 2.660000 -3.175000 1.740000 -0.707107 -0.707107 0.000000 -0.571500 0.313200 1 0 1.0
0 2.600000 -3.115000 1.740000 -0.707107 -0.707107 0.000000 -0.560700 0.313200 1 0 1.0
bag_strap
0 2.660000 -3.175000 -4.140000 -0.707107 -0.707107 0.000000 -0.571500 -0.745200 1 0 1.0
0 2.600000 -3.115000 1.740000 -0.707107 -0.707107 0.000000 -0.560700 0.313200 1 0 1.0
0 2.600000 -3.115000 -4.140000 -0.707107 -0.707107 0.000000 -0.560700 -0.745200 1 0 1.0
bag_strap
0 2.660000 -3.115000 1.800000 -0.707107 0.000000 0.707107 -0.560700 0.324000 1 0 1.0
0 2.660000 -2.385000 1.800000 -0.707107 0.000000 0.707107 -0.429300 0.324000 1 0 1.0
0 2.600000 -2.385000 1.740000 -0.707107 0.000000 0.707107 -0.429300 0.313200 1 0 1.0
bag_strap
0 2.660000 -3.115000 1.800000 -0.707107 0.000000 0.707107 -0.560700 0.324000 1 0 1.0
0 2.600000 -2.385000 1.740000 -0.707107 0.000000 0.707107 -0.429300 0.313200 1 0 1.0
0 2.600000 -3.115000 1.740000 -0.707107 0.000000 0.707107 -0.560700 0.313200 1 0 1.0
bag_strap
0 2.660000 -2.325000 1.740000 -0.707107 0.707107 0.000000 -0.418500 0.313200 1 0 1.0
0 2.660000 -2.325000 -4.140000 -0.707107 0.707107 0.000000 -0.418500 -0.745200 1 0 1.0
0 2.600000 -2.385000 -4.140000 -0.707107 0.707107 0.000000 -0.429300 -0.745200 1 0 1.0
bag_strap
0 2.660000 -2.325000 1.740000 -0.707107 0.707107 0.000000 -0.418500 0.313200 1 0 1.0
0 2.600000 -2.385000 -4.140000 -0.707107 0.707107 0.000000 -0.429300 -0.745200 1 0 1.0
0 2.600000 -2.385000 1.740000 -0.707107 0.707107 0.000000 -0.429300 0.313200 1 0 1.0
bag_strap
0 2.740000 -2.385000 -4.200000 0.000000 0.707107 -0.707107 0.493200 -0.756000 1 0 1.0
0 2.660000 -2.385000 -4.200000 0.000000 0.707107 -0.707107 0.478800 -0.756000 1 0 1.0
0 2.660000 -2.325000 -4.140000 0.000000 0.707107 -0.707107 0.478800 -0.745200 1 0 1.0
bag_strap
0 2.740000 -2.385000 -4.200000 0.000000 0.707107 -0.707107 0.493200 -0.756000 1 0 1.0
0 2.660000 -2.325000 -4.140000 0.000000 0.707107 -0.707107 0.478800 -0.745200 1 0 1.0
0 2.740000 -2.325000 -4.140000 0.000000 0.707107 -0.707107 0.493200 -0.745200 1 0 1.0
bag_strap
0 2.660000 -2.385000 1.800000 0.000000 0.707107 0.707107 0.478800 0.324000 1 0 1.0
0 2.740000 -2.385000 1.800000 0.000000 0.707107 0.707107 0.493200 0.324000 1 0 1.0
0 2.740000 -2.325000 1.740000 0.000000 0.707107 0.707107 0.493200 0.313200 1 0 1.0
bag_strap
0 2.660000 -2.385000 1.800000 0.000000 0.707107 0.707107 0.478800 0.324000 1 0 1.0
0 2.740000 -2.325000 1.740000 0.000000 0.707107 0.707107 0.493200 0.313200 1 0 1.0
0 2.660000 -2.325000 1.740000 0.000000 0.707107 0.707107 0.478800 0.313200 1 0 1.0
bag_strap
0 2.800000 -2.385000 1.740000 0.707107 0.707107 0.000000 -0.429300 0.313200 1 0 1.0
0 2.800000 -2.385000 -4.140000 0.707107 0.707107 0.000000 -0.429300 -0.745200 1 0 1.0
0 2.740000 -2.325000 -4.140000 0.707107 0.707107 0.000000 -0.418500 -0.745200 1 0 1.0
bag_strap
0 2.800000 -2.385000 1.740000 0.707107 0.707107 0.000000 -0.429300 0.313200 1 0 1.0
0 2.740000 -2.325000 -4.140000 0.707107 0.707107 0.000000 -0.418500 -0.745200 1 0 1.0
0 2.740000 -2.325000 1.740000 0.707107 0.707107 0.000000 -0.418500 0.313200 1 0 1.0
bag_strap
0 2.740000 -3.115000 -4.200000 0.707107 0.000000 -0.707107 -0.560700 -0.756000 1 0 1.0
0 2.740000 -2.385000 -4.200000 0.707107 0.000000 -0.707107 -0.429300 -0.756000 1 0 1.0
0 2.800000 -2.385000 -4.140000 0.707107 0.000000 -0.707107 -0.429300 -0.745200 1 0 1.0
bag_strap
0 2.740000 -3.115000 -4.200000 0.707107 0.000000 -0.707107 -0.560700 -0.756000 1 0 1.0
0 2.800000 -2.385000 -4.140000 0.707107 0.000000 -0.707107 -0.429300 -0.745200 1 0 1.0
0 2.800000 -3.115000 -4.140000 0.707107 0.000000 -0.707107 -0.560700 -0.745200 1 0 1.0
bag_strap
0 2.740000 -2.385000 1.800000 0.707107 0.000000 0.707107 -0.429300 0.324000 1 0 1.0
0 2.740000 -3.115000 1.800000 0.707107 0.000000 0.707107 -0.560700 0.324000 1 0 1.0
0 2.800000 -3.115000 1.740000 0.707107 0.000000 0.707107 -0.560700 0.313200 1 0 1.0
bag_strap
0 2.740000 -2.385000 1.800000 0.707107 0.000000 0.707107 -0.429300 0.324000 1 0 1.0
0 2.800000 -3.115000 1.740000 0.707107 0.000000 0.707107 -0.560700 0.313200 1 0 1.0
0 2.800000 -2.385000 1.740000 0.707107 0.000000 0.707107 -0.429300 0.313200 1 0 1.0
bag_strap
0 2.740000 -3.175000 1.740000 0.707107 -0.707107 0.000000 -0.571500 0.313200 1 0 1.0
0 2.740000 -3.175000 -4.140000 0.707107 -0.707107 0.000000 -0.571500 -0.745200 1 0 1.0
0 2.800000 -3.115000 -4.140000 0.707107 -0.707107 0.000000 -0.560700 -0.745200 1 0 1.0
bag_strap
0 2.740000 -3.175000 1.740000 0.707107 -0.707107 0.000000 -0.571500 0.313200 1 0 1.0
0 2.800000 -3.115000 -4.140000 0.707107 -0.707107 0.000000 -0.560700 -0.745200 1 0 1.0
0 2.800000 -3.115000 1.740000 0.707107 -0.707107 0.000000 -0.560700 0.313200 1 0 1.0
bag_strap
0 2.660000 -3.115000 -4.200000 0.000000 -0.707107 -0.707107 0.478800 -0.756000 1 0 1.0
0 2.740000 -3.115000 -4.200000 0.000000 -0.707107 -0.707107 0.493200 -0.756000 1 0 1.0
0 2.740000 -3.175000 -4.140000 0.000000 -0.707107 -0.707107 0.493200 -0.745200 1 0 1.0
bag_strap
0 2.660000 -3.115000 -4.200000 0.000000 -0.707107 -0.707107 0.478800 -0.756000 1 0 1.0
0 2.740000 -3.175000 -4.140000 0.000000 -0.707107 -0.707107 0.493200 -0.745200 1 0 1.0
0 2.660000 -3.175000 -4.140000 0.000000 -0.707107 -0.707107 0.478800 -0.745200 1 0 1.0
bag_strap
0 2.740000 -3.115000 1.800000 0.000000 -0.707107 0.707107 0.493200 0.324000 1 0 1.0
0 2.660000 -3.115000 1.800000 0.000000 -0.707107 0.707107 0.478800 0.324000 1 0 1.0
0 2.660000 -3.175000 1.740000 0.000000 -0.707107 0.707107 0.478800 0.313200 1 0 1.0
bag_strap
0 2.740000 -3.115000 1.800000 0.000000 -0.707107 0.707107 0.493200 0.324000 1 0 1.0
0 2.660000 -3.175000 1.740000 0.000000 -0.707107 0.707107 0.478800 0.313200 1 0 1.0
0 2.740000 -3.175000 1.740000 0.000000 -0.707107 0.707107 0.493200 0.313200 1 0 1.0
bag_strap
0 2.660000 -2.385000 -4.200000 0.000000 0.000000 -1.000000 0.478800 -0.429300 1 0 1.0
0 2.740000 -2.385000 -4.200000 0.000000 0.000000 -1.000000 0.493200 -0.429300 1 0 1.0
0 2.740000 -3.115000 -4.200000 0.000000 0.000000 -1.000000 0.493200 -0.560700 1 0 1.0
bag_strap
0 2.660000 -2.385000 -4.200000 0.000000 0.000000 -1.000000 0.478800 -0.429300 1 0 1.0
0 2.740000 -3.115000 -4.200000 0.000000 0.000000 -1.000000 0.493200 -0.560700 1 0 1.0
0 2.660000 -3.115000 -4.200000 0.000000 0.000000 -1.000000 0.478800 -0.560700 1 0 1.0
bag_strap
0 2.600000 -3.115000 -4.140000 -1.000000 0.000000 0.000000 -0.560700 -0.745200 1 0 1.0
0 2.600000 -3.115000 1.740000 -1.000000 0.000000 0.000000 -0.560700 0.313200 1 0 1.0
0 2.600000 -2.385000 1.740000 -1.000000 0.000000 0.000000 -0.429300 0.313200 1 0 1.0
bag_strap
0 2.600000 -3.115000 -4.140000 -1.000000 0.000000 0.000000 -0.560700 -0.745200 1 0 1.0
0 2.600000 -2.385000 1.740000 -1.000000 0.000000 0.000000 -0.429300 0.313200 1 0 1.0
0 2.600000 -2.385000 -4.140000 -1.000000 0.000000 0.000000 -0.429300 -0.745200 1 0 1.0
bag_strap
0 2.740000 -3.175000 -4.140000 0.000000 -1.000000 0.000000 0.493200 -0.745200 1 0 1.0
0 2.740000 -3.175000 1.740000 0.000000 -1.000000 0.000000 0.493200 0.313200 1 0 1.0
0 2.660000 -3.175000 1.740000 0.000000 -1.000000 0.000000 0.478800 0.313200 1 0 1.0
bag_strap
0 2.740000 -3.175000 -4.140000 0.000000 -1.000000 0.000000 0.493200 -0.745200 1 0 1.0
0 2.660000 -3.175000 1.740000 0.000000 -1.000000 0.000000 0.478800 0.313200 1 0 1.0
0 2.660000 -3.175000 -4.140000 0.000000 -1.000000 0.000000 0.478800 -0.745200 1 0 1.0
bag_strap
0 2.740000 -2.385000 1.800000 0.000000 0.000000 1.000000 0.493200 -0.429300 1 0 1.0
0 2.660000 -2.385000 1.800000 0.000000 0.000000 1.000000 0.478800 -0.429300 1 0 1.0
0 2.660000 -3.115000 1.800000 0.000000 0.000000 1.000000 0.478800 -0.560700 1 0 1.0
bag_strap
0 2.740000 -2.385000 1.800000 0.000000 0.000000 1.000000 0.493200 -0.429300 1 0 1.0
0 2.660000 -3.115000 1.800000 0.000000 0.000000 1.000000 0.478800 -0.560700 1 0 1.0
0 2.740000 -3.115000 1.800000 0.000000 0.000000 1.000000 0.493200 -0.560700 1 0 1.0
bag_strap
0 2.660000 -2.325000 -4.140000 0.000000 1.000000 0.000000 0.478800 -0.745200 1 0 1.0
0 2.660000 -2.325000 1.740000 0.000000 1.000000 0.000000 0.478800 0.313200 1 0 1.0
0 2.740000 -2.325000 1.740000 0.000000 1.000000 0.000000 0.493200 0.313200 1 0 1.0
bag_strap
0 2.660000 -2.325000 -4.140000 0.000000 1.000000 0.000000 0.478800 -0.745200 1 0 1.0
0 2.740000 -2.325000 1.740000 0.000000 1.000000 0.000000 0.493200 0.313200 1 0 1.0
0 2.740000 -2.325000 -4.140000 0.000000 1.000000 0.000000 0.493200 -0.745200 1 0 1.0
bag_strap
0 2.800000 -2.385000 -4.140000 1.000000 0.000000 0.000000 -0.429300 -0.745200 1 0 1.0
0 2.800000 -2.385000 1.740000 1.000000 0.000000 0.000000 -0.429300 0.313200 1 0 1.0
0 2.800000 -3.115000 1.740000 1.000000 0.000000 0.000000 -0.560700 0.313200 1 0 1.0
bag_strap
0 2.800000 -2.385000 -4.140000 1.000000 0.000000 0.000000 -0.429300 -0.745200 1 0 1.0
0 2.800000 -3.115000 1.740000 1.000000 0.000000 0.000000 -0.560700 0.313200 1 0 1.0
0 2.800000 -3.115000 -4.140000 1.000000 0.000000 0.000000 -0.560700 -0.745200 1 0 1.0
bag_fabric
1 -2.230000 -5.280000 7.100000 -0.263873 -0.249293 -0.931785 -0.401400 -0.950400 1 1 1.0
1 -2.230000 -5.489724 7.156111 -0.263873 -0.249293 -0.931785 -0.401400 -0.988150 1 1 1.0
1 -2.430849 -5.480848 7.210615 -0.263873 -0.249293 -0.931785 -0.437553 -0.986553 1 1 1.0
bag_fabric
1 -2.230000 -5.280000 7.100000 -0.249293 -0.263873 -0.931785 -0.401400 -0.950400 1 1 1.0
1 -2.430849 -5.480848 7.210615 -0.249293 -0.263873 -0.931785 -0.437553 -0.986553 1 1 1.0
1 -2.439724 -5.279999 7.156111 -0.249293 -0.263873 -0.931785 -0.439150 -0.950400 1 1 1.0
bag_fabric
1 -2.230000 -5.489724 7.156111 -0.217777 -0.690135 -0.690135 -0.401400 1.288100 1 1 1.0
1 -2.230000 -5.643889 7.310276 -0.217777 -0.690135 -0.690135 -0.401400 1.315850 1 1 1.0
1 -2.430849 -5.589385 7.319151 -0.217777 -0.690135 -0.690135 -0.437553 1.317447 1 1 1.0
bag_fabric
1 -2.230000 -5.489724 7.156111 -0.217777 -0.690135 -0.690135 -0.401400 1.288100 1 1 1.0
1 -2.430849 -5.589385 7.319151 -0.217777 -0.690135 -0.690135 -0.437553 1.317447 1 1 1.0
1 -2.430849 -5.480848 7.210615 -0.217777 -0.690135 -0.690135 -0.437553 1.297911 1 1 1.0
bag_fabric
1 -2.230000 -5.700000 7.520000 -0.249295 -0.931785 -0.263873 -0.401400 1.353600 1 1 1.0
1 -2.439724 -5.643889 7.520000 -0.249295 -0.931785 -0.263873 -0.439150 1.353600 1 1 1.0
1 -2.430849 -5.589385 7.319151 -0.249295 -0.931785 -0.263873 -0.437553 1.317447 1 1 1.0
bag_fabric
1 -2.230000 -5.700000 7.520000 -0.263873 -0.931785 -0.249295 -0.401400 1.353600 1 1 1.0
1 -2.430849 -5.589385 7.319151 -0.263873 -0.931785 -0.249295 -0.437553 1.317447 1 1 1.0
1 -2.230000 -5.643889 7.310276 -0.263873 -0.931785 -0.249295 -0.401400 1.315850 1 1 1.0
bag_fabric
1 -2.439724 -5.643889 7.520000 -0.690135 -0.690135 -0.217777 -0.439150 1.353600 1 1 1.0
1 -2.593890 -5.489724 7.520000 -0.690135 -0.690135 -0.217777 -0.466900 1.353600 1 1 1.0
1 -2.539386 -5.480848 7.319151 -0.690135 -0.690135 -0.217777 -0.457089 1.317447 1 1 1.0
bag_fabric
1 -2.439724 -5.643889 7.520000 -0.690134 -0.690136 -0.217778 -0.439150 1.353600 1 1 1.0
1 -2.539386 -5.480848 7.319151 -0.690134 -0.690136 -0.217778 -0.457089 1.317447 1 1 1.0
1 -2.430849 -5.589385 7.319151 -0.690134 -0.690136 -0.217778 -0.437553 1.317447 1 1 1.0
bag_fabric
1 -2.650000 -5.280000 7.520000 -0.931786 -0.263872 -0.249293 -0.950400 1.353600 1 1 1.0
1 -2.593890 -5.279999 7.310276 -0.931786 -0.263872 -0.249293 -0.950400 1.315850 1 1 1.0
1 -2.539386 -5.480848 7.319151 -0.931786 -0.263872 -0.249293 -0.986553 1.317447 1 1 1.0
bag_fabric
1 -2.650000 -5.280000 7.520000 -0.931786 -0.249293 -0.263872 -0.950400 1.353600 1 1 1.0
1 -2.539386 -5.480848 7.319151 -0.931786 -0.249293 -0.263872 -0.986553 1.317447 1 1 1.0
1 -2.593890 -5.489724 7.520000 -0.931786 -0.249293 -0.263872 -0.988150 1.353600 1 1 1.0
bag_fabric
1 -2.593890 -5.279999 7.310276 -0.690135 -0.217778 -0.690135 -0.466900 -0.950400 1 1 1.0
1 -2.439724 -5.279999 7.156111 -0.690135 -0.217778 -0.690135 -0.439150 -0.950400 1 1 1.0
1 -2.430849 -5.480848 7.210615 -0.690135 -0.217778 -0.690135 -0.437553 -0.986553 1 1 1.0
bag_fabric
1 -2.593890 -5.279999 7.310276 -0.690134 -0.217777 -0.690136 -0.466900 -0.950400 1 1 1.0
1 -2.430849 -5.480848 7.210615 -0.690134 -0.217777 -0.690136 -0.437553 -0.986553 1 1 1.0
1 -2.539386 -5.480848 7.319151 -0.690134 -0.217777 -0.690136 -0.457089 -0.986553 1 1 1.0
bag_fabric
1 -2.430849 -5.480848 7.210615 -0.577349 -0.577351 -0.577351 -0.437553 1.297911 1 1 1.0
1 -2.430849 -5.589385 7.319151 -0.577349 -0.577351 -0.577351 -0.437553 1.317447 1 1 1.0
1 -2.539386 -5.480848 7.319151 -0.577349 -0.577351 -0.577351 -0.457089 1.317447 1 1 1.0
bag_fabric
1 -2.230000 -5.700000 7.580000 -0.263873 -0.931785 0.249295 -0.401400 1.364400 1 1 1.0
1 -2.230000 -5.643889 7.789724 -0.263873 -0.931785 0.249295 -0.401400 1.402150 1 1 1.0
1 -2.430849 -5.589385 7.780849 -0.263873 -0.931785 0.249295 -0.437553 1.400553 1 1 1.0
bag_fabric
1 -2.230000 -5.700000 7.580000 -0.249295 -0.931785 0.263873 -0.401400 1.364400 1 1 1.0
1 -2.430849 -5.589385 7.780849 -0.249295 -0.931785 0.263873 -0.437553 1.400553 1 1 1.0
1 -2.439724 -5.643889 7.580000 -0.249295 -0.931785 0.263873 -0.439150 1.364400 1 1 1.0
bag_fabric
1 -2.230000 -5.643889 7.789724 -0.217777 -0.690135 0.690135 -0.401400 1.402150 1 1 1.0
1 -2.230000 -5.489724 7.943890 -0.217777 -0.690135 0.690135 -0.401400 1.429900 1 1 1.0
1 -2.430849 -5.480848 7.889386 -0.217777 -0.690135 0.690135 -0.437553 1.420089 1 1 1.0
bag_fabric
1 -2.230000 -5.643889 7.789724 -0.217777 -0.690135 0.690135 -0.401400 1.402150 1 1 1.0
1 -2.430849 -5.480848 7.889386 -0.217777 -0.690135 0.690135 -0.437553 1.420089 1 1 1.0
1 -2.430849 -5.589385 7.780849 -0.217777 -0.690135 0.690135 -0.437553 1.400553 1 1 1.0
bag_fabric
1 -2.230000 -5.280000 8.000000 -0.249293 -0.263873 0.931785 -0.401400 -0.950400 1 1 1.0
1 -2.439724 -5.279999 7.943890 -0.249293 -0.263873 0.931785 -0.439150 -0.950400 1 1 1.0
1 -2.430849 -5.480848 7.889386 -0.249293 -0.263873 0.931785 -0.437553 -0.986553 1 1 1.0
bag_fabric
1 -2.230000 -5.280000 8.000000 -0.263873 -0.249293 0.931785 -0.401400 -0.950400 1 1 1.0
1 -2.430849 -5.480848 7.889386 -0.263873 -0.249293 0.931785 -0.437553 -0.986553 1 1 1.0
1 -2.230000 -5.489724 7.943890 -0.263873 -0.249293 0.931785 -0.401400 -0.988150 1 1 1.0
bag_fabric
1 -2.439724 -5.279999 7.943890 -0.690135 -0.217777 0.690135 -0.439150 -0.950400 1 1 1.0
1 -2.593890 -5.279999 7.789724 -0.690135 -0.217777 0.690135 -0.466900 -0.950400 1 1 1.0
1 -2.539386 -5.480848 7.780849 -0.690135 -0.217777 0.690135 -0.457089 -0.986553 1 1 1.0
bag_fabric
1 -2.439724 -5.279999 7.943890 -0.690134 -0.217778 0.690136 -0.439150 -0.950400 1 1 1.0
1 -2.539386 -5.480848 7.780849 -0.690134 -0.217778 0.690136 -0.457089 -0.986553 1 1 1.0
1 -2.430849 -5.480848 7.889386 -0.690134 -0.217778 0.690136 -0.437553 -0.986553 1 1 1.0
bag_fabric
1 -2.650000 -5.280000 7.580000 -0.931786 -0.249293 0.263872 -0.950400 1.364400 1 1 1.0
1 -2.593890 -5.489724 7.580000 -0.931786 -0.249293 0.263872 -0.988150 1.364400 1 1 1.0
1 -2.539386 -5.480848 7.780849 -0.931786 -0.249293 0.263872 -0.986553 1.400553 1 1 1.0
bag_fabric
1 -2.650000 -5.280000 7.580000 -0.931786 -0.263872 0.249293 -0.950400 1.364400 1 1 1.0
1 -2.539386 -5.480848 7.780849 -0.931786 -0.263872 0.249293 -0.986553 1.400553 1 1 1.0
1 -2.593890 -5.279999 7.789724 -0.931786 -0.263872 0.249293 -0.950400 1.402150 1 1 1.0
bag_fabric
1 -2.593890 -5.489724 7.580000 -0.690135 -0.690135 0.217778 -0.466900 1.364400 1 1 1.0
1 -2.439724 -5.643889 7.580000 -0.690135 -0.690135 0.217778 -0.439150 1.364400 1 1 1.0
1 -2.430849 -5.589385 7.780849 -0.690135 -0.690135 0.217778 -0.437553 1.400553 1 1 1.0
bag_fabric
1 -2.593890 -5.489724 7.580000 -0.690134 -0.690136 0.217777 -0.466900 1.364400 1 1 1.0
1 -2.430849 -5.589385 7.780849 -0.690134 -0.690136 0.217777 -0.437553 1.400553 1 1 1.0
1 -2.539386 -5.480848 7.780849 -0.690134 -0.690136 0.217777 -0.457089 1.400553 1 1 1.0
bag_fabric
1 -2.430849 -5.589385 7.780849 -0.577349 -0.577351 0.577351 -0.437553 1.400553 1 1 1.0
1 -2.430849 -5.480848 7.889386 -0.577349 -0.577351 0.577351 -0.437553 1.420089 1 1 1.0
1 -2.539386 -5.480848 7.780849 -0.577349 -0.577351 0.577351 -0.457089 1.400553 1 1 1.0
bag_fabric
1 -2.230000 5.280000 7.100000 -0.249293 0.263873 -0.931785 -0.401400 0.950400 1 1 1.0
1 -2.439724 5.279999 7.156111 -0.249293 0.263873 -0.931785 -0.439150 0.950400 1 1 1.0
1 -2.430849 5.480848 7.210615 -0.249293 0.263873 -0.931785 -0.437553 0.986553 1 1 1.0
bag_fabric
1 -2.230000 5.280000 7.100000 -0.263873 0.249293 -0.931785 -0.401400 0.950400 1 1 1.0
1 -2.430849 5.480848 7.210615 -0.263873 0.249293 -0.931785 -0.437553 0.986553 1 1 1.0
1 -2.230000 5.489724 7.156111 -0.263873 0.249293 -0.931785 -0.401400 0.988150 1 1 1.0
bag_fabric
1 -2.439724 5.279999 7.156111 -0.690135 0.217777 -0.690135 -0.439150 0.950400 1 1 1.0
1 -2.593890 5.279999 7.310276 -0.690135 0.217777 -0.690135 -0.466900 0.950400 1 1 1.0
1 -2.539386 5.480848 7.319151 -0.690135 0.217777 -0.690135 -0.457089 0.986553 1 1 1.0
bag_fabric
1 -2.439724 5.279999 7.156111 -0.690134 0.217778 -0.690136 -0.439150 0.950400 1 1 1.0
1 -2.539386 5.480848 7.319151 -0.690134 0.217778 -0.690136 -0.457089 0.986553 1 1 1.0
1 -2.430849 5.480848 7.210615 -0.690134 0.217778 -0.690136 -0.437553 0.986553 1 1 1.0
bag_fabric
1 -2.650000 5.280000 7.520000 -0.931786 0.249293 -0.263872 0.950400 1.353600 1 1 1.0
1 -2.593890 5.489724 7.520000 -0.931786 0.249293 -0.263872 0.988150 1.353600 1 1 1.0
1 -2.539386 5.480848 7.319151 -0.931786 0.249293 -0.263872 0.986553 1.317447 1 1 1.0
bag_fabric
1 -2.650000 5.280000 7.520000 -0.931786 0.263872 -0.249293 0.950400 1.353600 1 1 1.0
1 -2.539386 5.480848 7.319151 -0.931786 0.263872 -0.249293 0.986553 1.317447 1 1 1.0
1 -2.593890 5.279999 7.310276 -0.931786 0.263872 -0.249293 0.950400 1.315850 1 1 1.0
bag_fabric
1 -2.593890 5.489724 7.520000 -0.690135 0.690135 -0.217778 -0.466900 1.353600 1 1 1.0
1 -2.439724 5.643889 7.520000 -0.690135 0.690135 -0.217778 -0.439150 1.353600 1 1 1.0
1 -2.430849 5.589385 7.319151 -0.690135 0.690135 -0.217778 -0.437553 1.317447 1 1 1.0
bag_fabric
1 -2.593890 5.489724 7.520000 -0.690134 0.690136 -0.217777 -0.466900 1.353600 1 1 1.0
1 -2.430849 5.589385 7.319151 -0.690134 0.690136 -0.217777 -0.437553 1.317447 1 1 1.0
1 -2.539386 5.480848 7.319151 -0.690134 0.690136 -0.217777 -0.457089 1.317447 1 1 1.0
bag_fabric
1 -2.230000 5.700000 7.520000 -0.263873 0.931785 -0.249295 -0.401400 1.353600 1 1 1.0
1 -2.230000 5.643889 7.310276 -0.263873 0.931785 -0.249295 -0.401400 1.315850 1 1 1.0
1 -2.430849 5.589385 7.319151 -0.263873 0.931785 -0.249295 -0.437553 1.317447 1 1 1.0
bag_fabric
1 -2.230000 5.700000 7.520000 -0.249295 0.931785 -0.263873 -0.401400 1.353600 1 1 1.0
1 -2.430849 5.589385 7.319151 -0.249295 0.931785 -0.263873 -0.437553 1.317447 1 1 1.0
1 -2.439724 5.643889 7.520000 -0.249295 0.931785 -0.263873 -0.439150 1.353600 1 1 1.0
bag_fabric
1 -2.230000 5.643889 7.310276 -0.217777 0.690135 -0.690135 -0.401400 1.315850 1 1 1.0
1 -2.230000 5.489724 7.156111 -0.217777 0.690135 -0.690135 -0.401400 1.288100 1 1 1.0
1 -2.430849 5.480848 7.210615 -0.217777 0.690135 -0.690135 -0.437553 1.297911 1 1 1.0
bag_fabric
1 -2.230000 5.643889 7.310276 -0.217777 0.690135 -0.690135 -0.401400 1.315850 1 1 1.0
1 -2.430849 5.480848 7.210615 -0.217777 0.690135 -0.690135 -0.437553 1.297911 1 1 1.0
1 -2.430849 5.589385 7.319151 -0.217777 0.690135 -0.690135 -0.437553 1.317447 1 1 1.0
bag_fabric
1 -2.430849 5.480848 7.210615 -0.577349 0.577351 -0.577351 -0.437553 1.297911 1 1 1.0
1 -2.539386 5.480848 7.319151 -0.577349 0.577351 -0.577351 -0.457089 1.317447 1 1 1.0
1 -2.430849 5.589385 7.319151 -0.577349 0.577351 -0.577351 -0.437553 1.317447 1 1 1.0
bag_fabric
1 -2.230000 5.280000 8.000000 -0.263873 0.249293 0.931785 -0.401400 0.950400 1 1 1.0
1 -2.230000 5.489724 7.943890 -0.263873 0.249293 0.931785 -0.401400 0.988150 1 1 1.0
1 -2.430849 5.480848 7.889386 -0.263873 0.249293 0.931785 -0.437553 0.986553 1 1 1.0
bag_fabric
1 -2.230000 5.280000 8.000000 -0.249293 0.263873 0.931785 -0.401400 0.950400 1 1 1.0
1 -2.430849 5.480848 7.889386 -0.249293 0.263873 0.931785 -0.437553 0.986553 1 1 1.0
1 -2.439724 5.279999 7.943890 -0.249293 0.263873 0.931785 -0.439150 0.950400 1 1 1.0
bag_fabric
1 -2.230000 5.489724 7.943890 -0.217777 0.690135 0.690135 -0.401400 1.429900 1 1 1.0
1 -2.230000 5.643889 7.789724 -0.217777 0.690135 0.690135 -0.401400 1.402150 1 1 1.0
1 -2.430849 5.589385 7.780849 -0.217777 0.690135 0.690135 -0.437553 1.400553 1 1 1.0
bag_fabric
1 -2.230000 5.489724 7.943890 -0.217777 0.690135 0.690135 -0.401400 1.429900 1 1 1.0
1 -2.430849 5.589385 7.780849 -0.217777 0.690135 0.690135 -0.437553 1.400553 1 1 1.0
1 -2.430849 5.480848 7.889386 -0.217777 0.690135 0.690135 -0.437553 1.420089 1 1 1.0
bag_fabric
1 -2.230000 5.700000 7.580000 -0.249295 0.931785 0.263873 -0.401400 1.364400 1 1 1.0
1 -2.439724 5.643889 7.580000 -0.249295 0.931785 0.263873 -0.439150 1.364400 1 1 1.0
1 -2.430849 5.589385 7.780849 -0.249295 0.931785 0.263873 -0.437553 1.400553 1 1 1.0
bag_fabric
1 -2.230000 5.700000 7.580000 -0.263873 0.931785 0.249295 -0.401400 1.364400 1 1 1.0
1 -2.430849 5.589385 7.780849 -0.263873 0.931785 0.249295 -0.437553 1.400553 1 1 1.0
1 -2.230000 5.643889 7.789724 -0.263873 0.931785 0.249295 -0.401400 1.402150 1 1 1.0
bag_fabric
1 -2.439724 5.643889 7.580000 -0.690135 0.690135 0.217777 -0.439150 1.364400 1 1 1.0
1 -2.593890 5.489724 7.580000 -0.690135 0.690135 0.217777 -0.466900 1.364400 1 1 1.0
1 -2.539386 5.480848 7.780849 -0.690135 0.690135 0.217777 -0.457089 1.400553 1 1 1.0
bag_fabric
1 -2.439724 5.643889 7.580000 -0.690134 0.690136 0.217778 -0.439150 1.364400 1 1 1.0
1 -2.539386 5.480848 7.780849 -0.690134 0.690136 0.217778 -0.457089 1.400553 1 1 1.0
1 -2.430849 5.589385 7.780849 -0.690134 0.690136 0.217778 -0.437553 1.400553 1 1 1.0
bag_fabric
1 -2.650000 5.280000 7.580000 -0.931786 0.263872 0.249293 0.950400 1.364400 1 1 1.0
1 -2.593890 5.279999 7.789724 -0.931786 0.263872 0.249293 0.950400 1.402150 1 1 1.0
1 -2.539386 5.480848 7.780849 -0.931786 0.263872 0.249293 0.986553 1.400553 1 1 1.0
bag_fabric
1 -2.650000 5.280000 7.580000 -0.931786 0.249293 0.263872 0.950400 1.364400 1 1 1.0
1 -2.539386 5.480848 7.780849 -0.931786 0.249293 0.263872 0.986553 1.400553 1 1 1.0
1 -2.593890 5.489724 7.580000 -0.931786 0.249293 0.263872 0.988150 1.364400 1 1 1.0
bag_fabric
1 -2.593890 5.279999 7.789724 -0.690135 0.217778 0.690135 -0.466900 0.950400 1 1 1.0
1 -2.439724 5.279999 7.943890 -0.690135 0.217778 0.690135 -0.439150 0.950400 1 1 1.0
1 -2.430849 5.480848 7.889386 -0.690135 0.217778 0.690135 -0.437553 0.986553 1 1 1.0
bag_fabric
1 -2.593890 5.279999 7.789724 -0.690134 0.217777 0.690136 -0.466900 0.950400 1 1 1.0
1 -2.430849 5.480848 7.889386 -0.690134 0.217777 0.690136 -0.437553 0.986553 1 1 1.0
1 -2.539386 5.480848 7.780849 -0.690134 0.217777 0.690136 -0.457089 0.986553 1 1 1.0
bag_fabric
1 -2.430849 5.480848 7.889386 -0.577349 0.577351 0.577351 -0.437553 1.420089 1 1 1.0
1 -2.430849 5.589385 7.780849 -0.577349 0.577351 0.577351 -0.437553 1.400553 1 1 1.0
1 -2.539386 5.480848 7.780849 -0.577349 0.577351 0.577351 -0.457089 1.400553 1 1 1.0
bag_fabric
1 2.530000 -5.280000 7.100000 0.249294 -0.263873 -0.931785 0.455400 -0.950400 1 1 1.0
1 2.739725 -5.279999 7.156111 0.249294 -0.263873 -0.931785 0.493150 -0.950400 1 1 1.0
1 2.730849 -5.480848 7.210615 0.249294 -0.263873 -0.931785 0.491553 -0.986553 1 1 1.0
bag_fabric
1 2.530000 -5.280000 7.100000 0.263873 -0.249294 -0.931785 0.455400 -0.950400 1 1 1.0
1 2.730849 -5.480848 7.210615 0.263873 -0.249294 -0.931785 0.491553 -0.986553 1 1 1.0
1 2.530000 -5.489724 7.156111 0.263873 -0.249294 -0.931785 0.455400 -0.988150 1 1 1.0
bag_fabric
1 2.739725 -5.279999 7.156111 0.690135 -0.217777 -0.690135 0.493150 -0.950400 1 1 1.0
1 2.893890 -5.279999 7.310276 0.690135 -0.217777 -0.690135 0.520900 -0.950400 1 1 1.0
1 2.839386 -5.480848 7.319151 0.690135 -0.217777 -0.690135 0.511090 -0.986553 1 1 1.0
bag_fabric
1 2.739725 -5.279999 7.156111 0.690133 -0.217779 -0.690136 0.493150 -0.950400 1 1 1.0
1 2.839386 -5.480848 7.319151 0.690133 -0.217779 -0.690136 0.511090 -0.986553 1 1 1.0
1 2.730849 -5.480848 7.210615 0.690133 -0.217779 -0.690136 0.491553 -0.986553 1 1 1.0
bag_fabric
1 2.950000 -5.280000 7.520000 0.931785 -0.249294 -0.263872 -0.950400 1.353600 1 1 1.0
1 2.893890 -5.489724 7.520000 0.931785 -0.249294 -0.263872 -0.988150 1.353600 1 1 1.0
1 2.839386 -5.480848 7.319151 0.931785 -0.249294 -0.263872 -0.986553 1.317447 1 1 1.0
bag_fabric
1 2.950000 -5.280000 7.520000 0.931785 -0.263872 -0.249294 -0.950400 1.353600 1 1 1.0
1 2.839386 -5.480848 7.319151 0.931785 -0.263872 -0.249294 -0.986553 1.317447 1 1 1.0
1 2.893890 -5.279999 7.310276 0.931785 -0.263872 -0.249294 -0.950400 1.315850 1 1 1.0
bag_fabric
1 2.893890 -5.489724 7.520000 0.690135 -0.690135 -0.217778 0.520900 1.353600 1 1 1.0
1 2.739725 -5.643889 7.520000 0.690135 -0.690135 -0.217778 0.493150 1.353600 1 1 1.0
1 2.730849 -5.589385 7.319151 0.690135 -0.690135 -0.217778 0.491553 1.317447 1 1 1.0
bag_fabric
1 2.893890 -5.489724 7.520000 0.690134 -0.690137 -0.217777 0.520900 1.353600 1 1 1.0
1 2.730849 -5.589385 7.319151 0.690134 -0.690137 -0.217777 0.491553 1.317447 1 1 1.0
1 2.839386 -5.480848 7.319151 0.690134 -0.690137 -0.217777 0.511090 1.317447 1 1 1.0
bag_fabric
1 2.530000 -5.700000 7.520000 0.263873 -0.931785 -0.249295 0.455400 1.353600 1 1 1.0
1 2.530000 -5.643889 7.310276 0.263873 -0.931785 -0.249295 0.455400 1.315850 1 1 1.0
1 2.730849 -5.589385 7.319151 0.263873 -0.931785 -0.249295 0.491553 1.317447 1 1 1.0
bag_fabric
1 2.530000 -5.700000 7.520000 0.249295 -0.931785 -0.263873 0.455400 1.353600 1 1 1.0
1 2.730849 -5.589385 7.319151 0.249295 -0.931785 -0.263873 0.491553 1.317447 1 1 1.0
1 2.739725 -5.643889 7.520000 0.249295 -0.931785 -0.263873 0.493150 1.353600 1 1 1.0
bag_fabric
1 2.530000 -5.643889 7.310276 0.217777 -0.690135 -0.690135 0.455400 1.315850 1 1 1.0
1 2.530000 -5.489724 7.156111 0.217777 -0.690135 -0.690135 0.455400 1.288100 1 1 1.0
1 2.730849 -5.480848 7.210615 0.217777 -0.690135 -0.690135 0.491553 1.297911 1 1 1.0
bag_fabric
1 2.530000 -5.643889 7.310276 0.217777 -0.690135 -0.690135 0.455400 1.315850 1 1 1.0
1 2.730849 -5.480848 7.210615 0.217777 -0.690135 -0.690135 0.491553 1.297911 1 1 1.0
1 2.730849 -5.589385 7.319151 0.217777 -0.690135 -0.690135 0.491553 1.317447 1 1 1.0
bag_fabric
1 2.730849 -5.480848 7.210615 0.577349 -0.577351 -0.577351 0.491553 1.297911 1 1 1.0
1 2.839386 -5.480848 7.319151 0.577349 -0.577351 -0.577351 0.511090 1.317447 1 1 1.0
1 2.730849 -5.589385 7.319151 0.577349 -0.577351 -0.577351 0.491553 1.317447 1 1 1.0
bag_fabric
1 2.530000 -5.280000 8.000000 0.263873 -0.249294 0.931785 0.455400 -0.950400 1 1 1.0
1 2.530000 -5.489724 7.943890 0.263873 -0.249294 0.931785 0.455400 -0.988150 1 1 1.0
1 2.730849 -5.480848 7.889386 0.263873 -0.249294 0.931785 0.491553 -0.986553 1 1 1.0
bag_fabric
1 2.530000 -5.280000 8.000000 0.249294 -0.263873 0.931785 0.455400 -0.950400 1 1 1.0
1 2.730849 -5.480848 7.889386 0.249294 -0.263873 0.931785 0.491553 -0.986553 1 1 1.0
1 2.739725 -5.279999 7.943890 0.249294 -0.263873 0.931785 0.493150 -0.950400 1 1 1.0
bag_fabric
1 2.530000 -5.489724 7.943890 0.217777 -0.690135 0.690135 0.455400 1.429900 1 1 1.0
1 2.530000 -5.643889 7.789724 0.217777 -0.690135 0.690135 0.455400 1.402150 1 1 1.0
1 2.730849 -5.589385 7.780849 0.217777 -0.690135 0.690135 0.491553 1.400553 1 1 1.0
bag_fabric
1 2.530000 -5.489724 7.943890 0.217777 -0.690135 0.690135 0.455400 1.429900 1 1 1.0
1 2.730849 -5.589385 7.780849 0.217777 -0.690135 0.690135 0.491553 1.400553 1 1 1.0
1 2.730849 -5.480848 7.889386 0.217777 -0.690135 0.690135 0.491553 1.420089 1 1 1.0
bag_fabric
1 2.530000 -5.700000 7.580000 0.249295 -0.931785 0.263873 0.455400 1.364400 1 1 1.0
1 2.739725 -5.643889 7.580000 0.249295 -0.931785 0.263873 0.493150 1.364400 1 1 1.0
1 2.730849 -5.589385 7.780849 0.249295 -0.931785 0.263873 0.491553 1.400553 1 1 1.0
bag_fabric
1 2.530000 -5.700000 7.580000 0.263873 -0.931785 0.249295 0.455400 1.364400 1 1 1.0
1 2.730849 -5.589385 7.780849 0.263873 -0.931785 0.249295 0.491553 1.400553 1 1 1.0
1 2.530000 -5.643889 7.789724 0.263873 -0.931785 0.249295 0.455400 1.402150 1 1 1.0
bag_fabric
1 2.739725 -5.643889 7.580000 0.690135 -0.690135 0.217777 0.493150 1.364400 1 1 1.0
1 2.893890 -5.489724 7.580000 0.690135 -0.690135 0.217777 0.520900 1.364400 1 1 1.0
1 2.839386 -5.480848 7.780849 0.690135 -0.690135 0.217777 0.511090 1.400553 1 1 1.0
bag_fabric
1 2.739725 -5.643889 7.580000 0.690133 -0.690136 0.217779 0.493150 1.364400 1 1 1.0
1 2.839386 -5.480848 7.780849 0.690133 -0.690136 0.217779 0.511090 1.400553 1 1 1.0
1 2.730849 -5.589385 7.780849 0.690133 -0.690136 0.217779 0.491553 1.400553 1 1 1.0
bag_fabric
1 2.950000 -5.280000 7.580000 0.931785 -0.263872 0.249294 -0.950400 1.364400 1 1 1.0
1 2.893890 -5.279999 7.789724 0.931785 -0.263872 0.249294 -0.950400 1.402150 1 1 1.0
1 2.839386 -5.480848 7.780849 0.931785 -0.263872 0.249294 -0.986553 1.400553 1 1 1.0
bag_fabric
1 2.950000 -5.280000 7.580000 0.931785 -0.249294 0.263872 -0.950400 1.364400 1 1 1.0
1 2.839386 -5.480848 7.780849 0.931785 -0.249294 0.263872 -0.986553 1.400553 1 1 1.0
1 2.893890 -5.489724 7.580000 0.931785 -0.249294 0.263872 -0.988150 1.364400 1 1 1.0
bag_fabric
1 2.893890 -5.279999 7.789724 0.690135 -0.217778 0.690135 0.520900 -0.950400 1 1 1.0
1 2.739725 -5.279999 7.943890 0.690135 -0.217778 0.690135 0.493150 -0.950400 1 1 1.0
1 2.730849 -5.480848 7.889386 0.690135 -0.217778 0.690135 0.491553 -0.986553 1 1 1.0
bag_fabric
1 2.893890 -5.279999 7.789724 0.690134 -0.217777 0.690137 0.520900 -0.950400 1 1 1.0
1 2.730849 -5.480848 7.889386 0.690134 -0.217777 0.690137 0.491553 -0.986553 1 1 1.0
1 2.839386 -5.480848 7.780849 0.690134 -0.217777 0.690137 0.511090 -0.986553 1 1 1.0
bag_fabric
1 2.730849 -5.480848 7.889386 0.577349 -0.577351 0.577351 0.491553 1.420089 1 1 1.0
1 2.730849 -5.589385 7.780849 0.577349 -0.577351 0.577351 0.491553 1.400553 1 1 1.0
1 2.839386 -5.480848 7.780849 0.577349 -0.577351 0.577351 0.511090 1.400553 1 1 1.0
bag_fabric
1 2.530000 5.280000 7.100000 0.263873 0.249294 -0.931785 0.455400 0.950400 1 1 1.0
1 2.530000 5.489724 7.156111 0.263873 0.249294 -0.931785 0.455400 0.988150 1 1 1.0
1 2.730849 5.480848 7.210615 0.263873 0.249294 -0.931785 0.491553 0.986553 1 1 1.0
bag_fabric
1 2.530000 5.280000 7.100000 0.249294 0.263873 -0.931785 0.455400 0.950400 1 1 1.0
1 2.730849 5.480848 7.210615 0.249294 0.263873 -0.931785 0.491553 0.986553 1 1 1.0
1 2.739725 5.279999 7.156111 0.249294 0.263873 -0.931785 0.493150 0.950400 1 1 1.0
bag_fabric
1 2.530000 5.489724 7.156111 0.217777 0.690135 -0.690135 0.455400 1.288100 1 1 1.0
1 2.530000 5.643889 7.310276 0.217777 0.690135 -0.690135 0.455400 1.315850 1 1 1.0
1 2.730849 5.589385 7.319151 0.217777 0.690135 -0.690135 0.491553 1.317447 1 1 1.0
bag_fabric
1 2.530000 5.489724 7.156111 0.217777 0.690135 -0.690135 0.455400 1.288100 1 1 1.0
1 2.730849 5.589385 7.319151 0.217777 0.690135 -0.690135 0.491553 1.317447 1 1 1.0
1 2.730849 5.480848 7.210615 0.217777 0.690135 -0.690135 0.491553 1.297911 1 1 1.0
bag_fabric
1 2.530000 5.700000 7.520000 0.249295 0.931785 -0.263873 0.455400 1.353600 1 1 1.0
1 2.739725 5.643889 7.520000 0.249295 0.931785 -0.263873 0.493150 1.353600 1 1 1.0
1 2.730849 5.589385 7.319151 0.249295 0.931785 -0.263873 0.491553 1.317447 1 1 1.0
bag_fabric
1 2.530000 5.700000 7.520000 0.263873 0.931785 -0.249295 0.455400 1.353600 1 1 1.0
1 2.730849 5.589385 7.319151 0.263873 0.931785 -0.249295 0.491553 1.317447 1 1 1.0
1 2.530000 5.643889 7.310276 0.263873 0.931785 -0.249295 0.455400 1.315850 1 1 1.0
bag_fabric
1 2.739725 5.643889 7.520000 0.690135 0.690135 -0.217777 0.493150 1.353600 1 1 1.0
1 2.893890 5.489724 7.520000 0.690135 0.690135 -0.217777 0.520900 1.353600 1 1 1.0
1 2.839386 5.480848 7.319151 0.690135 0.690135 -0.217777 0.511090 1.317447 1 1 1.0
bag_fabric
1 2.739725 5.643889 7.520000 0.690133 0.690136 -0.217779 0.493150 1.353600 1 1 1.0
1 2.839386 5.480848 7.319151 0.690133 0.690136 -0.217779 0.511090 1.317447 1 1 1.0
1 2.730849 5.589385 7.319151 0.690133 0.690136 -0.217779 0.491553 1.317447 1 1 1.0
bag_fabric
1 2.950000 5.280000 7.520000 0.931785 0.263872 -0.249294 0.950400 1.353600 1 1 1.0
1 2.893890 5.279999 7.310276 0.931785 0.263872 -0.249294 0.950400 1.315850 1 1 1.0
1 2.839386 5.480848 7.319151 0.931785 0.263872 -0.249294 0.986553 1.317447 1 1 1.0
bag_fabric
1 2.950000 5.280000 7.520000 0.931785 0.249294 -0.263872 0.950400 1.353600 1 1 1.0
1 2.839386 5.480848 7.319151 0.931785 0.249294 -0.263872 0.986553 1.317447 1 1 1.0
1 2.893890 5.489724 7.520000 0.931785 0.249294 -0.263872 0.988150 1.353600 1 1 1.0
bag_fabric
1 2.893890 5.279999 7.310276 0.690135 0.217778 -0.690135 0.520900 0.950400 1 1 1.0
1 2.739725 5.279999 7.156111 0.690135 0.217778 -0.690135 0.493150 0.950400 1 1 1.0
1 2.730849 5.480848 7.210615 0.690135 0.217778 -0.690135 0.491553 0.986553 1 1 1.0
bag_fabric
1 2.893890 5.279999 7.310276 0.690134 0.217777 -0.690137 0.520900 0.950400 1 1 1.0
1 2.730849 5.480848 7.210615 0.690134 0.217777 -0.690137 0.491553 0.986553 1 1 1.0
1 2.839386 5.480848 7.319151 0.690134 0.217777 -0.690137 0.511090 0.986553 1 1 1.0
bag_fabric
1 2.730849 5.480848 7.210615 0.577349 0.577351 -0.577351 0.491553 1.297911 1 1 1.0
1 2.730849 5.589385 7.319151 0.577349 0.577351 -0.577351 0.491553 1.317447 1 1 1.0
1 2.839386 5.480848 7.319151 0.577349 0.577351 -0.577351 0.511090 1.317447 1 1 1.0
bag_fabric
1 2.530000 5.280000 8.000000 0.249294 0.263873 0.931785 0.455400 0.950400 1 1 1.0
1 2.739725 5.279999 7.943890 0.249294 0.263873 0.931785 0.493150 0.950400 1 1 1.0
1 2.730849 5.480848 7.889386 0.249294 0.263873 0.931785 0.491553 0.986553 1 1 1.0
bag_fabric
1 2.530000 5.280000 8.000000 0.263873 0.249294 0.931785 0.455400 0.950400 1 1 1.0
1 2.730849 5.480848 7.889386 0.263873 0.249294 0.931785 0.491553 0.986553 1 1 1.0
1 2.530000 5.489724 7.943890 0.263873 0.249294 0.931785 0.455400 0.988150 1 1 1.0
bag_fabric
1 2.739725 5.279999 7.943890 0.690135 0.217777 0.690135 0.493150 0.950400 1 1 1.0
1 2.893890 5.279999 7.789724 0.690135 0.217777 0.690135 0.520900 0.950400 1 1 1.0
1 2.839386 5.480848 7.780849 0.690135 0.217777 0.690135 0.511090 0.986553 1 1 1.0
bag_fabric
1 2.739725 5.279999 7.943890 0.690133 0.217779 0.690136 0.493150 0.950400 1 1 1.0
1 2.839386 5.480848 7.780849 0.690133 0.217779 0.690136 0.511090 0.986553 1 1 1.0
1 2.730849 5.480848 7.889386 0.690133 0.217779 0.690136 0.491553 0.986553 1 1 1.0
bag_fabric
1 2.950000 5.280000 7.580000 0.931785 0.249294 0.263872 0.950400 1.364400 1 1 1.0
1 2.893890 5.489724 7.580000 0.931785 0.249294 0.263872 0.988150 1.364400 1 1 1.0
1 2.839386 5.480848 7.780849 0.931785 0.249294 0.263872 0.986553 1.400553 1 1 1.0
bag_fabric
1 2.950000 5.280000 7.580000 0.931785 0.263872 0.249294 0.950400 1.364400 1 1 1.0
1 2.839386 5.480848 7.780849 0.931785 0.263872 0.249294 0.986553 1.400553 1 1 1.0
1 2.893890 5.279999 7.789724 0.931785 0.263872 0.249294 0.950400 1.402150 1 1 1.0
bag_fabric
1 2.893890 5.489724 7.580000 0.690135 0.690135 0.217778 0.520900 1.364400 1 1 1.0
1 2.739725 5.643889 7.580000 0.690135 0.690135 0.217778 0.493150 1.364400 1 1 1.0
1 2.730849 5.589385 7.780849 0.690135 0.690135 0.217778 0.491553 1.400553 1 1 1.0
bag_fabric
1 2.893890 5.489724 7.580000 0.690134 0.690137 0.217777 0.520900 1.364400 1 1 1.0
1 2.730849 5.589385 7.780849 0.690134 0.690137 0.217777 0.491553 1.400553 1 1 1.0
1 2.839386 5.480848 7.780849 0.690134 0.690137 0.217777 0.511090 1.400553 1 1 1.0
bag_fabric
1 2.530000 5.700000 7.580000 0.263873 0.931785 0.249295 0.455400 1.364400 1 1 1.0
1 2.530000 5.643889 7.789724 0.263873 0.931785 0.249295 0.455400 1.402150 1 1 1.0
1 2.730849 5.589385 7.780849 0.263873 0.931785 0.249295 0.491553 1.400553 1 1 1.0
bag_fabric
1 2.530000 5.700000 7.580000 0.249295 0.931785 0.263873 0.455400 1.364400 1 1 1.0
1 2.730849 5.589385 7.780849 0.249295 0.931785 0.263873 0.491553 1.400553 1 1 1.0
1 2.739725 5.643889 7.580000 0.249295 0.931785 0.263873 0.493150 1.364400 1 1 1.0
bag_fabric
1 2.530000 5.643889 7.789724 0.217777 0.690135 0.690135 0.455400 1.402150 1 1 1.0
1 2.530000 5.489724 7.943890 0.217777 0.690135 0.690135 0.455400 1.429900 1 1 1.0
1 2.730849 5.480848 7.889386 0.217777 0.690135 0.690135 0.491553 1.420089 1 1 1.0
bag_fabric
1 2.530000 5.643889 7.789724 0.217777 0.690135 0.690135 0.455400 1.402150 1 1 1.0
1 2.730849 5.480848 7.889386 0.217777 0.690135 0.690135 0.491553 1.420089 1 1 1.0
1 2.730849 5.589385 7.780849 0.217777 0.690135 0.690135 0.491553 1.400553 1 1 1.0
bag_fabric
1 2.730849 5.480848 7.889386 0.577349 0.577351 0.577351 0.491553 1.420089 1 1 1.0
1 2.839386 5.480848 7.780849 0.577349 0.577351 0.577351 0.511090 1.400553 1 1 1.0
1 2.730849 5.589385 7.780849 0.577349 0.577351 0.577351 0.491553 1.400553 1 1 1.0
bag_fabric
1 -2.230000 5.280000 7.100000 -0.258453 0.000000 -0.966024 -0.401400 0.950400 1 1 1.0
1 -2.230000 -5.280000 7.100000 -0.258453 0.000000 -0.966024 -0.401400 -0.950400 1 1 1.0
1 -2.439724 -5.279999 7.156111 -0.258453 0.000000 -0.966024 -0.439150 -0.950400 1 1 1.0
bag_fabric
1 -2.230000 5.280000 7.100000 -0.258453 0.000000 -0.966024 -0.401400 0.950400 1 1 1.0
1 -2.439724 -5.279999 7.156111 -0.258453 0.000000 -0.966024 -0.439150 -0.950400 1 1 1.0
1 -2.439724 5.279999 7.156111 -0.258453 0.000000 -0.966024 -0.439150 0.950400 1 1 1.0
bag_fabric
1 -2.439724 5.279999 7.156111 -0.707107 0.000000 -0.707107 0.950400 1.288100 1 1 1.0
1 -2.439724 -5.279999 7.156111 -0.707107 0.000000 -0.707107 -0.950400 1.288100 1 1 1.0
1 -2.593890 -5.279999 7.310276 -0.707107 0.000000 -0.707107 -0.950400 1.315850 1 1 1.0
bag_fabric
1 -2.439724 5.279999 7.156111 -0.707107 0.000000 -0.707107 0.950400 1.288100 1 1 1.0
1 -2.593890 -5.279999 7.310276 -0.707107 0.000000 -0.707107 -0.950400 1.315850 1 1 1.0
1 -2.593890 5.279999 7.310276 -0.707107 0.000000 -0.707107 0.950400 1.315850 1 1 1.0
bag_fabric
1 -2.593890 5.279999 7.310276 -0.966024 0.000000 -0.258452 0.950400 1.315850 1 1 1.0
1 -2.593890 -5.279999 7.310276 -0.966024 0.000000 -0.258452 -0.950400 1.315850 1 1 1.0
1 -2.650000 -5.280000 7.520000 -0.966024 0.000000 -0.258452 -0.950400 1.353600 1 1 1.0
bag_fabric
1 -2.593890 5.279999 7.310276 -0.966024 0.000000 -0.258452 0.950400 1.315850 1 1 1.0
1 -2.650000 -5.280000 7.520000 -0.966024 0.000000 -0.258452 -0.950400 1.353600 1 1 1.0
1 -2.650000 5.280000 7.520000 -0.966024 0.000000 -0.258452 0.950400 1.353600 1 1 1.0
bag_fabric
1 -2.230000 -5.700000 7.520000 -0.258455 -0.966023 0.000000 -0.401400 1.353600 1 1 1.0
1 -2.230000 -5.700000 7.580000 -0.258455 -0.966023 0.000000 -0.401400 1.364400 1 1 1.0
1 -2.439724 -5.643889 7.580000 -0.258455 -0.966023 0.000000 -0.439150 1.364400 1 1 1.0
bag_fabric
1 -2.230000 -5.700000 7.520000 -0.258455 -0.966023 0.000000 -0.401400 1.353600 1 1 1.0
1 -2.439724 -5.643889 7.580000 -0.258455 -0.966023 0.000000 -0.439150 1.364400 1 1 1.0
1 -2.439724 -5.643889 7.520000 -0.258455 -0.966023 0.000000 -0.439150 1.353600 1 1 1.0
bag_fabric
1 -2.439724 -5.643889 7.520000 -0.707107 -0.707107 0.000000 -1.015900 1.353600 1 1 1.0
1 -2.439724 -5.643889 7.580000 -0.707107 -0.707107 0.000000 -1.015900 1.364400 1 1 1.0
1 -2.593890 -5.489724 7.580000 -0.707107 -0.707107 0.000000 -0.988150 1.364400 1 1 1.0
bag_fabric
1 -2.439724 -5.643889 7.520000 -0.707107 -0.707107 0.000000 -1.015900 1.353600 1 1 1.0
1 -2.593890 -5.489724 7.580000 -0.707107 -0.707107 0.000000 -0.988150 1.364400 1 1 1.0
1 -2.593890 -5.489724 7.520000 -0.707107 -0.707107 0.000000 -0.988150 1.353600 1 1 1.0
bag_fabric
1 -2.593890 -5.489724 7.520000 -0.966024 -0.258453 0.000000 -0.988150 1.353600 1 1 1.0
1 -2.593890 -5.489724 7.580000 -0.966024 -0.258453 0.000000 -0.988150 1.364400 1 1 1.0
1 -2.650000 -5.280000 7.580000 -0.966024 -0.258453 0.000000 -0.950400 1.364400 1 1 1.0
bag_fabric
1 -2.593890 -5.489724 7.520000 -0.966024 -0.258453 0.000000 -0.988150 1.353600 1 1 1.0
1 -2.650000 -5.280000 7.580000 -0.966024 -0.258453 0.000000 -0.950400 1.364400 1 1 1.0
1 -2.650000 -5.280000 7.520000 -0.966024 -0.258453 0.000000 -0.950400 1.353600 1 1 1.0
bag_fabric
1 -2.230000 -5.280000 8.000000 -0.258453 0.000000 0.966024 -0.401400 -0.950400 1 1 1.0
1 -2.230000 5.280000 8.000000 -0.258453 0.000000 0.966024 -0.401400 0.950400 1 1 1.0
1 -2.439724 5.279999 7.943890 -0.258453 0.000000 0.966024 -0.439150 0.950400 1 1 1.0
bag_fabric
1 -2.230000 -5.280000 8.000000 -0.258453 0.000000 0.966024 -0.401400 -0.950400 1 1 1.0
1 -2.439724 5.279999 7.943890 -0.258453 0.000000 0.966024 -0.439150 0.950400 1 1 1.0
1 -2.439724 -5.279999 7.943890 -0.258453 0.000000 0.966024 -0.439150 -0.950400 1 1 1.0
bag_fabric
1 -2.439724 -5.279999 7.943890 -0.707107 0.000000 0.707107 -0.950400 1.429900 1 1 1.0
1 -2.439724 5.279999 7.943890 -0.707107 0.000000 0.707107 0.950400 1.429900 1 1 1.0
1 -2.593890 5.279999 7.789724 -0.707107 0.000000 0.707107 0.950400 1.402150 1 1 1.0
bag_fabric
1 -2.439724 -5.279999 7.943890 -0.707107 0.000000 0.707107 -0.950400 1.429900 1 1 1.0
1 -2.593890 5.279999 7.789724 -0.707107 0.000000 0.707107 0.950400 1.402150 1 1 1.0
1 -2.593890 -5.279999 7.789724 -0.707107 0.000000 0.707107 -0.950400 1.402150 1 1 1.0
bag_fabric
1 -2.593890 -5.279999 7.789724 -0.966024 0.000000 0.258452 -0.950400 1.402150 1 1 1.0
1 -2.593890 5.279999 7.789724 -0.966024 0.000000 0.258452 0.950400 1.402150 1 1 1.0
1 -2.650000 5.280000 7.580000 -0.966024 0.000000 0.258452 0.950400 1.364400 1 1 1.0
bag_fabric
1 -2.593890 -5.279999 7.789724 -0.966024 0.000000 0.258452 -0.950400 1.402150 1 1 1.0
1 -2.650000 5.280000 7.580000 -0.966024 0.000000 0.258452 0.950400 1.364400 1 1 1.0
1 -2.650000 -5.280000 7.580000 -0.966024 0.000000 0.258452 -0.950400 1.364400 1 1 1.0
bag_fabric
1 -2.230000 5.700000 7.580000 -0.258455 0.966023 0.000000 -0.401400 1.364400 1 1 1.0
1 -2.230000 5.700000 7.520000 -0.258455 0.966023 0.000000 -0.401400 1.353600 1 1 1.0
1 -2.439724 5.643889 7.520000 -0.258455 0.966023 0.000000 -0.439150 1.353600 1 1 1.0
bag_fabric
1 -2.230000 5.700000 7.580000 -0.258455 0.966023 0.000000 -0.401400 1.364400 1 1 1.0
1 -2.439724 5.643889 7.520000 -0.258455 0.966023 0.000000 -0.439150 1.353600 1 1 1.0
1 -2.439724 5.643889 7.580000 -0.258455 0.966023 0.000000 -0.439150 1.364400 1 1 1.0
bag_fabric
1 -2.439724 5.643889 7.580000 -0.707107 0.707107 0.000000 1.015900 1.364400 1 1 1.0
1 -2.439724 5.643889 7.520000 -0.707107 0.707107 0.000000 1.015900 1.353600 1 1 1.0
1 -2.593890 5.489724 7.520000 -0.707107 0.707107 0.000000 0.988150 1.353600 1 1 1.0
bag_fabric
1 -2.439724 5.643889 7.580000 -0.707107 0.707107 0.000000 1.015900 1.364400 1 1 1.0
1 -2.593890 5.489724 7.520000 -0.707107 0.707107 0.000000 0.988150 1.353600 1 1 1.0
1 -2.593890 5.489724 7.580000 -0.707107 0.707107 0.000000 0.988150 1.364400 1 1 1.0
bag_fabric
1 -2.593890 5.489724 7.580000 -0.966024 0.258453 0.000000 0.988150 1.364400 1 1 1.0
1 -2.593890 5.489724 7.520000 -0.966024 0.258453 0.000000 0.988150 1.353600 1 1 1.0
1 -2.650000 5.280000 7.520000 -0.966024 0.258453 0.000000 0.950400 1.353600 1 1 1.0
bag_fabric
1 -2.593890 5.489724 7.580000 -0.966024 0.258453 0.000000 0.988150 1.364400 1 1 1.0
1 -2.650000 5.280000 7.520000 -0.966024 0.258453 0.000000 0.950400 1.353600 1 1 1.0
1 -2.650000 5.280000 7.580000 -0.966024 0.258453 0.000000 0.950400 1.364400 1 1 1.0
bag_fabric
1 2.530000 5.280000 7.100000 0.000000 0.258454 -0.966024 0.455400 0.950400 1 1 1.0
1 -2.230000 5.280000 7.100000 0.000000 0.258454 -0.966024 -0.401400 0.950400 1 1 1.0
1 -2.230000 5.489724 7.156111 0.000000 0.258454 -0.966024 -0.401400 0.988150 1 1 1.0
bag_fabric
1 2.530000 5.280000 7.100000 0.000000 0.258454 -0.966024 0.455400 0.950400 1 1 1.0
1 -2.230000 5.489724 7.156111 0.000000 0.258454 -0.966024 -0.401400 0.988150 1 1 1.0
1 2.530000 5.489724 7.156111 0.000000 0.258454 -0.966024 0.455400 0.988150 1 1 1.0
bag_fabric
1 2.530000 5.489724 7.156111 0.000000 0.707107 -0.707107 0.455400 1.288100 1 1 1.0
1 -2.230000 5.489724 7.156111 0.000000 0.707107 -0.707107 -0.401400 1.288100 1 1 1.0
1 -2.230000 5.643889 7.310276 0.000000 0.707107 -0.707107 -0.401400 1.315850 1 1 1.0
bag_fabric
1 2.530000 5.489724 7.156111 0.000000 0.707107 -0.707107 0.455400 1.288100 1 1 1.0
1 -2.230000 5.643889 7.310276 0.000000 0.707107 -0.707107 -0.401400 1.315850 1 1 1.0
1 2.530000 5.643889 7.310276 0.000000 0.707107 -0.707107 0.455400 1.315850 1 1 1.0
bag_fabric
1 2.530000 5.643889 7.310276 0.000000 0.966023 -0.258455 0.455400 1.315850 1 1 1.0
1 -2.230000 5.643889 7.310276 0.000000 0.966023 -0.258455 -0.401400 1.315850 1 1 1.0
1 -2.230000 5.700000 7.520000 0.000000 0.966023 -0.258455 -0.401400 1.353600 1 1 1.0
bag_fabric
1 2.530000 5.643889 7.310276 0.000000 0.966023 -0.258455 0.455400 1.315850 1 1 1.0
1 -2.230000 5.700000 7.520000 0.000000 0.966023 -0.258455 -0.401400 1.353600 1 1 1.0
1 2.530000 5.700000 7.520000 0.000000 0.966023 -0.258455 0.455400 1.353600 1 1 1.0
bag_fabric
1 -2.230000 5.280000 8.000000 0.000000 0.258454 0.966024 -0.401400 0.950400 1 1 1.0
1 2.530000 5.280000 8.000000 0.000000 0.258454 0.966024 0.455400 0.950400 1 1 1.0
1 2.530000 5.489724 7.943890 0.000000 0.258454 0.966024 0.455400 0.988150 1 1 1.0
bag_fabric
1 -2.230000 5.280000 8.000000 0.000000 0.258454 0.966024 -0.401400 0.950400 1 1 1.0
1 2.530000 5.489724 7.943890 0.000000 0.258454 0.966024 0.455400 0.988150 1 1 1.0
1 -2.230000 5.489724 7.943890 0.000000 0.258454 0.966024 -0.401400 0.988150 1 1 1.0
bag_fabric
1 -2.230000 5.489724 7.943890 0.000000 0.707107 0.707107 -0.401400 1.429900 1 1 1.0
1 2.530000 5.489724 7.943890 0.000000 0.707107 0.707107 0.455400 1.429900 1 1 1.0
1 2.530000 5.643889 7.789724 0.000000 0.707107 0.707107 0.455400 1.402150 1 1 1.0
bag_fabric
1 -2.230000 5.489724 7.943890 0.000000 0.707107 0.707107 -0.401400 1.429900 1 1 1.0
1 2.530000 5.643889 7.789724 0.000000 0.707107 0.707107 0.455400 1.402150 1 1 1.0
1 -2.230000 5.643889 7.789724 0.000000 0.707107 0.707107 -0.401400 1.402150 1 1 1.0
bag_fabric
1 -2.230000 5.643889 7.789724 0.000000 0.966023 0.258455 -0.401400 1.402150 1 1 1.0
1 2.530000 5.643889 7.789724 0.000000 0.966023 0.258455 0.455400 1.402150 1 1 1.0
1 2.530000 5.700000 7.580000 0.000000 0.966023 0.258455 0.455400 1.364400 1 1 1.0
bag_fabric
1 -2.230000 5.643889 7.789724 0.000000 0.966023 0.258455 -0.401400 1.402150 1 1 1.0
1 2.530000 5.700000 7.580000 0.000000 0.966023 0.258455 0.455400 1.364400 1 1 1.0
1 -2.230000 5.700000 7.580000 0.000000 0.966023 0.258455 -0.401400 1.364400 1 1 1.0
bag_fabric
1 2.950000 5.280000 7.580000 0.966024 0.258454 0.000000 0.950400 1.364400 1 1 1.0
1 2.950000 5.280000 7.520000 0.966024 0.258454 0.000000 0.950400 1.353600 1 1 1.0
1 2.893890 5.489724 7.520000 0.966024 0.258454 0.000000 0.988150 1.353600 1 1 1.0
bag_fabric
1 2.950000 5.280000 7.580000 0.966024 0.258454 0.000000 0.950400 1.364400 1 1 1.0
1 2.893890 5.489724 7.520000 0.966024 0.258454 0.000000 0.988150 1.353600 1 1 1.0
1 2.893890 5.489724 7.580000 0.966024 0.258454 0.000000 0.988150 1.364400 1 1 1.0
bag_fabric
1 2.893890 5.489724 7.580000 0.707107 0.707107 0.000000 0.988150 1.364400 1 1 1.0
1 2.893890 5.489724 7.520000 0.707107 0.707107 0.000000 0.988150 1.353600 1 1 1.0
1 2.739725 5.643889 7.520000 0.707107 0.707107 0.000000 1.015900 1.353600 1 1 1.0
bag_fabric
1 2.893890 5.489724 7.580000 0.707107 0.707107 0.000000 0.988150 1.364400 1 1 1.0
1 2.739725 5.643889 7.520000 0.707107 0.707107 0.000000 1.015900 1.353600 1 1 1.0
1 2.739725 5.643889 7.580000 0.707107 0.707107 0.000000 1.015900 1.364400 1 1 1.0
bag_fabric
1 2.739725 5.643889 7.580000 0.258455 0.966023 0.000000 0.493150 1.364400 1 1 1.0
1 2.739725 5.643889 7.520000 0.258455 0.966023 0.000000 0.493150 1.353600 1 1 1.0
1 2.530000 5.700000 7.520000 0.258455 0.966023 0.000000 0.455400 1.353600 1 1 1.0
bag_fabric
1 2.739725 5.643889 7.580000 0.258455 0.966023 0.000000 0.493150 1.364400 1 1 1.0
1 2.530000 5.700000 7.520000 0.258455 0.966023 0.000000 0.455400 1.353600 1 1 1.0
1 2.530000 5.700000 7.580000 0.258455 0.966023 0.000000 0.455400 1.364400 1 1 1.0
bag_fabric
1 2.530000 -5.280000 7.100000 0.258453 0.000000 -0.966024 0.455400 -0.950400 1 1 1.0
1 2.530000 5.280000 7.100000 0.258453 0.000000 -0.966024 0.455400 0.950400 1 1 1.0
1 2.739725 5.279999 7.156111 0.258453 0.000000 -0.966024 0.493150 0.950400 1 1 1.0
bag_fabric
1 2.530000 -5.280000 7.100000 0.258453 0.000000 -0.966024 0.455400 -0.950400 1 1 1.0
1 2.739725 5.279999 7.156111 0.258453 0.000000 -0.966024 0.493150 0.950400 1 1 1.0
1 2.739725 -5.279999 7.156111 0.258453 0.000000 -0.966024 0.493150 -0.950400 1 1 1.0
bag_fabric
1 2.739725 -5.279999 7.156111 0.707107 0.000000 -0.707107 -0.950400 1.288100 1 1 1.0
1 2.739725 5.279999 7.156111 0.707107 0.000000 -0.707107 0.950400 1.288100 1 1 1.0
1 2.893890 5.279999 7.310276 0.707107 0.000000 -0.707107 0.950400 1.315850 1 1 1.0
bag_fabric
1 2.739725 -5.279999 7.156111 0.707107 0.000000 -0.707107 -0.950400 1.288100 1 1 1.0
1 2.893890 5.279999 7.310276 0.707107 0.000000 -0.707107 0.950400 1.315850 1 1 1.0
1 2.893890 -5.279999 7.310276 0.707107 0.000000 -0.707107 -0.950400 1.315850 1 1 1.0
bag_fabric
1 2.893890 -5.279999 7.310276 0.966024 0.000000 -0.258453 -0.950400 1.315850 1 1 1.0
1 2.893890 5.279999 7.310276 0.966024 0.000000 -0.258453 0.950400 1.315850 1 1 1.0
1 2.950000 5.280000 7.520000 0.966024 0.000000 -0.258453 0.950400 1.353600 1 1 1.0
bag_fabric
1 2.893890 -5.279999 7.310276 0.966024 0.000000 -0.258453 -0.950400 1.315850 1 1 1.0
1 2.950000 5.280000 7.520000 0.966024 0.000000 -0.258453 0.950400 1.353600 1 1 1.0
1 2.950000 -5.280000 7.520000 0.966024 0.000000 -0.258453 -0.950400 1.353600 1 1 1.0
bag_fabric
1 2.530000 5.280000 8.000000 0.258453 0.000000 0.966024 0.455400 0.950400 1 1 1.0
1 2.530000 -5.280000 8.000000 0.258453 0.000000 0.966024 0.455400 -0.950400 1 1 1.0
1 2.739725 -5.279999 7.943890 0.258453 0.000000 0.966024 0.493150 -0.950400 1 1 1.0
bag_fabric
1 2.530000 5.280000 8.000000 0.258453 0.000000 0.966024 0.455400 0.950400 1 1 1.0
1 2.739725 -5.279999 7.943890 0.258453 0.000000 0.966024 0.493150 -0.950400 1 1 1.0
1 2.739725 5.279999 7.943890 0.258453 0.000000 0.966024 0.493150 0.950400 1 1 1.0
bag_fabric
1 2.739725 5.279999 7.943890 0.707107 0.000000 0.707107 0.950400 1.429900 1 1 1.0
1 2.739725 -5.279999 7.943890 0.707107 0.000000 0.707107 -0.950400 1.429900 1 1 1.0
1 2.893890 -5.279999 7.789724 0.707107 0.000000 0.707107 -0.950400 1.402150 1 1 1.0
bag_fabric
1 2.739725 5.279999 7.943890 0.707107 0.000000 0.707107 0.950400 1.429900 1 1 1.0
1 2.893890 -5.279999 7.789724 0.707107 0.000000 0.707107 -0.950400 1.402150 1 1 1.0
1 2.893890 5.279999 7.789724 0.707107 0.000000 0.707107 0.950400 1.402150 1 1 1.0
bag_fabric
1 2.893890 5.279999 7.789724 0.966024 0.000000 0.258453 0.950400 1.402150 1 1 1.0
1 2.893890 -5.279999 7.789724 0.966024 0.000000 0.258453 -0.950400 1.402150 1 1 1.0
1 2.950000 -5.280000 7.580000 0.966024 0.000000 0.258453 -0.950400 1.364400 1 1 1.0
bag_fabric
1 2.893890 5.279999 7.789724 0.966024 0.000000 0.258453 0.950400 1.402150 1 1 1.0
1 2.950000 -5.280000 7.580000 0.966024 0.000000 0.258453 -0.950400 1.364400 1 1 1.0
1 2.950000 5.280000 7.580000 0.966024 0.000000 0.258453 0.950400 1.364400 1 1 1.0
bag_fabric
1 2.530000 -5.700000 7.580000 0.258455 -0.966023 0.000000 0.455400 1.364400 1 1 1.0
1 2.530000 -5.700000 7.520000 0.258455 -0.966023 0.000000 0.455400 1.353600 1 1 1.0
1 2.739725 -5.643889 7.520000 0.258455 -0.966023 0.000000 0.493150 1.353600 1 1 1.0
bag_fabric
1 2.530000 -5.700000 7.580000 0.258455 -0.966023 0.000000 0.455400 1.364400 1 1 1.0
1 2.739725 -5.643889 7.520000 0.258455 -0.966023 0.000000 0.493150 1.353600 1 1 1.0
1 2.739725 -5.643889 7.580000 0.258455 -0.966023 0.000000 0.493150 1.364400 1 1 1.0
bag_fabric
1 2.739725 -5.643889 7.580000 0.707107 -0.707107 0.000000 -1.015900 1.364400 1 1 1.0
1 2.739725 -5.643889 7.520000 0.707107 -0.707107 0.000000 -1.015900 1.353600 1 1 1.0
1 2.893890 -5.489724 7.520000 0.707107 -0.707107 0.000000 -0.988150 1.353600 1 1 1.0
bag_fabric
1 2.739725 -5.643889 7.580000 0.707107 -0.707107 0.000000 -1.015900 1.364400 1 1 1.0
1 2.893890 -5.489724 7.520000 0.707107 -0.707107 0.000000 -0.988150 1.353600 1 1 1.0
1 2.893890 -5.489724 7.580000 0.707107 -0.707107 0.000000 -0.988150 1.364400 1 1 1.0
bag_fabric
1 2.893890 -5.489724 7.580000 0.966024 -0.258454 0.000000 -0.988150 1.364400 1 1 1.0
1 2.893890 -5.489724 7.520000 0.966024 -0.258454 0.000000 -0.988150 1.353600 1 1 1.0
1 2.950000 -5.280000 7.520000 0.966024 -0.258454 0.000000 -0.950400 1.353600 1 1 1.0
bag_fabric
1 2.893890 -5.489724 7.580000 0.966024 -0.258454 0.000000 -0.988150 1.364400 1 1 1.0
1 2.950000 -5.280000 7.520000 0.966024 -0.258454 0.000000 -0.950400 1.353600 1 1 1.0
1 2.950000 -5.280000 7.580000 0.966024 -0.258454 0.000000 -0.950400 1.364400 1 1 1.0
bag_fabric
1 -2.230000 -5.280000 7.100000 0.000000 -0.258454 -0.966024 -0.401400 -0.950400 1 1 1.0
1 2.530000 -5.280000 7.100000 0.000000 -0.258454 -0.966024 0.455400 -0.950400 1 1 1.0
1 2.530000 -5.489724 7.156111 0.000000 -0.258454 -0.966024 0.455400 -0.988150 1 1 1.0
bag_fabric
1 -2.230000 -5.280000 7.100000 0.000000 -0.258454 -0.966024 -0.401400 -0.950400 1 1 1.0
1 2.530000 -5.489724 7.156111 0.000000 -0.258454 -0.966024 0.455400 -0.988150 1 1 1.0
1 -2.230000 -5.489724 7.156111 0.000000 -0.258454 -0.966024 -0.401400 -0.988150 1 1 1.0
bag_fabric
1 -2.230000 -5.489724 7.156111 0.000000 -0.707107 -0.707107 -0.401400 1.288100 1 1 1.0
1 2.530000 -5.489724 7.156111 0.000000 -0.707107 -0.707107 0.455400 1.288100 1 1 1.0
1 2.530000 -5.643889 7.310276 0.000000 -0.707107 -0.707107 0.455400 1.315850 1 1 1.0
bag_fabric
1 -2.230000 -5.489724 7.156111 0.000000 -0.707107 -0.707107 -0.401400 1.288100 1 1 1.0
1 2.530000 -5.643889 7.310276 0.000000 -0.707107 -0.707107 0.455400 1.315850 1 1 1.0
1 -2.230000 -5.643889 7.310276 0.000000 -0.707107 -0.707107 -0.401400 1.315850 1 1 1.0
bag_fabric
1 -2.230000 -5.643889 7.310276 0.000000 -0.966023 -0.258455 -0.401400 1.315850 1 1 1.0
1 2.530000 -5.643889 7.310276 0.000000 -0.966023 -0.258455 0.455400 1.315850 1 1 1.0
1 2.530000 -5.700000 7.520000 0.000000 -0.966023 -0.258455 0.455400 1.353600 1 1 1.0
bag_fabric
1 -2.230000 -5.643889 7.310276 0.000000 -0.966023 -0.258455 -0.401400 1.315850 1 1 1.0
1 2.530000 -5.700000 7.520000 0.000000 -0.966023 -0.258455 0.455400 1.353600 1 1 1.0
1 -2.230000 -5.700000 7.520000 0.000000 -0.966023 -0.258455 -0.401400 1.353600 1 1 1.0
bag_fabric
1 2.530000 -5.280000 8.000000 0.000000 -0.258454 0.966024 0.455400 -0.950400 1 1 1.0
1 -2.230000 -5.280000 8.000000 0.000000 -0.258454 0.966024 -0.401400 -0.950400 1 1 1.0
1 -2.230000 -5.489724 7.943890 0.000000 -0.258454 0.966024 -0.401400 -0.988150 1 1 1.0
bag_fabric
1 2.530000 -5.280000 8.000000 0.000000 -0.258454 0.966024 0.455400 -0.950400 1 1 1.0
1 -2.230000 -5.489724 7.943890 0.000000 -0.258454 0.966024 -0.401400 -0.988150 1 1 1.0
1 2.530000 -5.489724 7.943890 0.000000 -0.258454 0.966024 0.455400 -0.988150 1 1 1.0
bag_fabric
1 2.530000 -5.489724 7.943890 0.000000 -0.707107 0.707107 0.455400 1.429900 1 1 1.0
1 -2.230000 -5.489724 7.943890 0.000000 -0.707107 0.707107 -0.401400 1.429900 1 1 1.0
1 -2.230000 -5.643889 7.789724 0.000000 -0.707107 0.707107 -0.401400 1.402150 1 1 1.0
bag_fabric
1 2.530000 -5.489724 7.943890 0.000000 -0.707107 0.707107 0.455400 1.429900 1 1 1.0
1 -2.230000 -5.643889 7.789724 0.000000 -0.707107 0.707107 -0.401400 1.402150 1 1 1.0
1 2.530000 -5.643889 7.789724 0.000000 -0.707107 0.707107 0.455400 1.402150 1 1 1.0
bag_fabric
1 2.530000 -5.643889 7.789724 0.000000 -0.966023 0.258455 0.455400 1.402150 1 1 1.0
1 -2.230000 -5.643889 7.789724 0.000000 -0.966023 0.258455 -0.401400 1.402150 1 1 1.0
1 -2.230000 -5.700000 7.580000 0.000000 -0.966023 0.258455 -0.401400 1.364400 1 1 1.0
bag_fabric
1 2.530000 -5.643889 7.789724 0.000000 -0.966023 0.258455 0.455400 1.402150 1 1 1.0
1 -2.230000 -5.700000 7.580000 0.000000 -0.966023 0.258455 -0.401400 1.364400 1 1 1.0
1 2.530000 -5.700000 7.580000 0.000000 -0.966023 0.258455 0.455400 1.364400 1 1 1.0
bag_fabric
1 -2.230000 5.280000 7.100000 0.000000 0.000000 -1.000000 -0.401400 0.950400 1 1 1.0
1 2.530000 5.280000 7.100000 0.000000 0.000000 -1.000000 0.455400 0.950400 1 1 1.0
1 2.530000 -5.280000 7.100000 0.000000 0.000000 -1.000000 0.455400 -0.950400 1 1 1.0
bag_fabric
1 -2.230000 5.280000 7.100000 0.000000 0.000000 -1.000000 -0.401400 0.950400 1 1 1.0
1 2.530000 -5.280000 7.100000 0.000000 0.000000 -1.000000 0.455400 -0.950400 1 1 1.0
1 -2.230000 -5.280000 7.100000 0.000000 0.000000 -1.000000 -0.401400 -0.950400 1 1 1.0
bag_fabric
1 -2.650000 -5.280000 7.520000 -1.000000 0.000000 0.000000 -0.950400 1.353600 1 1 1.0
1 -2.650000 -5.280000 7.580000 -1.000000 0.000000 0.000000 -0.950400 1.364400 1 1 1.0
1 -2.650000 5.280000 7.580000 -1.000000 0.000000 0.000000 0.950400 1.364400 1 1 1.0
bag_fabric
1 -2.650000 -5.280000 7.520000 -1.000000 0.000000 0.000000 -0.950400 1.353600 1 1 1.0
1 -2.650000 5.280000 7.580000 -1.000000 0.000000 0.000000 0.950400 1.364400 1 1 1.0
1 -2.650000 5.280000 7.520000 -1.000000 0.000000 0.000000 0.950400 1.353600 1 1 1.0
bag_fabric
1 2.530000 -5.700000 7.520000 0.000000 -1.000000 0.000000 0.455400 1.353600 1 1 1.0
1 2.530000 -5.700000 7.580000 0.000000 -1.000000 0.000000 0.455400 1.364400 1 1 1.0
1 -2.230000 -5.700000 7.580000 0.000000 -1.000000 0.000000 -0.401400 1.364400 1 1 1.0
bag_fabric
1 2.530000 -5.700000 7.520000 0.000000 -1.000000 0.000000 0.455400 1.353600 1 1 1.0
1 -2.230000 -5.700000 7.580000 0.000000 -1.000000 0.000000 -0.401400 1.364400 1 1 1.0
1 -2.230000 -5.700000 7.520000 0.000000 -1.000000 0.000000 -0.401400 1.353600 1 1 1.0
bag_fabric
1 2.530000 5.280000 8.000000 0.000000 0.000000 1.000000 0.455400 0.950400 1 1 1.0
1 -2.230000 5.280000 8.000000 0.000000 0.000000 1.000000 -0.401400 0.950400 1 1 1.0
1 -2.230000 -5.280000 8.000000 0.000000 0.000000 1.000000 -0.401400 -0.950400 1 1 1.0
bag_fabric
1 2.530000 5.280000 8.000000 0.000000 0.000000 1.000000 0.455400 0.950400 1 1 1.0
1 -2.230000 -5.280000 8.000000 0.000000 0.000000 1.000000 -0.401400 -0.950400 1 1 1.0
1 2.530000 -5.280000 8.000000 0.000000 0.000000 1.000000 0.455400 -0.950400 1 1 1.0
bag_fabric
1 -2.230000 5.700000 7.520000 0.000000 1.000000 0.000000 -0.401400 1.353600 1 1 1.0
1 -2.230000 5.700000 7.580000 0.000000 1.000000 0.000000 -0.401400 1.364400 1 1 1.0
1 2.530000 5.700000 7.580000 0.000000 1.000000 0.000000 0.455400 1.364400 1 1 1.0
bag_fabric
1 -2.230000 5.700000 7.520000 0.000000 1.000000 0.000000 -0.401400 1.353600 1 1 1.0
1 2.530000 5.700000 7.580000 0.000000 1.000000 0.000000 0.455400 1.364400 1 1 1.0
1 2.530000 5.700000 7.520000 0.000000 1.000000 0.000000 0.455400 1.353600 1 1 1.0
bag_fabric
1 2.950000 5.280000 7.520000 1.000000 0.000000 0.000000 0.950400 1.353600 1 1 1.0
1 2.950000 5.280000 7.580000 1.000000 0.000000 0.000000 0.950400 1.364400 1 1 1.0
1 2.950000 -5.280000 7.580000 1.000000 0.000000 0.000000 -0.950400 1.364400 1 1 1.0
bag_fabric
1 2.950000 5.280000 7.520000 1.000000 0.000000 0.000000 0.950400 1.353600 1 1 1.0
1 2.950000 -5.280000 7.580000 1.000000 0.000000 0.000000 -0.950400 1.364400 1 1 1.0
1 2.950000 -5.280000 7.520000 1.000000 0.000000 0.000000 -0.950400 1.353600 1 1 1.0
bag_fabric
1 2.730000 -4.050000 2.500000 -0.263874 -0.249292 -0.931785 0.491400 -0.729000 1 1 1.0
1 2.730000 -4.224771 2.546759 -0.263874 -0.249292 -0.931785 0.491400 -0.760459 1 1 1.0
1 2.562625 -4.217374 2.592179 -0.263874 -0.249292 -0.931785 0.461273 -0.759127 1 1 1.0
bag_fabric
1 2.730000 -4.050000 2.500000 -0.249292 -0.263874 -0.931785 0.491400 -0.729000 1 1 1.0
1 2.562625 -4.217374 2.592179 -0.249292 -0.263874 -0.931785 0.461273 -0.759127 1 1 1.0
1 2.555229 -4.050000 2.546759 -0.249292 -0.263874 -0.931785 0.459941 -0.729000 1 1 1.0
bag_fabric
1 2.730000 -4.224771 2.546759 -0.217778 -0.690135 -0.690135 0.491400 0.458417 1 1 1.0
1 2.730000 -4.353241 2.675230 -0.217778 -0.690135 -0.690135 0.491400 0.481541 1 1 1.0
1 2.562625 -4.307821 2.682626 -0.217778 -0.690135 -0.690135 0.461273 0.482873 1 1 1.0
bag_fabric
1 2.730000 -4.224771 2.546759 -0.217778 -0.690135 -0.690135 0.491400 0.458417 1 1 1.0
1 2.562625 -4.307821 2.682626 -0.217778 -0.690135 -0.690135 0.461273 0.482873 1 1 1.0
1 2.562625 -4.217374 2.592179 -0.217778 -0.690135 -0.690135 0.461273 0.466592 1 1 1.0
bag_fabric
1 2.730000 -4.400000 2.850000 -0.249292 -0.931785 -0.263874 0.491400 0.513000 1 1 1.0
1 2.555229 -4.353241 2.850000 -0.249292 -0.931785 -0.263874 0.459941 0.513000 1 1 1.0
1 2.562625 -4.307821 2.682626 -0.249292 -0.931785 -0.263874 0.461273 0.482873 1 1 1.0
bag_fabric
1 2.730000 -4.400000 2.850000 -0.263874 -0.931785 -0.249292 0.491400 0.513000 1 1 1.0
1 2.562625 -4.307821 2.682626 -0.263874 -0.931785 -0.249292 0.461273 0.482873 1 1 1.0
1 2.730000 -4.353241 2.675230 -0.263874 -0.931785 -0.249292 0.491400 0.481541 1 1 1.0
bag_fabric
1 2.555229 -4.353241 2.850000 -0.690135 -0.690135 -0.217776 0.459941 0.513000 1 1 1.0
1 2.426758 -4.224771 2.850000 -0.690135 -0.690135 -0.217776 0.436816 0.513000 1 1 1.0
1 2.472178 -4.217374 2.682626 -0.690135 -0.690135 -0.217776 0.444992 0.482873 1 1 1.0
bag_fabric
1 2.555229 -4.353241 2.850000 -0.690133 -0.690137 -0.217779 0.459941 0.513000 1 1 1.0
1 2.472178 -4.217374 2.682626 -0.690133 -0.690137 -0.217779 0.444992 0.482873 1 1 1.0
1 2.562625 -4.307821 2.682626 -0.690133 -0.690137 -0.217779 0.461273 0.482873 1 1 1.0
bag_fabric
1 2.380000 -4.050000 2.850000 -0.931786 -0.263871 -0.249293 -0.729000 0.513000 1 1 1.0
1 2.426758 -4.050000 2.675230 -0.931786 -0.263871 -0.249293 -0.729000 0.481541 1 1 1.0
1 2.472178 -4.217374 2.682626 -0.931786 -0.263871 -0.249293 -0.759127 0.482873 1 1 1.0
bag_fabric
1 2.380000 -4.050000 2.850000 -0.931786 -0.249293 -0.263871 -0.729000 0.513000 1 1 1.0
1 2.472178 -4.217374 2.682626 -0.931786 -0.249293 -0.263871 -0.759127 0.482873 1 1 1.0
1 2.426758 -4.224771 2.850000 -0.931786 -0.249293 -0.263871 -0.760459 0.513000 1 1 1.0
bag_fabric
1 2.426758 -4.050000 2.675230 -0.690135 -0.217778 -0.690135 0.436816 -0.729000 1 1 1.0
1 2.555229 -4.050000 2.546759 -0.690135 -0.217778 -0.690135 0.459941 -0.729000 1 1 1.0
1 2.562625 -4.217374 2.592179 -0.690135 -0.217778 -0.690135 0.461273 -0.759127 1 1 1.0
bag_fabric
1 2.426758 -4.050000 2.675230 -0.690134 -0.217776 -0.690137 0.436816 -0.729000 1 1 1.0
1 2.562625 -4.217374 2.592179 -0.690134 -0.217776 -0.690137 0.461273 -0.759127 1 1 1.0
1 2.472178 -4.217374 2.682626 -0.690134 -0.217776 -0.690137 0.444992 -0.759127 1 1 1.0
bag_fabric
1 2.562625 -4.217374 2.592179 -0.577348 -0.577351 -0.577351 0.461273 0.466592 1 1 1.0
1 2.562625 -4.307821 2.682626 -0.577348 -0.577351 -0.577351 0.461273 0.482873 1 1 1.0
1 2.472178 -4.217374 2.682626 -0.577348 -0.577351 -0.577351 0.444992 0.482873 1 1 1.0
bag_fabric
1 2.730000 -4.400000 7.350000 -0.263874 -0.931785 0.249292 0.491400 1.323000 1 1 1.0
1 2.730000 -4.353241 7.524770 -0.263874 -0.931785 0.249292 0.491400 1.354459 1 1 1.0
1 2.562625 -4.307821 7.517374 -0.263874 -0.931785 0.249292 0.461273 1.353127 1 1 1.0
bag_fabric
1 2.730000 -4.400000 7.350000 -0.249292 -0.931785 0.263874 0.491400 1.323000 1 1 1.0
1 2.562625 -4.307821 7.517374 -0.249292 -0.931785 0.263874 0.461273 1.353127 1 1 1.0
1 2.555229 -4.353241 7.350000 -0.249292 -0.931785 0.263874 0.459941 1.323000 1 1 1.0
bag_fabric
1 2.730000 -4.353241 7.524770 -0.217776 -0.690135 0.690135 0.491400 1.354459 1 1 1.0
1 2.730000 -4.224771 7.653241 -0.217776 -0.690135 0.690135 0.491400 1.377583 1 1 1.0
1 2.562625 -4.217374 7.607821 -0.217776 -0.690135 0.690135 0.461273 1.369408 1 1 1.0
bag_fabric
1 2.730000 -4.353241 7.524770 -0.217779 -0.690137 0.690133 0.491400 1.354459 1 1 1.0
1 2.562625 -4.217374 7.607821 -0.217779 -0.690137 0.690133 0.461273 1.369408 1 1 1.0
1 2.562625 -4.307821 7.517374 -0.217779 -0.690137 0.690133 0.461273 1.353127 1 1 1.0
bag_fabric
1 2.730000 -4.050000 7.700000 -0.249293 -0.263871 0.931786 0.491400 -0.729000 1 1 1.0
1 2.555229 -4.050000 7.653241 -0.249293 -0.263871 0.931786 0.459941 -0.729000 1 1 1.0
1 2.562625 -4.217374 7.607821 -0.249293 -0.263871 0.931786 0.461273 -0.759127 1 1 1.0
bag_fabric
1 2.730000 -4.050000 7.700000 -0.263871 -0.249292 0.931786 0.491400 -0.729000 1 1 1.0
1 2.562625 -4.217374 7.607821 -0.263871 -0.249292 0.931786 0.461273 -0.759127 1 1 1.0
1 2.730000 -4.224771 7.653241 -0.263871 -0.249292 0.931786 0.491400 -0.760459 1 1 1.0
bag_fabric
1 2.555229 -4.050000 7.653241 -0.690135 -0.217776 0.690135 -0.729000 1.377583 1 1 1.0
1 2.426758 -4.050000 7.524770 -0.690135 -0.217776 0.690135 -0.729000 1.354459 1 1 1.0
1 2.472178 -4.217374 7.517374 -0.690135 -0.217776 0.690135 -0.759127 1.353127 1 1 1.0
bag_fabric
1 2.555229 -4.050000 7.653241 -0.690135 -0.217776 0.690135 -0.729000 1.377583 1 1 1.0
1 2.472178 -4.217374 7.517374 -0.690135 -0.217776 0.690135 -0.759127 1.353127 1 1 1.0
1 2.562625 -4.217374 7.607821 -0.690135 -0.217776 0.690135 -0.759127 1.369408 1 1 1.0
bag_fabric
1 2.380000 -4.050000 7.350000 -0.931786 -0.249293 0.263871 -0.729000 1.323000 1 1 1.0
1 2.426758 -4.224771 7.350000 -0.931786 -0.249293 0.263871 -0.760459 1.323000 1 1 1.0
1 2.472178 -4.217374 7.517374 -0.931786 -0.249293 0.263871 -0.759127 1.353127 1 1 1.0
bag_fabric
1 2.380000 -4.050000 7.350000 -0.931786 -0.263871 0.249293 -0.729000 1.323000 1 1 1.0
1 2.472178 -4.217374 7.517374 -0.931786 -0.263871 0.249293 -0.759127 1.353127 1 1 1.0
1 2.426758 -4.050000 7.524770 -0.931786 -0.263871 0.249293 -0.729000 1.354459 1 1 1.0
bag_fabric
1 2.426758 -4.224771 7.350000 -0.690135 -0.690135 0.217778 0.436816 1.323000 1 1 1.0
1 2.555229 -4.353241 7.350000 -0.690135 -0.690135 0.217778 0.459941 1.323000 1 1 1.0
1 2.562625 -4.307821 7.517374 -0.690135 -0.690135 0.217778 0.461273 1.353127 1 1 1.0
bag_fabric
1 2.426758 -4.224771 7.350000 -0.690134 -0.690137 0.217776 0.436816 1.323000 1 1 1.0
1 2.562625 -4.307821 7.517374 -0.690134 -0.690137 0.217776 0.461273 1.353127 1 1 1.0
1 2.472178 -4.217374 7.517374 -0.690134 -0.690137 0.217776 0.444992 1.353127 1 1 1.0
bag_fabric
1 2.562625 -4.307821 7.517374 -0.577349 -0.577352 0.577349 0.461273 1.353127 1 1 1.0
1 2.562625 -4.217374 7.607821 -0.577349 -0.577352 0.577349 0.461273 1.369408 1 1 1.0
1 2.472178 -4.217374 7.517374 -0.577349 -0.577352 0.577349 0.444992 1.353127 1 1 1.0
bag_fabric
1 2.730000 4.050000 2.500000 -0.249292 0.263874 -0.931785 0.491400 0.729000 1 1 1.0
1 2.555229 4.050000 2.546759 -0.249292 0.263874 -0.931785 0.459941 0.729000 1 1 1.0
1 2.562625 4.217374 2.592179 -0.249292 0.263874 -0.931785 0.461273 0.759127 1 1 1.0
bag_fabric
1 2.730000 4.050000 2.500000 -0.263874 0.249292 -0.931785 0.491400 0.729000 1 1 1.0
1 2.562625 4.217374 2.592179 -0.263874 0.249292 -0.931785 0.461273 0.759127 1 1 1.0
1 2.730000 4.224771 2.546759 -0.263874 0.249292 -0.931785 0.491400 0.760459 1 1 1.0
bag_fabric
1 2.555229 4.050000 2.546759 -0.690135 0.217776 -0.690135 0.459941 0.729000 1 1 1.0
1 2.426758 4.050000 2.675230 -0.690135 0.217776 -0.690135 0.436816 0.729000 1 1 1.0
1 2.472178 4.217374 2.682626 -0.690135 0.217776 -0.690135 0.444992 0.759127 1 1 1.0
bag_fabric
1 2.555229 4.050000 2.546759 -0.690133 0.217779 -0.690137 0.459941 0.729000 1 1 1.0
1 2.472178 4.217374 2.682626 -0.690133 0.217779 -0.690137 0.444992 0.759127 1 1 1.0
1 2.562625 4.217374 2.592179 -0.690133 0.217779 -0.690137 0.461273 0.759127 1 1 1.0
bag_fabric
1 2.380000 4.050000 2.850000 -0.931786 0.249293 -0.263871 0.729000 0.513000 1 1 1.0
1 2.426758 4.224771 2.850000 -0.931786 0.249293 -0.263871 0.760459 0.513000 1 1 1.0
1 2.472178 4.217374 2.682626 -0.931786 0.249293 -0.263871 0.759127 0.482873 1 1 1.0
bag_fabric
1 2.380000 4.050000 2.850000 -0.931786 0.263871 -0.249293 0.729000 0.513000 1 1 1.0
1 2.472178 4.217374 2.682626 -0.931786 0.263871 -0.249293 0.759127 0.482873 1 1 1.0
1 2.426758 4.050000 2.675230 -0.931786 0.263871 -0.249293 0.729000 0.481541 1 1 1.0
bag_fabric
1 2.426758 4.224771 2.850000 -0.690135 0.690135 -0.217778 0.436816 0.513000 1 1 1.0
1 2.555229 4.353241 2.850000 -0.690135 0.690135 -0.217778 0.459941 0.513000 1 1 1.0
1 2.562625 4.307821 2.682626 -0.690135 0.690135 -0.217778 0.461273 0.482873 1 1 1.0
bag_fabric
1 2.426758 4.224771 2.850000 -0.690134 0.690137 -0.217776 0.436816 0.513000 1 1 1.0
1 2.562625 4.307821 2.682626 -0.690134 0.690137 -0.217776 0.461273 0.482873 1 1 1.0
1 2.472178 4.217374 2.682626 -0.690134 0.690137 -0.217776 0.444992 0.482873 1 1 1.0
bag_fabric
1 2.730000 4.400000 2.850000 -0.263874 0.931785 -0.249292 0.491400 0.513000 1 1 1.0
1 2.730000 4.353241 2.675230 -0.263874 0.931785 -0.249292 0.491400 0.481541 1 1 1.0
1 2.562625 4.307821 2.682626 -0.263874 0.931785 -0.249292 0.461273 0.482873 1 1 1.0
bag_fabric
1 2.730000 4.400000 2.850000 -0.249292 0.931785 -0.263874 0.491400 0.513000 1 1 1.0
1 2.562625 4.307821 2.682626 -0.249292 0.931785 -0.263874 0.461273 0.482873 1 1 1.0
1 2.555229 4.353241 2.850000 -0.249292 0.931785 -0.263874 0.459941 0.513000 1 1 1.0
bag_fabric
1 2.730000 4.353241 2.675230 -0.217778 0.690135 -0.690135 0.491400 0.481541 1 1 1.0
1 2.730000 4.224771 2.546759 -0.217778 0.690135 -0.690135 0.491400 0.458417 1 1 1.0
1 2.562625 4.217374 2.592179 -0.217778 0.690135 -0.690135 0.461273 0.466592 1 1 1.0
bag_fabric
1 2.730000 4.353241 2.675230 -0.217778 0.690135 -0.690135 0.491400 0.481541 1 1 1.0
1 2.562625 4.217374 2.592179 -0.217778 0.690135 -0.690135 0.461273 0.466592 1 1 1.0
1 2.562625 4.307821 2.682626 -0.217778 0.690135 -0.690135 0.461273 0.482873 1 1 1.0
bag_fabric
1 2.562625 4.217374 2.592179 -0.577348 0.577351 -0.577351 0.461273 0.466592 1 1 1.0
1 2.472178 4.217374 2.682626 -0.577348 0.577351 -0.577351 0.444992 0.482873 1 1 1.0
1 2.562625 4.307821 2.682626 -0.577348 0.577351 -0.577351 0.461273 0.482873 1 1 1.0
bag_fabric
1 2.730000 4.050000 7.700000 -0.263871 0.249292 0.931786 0.491400 0.729000 1 1 1.0
1 2.730000 4.224771 7.653241 -0.263871 0.249292 0.931786 0.491400 0.760459 1 1 1.0
1 2.562625 4.217374 7.607821 -0.263871 0.249292 0.931786 0.461273 0.759127 1 1 1.0
bag_fabric
1 2.730000 4.050000 7.700000 -0.249293 0.263871 0.931786 0.491400 0.729000 1 1 1.0
1 2.562625 4.217374 7.607821 -0.249293 0.263871 0.931786 0.461273 0.759127 1 1 1.0
1 2.555229 4.050000 7.653241 -0.249293 0.263871 0.931786 0.459941 0.729000 1 1 1.0
bag_fabric
1 2.730000 4.224771 7.653241 -0.217778 0.690135 0.690135 0.491400 1.377583 1 1 1.0
1 2.730000 4.353241 7.524770 -0.217778 0.690135 0.690135 0.491400 1.354459 1 1 1.0
1 2.562625 4.307821 7.517374 -0.217778 0.690135 0.690135 0.461273 1.353127 1 1 1.0
bag_fabric
1 2.730000 4.224771 7.653241 -0.217776 0.690137 0.690134 0.491400 1.377583 1 1 1.0
1 2.562625 4.307821 7.517374 -0.217776 0.690137 0.690134 0.461273 1.353127 1 1 1.0
1 2.562625 4.217374 7.607821 -0.217776 0.690137 0.690134 0.461273 1.369408 1 1 1.0
bag_fabric
1 2.730000 4.400000 7.350000 -0.249292 0.931785 0.263874 0.491400 1.323000 1 1 1.0
1 2.555229 4.353241 7.350000 -0.249292 0.931785 0.263874 0.459941 1.323000 1 1 1.0
1 2.562625 4.307821 7.517374 -0.249292 0.931785 0.263874 0.461273 1.353127 1 1 1.0
bag_fabric
1 2.730000 4.400000 7.350000 -0.263874 0.931785 0.249292 0.491400 1.323000 1 1 1.0
1 2.562625 4.307821 7.517374 -0.263874 0.931785 0.249292 0.461273 1.353127 1 1 1.0
1 2.730000 4.353241 7.524770 -0.263874 0.931785 0.249292 0.491400 1.354459 1 1 1.0
bag_fabric
1 2.555229 4.353241 7.350000 -0.690135 0.690135 0.217776 0.459941 1.323000 1 1 1.0
1 2.426758 4.224771 7.350000 -0.690135 0.690135 0.217776 0.436816 1.323000 1 1 1.0
1 2.472178 4.217374 7.517374 -0.690135 0.690135 0.217776 0.444992 1.353127 1 1 1.0
bag_fabric
1 2.555229 4.353241 7.350000 -0.690133 0.690137 0.217779 0.459941 1.323000 1 1 1.0
1 2.472178 4.217374 7.517374 -0.690133 0.690137 0.217779 0.444992 1.353127 1 1 1.0
1 2.562625 4.307821 7.517374 -0.690133 0.690137 0.217779 0.461273 1.353127 1 1 1.0
bag_fabric
1 2.380000 4.050000 7.350000 -0.931786 0.263871 0.249293 0.729000 1.323000 1 1 1.0
1 2.426758 4.050000 7.524770 -0.931786 0.263871 0.249293 0.729000 1.354459 1 1 1.0
1 2.472178 4.217374 7.517374 -0.931786 0.263871 0.249293 0.759127 1.353127 1 1 1.0
bag_fabric
1 2.380000 4.050000 7.350000 -0.931786 0.249293 0.263871 0.729000 1.323000 1 1 1.0
1 2.472178 4.217374 7.517374 -0.931786 0.249293 0.263871 0.759127 1.353127 1 1 1.0
1 2.426758 4.224771 7.350000 -0.931786 0.249293 0.263871 0.760459 1.323000 1 1 1.0
bag_fabric
1 2.426758 4.050000 7.524770 -0.690135 0.217776 0.690135 0.729000 1.354459 1 1 1.0
1 2.555229 4.050000 7.653241 -0.690135 0.217776 0.690135 0.729000 1.377583 1 1 1.0
1 2.562625 4.217374 7.607821 -0.690135 0.217776 0.690135 0.759127 1.369408 1 1 1.0
bag_fabric
1 2.426758 4.050000 7.524770 -0.690135 0.217776 0.690135 0.729000 1.354459 1 1 1.0
1 2.562625 4.217374 7.607821 -0.690135 0.217776 0.690135 0.759127 1.369408 1 1 1.0
1 2.472178 4.217374 7.517374 -0.690135 0.217776 0.690135 0.759127 1.353127 1 1 1.0
bag_fabric
1 2.562625 4.217374 7.607821 -0.577349 0.577352 0.577349 0.461273 1.369408 1 1 1.0
1 2.562625 4.307821 7.517374 -0.577349 0.577352 0.577349 0.461273 1.353127 1 1 1.0
1 2.472178 4.217374 7.517374 -0.577349 0.577352 0.577349 0.444992 1.353127 1 1 1.0
bag_fabric
1 2.830000 -4.050000 2.500000 0.249294 -0.263874 -0.931785 0.509400 -0.729000 1 1 1.0
1 3.004770 -4.050000 2.546759 0.249294 -0.263874 -0.931785 0.540859 -0.729000 1 1 1.0
1 2.997374 -4.217374 2.592179 0.249294 -0.263874 -0.931785 0.539527 -0.759127 1 1 1.0
bag_fabric
1 2.830000 -4.050000 2.500000 0.263874 -0.249294 -0.931785 0.509400 -0.729000 1 1 1.0
1 2.997374 -4.217374 2.592179 0.263874 -0.249294 -0.931785 0.539527 -0.759127 1 1 1.0
1 2.830000 -4.224771 2.546759 0.263874 -0.249294 -0.931785 0.509400 -0.760459 1 1 1.0
bag_fabric
1 3.004770 -4.050000 2.546759 0.690135 -0.217776 -0.690135 0.540859 -0.729000 1 1 1.0
1 3.133241 -4.050000 2.675230 0.690135 -0.217776 -0.690135 0.563983 -0.729000 1 1 1.0
1 3.087821 -4.217374 2.682626 0.690135 -0.217776 -0.690135 0.555808 -0.759127 1 1 1.0
bag_fabric
1 3.004770 -4.050000 2.546759 0.690133 -0.217779 -0.690137 0.540859 -0.729000 1 1 1.0
1 3.087821 -4.217374 2.682626 0.690133 -0.217779 -0.690137 0.555808 -0.759127 1 1 1.0
1 2.997374 -4.217374 2.592179 0.690133 -0.217779 -0.690137 0.539527 -0.759127 1 1 1.0
bag_fabric
1 3.180000 -4.050000 2.850000 0.931786 -0.249293 -0.263871 -0.729000 0.513000 1 1 1.0
1 3.133241 -4.224771 2.850000 0.931786 -0.249293 -0.263871 -0.760459 0.513000 1 1 1.0
1 3.087821 -4.217374 2.682626 0.931786 -0.249293 -0.263871 -0.759127 0.482873 1 1 1.0
bag_fabric
1 3.180000 -4.050000 2.850000 0.931786 -0.263871 -0.249293 -0.729000 0.513000 1 1 1.0
1 3.087821 -4.217374 2.682626 0.931786 -0.263871 -0.249293 -0.759127 0.482873 1 1 1.0
1 3.133241 -4.050000 2.675230 0.931786 -0.263871 -0.249293 -0.729000 0.481541 1 1 1.0
bag_fabric
1 3.133241 -4.224771 2.850000 0.690135 -0.690135 -0.217778 0.563983 0.513000 1 1 1.0
1 3.004770 -4.353241 2.850000 0.690135 -0.690135 -0.217778 0.540859 0.513000 1 1 1.0
1 2.997374 -4.307821 2.682626 0.690135 -0.690135 -0.217778 0.539527 0.482873 1 1 1.0
bag_fabric
1 3.133241 -4.224771 2.850000 0.690134 -0.690137 -0.217776 0.563983 0.513000 1 1 1.0
1 2.997374 -4.307821 2.682626 0.690134 -0.690137 -0.217776 0.539527 0.482873 1 1 1.0
1 3.087821 -4.217374 2.682626 0.690134 -0.690137 -0.217776 0.555808 0.482873 1 1 1.0
bag_fabric
1 2.830000 -4.400000 2.850000 0.263874 -0.931785 -0.249294 0.509400 0.513000 1 1 1.0
1 2.830000 -4.353241 2.675230 0.263874 -0.931785 -0.249294 0.509400 0.481541 1 1 1.0
1 2.997374 -4.307821 2.682626 0.263874 -0.931785 -0.249294 0.539527 0.482873 1 1 1.0
bag_fabric
1 2.830000 -4.400000 2.850000 0.249294 -0.931785 -0.263874 0.509400 0.513000 1 1 1.0
1 2.997374 -4.307821 2.682626 0.249294 -0.931785 -0.263874 0.539527 0.482873 1 1 1.0
1 3.004770 -4.353241 2.850000 0.249294 -0.931785 -0.263874 0.540859 0.513000 1 1 1.0
bag_fabric
1 2.830000 -4.353241 2.675230 0.217778 -0.690135 -0.690135 0.509400 0.481541 1 1 1.0
1 2.830000 -4.224771 2.546759 0.217778 -0.690135 -0.690135 0.509400 0.458417 1 1 1.0
1 2.997374 -4.217374 2.592179 0.217778 -0.690135 -0.690135 0.539527 0.466592 1 1 1.0
bag_fabric
1 2.830000 -4.353241 2.675230 0.217778 -0.690135 -0.690135 0.509400 0.481541 1 1 1.0
1 2.997374 -4.217374 2.592179 0.217778 -0.690135 -0.690135 0.539527 0.466592 1 1 1.0
1 2.997374 -4.307821 2.682626 0.217778 -0.690135 -0.690135 0.539527 0.482873 1 1 1.0
bag_fabric
1 2.997374 -4.217374 2.592179 0.577348 -0.577351 -0.577351 0.539527 0.466592 1 1 1.0
1 3.087821 -4.217374 2.682626 0.577348 -0.577351 -0.577351 0.555808 0.482873 1 1 1.0
1 2.997374 -4.307821 2.682626 0.577348 -0.577351 -0.577351 0.539527 0.482873 1 1 1.0
bag_fabric
1 2.830000 -4.050000 7.700000 0.263871 -0.249294 0.931786 0.509400 -0.729000 1 1 1.0
1 2.830000 -4.224771 7.653241 0.263871 -0.249294 0.931786 0.509400 -0.760459 1 1 1.0
1 2.997374 -4.217374 7.607821 0.263871 -0.249294 0.931786 0.539527 -0.759127 1 1 1.0
bag_fabric
1 2.830000 -4.050000 7.700000 0.249294 -0.263871 0.931786 0.509400 -0.729000 1 1 1.0
1 2.997374 -4.217374 7.607821 0.249294 -0.263871 0.931786 0.539527 -0.759127 1 1 1.0
1 3.004770 -4.050000 7.653241 0.249294 -0.263871 0.931786 0.540859 -0.729000 1 1 1.0
bag_fabric
1 2.830000 -4.224771 7.653241 0.217778 -0.690135 0.690135 0.509400 1.377583 1 1 1.0
1 2.830000 -4.353241 7.524770 0.217778 -0.690135 0.690135 0.509400 1.354459 1 1 1.0
1 2.997374 -4.307821 7.517374 0.217778 -0.690135 0.690135 0.539527 1.353127 1 1 1.0
bag_fabric
1 2.830000 -4.224771 7.653241 0.217776 -0.690137 0.690134 0.509400 1.377583 1 1 1.0
1 2.997374 -4.307821 7.517374 0.217776 -0.690137 0.690134 0.539527 1.353127 1 1 1.0
1 2.997374 -4.217374 7.607821 0.217776 -0.690137 0.690134 0.539527 1.369408 1 1 1.0
bag_fabric
1 2.830000 -4.400000 7.350000 0.249294 -0.931785 0.263874 0.509400 1.323000 1 1 1.0
1 3.004770 -4.353241 7.350000 0.249294 -0.931785 0.263874 0.540859 1.323000 1 1 1.0
1 2.997374 -4.307821 7.517374 0.249294 -0.931785 0.263874 0.539527 1.353127 1 1 1.0
bag_fabric
1 2.830000 -4.400000 7.350000 0.263874 -0.931785 0.249294 0.509400 1.323000 1 1 1.0
1 2.997374 -4.307821 7.517374 0.263874 -0.931785 0.249294 0.539527 1.353127 1 1 1.0
1 2.830000 -4.353241 7.524770 0.263874 -0.931785 0.249294 0.509400 1.354459 1 1 1.0
bag_fabric
1 3.004770 -4.353241 7.350000 0.690135 -0.690135 0.217776 0.540859 1.323000 1 1 1.0
1 3.133241 -4.224771 7.350000 0.690135 -0.690135 0.217776 0.563983 1.323000 1 1 1.0
1 3.087821 -4.217374 7.517374 0.690135 -0.690135 0.217776 0.555808 1.353127 1 1 1.0
bag_fabric
1 3.004770 -4.353241 7.350000 0.690133 -0.690137 0.217779 0.540859 1.323000 1 1 1.0
1 3.087821 -4.217374 7.517374 0.690133 -0.690137 0.217779 0.555808 1.353127 1 1 1.0
1 2.997374 -4.307821 7.517374 0.690133 -0.690137 0.217779 0.539527 1.353127 1 1 1.0
bag_fabric
1 3.180000 -4.050000 7.350000 0.931786 -0.263871 0.249293 -0.729000 1.323000 1 1 1.0
1 3.133241 -4.050000 7.524770 0.931786 -0.263871 0.249293 -0.729000 1.354459 1 1 1.0
1 3.087821 -4.217374 7.517374 0.931786 -0.263871 0.249293 -0.759127 1.353127 1 1 1.0
bag_fabric
1 3.180000 -4.050000 7.350000 0.931786 -0.249293 0.263871 -0.729000 1.323000 1 1 1.0
1 3.087821 -4.217374 7.517374 0.931786 -0.249293 0.263871 -0.759127 1.353127 1 1 1.0
1 3.133241 -4.224771 7.350000 0.931786 -0.249293 0.263871 -0.760459 1.323000 1 1 1.0
bag_fabric
1 3.133241 -4.050000 7.524770 0.690135 -0.217776 0.690135 -0.729000 1.354459 1 1 1.0
1 3.004770 -4.050000 7.653241 0.690135 -0.217776 0.690135 -0.729000 1.377583 1 1 1.0
1 2.997374 -4.217374 7.607821 0.690135 -0.217776 0.690135 -0.759127 1.369408 1 1 1.0
bag_fabric
1 3.133241 -4.050000 7.524770 0.690135 -0.217776 0.690135 -0.729000 1.354459 1 1 1.0
1 2.997374 -4.217374 7.607821 0.690135 -0.217776 0.690135 -0.759127 1.369408 1 1 1.0
1 3.087821 -4.217374 7.517374 0.690135 -0.217776 0.690135 -0.759127 1.353127 1 1 1.0
bag_fabric
1 2.997374 -4.217374 7.607821 0.577349 -0.577352 0.577349 0.539527 1.369408 1 1 1.0
1 2.997374 -4.307821 7.517374 0.577349 -0.577352 0.577349 0.539527 1.353127 1 1 1.0
1 3.087821 -4.217374 7.517374 0.577349 -0.577352 0.577349 0.555808 1.353127 1 1 1.0
bag_fabric
1 2.830000 4.050000 2.500000 0.263874 0.249294 -0.931785 0.509400 0.729000 1 1 1.0
1 2.830000 4.224771 2.546759 0.263874 0.249294 -0.931785 0.509400 0.760459 1 1 1.0
1 2.997374 4.217374 2.592179 0.263874 0.249294 -0.931785 0.539527 0.759127 1 1 1.0
bag_fabric
1 2.830000 4.050000 2.500000 0.249294 0.263874 -0.931785 0.509400 0.729000 1 1 1.0
1 2.997374 4.217374 2.592179 0.249294 0.263874 -0.931785 0.539527 0.759127 1 1 1.0
1 3.004770 4.050000 2.546759 0.249294 0.263874 -0.931785 0.540859 0.729000 1 1 1.0
bag_fabric
1 2.830000 4.224771 2.546759 0.217778 0.690135 -0.690135 0.509400 0.458417 1 1 1.0
1 2.830000 4.353241 2.675230 0.217778 0.690135 -0.690135 0.509400 0.481541 1 1 1.0
1 2.997374 4.307821 2.682626 0.217778 0.690135 -0.690135 0.539527 0.482873 1 1 1.0
bag_fabric
1 2.830000 4.224771 2.546759 0.217778 0.690135 -0.690135 0.509400 0.458417 1 1 1.0
1 2.997374 4.307821 2.682626 0.217778 0.690135 -0.690135 0.539527 0.482873 1 1 1.0
1 2.997374 4.217374 2.592179 0.217778 0.690135 -0.690135 0.539527 0.466592 1 1 1.0
bag_fabric
1 2.830000 4.400000 2.850000 0.249294 0.931785 -0.263874 0.509400 0.513000 1 1 1.0
1 3.004770 4.353241 2.850000 0.249294 0.931785 -0.263874 0.540859 0.513000 1 1 1.0
1 2.997374 4.307821 2.682626 0.249294 0.931785 -0.263874 0.539527 0.482873 1 1 1.0
bag_fabric
1 2.830000 4.400000 2.850000 0.263874 0.931785 -0.249294 0.509400 0.513000 1 1 1.0
1 2.997374 4.307821 2.682626 0.263874 0.931785 -0.249294 0.539527 0.482873 1 1 1.0
1 2.830000 4.353241 2.675230 0.263874 0.931785 -0.249294 0.509400 0.481541 1 1 1.0
bag_fabric
1 3.004770 4.353241 2.850000 0.690135 0.690135 -0.217776 0.540859 0.513000 1 1 1.0
1 3.133241 4.224771 2.850000 0.690135 0.690135 -0.217776 0.563983 0.513000 1 1 1.0
1 3.087821 4.217374 2.682626 0.690135 0.690135 -0.217776 0.555808 0.482873 1 1 1.0
bag_fabric
1 3.004770 4.353241 2.850000 0.690133 0.690137 -0.217779 0.540859 0.513000 1 1 1.0
1 3.087821 4.217374 2.682626 0.690133 0.690137 -0.217779 0.555808 0.482873 1 1 1.0
1 2.997374 4.307821 2.682626 0.690133 0.690137 -0.217779 0.539527 0.482873 1 1 1.0
bag_fabric
1 3.180000 4.050000 2.850000 0.931786 0.263871 -0.249293 0.729000 0.513000 1 1 1.0
1 3.133241 4.050000 2.675230 0.931786 0.263871 -0.249293 0.729000 0.481541 1 1 1.0
1 3.087821 4.217374 2.682626 0.931786 0.263871 -0.249293 0.759127 0.482873 1 1 1.0
bag_fabric
1 3.180000 4.050000 2.850000 0.931786 0.249293 -0.263871 0.729000 0.513000 1 1 1.0
1 3.087821 4.217374 2.682626 0.931786 0.249293 -0.263871 0.759127 0.482873 1 1 1.0
1 3.133241 4.224771 2.850000 0.931786 0.249293 -0.263871 0.760459 0.513000 1 1 1.0
bag_fabric
1 3.133241 4.050000 2.675230 0.690135 0.217778 -0.690135 0.563983 0.729000 1 1 1.0
1 3.004770 4.050000 2.546759 0.690135 0.217778 -0.690135 0.540859 0.729000 1 1 1.0
1 2.997374 4.217374 2.592179 0.690135 0.217778 -0.690135 0.539527 0.759127 1 1 1.0
bag_fabric
1 3.133241 4.050000 2.675230 0.690134 0.217776 -0.690137 0.563983 0.729000 1 1 1.0
1 2.997374 4.217374 2.592179 0.690134 0.217776 -0.690137 0.539527 0.759127 1 1 1.0
1 3.087821 4.217374 2.682626 0.690134 0.217776 -0.690137 0.555808 0.759127 1 1 1.0
bag_fabric
1 2.997374 4.217374 2.592179 0.577348 0.577351 -0.577351 0.539527 0.466592 1 1 1.0
1 2.997374 4.307821 2.682626 0.577348 0.577351 -0.577351 0.539527 0.482873 1 1 1.0
1 3.087821 4.217374 2.682626 0.577348 0.577351 -0.577351 0.555808 0.482873 1 1 1.0
bag_fabric
1 2.830000 4.050000 7.700000 0.249294 0.263871 0.931786 0.509400 0.729000 1 1 1.0
1 3.004770 4.050000 7.653241 0.249294 0.263871 0.931786 0.540859 0.729000 1 1 1.0
1 2.997374 4.217374 7.607821 0.249294 0.263871 0.931786 0.539527 0.759127 1 1 1.0
bag_fabric
1 2.830000 4.050000 7.700000 0.263871 0.249294 0.931786 0.509400 0.729000 1 1 1.0
1 2.997374 4.217374 7.607821 0.263871 0.249294 0.931786 0.539527 0.759127 1 1 1.0
1 2.830000 4.224771 7.653241 0.263871 0.249294 0.931786 0.509400 0.760459 1 1 1.0
bag_fabric
1 3.004770 4.050000 7.653241 0.690135 0.217776 0.690135 0.729000 1.377583 1 1 1.0
1 3.133241 4.050000 7.524770 0.690135 0.217776 0.690135 0.729000 1.354459 1 1 1.0
1 3.087821 4.217374 7.517374 0.690135 0.217776 0.690135 0.759127 1.353127 1 1 1.0
bag_fabric
1 3.004770 4.050000 7.653241 0.690135 0.217776 0.690135 0.729000 1.377583 1 1 1.0
1 3.087821 4.217374 7.517374 0.690135 0.217776 0.690135 0.759127 1.353127 1 1 1.0
1 2.997374 4.217374 7.607821 0.690135 0.217776 0.690135 0.759127 1.369408 1 1 1.0
bag_fabric
1 3.180000 4.050000 7.350000 0.931786 0.249293 0.263871 0.729000 1.323000 1 1 1.0
1 3.133241 4.224771 7.350000 0.931786 0.249293 0.263871 0.760459 1.323000 1 1 1.0
1 3.087821 4.217374 7.517374 0.931786 0.249293 0.263871 0.759127 1.353127 1 1 1.0
bag_fabric
1 3.180000 4.050000 7.350000 0.931786 0.263871 0.249293 0.729000 1.323000 1 1 1.0
1 3.087821 4.217374 7.517374 0.931786 0.263871 0.249293 0.759127 1.353127 1 1 1.0
1 3.133241 4.050000 7.524770 0.931786 0.263871 0.249293 0.729000 1.354459 1 1 1.0
bag_fabric
1 3.133241 4.224771 7.350000 0.690135 0.690135 0.217778 0.563983 1.323000 1 1 1.0
1 3.004770 4.353241 7.350000 0.690135 0.690135 0.217778 0.540859 1.323000 1 1 1.0
1 2.997374 4.307821 7.517374 0.690135 0.690135 0.217778 0.539527 1.353127 1 1 1.0
bag_fabric
1 3.133241 4.224771 7.350000 0.690134 0.690137 0.217776 0.563983 1.323000 1 1 1.0
1 2.997374 4.307821 7.517374 0.690134 0.690137 0.217776 0.539527 1.353127 1 1 1.0
1 3.087821 4.217374 7.517374 0.690134 0.690137 0.217776 0.555808 1.353127 1 1 1.0
bag_fabric
1 2.830000 4.400000 7.350000 0.263874 0.931785 0.249294 0.509400 1.323000 1 1 1.0
1 2.830000 4.353241 7.524770 0.263874 0.931785 0.249294 0.509400 1.354459 1 1 1.0
1 2.997374 4.307821 7.517374 0.263874 0.931785 0.249294 0.539527 1.353127 1 1 1.0
bag_fabric
1 2.830000 4.400000 7.350000 0.249294 0.931785 0.263874 0.509400 1.323000 1 1 1.0
1 2.997374 4.307821 7.517374 0.249294 0.931785 0.263874 0.539527 1.353127 1 1 1.0
1 3.004770 4.353241 7.350000 0.249294 0.931785 0.263874 0.540859 1.323000 1 1 1.0
bag_fabric
1 2.830000 4.353241 7.524770 0.217776 0.690135 0.690135 0.509400 1.354459 1 1 1.0
1 2.830000 4.224771 7.653241 0.217776 0.690135 0.690135 0.509400 1.377583 1 1 1.0
1 2.997374 4.217374 7.607821 0.217776 0.690135 0.690135 0.539527 1.369408 1 1 1.0
bag_fabric
1 2.830000 4.353241 7.524770 0.217779 0.690137 0.690133 0.509400 1.354459 1 1 1.0
1 2.997374 4.217374 7.607821 0.217779 0.690137 0.690133 0.539527 1.369408 1 1 1.0
1 2.997374 4.307821 7.517374 0.217779 0.690137 0.690133 0.539527 1.353127 1 1 1.0
bag_fabric
1 2.997374 4.217374 7.607821 0.577349 0.577352 0.577349 0.539527 1.369408 1 1 1.0
1 3.087821 4.217374 7.517374 0.577349 0.577352 0.577349 0.555808 1.353127 1 1 1.0
1 2.997374 4.307821 7.517374 0.577349 0.577352 0.577349 0.539527 1.353127 1 1 1.0
bag_fabric
1 2.730000 4.050000 2.500000 -0.258453 0.000000 -0.966024 0.491400 0.729000 1 1 1.0
1 2.730000 -4.050000 2.500000 -0.258453 0.000000 -0.966024 0.491400 -0.729000 1 1 1.0
1 2.555229 -4.050000 2.546759 -0.258453 0.000000 -0.966024 0.459941 -0.729000 1 1 1.0
bag_fabric
1 2.730000 4.050000 2.500000 -0.258453 0.000000 -0.966024 0.491400 0.729000 1 1 1.0
1 2.555229 -4.050000 2.546759 -0.258453 0.000000 -0.966024 0.459941 -0.729000 1 1 1.0
1 2.555229 4.050000 2.546759 -0.258453 0.000000 -0.966024 0.459941 0.729000 1 1 1.0
bag_fabric
1 2.555229 4.050000 2.546759 -0.707107 0.000000 -0.707107 0.729000 0.458417 1 1 1.0
1 2.555229 -4.050000 2.546759 -0.707107 0.000000 -0.707107 -0.729000 0.458417 1 1 1.0
1 2.426758 -4.050000 2.675230 -0.707107 0.000000 -0.707107 -0.729000 0.481541 1 1 1.0
bag_fabric
1 2.555229 4.050000 2.546759 -0.707107 0.000000 -0.707107 0.729000 0.458417 1 1 1.0
1 2.426758 -4.050000 2.675230 -0.707107 0.000000 -0.707107 -0.729000 0.481541 1 1 1.0
1 2.426758 4.050000 2.675230 -0.707107 0.000000 -0.707107 0.729000 0.481541 1 1 1.0
bag_fabric
1 2.426758 4.050000 2.675230 -0.966024 0.000000 -0.258453 0.729000 0.481541 1 1 1.0
1 2.426758 -4.050000 2.675230 -0.966024 0.000000 -0.258453 -0.729000 0.481541 1 1 1.0
1 2.380000 -4.050000 2.850000 -0.966024 0.000000 -0.258453 -0.729000 0.513000 1 1 1.0
bag_fabric
1 2.426758 4.050000 2.675230 -0.966024 0.000000 -0.258453 0.729000 0.481541 1 1 1.0
1 2.380000 -4.050000 2.850000 -0.966024 0.000000 -0.258453 -0.729000 0.513000 1 1 1.0
1 2.380000 4.050000 2.850000 -0.966024 0.000000 -0.258453 0.729000 0.513000 1 1 1.0
bag_fabric
1 2.730000 -4.400000 2.850000 -0.258453 -0.966024 0.000000 0.491400 0.513000 1 1 1.0
1 2.730000 -4.400000 7.350000 -0.258453 -0.966024 0.000000 0.491400 1.323000 1 1 1.0
1 2.555229 -4.353241 7.350000 -0.258453 -0.966024 0.000000 0.459941 1.323000 1 1 1.0
bag_fabric
1 2.730000 -4.400000 2.850000 -0.258453 -0.966024 0.000000 0.491400 0.513000 1 1 1.0
1 2.555229 -4.353241 7.350000 -0.258453 -0.966024 0.000000 0.459941 1.323000 1 1 1.0
1 2.555229 -4.353241 2.850000 -0.258453 -0.966024 0.000000 0.459941 0.513000 1 1 1.0
bag_fabric
1 2.555229 -4.353241 2.850000 -0.707107 -0.707107 0.000000 -0.783583 0.513000 1 1 1.0
1 2.555229 -4.353241 7.350000 -0.707107 -0.707107 0.000000 -0.783583 1.323000 1 1 1.0
1 2.426758 -4.224771 7.350000 -0.707107 -0.707107 0.000000 -0.760459 1.323000 1 1 1.0
bag_fabric
1 2.555229 -4.353241 2.850000 -0.707107 -0.707107 0.000000 -0.783583 0.513000 1 1 1.0
1 2.426758 -4.224771 7.350000 -0.707107 -0.707107 0.000000 -0.760459 1.323000 1 1 1.0
1 2.426758 -4.224771 2.850000 -0.707107 -0.707107 0.000000 -0.760459 0.513000 1 1 1.0
bag_fabric
1 2.426758 -4.224771 2.850000 -0.966024 -0.258453 0.000000 -0.760459 0.513000 1 1 1.0
1 2.426758 -4.224771 7.350000 -0.966024 -0.258453 0.000000 -0.760459 1.323000 1 1 1.0
1 2.380000 -4.050000 7.350000 -0.966024 -0.258453 0.000000 -0.729000 1.323000 1 1 1.0
bag_fabric
1 2.426758 -4.224771 2.850000 -0.966024 -0.258453 0.000000 -0.760459 0.513000 1 1 1.0
1 2.380000 -4.050000 7.350000 -0.966024 -0.258453 0.000000 -0.729000 1.323000 1 1 1.0
1 2.380000 -4.050000 2.850000 -0.966024 -0.258453 0.000000 -0.729000 0.513000 1 1 1.0
bag_fabric
1 2.730000 -4.050000 7.700000 -0.258453 0.000000 0.966024 0.491400 -0.729000 1 1 1.0
1 2.730000 4.050000 7.700000 -0.258453 0.000000 0.966024 0.491400 0.729000 1 1 1.0
1 2.555229 4.050000 7.653241 -0.258453 0.000000 0.966024 0.459941 0.729000 1 1 1.0
bag_fabric
1 2.730000 -4.050000 7.700000 -0.258453 0.000000 0.966024 0.491400 -0.729000 1 1 1.0
1 2.555229 4.050000 7.653241 -0.258453 0.000000 0.966024 0.459941 0.729000 1 1 1.0
1 2.555229 -4.050000 7.653241 -0.258453 0.000000 0.966024 0.459941 -0.729000 1 1 1.0
bag_fabric
1 2.555229 -4.050000 7.653241 -0.707107 0.000000 0.707107 -0.729000 1.377583 1 1 1.0
1 2.555229 4.050000 7.653241 -0.707107 0.000000 0.707107 0.729000 1.377583 1 1 1.0
1 2.426758 4.050000 7.524770 -0.707107 0.000000 0.707107 0.729000 1.354459 1 1 1.0
bag_fabric
1 2.555229 -4.050000 7.653241 -0.707107 0.000000 0.707107 -0.729000 1.377583 1 1 1.0
1 2.426758 4.050000 7.524770 -0.707107 0.000000 0.707107 0.729000 1.354459 1 1 1.0
1 2.426758 -4.050000 7.524770 -0.707107 0.000000 0.707107 -0.729000 1.354459 1 1 1.0
bag_fabric
1 2.426758 -4.050000 7.524770 -0.966024 0.000000 0.258453 -0.729000 1.354459 1 1 1.0
1 2.426758 4.050000 7.524770 -0.966024 0.000000 0.258453 0.729000 1.354459 1 1 1.0
1 2.380000 4.050000 7.350000 -0.966024 0.000000 0.258453 0.729000 1.323000 1 1 1.0
bag_fabric
1 2.426758 -4.050000 7.524770 -0.966024 0.000000 0.258453 -0.729000 1.354459 1 1 1.0
1 2.380000 4.050000 7.350000 -0.966024 0.000000 0.258453 0.729000 1.323000 1 1 1.0
1 2.380000 -4.050000 7.350000 -0.966024 0.000000 0.258453 -0.729000 1.323000 1 1 1.0
bag_fabric
1 2.730000 4.400000 7.350000 -0.258453 0.966024 0.000000 0.491400 1.323000 1 1 1.0
1 2.730000 4.400000 2.850000 -0.258453 0.966024 0.000000 0.491400 0.513000 1 1 1.0
1 2.555229 4.353241 2.850000 -0.258453 0.966024 0.000000 0.459941 0.513000 1 1 1.0
bag_fabric
1 2.730000 4.400000 7.350000 -0.258453 0.966024 0.000000 0.491400 1.323000 1 1 1.0
1 2.555229 4.353241 2.850000 -0.258453 0.966024 0.000000 0.459941 0.513000 1 1 1.0
1 2.555229 4.353241 7.350000 -0.258453 0.966024 0.000000 0.459941 1.323000 1 1 1.0
bag_fabric
1 2.555229 4.353241 7.350000 -0.707107 0.707107 0.000000 0.783583 1.323000 1 1 1.0
1 2.555229 4.353241 2.850000 -0.707107 0.707107 0.000000 0.783583 0.513000 1 1 1.0
1 2.426758 4.224771 2.850000 -0.707107 0.707107 0.000000 0.760459 0.513000 1 1 1.0
bag_fabric
1 2.555229 4.353241 7.350000 -0.707107 0.707107 0.000000 0.783583 1.323000 1 1 1.0
1 2.426758 4.224771 2.850000 -0.707107 0.707107 0.000000 0.760459 0.513000 1 1 1.0
1 2.426758 4.224771 7.350000 -0.707107 0.707107 0.000000 0.760459 1.323000 1 1 1.0
bag_fabric
1 2.426758 4.224771 7.350000 -0.966024 0.258453 0.000000 0.760459 1.323000 1 1 1.0
1 2.426758 4.224771 2.850000 -0.966024 0.258453 0.000000 0.760459 0.513000 1 1 1.0
1 2.380000 4.050000 2.850000 -0.966024 0.258453 0.000000 0.729000 0.513000 1 1 1.0
bag_fabric
1 2.426758 4.224771 7.350000 -0.966024 0.258453 0.000000 0.760459 1.323000 1 1 1.0
1 2.380000 4.050000 2.850000 -0.966024 0.258453 0.000000 0.729000 0.513000 1 1 1.0
1 2.380000 4.050000 7.350000 -0.966024 0.258453 0.000000 0.729000 1.323000 1 1 1.0
bag_fabric
1 2.830000 4.050000 2.500000 0.000000 0.258453 -0.966024 0.509400 0.729000 1 1 1.0
1 2.730000 4.050000 2.500000 0.000000 0.258453 -0.966024 0.491400 0.729000 1 1 1.0
1 2.730000 4.224771 2.546759 0.000000 0.258453 -0.966024 0.491400 0.760459 1 1 1.0
bag_fabric
1 2.830000 4.050000 2.500000 0.000000 0.258453 -0.966024 0.509400 0.729000 1 1 1.0
1 2.730000 4.224771 2.546759 0.000000 0.258453 -0.966024 0.491400 0.760459 1 1 1.0
1 2.830000 4.224771 2.546759 0.000000 0.258453 -0.966024 0.509400 0.760459 1 1 1.0
bag_fabric
1 2.830000 4.224771 2.546759 0.000000 0.707107 -0.707107 0.509400 0.458417 1 1 1.0
1 2.730000 4.224771 2.546759 0.000000 0.707107 -0.707107 0.491400 0.458417 1 1 1.0
1 2.730000 4.353241 2.675230 0.000000 0.707107 -0.707107 0.491400 0.481541 1 1 1.0
bag_fabric
1 2.830000 4.224771 2.546759 0.000000 0.707107 -0.707107 0.509400 0.458417 1 1 1.0
1 2.730000 4.353241 2.675230 0.000000 0.707107 -0.707107 0.491400 0.481541 1 1 1.0
1 2.830000 4.353241 2.675230 0.000000 0.707107 -0.707107 0.509400 0.481541 1 1 1.0
bag_fabric
1 2.830000 4.353241 2.675230 0.000000 0.966024 -0.258453 0.509400 0.481541 1 1 1.0
1 2.730000 4.353241 2.675230 0.000000 0.966024 -0.258453 0.491400 0.481541 1 1 1.0
1 2.730000 4.400000 2.850000 0.000000 0.966024 -0.258453 0.491400 0.513000 1 1 1.0
bag_fabric
1 2.830000 4.353241 2.675230 0.000000 0.966024 -0.258453 0.509400 0.481541 1 1 1.0
1 2.730000 4.400000 2.850000 0.000000 0.966024 -0.258453 0.491400 0.513000 1 1 1.0
1 2.830000 4.400000 2.850000 0.000000 0.966024 -0.258453 0.509400 0.513000 1 1 1.0
bag_fabric
1 2.730000 4.050000 7.700000 0.000000 0.258453 0.966024 0.491400 0.729000 1 1 1.0
1 2.830000 4.050000 7.700000 0.000000 0.258453 0.966024 0.509400 0.729000 1 1 1.0
1 2.830000 4.224771 7.653241 0.000000 0.258453 0.966024 0.509400 0.760459 1 1 1.0
bag_fabric
1 2.730000 4.050000 7.700000 0.000000 0.258453 0.966024 0.491400 0.729000 1 1 1.0
1 2.830000 4.224771 7.653241 0.000000 0.258453 0.966024 0.509400 0.760459 1 1 1.0
1 2.730000 4.224771 7.653241 0.000000 0.258453 0.966024 0.491400 0.760459 1 1 1.0
bag_fabric
1 2.730000 4.224771 7.653241 0.000000 0.707107 0.707107 0.491400 1.377583 1 1 1.0
1 2.830000 4.224771 7.653241 0.000000 0.707107 0.707107 0.509400 1.377583 1 1 1.0
1 2.830000 4.353241 7.524770 0.000000 0.707107 0.707107 0.509400 1.354459 1 1 1.0
bag_fabric
1 2.730000 4.224771 7.653241 0.000000 0.707107 0.707107 0.491400 1.377583 1 1 1.0
1 2.830000 4.353241 7.524770 0.000000 0.707107 0.707107 0.509400 1.354459 1 1 1.0
1 2.730000 4.353241 7.524770 0.000000 0.707107 0.707107 0.491400 1.354459 1 1 1.0
bag_fabric
1 2.730000 4.353241 7.524770 0.000000 0.966024 0.258453 0.491400 1.354459 1 1 1.0
1 2.830000 4.353241 7.524770 0.000000 0.966024 0.258453 0.509400 1.354459 1 1 1.0
1 2.830000 4.400000 7.350000 0.000000 0.966024 0.258453 0.509400 1.323000 1 1 1.0
bag_fabric
1 2.730000 4.353241 7.524770 0.000000 0.966024 0.258453 0.491400 1.354459 1 1 1.0
1 2.830000 4.400000 7.350000 0.000000 0.966024 0.258453 0.509400 1.323000 1 1 1.0
1 2.730000 4.400000 7.350000 0.000000 0.966024 0.258453 0.491400 1.323000 1 1 1.0
bag_fabric
1 3.180000 4.050000 7.350000 0.966024 0.258453 0.000000 0.729000 1.323000 1 1 1.0
1 3.180000 4.050000 2.850000 0.966024 0.258453 0.000000 0.729000 0.513000 1 1 1.0
1 3.133241 4.224771 2.850000 0.966024 0.258453 0.000000 0.760459 0.513000 1 1 1.0
bag_fabric
1 3.180000 4.050000 7.350000 0.966024 0.258453 0.000000 0.729000 1.323000 1 1 1.0
1 3.133241 4.224771 2.850000 0.966024 0.258453 0.000000 0.760459 0.513000 1 1 1.0
1 3.133241 4.224771 7.350000 0.966024 0.258453 0.000000 0.760459 1.323000 1 1 1.0
bag_fabric
1 3.133241 4.224771 7.350000 0.707107 0.707107 0.000000 0.760459 1.323000 1 1 1.0
1 3.133241 4.224771 2.850000 0.707107 0.707107 0.000000 0.760459 0.513000 1 1 1.0
1 3.004770 4.353241 2.850000 0.707107 0.707107 0.000000 0.783583 0.513000 1 1 1.0
bag_fabric
1 3.133241 4.224771 7.350000 0.707107 0.707107 0.000000 0.760459 1.323000 1 1 1.0
1 3.004770 4.353241 2.850000 0.707107 0.707107 0.000000 0.783583 0.513000 1 1 1.0
1 3.004770 4.353241 7.350000 0.707107 0.707107 0.000000 0.783583 1.323000 1 1 1.0
bag_fabric
1 3.004770 4.353241 7.350000 0.258454 0.966024 0.000000 0.540859 1.323000 1 1 1.0
1 3.004770 4.353241 2.850000 0.258454 0.966024 0.000000 0.540859 0.513000 1 1 1.0
1 2.830000 4.400000 2.850000 0.258454 0.966024 0.000000 0.509400 0.513000 1 1 1.0
bag_fabric
1 3.004770 4.353241 7.350000 0.258454 0.966024 0.000000 0.540859 1.323000 1 1 1.0
1 2.830000 4.400000 2.850000 0.258454 0.966024 0.000000 0.509400 0.513000 1 1 1.0
1 2.830000 4.400000 7.350000 0.258454 0.966024 0.000000 0.509400 1.323000 1 1 1.0
bag_fabric
1 2.830000 -4.050000 2.500000 0.258454 0.000000 -0.966024 0.509400 -0.729000 1 1 1.0
1 2.830000 4.050000 2.500000 0.258454 0.000000 -0.966024 0.509400 0.729000 1 1 1.0
1 3.004770 4.050000 2.546759 0.258454 0.000000 -0.966024 0.540859 0.729000 1 1 1.0
bag_fabric
1 2.830000 -4.050000 2.500000 0.258454 0.000000 -0.966024 0.509400 -0.729000 1 1 1.0
1 3.004770 4.050000 2.546759 0.258454 0.000000 -0.966024 0.540859 0.729000 1 1 1.0
1 3.004770 -4.050000 2.546759 0.258454 0.000000 -0.966024 0.540859 -0.729000 1 1 1.0
bag_fabric
1 3.004770 -4.050000 2.546759 0.707107 0.000000 -0.707107 -0.729000 0.458417 1 1 1.0
1 3.004770 4.050000 2.546759 0.707107 0.000000 -0.707107 0.729000 0.458417 1 1 1.0
1 3.133241 4.050000 2.675230 0.707107 0.000000 -0.707107 0.729000 0.481541 1 1 1.0
bag_fabric
1 3.004770 -4.050000 2.546759 0.707107 0.000000 -0.707107 -0.729000 0.458417 1 1 1.0
1 3.133241 4.050000 2.675230 0.707107 0.000000 -0.707107 0.729000 0.481541 1 1 1.0
1 3.133241 -4.050000 2.675230 0.707107 0.000000 -0.707107 -0.729000 0.481541 1 1 1.0
bag_fabric
1 3.133241 -4.050000 2.675230 0.966024 0.000000 -0.258453 -0.729000 0.481541 1 1 1.0
1 3.133241 4.050000 2.675230 0.966024 0.000000 -0.258453 0.729000 0.481541 1 1 1.0
1 3.180000 4.050000 2.850000 0.966024 0.000000 -0.258453 0.729000 0.513000 1 1 1.0
bag_fabric
1 3.133241 -4.050000 2.675230 0.966024 0.000000 -0.258453 -0.729000 0.481541 1 1 1.0
1 3.180000 4.050000 2.850000 0.966024 0.000000 -0.258453 0.729000 0.513000 1 1 1.0
1 3.180000 -4.050000 2.850000 0.966024 0.000000 -0.258453 -0.729000 0.513000 1 1 1.0
bag_fabric
1 2.830000 4.050000 7.700000 0.258454 0.000000 0.966024 0.509400 0.729000 1 1 1.0
1 2.830000 -4.050000 7.700000 0.258454 0.000000 0.966024 0.509400 -0.729000 1 1 1.0
1 3.004770 -4.050000 7.653241 0.258454 0.000000 0.966024 0.540859 -0.729000 1 1 1.0
bag_fabric
1 2.830000 4.050000 7.700000 0.258454 0.000000 0.966024 0.509400 0.729000 1 1 1.0
1 3.004770 -4.050000 7.653241 0.258454 0.000000 0.966024 0.540859 -0.729000 1 1 1.0
1 3.004770 4.050000 7.653241 0.258454 0.000000 0.966024 0.540859 0.729000 1 1 1.0
bag_fabric
1 3.004770 4.050000 7.653241 0.707107 0.000000 0.707107 0.729000 1.377583 1 1 1.0
1 3.004770 -4.050000 7.653241 0.707107 0.000000 0.707107 -0.729000 1.377583 1 1 1.0
1 3.133241 -4.050000 7.524770 0.707107 0.000000 0.707107 -0.729000 1.354459 1 1 1.0
bag_fabric
1 3.004770 4.050000 7.653241 0.707107 0.000000 0.707107 0.729000 1.377583 1 1 1.0
1 3.133241 -4.050000 7.524770 0.707107 0.000000 0.707107 -0.729000 1.354459 1 1 1.0
1 3.133241 4.050000 7.524770 0.707107 0.000000 0.707107 0.729000 1.354459 1 1 1.0
bag_fabric
1 3.133241 4.050000 7.524770 0.966024 0.000000 0.258453 0.729000 1.354459 1 1 1.0
1 3.133241 -4.050000 7.524770 0.966024 0.000000 0.258453 -0.729000 1.354459 1 1 1.0
1 3.180000 -4.050000 7.350000 0.966024 0.000000 0.258453 -0.729000 1.323000 1 1 1.0
bag_fabric
1 3.133241 4.050000 7.524770 0.966024 0.000000 0.258453 0.729000 1.354459 1 1 1.0
1 3.180000 -4.050000 7.350000 0.966024 0.000000 0.258453 -0.729000 1.323000 1 1 1.0
1 3.180000 4.050000 7.350000 0.966024 0.000000 0.258453 0.729000 1.323000 1 1 1.0
bag_fabric
1 2.830000 -4.400000 7.350000 0.258454 -0.966024 0.000000 0.509400 1.323000 1 1 1.0
1 2.830000 -4.400000 2.850000 0.258454 -0.966024 0.000000 0.509400 0.513000 1 1 1.0
1 3.004770 -4.353241 2.850000 0.258454 -0.966024 0.000000 0.540859 0.513000 1 1 1.0
bag_fabric
1 2.830000 -4.400000 7.350000 0.258454 -0.966024 0.000000 0.509400 1.323000 1 1 1.0
1 3.004770 -4.353241 2.850000 0.258454 -0.966024 0.000000 0.540859 0.513000 1 1 1.0
1 3.004770 -4.353241 7.350000 0.258454 -0.966024 0.000000 0.540859 1.323000 1 1 1.0
bag_fabric
1 3.004770 -4.353241 7.350000 0.707107 -0.707107 0.000000 -0.783583 1.323000 1 1 1.0
1 3.004770 -4.353241 2.850000 0.707107 -0.707107 0.000000 -0.783583 0.513000 1 1 1.0
1 3.133241 -4.224771 2.850000 0.707107 -0.707107 0.000000 -0.760459 0.513000 1 1 1.0
bag_fabric
1 3.004770 -4.353241 7.350000 0.707107 -0.707107 0.000000 -0.783583 1.323000 1 1 1.0
1 3.133241 -4.224771 2.850000 0.707107 -0.707107 0.000000 -0.760459 0.513000 1 1 1.0
1 3.133241 -4.224771 7.350000 0.707107 -0.707107 0.000000 -0.760459 1.323000 1 1 1.0
bag_fabric
1 3.133241 -4.224771 7.350000 0.966024 -0.258453 0.000000 -0.760459 1.323000 1 1 1.0
1 3.133241 -4.224771 2.850000 0.966024 -0.258453 0.000000 -0.760459 0.513000 1 1 1.0
1 3.180000 -4.050000 2.850000 0.966024 -0.258453 0.000000 -0.729000 0.513000 1 1 1.0
bag_fabric
1 3.133241 -4.224771 7.350000 0.966024 -0.258453 0.000000 -0.760459 1.323000 1 1 1.0
1 3.180000 -4.050000 2.850000 0.966024 -0.258453 0.000000 -0.729000 0.513000 1 1 1.0
1 3.180000 -4.050000 7.350000 0.966024 -0.258453 0.000000 -0.729000 1.323000 1 1 1.0
bag_fabric
1 2.730000 -4.050000 2.500000 0.000000 -0.258453 -0.966024 0.491400 -0.729000 1 1 1.0
1 2.830000 -4.050000 2.500000 0.000000 -0.258453 -0.966024 0.509400 -0.729000 1 1 1.0
1 2.830000 -4.224771 2.546759 0.000000 -0.258453 -0.966024 0.509400 -0.760459 1 1 1.0
bag_fabric
1 2.730000 -4.050000 2.500000 0.000000 -0.258453 -0.966024 0.491400 -0.729000 1 1 1.0
1 2.830000 -4.224771 2.546759 0.000000 -0.258453 -0.966024 0.509400 -0.760459 1 1 1.0
1 2.730000 -4.224771 2.546759 0.000000 -0.258453 -0.966024 0.491400 -0.760459 1 1 1.0
bag_fabric
1 2.730000 -4.224771 2.546759 0.000000 -0.707107 -0.707107 0.491400 0.458417 1 1 1.0
1 2.830000 -4.224771 2.546759 0.000000 -0.707107 -0.707107 0.509400 0.458417 1 1 1.0
1 2.830000 -4.353241 2.675230 0.000000 -0.707107 -0.707107 0.509400 0.481541 1 1 1.0
bag_fabric
1 2.730000 -4.224771 2.546759 0.000000 -0.707107 -0.707107 0.491400 0.458417 1 1 1.0
1 2.830000 -4.353241 2.675230 0.000000 -0.707107 -0.707107 0.509400 0.481541 1 1 1.0
1 2.730000 -4.353241 2.675230 0.000000 -0.707107 -0.707107 0.491400 0.481541 1 1 1.0
bag_fabric
1 2.730000 -4.353241 2.675230 0.000000 -0.966024 -0.258453 0.491400 0.481541 1 1 1.0
1 2.830000 -4.353241 2.675230 0.000000 -0.966024 -0.258453 0.509400 0.481541 1 1 1.0
1 2.830000 -4.400000 2.850000 0.000000 -0.966024 -0.258453 0.509400 0.513000 1 1 1.0
bag_fabric
1 2.730000 -4.353241 2.675230 0.000000 -0.966024 -0.258453 0.491400 0.481541 1 1 1.0
1 2.830000 -4.400000 2.850000 0.000000 -0.966024 -0.258453 0.509400 0.513000 1 1 1.0
1 2.730000 -4.400000 2.850000 0.000000 -0.966024 -0.258453 0.491400 0.513000 1 1 1.0
bag_fabric
1 2.830000 -4.050000 7.700000 0.000000 -0.258453 0.966024 0.509400 -0.729000 1 1 1.0
1 2.730000 -4.050000 7.700000 0.000000 -0.258453 0.966024 0.491400 -0.729000 1 1 1.0
1 2.730000 -4.224771 7.653241 0.000000 -0.258453 0.966024 0.491400 -0.760459 1 1 1.0
bag_fabric
1 2.830000 -4.050000 7.700000 0.000000 -0.258453 0.966024 0.509400 -0.729000 1 1 1.0
1 2.730000 -4.224771 7.653241 0.000000 -0.258453 0.966024 0.491400 -0.760459 1 1 1.0
1 2.830000 -4.224771 7.653241 0.000000 -0.258453 0.966024 0.509400 -0.760459 1 1 1.0
bag_fabric
1 2.830000 -4.224771 7.653241 0.000000 -0.707107 0.707107 0.509400 1.377583 1 1 1.0
1 2.730000 -4.224771 7.653241 0.000000 -0.707107 0.707107 0.491400 1.377583 1 1 1.0
1 2.730000 -4.353241 7.524770 0.000000 -0.707107 0.707107 0.491400 1.354459 1 1 1.0
bag_fabric
1 2.830000 -4.224771 7.653241 0.000000 -0.707107 0.707107 0.509400 1.377583 1 1 1.0
1 2.730000 -4.353241 7.524770 0.000000 -0.707107 0.707107 0.491400 1.354459 1 1 1.0
1 2.830000 -4.353241 7.524770 0.000000 -0.707107 0.707107 0.509400 1.354459 1 1 1.0
bag_fabric
1 2.830000 -4.353241 7.524770 0.000000 -0.966024 0.258453 0.509400 1.354459 1 1 1.0
1 2.730000 -4.353241 7.524770 0.000000 -0.966024 0.258453 0.491400 1.354459 1 1 1.0
1 2.730000 -4.400000 7.350000 0.000000 -0.966024 0.258453 0.491400 1.323000 1 1 1.0
bag_fabric
1 2.830000 -4.353241 7.524770 0.000000 -0.966024 0.258453 0.509400 1.354459 1 1 1.0
1 2.730000 -4.400000 7.350000 0.000000 -0.966024 0.258453 0.491400 1.323000 1 1 1.0
1 2.830000 -4.400000 7.350000 0.000000 -0.966024 0.258453 0.509400 1.323000 1 1 1.0
bag_fabric
1 2.730000 4.050000 2.500000 0.000000 0.000000 -1.000000 0.491400 0.729000 1 1 1.0
1 2.830000 4.050000 2.500000 0.000000 0.000000 -1.000000 0.509400 0.729000 1 1 1.0
1 2.830000 -4.050000 2.500000 0.000000 0.000000 -1.000000 0.509400 -0.729000 1 1 1.0
bag_fabric
1 2.730000 4.050000 2.500000 0.000000 0.000000 -1.000000 0.491400 0.729000 1 1 1.0
1 2.830000 -4.050000 2.500000 0.000000 0.000000 -1.000000 0.509400 -0.729000 1 1 1.0
1 2.730000 -4.050000 2.500000 0.000000 0.000000 -1.000000 0.491400 -0.729000 1 1 1.0
bag_fabric
1 2.380000 -4.050000 2.850000 -1.000000 0.000000 0.000000 -0.729000 0.513000 1 1 1.0
1 2.380000 -4.050000 7.350000 -1.000000 0.000000 0.000000 -0.729000 1.323000 1 1 1.0
1 2.380000 4.050000 7.350000 -1.000000 0.000000 0.000000 0.729000 1.323000 1 1 1.0
bag_fabric
1 2.380000 -4.050000 2.850000 -1.000000 0.000000 0.000000 -0.729000 0.513000 1 1 1.0
1 2.380000 4.050000 7.350000 -1.000000 0.000000 0.000000 0.729000 1.323000 1 1 1.0
1 2.380000 4.050000 2.850000 -1.000000 0.000000 0.000000 0.729000 0.513000 1 1 1.0
bag_fabric
1 2.830000 -4.400000 2.850000 0.000000 -1.000000 0.000000 0.509400 0.513000 1 1 1.0
1 2.830000 -4.400000 7.350000 0.000000 -1.000000 0.000000 0.509400 1.323000 1 1 1.0
1 2.730000 -4.400000 7.350000 0.000000 -1.000000 0.000000 0.491400 1.323000 1 1 1.0
bag_fabric
1 2.830000 -4.400000 2.850000 0.000000 -1.000000 0.000000 0.509400 0.513000 1 1 1.0
1 2.730000 -4.400000 7.350000 0.000000 -1.000000 0.000000 0.491400 1.323000 1 1 1.0
1 2.730000 -4.400000 2.850000 0.000000 -1.000000 0.000000 0.491400 0.513000 1 1 1.0
bag_fabric
1 2.830000 4.050000 7.700000 0.000000 0.000000 1.000000 0.509400 0.729000 1 1 1.0
1 2.730000 4.050000 7.700000 0.000000 0.000000 1.000000 0.491400 0.729000 1 1 1.0
1 2.730000 -4.050000 7.700000 0.000000 0.000000 1.000000 0.491400 -0.729000 1 1 1.0
bag_fabric
1 2.830000 4.050000 7.700000 0.000000 0.000000 1.000000 0.509400 0.729000 1 1 1.0
1 2.730000 -4.050000 7.700000 0.000000 0.000000 1.000000 0.491400 -0.729000 1 1 1.0
1 2.830000 -4.050000 7.700000 0.000000 0.000000 1.000000 0.509400 -0.729000 1 1 1.0
bag_fabric
1 2.730000 4.400000 2.850000 0.000000 1.000000 0.000000 0.491400 0.513000 1 1 1.0
1 2.730000 4.400000 7.350000 0.000000 1.000000 0.000000 0.491400 1.323000 1 1 1.0
1 2.830000 4.400000 7.350000 0.000000 1.000000 0.000000 0.509400 1.323000 1 1 1.0
bag_fabric
1 2.730000 4.400000 2.850000 0.000000 1.000000 0.000000 0.491400 0.513000 1 1 1.0
1 2.830000 4.400000 7.350000 0.000000 1.000000 0.000000 0.509400 1.323000 1 1 1.0
1 2.830000 4.400000 2.850000 0.000000 1.000000 0.000000 0.509400 0.513000 1 1 1.0
bag_fabric
1 3.180000 4.050000 2.850000 1.000000 0.000000 0.000000 0.729000 0.513000 1 1 1.0
1 3.180000 4.050000 7.350000 1.000000 0.000000 0.000000 0.729000 1.323000 1 1 1.0
1 3.180000 -4.050000 7.350000 1.000000 0.000000 0.000000 -0.729000 1.323000 1 1 1.0
bag_fabric
1 3.180000 4.050000 2.850000 1.000000 0.000000 0.000000 0.729000 0.513000 1 1 1.0
1 3.180000 -4.050000 7.350000 1.000000 0.000000 0.000000 -0.729000 1.323000 1 1 1.0
1 3.180000 -4.050000 2.850000 1.000000 0.000000 0.000000 -0.729000 0.513000 1 1 1.0
bag_metal
1 3.170000 2.295000 1.925000 -0.281746 -0.367177 -0.886454 0.570600 0.413100 1 1 1.0
1 3.170000 2.210147 1.960147 -0.281746 -0.367177 -0.886454 0.570600 0.397826 1 1 1.0
1 3.100718 2.225718 1.975718 -0.281746 -0.367177 -0.886454 0.558129 0.400629 1 1 1.0
bag_metal
1 3.170000 2.295000 1.925000 -0.367177 -0.281746 -0.886454 0.570600 0.413100 1 1 1.0
1 3.100718 2.225718 1.975718 -0.367177 -0.281746 -0.886454 0.558129 0.400629 1 1 1.0
1 3.085147 2.295000 1.960147 -0.367177 -0.281746 -0.886454 0.555326 0.413100 1 1 1.0
bag_metal
1 3.170000 2.175000 2.045000 -0.367177 -0.886454 -0.281745 0.570600 0.368100 1 1 1.0
1 3.085147 2.210147 2.045000 -0.367177 -0.886454 -0.281745 0.555326 0.368100 1 1 1.0
1 3.100718 2.225718 1.975718 -0.367177 -0.886454 -0.281745 0.558129 0.355629 1 1 1.0
bag_metal
1 3.170000 2.175000 2.045000 -0.281745 -0.886454 -0.367177 0.570600 0.368100 1 1 1.0
1 3.100718 2.225718 1.975718 -0.281745 -0.886454 -0.367177 0.558129 0.355629 1 1 1.0
1 3.170000 2.210147 1.960147 -0.281745 -0.886454 -0.367177 0.570600 0.352826 1 1 1.0
bag_metal
1 3.050000 2.295000 2.045000 -0.886454 -0.281745 -0.367177 0.413100 0.368100 1 1 1.0
1 3.085147 2.295000 1.960147 -0.886454 -0.281745 -0.367177 0.413100 0.352826 1 1 1.0
1 3.100718 2.225718 1.975718 -0.886454 -0.281745 -0.367177 0.400629 0.355629 1 1 1.0
bag_metal
1 3.050000 2.295000 2.045000 -0.886454 -0.367177 -0.281745 0.413100 0.368100 1 1 1.0
1 3.100718 2.225718 1.975718 -0.886454 -0.367177 -0.281745 0.400629 0.355629 1 1 1.0
1 3.085147 2.210147 2.045000 -0.886454 -0.367177 -0.281745 0.397826 0.368100 1 1 1.0
bag_metal
1 3.170000 2.175000 2.955000 -0.281745 -0.886454 0.367177 0.570600 0.531900 1 1 1.0
1 3.170000 2.210147 3.039853 -0.281745 -0.886454 0.367177 0.570600 0.547174 1 1 1.0
1 3.100718 2.225718 3.024282 -0.281745 -0.886454 0.367177 0.558129 0.544371 1 1 1.0
bag_metal
1 3.170000 2.175000 2.955000 -0.367178 -0.886454 0.281745 0.570600 0.531900 1 1 1.0
1 3.100718 2.225718 3.024282 -0.367178 -0.886454 0.281745 0.558129 0.544371 1 1 1.0
1 3.085147 2.210147 2.955000 -0.367178 -0.886454 0.281745 0.555326 0.531900 1 1 1.0
bag_metal
1 3.170000 2.295000 3.075000 -0.367177 -0.281745 0.886454 0.570600 0.413100 1 1 1.0
1 3.085147 2.295000 3.039853 -0.367177 -0.281745 0.886454 0.555326 0.413100 1 1 1.0
1 3.100718 2.225718 3.024282 -0.367177 -0.281745 0.886454 0.558129 0.400629 1 1 1.0
bag_metal
1 3.170000 2.295000 3.075000 -0.281745 -0.367177 0.886454 0.570600 0.413100 1 1 1.0
1 3.100718 2.225718 3.024282 -0.281745 -0.367177 0.886454 0.558129 0.400629 1 1 1.0
1 3.170000 2.210147 3.039853 -0.281745 -0.367177 0.886454 0.570600 0.397826 1 1 1.0
bag_metal
1 3.050000 2.295000 2.955000 -0.886454 -0.367177 0.281745 0.413100 0.531900 1 1 1.0
1 3.085147 2.210147 2.955000 -0.886454 -0.367177 0.281745 0.397826 0.531900 1 1 1.0
1 3.100718 2.225718 3.024282 -0.886454 -0.367177 0.281745 0.400629 0.544371 1 1 1.0
bag_metal
1 3.050000 2.295000 2.955000 -0.886454 -0.281745 0.367178 0.413100 0.531900 1 1 1.0
1 3.100718 2.225718 3.024282 -0.886454 -0.281745 0.367178 0.400629 0.544371 1 1 1.0
1 3.085147 2.295000 3.039853 -0.886454 -0.281745 0.367178 0.413100 0.547174 1 1 1.0
bag_metal
1 3.170000 3.205000 1.925000 -0.367177 0.281746 -0.886454 0.570600 0.576900 1 1 1.0
1 3.085147 3.205000 1.960147 -0.367177 0.281746 -0.886454 0.555326 0.576900 1 1 1.0
1 3.100718 3.274282 1.975718 -0.367177 0.281746 -0.886454 0.558129 0.589371 1 1 1.0
bag_metal
1 3.170000 3.205000 1.925000 -0.281746 0.367177 -0.886454 0.570600 0.576900 1 1 1.0
1 3.100718 3.274282 1.975718 -0.281746 0.367177 -0.886454 0.558129 0.589371 1 1 1.0
1 3.170000 3.289853 1.960147 -0.281746 0.367177 -0.886454 0.570600 0.592174 1 1 1.0
bag_metal
1 3.050000 3.205000 2.045000 -0.886454 0.367177 -0.281745 0.576900 0.368100 1 1 1.0
1 3.085147 3.289853 2.045000 -0.886454 0.367177 -0.281745 0.592174 0.368100 1 1 1.0
1 3.100718 3.274282 1.975718 -0.886454 0.367177 -0.281745 0.589371 0.355629 1 1 1.0
bag_metal
1 3.050000 3.205000 2.045000 -0.886454 0.281745 -0.367177 0.576900 0.368100 1 1 1.0
1 3.100718 3.274282 1.975718 -0.886454 0.281745 -0.367177 0.589371 0.355629 1 1 1.0
1 3.085147 3.205000 1.960147 -0.886454 0.281745 -0.367177 0.576900 0.352826 1 1 1.0
bag_metal
1 3.170000 3.325000 2.045000 -0.281745 0.886454 -0.367177 0.570600 0.368100 1 1 1.0
1 3.170000 3.289853 1.960147 -0.281745 0.886454 -0.367177 0.570600 0.352826 1 1 1.0
1 3.100718 3.274282 1.975718 -0.281745 0.886454 -0.367177 0.558129 0.355629 1 1 1.0
bag_metal
1 3.170000 3.325000 2.045000 -0.367177 0.886454 -0.281745 0.570600 0.368100 1 1 1.0
1 3.100718 3.274282 1.975718 -0.367177 0.886454 -0.281745 0.558129 0.355629 1 1 1.0
1 3.085147 3.289853 2.045000 -0.367177 0.886454 -0.281745 0.555326 0.368100 1 1 1.0
bag_metal
1 3.170000 3.205000 3.075000 -0.281745 0.367177 0.886454 0.570600 0.576900 1 1 1.0
1 3.170000 3.289853 3.039853 -0.281745 0.367177 0.886454 0.570600 0.592174 1 1 1.0
1 3.100718 3.274282 3.024282 -0.281745 0.367177 0.886454 0.558129 0.589371 1 1 1.0
bag_metal
1 3.170000 3.205000 3.075000 -0.367177 0.281745 0.886454 0.570600 0.576900 1 1 1.0
1 3.100718 3.274282 3.024282 -0.367177 0.281745 0.886454 0.558129 0.589371 1 1 1.0
1 3.085147 3.205000 3.039853 -0.367177 0.281745 0.886454 0.555326 0.576900 1 1 1.0
bag_metal
1 3.170000 3.325000 2.955000 -0.367177 0.886454 0.281745 0.570600 0.531900 1 1 1.0
1 3.085147 3.289853 2.955000 -0.367177 0.886454 0.281745 0.555326 0.531900 1 1 1.0
1 3.100718 3.274282 3.024282 -0.367177 0.886454 0.281745 0.558129 0.544371 1 1 1.0
bag_metal
1 3.170000 3.325000 2.955000 -0.281745 0.886454 0.367178 0.570600 0.531900 1 1 1.0
1 3.100718 3.274282 3.024282 -0.281745 0.886454 0.367178 0.558129 0.544371 1 1 1.0
1 3.170000 3.289853 3.039853 -0.281745 0.886454 0.367178 0.570600 0.547174 1 1 1.0
bag_metal
1 3.050000 3.205000 2.955000 -0.886454 0.281745 0.367177 0.576900 0.531900 1 1 1.0
1 3.085147 3.205000 3.039853 -0.886454 0.281745 0.367177 0.576900 0.547174 1 1 1.0
1 3.100718 3.274282 3.024282 -0.886454 0.281745 0.367177 0.589371 0.544371 1 1 1.0
bag_metal
1 3.050000 3.205000 2.955000 -0.886454 0.367178 0.281745 0.576900 0.531900 1 1 1.0
1 3.100718 3.274282 3.024282 -0.886454 0.367178 0.281745 0.589371 0.544371 1 1 1.0
1 3.085147 3.289853 2.955000 -0.886454 0.367178 0.281745 0.592174 0.531900 1 1 1.0
bag_metal
1 3.330000 2.295000 1.925000 0.367177 -0.281746 -0.886454 0.599400 0.413100 1 1 1.0
1 3.414853 2.295000 1.960147 0.367177 -0.281746 -0.886454 0.614674 0.413100 1 1 1.0
1 3.399282 2.225718 1.975718 0.367177 -0.281746 -0.886454 0.611871 0.400629 1 1 1.0
bag_metal
1 3.330000 2.295000 1.925000 0.281746 -0.367177 -0.886454 0.599400 0.413100 1 1 1.0
1 3.399282 2.225718 1.975718 0.281746 -0.367177 -0.886454 0.611871 0.400629 1 1 1.0
1 3.330000 2.210147 1.960147 0.281746 -0.367177 -0.886454 0.599400 0.397826 1 1 1.0
bag_metal
1 3.450000 2.295000 2.045000 0.886454 -0.367177 -0.281745 0.413100 0.368100 1 1 1.0
1 3.414853 2.210147 2.045000 0.886454 -0.367177 -0.281745 0.397826 0.368100 1 1 1.0
1 3.399282 2.225718 1.975718 0.886454 -0.367177 -0.281745 0.400629 0.355629 1 1 1.0
bag_metal
1 3.450000 2.295000 2.045000 0.886454 -0.281745 -0.367177 0.413100 0.368100 1 1 1.0
1 3.399282 2.225718 1.975718 0.886454 -0.281745 -0.367177 0.400629 0.355629 1 1 1.0
1 3.414853 2.295000 1.960147 0.886454 -0.281745 -0.367177 0.413100 0.352826 1 1 1.0
bag_metal
1 3.330000 2.175000 2.045000 0.281745 -0.886454 -0.367177 0.599400 0.368100 1 1 1.0
1 3.330000 2.210147 1.960147 0.281745 -0.886454 -0.367177 0.599400 0.352826 1 1 1.0
1 3.399282 2.225718 1.975718 0.281745 -0.886454 -0.367177 0.611871 0.355629 1 1 1.0
bag_metal
1 3.330000 2.175000 2.045000 0.367177 -0.886454 -0.281745 0.599400 0.368100 1 1 1.0
1 3.399282 2.225718 1.975718 0.367177 -0.886454 -0.281745 0.611871 0.355629 1 1 1.0
1 3.414853 2.210147 2.045000 0.367177 -0.886454 -0.281745 0.614674 0.368100 1 1 1.0
bag_metal
1 3.330000 2.295000 3.075000 0.281745 -0.367177 0.886454 0.599400 0.413100 1 1 1.0
1 3.330000 2.210147 3.039853 0.281745 -0.367177 0.886454 0.599400 0.397826 1 1 1.0
1 3.399282 2.225718 3.024282 0.281745 -0.367177 0.886454 0.611871 0.400629 1 1 1.0
bag_metal
1 3.330000 2.295000 3.075000 0.367177 -0.281745 0.886454 0.599400 0.413100 1 1 1.0
1 3.399282 2.225718 3.024282 0.367177 -0.281745 0.886454 0.611871 0.400629 1 1 1.0
1 3.414853 2.295000 3.039853 0.367177 -0.281745 0.886454 0.614674 0.413100 1 1 1.0
bag_metal
1 3.330000 2.175000 2.955000 0.367177 -0.886454 0.281745 0.599400 0.531900 1 1 1.0
1 3.414853 2.210147 2.955000 0.367177 -0.886454 0.281745 0.614674 0.531900 1 1 1.0
1 3.399282 2.225718 3.024282 0.367177 -0.886454 0.281745 0.611871 0.544371 1 1 1.0
bag_metal
1 3.330000 2.175000 2.955000 0.281745 -0.886454 0.367178 0.599400 0.531900 1 1 1.0
1 3.399282 2.225718 3.024282 0.281745 -0.886454 0.367178 0.611871 0.544371 1 1 1.0
1 3.330000 2.210147 3.039853 0.281745 -0.886454 0.367178 0.599400 0.547174 1 1 1.0
bag_metal
1 3.450000 2.295000 2.955000 0.886454 -0.281745 0.367177 0.413100 0.531900 1 1 1.0
1 3.414853 2.295000 3.039853 0.886454 -0.281745 0.367177 0.413100 0.547174 1 1 1.0
1 3.399282 2.225718 3.024282 0.886454 -0.281745 0.367177 0.400629 0.544371 1 1 1.0
bag_metal
1 3.450000 2.295000 2.955000 0.886454 -0.367178 0.281745 0.413100 0.531900 1 1 1.0
1 3.399282 2.225718 3.024282 0.886454 -0.367178 0.281745 0.400629 0.544371 1 1 1.0
1 3.414853 2.210147 2.955000 0.886454 -0.367178 0.281745 0.397826 0.531900 1 1 1.0
bag_metal
1 3.330000 3.205000 1.925000 0.281746 0.367177 -0.886454 0.599400 0.576900 1 1 1.0
1 3.330000 3.289853 1.960147 0.281746 0.367177 -0.886454 0.599400 0.592174 1 1 1.0
1 3.399282 3.274282 1.975718 0.281746 0.367177 -0.886454 0.611871 0.589371 1 1 1.0
bag_metal
1 3.330000 3.205000 1.925000 0.367177 0.281746 -0.886454 0.599400 0.576900 1 1 1.0
1 3.399282 3.274282 1.975718 0.367177 0.281746 -0.886454 0.611871 0.589371 1 1 1.0
1 3.414853 3.205000 1.960147 0.367177 0.281746 -0.886454 0.614674 0.576900 1 1 1.0
bag_metal
1 3.330000 3.325000 2.045000 0.367177 0.886454 -0.281745 0.599400 0.368100 1 1 1.0
1 3.414853 3.289853 2.045000 0.367177 0.886454 -0.281745 0.614674 0.368100 1 1 1.0
1 3.399282 3.274282 1.975718 0.367177 0.886454 -0.281745 0.611871 0.355629 1 1 1.0
bag_metal
1 3.330000 3.325000 2.045000 0.281745 0.886454 -0.367177 0.599400 0.368100 1 1 1.0
1 3.399282 3.274282 1.975718 0.281745 0.886454 -0.367177 0.611871 0.355629 1 1 1.0
1 3.330000 3.289853 1.960147 0.281745 0.886454 -0.367177 0.599400 0.352826 1 1 1.0
bag_metal
1 3.450000 3.205000 2.045000 0.886454 0.281745 -0.367177 0.576900 0.368100 1 1 1.0
1 3.414853 3.205000 1.960147 0.886454 0.281745 -0.367177 0.576900 0.352826 1 1 1.0
1 3.399282 3.274282 1.975718 0.886454 0.281745 -0.367177 0.589371 0.355629 1 1 1.0
bag_metal
1 3.450000 3.205000 2.045000 0.886454 0.367177 -0.281745 0.576900 0.368100 1 1 1.0
1 3.399282 3.274282 1.975718 0.886454 0.367177 -0.281745 0.589371 0.355629 1 1 1.0
1 3.414853 3.289853 2.045000 0.886454 0.367177 -0.281745 0.592174 0.368100 1 1 1.0
bag_metal
1 3.330000 3.205000 3.075000 0.367177 0.281745 0.886454 0.599400 0.576900 1 1 1.0
1 3.414853 3.205000 3.039853 0.367177 0.281745 0.886454 0.614674 0.576900 1 1 1.0
1 3.399282 3.274282 3.024282 0.367177 0.281745 0.886454 0.611871 0.589371 1 1 1.0
bag_metal
1 3.330000 3.205000 3.075000 0.281745 0.367177 0.886454 0.599400 0.576900 1 1 1.0
1 3.399282 3.274282 3.024282 0.281745 0.367177 0.886454 0.611871 0.589371 1 1 1.0
1 3.330000 3.289853 3.039853 0.281745 0.367177 0.886454 0.599400 0.592174 1 1 1.0
bag_metal
1 3.450000 3.205000 2.955000 0.886454 0.367177 0.281745 0.576900 0.531900 1 1 1.0
1 3.414853 3.289853 2.955000 0.886454 0.367177 0.281745 0.592174 0.531900 1 1 1.0
1 3.399282 3.274282 3.024282 0.886454 0.367177 0.281745 0.589371 0.544371 1 1 1.0
bag_metal
1 3.450000 3.205000 2.955000 0.886454 0.281745 0.367178 0.576900 0.531900 1 1 1.0
1 3.399282 3.274282 3.024282 0.886454 0.281745 0.367178 0.589371 0.544371 1 1 1.0
1 3.414853 3.205000 3.039853 0.886454 0.281745 0.367178 0.576900 0.547174 1 1 1.0
bag_metal
1 3.330000 3.325000 2.955000 0.281745 0.886454 0.367177 0.599400 0.531900 1 1 1.0
1 3.330000 3.289853 3.039853 0.281745 0.886454 0.367177 0.599400 0.547174 1 1 1.0
1 3.399282 3.274282 3.024282 0.281745 0.886454 0.367177 0.611871 0.544371 1 1 1.0
bag_metal
1 3.330000 3.325000 2.955000 0.367178 0.886454 0.281745 0.599400 0.531900 1 1 1.0
1 3.399282 3.274282 3.024282 0.367178 0.886454 0.281745 0.611871 0.544371 1 1 1.0
1 3.414853 3.289853 2.955000 0.367178 0.886454 0.281745 0.614674 0.531900 1 1 1.0
bag_metal
1 3.170000 3.205000 1.925000 -0.382681 0.000000 -0.923881 0.570600 0.576900 1 1 1.0
1 3.170000 2.295000 1.925000 -0.382681 0.000000 -0.923881 0.570600 0.413100 1 1 1.0
1 3.085147 2.295000 1.960147 -0.382681 0.000000 -0.923881 0.555326 0.413100 1 1 1.0
bag_metal
1 3.170000 3.205000 1.925000 -0.382681 0.000000 -0.923881 0.570600 0.576900 1 1 1.0
1 3.085147 2.295000 1.960147 -0.382681 0.000000 -0.923881 0.555326 0.413100 1 1 1.0
1 3.085147 3.205000 1.960147 -0.382681 0.000000 -0.923881 0.555326 0.576900 1 1 1.0
bag_metal
1 3.085147 3.205000 1.960147 -0.923881 0.000000 -0.382681 0.576900 0.352826 1 1 1.0
1 3.085147 2.295000 1.960147 -0.923881 0.000000 -0.382681 0.413100 0.352826 1 1 1.0
1 3.050000 2.295000 2.045000 -0.923881 0.000000 -0.382681 0.413100 0.368100 1 1 1.0
bag_metal
1 3.085147 3.205000 1.960147 -0.923881 0.000000 -0.382681 0.576900 0.352826 1 1 1.0
1 3.050000 2.295000 2.045000 -0.923881 0.000000 -0.382681 0.413100 0.368100 1 1 1.0
1 3.050000 3.205000 2.045000 -0.923881 0.000000 -0.382681 0.576900 0.368100 1 1 1.0
bag_metal
1 3.170000 2.175000 2.045000 -0.382681 -0.923881 0.000000 0.570600 0.368100 1 1 1.0
1 3.170000 2.175000 2.955000 -0.382681 -0.923881 0.000000 0.570600 0.531900 1 1 1.0
1 3.085147 2.210147 2.955000 -0.382681 -0.923881 0.000000 0.555326 0.531900 1 1 1.0
bag_metal
1 3.170000 2.175000 2.045000 -0.382681 -0.923881 0.000000 0.570600 0.368100 1 1 1.0
1 3.085147 2.210147 2.955000 -0.382681 -0.923881 0.000000 0.555326 0.531900 1 1 1.0
1 3.085147 2.210147 2.045000 -0.382681 -0.923881 0.000000 0.555326 0.368100 1 1 1.0
bag_metal
1 3.085147 2.210147 2.045000 -0.923881 -0.382681 0.000000 0.397826 0.368100 1 1 1.0
1 3.085147 2.210147 2.955000 -0.923881 -0.382681 0.000000 0.397826 0.531900 1 1 1.0
1 3.050000 2.295000 2.955000 -0.923881 -0.382681 0.000000 0.413100 0.531900 1 1 1.0
bag_metal
1 3.085147 2.210147 2.045000 -0.923881 -0.382681 0.000000 0.397826 0.368100 1 1 1.0
1 3.050000 2.295000 2.955000 -0.923881 -0.382681 0.000000 0.413100 0.531900 1 1 1.0
1 3.050000 2.295000 2.045000 -0.923881 -0.382681 0.000000 0.413100 0.368100 1 1 1.0
bag_metal
1 3.170000 2.295000 3.075000 -0.382681 0.000000 0.923881 0.570600 0.413100 1 1 1.0
1 3.170000 3.205000 3.075000 -0.382681 0.000000 0.923881 0.570600 0.576900 1 1 1.0
1 3.085147 3.205000 3.039853 -0.382681 0.000000 0.923881 0.555326 0.576900 1 1 1.0
bag_metal
1 3.170000 2.295000 3.075000 -0.382681 0.000000 0.923881 0.570600 0.413100 1 1 1.0
1 3.085147 3.205000 3.039853 -0.382681 0.000000 0.923881 0.555326 0.576900 1 1 1.0
1 3.085147 2.295000 3.039853 -0.382681 0.000000 0.923881 0.555326 0.413100 1 1 1.0
bag_metal
1 3.085147 2.295000 3.039853 -0.923881 0.000000 0.382681 0.413100 0.547174 1 1 1.0
1 3.085147 3.205000 3.039853 -0.923881 0.000000 0.382681 0.576900 0.547174 1 1 1.0
1 3.050000 3.205000 2.955000 -0.923881 0.000000 0.382681 0.576900 0.531900 1 1 1.0
bag_metal
1 3.085147 2.295000 3.039853 -0.923881 0.000000 0.382681 0.413100 0.547174 1 1 1.0
1 3.050000 3.205000 2.955000 -0.923881 0.000000 0.382681 0.576900 0.531900 1 1 1.0
1 3.050000 2.295000 2.955000 -0.923881 0.000000 0.382681 0.413100 0.531900 1 1 1.0
bag_metal
1 3.170000 3.325000 2.955000 -0.382681 0.923881 0.000000 0.570600 0.531900 1 1 1.0
1 3.170000 3.325000 2.045000 -0.382681 0.923881 0.000000 0.570600 0.368100 1 1 1.0
1 3.085147 3.289853 2.045000 -0.382681 0.923881 0.000000 0.555326 0.368100 1 1 1.0
bag_metal
1 3.170000 3.325000 2.955000 -0.382681 0.923881 0.000000 0.570600 0.531900 1 1 1.0
1 3.085147 3.289853 2.045000 -0.382681 0.923881 0.000000 0.555326 0.368100 1 1 1.0
1 3.085147 3.289853 2.955000 -0.382681 0.923881 0.000000 0.555326 0.531900 1 1 1.0
bag_metal
1 3.085147 3.289853 2.955000 -0.923881 0.382681 0.000000 0.592174 0.531900 1 1 1.0
1 3.085147 3.289853 2.045000 -0.923881 0.382681 0.000000 0.592174 0.368100 1 1 1.0
1 3.050000 3.205000 2.045000 -0.923881 0.382681 0.000000 0.576900 0.368100 1 1 1.0
bag_metal
1 3.085147 3.289853 2.955000 -0.923881 0.382681 0.000000 0.592174 0.531900 1 1 1.0
1 3.050000 3.205000 2.045000 -0.923881 0.382681 0.000000 0.576900 0.368100 1 1 1.0
1 3.050000 3.205000 2.955000 -0.923881 0.382681 0.000000 0.576900 0.531900 1 1 1.0
bag_metal
1 3.330000 3.205000 1.925000 0.000000 0.382681 -0.923881 0.599400 0.576900 1 1 1.0
1 3.170000 3.205000 1.925000 0.000000 0.382681 -0.923881 0.570600 0.576900 1 1 1.0
1 3.170000 3.289853 1.960147 0.000000 0.382681 -0.923881 0.570600 0.592174 1 1 1.0
bag_metal
1 3.330000 3.205000 1.925000 0.000000 0.382681 -0.923881 0.599400 0.576900 1 1 1.0
1 3.170000 3.289853 1.960147 0.000000 0.382681 -0.923881 0.570600 0.592174 1 1 1.0
1 3.330000 3.289853 1.960147 0.000000 0.382681 -0.923881 0.599400 0.592174 1 1 1.0
bag_metal
1 3.330000 3.289853 1.960147 0.000000 0.923881 -0.382681 0.599400 0.352826 1 1 1.0
1 3.170000 3.289853 1.960147 0.000000 0.923881 -0.382681 0.570600 0.352826 1 1 1.0
1 3.170000 3.325000 2.045000 0.000000 0.923881 -0.382681 0.570600 0.368100 1 1 1.0
bag_metal
1 3.330000 3.289853 1.960147 0.000000 0.923881 -0.382681 0.599400 0.352826 1 1 1.0
1 3.170000 3.325000 2.045000 0.000000 0.923881 -0.382681 0.570600 0.368100 1 1 1.0
1 3.330000 3.325000 2.045000 0.000000 0.923881 -0.382681 0.599400 0.368100 1 1 1.0
bag_metal
1 3.170000 3.205000 3.075000 0.000000 0.382681 0.923881 0.570600 0.576900 1 1 1.0
1 3.330000 3.205000 3.075000 0.000000 0.382681 0.923881 0.599400 0.576900 1 1 1.0
1 3.330000 3.289853 3.039853 0.000000 0.382681 0.923881 0.599400 0.592174 1 1 1.0
bag_metal
1 3.170000 3.205000 3.075000 0.000000 0.382681 0.923881 0.570600 0.576900 1 1 1.0
1 3.330000 3.289853 3.039853 0.000000 0.382681 0.923881 0.599400 0.592174 1 1 1.0
1 3.170000 3.289853 3.039853 0.000000 0.382681 0.923881 0.570600 0.592174 1 1 1.0
bag_metal
1 3.170000 3.289853 3.039853 0.000000 0.923881 0.382681 0.570600 0.547174 1 1 1.0
1 3.330000 3.289853 3.039853 0.000000 0.923881 0.382681 0.599400 0.547174 1 1 1.0
1 3.330000 3.325000 2.955000 0.000000 0.923881 0.382681 0.599400 0.531900 1 1 1.0
bag_metal
1 3.170000 3.289853 3.039853 0.000000 0.923881 0.382681 0.570600 0.547174 1 1 1.0
1 3.330000 3.325000 2.955000 0.000000 0.923881 0.382681 0.599400 0.531900 1 1 1.0
1 3.170000 3.325000 2.955000 0.000000 0.923881 0.382681 0.570600 0.531900 1 1 1.0
bag_metal
1 3.450000 3.205000 2.955000 0.923881 0.382681 0.000000 0.576900 0.531900 1 1 1.0
1 3.450000 3.205000 2.045000 0.923881 0.382681 0.000000 0.576900 0.368100 1 1 1.0
1 3.414853 3.289853 2.045000 0.923881 0.382681 0.000000 0.592174 0.368100 1 1 1.0
bag_metal
1 3.450000 3.205000 2.955000 0.923881 0.382681 0.000000 0.576900 0.531900 1 1 1.0
1 3.414853 3.289853 2.045000 0.923881 0.382681 0.000000 0.592174 0.368100 1 1 1.0
1 3.414853 3.289853 2.955000 0.923881 0.382681 0.000000 0.592174 0.531900 1 1 1.0
bag_metal
1 3.414853 3.289853 2.955000 0.382681 0.923881 0.000000 0.614674 0.531900 1 1 1.0
1 3.414853 3.289853 2.045000 0.382681 0.923881 0.000000 0.614674 0.368100 1 1 1.0
1 3.330000 3.325000 2.045000 0.382681 0.923881 0.000000 0.599400 0.368100 1 1 1.0
bag_metal
1 3.414853 3.289853 2.955000 0.382681 0.923881 0.000000 0.614674 0.531900 1 1 1.0
1 3.330000 3.325000 2.045000 0.382681 0.923881 0.000000 0.599400 0.368100 1 1 1.0
1 3.330000 3.325000 2.955000 0.382681 0.923881 0.000000 0.599400 0.531900 1 1 1.0
bag_metal
1 3.330000 2.295000 1.925000 0.382681 0.000000 -0.923881 0.599400 0.413100 1 1 1.0
1 3.330000 3.205000 1.925000 0.382681 0.000000 -0.923881 0.599400 0.576900 1 1 1.0
1 3.414853 3.205000 1.960147 0.382681 0.000000 -0.923881 0.614674 0.576900 1 1 1.0
bag_metal
1 3.330000 2.295000 1.925000 0.382681 0.000000 -0.923881 0.599400 0.413100 1 1 1.0
1 3.414853 3.205000 1.960147 0.382681 0.000000 -0.923881 0.614674 0.576900 1 1 1.0
1 3.414853 2.295000 1.960147 0.382681 0.000000 -0.923881 0.614674 0.413100 1 1 1.0
bag_metal
1 3.414853 2.295000 1.960147 0.923881 0.000000 -0.382681 0.413100 0.352826 1 1 1.0
1 3.414853 3.205000 1.960147 0.923881 0.000000 -0.382681 0.576900 0.352826 1 1 1.0
1 3.450000 3.205000 2.045000 0.923881 0.000000 -0.382681 0.576900 0.368100 1 1 1.0
bag_metal
1 3.414853 2.295000 1.960147 0.923881 0.000000 -0.382681 0.413100 0.352826 1 1 1.0
1 3.450000 3.205000 2.045000 0.923881 0.000000 -0.382681 0.576900 0.368100 1 1 1.0
1 3.450000 2.295000 2.045000 0.923881 0.000000 -0.382681 0.413100 0.368100 1 1 1.0
bag_metal
1 3.330000 3.205000 3.075000 0.382681 0.000000 0.923881 0.599400 0.576900 1 1 1.0
1 3.330000 2.295000 3.075000 0.382681 0.000000 0.923881 0.599400 0.413100 1 1 1.0
1 3.414853 2.295000 3.039853 0.382681 0.000000 0.923881 0.614674 0.413100 1 1 1.0
bag_metal
1 3.330000 3.205000 3.075000 0.382681 0.000000 0.923881 0.599400 0.576900 1 1 1.0
1 3.414853 2.295000 3.039853 0.382681 0.000000 0.923881 0.614674 0.413100 1 1 1.0
1 3.414853 3.205000 3.039853 0.382681 0.000000 0.923881 0.614674 0.576900 1 1 1.0
bag_metal
1 3.414853 3.205000 3.039853 0.923881 0.000000 0.382681 0.576900 0.547174 1 1 1.0
1 3.414853 2.295000 3.039853 0.923881 0.000000 0.382681 0.413100 0.547174 1 1 1.0
1 3.450000 2.295000 2.955000 0.923881 0.000000 0.382681 0.413100 0.531900 1 1 1.0
bag_metal
1 3.414853 3.205000 3.039853 0.923881 0.000000 0.382681 0.576900 0.547174 1 1 1.0
1 3.450000 2.295000 2.955000 0.923881 0.000000 0.382681 0.413100 0.531900 1 1 1.0
1 3.450000 3.205000 2.955000 0.923881 0.000000 0.382681 0.576900 0.531900 1 1 1.0
bag_metal
1 3.330000 2.175000 2.955000 0.382681 -0.923881 0.000000 0.599400 0.531900 1 1 1.0
1 3.330000 2.175000 2.045000 0.382681 -0.923881 0.000000 0.599400 0.368100 1 1 1.0
1 3.414853 2.210147 2.045000 0.382681 -0.923881 0.000000 0.614674 0.368100 1 1 1.0
bag_metal
1 3.330000 2.175000 2.955000 0.382681 -0.923881 0.000000 0.599400 0.531900 1 1 1.0
1 3.414853 2.210147 2.045000 0.382681 -0.923881 0.000000 0.614674 0.368100 1 1 1.0
1 3.414853 2.210147 2.955000 0.382681 -0.923881 0.000000 0.614674 0.531900 1 1 1.0
bag_metal
1 3.414853 2.210147 2.955000 0.923881 -0.382681 0.000000 0.397826 0.531900 1 1 1.0
1 3.414853 2.210147 2.045000 0.923881 -0.382681 0.000000 0.397826 0.368100 1 1 1.0
1 3.450000 2.295000 2.045000 0.923881 -0.382681 0.000000 0.413100 0.368100 1 1 1.0
bag_metal
1 3.414853 2.210147 2.955000 0.923881 -0.382681 0.000000 0.397826 0.531900 1 1 1.0
1 3.450000 2.295000 2.045000 0.923881 -0.382681 0.000000 0.413100 0.368100 1 1 1.0
1 3.450000 2.295000 2.955000 0.923881 -0.382681 0.000000 0.413100 0.531900 1 1 1.0
bag_metal
1 3.170000 2.295000 1.925000 0.000000 -0.382681 -0.923881 0.570600 0.413100 1 1 1.0
1 3.330000 2.295000 1.925000 0.000000 -0.382681 -0.923881 0.599400 0.413100 1 1 1.0
1 3.330000 2.210147 1.960147 0.000000 -0.382681 -0.923881 0.599400 0.397826 1 1 1.0
bag_metal
1 3.170000 2.295000 1.925000 0.000000 -0.382681 -0.923881 0.570600 0.413100 1 1 1.0
1 3.330000 2.210147 1.960147 0.000000 -0.382681 -0.923881 0.599400 0.397826 1 1 1.0
1 3.170000 2.210147 1.960147 0.000000 -0.382681 -0.923881 0.570600 0.397826 1 1 1.0
bag_metal
1 3.170000 2.210147 1.960147 0.000000 -0.923881 -0.382681 0.570600 0.352826 1 1 1.0
1 3.330000 2.210147 1.960147 0.000000 -0.923881 -0.382681 0.599400 0.352826 1 1 1.0
1 3.330000 2.175000 2.045000 0.000000 -0.923881 -0.382681 0.599400 0.368100 1 1 1.0
bag_metal
1 3.170000 2.210147 1.960147 0.000000 -0.923881 -0.382681 0.570600 0.352826 1 1 1.0
1 3.330000 2.175000 2.045000 0.000000 -0.923881 -0.382681 0.599400 0.368100 1 1 1.0
1 3.170000 2.175000 2.045000 0.000000 -0.923881 -0.382681 0.570600 0.368100 1 1 1.0
bag_metal
1 3.330000 2.295000 3.075000 0.000000 -0.382681 0.923881 0.599400 0.413100 1 1 1.0
1 3.170000 2.295000 3.075000 0.000000 -0.382681 0.923881 0.570600 0.413100 1 1 1.0
1 3.170000 2.210147 3.039853 0.000000 -0.382681 0.923881 0.570600 0.397826 1 1 1.0
bag_metal
1 3.330000 2.295000 3.075000 0.000000 -0.382681 0.923881 0.599400 0.413100 1 1 1.0
1 3.170000 2.210147 3.039853 0.000000 -0.382681 0.923881 0.570600 0.397826 1 1 1.0
1 3.330000 2.210147 3.039853 0.000000 -0.382681 0.923881 0.599400 0.397826 1 1 1.0
bag_metal
1 3.330000 2.210147 3.039853 0.000000 -0.923881 0.382681 0.599400 0.547174 1 1 1.0
1 3.170000 2.210147 3.039853 0.000000 -0.923881 0.382681 0.570600 0.547174 1 1 1.0
1 3.170000 2.175000 2.955000 0.000000 -0.923881 0.382681 0.570600 0.531900 1 1 1.0
bag_metal
1 3.330000 2.210147 3.039853 0.000000 -0.923881 0.382681 0.599400 0.547174 1 1 1.0
1 3.170000 2.175000 2.955000 0.000000 -0.923881 0.382681 0.570600 0.531900 1 1 1.0
1 3.330000 2.175000 2.955000 0.000000 -0.923881 0.382681 0.599400 0.531900 1 1 1.0
bag_metal
1 3.170000 3.205000 1.925000 0.000000 0.000000 -1.000000 0.570600 0.576900 1 1 1.0
1 3.330000 3.205000 1.925000 0.000000 0.000000 -1.000000 0.599400 0.576900 1 1 1.0
1 3.330000 2.295000 1.925000 0.000000 0.000000 -1.000000 0.599400 0.413100 1 1 1.0
bag_metal
1 3.170000 3.205000 1.925000 0.000000 0.000000 -1.000000 0.570600 0.576900 1 1 1.0
1 3.330000 2.295000 1.925000 0.000000 0.000000 -1.000000 0.599400 0.413100 1 1 1.0
1 3.170000 2.295000 1.925000 0.000000 0.000000 -1.000000 0.570600 0.413100 1 1 1.0
bag_metal
1 3.050000 2.295000 2.045000 -1.000000 0.000000 0.000000 0.413100 0.368100 1 1 1.0
1 3.050000 2.295000 2.955000 -1.000000 0.000000 0.000000 0.413100 0.531900 1 1 1.0
1 3.050000 3.205000 2.955000 -1.000000 0.000000 0.000000 0.576900 0.531900 1 1 1.0
bag_metal
1 3.050000 2.295000 2.045000 -1.000000 0.000000 0.000000 0.413100 0.368100 1 1 1.0
1 3.050000 3.205000 2.955000 -1.000000 0.000000 0.000000 0.576900 0.531900 1 1 1.0
1 3.050000 3.205000 2.045000 -1.000000 0.000000 0.000000 0.576900 0.368100 1 1 1.0
bag_metal
1 3.330000 2.175000 2.045000 0.000000 -1.000000 0.000000 0.599400 0.368100 1 1 1.0
1 3.330000 2.175000 2.955000 0.000000 -1.000000 0.000000 0.599400 0.531900 1 1 1.0
1 3.170000 2.175000 2.955000 0.000000 -1.000000 0.000000 0.570600 0.531900 1 1 1.0
bag_metal
1 3.330000 2.175000 2.045000 0.000000 -1.000000 0.000000 0.599400 0.368100 1 1 1.0
1 3.170000 2.175000 2.955000 0.000000 -1.000000 0.000000 0.570600 0.531900 1 1 1.0
1 3.170000 2.175000 2.045000 0.000000 -1.000000 0.000000 0.570600 0.368100 1 1 1.0
bag_metal
1 3.330000 3.205000 3.075000 0.000000 0.000000 1.000000 0.599400 0.576900 1 1 1.0
1 3.170000 3.205000 3.075000 0.000000 0.000000 1.000000 0.570600 0.576900 1 1 1.0
1 3.170000 2.295000 3.075000 0.000000 0.000000 1.000000 0.570600 0.413100 1 1 1.0
bag_metal
1 3.330000 3.205000 3.075000 0.000000 0.000000 1.000000 0.599400 0.576900 1 1 1.0
1 3.170000 2.295000 3.075000 0.000000 0.000000 1.000000 0.570600 0.413100 1 1 1.0
1 3.330000 2.295000 3.075000 0.000000 0.000000 1.000000 0.599400 0.413100 1 1 1.0
bag_metal
1 3.170000 3.325000 2.045000 0.000000 1.000000 0.000000 0.570600 0.368100 1 1 1.0
1 3.170000 3.325000 2.955000 0.000000 1.000000 0.000000 0.570600 0.531900 1 1 1.0
1 3.330000 3.325000 2.955000 0.000000 1.000000 0.000000 0.599400 0.531900 1 1 1.0
bag_metal
1 3.170000 3.325000 2.045000 0.000000 1.000000 0.000000 0.570600 0.368100 1 1 1.0
1 3.330000 3.325000 2.955000 0.000000 1.000000 0.000000 0.599400 0.531900 1 1 1.0
1 3.330000 3.325000 2.045000 0.000000 1.000000 0.000000 0.599400 0.368100 1 1 1.0
bag_metal
1 3.450000 3.205000 2.045000 1.000000 0.000000 0.000000 0.576900 0.368100 1 1 1.0
1 3.450000 3.205000 2.955000 1.000000 0.000000 0.000000 0.576900 0.531900 1 1 1.0
1 3.450000 2.295000 2.955000 1.000000 0.000000 0.000000 0.413100 0.531900 1 1 1.0
bag_metal
1 3.450000 3.205000 2.045000 1.000000 0.000000 0.000000 0.576900 0.368100 1 1 1.0
1 3.450000 2.295000 2.955000 1.000000 0.000000 0.000000 0.413100 0.531900 1 1 1.0
1 3.450000 2.295000 2.045000 1.000000 0.000000 0.000000 0.413100 0.368100 1 1 1.0
bag_metal
1 3.170000 -3.205000 1.925000 -0.281746 -0.367177 -0.886454 0.570600 -0.576900 1 1 1.0
1 3.170000 -3.289853 1.960147 -0.281746 -0.367177 -0.886454 0.570600 -0.592174 1 1 1.0
1 3.100718 -3.274282 1.975718 -0.281746 -0.367177 -0.886454 0.558129 -0.589371 1 1 1.0
bag_metal
1 3.170000 -3.205000 1.925000 -0.367177 -0.281746 -0.886454 0.570600 -0.576900 1 1 1.0
1 3.100718 -3.274282 1.975718 -0.367177 -0.281746 -0.886454 0.558129 -0.589371 1 1 1.0
1 3.085147 -3.205000 1.960147 -0.367177 -0.281746 -0.886454 0.555326 -0.576900 1 1 1.0
bag_metal
1 3.170000 -3.325000 2.045000 -0.367177 -0.886454 -0.281745 0.570600 0.368100 1 1 1.0
1 3.085147 -3.289853 2.045000 -0.367177 -0.886454 -0.281745 0.555326 0.368100 1 1 1.0
1 3.100718 -3.274282 1.975718 -0.367177 -0.886454 -0.281745 0.558129 0.355629 1 1 1.0
bag_metal
1 3.170000 -3.325000 2.045000 -0.281745 -0.886454 -0.367177 0.570600 0.368100 1 1 1.0
1 3.100718 -3.274282 1.975718 -0.281745 -0.886454 -0.367177 0.558129 0.355629 1 1 1.0
1 3.170000 -3.289853 1.960147 -0.281745 -0.886454 -0.367177 0.570600 0.352826 1 1 1.0
bag_metal
1 3.050000 -3.205000 2.045000 -0.886454 -0.281745 -0.367177 -0.576900 0.368100 1 1 1.0
1 3.085147 -3.205000 1.960147 -0.886454 -0.281745 -0.367177 -0.576900 0.352826 1 1 1.0
1 3.100718 -3.274282 1.975718 -0.886454 -0.281745 -0.367177 -0.589371 0.355629 1 1 1.0
bag_metal
1 3.050000 -3.205000 2.045000 -0.886454 -0.367177 -0.281745 -0.576900 0.368100 1 1 1.0
1 3.100718 -3.274282 1.975718 -0.886454 -0.367177 -0.281745 -0.589371 0.355629 1 1 1.0
1 3.085147 -3.289853 2.045000 -0.886454 -0.367177 -0.281745 -0.592174 0.368100 1 1 1.0
bag_metal
1 3.170000 -3.325000 2.955000 -0.281745 -0.886454 0.367177 0.570600 0.531900 1 1 1.0
1 3.170000 -3.289853 3.039853 -0.281745 -0.886454 0.367177 0.570600 0.547174 1 1 1.0
1 3.100718 -3.274282 3.024282 -0.281745 -0.886454 0.367177 0.558129 0.544371 1 1 1.0
bag_metal
1 3.170000 -3.325000 2.955000 -0.367178 -0.886454 0.281745 0.570600 0.531900 1 1 1.0
1 3.100718 -3.274282 3.024282 -0.367178 -0.886454 0.281745 0.558129 0.544371 1 1 1.0
1 3.085147 -3.289853 2.955000 -0.367178 -0.886454 0.281745 0.555326 0.531900 1 1 1.0
bag_metal
1 3.170000 -3.205000 3.075000 -0.367177 -0.281745 0.886454 0.570600 -0.576900 1 1 1.0
1 3.085147 -3.205000 3.039853 -0.367177 -0.281745 0.886454 0.555326 -0.576900 1 1 1.0
1 3.100718 -3.274282 3.024282 -0.367177 -0.281745 0.886454 0.558129 -0.589371 1 1 1.0
bag_metal
1 3.170000 -3.205000 3.075000 -0.281745 -0.367177 0.886454 0.570600 -0.576900 1 1 1.0
1 3.100718 -3.274282 3.024282 -0.281745 -0.367177 0.886454 0.558129 -0.589371 1 1 1.0
1 3.170000 -3.289853 3.039853 -0.281745 -0.367177 0.886454 0.570600 -0.592174 1 1 1.0
bag_metal
1 3.050000 -3.205000 2.955000 -0.886454 -0.367177 0.281745 -0.576900 0.531900 1 1 1.0
1 3.085147 -3.289853 2.955000 -0.886454 -0.367177 0.281745 -0.592174 0.531900 1 1 1.0
1 3.100718 -3.274282 3.024282 -0.886454 -0.367177 0.281745 -0.589371 0.544371 1 1 1.0
bag_metal
1 3.050000 -3.205000 2.955000 -0.886454 -0.281745 0.367178 -0.576900 0.531900 1 1 1.0
1 3.100718 -3.274282 3.024282 -0.886454 -0.281745 0.367178 -0.589371 0.544371 1 1 1.0
1 3.085147 -3.205000 3.039853 -0.886454 -0.281745 0.367178 -0.576900 0.547174 1 1 1.0
bag_metal
1 3.170000 -2.295000 1.925000 -0.367177 0.281746 -0.886454 0.570600 -0.413100 1 1 1.0
1 3.085147 -2.295000 1.960147 -0.367177 0.281746 -0.886454 0.555326 -0.413100 1 1 1.0
1 3.100718 -2.225718 1.975718 -0.367177 0.281746 -0.886454 0.558129 -0.400629 1 1 1.0
bag_metal
1 3.170000 -2.295000 1.925000 -0.281746 0.367177 -0.886454 0.570600 -0.413100 1 1 1.0
1 3.100718 -2.225718 1.975718 -0.281746 0.367177 -0.886454 0.558129 -0.400629 1 1 1.0
1 3.170000 -2.210147 1.960147 -0.281746 0.367177 -0.886454 0.570600 -0.397826 1 1 1.0
bag_metal
1 3.050000 -2.295000 2.045000 -0.886454 0.367177 -0.281745 -0.413100 0.368100 1 1 1.0
1 3.085147 -2.210147 2.045000 -0.886454 0.367177 -0.281745 -0.397826 0.368100 1 1 1.0
1 3.100718 -2.225718 1.975718 -0.886454 0.367177 -0.281745 -0.400629 0.355629 1 1 1.0
bag_metal
1 3.050000 -2.295000 2.045000 -0.886454 0.281745 -0.367177 -0.413100 0.368100 1 1 1.0
1 3.100718 -2.225718 1.975718 -0.886454 0.281745 -0.367177 -0.400629 0.355629 1 1 1.0
1 3.085147 -2.295000 1.960147 -0.886454 0.281745 -0.367177 -0.413100 0.352826 1 1 1.0
bag_metal
1 3.170000 -2.175000 2.045000 -0.281745 0.886454 -0.367177 0.570600 0.368100 1 1 1.0
1 3.170000 -2.210147 1.960147 -0.281745 0.886454 -0.367177 0.570600 0.352826 1 1 1.0
1 3.100718 -2.225718 1.975718 -0.281745 0.886454 -0.367177 0.558129 0.355629 1 1 1.0
bag_metal
1 3.170000 -2.175000 2.045000 -0.367177 0.886454 -0.281745 0.570600 0.368100 1 1 1.0
1 3.100718 -2.225718 1.975718 -0.367177 0.886454 -0.281745 0.558129 0.355629 1 1 1.0
1 3.085147 -2.210147 2.045000 -0.367177 0.886454 -0.281745 0.555326 0.368100 1 1 1.0
bag_metal
1 3.170000 -2.295000 3.075000 -0.281745 0.367177 0.886454 0.570600 -0.413100 1 1 1.0
1 3.170000 -2.210147 3.039853 -0.281745 0.367177 0.886454 0.570600 -0.397826 1 1 1.0
1 3.100718 -2.225718 3.024282 -0.281745 0.367177 0.886454 0.558129 -0.400629 1 1 1.0
bag_metal
1 3.170000 -2.295000 3.075000 -0.367177 0.281745 0.886454 0.570600 -0.413100 1 1 1.0
1 3.100718 -2.225718 3.024282 -0.367177 0.281745 0.886454 0.558129 -0.400629 1 1 1.0
1 3.085147 -2.295000 3.039853 -0.367177 0.281745 0.886454 0.555326 -0.413100 1 1 1.0
bag_metal
1 3.170000 -2.175000 2.955000 -0.367177 0.886454 0.281745 0.570600 0.531900 1 1 1.0
1 3.085147 -2.210147 2.955000 -0.367177 0.886454 0.281745 0.555326 0.531900 1 1 1.0
1 3.100718 -2.225718 3.024282 -0.367177 0.886454 0.281745 0.558129 0.544371 1 1 1.0
bag_metal
1 3.170000 -2.175000 2.955000 -0.281745 0.886454 0.367178 0.570600 0.531900 1 1 1.0
1 3.100718 -2.225718 3.024282 -0.281745 0.886454 0.367178 0.558129 0.544371 1 1 1.0
1 3.170000 -2.210147 3.039853 -0.281745 0.886454 0.367178 0.570600 0.547174 1 1 1.0
bag_metal
1 3.050000 -2.295000 2.955000 -0.886454 0.281745 0.367177 -0.413100 0.531900 1 1 1.0
1 3.085147 -2.295000 3.039853 -0.886454 0.281745 0.367177 -0.413100 0.547174 1 1 1.0
1 3.100718 -2.225718 3.024282 -0.886454 0.281745 0.367177 -0.400629 0.544371 1 1 1.0
bag_metal
1 3.050000 -2.295000 2.955000 -0.886454 0.367178 0.281745 -0.413100 0.531900 1 1 1.0
1 3.100718 -2.225718 3.024282 -0.886454 0.367178 0.281745 -0.400629 0.544371 1 1 1.0
1 3.085147 -2.210147 2.955000 -0.886454 0.367178 0.281745 -0.397826 0.531900 1 1 1.0
bag_metal
1 3.330000 -3.205000 1.925000 0.367177 -0.281746 -0.886454 0.599400 -0.576900 1 1 1.0
1 3.414853 -3.205000 1.960147 0.367177 -0.281746 -0.886454 0.614674 -0.576900 1 1 1.0
1 3.399282 -3.274282 1.975718 0.367177 -0.281746 -0.886454 0.611871 -0.589371 1 1 1.0
bag_metal
1 3.330000 -3.205000 1.925000 0.281746 -0.367177 -0.886454 0.599400 -0.576900 1 1 1.0
1 3.399282 -3.274282 1.975718 0.281746 -0.367177 -0.886454 0.611871 -0.589371 1 1 1.0
1 3.330000 -3.289853 1.960147 0.281746 -0.367177 -0.886454 0.599400 -0.592174 1 1 1.0
bag_metal
1 3.450000 -3.205000 2.045000 0.886454 -0.367177 -0.281745 -0.576900 0.368100 1 1 1.0
1 3.414853 -3.289853 2.045000 0.886454 -0.367177 -0.281745 -0.592174 0.368100 1 1 1.0
1 3.399282 -3.274282 1.975718 0.886454 -0.367177 -0.281745 -0.589371 0.355629 1 1 1.0
bag_metal
1 3.450000 -3.205000 2.045000 0.886454 -0.281745 -0.367177 -0.576900 0.368100 1 1 1.0
1 3.399282 -3.274282 1.975718 0.886454 -0.281745 -0.367177 -0.589371 0.355629 1 1 1.0
1 3.414853 -3.205000 1.960147 0.886454 -0.281745 -0.367177 -0.576900 0.352826 1 1 1.0
bag_metal
1 3.330000 -3.325000 2.045000 0.281745 -0.886454 -0.367177 0.599400 0.368100 1 1 1.0
1 3.330000 -3.289853 1.960147 0.281745 -0.886454 -0.367177 0.599400 0.352826 1 1 1.0
1 3.399282 -3.274282 1.975718 0.281745 -0.886454 -0.367177 0.611871 0.355629 1 1 1.0
bag_metal
1 3.330000 -3.325000 2.045000 0.367177 -0.886454 -0.281745 0.599400 0.368100 1 1 1.0
1 3.399282 -3.274282 1.975718 0.367177 -0.886454 -0.281745 0.611871 0.355629 1 1 1.0
1 3.414853 -3.289853 2.045000 0.367177 -0.886454 -0.281745 0.614674 0.368100 1 1 1.0
bag_metal
1 3.330000 -3.205000 3.075000 0.281745 -0.367177 0.886454 0.599400 -0.576900 1 1 1.0
1 3.330000 -3.289853 3.039853 0.281745 -0.367177 0.886454 0.599400 -0.592174 1 1 1.0
1 3.399282 -3.274282 3.024282 0.281745 -0.367177 0.886454 0.611871 -0.589371 1 1 1.0
bag_metal
1 3.330000 -3.205000 3.075000 0.367177 -0.281745 0.886454 0.599400 -0.576900 1 1 1.0
1 3.399282 -3.274282 3.024282 0.367177 -0.281745 0.886454 0.611871 -0.589371 1 1 1.0
1 3.414853 -3.205000 3.039853 0.367177 -0.281745 0.886454 0.614674 -0.576900 1 1 1.0
bag_metal
1 3.330000 -3.325000 2.955000 0.367177 -0.886454 0.281745 0.599400 0.531900 1 1 1.0
1 3.414853 -3.289853 2.955000 0.367177 -0.886454 0.281745 0.614674 0.531900 1 1 1.0
1 3.399282 -3.274282 3.024282 0.367177 -0.886454 0.281745 0.611871 0.544371 1 1 1.0
bag_metal
1 3.330000 -3.325000 2.955000 0.281745 -0.886454 0.367178 0.599400 0.531900 1 1 1.0
1 3.399282 -3.274282 3.024282 0.281745 -0.886454 0.367178 0.611871 0.544371 1 1 1.0
1 3.330000 -3.289853 3.039853 0.281745 -0.886454 0.367178 0.599400 0.547174 1 1 1.0
bag_metal
1 3.450000 -3.205000 2.955000 0.886454 -0.281745 0.367177 -0.576900 0.531900 1 1 1.0
1 3.414853 -3.205000 3.039853 0.886454 -0.281745 0.367177 -0.576900 0.547174 1 1 1.0
1 3.399282 -3.274282 3.024282 0.886454 -0.281745 0.367177 -0.589371 0.544371 1 1 1.0
bag_metal
1 3.450000 -3.205000 2.955000 0.886454 -0.367178 0.281745 -0.576900 0.531900 1 1 1.0
1 3.399282 -3.274282 3.024282 0.886454 -0.367178 0.281745 -0.589371 0.544371 1 1 1.0
1 3.414853 -3.289853 2.955000 0.886454 -0.367178 0.281745 -0.592174 0.531900 1 1 1.0
bag_metal
1 3.330000 -2.295000 1.925000 0.281746 0.367177 -0.886454 0.599400 -0.413100 1 1 1.0
1 3.330000 -2.210147 1.960147 0.281746 0.367177 -0.886454 0.599400 -0.397826 1 1 1.0
1 3.399282 -2.225718 1.975718 0.281746 0.367177 -0.886454 0.611871 -0.400629 1 1 1.0
bag_metal
1 3.330000 -2.295000 1.925000 0.367177 0.281746 -0.886454 0.599400 -0.413100 1 1 1.0
1 3.399282 -2.225718 1.975718 0.367177 0.281746 -0.886454 0.611871 -0.400629 1 1 1.0
1 3.414853 -2.295000 1.960147 0.367177 0.281746 -0.886454 0.614674 -0.413100 1 1 1.0
bag_metal
1 3.330000 -2.175000 2.045000 0.367177 0.886454 -0.281745 0.599400 0.368100 1 1 1.0
1 3.414853 -2.210147 2.045000 0.367177 0.886454 -0.281745 0.614674 0.368100 1 1 1.0
1 3.399282 -2.225718 1.975718 0.367177 0.886454 -0.281745 0.611871 0.355629 1 1 1.0
bag_metal
1 3.330000 -2.175000 2.045000 0.281745 0.886454 -0.367177 0.599400 0.368100 1 1 1.0
1 3.399282 -2.225718 1.975718 0.281745 0.886454 -0.367177 0.611871 0.355629 1 1 1.0
1 3.330000 -2.210147 1.960147 0.281745 0.886454 -0.367177 0.599400 0.352826 1 1 1.0
bag_metal
1 3.450000 -2.295000 2.045000 0.886454 0.281745 -0.367177 -0.413100 0.368100 1 1 1.0
1 3.414853 -2.295000 1.960147 0.886454 0.281745 -0.367177 -0.413100 0.352826 1 1 1.0
1 3.399282 -2.225718 1.975718 0.886454 0.281745 -0.367177 -0.400629 0.355629 1 1 1.0
bag_metal
1 3.450000 -2.295000 2.045000 0.886454 0.367177 -0.281745 -0.413100 0.368100 1 1 1.0
1 3.399282 -2.225718 1.975718 0.886454 0.367177 -0.281745 -0.400629 0.355629 1 1 1.0
1 3.414853 -2.210147 2.045000 0.886454 0.367177 -0.281745 -0.397826 0.368100 1 1 1.0
bag_metal
1 3.330000 -2.295000 3.075000 0.367177 0.281745 0.886454 0.599400 -0.413100 1 1 1.0
1 3.414853 -2.295000 3.039853 0.367177 0.281745 0.886454 0.614674 -0.413100 1 1 1.0
1 3.399282 -2.225718 3.024282 0.367177 0.281745 0.886454 0.611871 -0.400629 1 1 1.0
bag_metal
1 3.330000 -2.295000 3.075000 0.281745 0.367177 0.886454 0.599400 -0.413100 1 1 1.0
1 3.399282 -2.225718 3.024282 0.281745 0.367177 0.886454 0.611871 -0.400629 1 1 1.0
1 3.330000 -2.210147 3.039853 0.281745 0.367177 0.886454 0.599400 -0.397826 1 1 1.0
bag_metal
1 3.450000 -2.295000 2.955000 0.886454 0.367177 0.281745 -0.413100 0.531900 1 1 1.0
1 3.414853 -2.210147 2.955000 0.886454 0.367177 0.281745 -0.397826 0.531900 1 1 1.0
1 3.399282 -2.225718 3.024282 0.886454 0.367177 0.281745 -0.400629 0.544371 1 1 1.0
bag_metal
1 3.450000 -2.295000 2.955000 0.886454 0.281745 0.367178 -0.413100 0.531900 1 1 1.0
1 3.399282 -2.225718 3.024282 0.886454 0.281745 0.367178 -0.400629 0.544371 1 1 1.0
1 3.414853 -2.295000 3.039853 0.886454 0.281745 0.367178 -0.413100 0.547174 1 1 1.0
bag_metal
1 3.330000 -2.175000 2.955000 0.281745 0.886454 0.367177 0.599400 0.531900 1 1 1.0
1 3.330000 -2.210147 3.039853 0.281745 0.886454 0.367177 0.599400 0.547174 1 1 1.0
1 3.399282 -2.225718 3.024282 0.281745 0.886454 0.367177 0.611871 0.544371 1 1 1.0
bag_metal
1 3.330000 -2.175000 2.955000 0.367178 0.886454 0.281745 0.599400 0.531900 1 1 1.0
1 3.399282 -2.225718 3.024282 0.367178 0.886454 0.281745 0.611871 0.544371 1 1 1.0
1 3.414853 -2.210147 2.955000 0.367178 0.886454 0.281745 0.614674 0.531900 1 1 1.0
bag_metal
1 3.170000 -2.295000 1.925000 -0.382681 0.000000 -0.923881 0.570600 -0.413100 1 1 1.0
1 3.170000 -3.205000 1.925000 -0.382681 0.000000 -0.923881 0.570600 -0.576900 1 1 1.0
1 3.085147 -3.205000 1.960147 -0.382681 0.000000 -0.923881 0.555326 -0.576900 1 1 1.0
bag_metal
1 3.170000 -2.295000 1.925000 -0.382681 0.000000 -0.923881 0.570600 -0.413100 1 1 1.0
1 3.085147 -3.205000 1.960147 -0.382681 0.000000 -0.923881 0.555326 -0.576900 1 1 1.0
1 3.085147 -2.295000 1.960147 -0.382681 0.000000 -0.923881 0.555326 -0.413100 1 1 1.0
bag_metal
1 3.085147 -2.295000 1.960147 -0.923881 0.000000 -0.382681 -0.413100 0.352826 1 1 1.0
1 3.085147 -3.205000 1.960147 -0.923881 0.000000 -0.382681 -0.576900 0.352826 1 1 1.0
1 3.050000 -3.205000 2.045000 -0.923881 0.000000 -0.382681 -0.576900 0.368100 1 1 1.0
bag_metal
1 3.085147 -2.295000 1.960147 -0.923881 0.000000 -0.382681 -0.413100 0.352826 1 1 1.0
1 3.050000 -3.205000 2.045000 -0.923881 0.000000 -0.382681 -0.576900 0.368100 1 1 1.0
1 3.050000 -2.295000 2.045000 -0.923881 0.000000 -0.382681 -0.413100 0.368100 1 1 1.0
bag_metal
1 3.170000 -3.325000 2.045000 -0.382681 -0.923881 0.000000 0.570600 0.368100 1 1 1.0
1 3.170000 -3.325000 2.955000 -0.382681 -0.923881 0.000000 0.570600 0.531900 1 1 1.0
1 3.085147 -3.289853 2.955000 -0.382681 -0.923881 0.000000 0.555326 0.531900 1 1 1.0
bag_metal
1 3.170000 -3.325000 2.045000 -0.382681 -0.923881 0.000000 0.570600 0.368100 1 1 1.0
1 3.085147 -3.289853 2.955000 -0.382681 -0.923881 0.000000 0.555326 0.531900 1 1 1.0
1 3.085147 -3.289853 2.045000 -0.382681 -0.923881 0.000000 0.555326 0.368100 1 1 1.0
bag_metal
1 3.085147 -3.289853 2.045000 -0.923881 -0.382681 0.000000 -0.592174 0.368100 1 1 1.0
1 3.085147 -3.289853 2.955000 -0.923881 -0.382681 0.000000 -0.592174 0.531900 1 1 1.0
1 3.050000 -3.205000 2.955000 -0.923881 -0.382681 0.000000 -0.576900 0.531900 1 1 1.0
bag_metal
1 3.085147 -3.289853 2.045000 -0.923881 -0.382681 0.000000 -0.592174 0.368100 1 1 1.0
1 3.050000 -3.205000 2.955000 -0.923881 -0.382681 0.000000 -0.576900 0.531900 1 1 1.0
1 3.050000 -3.205000 2.045000 -0.923881 -0.382681 0.000000 -0.576900 0.368100 1 1 1.0
bag_metal
1 3.170000 -3.205000 3.075000 -0.382681 0.000000 0.923881 0.570600 -0.576900 1 1 1.0
1 3.170000 -2.295000 3.075000 -0.382681 0.000000 0.923881 0.570600 -0.413100 1 1 1.0
1 3.085147 -2.295000 3.039853 -0.382681 0.000000 0.923881 0.555326 -0.413100 1 1 1.0
bag_metal
1 3.170000 -3.205000 3.075000 -0.382681 0.000000 0.923881 0.570600 -0.576900 1 1 1.0
1 3.085147 -2.295000 3.039853 -0.382681 0.000000 0.923881 0.555326 -0.413100 1 1 1.0
1 3.085147 -3.205000 3.039853 -0.382681 0.000000 0.923881 0.555326 -0.576900 1 1 1.0
bag_metal
1 3.085147 -3.205000 3.039853 -0.923881 0.000000 0.382681 -0.576900 0.547174 1 1 1.0
1 3.085147 -2.295000 3.039853 -0.923881 0.000000 0.382681 -0.413100 0.547174 1 1 1.0
1 3.050000 -2.295000 2.955000 -0.923881 0.000000 0.382681 -0.413100 0.531900 1 1 1.0
bag_metal
1 3.085147 -3.205000 3.039853 -0.923881 0.000000 0.382681 -0.576900 0.547174 1 1 1.0
1 3.050000 -2.295000 2.955000 -0.923881 0.000000 0.382681 -0.413100 0.531900 1 1 1.0
1 3.050000 -3.205000 2.955000 -0.923881 0.000000 0.382681 -0.576900 0.531900 1 1 1.0
bag_metal
1 3.170000 -2.175000 2.955000 -0.382681 0.923881 0.000000 0.570600 0.531900 1 1 1.0
1 3.170000 -2.175000 2.045000 -0.382681 0.923881 0.000000 0.570600 0.368100 1 1 1.0
1 3.085147 -2.210147 2.045000 -0.382681 0.923881 0.000000 0.555326 0.368100 1 1 1.0
bag_metal
1 3.170000 -2.175000 2.955000 -0.382681 0.923881 0.000000 0.570600 0.531900 1 1 1.0
1 3.085147 -2.210147 2.045000 -0.382681 0.923881 0.000000 0.555326 0.368100 1 1 1.0
1 3.085147 -2.210147 2.955000 -0.382681 0.923881 0.000000 0.555326 0.531900 1 1 1.0
bag_metal
1 3.085147 -2.210147 2.955000 -0.923881 0.382681 0.000000 -0.397826 0.531900 1 1 1.0
1 3.085147 -2.210147 2.045000 -0.923881 0.382681 0.000000 -0.397826 0.368100 1 1 1.0
1 3.050000 -2.295000 2.045000 -0.923881 0.382681 0.000000 -0.413100 0.368100 1 1 1.0
bag_metal
1 3.085147 -2.210147 2.955000 -0.923881 0.382681 0.000000 -0.397826 0.531900 1 1 1.0
1 3.050000 -2.295000 2.045000 -0.923881 0.382681 0.000000 -0.413100 0.368100 1 1 1.0
1 3.050000 -2.295000 2.955000 -0.923881 0.382681 0.000000 -0.413100 0.531900 1 1 1.0
bag_metal
1 3.330000 -2.295000 1.925000 0.000000 0.382681 -0.923881 0.599400 -0.413100 1 1 1.0
1 3.170000 -2.295000 1.925000 0.000000 0.382681 -0.923881 0.570600 -0.413100 1 1 1.0
1 3.170000 -2.210147 1.960147 0.000000 0.382681 -0.923881 0.570600 -0.397826 1 1 1.0
bag_metal
1 3.330000 -2.295000 1.925000 0.000000 0.382681 -0.923881 0.599400 -0.413100 1 1 1.0
1 3.170000 -2.210147 1.960147 0.000000 0.382681 -0.923881 0.570600 -0.397826 1 1 1.0
1 3.330000 -2.210147 1.960147 0.000000 0.382681 -0.923881 0.599400 -0.397826 1 1 1.0
bag_metal
1 3.330000 -2.210147 1.960147 0.000000 0.923881 -0.382681 0.599400 0.352826 1 1 1.0
1 3.170000 -2.210147 1.960147 0.000000 0.923881 -0.382681 0.570600 0.352826 1 1 1.0
1 3.170000 -2.175000 2.045000 0.000000 0.923881 -0.382681 0.570600 0.368100 1 1 1.0
bag_metal
1 3.330000 -2.210147 1.960147 0.000000 0.923881 -0.382681 0.599400 0.352826 1 1 1.0
1 3.170000 -2.175000 2.045000 0.000000 0.923881 -0.382681 0.570600 0.368100 1 1 1.0
1 3.330000 -2.175000 2.045000 0.000000 0.923881 -0.382681 0.599400 0.368100 1 1 1.0
bag_metal
1 3.170000 -2.295000 3.075000 0.000000 0.382681 0.923881 0.570600 -0.413100 1 1 1.0
1 3.330000 -2.295000 3.075000 0.000000 0.382681 0.923881 0.599400 -0.413100 1 1 1.0
1 3.330000 -2.210147 3.039853 0.000000 0.382681 0.923881 0.599400 -0.397826 1 1 1.0
bag_metal
1 3.170000 -2.295000 3.075000 0.000000 0.382681 0.923881 0.570600 -0.413100 1 1 1.0
1 3.330000 -2.210147 3.039853 0.000000 0.382681 0.923881 0.599400 -0.397826 1 1 1.0
1 3.170000 -2.210147 3.039853 0.000000 0.382681 0.923881 0.570600 -0.397826 1 1 1.0
bag_metal
1 3.170000 -2.210147 3.039853 0.000000 0.923881 0.382681 0.570600 0.547174 1 1 1.0
1 3.330000 -2.210147 3.039853 0.000000 0.923881 0.382681 0.599400 0.547174 1 1 1.0
1 3.330000 -2.175000 2.955000 0.000000 0.923881 0.382681 0.599400 0.531900 1 1 1.0
bag_metal
1 3.170000 -2.210147 3.039853 0.000000 0.923881 0.382681 0.570600 0.547174 1 1 1.0
1 3.330000 -2.175000 2.955000 0.000000 0.923881 0.382681 0.599400 0.531900 1 1 1.0
1 3.170000 -2.175000 2.955000 0.000000 0.923881 0.382681 0.570600 0.531900 1 1 1.0
bag_metal
1 3.450000 -2.295000 2.955000 0.923881 0.382681 0.000000 -0.413100 0.531900 1 1 1.0
1 3.450000 -2.295000 2.045000 0.923881 0.382681 0.000000 -0.413100 0.368100 1 1 1.0
1 3.414853 -2.210147 2.045000 0.923881 0.382681 0.000000 -0.397826 0.368100 1 1 1.0
bag_metal
1 3.450000 -2.295000 2.955000 0.923881 0.382681 0.000000 -0.413100 0.531900 1 1 1.0
1 3.414853 -2.210147 2.045000 0.923881 0.382681 0.000000 -0.397826 0.368100 1 1 1.0
1 3.414853 -2.210147 2.955000 0.923881 0.382681 0.000000 -0.397826 0.531900 1 1 1.0
bag_metal
1 3.414853 -2.210147 2.955000 0.382681 0.923881 0.000000 0.614674 0.531900 1 1 1.0
1 3.414853 -2.210147 2.045000 0.382681 0.923881 0.000000 0.614674 0.368100 1 1 1.0
1 3.330000 -2.175000 2.045000 0.382681 0.923881 0.000000 0.599400 0.368100 1 1 1.0
bag_metal
1 3.414853 -2.210147 2.955000 0.382681 0.923881 0.000000 0.614674 0.531900 1 1 1.0
1 3.330000 -2.175000 2.045000 0.382681 0.923881 0.000000 0.599400 0.368100 1 1 1.0
1 3.330000 -2.175000 2.955000 0.382681 0.923881 0.000000 0.599400 0.531900 1 1 1.0
bag_metal
1 3.330000 -3.205000 1.925000 0.382681 0.000000 -0.923881 0.599400 -0.576900 1 1 1.0
1 3.330000 -2.295000 1.925000 0.382681 0.000000 -0.923881 0.599400 -0.413100 1 1 1.0
1 3.414853 -2.295000 1.960147 0.382681 0.000000 -0.923881 0.614674 -0.413100 1 1 1.0
bag_metal
1 3.330000 -3.205000 1.925000 0.382681 0.000000 -0.923881 0.599400 -0.576900 1 1 1.0
1 3.414853 -2.295000 1.960147 0.382681 0.000000 -0.923881 0.614674 -0.413100 1 1 1.0
1 3.414853 -3.205000 1.960147 0.382681 0.000000 -0.923881 0.614674 -0.576900 1 1 1.0
bag_metal
1 3.414853 -3.205000 1.960147 0.923881 0.000000 -0.382681 -0.576900 0.352826 1 1 1.0
1 3.414853 -2.295000 1.960147 0.923881 0.000000 -0.382681 -0.413100 0.352826 1 1 1.0
1 3.450000 -2.295000 2.045000 0.923881 0.000000 -0.382681 -0.413100 0.368100 1 1 1.0
bag_metal
1 3.414853 -3.205000 1.960147 0.923881 0.000000 -0.382681 -0.576900 0.352826 1 1 1.0
1 3.450000 -2.295000 2.045000 0.923881 0.000000 -0.382681 -0.413100 0.368100 1 1 1.0
1 3.450000 -3.205000 2.045000 0.923881 0.000000 -0.382681 -0.576900 0.368100 1 1 1.0
bag_metal
1 3.330000 -2.295000 3.075000 0.382681 0.000000 0.923881 0.599400 -0.413100 1 1 1.0
1 3.330000 -3.205000 3.075000 0.382681 0.000000 0.923881 0.599400 -0.576900 1 1 1.0
1 3.414853 -3.205000 3.039853 0.382681 0.000000 0.923881 0.614674 -0.576900 1 1 1.0
bag_metal
1 3.330000 -2.295000 3.075000 0.382681 0.000000 0.923881 0.599400 -0.413100 1 1 1.0
1 3.414853 -3.205000 3.039853 0.382681 0.000000 0.923881 0.614674 -0.576900 1 1 1.0
1 3.414853 -2.295000 3.039853 0.382681 0.000000 0.923881 0.614674 -0.413100 1 1 1.0
bag_metal
1 3.414853 -2.295000 3.039853 0.923881 0.000000 0.382681 -0.413100 0.547174 1 1 1.0
1 3.414853 -3.205000 3.039853 0.923881 0.000000 0.382681 -0.576900 0.547174 1 1 1.0
1 3.450000 -3.205000 2.955000 0.923881 0.000000 0.382681 -0.576900 0.531900 1 1 1.0
bag_metal
1 3.414853 -2.295000 3.039853 0.923881 0.000000 0.382681 -0.413100 0.547174 1 1 1.0
1 3.450000 -3.205000 2.955000 0.923881 0.000000 0.382681 -0.576900 0.531900 1 1 1.0
1 3.450000 -2.295000 2.955000 0.923881 0.000000 0.382681 -0.413100 0.531900 1 1 1.0
bag_metal
1 3.330000 -3.325000 2.955000 0.382681 -0.923881 0.000000 0.599400 0.531900 1 1 1.0
1 3.330000 -3.325000 2.045000 0.382681 -0.923881 0.000000 0.599400 0.368100 1 1 1.0
1 3.414853 -3.289853 2.045000 0.382681 -0.923881 0.000000 0.614674 0.368100 1 1 1.0
bag_metal
1 3.330000 -3.325000 2.955000 0.382681 -0.923881 0.000000 0.599400 0.531900 1 1 1.0
1 3.414853 -3.289853 2.045000 0.382681 -0.923881 0.000000 0.614674 0.368100 1 1 1.0
1 3.414853 -3.289853 2.955000 0.382681 -0.923881 0.000000 0.614674 0.531900 1 1 1.0
bag_metal
1 3.414853 -3.289853 2.955000 0.923881 -0.382681 0.000000 -0.592174 0.531900 1 1 1.0
1 3.414853 -3.289853 2.045000 0.923881 -0.382681 0.000000 -0.592174 0.368100 1 1 1.0
1 3.450000 -3.205000 2.045000 0.923881 -0.382681 0.000000 -0.576900 0.368100 1 1 1.0
bag_metal
1 3.414853 -3.289853 2.955000 0.923881 -0.382681 0.000000 -0.592174 0.531900 1 1 1.0
1 3.450000 -3.205000 2.045000 0.923881 -0.382681 0.000000 -0.576900 0.368100 1 1 1.0
1 3.450000 -3.205000 2.955000 0.923881 -0.382681 0.000000 -0.576900 0.531900 1 1 1.0
bag_metal
1 3.170000 -3.205000 1.925000 0.000000 -0.382681 -0.923881 0.570600 -0.576900 1 1 1.0
1 3.330000 -3.205000 1.925000 0.000000 -0.382681 -0.923881 0.599400 -0.576900 1 1 1.0
1 3.330000 -3.289853 1.960147 0.000000 -0.382681 -0.923881 0.599400 -0.592174 1 1 1.0
bag_metal
1 3.170000 -3.205000 1.925000 0.000000 -0.382681 -0.923881 0.570600 -0.576900 1 1 1.0
1 3.330000 -3.289853 1.960147 0.000000 -0.382681 -0.923881 0.599400 -0.592174 1 1 1.0
1 3.170000 -3.289853 1.960147 0.000000 -0.382681 -0.923881 0.570600 -0.592174 1 1 1.0
bag_metal
1 3.170000 -3.289853 1.960147 0.000000 -0.923881 -0.382681 0.570600 0.352826 1 1 1.0
1 3.330000 -3.289853 1.960147 0.000000 -0.923881 -0.382681 0.599400 0.352826 1 1 1.0
1 3.330000 -3.325000 2.045000 0.000000 -0.923881 -0.382681 0.599400 0.368100 1 1 1.0
bag_metal
1 3.170000 -3.289853 1.960147 0.000000 -0.923881 -0.382681 0.570600 0.352826 1 1 1.0
1 3.330000 -3.325000 2.045000 0.000000 -0.923881 -0.382681 0.599400 0.368100 1 1 1.0
1 3.170000 -3.325000 2.045000 0.000000 -0.923881 -0.382681 0.570600 0.368100 1 1 1.0
bag_metal
1 3.330000 -3.205000 3.075000 0.000000 -0.382681 0.923881 0.599400 -0.576900 1 1 1.0
1 3.170000 -3.205000 3.075000 0.000000 -0.382681 0.923881 0.570600 -0.576900 1 1 1.0
1 3.170000 -3.289853 3.039853 0.000000 -0.382681 0.923881 0.570600 -0.592174 1 1 1.0
bag_metal
1 3.330000 -3.205000 3.075000 0.000000 -0.382681 0.923881 0.599400 -0.576900 1 1 1.0
1 3.170000 -3.289853 3.039853 0.000000 -0.382681 0.923881 0.570600 -0.592174 1 1 1.0
1 3.330000 -3.289853 3.039853 0.000000 -0.382681 0.923881 0.599400 -0.592174 1 1 1.0
bag_metal
1 3.330000 -3.289853 3.039853 0.000000 -0.923881 0.382681 0.599400 0.547174 1 1 1.0
1 3.170000 -3.289853 3.039853 0.000000 -0.923881 0.382681 0.570600 0.547174 1 1 1.0
1 3.170000 -3.325000 2.955000 0.000000 -0.923881 0.382681 0.570600 0.531900 1 1 1.0
bag_metal
1 3.330000 -3.289853 3.039853 0.000000 -0.923881 0.382681 0.599400 0.547174 1 1 1.0
1 3.170000 -3.325000 2.955000 0.000000 -0.923881 0.382681 0.570600 0.531900 1 1 1.0
1 3.330000 -3.325000 2.955000 0.000000 -0.923881 0.382681 0.599400 0.531900 1 1 1.0
bag_metal
1 3.170000 -2.295000 1.925000 0.000000 0.000000 -1.000000 0.570600 -0.413100 1 1 1.0
1 3.330000 -2.295000 1.925000 0.000000 0.000000 -1.000000 0.599400 -0.413100 1 1 1.0
1 3.330000 -3.205000 1.925000 0.000000 0.000000 -1.000000 0.599400 -0.576900 1 1 1.0
bag_metal
1 3.170000 -2.295000 1.925000 0.000000 0.000000 -1.000000 0.570600 -0.413100 1 1 1.0
1 3.330000 -3.205000 1.925000 0.000000 0.000000 -1.000000 0.599400 -0.576900 1 1 1.0
1 3.170000 -3.205000 1.925000 0.000000 0.000000 -1.000000 0.570600 -0.576900 1 1 1.0
bag_metal
1 3.050000 -3.205000 2.045000 -1.000000 0.000000 0.000000 -0.576900 0.368100 1 1 1.0
1 3.050000 -3.205000 2.955000 -1.000000 0.000000 0.000000 -0.576900 0.531900 1 1 1.0
1 3.050000 -2.295000 2.955000 -1.000000 0.000000 0.000000 -0.413100 0.531900 1 1 1.0
bag_metal
1 3.050000 -3.205000 2.045000 -1.000000 0.000000 0.000000 -0.576900 0.368100 1 1 1.0
1 3.050000 -2.295000 2.955000 -1.000000 0.000000 0.000000 -0.413100 0.531900 1 1 1.0
1 3.050000 -2.295000 2.045000 -1.000000 0.000000 0.000000 -0.413100 0.368100 1 1 1.0
bag_metal
1 3.330000 -3.325000 2.045000 0.000000 -1.000000 0.000000 0.599400 0.368100 1 1 1.0
1 3.330000 -3.325000 2.955000 0.000000 -1.000000 0.000000 0.599400 0.531900 1 1 1.0
1 3.170000 -3.325000 2.955000 0.000000 -1.000000 0.000000 0.570600 0.531900 1 1 1.0
bag_metal
1 3.330000 -3.325000 2.045000 0.000000 -1.000000 0.000000 0.599400 0.368100 1 1 1.0
1 3.170000 -3.325000 2.955000 0.000000 -1.000000 0.000000 0.570600 0.531900 1 1 1.0
1 3.170000 -3.325000 2.045000 0.000000 -1.000000 0.000000 0.570600 0.368100 1 1 1.0
bag_metal
1 3.330000 -2.295000 3.075000 0.000000 0.000000 1.000000 0.599400 -0.413100 1 1 1.0
1 3.170000 -2.295000 3.075000 0.000000 0.000000 1.000000 0.570600 -0.413100 1 1 1.0
1 3.170000 -3.205000 3.075000 0.000000 0.000000 1.000000 0.570600 -0.576900 1 1 1.0
bag_metal
1 3.330000 -2.295000 3.075000 0.000000 0.000000 1.000000 0.599400 -0.413100 1 1 1.0
1 3.170000 -3.205000 3.075000 0.000000 0.000000 1.000000 0.570600 -0.576900 1 1 1.0
1 3.330000 -3.205000 3.075000 0.000000 0.000000 1.000000 0.599400 -0.576900 1 1 1.0
bag_metal
1 3.170000 -2.175000 2.045000 0.000000 1.000000 0.000000 0.570600 0.368100 1 1 1.0
1 3.170000 -2.175000 2.955000 0.000000 1.000000 0.000000 0.570600 0.531900 1 1 1.0
1 3.330000 -2.175000 2.955000 0.000000 1.000000 0.000000 0.599400 0.531900 1 1 1.0
bag_metal
1 3.170000 -2.175000 2.045000 0.000000 1.000000 0.000000 0.570600 0.368100 1 1 1.0
1 3.330000 -2.175000 2.955000 0.000000 1.000000 0.000000 0.599400 0.531900 1 1 1.0
1 3.330000 -2.175000 2.045000 0.000000 1.000000 0.000000 0.599400 0.368100 1 1 1.0
bag_metal
1 3.450000 -2.295000 2.045000 1.000000 0.000000 0.000000 -0.413100 0.368100 1 1 1.0
1 3.450000 -2.295000 2.955000 1.000000 0.000000 0.000000 -0.413100 0.531900 1 1 1.0
1 3.450000 -3.205000 2.955000 1.000000 0.000000 0.000000 -0.576900 0.531900 1 1 1.0
bag_metal
1 3.450000 -2.295000 2.045000 1.000000 0.000000 0.000000 -0.413100 0.368100 1 1 1.0
1 3.450000 -3.205000 2.955000 1.000000 0.000000 0.000000 -0.576900 0.531900 1 1 1.0
1 3.450000 -3.205000 2.045000 1.000000 0.000000 0.000000 -0.576900 0.368100 1 1 1.0
bag_strap
1 -0.720000 -1.900000 8.050000 0.533749 -0.748325 0.393855 -0.129600 1.449000 1 1 1.0
1 -0.720000 -1.400000 9.000000 0.533749 -0.748325 0.393855 -0.129600 1.620000 1 1 1.0
1 -0.910000 -1.447916 9.166446 0.533749 -0.748325 0.393855 -0.163800 1.649960 1 1 1.0
bag_strap
1 -0.720000 -1.900000 8.050000 0.673326 -0.638322 0.373065 -0.129600 1.449000 1 1 1.0
1 -0.910000 -1.447916 9.166446 0.673326 -0.638322 0.373065 -0.163800 1.649960 1 1 1.0
1 -0.910000 -2.053272 8.130670 0.673326 -0.638322 0.373065 -0.163800 1.463521 1 1 1.0
bag_strap
1 -0.910000 -2.053272 8.130670 0.000000 -0.863360 0.504588 -0.163800 1.463521 1 1 1.0
1 -0.910000 -1.447916 9.166446 0.000000 -0.863360 0.504588 -0.163800 1.649960 1 1 1.0
1 -1.290000 -1.447916 9.166446 0.000000 -0.863360 0.504588 -0.232200 1.649960 1 1 1.0
bag_strap
1 -0.910000 -2.053272 8.130670 0.000000 -0.863360 0.504588 -0.163800 1.463521 1 1 1.0
1 -1.290000 -1.447916 9.166446 0.000000 -0.863360 0.504588 -0.232200 1.649960 1 1 1.0
1 -1.290000 -2.053272 8.130670 0.000000 -0.863360 0.504588 -0.232200 1.463521 1 1 1.0
bag_strap
1 -1.290000 -2.053272 8.130670 -0.550706 -0.720646 0.421180 -0.232200 1.463521 1 1 1.0
1 -1.290000 -1.447916 9.166446 -0.550706 -0.720646 0.421180 -0.232200 1.649960 1 1 1.0
1 -1.480000 -1.400000 9.000000 -0.550706 -0.720646 0.421180 -0.266400 1.620000 1 1 1.0
bag_strap
1 -1.290000 -2.053272 8.130670 -0.673689 -0.653968 0.344194 -0.232200 1.463521 1 1 1.0
1 -1.480000 -1.400000 9.000000 -0.673689 -0.653968 0.344194 -0.266400 1.620000 1 1 1.0
1 -1.480000 -1.900000 8.050000 -0.673689 -0.653968 0.344194 -0.266400 1.449000 1 1 1.0
bag_strap
1 -1.480000 -1.900000 8.050000 -0.533749 0.748325 -0.393855 -0.266400 1.449000 1 1 1.0
1 -1.480000 -1.400000 9.000000 -0.533749 0.748325 -0.393855 -0.266400 1.620000 1 1 1.0
1 -1.290000 -1.352084 8.833554 -0.533749 0.748325 -0.393855 -0.232200 1.590040 1 1 1.0
bag_strap
1 -1.480000 -1.900000 8.050000 -0.673110 0.672721 -0.307195 -0.266400 1.449000 1 1 1.0
1 -1.290000 -1.352084 8.833554 -0.673110 0.672721 -0.307195 -0.232200 1.590040 1 1 1.0
1 -1.290000 -1.746728 7.969330 -0.673110 0.672721 -0.307195 -0.232200 1.434479 1 1 1.0
bag_strap
1 -1.290000 -1.746728 7.969330 0.000000 0.909645 -0.415385 -0.232200 1.434479 1 1 1.0
1 -1.290000 -1.352084 8.833554 0.000000 0.909645 -0.415385 -0.232200 1.590040 1 1 1.0
1 -0.910000 -1.352084 8.833554 0.000000 0.909645 -0.415385 -0.163800 1.590040 1 1 1.0
bag_strap
1 -1.290000 -1.746728 7.969330 0.000000 0.909645 -0.415385 -0.232200 1.434479 1 1 1.0
1 -0.910000 -1.352084 8.833554 0.000000 0.909645 -0.415385 -0.163800 1.590040 1 1 1.0
1 -0.910000 -1.746728 7.969330 0.000000 0.909645 -0.415385 -0.163800 1.434479 1 1 1.0
bag_strap
1 -0.910000 -1.746728 7.969330 0.510248 0.782320 -0.357243 -0.163800 1.434479 1 1 1.0
1 -0.910000 -1.352084 8.833554 0.510248 0.782320 -0.357243 -0.163800 1.590040 1 1 1.0
1 -0.720000 -1.400000 9.000000 0.510248 0.782320 -0.357243 -0.129600 1.620000 1 1 1.0
bag_strap
1 -0.910000 -1.746728 7.969330 0.673690 0.653967 -0.344193 -0.163800 1.434479 1 1 1.0
1 -0.720000 -1.400000 9.000000 0.673690 0.653967 -0.344193 -0.129600 1.620000 1 1 1.0
1 -0.720000 -1.900000 8.050000 0.673690 0.653967 -0.344193 -0.129600 1.449000 1 1 1.0
bag_strap
1 -0.720000 -1.400000 9.000000 0.658943 0.000000 0.752193 -0.129600 -0.252000 1 1 1.0
1 -0.720000 1.400000 9.000000 0.658943 0.000000 0.752193 -0.129600 0.252000 1 1 1.0
1 -0.910000 1.447916 9.166446 0.658943 0.000000 0.752193 -0.163800 0.260625 1 1 1.0
bag_strap
1 -0.720000 -1.400000 9.000000 0.658943 0.000000 0.752192 -0.129600 -0.252000 1 1 1.0
1 -0.910000 1.447916 9.166446 0.658943 0.000000 0.752192 -0.163800 0.260625 1 1 1.0
1 -0.910000 -1.447916 9.166446 0.658943 0.000000 0.752192 -0.163800 -0.260625 1 1 1.0
bag_strap
1 -0.910000 -1.447916 9.166446 0.000000 0.000000 1.000000 -0.163800 -0.260625 1 1 1.0
1 -0.910000 1.447916 9.166446 0.000000 0.000000 1.000000 -0.163800 0.260625 1 1 1.0
1 -1.290000 1.447916 9.166446 0.000000 0.000000 1.000000 -0.232200 0.260625 1 1 1.0
bag_strap
1 -0.910000 -1.447916 9.166446 0.000000 0.000000 1.000000 -0.163800 -0.260625 1 1 1.0
1 -1.290000 1.447916 9.166446 0.000000 0.000000 1.000000 -0.232200 0.260625 1 1 1.0
1 -1.290000 -1.447916 9.166446 0.000000 0.000000 1.000000 -0.232200 -0.260625 1 1 1.0
bag_strap
1 -1.290000 -1.447916 9.166446 -0.658943 0.000000 0.752193 -0.232200 -0.260625 1 1 1.0
1 -1.290000 1.447916 9.166446 -0.658943 0.000000 0.752193 -0.232200 0.260625 1 1 1.0
1 -1.480000 1.400000 9.000000 -0.658943 0.000000 0.752193 -0.266400 0.252000 1 1 1.0
bag_strap
1 -1.290000 -1.447916 9.166446 -0.658943 0.000000 0.752193 -0.232200 -0.260625 1 1 1.0
1 -1.480000 1.400000 9.000000 -0.658943 0.000000 0.752193 -0.266400 0.252000 1 1 1.0
1 -1.480000 -1.400000 9.000000 -0.658943 0.000000 0.752193 -0.266400 -0.252000 1 1 1.0
bag_strap
1 -1.480000 -1.400000 9.000000 -0.658943 0.000000 -0.752193 -0.266400 -0.252000 1 1 1.0
1 -1.480000 1.400000 9.000000 -0.658943 0.000000 -0.752193 -0.266400 0.252000 1 1 1.0
1 -1.290000 1.352084 8.833554 -0.658943 0.000000 -0.752193 -0.232200 0.243375 1 1 1.0
bag_strap
1 -1.480000 -1.400000 9.000000 -0.658943 0.000000 -0.752193 -0.266400 -0.252000 1 1 1.0
1 -1.290000 1.352084 8.833554 -0.658943 0.000000 -0.752193 -0.232200 0.243375 1 1 1.0
1 -1.290000 -1.352084 8.833554 -0.658943 0.000000 -0.752193 -0.232200 -0.243375 1 1 1.0
bag_strap
1 -1.290000 -1.352084 8.833554 0.000000 0.000000 -1.000000 -0.232200 -0.243375 1 1 1.0
1 -1.290000 1.352084 8.833554 0.000000 0.000000 -1.000000 -0.232200 0.243375 1 1 1.0
1 -0.910000 1.352084 8.833554 0.000000 0.000000 -1.000000 -0.163800 0.243375 1 1 1.0
bag_strap
1 -1.290000 -1.352084 8.833554 0.000000 0.000000 -1.000000 -0.232200 -0.243375 1 1 1.0
1 -0.910000 1.352084 8.833554 0.000000 0.000000 -1.000000 -0.163800 0.243375 1 1 1.0
1 -0.910000 -1.352084 8.833554 0.000000 0.000000 -1.000000 -0.163800 -0.243375 1 1 1.0
bag_strap
1 -0.910000 -1.352084 8.833554 0.658943 0.000000 -0.752192 -0.163800 -0.243375 1 1 1.0
1 -0.910000 1.352084 8.833554 0.658943 0.000000 -0.752192 -0.163800 0.243375 1 1 1.0
1 -0.720000 1.400000 9.000000 0.658943 0.000000 -0.752192 -0.129600 0.252000 1 1 1.0
bag_strap
1 -0.910000 -1.352084 8.833554 0.658943 0.000000 -0.752193 -0.163800 -0.243375 1 1 1.0
1 -0.720000 1.400000 9.000000 0.658943 0.000000 -0.752193 -0.129600 0.252000 1 1 1.0
1 -0.720000 -1.400000 9.000000 0.658943 0.000000 -0.752193 -0.129600 -0.252000 1 1 1.0
bag_strap
1 -0.720000 1.400000 9.000000 0.673689 0.653967 0.344193 -0.129600 1.620000 1 1 1.0
1 -0.720000 1.900000 8.050000 0.673689 0.653967 0.344193 -0.129600 1.449000 1 1 1.0
1 -0.910000 2.053272 8.130670 0.673689 0.653967 0.344193 -0.163800 1.463521 1 1 1.0
bag_strap
1 -0.720000 1.400000 9.000000 0.550706 0.720646 0.421180 -0.129600 1.620000 1 1 1.0
1 -0.910000 2.053272 8.130670 0.550706 0.720646 0.421180 -0.163800 1.463521 1 1 1.0
1 -0.910000 1.447916 9.166446 0.550706 0.720646 0.421180 -0.163800 1.649960 1 1 1.0
bag_strap
1 -0.910000 1.447916 9.166446 0.000000 0.863360 0.504588 -0.163800 1.649960 1 1 1.0
1 -0.910000 2.053272 8.130670 0.000000 0.863360 0.504588 -0.163800 1.463521 1 1 1.0
1 -1.290000 2.053272 8.130670 0.000000 0.863360 0.504588 -0.232200 1.463521 1 1 1.0
bag_strap
1 -0.910000 1.447916 9.166446 0.000000 0.863360 0.504588 -0.163800 1.649960 1 1 1.0
1 -1.290000 2.053272 8.130670 0.000000 0.863360 0.504588 -0.232200 1.463521 1 1 1.0
1 -1.290000 1.447916 9.166446 0.000000 0.863360 0.504588 -0.232200 1.649960 1 1 1.0
bag_strap
1 -1.290000 1.447916 9.166446 -0.673326 0.638322 0.373065 -0.232200 1.649960 1 1 1.0
1 -1.290000 2.053272 8.130670 -0.673326 0.638322 0.373065 -0.232200 1.463521 1 1 1.0
1 -1.480000 1.900000 8.050000 -0.673326 0.638322 0.373065 -0.266400 1.449000 1 1 1.0
bag_strap
1 -1.290000 1.447916 9.166446 -0.533749 0.748325 0.393855 -0.232200 1.649960 1 1 1.0
1 -1.480000 1.900000 8.050000 -0.533749 0.748325 0.393855 -0.266400 1.449000 1 1 1.0
1 -1.480000 1.400000 9.000000 -0.533749 0.748325 0.393855 -0.266400 1.620000 1 1 1.0
bag_strap
1 -1.480000 1.400000 9.000000 -0.673690 -0.653967 -0.344193 -0.266400 1.620000 1 1 1.0
1 -1.480000 1.900000 8.050000 -0.673690 -0.653967 -0.344193 -0.266400 1.449000 1 1 1.0
1 -1.290000 1.746728 7.969330 -0.673690 -0.653967 -0.344193 -0.232200 1.434479 1 1 1.0
bag_strap
1 -1.480000 1.400000 9.000000 -0.510248 -0.782320 -0.357243 -0.266400 1.620000 1 1 1.0
1 -1.290000 1.746728 7.969330 -0.510248 -0.782320 -0.357243 -0.232200 1.434479 1 1 1.0
1 -1.290000 1.352084 8.833554 -0.510248 -0.782320 -0.357243 -0.232200 1.590040 1 1 1.0
bag_strap
1 -1.290000 1.352084 8.833554 0.000000 -0.909645 -0.415385 -0.232200 1.590040 1 1 1.0
1 -1.290000 1.746728 7.969330 0.000000 -0.909645 -0.415385 -0.232200 1.434479 1 1 1.0
1 -0.910000 1.746728 7.969330 0.000000 -0.909645 -0.415385 -0.163800 1.434479 1 1 1.0
bag_strap
1 -1.290000 1.352084 8.833554 0.000000 -0.909645 -0.415385 -0.232200 1.590040 1 1 1.0
1 -0.910000 1.746728 7.969330 0.000000 -0.909645 -0.415385 -0.163800 1.434479 1 1 1.0
1 -0.910000 1.352084 8.833554 0.000000 -0.909645 -0.415385 -0.163800 1.590040 1 1 1.0
bag_strap
1 -0.910000 1.352084 8.833554 0.673110 -0.672721 -0.307195 -0.163800 1.590040 1 1 1.0
1 -0.910000 1.746728 7.969330 0.673110 -0.672721 -0.307195 -0.163800 1.434479 1 1 1.0
1 -0.720000 1.900000 8.050000 0.673110 -0.672721 -0.307195 -0.129600 1.449000 1 1 1.0
bag_strap
1 -0.910000 1.352084 8.833554 0.533749 -0.748325 -0.393855 -0.163800 1.590040 1 1 1.0
1 -0.720000 1.900000 8.050000 0.533749 -0.748325 -0.393855 -0.129600 1.449000 1 1 1.0
1 -0.720000 1.400000 9.000000 0.533749 -0.748325 -0.393855 -0.129600 1.620000 1 1 1.0
bag_strap
1 -1.290000 -1.746728 7.969330 0.000000 -0.465748 -0.884918 -0.232200 -0.314411 1 1 1.0
1 -0.910000 -1.746728 7.969330 0.000000 -0.465748 -0.884918 -0.163800 -0.314411 1 1 1.0
1 -0.720000 -1.900000 8.050000 0.000000 -0.465748 -0.884918 -0.129600 -0.342000 1 1 1.0
bag_strap
1 -0.720000 -1.900000 8.050000 0.000000 -0.465745 -0.884919 -0.129600 -0.342000 1 1 1.0
1 -0.910000 -2.053272 8.130670 0.000000 -0.465745 -0.884919 -0.163800 -0.369589 1 1 1.0
1 -1.290000 -2.053272 8.130670 0.000000 -0.465745 -0.884919 -0.232200 -0.369589 1 1 1.0
bag_strap
1 -1.290000 -2.053272 8.130670 -0.000001 -0.465747 -0.884918 -0.232200 -0.369589 1 1 1.0
1 -1.480000 -1.900000 8.050000 -0.000001 -0.465747 -0.884918 -0.266400 -0.342000 1 1 1.0
1 -1.290000 -1.746728 7.969330 -0.000001 -0.465747 -0.884918 -0.232200 -0.314411 1 1 1.0
bag_strap
1 -0.720000 -1.900000 8.050000 0.000000 -0.465747 -0.884918 -0.129600 -0.342000 1 1 1.0
1 -1.290000 -2.053272 8.130670 0.000000 -0.465747 -0.884918 -0.232200 -0.369589 1 1 1.0
1 -1.290000 -1.746728 7.969330 0.000000 -0.465747 -0.884918 -0.232200 -0.314411 1 1 1.0
bag_strap
1 -0.910000 2.053272 8.130670 0.000001 0.465747 -0.884918 -0.163800 0.369589 1 1 1.0
1 -0.720000 1.900000 8.050000 0.000001 0.465747 -0.884918 -0.129600 0.342000 1 1 1.0
1 -0.910000 1.746728 7.969330 0.000001 0.465747 -0.884918 -0.163800 0.314411 1 1 1.0
bag_strap
1 -0.910000 1.746728 7.969330 0.000000 0.465748 -0.884918 -0.163800 0.314411 1 1 1.0
1 -1.290000 1.746728 7.969330 0.000000 0.465748 -0.884918 -0.232200 0.314411 1 1 1.0
1 -1.480000 1.900000 8.050000 0.000000 0.465748 -0.884918 -0.266400 0.342000 1 1 1.0
bag_strap
1 -1.480000 1.900000 8.050000 0.000000 0.465745 -0.884919 -0.266400 0.342000 1 1 1.0
1 -1.290000 2.053272 8.130670 0.000000 0.465745 -0.884919 -0.232200 0.369589 1 1 1.0
1 -0.910000 2.053272 8.130670 0.000000 0.465745 -0.884919 -0.163800 0.369589 1 1 1.0
bag_strap
1 -0.910000 1.746728 7.969330 -0.000000 0.465747 -0.884918 -0.163800 0.314411 1 1 1.0
1 -1.480000 1.900000 8.050000 -0.000000 0.465747 -0.884918 -0.266400 0.342000 1 1 1.0
1 -0.910000 2.053272 8.130670 -0.000000 0.465747 -0.884918 -0.163800 0.369589 1 1 1.0
bag_accent
1 3.200000 -1.560000 3.750000 -0.577350 -0.577350 -0.577350 -0.280800 0.675000 1 1 1.0
1 3.200000 -1.600000 3.789999 -0.577350 -0.577350 -0.577350 -0.288000 0.682200 1 1 1.0
1 3.160000 -1.560000 3.789999 -0.577350 -0.577350 -0.577350 -0.280800 0.682200 1 1 1.0
bag_accent
1 3.200000 -1.600000 4.610000 -0.577350 -0.577350 0.577350 -0.288000 0.829800 1 1 1.0
1 3.200000 -1.560000 4.650000 -0.577350 -0.577350 0.577350 -0.280800 0.837000 1 1 1.0
1 3.160000 -1.560000 4.610000 -0.577350 -0.577350 0.577350 -0.280800 0.829800 1 1 1.0
bag_accent
1 3.200000 1.560000 3.750000 -0.577350 0.577350 -0.577350 0.280800 0.675000 1 1 1.0
1 3.160000 1.560000 3.789999 -0.577350 0.577350 -0.577350 0.280800 0.682200 1 1 1.0
1 3.200000 1.600000 3.789999 -0.577350 0.577350 -0.577350 0.288000 0.682200 1 1 1.0
bag_accent
1 3.200000 1.560000 4.650000 -0.577350 0.577350 0.577350 0.280800 0.837000 1 1 1.0
1 3.200000 1.600000 4.610000 -0.577350 0.577350 0.577350 0.288000 0.829800 1 1 1.0
1 3.160000 1.560000 4.610000 -0.577350 0.577350 0.577350 0.280800 0.829800 1 1 1.0
bag_accent
1 3.240000 -1.560000 3.750000 0.577350 -0.577350 -0.577350 -0.280800 0.675000 1 1 1.0
1 3.280000 -1.560000 3.789999 0.577350 -0.577350 -0.577350 -0.280800 0.682200 1 1 1.0
1 3.240000 -1.600000 3.789999 0.577350 -0.577350 -0.577350 -0.288000 0.682200 1 1 1.0
bag_accent
1 3.240000 -1.560000 4.650000 0.577350 -0.577350 0.577350 -0.280800 0.837000 1 1 1.0
1 3.240000 -1.600000 4.610000 0.577350 -0.577350 0.577350 -0.288000 0.829800 1 1 1.0
1 3.280000 -1.560000 4.610000 0.577350 -0.577350 0.577350 -0.280800 0.829800 1 1 1.0
bag_accent
1 3.240000 1.560000 3.750000 0.577350 0.577350 -0.577350 0.280800 0.675000 1 1 1.0
1 3.240000 1.600000 3.789999 0.577350 0.577350 -0.577350 0.288000 0.682200 1 1 1.0
1 3.280000 1.560000 3.789999 0.577350 0.577350 -0.577350 0.280800 0.682200 1 1 1.0
bag_accent
1 3.240000 1.560000 4.650000 0.577350 0.577350 0.577350 0.280800 0.837000 1 1 1.0
1 3.280000 1.560000 4.610000 0.577350 0.577350 0.577350 0.280800 0.829800 1 1 1.0
1 3.240000 1.600000 4.610000 0.577350 0.577350 0.577350 0.288000 0.829800 1 1 1.0
bag_accent
1 3.200000 1.560000 3.750000 -0.707107 0.000000 -0.707107 0.280800 0.675000 1 1 1.0
1 3.200000 -1.560000 3.750000 -0.707107 0.000000 -0.707107 -0.280800 0.675000 1 1 1.0
1 3.160000 -1.560000 3.789999 -0.707107 0.000000 -0.707107 -0.280800 0.682200 1 1 1.0
bag_accent
1 3.200000 1.560000 3.750000 -0.707107 0.000000 -0.707107 0.280800 0.675000 1 1 1.0
1 3.160000 -1.560000 3.789999 -0.707107 0.000000 -0.707107 -0.280800 0.682200 1 1 1.0
1 3.160000 1.560000 3.789999 -0.707107 0.000000 -0.707107 0.280800 0.682200 1 1 1.0
bag_accent
1 3.200000 -1.600000 3.789999 -0.707107 -0.707107 0.000000 -0.288000 0.682200 1 1 1.0
1 3.200000 -1.600000 4.610000 -0.707107 -0.707107 0.000000 -0.288000 0.829800 1 1 1.0
1 3.160000 -1.560000 4.610000 -0.707107 -0.707107 0.000000 -0.280800 0.829800 1 1 1.0
bag_accent
1 3.200000 -1.600000 3.789999 -0.707107 -0.707107 0.000000 -0.288000 0.682200 1 1 1.0
1 3.160000 -1.560000 4.610000 -0.707107 -0.707107 0.000000 -0.280800 0.829800 1 1 1.0
1 3.160000 -1.560000 3.789999 -0.707107 -0.707107 0.000000 -0.280800 0.682200 1 1 1.0
bag_accent
1 3.200000 -1.560000 4.650000 -0.707107 0.000000 0.707107 -0.280800 0.837000 1 1 1.0
1 3.200000 1.560000 4.650000 -0.707107 0.000000 0.707107 0.280800 0.837000 1 1 1.0
1 3.160000 1.560000 4.610000 -0.707107 0.000000 0.707107 0.280800 0.829800 1 1 1.0
bag_accent
1 3.200000 -1.560000 4.650000 -0.707107 0.000000 0.707107 -0.280800 0.837000 1 1 1.0
1 3.160000 1.560000 4.610000 -0.707107 0.000000 0.707107 0.280800 0.829800 1 1 1.0
1 3.160000 -1.560000 4.610000 -0.707107 0.000000 0.707107 -0.280800 0.829800 1 1 1.0
bag_accent
1 3.200000 1.600000 4.610000 -0.707107 0.707107 0.000000 0.288000 0.829800 1 1 1.0
1 3.200000 1.600000 3.789999 -0.707107 0.707107 0.000000 0.288000 0.682200 1 1 1.0
1 3.160000 1.560000 3.789999 -0.707107 0.707107 0.000000 0.280800 0.682200 1 1 1.0
bag_accent
1 3.200000 1.600000 4.610000 -0.707107 0.707107 0.000000 0.288000 0.829800 1 1 1.0
1 3.160000 1.560000 3.789999 -0.707107 0.707107 0.000000 0.280800 0.682200 1 1 1.0
1 3.160000 1.560000 4.610000 -0.707107 0.707107 0.000000 0.280800 0.829800 1 1 1.0
bag_accent
1 3.240000 1.560000 3.750000 0.000000 0.707107 -0.707107 0.583200 0.675000 1 1 1.0
1 3.200000 1.560000 3.750000 0.000000 0.707107 -0.707107 0.576000 0.675000 1 1 1.0
1 3.200000 1.600000 3.789999 0.000000 0.707107 -0.707107 0.576000 0.682200 1 1 1.0
bag_accent
1 3.240000 1.560000 3.750000 0.000000 0.707107 -0.707107 0.583200 0.675000 1 1 1.0
1 3.200000 1.600000 3.789999 0.000000 0.707107 -0.707107 0.576000 0.682200 1 1 1.0
1 3.240000 1.600000 3.789999 0.000000 0.707107 -0.707107 0.583200 0.682200 1 1 1.0
bag_accent
1 3.200000 1.560000 4.650000 0.000000 0.707107 0.707107 0.576000 0.837000 1 1 1.0
1 3.240000 1.560000 4.650000 0.000000 0.707107 0.707107 0.583200 0.837000 1 1 1.0
1 3.240000 1.600000 4.610000 0.000000 0.707107 0.707107 0.583200 0.829800 1 1 1.0
bag_accent
1 3.200000 1.560000 4.650000 0.000000 0.707107 0.707107 0.576000 0.837000 1 1 1.0
1 3.240000 1.600000 4.610000 0.000000 0.707107 0.707107 0.583200 0.829800 1 1 1.0
1 3.200000 1.600000 4.610000 0.000000 0.707107 0.707107 0.576000 0.829800 1 1 1.0
bag_accent
1 3.280000 1.560000 4.610000 0.707107 0.707107 0.000000 0.280800 0.829800 1 1 1.0
1 3.280000 1.560000 3.789999 0.707107 0.707107 0.000000 0.280800 0.682200 1 1 1.0
1 3.240000 1.600000 3.789999 0.707107 0.707107 0.000000 0.288000 0.682200 1 1 1.0
bag_accent
1 3.280000 1.560000 4.610000 0.707107 0.707107 0.000000 0.280800 0.829800 1 1 1.0
1 3.240000 1.600000 3.789999 0.707107 0.707107 0.000000 0.288000 0.682200 1 1 1.0
1 3.240000 1.600000 4.610000 0.707107 0.707107 0.000000 0.288000 0.829800 1 1 1.0
bag_accent
1 3.240000 -1.560000 3.750000 0.707107 0.000000 -0.707107 -0.280800 0.675000 1 1 1.0
1 3.240000 1.560000 3.750000 0.707107 0.000000 -0.707107 0.280800 0.675000 1 1 1.0
1 3.280000 1.560000 3.789999 0.707107 0.000000 -0.707107 0.280800 0.682200 1 1 1.0
bag_accent
1 3.240000 -1.560000 3.750000 0.707107 0.000000 -0.707107 -0.280800 0.675000 1 1 1.0
1 3.280000 1.560000 3.789999 0.707107 0.000000 -0.707107 0.280800 0.682200 1 1 1.0
1 3.280000 -1.560000 3.789999 0.707107 0.000000 -0.707107 -0.280800 0.682200 1 1 1.0
bag_accent
1 3.240000 1.560000 4.650000 0.707107 0.000000 0.707107 0.280800 0.837000 1 1 1.0
1 3.240000 -1.560000 4.650000 0.707107 0.000000 0.707107 -0.280800 0.837000 1 1 1.0
1 3.280000 -1.560000 4.610000 0.707107 0.000000 0.707107 -0.280800 0.829800 1 1 1.0
bag_accent
1 3.240000 1.560000 4.650000 0.707107 0.000000 0.707107 0.280800 0.837000 1 1 1.0
1 3.280000 -1.560000 4.610000 0.707107 0.000000 0.707107 -0.280800 0.829800 1 1 1.0
1 3.280000 1.560000 4.610000 0.707107 0.000000 0.707107 0.280800 0.829800 1 1 1.0
bag_accent
1 3.240000 -1.600000 4.610000 0.707107 -0.707107 0.000000 -0.288000 0.829800 1 1 1.0
1 3.240000 -1.600000 3.789999 0.707107 -0.707107 0.000000 -0.288000 0.682200 1 1 1.0
1 3.280000 -1.560000 3.789999 0.707107 -0.707107 0.000000 -0.280800 0.682200 1 1 1.0
bag_accent
1 3.240000 -1.600000 4.610000 0.707107 -0.707107 0.000000 -0.288000 0.829800 1 1 1.0
1 3.280000 -1.560000 3.789999 0.707107 -0.707107 0.000000 -0.280800 0.682200 1 1 1.0
1 3.280000 -1.560000 4.610000 0.707107 -0.707107 0.000000 -0.280800 0.829800 1 1 1.0
bag_accent
1 3.200000 -1.560000 3.750000 0.000000 -0.707107 -0.707107 0.576000 0.675000 1 1 1.0
1 3.240000 -1.560000 3.750000 0.000000 -0.707107 -0.707107 0.583200 0.675000 1 1 1.0
1 3.240000 -1.600000 3.789999 0.000000 -0.707107 -0.707107 0.583200 0.682200 1 1 1.0
bag_accent
1 3.200000 -1.560000 3.750000 0.000000 -0.707107 -0.707107 0.576000 0.675000 1 1 1.0
1 3.240000 -1.600000 3.789999 0.000000 -0.707107 -0.707107 0.583200 0.682200 1 1 1.0
1 3.200000 -1.600000 3.789999 0.000000 -0.707107 -0.707107 0.576000 0.682200 1 1 1.0
bag_accent
1 3.240000 -1.560000 4.650000 0.000000 -0.707107 0.707107 0.583200 0.837000 1 1 1.0
1 3.200000 -1.560000 4.650000 0.000000 -0.707107 0.707107 0.576000 0.837000 1 1 1.0
1 3.200000 -1.600000 4.610000 0.000000 -0.707107 0.707107 0.576000 0.829800 1 1 1.0
bag_accent
1 3.240000 -1.560000 4.650000 0.000000 -0.707107 0.707107 0.583200 0.837000 1 1 1.0
1 3.200000 -1.600000 4.610000 0.000000 -0.707107 0.707107 0.576000 0.829800 1 1 1.0
1 3.240000 -1.600000 4.610000 0.000000 -0.707107 0.707107 0.583200 0.829800 1 1 1.0
bag_accent
1 3.200000 1.560000 3.750000 0.000000 0.000000 -1.000000 0.576000 0.280800 1 1 1.0
1 3.240000 1.560000 3.750000 0.000000 0.000000 -1.000000 0.583200 0.280800 1 1 1.0
1 3.240000 -1.560000 3.750000 0.000000 0.000000 -1.000000 0.583200 -0.280800 1 1 1.0
bag_accent
1 3.200000 1.560000 3.750000 0.000000 0.000000 -1.000000 0.576000 0.280800 1 1 1.0
1 3.240000 -1.560000 3.750000 0.000000 0.000000 -1.000000 0.583200 -0.280800 1 1 1.0
1 3.200000 -1.560000 3.750000 0.000000 0.000000 -1.000000 0.576000 -0.280800 1 1 1.0
bag_accent
1 3.160000 -1.560000 3.789999 -1.000000 0.000000 0.000000 -0.280800 0.682200 1 1 1.0
1 3.160000 -1.560000 4.610000 -1.000000 0.000000 0.000000 -0.280800 0.829800 1 1 1.0
1 3.160000 1.560000 4.610000 -1.000000 0.000000 0.000000 0.280800 0.829800 1 1 1.0
bag_accent
1 3.160000 -1.560000 3.789999 -1.000000 0.000000 0.000000 -0.280800 0.682200 1 1 1.0
1 3.160000 1.560000 4.610000 -1.000000 0.000000 0.000000 0.280800 0.829800 1 1 1.0
1 3.160000 1.560000 3.789999 -1.000000 0.000000 0.000000 0.280800 0.682200 1 1 1.0
bag_accent
1 3.240000 -1.600000 3.789999 0.000000 -1.000000 0.000000 0.583200 0.682200 1 1 1.0
1 3.240000 -1.600000 4.610000 0.000000 -1.000000 0.000000 0.583200 0.829800 1 1 1.0
1 3.200000 -1.600000 4.610000 0.000000 -1.000000 0.000000 0.576000 0.829800 1 1 1.0
bag_accent
1 3.240000 -1.600000 3.789999 0.000000 -1.000000 0.000000 0.583200 0.682200 1 1 1.0
1 3.200000 -1.600000 4.610000 0.000000 -1.000000 0.000000 0.576000 0.829800 1 1 1.0
1 3.200000 -1.600000 3.789999 0.000000 -1.000000 0.000000 0.576000 0.682200 1 1 1.0
bag_accent
1 3.240000 1.560000 4.650000 0.000000 0.000000 1.000000 0.583200 0.280800 1 1 1.0
1 3.200000 1.560000 4.650000 0.000000 0.000000 1.000000 0.576000 0.280800 1 1 1.0
1 3.200000 -1.560000 4.650000 0.000000 0.000000 1.000000 0.576000 -0.280800 1 1 1.0
bag_accent
1 3.240000 1.560000 4.650000 0.000000 0.000000 1.000000 0.583200 0.280800 1 1 1.0
1 3.200000 -1.560000 4.650000 0.000000 0.000000 1.000000 0.576000 -0.280800 1 1 1.0
1 3.240000 -1.560000 4.650000 0.000000 0.000000 1.000000 0.583200 -0.280800 1 1 1.0
bag_accent
1 3.200000 1.600000 3.789999 0.000000 1.000000 0.000000 0.576000 0.682200 1 1 1.0
1 3.200000 1.600000 4.610000 0.000000 1.000000 0.000000 0.576000 0.829800 1 1 1.0
1 3.240000 1.600000 4.610000 0.000000 1.000000 0.000000 0.583200 0.829800 1 1 1.0
bag_accent
1 3.200000 1.600000 3.789999 0.000000 1.000000 0.000000 0.576000 0.682200 1 1 1.0
1 3.240000 1.600000 4.610000 0.000000 1.000000 0.000000 0.583200 0.829800 1 1 1.0
1 3.240000 1.600000 3.789999 0.000000 1.000000 0.000000 0.583200 0.682200 1 1 1.0
bag_accent
1 3.280000 1.560000 3.789999 1.000000 0.000000 0.000000 0.280800 0.682200 1 1 1.0
1 3.280000 1.560000 4.610000 1.000000 0.000000 0.000000 0.280800 0.829800 1 1 1.0
1 3.280000 -1.560000 4.610000 1.000000 0.000000 0.000000 -0.280800 0.829800 1 1 1.0
bag_accent
1 3.280000 1.560000 3.789999 1.000000 0.000000 0.000000 0.280800 0.682200 1 1 1.0
1 3.280000 -1.560000 4.610000 1.000000 0.000000 0.000000 -0.280800 0.829800 1 1 1.0
1 3.280000 -1.560000 3.789999 1.000000 0.000000 0.000000 -0.280800 0.682200 1 1 1.0
end
