version 1
nodes
0 "root" -1
1 "waistbag_lid" 0
2 "waistbag_zipper" 0
end
skeleton
time 0
0 0 0 0 0 0 0
1 -1.900000 0.000000 0.900000 0.000000 -0.000000 0.000000
2 1.980000 3.250000 0.980000 0.000000 -0.000000 0.000000
end
triangles
bag_strap
0 -0.708320 5.004902 0.150000 0.507905 0.858200 0.074333 -0.127498 0.027000 1 0 1.0
0 -2.625458 6.139515 0.150000 0.507905 0.858200 0.074333 -0.472582 0.027000 1 0 1.0
0 -2.653329 6.094764 0.857107 0.507905 0.858200 0.074333 -0.477599 0.154279 1 0 1.0
bag_strap
0 -0.708320 5.004902 0.150000 0.507910 0.858195 0.074352 -0.127498 0.027000 1 0 1.0
0 -2.653329 6.094764 0.857107 0.507910 0.858195 0.074352 -0.477599 0.154279 1 0 1.0
0 -0.735173 4.959533 0.857107 0.507910 0.858195 0.074352 -0.132331 0.154279 1 0 1.0
bag_strap
0 -0.735173 4.959533 0.857107 0.467139 0.789307 0.398467 -0.132331 0.154279 1 0 1.0
0 -2.653329 6.094764 0.857107 0.467139 0.789307 0.398467 -0.477599 0.154279 1 0 1.0
0 -2.720617 5.986726 1.150000 0.467139 0.789307 0.398467 -0.489711 0.207000 1 0 1.0
bag_strap
0 -0.735173 4.959533 0.857107 0.467132 0.789268 0.398553 -0.132331 0.154279 1 0 1.0
0 -2.720617 5.986726 1.150000 0.467132 0.789268 0.398553 -0.489711 0.207000 1 0 1.0
0 -0.800000 4.850000 1.150000 0.467132 0.789268 0.398553 -0.144000 0.207000 1 0 1.0
bag_strap
0 -0.800000 4.850000 1.150000 -0.467151 -0.789300 0.398467 -0.144000 0.207000 1 0 1.0
0 -2.720617 5.986726 1.150000 -0.467151 -0.789300 0.398467 -0.489711 0.207000 1 0 1.0
0 -2.787905 5.878687 0.857107 -0.467151 -0.789300 0.398467 -0.501823 0.154279 1 0 1.0
bag_strap
0 -0.800000 4.850000 1.150000 -0.467143 -0.789261 0.398554 -0.144000 0.207000 1 0 1.0
0 -2.787905 5.878687 0.857107 -0.467143 -0.789261 0.398554 -0.501823 0.154279 1 0 1.0
0 -0.864827 4.740467 0.857107 -0.467143 -0.789261 0.398554 -0.155669 0.154279 1 0 1.0
bag_strap
0 -0.864827 4.740467 0.857107 -0.507936 -0.858182 0.074333 -0.155669 0.154279 1 0 1.0
0 -2.787905 5.878687 0.857107 -0.507936 -0.858182 0.074333 -0.501823 0.154279 1 0 1.0
0 -2.815777 5.833936 0.150000 -0.507936 -0.858182 0.074333 -0.506840 0.027000 1 0 1.0
bag_strap
0 -0.864827 4.740467 0.857107 -0.507940 -0.858178 0.074352 -0.155669 0.154279 1 0 1.0
0 -2.815777 5.833936 0.150000 -0.507940 -0.858178 0.074352 -0.506840 0.027000 1 0 1.0
0 -0.891680 4.695097 0.150000 -0.507940 -0.858178 0.074352 -0.160502 0.027000 1 0 1.0
bag_strap
0 -0.891680 4.695097 0.150000 -0.507941 -0.858179 -0.074333 -0.160502 0.027000 1 0 1.0
0 -2.815777 5.833936 0.150000 -0.507941 -0.858179 -0.074333 -0.506840 0.027000 1 0 1.0
0 -2.787905 5.878687 -0.557107 -0.507941 -0.858179 -0.074333 -0.501823 -0.100279 1 0 1.0
bag_strap
0 -0.891680 4.695097 0.150000 -0.507935 -0.858181 -0.074352 -0.160502 0.027000 1 0 1.0
0 -2.787905 5.878687 -0.557107 -0.507935 -0.858181 -0.074352 -0.501823 -0.100279 1 0 1.0
0 -0.864827 4.740467 -0.557107 -0.507935 -0.858181 -0.074352 -0.155669 -0.100279 1 0 1.0
bag_strap
0 -0.864827 4.740467 -0.557107 -0.467162 -0.789293 -0.398467 -0.155669 -0.100279 1 0 1.0
0 -2.787905 5.878687 -0.557107 -0.467162 -0.789293 -0.398467 -0.501823 -0.100279 1 0 1.0
0 -2.720617 5.986726 -0.850000 -0.467162 -0.789293 -0.398467 -0.489711 -0.153000 1 0 1.0
bag_strap
0 -0.864827 4.740467 -0.557107 -0.467131 -0.789268 -0.398553 -0.155669 -0.100279 1 0 1.0
0 -2.720617 5.986726 -0.850000 -0.467131 -0.789268 -0.398553 -0.489711 -0.153000 1 0 1.0
0 -0.800000 4.850000 -0.850000 -0.467131 -0.789268 -0.398553 -0.144000 -0.153000 1 0 1.0
bag_strap
0 -0.800000 4.850000 -0.850000 0.467151 0.789300 -0.398467 -0.144000 -0.153000 1 0 1.0
0 -2.720617 5.986726 -0.850000 0.467151 0.789300 -0.398467 -0.489711 -0.153000 1 0 1.0
0 -2.653329 6.094764 -0.557107 0.467151 0.789300 -0.398467 -0.477599 -0.100279 1 0 1.0
bag_strap
0 -0.800000 4.850000 -0.850000 0.467120 0.789274 -0.398553 -0.144000 -0.153000 1 0 1.0
0 -2.653329 6.094764 -0.557107 0.467120 0.789274 -0.398553 -0.477599 -0.100279 1 0 1.0
0 -0.735173 4.959533 -0.557107 0.467120 0.789274 -0.398553 -0.132331 -0.100279 1 0 1.0
bag_strap
0 -0.735173 4.959533 -0.557107 0.507910 0.858197 -0.074333 -0.132331 -0.100279 1 0 1.0
0 -2.653329 6.094764 -0.557107 0.507910 0.858197 -0.074333 -0.477599 -0.100279 1 0 1.0
0 -2.625458 6.139515 0.150000 0.507910 0.858197 -0.074333 -0.472582 0.027000 1 0 1.0
bag_strap
0 -0.735173 4.959533 -0.557107 0.507905 0.858199 -0.074352 -0.132331 -0.100279 1 0 1.0
0 -2.625458 6.139515 0.150000 0.507905 0.858199 -0.074352 -0.472582 0.027000 1 0 1.0
0 -0.708320 5.004902 0.150000 0.507905 0.858199 -0.074352 -0.127498 0.027000 1 0 1.0
bag_strap
0 -2.625458 6.139515 0.150000 0.568982 0.819002 0.074133 -0.472582 0.027000 1 0 1.0
0 -3.451222 6.713196 0.150000 0.568982 0.819002 0.074133 -0.621220 0.027000 1 0 1.0
0 -3.477883 6.667713 0.857107 0.568982 0.819002 0.074133 -0.626019 0.154279 1 0 1.0
bag_strap
0 -2.625458 6.139515 0.150000 0.569050 0.818943 0.074259 -0.472582 0.027000 1 0 1.0
0 -3.477883 6.667713 0.857107 0.569050 0.818943 0.074259 -0.626019 0.154279 1 0 1.0
0 -2.653329 6.094764 0.857107 0.569050 0.818943 0.074259 -0.477599 0.154279 1 0 1.0
bag_strap
0 -2.653329 6.094764 0.857107 0.523593 0.753524 0.397557 -0.477599 0.154279 1 0 1.0
0 -3.477883 6.667713 0.857107 0.523593 0.753524 0.397557 -0.626019 0.154279 1 0 1.0
0 -3.542246 6.557907 1.150000 0.523593 0.753524 0.397557 -0.637604 0.207000 1 0 1.0
bag_strap
0 -2.653329 6.094764 0.857107 0.523616 0.753208 0.398126 -0.477599 0.154279 1 0 1.0
0 -3.542246 6.557907 1.150000 0.523616 0.753208 0.398126 -0.637604 0.207000 1 0 1.0
0 -2.720617 5.986726 1.150000 0.523616 0.753208 0.398126 -0.489711 0.207000 1 0 1.0
bag_strap
0 -2.720617 5.986726 1.150000 -0.523758 -0.753412 0.397552 -0.489711 0.207000 1 0 1.0
0 -3.542246 6.557907 1.150000 -0.523758 -0.753412 0.397552 -0.637604 0.207000 1 0 1.0
0 -3.606610 6.448101 0.857107 -0.523758 -0.753412 0.397552 -0.649190 0.154279 1 0 1.0
bag_strap
0 -2.720617 5.986726 1.150000 -0.523781 -0.753095 0.398122 -0.489711 0.207000 1 0 1.0
0 -3.606610 6.448101 0.857107 -0.523781 -0.753095 0.398122 -0.649190 0.154279 1 0 1.0
0 -2.787905 5.878687 0.857107 -0.523781 -0.753095 0.398122 -0.501823 0.154279 1 0 1.0
bag_strap
0 -2.787905 5.878687 0.857107 -0.569412 -0.818703 0.074130 -0.501823 0.154279 1 0 1.0
0 -3.606610 6.448101 0.857107 -0.569412 -0.818703 0.074130 -0.649190 0.154279 1 0 1.0
0 -3.633270 6.402617 0.150000 -0.569412 -0.818703 0.074130 -0.653989 0.027000 1 0 1.0
bag_strap
0 -2.787905 5.878687 0.857107 -0.569481 -0.818643 0.074257 -0.501823 0.154279 1 0 1.0
0 -3.633270 6.402617 0.150000 -0.569481 -0.818643 0.074257 -0.653989 0.027000 1 0 1.0
0 -2.815777 5.833936 0.150000 -0.569481 -0.818643 0.074257 -0.506840 0.027000 1 0 1.0
bag_strap
0 -2.815777 5.833936 0.150000 -0.569487 -0.818651 -0.074129 -0.506840 0.027000 1 0 1.0
0 -3.633270 6.402617 0.150000 -0.569487 -0.818651 -0.074129 -0.653989 0.027000 1 0 1.0
0 -3.606610 6.448101 -0.557107 -0.569487 -0.818651 -0.074129 -0.649190 -0.100279 1 0 1.0
bag_strap
0 -2.815777 5.833936 0.150000 -0.569407 -0.818695 -0.074257 -0.506840 0.027000 1 0 1.0
0 -3.606610 6.448101 -0.557107 -0.569407 -0.818695 -0.074257 -0.649190 -0.100279 1 0 1.0
0 -2.787905 5.878687 -0.557107 -0.569407 -0.818695 -0.074257 -0.501823 -0.100279 1 0 1.0
bag_strap
0 -2.787905 5.878687 -0.557107 -0.523924 -0.753300 -0.397546 -0.501823 -0.100279 1 0 1.0
0 -3.606610 6.448101 -0.557107 -0.523924 -0.753300 -0.397546 -0.649190 -0.100279 1 0 1.0
0 -3.542246 6.557907 -0.850000 -0.523924 -0.753300 -0.397546 -0.637604 -0.153000 1 0 1.0
bag_strap
0 -2.787905 5.878687 -0.557107 -0.523616 -0.753208 -0.398126 -0.501823 -0.100279 1 0 1.0
0 -3.542246 6.557907 -0.850000 -0.523616 -0.753208 -0.398126 -0.637604 -0.153000 1 0 1.0
0 -2.720617 5.986726 -0.850000 -0.523616 -0.753208 -0.398126 -0.489711 -0.153000 1 0 1.0
bag_strap
0 -2.720617 5.986726 -0.850000 0.523758 0.753412 -0.397551 -0.489711 -0.153000 1 0 1.0
0 -3.542246 6.557907 -0.850000 0.523758 0.753412 -0.397551 -0.637604 -0.153000 1 0 1.0
0 -3.477883 6.667713 -0.557107 0.523758 0.753412 -0.397551 -0.626019 -0.100279 1 0 1.0
bag_strap
0 -2.720617 5.986726 -0.850000 0.523452 0.753320 -0.398130 -0.489711 -0.153000 1 0 1.0
0 -3.477883 6.667713 -0.557107 0.523452 0.753320 -0.398130 -0.626019 -0.100279 1 0 1.0
0 -2.653329 6.094764 -0.557107 0.523452 0.753320 -0.398130 -0.477599 -0.100279 1 0 1.0
bag_strap
0 -2.653329 6.094764 -0.557107 0.569055 0.818951 -0.074132 -0.477599 -0.100279 1 0 1.0
0 -3.477883 6.667713 -0.557107 0.569055 0.818951 -0.074132 -0.626019 -0.100279 1 0 1.0
0 -3.451222 6.713196 0.150000 0.569055 0.818951 -0.074132 -0.621220 0.027000 1 0 1.0
bag_strap
0 -2.653329 6.094764 -0.557107 0.568977 0.818994 -0.074259 -0.477599 -0.100279 1 0 1.0
0 -3.451222 6.713196 0.150000 0.568977 0.818994 -0.074259 -0.621220 0.027000 1 0 1.0
0 -2.625458 6.139515 0.150000 0.568977 0.818994 -0.074259 -0.472582 0.027000 1 0 1.0
bag_strap
0 -3.451222 6.713196 0.150000 0.435310 0.897224 0.074119 -0.621220 0.027000 1 0 1.0
0 -4.364013 7.156058 0.150000 0.435310 0.897224 0.074119 -0.785522 0.027000 1 0 1.0
0 -4.383188 7.106947 0.857107 0.435310 0.897224 0.074119 -0.788974 0.154279 1 0 1.0
bag_strap
0 -3.451222 6.713196 0.150000 0.435313 0.897222 0.074125 -0.621220 0.027000 1 0 1.0
0 -4.383188 7.106947 0.857107 0.435313 0.897222 0.074125 -0.788974 0.154279 1 0 1.0
0 -3.477883 6.667713 0.857107 0.435313 0.897222 0.074125 -0.626019 0.154279 1 0 1.0
bag_strap
0 -3.477883 6.667713 0.857107 0.400547 0.825567 0.397494 -0.626019 0.154279 1 0 1.0
0 -4.383188 7.106947 0.857107 0.400547 0.825567 0.397494 -0.788974 0.154279 1 0 1.0
0 -4.429480 6.988385 1.150000 0.400547 0.825567 0.397494 -0.797306 0.207000 1 0 1.0
bag_strap
0 -3.477883 6.667713 0.857107 0.400551 0.825552 0.397522 -0.626019 0.154279 1 0 1.0
0 -4.429480 6.988385 1.150000 0.400551 0.825552 0.397522 -0.797306 0.207000 1 0 1.0
0 -3.542246 6.557907 1.150000 0.400551 0.825552 0.397522 -0.637604 0.207000 1 0 1.0
bag_strap
0 -3.542246 6.557907 1.150000 -0.400556 -0.825563 0.397494 -0.637604 0.207000 1 0 1.0
0 -4.429480 6.988385 1.150000 -0.400556 -0.825563 0.397494 -0.797306 0.207000 1 0 1.0
0 -4.475772 6.869823 0.857107 -0.400556 -0.825563 0.397494 -0.805639 0.154279 1 0 1.0
bag_strap
0 -3.542246 6.557907 1.150000 -0.400560 -0.825547 0.397522 -0.637604 0.207000 1 0 1.0
0 -4.475772 6.869823 0.857107 -0.400560 -0.825547 0.397522 -0.805639 0.154279 1 0 1.0
0 -3.606610 6.448101 0.857107 -0.400560 -0.825547 0.397522 -0.649190 0.154279 1 0 1.0
bag_strap
0 -3.606610 6.448101 0.857107 -0.435333 -0.897213 0.074119 -0.649190 0.154279 1 0 1.0
0 -4.475772 6.869823 0.857107 -0.435333 -0.897213 0.074119 -0.805639 0.154279 1 0 1.0
0 -4.494947 6.820713 0.150000 -0.435333 -0.897213 0.074119 -0.809091 0.027000 1 0 1.0
bag_strap
0 -3.606610 6.448101 0.857107 -0.435336 -0.897211 0.074125 -0.649190 0.154279 1 0 1.0
0 -4.494947 6.820713 0.150000 -0.435336 -0.897211 0.074125 -0.809091 0.027000 1 0 1.0
0 -3.633270 6.402617 0.150000 -0.435336 -0.897211 0.074125 -0.653989 0.027000 1 0 1.0
bag_strap
0 -3.633270 6.402617 0.150000 -0.435337 -0.897212 -0.074119 -0.653989 0.027000 1 0 1.0
0 -4.494947 6.820713 0.150000 -0.435337 -0.897212 -0.074119 -0.809091 0.027000 1 0 1.0
0 -4.475772 6.869823 -0.557107 -0.435337 -0.897212 -0.074119 -0.805639 -0.100279 1 0 1.0
bag_strap
0 -3.633270 6.402617 0.150000 -0.435333 -0.897213 -0.074125 -0.653989 0.027000 1 0 1.0
0 -4.475772 6.869823 -0.557107 -0.435333 -0.897213 -0.074125 -0.805639 -0.100279 1 0 1.0
0 -3.606610 6.448101 -0.557107 -0.435333 -0.897213 -0.074125 -0.649190 -0.100279 1 0 1.0
bag_strap
0 -3.606610 6.448101 -0.557107 -0.400565 -0.825558 -0.397493 -0.649190 -0.100279 1 0 1.0
0 -4.475772 6.869823 -0.557107 -0.400565 -0.825558 -0.397493 -0.805639 -0.100279 1 0 1.0
0 -4.429480 6.988385 -0.850000 -0.400565 -0.825558 -0.397493 -0.797306 -0.153000 1 0 1.0
bag_strap
0 -3.606610 6.448101 -0.557107 -0.400551 -0.825552 -0.397522 -0.649190 -0.100279 1 0 1.0
0 -4.429480 6.988385 -0.850000 -0.400551 -0.825552 -0.397522 -0.797306 -0.153000 1 0 1.0
0 -3.542246 6.557907 -0.850000 -0.400551 -0.825552 -0.397522 -0.637604 -0.153000 1 0 1.0
bag_strap
0 -3.542246 6.557907 -0.850000 0.400556 0.825563 -0.397494 -0.637604 -0.153000 1 0 1.0
0 -4.429480 6.988385 -0.850000 0.400556 0.825563 -0.397494 -0.797306 -0.153000 1 0 1.0
0 -4.383188 7.106947 -0.557107 0.400556 0.825563 -0.397494 -0.788974 -0.100279 1 0 1.0
bag_strap
0 -3.542246 6.557907 -0.850000 0.400542 0.825556 -0.397521 -0.637604 -0.153000 1 0 1.0
0 -4.383188 7.106947 -0.557107 0.400542 0.825556 -0.397521 -0.788974 -0.100279 1 0 1.0
0 -3.477883 6.667713 -0.557107 0.400542 0.825556 -0.397521 -0.626019 -0.100279 1 0 1.0
bag_strap
0 -3.477883 6.667713 -0.557107 0.435313 0.897223 -0.074119 -0.626019 -0.100279 1 0 1.0
0 -4.383188 7.106947 -0.557107 0.435313 0.897223 -0.074119 -0.788974 -0.100279 1 0 1.0
0 -4.364013 7.156058 0.150000 0.435313 0.897223 -0.074119 -0.785522 0.027000 1 0 1.0
bag_strap
0 -3.477883 6.667713 -0.557107 0.435310 0.897224 -0.074125 -0.626019 -0.100279 1 0 1.0
0 -4.364013 7.156058 0.150000 0.435310 0.897224 -0.074125 -0.785522 0.027000 1 0 1.0
0 -3.451222 6.713196 0.150000 0.435310 0.897224 -0.074125 -0.621220 0.027000 1 0 1.0
bag_strap
0 -4.364013 7.156058 0.150000 0.286922 0.955083 0.074109 -0.785522 0.027000 1 0 1.0
0 -5.325636 7.444945 0.150000 0.286922 0.955083 0.074109 -0.958614 0.027000 1 0 1.0
0 -5.336662 7.393390 0.857107 0.286922 0.955083 0.074109 -0.960599 0.154279 1 0 1.0
bag_strap
0 -4.364013 7.156058 0.150000 0.286925 0.955082 0.074114 -0.785522 0.027000 1 0 1.0
0 -5.336662 7.393390 0.857107 0.286925 0.955082 0.074114 -0.960599 0.154279 1 0 1.0
0 -4.383188 7.106947 0.857107 0.286925 0.955082 0.074114 -0.788974 0.154279 1 0 1.0
bag_strap
0 -4.383188 7.106947 0.857107 0.264015 0.878823 0.397449 -0.788974 0.154279 1 0 1.0
0 -5.336662 7.393390 0.857107 0.264015 0.878823 0.397449 -0.960599 0.154279 1 0 1.0
0 -5.363283 7.268926 1.150000 0.264015 0.878823 0.397449 -0.965391 0.207000 1 0 1.0
bag_strap
0 -4.383188 7.106947 0.857107 0.264020 0.878813 0.397469 -0.788974 0.154279 1 0 1.0
0 -5.363283 7.268926 1.150000 0.264020 0.878813 0.397469 -0.965391 0.207000 1 0 1.0
0 -4.429480 6.988385 1.150000 0.264020 0.878813 0.397469 -0.797306 0.207000 1 0 1.0
bag_strap
0 -4.429480 6.988385 1.150000 -0.264022 -0.878821 0.397449 -0.797306 0.207000 1 0 1.0
0 -5.363283 7.268926 1.150000 -0.264022 -0.878821 0.397449 -0.965391 0.207000 1 0 1.0
0 -5.389904 7.144462 0.857107 -0.264022 -0.878821 0.397449 -0.970183 0.154279 1 0 1.0
bag_strap
0 -4.429480 6.988385 1.150000 -0.264027 -0.878810 0.397470 -0.797306 0.207000 1 0 1.0
0 -5.389904 7.144462 0.857107 -0.264027 -0.878810 0.397470 -0.970183 0.154279 1 0 1.0
0 -4.475772 6.869823 0.857107 -0.264027 -0.878810 0.397470 -0.805639 0.154279 1 0 1.0
bag_strap
0 -4.475772 6.869823 0.857107 -0.286940 -0.955078 0.074109 -0.805639 0.154279 1 0 1.0
0 -5.389904 7.144462 0.857107 -0.286940 -0.955078 0.074109 -0.970183 0.154279 1 0 1.0
0 -5.400930 7.092906 0.150000 -0.286940 -0.955078 0.074109 -0.972167 0.027000 1 0 1.0
bag_strap
0 -4.475772 6.869823 0.857107 -0.286944 -0.955076 0.074114 -0.805639 0.154279 1 0 1.0
0 -5.400930 7.092906 0.150000 -0.286944 -0.955076 0.074114 -0.972167 0.027000 1 0 1.0
0 -4.494947 6.820713 0.150000 -0.286944 -0.955076 0.074114 -0.809091 0.027000 1 0 1.0
bag_strap
0 -4.494947 6.820713 0.150000 -0.286944 -0.955077 -0.074109 -0.809091 0.027000 1 0 1.0
0 -5.400930 7.092906 0.150000 -0.286944 -0.955077 -0.074109 -0.972167 0.027000 1 0 1.0
0 -5.389904 7.144462 -0.557107 -0.286944 -0.955077 -0.074109 -0.970183 -0.100279 1 0 1.0
bag_strap
0 -4.494947 6.820713 0.150000 -0.286940 -0.955077 -0.074114 -0.809091 0.027000 1 0 1.0
0 -5.389904 7.144462 -0.557107 -0.286940 -0.955077 -0.074114 -0.970183 -0.100279 1 0 1.0
0 -4.475772 6.869823 -0.557107 -0.286940 -0.955077 -0.074114 -0.805639 -0.100279 1 0 1.0
bag_strap
0 -4.475772 6.869823 -0.557107 -0.264029 -0.878819 -0.397449 -0.805639 -0.100279 1 0 1.0
0 -5.389904 7.144462 -0.557107 -0.264029 -0.878819 -0.397449 -0.970183 -0.100279 1 0 1.0
0 -5.363283 7.268926 -0.850000 -0.264029 -0.878819 -0.397449 -0.965391 -0.153000 1 0 1.0
bag_strap
0 -4.475772 6.869823 -0.557107 -0.264020 -0.878813 -0.397469 -0.805639 -0.100279 1 0 1.0
0 -5.363283 7.268926 -0.850000 -0.264020 -0.878813 -0.397469 -0.965391 -0.153000 1 0 1.0
0 -4.429480 6.988385 -0.850000 -0.264020 -0.878813 -0.397469 -0.797306 -0.153000 1 0 1.0
bag_strap
0 -4.429480 6.988385 -0.850000 0.264022 0.878821 -0.397449 -0.797306 -0.153000 1 0 1.0
0 -5.363283 7.268926 -0.850000 0.264022 0.878821 -0.397449 -0.965391 -0.153000 1 0 1.0
0 -5.336662 7.393390 -0.557107 0.264022 0.878821 -0.397449 -0.960599 -0.100279 1 0 1.0
bag_strap
0 -4.429480 6.988385 -0.850000 0.264013 0.878815 -0.397469 -0.797306 -0.153000 1 0 1.0
0 -5.336662 7.393390 -0.557107 0.264013 0.878815 -0.397469 -0.960599 -0.100279 1 0 1.0
0 -4.383188 7.106947 -0.557107 0.264013 0.878815 -0.397469 -0.788974 -0.100279 1 0 1.0
bag_strap
0 -4.383188 7.106947 -0.557107 0.286925 0.955082 -0.074109 -0.788974 -0.100279 1 0 1.0
0 -5.336662 7.393390 -0.557107 0.286925 0.955082 -0.074109 -0.960599 -0.100279 1 0 1.0
0 -5.325636 7.444945 0.150000 0.286925 0.955082 -0.074109 -0.958614 0.027000 1 0 1.0
bag_strap
0 -4.383188 7.106947 -0.557107 0.286922 0.955083 -0.074114 -0.788974 -0.100279 1 0 1.0
0 -5.325636 7.444945 0.150000 0.286922 0.955083 -0.074114 -0.958614 0.027000 1 0 1.0
0 -4.364013 7.156058 0.150000 0.286922 0.955083 -0.074114 -0.785522 0.027000 1 0 1.0
bag_strap
0 -5.325636 7.444945 0.150000 0.128291 0.988964 0.074103 -0.958614 0.027000 1 0 1.0
0 -6.315171 7.573310 0.150000 0.128291 0.988964 0.074103 -1.136731 0.027000 1 0 1.0
0 -6.317646 7.520648 0.857107 0.128291 0.988964 0.074103 -1.137176 0.154279 1 0 1.0
bag_strap
0 -5.325636 7.444945 0.150000 0.128293 0.988964 0.074106 -0.958614 0.027000 1 0 1.0
0 -6.317646 7.520648 0.857107 0.128293 0.988964 0.074106 -1.137176 0.154279 1 0 1.0
0 -5.336662 7.393390 0.857107 0.128293 0.988964 0.074106 -0.960599 0.154279 1 0 1.0
bag_strap
0 -5.336662 7.393390 0.857107 0.118051 0.910009 0.397425 -0.960599 0.154279 1 0 1.0
0 -6.317646 7.520648 0.857107 0.118051 0.910009 0.397425 -1.137176 0.154279 1 0 1.0
0 -6.323621 7.393509 1.150000 0.118051 0.910009 0.397425 -1.138252 0.207000 1 0 1.0
bag_strap
0 -5.336662 7.393390 0.857107 0.118054 0.910005 0.397434 -0.960599 0.154279 1 0 1.0
0 -6.323621 7.393509 1.150000 0.118054 0.910005 0.397434 -1.138252 0.207000 1 0 1.0
0 -5.363283 7.268926 1.150000 0.118054 0.910005 0.397434 -0.965391 0.207000 1 0 1.0
bag_strap
0 -5.363283 7.268926 1.150000 -0.118054 -0.910009 0.397425 -0.965391 0.207000 1 0 1.0
0 -6.323621 7.393509 1.150000 -0.118054 -0.910009 0.397425 -1.138252 0.207000 1 0 1.0
0 -6.329596 7.266370 0.857107 -0.118054 -0.910009 0.397425 -1.139327 0.154279 1 0 1.0
bag_strap
0 -5.363283 7.268926 1.150000 -0.118057 -0.910005 0.397434 -0.965391 0.207000 1 0 1.0
0 -6.329596 7.266370 0.857107 -0.118057 -0.910005 0.397434 -1.139327 0.154279 1 0 1.0
0 -5.389904 7.144462 0.857107 -0.118057 -0.910005 0.397434 -0.970183 0.154279 1 0 1.0
bag_strap
0 -5.389904 7.144462 0.857107 -0.128300 -0.988963 0.074103 -0.970183 0.154279 1 0 1.0
0 -6.329596 7.266370 0.857107 -0.128300 -0.988963 0.074103 -1.139327 0.154279 1 0 1.0
0 -6.332070 7.213707 0.150000 -0.128300 -0.988963 0.074103 -1.139773 0.027000 1 0 1.0
bag_strap
0 -5.389904 7.144462 0.857107 -0.128303 -0.988962 0.074106 -0.970183 0.154279 1 0 1.0
0 -6.332070 7.213707 0.150000 -0.128303 -0.988962 0.074106 -1.139773 0.027000 1 0 1.0
0 -5.400930 7.092906 0.150000 -0.128303 -0.988962 0.074106 -0.972167 0.027000 1 0 1.0
bag_strap
0 -5.400930 7.092906 0.150000 -0.128303 -0.988963 -0.074103 -0.972167 0.027000 1 0 1.0
0 -6.332070 7.213707 0.150000 -0.128303 -0.988963 -0.074103 -1.139773 0.027000 1 0 1.0
0 -6.329596 7.266370 -0.557107 -0.128303 -0.988963 -0.074103 -1.139327 -0.100279 1 0 1.0
bag_strap
0 -5.400930 7.092906 0.150000 -0.128300 -0.988963 -0.074106 -0.972167 0.027000 1 0 1.0
0 -6.329596 7.266370 -0.557107 -0.128300 -0.988963 -0.074106 -1.139327 -0.100279 1 0 1.0
0 -5.389904 7.144462 -0.557107 -0.128300 -0.988963 -0.074106 -0.970183 -0.100279 1 0 1.0
bag_strap
0 -5.389904 7.144462 -0.557107 -0.118057 -0.910009 -0.397425 -0.970183 -0.100279 1 0 1.0
0 -6.329596 7.266370 -0.557107 -0.118057 -0.910009 -0.397425 -1.139327 -0.100279 1 0 1.0
0 -6.323621 7.393509 -0.850000 -0.118057 -0.910009 -0.397425 -1.138252 -0.153000 1 0 1.0
bag_strap
0 -5.389904 7.144462 -0.557107 -0.118054 -0.910005 -0.397434 -0.970183 -0.100279 1 0 1.0
0 -6.323621 7.393509 -0.850000 -0.118054 -0.910005 -0.397434 -1.138252 -0.153000 1 0 1.0
0 -5.363283 7.268926 -0.850000 -0.118054 -0.910005 -0.397434 -0.965391 -0.153000 1 0 1.0
bag_strap
0 -5.363283 7.268926 -0.850000 0.118054 0.910009 -0.397425 -0.965391 -0.153000 1 0 1.0
0 -6.323621 7.393509 -0.850000 0.118054 0.910009 -0.397425 -1.138252 -0.153000 1 0 1.0
0 -6.317646 7.520648 -0.557107 0.118054 0.910009 -0.397425 -1.137176 -0.100279 1 0 1.0
bag_strap
0 -5.363283 7.268926 -0.850000 0.118051 0.910006 -0.397433 -0.965391 -0.153000 1 0 1.0
0 -6.317646 7.520648 -0.557107 0.118051 0.910006 -0.397433 -1.137176 -0.100279 1 0 1.0
0 -5.336662 7.393390 -0.557107 0.118051 0.910006 -0.397433 -0.960599 -0.100279 1 0 1.0
bag_strap
0 -5.336662 7.393390 -0.557107 0.128294 0.988964 -0.074103 -0.960599 -0.100279 1 0 1.0
0 -6.317646 7.520648 -0.557107 0.128294 0.988964 -0.074103 -1.137176 -0.100279 1 0 1.0
0 -6.315171 7.573310 0.150000 0.128294 0.988964 -0.074103 -1.136731 0.027000 1 0 1.0
bag_strap
0 -5.336662 7.393390 -0.557107 0.128291 0.988964 -0.074106 -0.960599 -0.100279 1 0 1.0
0 -6.315171 7.573310 0.150000 0.128291 0.988964 -0.074106 -1.136731 0.027000 1 0 1.0
0 -5.325636 7.444945 0.150000 0.128291 0.988964 -0.074106 -0.958614 0.027000 1 0 1.0
bag_strap
0 -6.315171 7.573310 0.150000 -0.035115 0.996632 0.074103 -1.136731 0.027000 1 0 1.0
0 -7.310954 7.538225 0.150000 -0.035115 0.996632 0.074103 -1.315972 0.027000 1 0 1.0
0 -7.304784 7.485867 0.857107 -0.035115 0.996632 0.074103 -1.314861 0.154279 1 0 1.0
bag_strap
0 -6.315171 7.573310 0.150000 -0.035116 0.996632 0.074102 -1.136731 0.027000 1 0 1.0
0 -7.304784 7.485867 0.857107 -0.035116 0.996632 0.074102 -1.314861 0.154279 1 0 1.0
0 -6.317646 7.520648 0.857107 -0.035116 0.996632 0.074102 -1.137176 0.154279 1 0 1.0
bag_strap
0 -6.317646 7.520648 0.857107 -0.032312 0.917066 0.397424 -1.137176 0.154279 1 0 1.0
0 -7.304784 7.485867 0.857107 -0.032312 0.917066 0.397424 -1.314861 0.154279 1 0 1.0
0 -7.289888 7.359462 1.150000 -0.032312 0.917066 0.397424 -1.312180 0.207000 1 0 1.0
bag_strap
0 -6.317646 7.520648 0.857107 -0.032313 0.917067 0.397421 -1.137176 0.154279 1 0 1.0
0 -7.289888 7.359462 1.150000 -0.032313 0.917067 0.397421 -1.312180 0.207000 1 0 1.0
0 -6.323621 7.393509 1.150000 -0.032313 0.917067 0.397421 -1.138252 0.207000 1 0 1.0
bag_strap
0 -6.323621 7.393509 1.150000 0.032313 -0.917066 0.397424 -1.138252 0.207000 1 0 1.0
0 -7.289888 7.359462 1.150000 0.032313 -0.917066 0.397424 -1.312180 0.207000 1 0 1.0
0 -7.274992 7.233057 0.857107 0.032313 -0.917066 0.397424 -1.309499 0.154279 1 0 1.0
bag_strap
0 -6.323621 7.393509 1.150000 0.032314 -0.917067 0.397421 -1.138252 0.207000 1 0 1.0
0 -7.274992 7.233057 0.857107 0.032314 -0.917067 0.397421 -1.309499 0.154279 1 0 1.0
0 -6.329596 7.266370 0.857107 0.032314 -0.917067 0.397421 -1.139327 0.154279 1 0 1.0
bag_strap
0 -6.329596 7.266370 0.857107 0.035118 -0.996632 0.074103 -1.139327 0.154279 1 0 1.0
0 -7.274992 7.233057 0.857107 0.035118 -0.996632 0.074103 -1.309499 0.154279 1 0 1.0
0 -7.268822 7.180699 0.150000 0.035118 -0.996632 0.074103 -1.308388 0.027000 1 0 1.0
bag_strap
0 -6.329596 7.266370 0.857107 0.035118 -0.996632 0.074102 -1.139327 0.154279 1 0 1.0
0 -7.268822 7.180699 0.150000 0.035118 -0.996632 0.074102 -1.308388 0.027000 1 0 1.0
0 -6.332070 7.213707 0.150000 0.035118 -0.996632 0.074102 -1.139773 0.027000 1 0 1.0
bag_strap
0 -6.332070 7.213707 0.150000 0.035118 -0.996632 -0.074103 -1.139773 0.027000 1 0 1.0
0 -7.268822 7.180699 0.150000 0.035118 -0.996632 -0.074103 -1.308388 0.027000 1 0 1.0
0 -7.274992 7.233057 -0.557107 0.035118 -0.996632 -0.074103 -1.309499 -0.100279 1 0 1.0
bag_strap
0 -6.332070 7.213707 0.150000 0.035118 -0.996632 -0.074102 -1.139773 0.027000 1 0 1.0
0 -7.274992 7.233057 -0.557107 0.035118 -0.996632 -0.074102 -1.309499 -0.100279 1 0 1.0
0 -6.329596 7.266370 -0.557107 0.035118 -0.996632 -0.074102 -1.139327 -0.100279 1 0 1.0
bag_strap
0 -6.329596 7.266370 -0.557107 0.032314 -0.917066 -0.397424 -1.139327 -0.100279 1 0 1.0
0 -7.274992 7.233057 -0.557107 0.032314 -0.917066 -0.397424 -1.309499 -0.100279 1 0 1.0
0 -7.289888 7.359462 -0.850000 0.032314 -0.917066 -0.397424 -1.312180 -0.153000 1 0 1.0
bag_strap
0 -6.329596 7.266370 -0.557107 0.032313 -0.917067 -0.397421 -1.139327 -0.100279 1 0 1.0
0 -7.289888 7.359462 -0.850000 0.032313 -0.917067 -0.397421 -1.312180 -0.153000 1 0 1.0
0 -6.323621 7.393509 -0.850000 0.032313 -0.917067 -0.397421 -1.138252 -0.153000 1 0 1.0
bag_strap
0 -6.323621 7.393509 -0.850000 -0.032313 0.917066 -0.397424 -1.138252 -0.153000 1 0 1.0
0 -7.289888 7.359462 -0.850000 -0.032313 0.917066 -0.397424 -1.312180 -0.153000 1 0 1.0
0 -7.304784 7.485867 -0.557107 -0.032313 0.917066 -0.397424 -1.314861 -0.100279 1 0 1.0
bag_strap
0 -6.323621 7.393509 -0.850000 -0.032312 0.917067 -0.397421 -1.138252 -0.153000 1 0 1.0
0 -7.304784 7.485867 -0.557107 -0.032312 0.917067 -0.397421 -1.314861 -0.100279 1 0 1.0
0 -6.317646 7.520648 -0.557107 -0.032312 0.917067 -0.397421 -1.137176 -0.100279 1 0 1.0
bag_strap
0 -6.317646 7.520648 -0.557107 -0.035116 0.996632 -0.074103 -1.137176 -0.100279 1 0 1.0
0 -7.304784 7.485867 -0.557107 -0.035116 0.996632 -0.074103 -1.314861 -0.100279 1 0 1.0
0 -7.310954 7.538225 0.150000 -0.035116 0.996632 -0.074103 -1.315972 0.027000 1 0 1.0
bag_strap
0 -6.317646 7.520648 -0.557107 -0.035115 0.996632 -0.074102 -1.137176 -0.100279 1 0 1.0
0 -7.310954 7.538225 0.150000 -0.035115 0.996632 -0.074102 -1.315972 0.027000 1 0 1.0
0 -6.315171 7.573310 0.150000 -0.035115 0.996632 -0.074102 -1.136731 0.027000 1 0 1.0
bag_strap
0 -7.310954 7.538225 0.150000 -0.197203 0.977558 0.074108 -1.315972 0.027000 1 0 1.0
0 -8.291149 7.340490 0.150000 -0.197203 0.977558 0.074108 -1.492407 0.027000 1 0 1.0
0 -8.276564 7.289827 0.857107 -0.197203 0.977558 0.074108 -1.489781 0.154279 1 0 1.0
bag_strap
0 -7.310954 7.538225 0.150000 -0.197205 0.977557 0.074105 -1.315972 0.027000 1 0 1.0
0 -8.276564 7.289827 0.857107 -0.197205 0.977557 0.074105 -1.489781 0.154279 1 0 1.0
0 -7.304784 7.485867 0.857107 -0.197205 0.977557 0.074105 -1.314861 0.154279 1 0 1.0
bag_strap
0 -7.304784 7.485867 0.857107 -0.181459 0.899504 0.397447 -1.314861 0.154279 1 0 1.0
0 -8.276564 7.289827 0.857107 -0.181459 0.899504 0.397447 -1.489781 0.154279 1 0 1.0
0 -8.241353 7.167515 1.150000 -0.181459 0.899504 0.397447 -1.483443 0.207000 1 0 1.0
bag_strap
0 -7.304784 7.485867 0.857107 -0.181466 0.899509 0.397433 -1.314861 0.154279 1 0 1.0
0 -8.241353 7.167515 1.150000 -0.181466 0.899509 0.397433 -1.483443 0.207000 1 0 1.0
0 -7.289888 7.359462 1.150000 -0.181466 0.899509 0.397433 -1.312180 0.207000 1 0 1.0
bag_strap
0 -7.289888 7.359462 1.150000 0.181464 -0.899503 0.397447 -1.312180 0.207000 1 0 1.0
0 -8.241353 7.167515 1.150000 0.181464 -0.899503 0.397447 -1.483443 0.207000 1 0 1.0
0 -8.206142 7.045203 0.857107 0.181464 -0.899503 0.397447 -1.477106 0.154279 1 0 1.0
bag_strap
0 -7.289888 7.359462 1.150000 0.181471 -0.899509 0.397433 -1.312180 0.207000 1 0 1.0
0 -8.206142 7.045203 0.857107 0.181471 -0.899509 0.397433 -1.477106 0.154279 1 0 1.0
0 -7.274992 7.233057 0.857107 0.181471 -0.899509 0.397433 -1.309499 0.154279 1 0 1.0
bag_strap
0 -7.274992 7.233057 0.857107 0.197216 -0.977555 0.074108 -1.309499 0.154279 1 0 1.0
0 -8.206142 7.045203 0.857107 0.197216 -0.977555 0.074108 -1.477106 0.154279 1 0 1.0
0 -8.191557 6.994540 0.150000 0.197216 -0.977555 0.074108 -1.474480 0.027000 1 0 1.0
bag_strap
0 -7.274992 7.233057 0.857107 0.197219 -0.977555 0.074105 -1.309499 0.154279 1 0 1.0
0 -8.191557 6.994540 0.150000 0.197219 -0.977555 0.074105 -1.474480 0.027000 1 0 1.0
0 -7.268822 7.180699 0.150000 0.197219 -0.977555 0.074105 -1.308388 0.027000 1 0 1.0
bag_strap
0 -7.268822 7.180699 0.150000 0.197219 -0.977555 -0.074108 -1.308388 0.027000 1 0 1.0
0 -8.191557 6.994540 0.150000 0.197219 -0.977555 -0.074108 -1.474480 0.027000 1 0 1.0
0 -8.206142 7.045203 -0.557107 0.197219 -0.977555 -0.074108 -1.477106 -0.100279 1 0 1.0
bag_strap
0 -7.268822 7.180699 0.150000 0.197216 -0.977555 -0.074105 -1.308388 0.027000 1 0 1.0
0 -8.206142 7.045203 -0.557107 0.197216 -0.977555 -0.074105 -1.477106 -0.100279 1 0 1.0
0 -7.274992 7.233057 -0.557107 0.197216 -0.977555 -0.074105 -1.309499 -0.100279 1 0 1.0
bag_strap
0 -7.274992 7.233057 -0.557107 0.181469 -0.899502 -0.397447 -1.309499 -0.100279 1 0 1.0
0 -8.206142 7.045203 -0.557107 0.181469 -0.899502 -0.397447 -1.477106 -0.100279 1 0 1.0
0 -8.241353 7.167515 -0.850000 0.181469 -0.899502 -0.397447 -1.483443 -0.153000 1 0 1.0
bag_strap
0 -7.274992 7.233057 -0.557107 0.181466 -0.899510 -0.397433 -1.309499 -0.100279 1 0 1.0
0 -8.241353 7.167515 -0.850000 0.181466 -0.899510 -0.397433 -1.483443 -0.153000 1 0 1.0
0 -7.289888 7.359462 -0.850000 0.181466 -0.899510 -0.397433 -1.312180 -0.153000 1 0 1.0
bag_strap
0 -7.289888 7.359462 -0.850000 -0.181464 0.899503 -0.397447 -1.312180 -0.153000 1 0 1.0
0 -8.241353 7.167515 -0.850000 -0.181464 0.899503 -0.397447 -1.483443 -0.153000 1 0 1.0
0 -8.276564 7.289827 -0.557107 -0.181464 0.899503 -0.397447 -1.489781 -0.100279 1 0 1.0
bag_strap
0 -7.289888 7.359462 -0.850000 -0.181461 0.899511 -0.397433 -1.312180 -0.153000 1 0 1.0
0 -8.276564 7.289827 -0.557107 -0.181461 0.899511 -0.397433 -1.489781 -0.100279 1 0 1.0
0 -7.304784 7.485867 -0.557107 -0.181461 0.899511 -0.397433 -1.314861 -0.100279 1 0 1.0
bag_strap
0 -7.304784 7.485867 -0.557107 -0.197205 0.977557 -0.074108 -1.314861 -0.100279 1 0 1.0
0 -8.276564 7.289827 -0.557107 -0.197205 0.977557 -0.074108 -1.489781 -0.100279 1 0 1.0
0 -8.291149 7.340490 0.150000 -0.197205 0.977557 -0.074108 -1.492407 0.027000 1 0 1.0
bag_strap
0 -7.304784 7.485867 -0.557107 -0.197203 0.977558 -0.074105 -1.314861 -0.100279 1 0 1.0
0 -8.291149 7.340490 0.150000 -0.197203 0.977558 -0.074105 -1.492407 0.027000 1 0 1.0
0 -7.310954 7.538225 0.150000 -0.197203 0.977558 -0.074105 -1.315972 0.027000 1 0 1.0
bag_strap
0 -8.291149 7.340490 0.150000 -0.352050 0.933042 0.074118 -1.492407 0.027000 1 0 1.0
0 -9.234344 6.984609 0.150000 -0.352050 0.933042 0.074118 -1.662182 0.027000 1 0 1.0
0 -9.211866 6.936920 0.857107 -0.352050 0.933042 0.074118 -1.658136 0.154279 1 0 1.0
bag_strap
0 -8.291149 7.340490 0.150000 -0.352054 0.933041 0.074113 -1.492407 0.027000 1 0 1.0
0 -9.211866 6.936920 0.857107 -0.352054 0.933041 0.074113 -1.658136 0.154279 1 0 1.0
0 -8.276564 7.289827 0.857107 -0.352054 0.933041 0.074113 -1.489781 0.154279 1 0 1.0
bag_strap
0 -8.276564 7.289827 0.857107 -0.323938 0.858526 0.397489 -1.489781 0.154279 1 0 1.0
0 -9.211866 6.936920 0.857107 -0.323938 0.858526 0.397489 -1.658136 0.154279 1 0 1.0
0 -9.157603 6.821787 1.150000 -0.323938 0.858526 0.397489 -1.648369 0.207000 1 0 1.0
bag_strap
0 -8.276564 7.289827 0.857107 -0.323949 0.858532 0.397467 -1.489781 0.154279 1 0 1.0
0 -9.157603 6.821787 1.150000 -0.323949 0.858532 0.397467 -1.648369 0.207000 1 0 1.0
0 -8.241353 7.167515 1.150000 -0.323949 0.858532 0.397467 -1.483443 0.207000 1 0 1.0
bag_strap
0 -8.241353 7.167515 1.150000 0.323946 -0.858523 0.397490 -1.483443 0.207000 1 0 1.0
0 -9.157603 6.821787 1.150000 0.323946 -0.858523 0.397490 -1.648369 0.207000 1 0 1.0
0 -9.103340 6.706655 0.857107 0.323946 -0.858523 0.397490 -1.638601 0.154279 1 0 1.0
bag_strap
0 -8.241353 7.167515 1.150000 0.323957 -0.858529 0.397466 -1.483443 0.207000 1 0 1.0
0 -9.103340 6.706655 0.857107 0.323957 -0.858529 0.397466 -1.638601 0.154279 1 0 1.0
0 -8.206142 7.045203 0.857107 0.323957 -0.858529 0.397466 -1.477106 0.154279 1 0 1.0
bag_strap
0 -8.206142 7.045203 0.857107 0.352071 -0.933034 0.074118 -1.477106 0.154279 1 0 1.0
0 -9.103340 6.706655 0.857107 0.352071 -0.933034 0.074118 -1.638601 0.154279 1 0 1.0
0 -9.080863 6.658966 0.150000 0.352071 -0.933034 0.074118 -1.634555 0.027000 1 0 1.0
bag_strap
0 -8.206142 7.045203 0.857107 0.352075 -0.933033 0.074112 -1.477106 0.154279 1 0 1.0
0 -9.080863 6.658966 0.150000 0.352075 -0.933033 0.074112 -1.634555 0.027000 1 0 1.0
0 -8.191557 6.994540 0.150000 0.352075 -0.933033 0.074112 -1.474480 0.027000 1 0 1.0
bag_strap
0 -8.191557 6.994540 0.150000 0.352075 -0.933033 -0.074118 -1.474480 0.027000 1 0 1.0
0 -9.080863 6.658966 0.150000 0.352075 -0.933033 -0.074118 -1.634555 0.027000 1 0 1.0
0 -9.103340 6.706655 -0.557107 0.352075 -0.933033 -0.074118 -1.638601 -0.100279 1 0 1.0
bag_strap
0 -8.191557 6.994540 0.150000 0.352071 -0.933035 -0.074113 -1.474480 0.027000 1 0 1.0
0 -9.103340 6.706655 -0.557107 0.352071 -0.933035 -0.074113 -1.638601 -0.100279 1 0 1.0
0 -8.206142 7.045203 -0.557107 0.352071 -0.933035 -0.074113 -1.477106 -0.100279 1 0 1.0
bag_strap
0 -8.206142 7.045203 -0.557107 0.323953 -0.858520 -0.397490 -1.477106 -0.100279 1 0 1.0
0 -9.103340 6.706655 -0.557107 0.323953 -0.858520 -0.397490 -1.638601 -0.100279 1 0 1.0
0 -9.157603 6.821787 -0.850000 0.323953 -0.858520 -0.397490 -1.648369 -0.153000 1 0 1.0
bag_strap
0 -8.206142 7.045203 -0.557107 0.323949 -0.858532 -0.397467 -1.477106 -0.100279 1 0 1.0
0 -9.157603 6.821787 -0.850000 0.323949 -0.858532 -0.397467 -1.648369 -0.153000 1 0 1.0
0 -8.241353 7.167515 -0.850000 0.323949 -0.858532 -0.397467 -1.483443 -0.153000 1 0 1.0
bag_strap
0 -8.241353 7.167515 -0.850000 -0.323946 0.858523 -0.397490 -1.483443 -0.153000 1 0 1.0
0 -9.157603 6.821787 -0.850000 -0.323946 0.858523 -0.397490 -1.648369 -0.153000 1 0 1.0
0 -9.211866 6.936920 -0.557107 -0.323946 0.858523 -0.397490 -1.658136 -0.100279 1 0 1.0
bag_strap
0 -8.241353 7.167515 -0.850000 -0.323942 0.858535 -0.397467 -1.483443 -0.153000 1 0 1.0
0 -9.211866 6.936920 -0.557107 -0.323942 0.858535 -0.397467 -1.658136 -0.100279 1 0 1.0
0 -8.276564 7.289827 -0.557107 -0.323942 0.858535 -0.397467 -1.489781 -0.100279 1 0 1.0
bag_strap
0 -8.276564 7.289827 -0.557107 -0.352054 0.933040 -0.074118 -1.489781 -0.100279 1 0 1.0
0 -9.211866 6.936920 -0.557107 -0.352054 0.933040 -0.074118 -1.658136 -0.100279 1 0 1.0
0 -9.234344 6.984609 0.150000 -0.352054 0.933040 -0.074118 -1.662182 0.027000 1 0 1.0
bag_strap
0 -8.276564 7.289827 -0.557107 -0.352051 0.933042 -0.074113 -1.489781 -0.100279 1 0 1.0
0 -9.234344 6.984609 0.150000 -0.352051 0.933042 -0.074113 -1.662182 0.027000 1 0 1.0
0 -8.291149 7.340490 0.150000 -0.352051 0.933042 -0.074113 -1.492407 0.027000 1 0 1.0
bag_strap
0 -9.234344 6.984609 0.150000 -0.494668 0.865915 0.074130 -1.662182 0.027000 1 0 1.0
0 -10.120095 6.478610 0.150000 -0.494668 0.865915 0.074130 -1.821617 0.027000 1 0 1.0
0 -10.090479 6.434994 0.857107 -0.494668 0.865915 0.074130 -1.816286 0.154279 1 0 1.0
bag_strap
0 -9.234344 6.984609 0.150000 -0.494671 0.865913 0.074124 -1.662182 0.027000 1 0 1.0
0 -10.090479 6.434994 0.857107 -0.494671 0.865913 0.074124 -1.816286 0.154279 1 0 1.0
0 -9.211866 6.936920 0.857107 -0.494671 0.865913 0.074124 -1.658136 0.154279 1 0 1.0
bag_strap
0 -9.211866 6.936920 0.857107 -0.455154 0.796738 0.397547 -1.658136 0.154279 1 0 1.0
0 -10.090479 6.434994 0.857107 -0.455154 0.796738 0.397547 -1.816286 0.154279 1 0 1.0
0 -10.018978 6.329696 1.150000 -0.455154 0.796738 0.397547 -1.803416 0.207000 1 0 1.0
bag_strap
0 -9.211866 6.936920 0.857107 -0.455169 0.796744 0.397517 -1.658136 0.154279 1 0 1.0
0 -10.018978 6.329696 1.150000 -0.455169 0.796744 0.397517 -1.803416 0.207000 1 0 1.0
0 -9.157603 6.821787 1.150000 -0.455169 0.796744 0.397517 -1.648369 0.207000 1 0 1.0
bag_strap
0 -9.157603 6.821787 1.150000 0.455163 -0.796733 0.397547 -1.648369 0.207000 1 0 1.0
0 -10.018978 6.329696 1.150000 0.455163 -0.796733 0.397547 -1.803416 0.207000 1 0 1.0
0 -9.947477 6.224398 0.857107 0.455163 -0.796733 0.397547 -1.790546 0.154279 1 0 1.0
bag_strap
0 -9.157603 6.821787 1.150000 0.455179 -0.796739 0.397516 -1.648369 0.207000 1 0 1.0
0 -9.947477 6.224398 0.857107 0.455179 -0.796739 0.397516 -1.790546 0.154279 1 0 1.0
0 -9.103340 6.706655 0.857107 0.455179 -0.796739 0.397516 -1.638601 0.154279 1 0 1.0
bag_strap
0 -9.103340 6.706655 0.857107 0.494691 -0.865901 0.074130 -1.638601 0.154279 1 0 1.0
0 -9.947477 6.224398 0.857107 0.494691 -0.865901 0.074130 -1.790546 0.154279 1 0 1.0
0 -9.917861 6.180782 0.150000 0.494691 -0.865901 0.074130 -1.785215 0.027000 1 0 1.0
bag_strap
0 -9.103340 6.706655 0.857107 0.494695 -0.865900 0.074124 -1.638601 0.154279 1 0 1.0
0 -9.917861 6.180782 0.150000 0.494695 -0.865900 0.074124 -1.785215 0.027000 1 0 1.0
0 -9.080863 6.658966 0.150000 0.494695 -0.865900 0.074124 -1.634555 0.027000 1 0 1.0
bag_strap
0 -9.080863 6.658966 0.150000 0.494695 -0.865899 -0.074130 -1.634555 0.027000 1 0 1.0
0 -9.917861 6.180782 0.150000 0.494695 -0.865899 -0.074130 -1.785215 0.027000 1 0 1.0
0 -9.947477 6.224398 -0.557107 0.494695 -0.865899 -0.074130 -1.790546 -0.100279 1 0 1.0
bag_strap
0 -9.080863 6.658966 0.150000 0.494691 -0.865902 -0.074124 -1.634555 0.027000 1 0 1.0
0 -9.947477 6.224398 -0.557107 0.494691 -0.865902 -0.074124 -1.790546 -0.100279 1 0 1.0
0 -9.103340 6.706655 -0.557107 0.494691 -0.865902 -0.074124 -1.638601 -0.100279 1 0 1.0
bag_strap
0 -9.103340 6.706655 -0.557107 0.455172 -0.796727 -0.397547 -1.638601 -0.100279 1 0 1.0
0 -9.947477 6.224398 -0.557107 0.455172 -0.796727 -0.397547 -1.790546 -0.100279 1 0 1.0
0 -10.018978 6.329696 -0.850000 0.455172 -0.796727 -0.397547 -1.803416 -0.153000 1 0 1.0
bag_strap
0 -9.103340 6.706655 -0.557107 0.455169 -0.796744 -0.397517 -1.638601 -0.100279 1 0 1.0
0 -10.018978 6.329696 -0.850000 0.455169 -0.796744 -0.397517 -1.803416 -0.153000 1 0 1.0
0 -9.157603 6.821787 -0.850000 0.455169 -0.796744 -0.397517 -1.648369 -0.153000 1 0 1.0
bag_strap
0 -9.157603 6.821787 -0.850000 -0.455163 0.796733 -0.397547 -1.648369 -0.153000 1 0 1.0
0 -10.018978 6.329696 -0.850000 -0.455163 0.796733 -0.397547 -1.803416 -0.153000 1 0 1.0
0 -10.090479 6.434994 -0.557107 -0.455163 0.796733 -0.397547 -1.816286 -0.100279 1 0 1.0
bag_strap
0 -9.157603 6.821787 -0.850000 -0.455160 0.796749 -0.397517 -1.648369 -0.153000 1 0 1.0
0 -10.090479 6.434994 -0.557107 -0.455160 0.796749 -0.397517 -1.816286 -0.100279 1 0 1.0
0 -9.211866 6.936920 -0.557107 -0.455160 0.796749 -0.397517 -1.658136 -0.100279 1 0 1.0
bag_strap
0 -9.211866 6.936920 -0.557107 -0.494671 0.865913 -0.074130 -1.658136 -0.100279 1 0 1.0
0 -10.090479 6.434994 -0.557107 -0.494671 0.865913 -0.074130 -1.816286 -0.100279 1 0 1.0
0 -10.120095 6.478610 0.150000 -0.494671 0.865913 -0.074130 -1.821617 0.027000 1 0 1.0
bag_strap
0 -9.211866 6.936920 -0.557107 -0.494668 0.865915 -0.074124 -1.658136 -0.100279 1 0 1.0
0 -10.120095 6.478610 0.150000 -0.494668 0.865915 -0.074124 -1.821617 0.027000 1 0 1.0
0 -9.234344 6.984609 0.150000 -0.494668 0.865915 -0.074124 -1.662182 0.027000 1 0 1.0
bag_strap
0 -10.120095 6.478610 0.150000 -0.621442 0.779944 0.074145 -1.821617 0.027000 1 0 1.0
0 -10.929407 5.833768 0.150000 -0.621442 0.779944 0.074145 -1.967293 0.027000 1 0 1.0
0 -10.893554 5.795115 0.857107 -0.621442 0.779944 0.074145 -1.960840 0.154279 1 0 1.0
bag_strap
0 -10.120095 6.478610 0.150000 -0.621446 0.779941 0.074137 -1.821617 0.027000 1 0 1.0
0 -10.893554 5.795115 0.857107 -0.621446 0.779941 0.074137 -1.960840 0.154279 1 0 1.0
0 -10.090479 6.434994 0.857107 -0.621446 0.779941 0.074137 -1.816286 0.154279 1 0 1.0
bag_strap
0 -10.090479 6.434994 0.857107 -0.571785 0.717614 0.397608 -1.816286 0.154279 1 0 1.0
0 -10.893554 5.795115 0.857107 -0.571785 0.717614 0.397608 -1.960840 0.154279 1 0 1.0
0 -10.806998 5.701798 1.150000 -0.571785 0.717614 0.397608 -1.945260 0.207000 1 0 1.0
bag_strap
0 -10.090479 6.434994 0.857107 -0.571801 0.717618 0.397578 -1.816286 0.154279 1 0 1.0
0 -10.806998 5.701798 1.150000 -0.571801 0.717618 0.397578 -1.945260 0.207000 1 0 1.0
0 -10.018978 6.329696 1.150000 -0.571801 0.717618 0.397578 -1.803416 0.207000 1 0 1.0
bag_strap
0 -10.018978 6.329696 1.150000 0.571793 -0.717608 0.397609 -1.803416 0.207000 1 0 1.0
0 -10.806998 5.701798 1.150000 0.571793 -0.717608 0.397609 -1.945260 0.207000 1 0 1.0
0 -10.720443 5.608481 0.857107 0.571793 -0.717608 0.397609 -1.929680 0.154279 1 0 1.0
bag_strap
0 -10.018978 6.329696 1.150000 0.571809 -0.717611 0.397578 -1.803416 0.207000 1 0 1.0
0 -10.720443 5.608481 0.857107 0.571809 -0.717611 0.397578 -1.929680 0.154279 1 0 1.0
0 -9.947477 6.224398 0.857107 0.571809 -0.717611 0.397578 -1.790546 0.154279 1 0 1.0
bag_strap
0 -9.947477 6.224398 0.857107 0.621464 -0.779927 0.074145 -1.790546 0.154279 1 0 1.0
0 -10.720443 5.608481 0.857107 0.621464 -0.779927 0.074145 -1.929680 0.154279 1 0 1.0
0 -10.684589 5.569828 0.150000 0.621464 -0.779927 0.074145 -1.923226 0.027000 1 0 1.0
bag_strap
0 -9.947477 6.224398 0.857107 0.621469 -0.779923 0.074137 -1.790546 0.154279 1 0 1.0
0 -10.684589 5.569828 0.150000 0.621469 -0.779923 0.074137 -1.923226 0.027000 1 0 1.0
0 -9.917861 6.180782 0.150000 0.621469 -0.779923 0.074137 -1.785215 0.027000 1 0 1.0
bag_strap
0 -9.917861 6.180782 0.150000 0.621468 -0.779923 -0.074145 -1.785215 0.027000 1 0 1.0
0 -10.684589 5.569828 0.150000 0.621468 -0.779923 -0.074145 -1.923226 0.027000 1 0 1.0
0 -10.720443 5.608481 -0.557107 0.621468 -0.779923 -0.074145 -1.929680 -0.100279 1 0 1.0
bag_strap
0 -9.917861 6.180782 0.150000 0.621464 -0.779927 -0.074137 -1.785215 0.027000 1 0 1.0
0 -10.720443 5.608481 -0.557107 0.621464 -0.779927 -0.074137 -1.929680 -0.100279 1 0 1.0
0 -9.947477 6.224398 -0.557107 0.621464 -0.779927 -0.074137 -1.790546 -0.100279 1 0 1.0
bag_strap
0 -9.947477 6.224398 -0.557107 0.571801 -0.717601 -0.397609 -1.790546 -0.100279 1 0 1.0
0 -10.720443 5.608481 -0.557107 0.571801 -0.717601 -0.397609 -1.929680 -0.100279 1 0 1.0
0 -10.806998 5.701798 -0.850000 0.571801 -0.717601 -0.397609 -1.945260 -0.153000 1 0 1.0
bag_strap
0 -9.947477 6.224398 -0.557107 0.571801 -0.717618 -0.397578 -1.790546 -0.100279 1 0 1.0
0 -10.806998 5.701798 -0.850000 0.571801 -0.717618 -0.397578 -1.945260 -0.153000 1 0 1.0
0 -10.018978 6.329696 -0.850000 0.571801 -0.717618 -0.397578 -1.803416 -0.153000 1 0 1.0
bag_strap
0 -10.018978 6.329696 -0.850000 -0.571793 0.717608 -0.397608 -1.803416 -0.153000 1 0 1.0
0 -10.806998 5.701798 -0.850000 -0.571793 0.717608 -0.397608 -1.945260 -0.153000 1 0 1.0
0 -10.893554 5.795115 -0.557107 -0.571793 0.717608 -0.397608 -1.960840 -0.100279 1 0 1.0
bag_strap
0 -10.018978 6.329696 -0.850000 -0.571793 0.717624 -0.397578 -1.803416 -0.153000 1 0 1.0
0 -10.893554 5.795115 -0.557107 -0.571793 0.717624 -0.397578 -1.960840 -0.100279 1 0 1.0
0 -10.090479 6.434994 -0.557107 -0.571793 0.717624 -0.397578 -1.816286 -0.100279 1 0 1.0
bag_strap
0 -10.090479 6.434994 -0.557107 -0.621446 0.779941 -0.074145 -1.816286 -0.100279 1 0 1.0
0 -10.893554 5.795115 -0.557107 -0.621446 0.779941 -0.074145 -1.960840 -0.100279 1 0 1.0
0 -10.929407 5.833768 0.150000 -0.621446 0.779941 -0.074145 -1.967293 0.027000 1 0 1.0
bag_strap
0 -10.090479 6.434994 -0.557107 -0.621442 0.779945 -0.074137 -1.816286 -0.100279 1 0 1.0
0 -10.929407 5.833768 0.150000 -0.621442 0.779945 -0.074137 -1.967293 0.027000 1 0 1.0
0 -10.120095 6.478610 0.150000 -0.621442 0.779945 -0.074137 -1.821617 0.027000 1 0 1.0
bag_strap
0 -10.929407 5.833768 0.150000 -0.730224 0.679171 0.074157 1.050078 0.027000 1 0 1.0
0 -11.645103 5.064274 0.150000 -0.730224 0.679171 0.074157 0.911569 0.027000 1 0 1.0
0 -11.603996 5.031262 0.857107 -0.730224 0.679171 0.074157 0.905627 0.154279 1 0 1.0
bag_strap
0 -10.929407 5.833768 0.150000 -0.730227 0.679168 0.074152 1.050078 0.027000 1 0 1.0
0 -11.603996 5.031262 0.857107 -0.730227 0.679168 0.074152 0.905627 0.154279 1 0 1.0
0 -10.893554 5.795115 0.857107 -0.730227 0.679168 0.074152 1.043121 0.154279 1 0 1.0
bag_strap
0 -10.893554 5.795115 0.857107 -0.671854 0.624876 0.397670 1.043121 0.154279 1 0 1.0
0 -11.603996 5.031262 0.857107 -0.671854 0.624876 0.397670 0.905627 0.154279 1 0 1.0
0 -11.504756 4.951567 1.150000 -0.671854 0.624876 0.397670 0.891282 0.207000 1 0 1.0
bag_strap
0 -10.893554 5.795115 0.857107 -0.671871 0.624878 0.397639 1.043121 0.154279 1 0 1.0
0 -11.504756 4.951567 1.150000 -0.671871 0.624878 0.397639 0.891282 0.207000 1 0 1.0
0 -10.806998 5.701798 1.150000 -0.671871 0.624878 0.397639 1.026324 0.207000 1 0 1.0
bag_strap
0 -10.806998 5.701798 1.150000 0.671861 -0.624869 0.397671 1.026324 0.207000 1 0 1.0
0 -11.504756 4.951567 1.150000 0.671861 -0.624869 0.397671 0.891282 0.207000 1 0 1.0
0 -11.405516 4.871871 0.857107 0.671861 -0.624869 0.397671 0.876937 0.154279 1 0 1.0
bag_strap
0 -10.806998 5.701798 1.150000 0.671878 -0.624870 0.397639 1.026324 0.207000 1 0 1.0
0 -11.405516 4.871871 0.857107 0.671878 -0.624870 0.397639 0.876937 0.154279 1 0 1.0
0 -10.720443 5.608481 0.857107 0.671878 -0.624870 0.397639 1.009527 0.154279 1 0 1.0
bag_strap
0 -10.720443 5.608481 0.857107 0.730243 -0.679151 0.074158 1.009527 0.154279 1 0 1.0
0 -11.405516 4.871871 0.857107 0.730243 -0.679151 0.074158 0.876937 0.154279 1 0 1.0
0 -11.364409 4.838860 0.150000 0.730243 -0.679151 0.074158 0.870995 0.027000 1 0 1.0
bag_strap
0 -10.720443 5.608481 0.857107 0.730246 -0.679148 0.074152 1.009527 0.154279 1 0 1.0
0 -11.364409 4.838860 0.150000 0.730246 -0.679148 0.074152 0.870995 0.027000 1 0 1.0
0 -10.684589 5.569828 0.150000 0.730246 -0.679148 0.074152 1.002569 0.027000 1 0 1.0
bag_strap
0 -10.684589 5.569828 0.150000 0.730245 -0.679148 -0.074158 1.002569 0.027000 1 0 1.0
0 -11.364409 4.838860 0.150000 0.730245 -0.679148 -0.074158 0.870995 0.027000 1 0 1.0
0 -11.405516 4.871871 -0.557107 0.730245 -0.679148 -0.074158 0.876937 -0.100279 1 0 1.0
bag_strap
0 -10.684589 5.569828 0.150000 0.730243 -0.679151 -0.074152 1.002569 0.027000 1 0 1.0
0 -11.405516 4.871871 -0.557107 0.730243 -0.679151 -0.074152 0.876937 -0.100279 1 0 1.0
0 -10.720443 5.608481 -0.557107 0.730243 -0.679151 -0.074152 1.009527 -0.100279 1 0 1.0
bag_strap
0 -10.720443 5.608481 -0.557107 0.671868 -0.624861 -0.397671 1.009527 -0.100279 1 0 1.0
0 -11.405516 4.871871 -0.557107 0.671868 -0.624861 -0.397671 0.876937 -0.100279 1 0 1.0
0 -11.504756 4.951567 -0.850000 0.671868 -0.624861 -0.397671 0.891282 -0.153000 1 0 1.0
bag_strap
0 -10.720443 5.608481 -0.557107 0.671871 -0.624878 -0.397639 1.009527 -0.100279 1 0 1.0
0 -11.504756 4.951567 -0.850000 0.671871 -0.624878 -0.397639 0.891282 -0.153000 1 0 1.0
0 -10.806998 5.701798 -0.850000 0.671871 -0.624878 -0.397639 1.026324 -0.153000 1 0 1.0
bag_strap
0 -10.806998 5.701798 -0.850000 -0.671861 0.624869 -0.397671 1.026324 -0.153000 1 0 1.0
0 -11.504756 4.951567 -0.850000 -0.671861 0.624869 -0.397671 0.891282 -0.153000 1 0 1.0
0 -11.603996 5.031262 -0.557107 -0.671861 0.624869 -0.397671 0.905627 -0.100279 1 0 1.0
bag_strap
0 -10.806998 5.701798 -0.850000 -0.671864 0.624886 -0.397640 1.026324 -0.153000 1 0 1.0
0 -11.603996 5.031262 -0.557107 -0.671864 0.624886 -0.397640 0.905627 -0.100279 1 0 1.0
0 -10.893554 5.795115 -0.557107 -0.671864 0.624886 -0.397640 1.043121 -0.100279 1 0 1.0
bag_strap
0 -10.893554 5.795115 -0.557107 -0.730227 0.679168 -0.074157 1.043121 -0.100279 1 0 1.0
0 -11.603996 5.031262 -0.557107 -0.730227 0.679168 -0.074157 0.905627 -0.100279 1 0 1.0
0 -11.645103 5.064274 0.150000 -0.730227 0.679168 -0.074157 0.911569 0.027000 1 0 1.0
bag_strap
0 -10.893554 5.795115 -0.557107 -0.730225 0.679171 -0.074152 1.043121 -0.100279 1 0 1.0
0 -11.645103 5.064274 0.150000 -0.730225 0.679171 -0.074152 0.911569 0.027000 1 0 1.0
0 -10.929407 5.833768 0.150000 -0.730225 0.679171 -0.074152 1.050078 0.027000 1 0 1.0
bag_strap
0 -11.645103 5.064274 0.150000 -0.820106 0.567384 0.074170 0.911569 0.027000 1 0 1.0
0 -12.252134 4.186860 0.150000 -0.820106 0.567384 0.074170 0.753635 0.027000 1 0 1.0
0 -12.206779 4.159983 0.857107 -0.820106 0.567384 0.074170 0.748797 0.154279 1 0 1.0
bag_strap
0 -11.645103 5.064274 0.150000 -0.820109 0.567381 0.074164 0.911569 0.027000 1 0 1.0
0 -12.206779 4.159983 0.857107 -0.820109 0.567381 0.074164 0.748797 0.154279 1 0 1.0
0 -11.603996 5.031262 0.857107 -0.820109 0.567381 0.074164 0.905627 0.154279 1 0 1.0
bag_strap
0 -11.603996 5.031262 0.857107 -0.754532 0.522012 0.397725 0.905627 0.154279 1 0 1.0
0 -12.206779 4.159983 0.857107 -0.754532 0.522012 0.397725 0.748797 0.154279 1 0 1.0
0 -12.097281 4.095098 1.150000 -0.754532 0.522012 0.397725 0.737118 0.207000 1 0 1.0
bag_strap
0 -11.603996 5.031262 0.857107 -0.754546 0.522012 0.397699 0.905627 0.154279 1 0 1.0
0 -12.097281 4.095098 1.150000 -0.754546 0.522012 0.397699 0.737118 0.207000 1 0 1.0
0 -11.504756 4.951567 1.150000 -0.754546 0.522012 0.397699 0.891282 0.207000 1 0 1.0
bag_strap
0 -11.504756 4.951567 1.150000 0.754537 -0.522005 0.397725 0.891282 0.207000 1 0 1.0
0 -12.097281 4.095098 1.150000 0.754537 -0.522005 0.397725 0.737118 0.207000 1 0 1.0
0 -11.987782 4.030212 0.857107 0.754537 -0.522005 0.397725 0.725438 0.154279 1 0 1.0
bag_strap
0 -11.504756 4.951567 1.150000 0.754551 -0.522005 0.397699 0.891282 0.207000 1 0 1.0
0 -11.987782 4.030212 0.857107 0.754551 -0.522005 0.397699 0.725438 0.154279 1 0 1.0
0 -11.405516 4.871871 0.857107 0.754551 -0.522005 0.397699 0.876937 0.154279 1 0 1.0
bag_strap
0 -11.405516 4.871871 0.857107 0.820119 -0.567365 0.074170 0.876937 0.154279 1 0 1.0
0 -11.987782 4.030212 0.857107 0.820119 -0.567365 0.074170 0.725438 0.154279 1 0 1.0
0 -11.942427 4.003335 0.150000 0.820119 -0.567365 0.074170 0.720600 0.027000 1 0 1.0
bag_strap
0 -11.405516 4.871871 0.857107 0.820122 -0.567362 0.074164 0.876937 0.154279 1 0 1.0
0 -11.942427 4.003335 0.150000 0.820122 -0.567362 0.074164 0.720600 0.027000 1 0 1.0
0 -11.364409 4.838860 0.150000 0.820122 -0.567362 0.074164 0.870995 0.027000 1 0 1.0
bag_strap
0 -11.364409 4.838860 0.150000 0.820122 -0.567362 -0.074170 0.870995 0.027000 1 0 1.0
0 -11.942427 4.003335 0.150000 0.820122 -0.567362 -0.074170 0.720600 0.027000 1 0 1.0
0 -11.987782 4.030212 -0.557107 0.820122 -0.567362 -0.074170 0.725438 -0.100279 1 0 1.0
bag_strap
0 -11.364409 4.838860 0.150000 0.820120 -0.567366 -0.074164 0.870995 0.027000 1 0 1.0
0 -11.987782 4.030212 -0.557107 0.820120 -0.567366 -0.074164 0.725438 -0.100279 1 0 1.0
0 -11.405516 4.871871 -0.557107 0.820120 -0.567366 -0.074164 0.876937 -0.100279 1 0 1.0
bag_strap
0 -11.405516 4.871871 -0.557107 0.754541 -0.521998 -0.397725 0.876937 -0.100279 1 0 1.0
0 -11.987782 4.030212 -0.557107 0.754541 -0.521998 -0.397725 0.725438 -0.100279 1 0 1.0
0 -12.097281 4.095098 -0.850000 0.754541 -0.521998 -0.397725 0.737118 -0.153000 1 0 1.0
bag_strap
0 -11.405516 4.871871 -0.557107 0.754546 -0.522012 -0.397699 0.876937 -0.100279 1 0 1.0
0 -12.097281 4.095098 -0.850000 0.754546 -0.522012 -0.397699 0.737118 -0.153000 1 0 1.0
0 -11.504756 4.951567 -0.850000 0.754546 -0.522012 -0.397699 0.891282 -0.153000 1 0 1.0
bag_strap
0 -11.504756 4.951567 -0.850000 -0.754537 0.522005 -0.397725 0.891282 -0.153000 1 0 1.0
0 -12.097281 4.095098 -0.850000 -0.754537 0.522005 -0.397725 0.737118 -0.153000 1 0 1.0
0 -12.206779 4.159983 -0.557107 -0.754537 0.522005 -0.397725 0.748797 -0.100279 1 0 1.0
bag_strap
0 -11.504756 4.951567 -0.850000 -0.754541 0.522018 -0.397699 0.891282 -0.153000 1 0 1.0
0 -12.206779 4.159983 -0.557107 -0.754541 0.522018 -0.397699 0.748797 -0.100279 1 0 1.0
0 -11.603996 5.031262 -0.557107 -0.754541 0.522018 -0.397699 0.905627 -0.100279 1 0 1.0
bag_strap
0 -11.603996 5.031262 -0.557107 -0.820109 0.567381 -0.074170 0.905627 -0.100279 1 0 1.0
0 -12.206779 4.159983 -0.557107 -0.820109 0.567381 -0.074170 0.748797 -0.100279 1 0 1.0
0 -12.252134 4.186860 0.150000 -0.820109 0.567381 -0.074170 0.753635 0.027000 1 0 1.0
bag_strap
0 -11.603996 5.031262 -0.557107 -0.820107 0.567384 -0.074164 0.905627 -0.100279 1 0 1.0
0 -12.252134 4.186860 0.150000 -0.820107 0.567384 -0.074164 0.753635 0.027000 1 0 1.0
0 -11.645103 5.064274 0.150000 -0.820107 0.567384 -0.074164 0.911569 0.027000 1 0 1.0
bag_strap
0 -12.252134 4.186860 0.150000 -0.891046 0.447811 0.074179 0.753635 0.027000 1 0 1.0
0 -12.737833 3.220425 0.150000 -0.891046 0.447811 0.074179 0.579677 0.027000 1 0 1.0
0 -12.689220 3.200023 0.857107 -0.891046 0.447811 0.074179 0.576004 0.154279 1 0 1.0
bag_strap
0 -12.252134 4.186860 0.150000 -0.891047 0.447809 0.074175 0.753635 0.027000 1 0 1.0
0 -12.689220 3.200023 0.857107 -0.891047 0.447809 0.074175 0.576004 0.154279 1 0 1.0
0 -12.206779 4.159983 0.857107 -0.891047 0.447809 0.074175 0.748797 0.154279 1 0 1.0
bag_strap
0 -12.206779 4.159983 0.857107 -0.819781 0.411993 0.397770 0.748797 0.154279 1 0 1.0
0 -12.689220 3.200023 0.857107 -0.819781 0.411993 0.397770 0.576004 0.154279 1 0 1.0
0 -12.571858 3.150767 1.150000 -0.819781 0.411993 0.397770 0.567138 0.207000 1 0 1.0
bag_strap
0 -12.206779 4.159983 0.857107 -0.819792 0.411991 0.397749 0.748797 0.154279 1 0 1.0
0 -12.571858 3.150767 1.150000 -0.819792 0.411991 0.397749 0.567138 0.207000 1 0 1.0
0 -12.097281 4.095098 1.150000 -0.819792 0.411991 0.397749 0.737118 0.207000 1 0 1.0
bag_strap
0 -12.097281 4.095098 1.150000 0.819784 -0.411986 0.397770 0.737118 0.207000 1 0 1.0
0 -12.571858 3.150767 1.150000 0.819784 -0.411986 0.397770 0.567138 0.207000 1 0 1.0
0 -12.454496 3.101511 0.857107 0.819784 -0.411986 0.397770 0.558272 0.154279 1 0 1.0
bag_strap
0 -12.097281 4.095098 1.150000 0.819796 -0.411984 0.397749 0.737118 0.207000 1 0 1.0
0 -12.454496 3.101511 0.857107 0.819796 -0.411984 0.397749 0.558272 0.154279 1 0 1.0
0 -11.987782 4.030212 0.857107 0.819796 -0.411984 0.397749 0.725438 0.154279 1 0 1.0
bag_strap
0 -11.987782 4.030212 0.857107 0.891054 -0.447795 0.074179 0.725438 0.154279 1 0 1.0
0 -12.454496 3.101511 0.857107 0.891054 -0.447795 0.074179 0.558272 0.154279 1 0 1.0
0 -12.405884 3.081108 0.150000 0.891054 -0.447795 0.074179 0.554600 0.027000 1 0 1.0
bag_strap
0 -11.987782 4.030212 0.857107 0.891056 -0.447792 0.074175 0.725438 0.154279 1 0 1.0
0 -12.405884 3.081108 0.150000 0.891056 -0.447792 0.074175 0.554600 0.027000 1 0 1.0
0 -11.942427 4.003335 0.150000 0.891056 -0.447792 0.074175 0.720600 0.027000 1 0 1.0
bag_strap
0 -11.942427 4.003335 0.150000 0.891055 -0.447792 -0.074179 0.720600 0.027000 1 0 1.0
0 -12.405884 3.081108 0.150000 0.891055 -0.447792 -0.074179 0.554600 0.027000 1 0 1.0
0 -12.454496 3.101511 -0.557107 0.891055 -0.447792 -0.074179 0.558272 -0.100279 1 0 1.0
bag_strap
0 -11.942427 4.003335 0.150000 0.891054 -0.447795 -0.074175 0.720600 0.027000 1 0 1.0
0 -12.454496 3.101511 -0.557107 0.891054 -0.447795 -0.074175 0.558272 -0.100279 1 0 1.0
0 -11.987782 4.030212 -0.557107 0.891054 -0.447795 -0.074175 0.725438 -0.100279 1 0 1.0
bag_strap
0 -11.987782 4.030212 -0.557107 0.819787 -0.411980 -0.397771 0.725438 -0.100279 1 0 1.0
0 -12.454496 3.101511 -0.557107 0.819787 -0.411980 -0.397771 0.558272 -0.100279 1 0 1.0
0 -12.571858 3.150767 -0.850000 0.819787 -0.411980 -0.397771 0.567138 -0.153000 1 0 1.0
bag_strap
0 -11.987782 4.030212 -0.557107 0.819792 -0.411991 -0.397749 0.725438 -0.100279 1 0 1.0
0 -12.571858 3.150767 -0.850000 0.819792 -0.411991 -0.397749 0.567138 -0.153000 1 0 1.0
0 -12.097281 4.095098 -0.850000 0.819792 -0.411991 -0.397749 0.737118 -0.153000 1 0 1.0
bag_strap
0 -12.097281 4.095098 -0.850000 -0.819784 0.411986 -0.397770 0.737118 -0.153000 1 0 1.0
0 -12.571858 3.150767 -0.850000 -0.819784 0.411986 -0.397770 0.567138 -0.153000 1 0 1.0
0 -12.689220 3.200023 -0.557107 -0.819784 0.411986 -0.397770 0.576004 -0.100279 1 0 1.0
bag_strap
0 -12.097281 4.095098 -0.850000 -0.819789 0.411997 -0.397749 0.737118 -0.153000 1 0 1.0
0 -12.689220 3.200023 -0.557107 -0.819789 0.411997 -0.397749 0.576004 -0.100279 1 0 1.0
0 -12.206779 4.159983 -0.557107 -0.819789 0.411997 -0.397749 0.748797 -0.100279 1 0 1.0
bag_strap
0 -12.206779 4.159983 -0.557107 -0.891047 0.447809 -0.074179 0.748797 -0.100279 1 0 1.0
0 -12.689220 3.200023 -0.557107 -0.891047 0.447809 -0.074179 0.576004 -0.100279 1 0 1.0
0 -12.737833 3.220425 0.150000 -0.891047 0.447809 -0.074179 0.579677 0.027000 1 0 1.0
bag_strap
0 -12.206779 4.159983 -0.557107 -0.891046 0.447811 -0.074175 0.748797 -0.100279 1 0 1.0
0 -12.737833 3.220425 0.150000 -0.891046 0.447811 -0.074175 0.579677 0.027000 1 0 1.0
0 -12.252134 4.186860 0.150000 -0.891046 0.447811 -0.074175 0.753635 0.027000 1 0 1.0
bag_strap
0 -12.737833 3.220425 0.150000 -0.943479 0.323023 0.074188 0.579677 0.027000 1 0 1.0
0 -13.092117 2.185638 0.150000 -0.943479 0.323023 0.074188 0.393415 0.027000 1 0 1.0
0 -13.041209 2.171930 0.857107 -0.943479 0.323023 0.074188 0.390947 0.154279 1 0 1.0
bag_strap
0 -12.737833 3.220425 0.150000 -0.943480 0.323020 0.074183 0.579677 0.027000 1 0 1.0
0 -13.041209 2.171930 0.857107 -0.943480 0.323020 0.074183 0.390947 0.154279 1 0 1.0
0 -12.689220 3.200023 0.857107 -0.943480 0.323020 0.074183 0.576004 0.154279 1 0 1.0
bag_strap
0 -12.689220 3.200023 0.857107 -0.868007 0.297180 0.397804 0.576004 0.154279 1 0 1.0
0 -13.041209 2.171930 0.857107 -0.868007 0.297180 0.397804 0.390947 0.154279 1 0 1.0
0 -12.918308 2.138835 1.150000 -0.868007 0.297180 0.397804 0.384990 0.207000 1 0 1.0
bag_strap
0 -12.689220 3.200023 0.857107 -0.868015 0.297178 0.397789 0.576004 0.154279 1 0 1.0
0 -12.918308 2.138835 1.150000 -0.868015 0.297178 0.397789 0.384990 0.207000 1 0 1.0
0 -12.571858 3.150767 1.150000 -0.868015 0.297178 0.397789 0.567138 0.207000 1 0 1.0
bag_strap
0 -12.571858 3.150767 1.150000 0.868008 -0.297176 0.397804 0.567138 0.207000 1 0 1.0
0 -12.918308 2.138835 1.150000 0.868008 -0.297176 0.397804 0.384990 0.207000 1 0 1.0
0 -12.795407 2.105741 0.857107 0.868008 -0.297176 0.397804 0.379033 0.154279 1 0 1.0
bag_strap
0 -12.571858 3.150767 1.150000 0.868016 -0.297173 0.397789 0.567138 0.207000 1 0 1.0
0 -12.795407 2.105741 0.857107 0.868016 -0.297173 0.397789 0.379033 0.154279 1 0 1.0
0 -12.454496 3.101511 0.857107 0.868016 -0.297173 0.397789 0.558272 0.154279 1 0 1.0
bag_strap
0 -12.454496 3.101511 0.857107 0.943483 -0.323010 0.074188 0.558272 0.154279 1 0 1.0
0 -12.795407 2.105741 0.857107 0.943483 -0.323010 0.074188 0.379033 0.154279 1 0 1.0
0 -12.744499 2.092032 0.150000 0.943483 -0.323010 0.074188 0.376566 0.027000 1 0 1.0
bag_strap
0 -12.454496 3.101511 0.857107 0.943485 -0.323007 0.074183 0.558272 0.154279 1 0 1.0
0 -12.744499 2.092032 0.150000 0.943485 -0.323007 0.074183 0.376566 0.027000 1 0 1.0
0 -12.405884 3.081108 0.150000 0.943485 -0.323007 0.074183 0.554600 0.027000 1 0 1.0
bag_strap
0 -12.405884 3.081108 0.150000 0.943484 -0.323007 -0.074188 0.554600 0.027000 1 0 1.0
0 -12.744499 2.092032 0.150000 0.943484 -0.323007 -0.074188 0.376566 0.027000 1 0 1.0
0 -12.795407 2.105741 -0.557107 0.943484 -0.323007 -0.074188 0.379033 -0.100279 1 0 1.0
bag_strap
0 -12.405884 3.081108 0.150000 0.943484 -0.323010 -0.074183 0.554600 0.027000 1 0 1.0
0 -12.795407 2.105741 -0.557107 0.943484 -0.323010 -0.074183 0.379033 -0.100279 1 0 1.0
0 -12.454496 3.101511 -0.557107 0.943484 -0.323010 -0.074183 0.558272 -0.100279 1 0 1.0
bag_strap
0 -12.454496 3.101511 -0.557107 0.868010 -0.297171 -0.397804 0.558272 -0.100279 1 0 1.0
0 -12.795407 2.105741 -0.557107 0.868010 -0.297171 -0.397804 0.379033 -0.100279 1 0 1.0
0 -12.918308 2.138835 -0.850000 0.868010 -0.297171 -0.397804 0.384990 -0.153000 1 0 1.0
bag_strap
0 -12.454496 3.101511 -0.557107 0.868015 -0.297178 -0.397789 0.558272 -0.100279 1 0 1.0
0 -12.918308 2.138835 -0.850000 0.868015 -0.297178 -0.397789 0.384990 -0.153000 1 0 1.0
0 -12.571858 3.150767 -0.850000 0.868015 -0.297178 -0.397789 0.567138 -0.153000 1 0 1.0
bag_strap
0 -12.571858 3.150767 -0.850000 -0.868009 0.297176 -0.397804 0.567138 -0.153000 1 0 1.0
0 -12.918308 2.138835 -0.850000 -0.868009 0.297176 -0.397804 0.384990 -0.153000 1 0 1.0
0 -13.041209 2.171930 -0.557107 -0.868009 0.297176 -0.397804 0.390947 -0.100279 1 0 1.0
bag_strap
0 -12.571858 3.150767 -0.850000 -0.868013 0.297182 -0.397789 0.567138 -0.153000 1 0 1.0
0 -13.041209 2.171930 -0.557107 -0.868013 0.297182 -0.397789 0.390947 -0.100279 1 0 1.0
0 -12.689220 3.200023 -0.557107 -0.868013 0.297182 -0.397789 0.576004 -0.100279 1 0 1.0
bag_strap
0 -12.689220 3.200023 -0.557107 -0.943480 0.323020 -0.074188 0.576004 -0.100279 1 0 1.0
0 -13.041209 2.171930 -0.557107 -0.943480 0.323020 -0.074188 0.390947 -0.100279 1 0 1.0
0 -13.092117 2.185638 0.150000 -0.943480 0.323020 -0.074188 0.393415 0.027000 1 0 1.0
bag_strap
0 -12.689220 3.200023 -0.557107 -0.943479 0.323023 -0.074183 0.576004 -0.100279 1 0 1.0
0 -13.092117 2.185638 0.150000 -0.943479 0.323023 -0.074183 0.393415 0.027000 1 0 1.0
0 -12.737833 3.220425 0.150000 -0.943479 0.323023 -0.074183 0.579677 0.027000 1 0 1.0
bag_strap
0 -13.092117 2.185638 0.150000 -0.977997 0.194980 0.074193 0.393415 0.027000 1 0 1.0
0 -13.307656 1.104518 0.150000 -0.977997 0.194980 0.074193 0.198813 0.027000 1 0 1.0
0 -13.255386 1.097634 0.857107 -0.977997 0.194980 0.074193 0.197574 0.154279 1 0 1.0
bag_strap
0 -13.092117 2.185638 0.150000 -0.977997 0.194979 0.074191 0.393415 0.027000 1 0 1.0
0 -13.255386 1.097634 0.857107 -0.977997 0.194979 0.074191 0.197574 0.154279 1 0 1.0
0 -13.041209 2.171930 0.857107 -0.977997 0.194979 0.074191 0.390947 0.154279 1 0 1.0
bag_strap
0 -13.041209 2.171930 0.857107 -0.899754 0.179380 0.397826 0.390947 0.154279 1 0 1.0
0 -13.255386 1.097634 0.857107 -0.899754 0.179380 0.397826 0.197574 0.154279 1 0 1.0
0 -13.129197 1.081014 1.150000 -0.899754 0.179380 0.397826 0.194583 0.207000 1 0 1.0
bag_strap
0 -13.041209 2.171930 0.857107 -0.899759 0.179377 0.397816 0.390947 0.154279 1 0 1.0
0 -13.129197 1.081014 1.150000 -0.899759 0.179377 0.397816 0.194583 0.207000 1 0 1.0
0 -12.918308 2.138835 1.150000 -0.899759 0.179377 0.397816 0.384990 0.207000 1 0 1.0
bag_strap
0 -12.918308 2.138835 1.150000 0.899755 -0.179377 0.397826 0.384990 0.207000 1 0 1.0
0 -13.129197 1.081014 1.150000 0.899755 -0.179377 0.397826 0.194583 0.207000 1 0 1.0
0 -13.003008 1.064395 0.857107 0.899755 -0.179377 0.397826 0.191591 0.154279 1 0 1.0
bag_strap
0 -12.918308 2.138835 1.150000 0.899760 -0.179374 0.397816 0.384990 0.207000 1 0 1.0
0 -13.003008 1.064395 0.857107 0.899760 -0.179374 0.397816 0.191591 0.154279 1 0 1.0
0 -12.795407 2.105741 0.857107 0.899760 -0.179374 0.397816 0.379033 0.154279 1 0 1.0
bag_strap
0 -12.795407 2.105741 0.857107 0.977999 -0.194972 0.074193 0.379033 0.154279 1 0 1.0
0 -13.003008 1.064395 0.857107 0.977999 -0.194972 0.074193 0.191591 0.154279 1 0 1.0
0 -12.950738 1.057511 0.150000 0.977999 -0.194972 0.074193 0.190352 0.027000 1 0 1.0
bag_strap
0 -12.795407 2.105741 0.857107 0.977999 -0.194971 0.074191 0.379033 0.154279 1 0 1.0
0 -12.950738 1.057511 0.150000 0.977999 -0.194971 0.074191 0.190352 0.027000 1 0 1.0
0 -12.744499 2.092032 0.150000 0.977999 -0.194971 0.074191 0.376566 0.027000 1 0 1.0
bag_strap
0 -12.744499 2.092032 0.150000 0.977999 -0.194971 -0.074193 0.376566 0.027000 1 0 1.0
0 -12.950738 1.057511 0.150000 0.977999 -0.194971 -0.074193 0.190352 0.027000 1 0 1.0
0 -13.003008 1.064395 -0.557107 0.977999 -0.194971 -0.074193 0.191591 -0.100279 1 0 1.0
bag_strap
0 -12.744499 2.092032 0.150000 0.977999 -0.194972 -0.074191 0.376566 0.027000 1 0 1.0
0 -13.003008 1.064395 -0.557107 0.977999 -0.194972 -0.074191 0.191591 -0.100279 1 0 1.0
0 -12.795407 2.105741 -0.557107 0.977999 -0.194972 -0.074191 0.379033 -0.100279 1 0 1.0
bag_strap
0 -12.795407 2.105741 -0.557107 0.899755 -0.179373 -0.397826 0.379033 -0.100279 1 0 1.0
0 -13.003008 1.064395 -0.557107 0.899755 -0.179373 -0.397826 0.191591 -0.100279 1 0 1.0
0 -13.129197 1.081014 -0.850000 0.899755 -0.179373 -0.397826 0.194583 -0.153000 1 0 1.0
bag_strap
0 -12.795407 2.105741 -0.557107 0.899759 -0.179377 -0.397816 0.379033 -0.100279 1 0 1.0
0 -13.129197 1.081014 -0.850000 0.899759 -0.179377 -0.397816 0.194583 -0.153000 1 0 1.0
0 -12.918308 2.138835 -0.850000 0.899759 -0.179377 -0.397816 0.384990 -0.153000 1 0 1.0
bag_strap
0 -12.918308 2.138835 -0.850000 -0.899755 0.179377 -0.397826 0.384990 -0.153000 1 0 1.0
0 -13.129197 1.081014 -0.850000 -0.899755 0.179377 -0.397826 0.194583 -0.153000 1 0 1.0
0 -13.255386 1.097634 -0.557107 -0.899755 0.179377 -0.397826 0.197574 -0.100279 1 0 1.0
bag_strap
0 -12.918308 2.138835 -0.850000 -0.899758 0.179380 -0.397816 0.384990 -0.153000 1 0 1.0
0 -13.255386 1.097634 -0.557107 -0.899758 0.179380 -0.397816 0.197574 -0.100279 1 0 1.0
0 -13.041209 2.171930 -0.557107 -0.899758 0.179380 -0.397816 0.390947 -0.100279 1 0 1.0
bag_strap
0 -13.041209 2.171930 -0.557107 -0.977997 0.194979 -0.074193 0.390947 -0.100279 1 0 1.0
0 -13.255386 1.097634 -0.557107 -0.977997 0.194979 -0.074193 0.197574 -0.100279 1 0 1.0
0 -13.307656 1.104518 0.150000 -0.977997 0.194979 -0.074193 0.198813 0.027000 1 0 1.0
bag_strap
0 -13.041209 2.171930 -0.557107 -0.977997 0.194980 -0.074191 0.390947 -0.100279 1 0 1.0
0 -13.307656 1.104518 0.150000 -0.977997 0.194980 -0.074191 0.198813 0.027000 1 0 1.0
0 -13.092117 2.185638 0.150000 -0.977997 0.194980 -0.074191 0.393415 0.027000 1 0 1.0
bag_strap
0 -13.307656 1.104518 0.150000 -0.995112 0.065178 0.074194 0.198813 0.027000 1 0 1.0
0 -13.380000 0.000000 0.150000 -0.995112 0.065178 0.074194 0.000000 0.027000 1 0 1.0
0 -13.327279 0.000000 0.857107 -0.995112 0.065178 0.074194 0.000000 0.154279 1 0 1.0
bag_strap
0 -13.307656 1.104518 0.150000 -0.995112 0.065178 0.074194 0.198813 0.027000 1 0 1.0
0 -13.327279 0.000000 0.857107 -0.995112 0.065178 0.074194 0.000000 0.154279 1 0 1.0
0 -13.255386 1.097634 0.857107 -0.995112 0.065178 0.074194 0.197574 0.154279 1 0 1.0
bag_strap
0 -13.255386 1.097634 0.857107 -0.915495 0.059963 0.397836 0.197574 0.154279 1 0 1.0
0 -13.327279 0.000000 0.857107 -0.915495 0.059963 0.397836 0.000000 0.154279 1 0 1.0
0 -13.200000 0.000000 1.150000 -0.915495 0.059963 0.397836 0.000000 0.207000 1 0 1.0
bag_strap
0 -13.255386 1.097634 0.857107 -0.915497 0.059962 0.397832 0.197574 0.154279 1 0 1.0
0 -13.200000 0.000000 1.150000 -0.915497 0.059962 0.397832 0.000000 0.207000 1 0 1.0
0 -13.129197 1.081014 1.150000 -0.915497 0.059962 0.397832 0.194583 0.207000 1 0 1.0
bag_strap
0 -13.129197 1.081014 1.150000 0.915495 -0.059962 0.397836 0.194583 0.207000 1 0 1.0
0 -13.200000 0.000000 1.150000 0.915495 -0.059962 0.397836 0.000000 0.207000 1 0 1.0
0 -13.072721 0.000000 0.857107 0.915495 -0.059962 0.397836 0.000000 0.154279 1 0 1.0
bag_strap
0 -13.129197 1.081014 1.150000 0.915497 -0.059961 0.397832 0.194583 0.207000 1 0 1.0
0 -13.072721 0.000000 0.857107 0.915497 -0.059961 0.397832 0.000000 0.154279 1 0 1.0
0 -13.003008 1.064395 0.857107 0.915497 -0.059961 0.397832 0.191591 0.154279 1 0 1.0
bag_strap
0 -13.003008 1.064395 0.857107 0.995112 -0.065175 0.074194 0.191591 0.154279 1 0 1.0
0 -13.072721 0.000000 0.857107 0.995112 -0.065175 0.074194 0.000000 0.154279 1 0 1.0
0 -13.020000 0.000000 0.150000 0.995112 -0.065175 0.074194 0.000000 0.027000 1 0 1.0
bag_strap
0 -13.003008 1.064395 0.857107 0.995112 -0.065175 0.074194 0.191591 0.154279 1 0 1.0
0 -13.020000 0.000000 0.150000 0.995112 -0.065175 0.074194 0.000000 0.027000 1 0 1.0
0 -12.950738 1.057511 0.150000 0.995112 -0.065175 0.074194 0.190352 0.027000 1 0 1.0
bag_strap
0 -12.950738 1.057511 0.150000 0.995112 -0.065175 -0.074194 0.190352 0.027000 1 0 1.0
0 -13.020000 0.000000 0.150000 0.995112 -0.065175 -0.074194 0.000000 0.027000 1 0 1.0
0 -13.072721 0.000000 -0.557107 0.995112 -0.065175 -0.074194 0.000000 -0.100279 1 0 1.0
bag_strap
0 -12.950738 1.057511 0.150000 0.995112 -0.065175 -0.074194 0.190352 0.027000 1 0 1.0
0 -13.072721 0.000000 -0.557107 0.995112 -0.065175 -0.074194 0.000000 -0.100279 1 0 1.0
0 -13.003008 1.064395 -0.557107 0.995112 -0.065175 -0.074194 0.191591 -0.100279 1 0 1.0
bag_strap
0 -13.003008 1.064395 -0.557107 0.915495 -0.059960 -0.397836 0.191591 -0.100279 1 0 1.0
0 -13.072721 0.000000 -0.557107 0.915495 -0.059960 -0.397836 0.000000 -0.100279 1 0 1.0
0 -13.200000 0.000000 -0.850000 0.915495 -0.059960 -0.397836 0.000000 -0.153000 1 0 1.0
bag_strap
0 -13.003008 1.064395 -0.557107 0.915497 -0.059962 -0.397832 0.191591 -0.100279 1 0 1.0
0 -13.200000 0.000000 -0.850000 0.915497 -0.059962 -0.397832 0.000000 -0.153000 1 0 1.0
0 -13.129197 1.081014 -0.850000 0.915497 -0.059962 -0.397832 0.194583 -0.153000 1 0 1.0
bag_strap
0 -13.129197 1.081014 -0.850000 -0.915495 0.059962 -0.397836 0.194583 -0.153000 1 0 1.0
0 -13.200000 0.000000 -0.850000 -0.915495 0.059962 -0.397836 0.000000 -0.153000 1 0 1.0
0 -13.327279 0.000000 -0.557107 -0.915495 0.059962 -0.397836 0.000000 -0.100279 1 0 1.0
bag_strap
0 -13.129197 1.081014 -0.850000 -0.915497 0.059963 -0.397832 0.194583 -0.153000 1 0 1.0
0 -13.327279 0.000000 -0.557107 -0.915497 0.059963 -0.397832 0.000000 -0.100279 1 0 1.0
0 -13.255386 1.097634 -0.557107 -0.915497 0.059963 -0.397832 0.197574 -0.100279 1 0 1.0
bag_strap
0 -13.255386 1.097634 -0.557107 -0.995112 0.065178 -0.074194 0.197574 -0.100279 1 0 1.0
0 -13.327279 0.000000 -0.557107 -0.995112 0.065178 -0.074194 0.000000 -0.100279 1 0 1.0
0 -13.380000 0.000000 0.150000 -0.995112 0.065178 -0.074194 0.000000 0.027000 1 0 1.0
bag_strap
0 -13.255386 1.097634 -0.557107 -0.995112 0.065178 -0.074194 0.197574 -0.100279 1 0 1.0
0 -13.380000 0.000000 0.150000 -0.995112 0.065178 -0.074194 0.000000 0.027000 1 0 1.0
0 -13.307656 1.104518 0.150000 -0.995112 0.065178 -0.074194 0.198813 0.027000 1 0 1.0
bag_strap
0 -13.380000 0.000000 0.150000 -0.995112 -0.065178 0.074194 0.000000 0.027000 1 0 1.0
0 -13.307656 -1.104518 0.150000 -0.995112 -0.065178 0.074194 -0.198813 0.027000 1 0 1.0
0 -13.255386 -1.097634 0.857107 -0.995112 -0.065178 0.074194 -0.197574 0.154279 1 0 1.0
bag_strap
0 -13.380000 0.000000 0.150000 -0.995112 -0.065178 0.074194 0.000000 0.027000 1 0 1.0
0 -13.255386 -1.097634 0.857107 -0.995112 -0.065178 0.074194 -0.197574 0.154279 1 0 1.0
0 -13.327279 0.000000 0.857107 -0.995112 -0.065178 0.074194 0.000000 0.154279 1 0 1.0
bag_strap
0 -13.327279 0.000000 0.857107 -0.915497 -0.059963 0.397832 0.000000 0.154279 1 0 1.0
0 -13.255386 -1.097634 0.857107 -0.915497 -0.059963 0.397832 -0.197574 0.154279 1 0 1.0
0 -13.129197 -1.081014 1.150000 -0.915497 -0.059963 0.397832 -0.194583 0.207000 1 0 1.0
bag_strap
0 -13.327279 0.000000 0.857107 -0.915495 -0.059962 0.397836 0.000000 0.154279 1 0 1.0
0 -13.129197 -1.081014 1.150000 -0.915495 -0.059962 0.397836 -0.194583 0.207000 1 0 1.0
0 -13.200000 0.000000 1.150000 -0.915495 -0.059962 0.397836 0.000000 0.207000 1 0 1.0
bag_strap
0 -13.200000 0.000000 1.150000 0.915497 0.059962 0.397832 0.000000 0.207000 1 0 1.0
0 -13.129197 -1.081014 1.150000 0.915497 0.059962 0.397832 -0.194583 0.207000 1 0 1.0
0 -13.003008 -1.064395 0.857107 0.915497 0.059962 0.397832 -0.191591 0.154279 1 0 1.0
bag_strap
0 -13.200000 0.000000 1.150000 0.915495 0.059960 0.397836 0.000000 0.207000 1 0 1.0
0 -13.003008 -1.064395 0.857107 0.915495 0.059960 0.397836 -0.191591 0.154279 1 0 1.0
0 -13.072721 0.000000 0.857107 0.915495 0.059960 0.397836 0.000000 0.154279 1 0 1.0
bag_strap
0 -13.072721 0.000000 0.857107 0.995112 0.065175 0.074194 0.000000 0.154279 1 0 1.0
0 -13.003008 -1.064395 0.857107 0.995112 0.065175 0.074194 -0.191591 0.154279 1 0 1.0
0 -12.950738 -1.057511 0.150000 0.995112 0.065175 0.074194 -0.190352 0.027000 1 0 1.0
bag_strap
0 -13.072721 0.000000 0.857107 0.995112 0.065175 0.074194 0.000000 0.154279 1 0 1.0
0 -12.950738 -1.057511 0.150000 0.995112 0.065175 0.074194 -0.190352 0.027000 1 0 1.0
0 -13.020000 0.000000 0.150000 0.995112 0.065175 0.074194 0.000000 0.027000 1 0 1.0
bag_strap
0 -13.020000 0.000000 0.150000 0.995112 0.065175 -0.074194 0.000000 0.027000 1 0 1.0
0 -12.950738 -1.057511 0.150000 0.995112 0.065175 -0.074194 -0.190352 0.027000 1 0 1.0
0 -13.003008 -1.064395 -0.557107 0.995112 0.065175 -0.074194 -0.191591 -0.100279 1 0 1.0
bag_strap
0 -13.020000 0.000000 0.150000 0.995112 0.065175 -0.074194 0.000000 0.027000 1 0 1.0
0 -13.003008 -1.064395 -0.557107 0.995112 0.065175 -0.074194 -0.191591 -0.100279 1 0 1.0
0 -13.072721 0.000000 -0.557107 0.995112 0.065175 -0.074194 0.000000 -0.100279 1 0 1.0
bag_strap
0 -13.072721 0.000000 -0.557107 0.915497 0.059961 -0.397832 0.000000 -0.100279 1 0 1.0
0 -13.003008 -1.064395 -0.557107 0.915497 0.059961 -0.397832 -0.191591 -0.100279 1 0 1.0
0 -13.129197 -1.081014 -0.850000 0.915497 0.059961 -0.397832 -0.194583 -0.153000 1 0 1.0
bag_strap
0 -13.072721 0.000000 -0.557107 0.915495 0.059962 -0.397836 0.000000 -0.100279 1 0 1.0
0 -13.129197 -1.081014 -0.850000 0.915495 0.059962 -0.397836 -0.194583 -0.153000 1 0 1.0
0 -13.200000 0.000000 -0.850000 0.915495 0.059962 -0.397836 0.000000 -0.153000 1 0 1.0
bag_strap
0 -13.200000 0.000000 -0.850000 -0.915497 -0.059962 -0.397832 0.000000 -0.153000 1 0 1.0
0 -13.129197 -1.081014 -0.850000 -0.915497 -0.059962 -0.397832 -0.194583 -0.153000 1 0 1.0
0 -13.255386 -1.097634 -0.557107 -0.915497 -0.059962 -0.397832 -0.197574 -0.100279 1 0 1.0
bag_strap
0 -13.200000 0.000000 -0.850000 -0.915495 -0.059963 -0.397836 0.000000 -0.153000 1 0 1.0
0 -13.255386 -1.097634 -0.557107 -0.915495 -0.059963 -0.397836 -0.197574 -0.100279 1 0 1.0
0 -13.327279 0.000000 -0.557107 -0.915495 -0.059963 -0.397836 0.000000 -0.100279 1 0 1.0
bag_strap
0 -13.327279 0.000000 -0.557107 -0.995112 -0.065178 -0.074194 0.000000 -0.100279 1 0 1.0
0 -13.255386 -1.097634 -0.557107 -0.995112 -0.065178 -0.074194 -0.197574 -0.100279 1 0 1.0
0 -13.307656 -1.104518 0.150000 -0.995112 -0.065178 -0.074194 -0.198813 0.027000 1 0 1.0
bag_strap
0 -13.327279 0.000000 -0.557107 -0.995112 -0.065178 -0.074194 0.000000 -0.100279 1 0 1.0
0 -13.307656 -1.104518 0.150000 -0.995112 -0.065178 -0.074194 -0.198813 0.027000 1 0 1.0
0 -13.380000 0.000000 0.150000 -0.995112 -0.065178 -0.074194 0.000000 0.027000 1 0 1.0
bag_strap
0 -13.307656 -1.104518 0.150000 -0.977997 -0.194980 0.074191 -0.198813 0.027000 1 0 1.0
0 -13.092117 -2.185638 0.150000 -0.977997 -0.194980 0.074191 -0.393415 0.027000 1 0 1.0
0 -13.041209 -2.171930 0.857107 -0.977997 -0.194980 0.074191 -0.390947 0.154279 1 0 1.0
bag_strap
0 -13.307656 -1.104518 0.150000 -0.977997 -0.194979 0.074193 -0.198813 0.027000 1 0 1.0
0 -13.041209 -2.171930 0.857107 -0.977997 -0.194979 0.074193 -0.390947 0.154279 1 0 1.0
0 -13.255386 -1.097634 0.857107 -0.977997 -0.194979 0.074193 -0.197574 0.154279 1 0 1.0
bag_strap
0 -13.255386 -1.097634 0.857107 -0.899758 -0.179380 0.397816 -0.197574 0.154279 1 0 1.0
0 -13.041209 -2.171930 0.857107 -0.899758 -0.179380 0.397816 -0.390947 0.154279 1 0 1.0
0 -12.918308 -2.138835 1.150000 -0.899758 -0.179380 0.397816 -0.384990 0.207000 1 0 1.0
bag_strap
0 -13.255386 -1.097634 0.857107 -0.899755 -0.179377 0.397826 -0.197574 0.154279 1 0 1.0
0 -12.918308 -2.138835 1.150000 -0.899755 -0.179377 0.397826 -0.384990 0.207000 1 0 1.0
0 -13.129197 -1.081014 1.150000 -0.899755 -0.179377 0.397826 -0.194583 0.207000 1 0 1.0
bag_strap
0 -13.129197 -1.081014 1.150000 0.899759 0.179377 0.397816 -0.194583 0.207000 1 0 1.0
0 -12.918308 -2.138835 1.150000 0.899759 0.179377 0.397816 -0.384990 0.207000 1 0 1.0
0 -12.795407 -2.105741 0.857107 0.899759 0.179377 0.397816 -0.379033 0.154279 1 0 1.0
bag_strap
0 -13.129197 -1.081014 1.150000 0.899755 0.179373 0.397826 -0.194583 0.207000 1 0 1.0
0 -12.795407 -2.105741 0.857107 0.899755 0.179373 0.397826 -0.379033 0.154279 1 0 1.0
0 -13.003008 -1.064395 0.857107 0.899755 0.179373 0.397826 -0.191591 0.154279 1 0 1.0
bag_strap
0 -13.003008 -1.064395 0.857107 0.977999 0.194972 0.074191 -0.191591 0.154279 1 0 1.0
0 -12.795407 -2.105741 0.857107 0.977999 0.194972 0.074191 -0.379033 0.154279 1 0 1.0
0 -12.744499 -2.092032 0.150000 0.977999 0.194972 0.074191 -0.376566 0.027000 1 0 1.0
bag_strap
0 -13.003008 -1.064395 0.857107 0.977999 0.194971 0.074193 -0.191591 0.154279 1 0 1.0
0 -12.744499 -2.092032 0.150000 0.977999 0.194971 0.074193 -0.376566 0.027000 1 0 1.0
0 -12.950738 -1.057511 0.150000 0.977999 0.194971 0.074193 -0.190352 0.027000 1 0 1.0
bag_strap
0 -12.950738 -1.057511 0.150000 0.977999 0.194971 -0.074191 -0.190352 0.027000 1 0 1.0
0 -12.744499 -2.092032 0.150000 0.977999 0.194971 -0.074191 -0.376566 0.027000 1 0 1.0
0 -12.795407 -2.105741 -0.557107 0.977999 0.194971 -0.074191 -0.379033 -0.100279 1 0 1.0
bag_strap
0 -12.950738 -1.057511 0.150000 0.977999 0.194972 -0.074193 -0.190352 0.027000 1 0 1.0
0 -12.795407 -2.105741 -0.557107 0.977999 0.194972 -0.074193 -0.379033 -0.100279 1 0 1.0
0 -13.003008 -1.064395 -0.557107 0.977999 0.194972 -0.074193 -0.191591 -0.100279 1 0 1.0
bag_strap
0 -13.003008 -1.064395 -0.557107 0.899760 0.179374 -0.397816 -0.191591 -0.100279 1 0 1.0
0 -12.795407 -2.105741 -0.557107 0.899760 0.179374 -0.397816 -0.379033 -0.100279 1 0 1.0
0 -12.918308 -2.138835 -0.850000 0.899760 0.179374 -0.397816 -0.384990 -0.153000 1 0 1.0
bag_strap
0 -13.003008 -1.064395 -0.557107 0.899755 0.179377 -0.397826 -0.191591 -0.100279 1 0 1.0
0 -12.918308 -2.138835 -0.850000 0.899755 0.179377 -0.397826 -0.384990 -0.153000 1 0 1.0
0 -13.129197 -1.081014 -0.850000 0.899755 0.179377 -0.397826 -0.194583 -0.153000 1 0 1.0
bag_strap
0 -13.129197 -1.081014 -0.850000 -0.899759 -0.179377 -0.397816 -0.194583 -0.153000 1 0 1.0
0 -12.918308 -2.138835 -0.850000 -0.899759 -0.179377 -0.397816 -0.384990 -0.153000 1 0 1.0
0 -13.041209 -2.171930 -0.557107 -0.899759 -0.179377 -0.397816 -0.390947 -0.100279 1 0 1.0
bag_strap
0 -13.129197 -1.081014 -0.850000 -0.899754 -0.179380 -0.397826 -0.194583 -0.153000 1 0 1.0
0 -13.041209 -2.171930 -0.557107 -0.899754 -0.179380 -0.397826 -0.390947 -0.100279 1 0 1.0
0 -13.255386 -1.097634 -0.557107 -0.899754 -0.179380 -0.397826 -0.197574 -0.100279 1 0 1.0
bag_strap
0 -13.255386 -1.097634 -0.557107 -0.977997 -0.194979 -0.074191 -0.197574 -0.100279 1 0 1.0
0 -13.041209 -2.171930 -0.557107 -0.977997 -0.194979 -0.074191 -0.390947 -0.100279 1 0 1.0
0 -13.092117 -2.185638 0.150000 -0.977997 -0.194979 -0.074191 -0.393415 0.027000 1 0 1.0
bag_strap
0 -13.255386 -1.097634 -0.557107 -0.977997 -0.194980 -0.074193 -0.197574 -0.100279 1 0 1.0
0 -13.092117 -2.185638 0.150000 -0.977997 -0.194980 -0.074193 -0.393415 0.027000 1 0 1.0
0 -13.307656 -1.104518 0.150000 -0.977997 -0.194980 -0.074193 -0.198813 0.027000 1 0 1.0
bag_strap
0 -13.092117 -2.185638 0.150000 -0.943479 -0.323023 0.074183 -0.393415 0.027000 1 0 1.0
0 -12.737833 -3.220425 0.150000 -0.943479 -0.323023 0.074183 -0.579677 0.027000 1 0 1.0
0 -12.689220 -3.200023 0.857107 -0.943479 -0.323023 0.074183 -0.576004 0.154279 1 0 1.0
bag_strap
0 -13.092117 -2.185638 0.150000 -0.943480 -0.323020 0.074188 -0.393415 0.027000 1 0 1.0
0 -12.689220 -3.200023 0.857107 -0.943480 -0.323020 0.074188 -0.576004 0.154279 1 0 1.0
0 -13.041209 -2.171930 0.857107 -0.943480 -0.323020 0.074188 -0.390947 0.154279 1 0 1.0
bag_strap
0 -13.041209 -2.171930 0.857107 -0.868013 -0.297182 0.397789 -0.390947 0.154279 1 0 1.0
0 -12.689220 -3.200023 0.857107 -0.868013 -0.297182 0.397789 -0.576004 0.154279 1 0 1.0
0 -12.571858 -3.150767 1.150000 -0.868013 -0.297182 0.397789 -0.567138 0.207000 1 0 1.0
bag_strap
0 -13.041209 -2.171930 0.857107 -0.868008 -0.297176 0.397804 -0.390947 0.154279 1 0 1.0
0 -12.571858 -3.150767 1.150000 -0.868008 -0.297176 0.397804 -0.567138 0.207000 1 0 1.0
0 -12.918308 -2.138835 1.150000 -0.868008 -0.297176 0.397804 -0.384990 0.207000 1 0 1.0
bag_strap
0 -12.918308 -2.138835 1.150000 0.868015 0.297178 0.397789 -0.384990 0.207000 1 0 1.0
0 -12.571858 -3.150767 1.150000 0.868015 0.297178 0.397789 -0.567138 0.207000 1 0 1.0
0 -12.454496 -3.101511 0.857107 0.868015 0.297178 0.397789 -0.558272 0.154279 1 0 1.0
bag_strap
0 -12.918308 -2.138835 1.150000 0.868010 0.297171 0.397804 -0.384990 0.207000 1 0 1.0
0 -12.454496 -3.101511 0.857107 0.868010 0.297171 0.397804 -0.558272 0.154279 1 0 1.0
0 -12.795407 -2.105741 0.857107 0.868010 0.297171 0.397804 -0.379033 0.154279 1 0 1.0
bag_strap
0 -12.795407 -2.105741 0.857107 0.943484 0.323010 0.074183 -0.379033 0.154279 1 0 1.0
0 -12.454496 -3.101511 0.857107 0.943484 0.323010 0.074183 -0.558272 0.154279 1 0 1.0
0 -12.405884 -3.081108 0.150000 0.943484 0.323010 0.074183 -0.554600 0.027000 1 0 1.0
bag_strap
0 -12.795407 -2.105741 0.857107 0.943484 0.323007 0.074188 -0.379033 0.154279 1 0 1.0
0 -12.405884 -3.081108 0.150000 0.943484 0.323007 0.074188 -0.554600 0.027000 1 0 1.0
0 -12.744499 -2.092032 0.150000 0.943484 0.323007 0.074188 -0.376566 0.027000 1 0 1.0
bag_strap
0 -12.744499 -2.092032 0.150000 0.943485 0.323007 -0.074183 -0.376566 0.027000 1 0 1.0
0 -12.405884 -3.081108 0.150000 0.943485 0.323007 -0.074183 -0.554600 0.027000 1 0 1.0
0 -12.454496 -3.101511 -0.557107 0.943485 0.323007 -0.074183 -0.558272 -0.100279 1 0 1.0
bag_strap
0 -12.744499 -2.092032 0.150000 0.943483 0.323010 -0.074188 -0.376566 0.027000 1 0 1.0
0 -12.454496 -3.101511 -0.557107 0.943483 0.323010 -0.074188 -0.558272 -0.100279 1 0 1.0
0 -12.795407 -2.105741 -0.557107 0.943483 0.323010 -0.074188 -0.379033 -0.100279 1 0 1.0
bag_strap
0 -12.795407 -2.105741 -0.557107 0.868016 0.297173 -0.397789 -0.379033 -0.100279 1 0 1.0
0 -12.454496 -3.101511 -0.557107 0.868016 0.297173 -0.397789 -0.558272 -0.100279 1 0 1.0
0 -12.571858 -3.150767 -0.850000 0.868016 0.297173 -0.397789 -0.567138 -0.153000 1 0 1.0
bag_strap
0 -12.795407 -2.105741 -0.557107 0.868009 0.297176 -0.397804 -0.379033 -0.100279 1 0 1.0
0 -12.571858 -3.150767 -0.850000 0.868009 0.297176 -0.397804 -0.567138 -0.153000 1 0 1.0
0 -12.918308 -2.138835 -0.850000 0.868009 0.297176 -0.397804 -0.384990 -0.153000 1 0 1.0
bag_strap
0 -12.918308 -2.138835 -0.850000 -0.868015 -0.297178 -0.397789 -0.384990 -0.153000 1 0 1.0
0 -12.571858 -3.150767 -0.850000 -0.868015 -0.297178 -0.397789 -0.567138 -0.153000 1 0 1.0
0 -12.689220 -3.200023 -0.557107 -0.868015 -0.297178 -0.397789 -0.576004 -0.100279 1 0 1.0
bag_strap
0 -12.918308 -2.138835 -0.850000 -0.868007 -0.297180 -0.397803 -0.384990 -0.153000 1 0 1.0
0 -12.689220 -3.200023 -0.557107 -0.868007 -0.297180 -0.397803 -0.576004 -0.100279 1 0 1.0
0 -13.041209 -2.171930 -0.557107 -0.868007 -0.297180 -0.397803 -0.390947 -0.100279 1 0 1.0
bag_strap
0 -13.041209 -2.171930 -0.557107 -0.943480 -0.323020 -0.074183 -0.390947 -0.100279 1 0 1.0
0 -12.689220 -3.200023 -0.557107 -0.943480 -0.323020 -0.074183 -0.576004 -0.100279 1 0 1.0
0 -12.737833 -3.220425 0.150000 -0.943480 -0.323020 -0.074183 -0.579677 0.027000 1 0 1.0
bag_strap
0 -13.041209 -2.171930 -0.557107 -0.943479 -0.323023 -0.074188 -0.390947 -0.100279 1 0 1.0
0 -12.737833 -3.220425 0.150000 -0.943479 -0.323023 -0.074188 -0.579677 0.027000 1 0 1.0
0 -13.092117 -2.185638 0.150000 -0.943479 -0.323023 -0.074188 -0.393415 0.027000 1 0 1.0
bag_strap
0 -12.737833 -3.220425 0.150000 -0.891046 -0.447811 0.074175 -0.579677 0.027000 1 0 1.0
0 -12.252134 -4.186860 0.150000 -0.891046 -0.447811 0.074175 -0.753635 0.027000 1 0 1.0
0 -12.206779 -4.159983 0.857107 -0.891046 -0.447811 0.074175 -0.748797 0.154279 1 0 1.0
bag_strap
0 -12.737833 -3.220425 0.150000 -0.891047 -0.447809 0.074179 -0.579677 0.027000 1 0 1.0
0 -12.206779 -4.159983 0.857107 -0.891047 -0.447809 0.074179 -0.748797 0.154279 1 0 1.0
0 -12.689220 -3.200023 0.857107 -0.891047 -0.447809 0.074179 -0.576004 0.154279 1 0 1.0
bag_strap
0 -12.689220 -3.200023 0.857107 -0.819789 -0.411997 0.397749 -0.576004 0.154279 1 0 1.0
0 -12.206779 -4.159983 0.857107 -0.819789 -0.411997 0.397749 -0.748797 0.154279 1 0 1.0
0 -12.097281 -4.095098 1.150000 -0.819789 -0.411997 0.397749 -0.737118 0.207000 1 0 1.0
bag_strap
0 -12.689220 -3.200023 0.857107 -0.819784 -0.411986 0.397770 -0.576004 0.154279 1 0 1.0
0 -12.097281 -4.095098 1.150000 -0.819784 -0.411986 0.397770 -0.737118 0.207000 1 0 1.0
0 -12.571858 -3.150767 1.150000 -0.819784 -0.411986 0.397770 -0.567138 0.207000 1 0 1.0
bag_strap
0 -12.571858 -3.150767 1.150000 0.819792 0.411991 0.397749 -0.567138 0.207000 1 0 1.0
0 -12.097281 -4.095098 1.150000 0.819792 0.411991 0.397749 -0.737118 0.207000 1 0 1.0
0 -11.987782 -4.030212 0.857107 0.819792 0.411991 0.397749 -0.725438 0.154279 1 0 1.0
bag_strap
0 -12.571858 -3.150767 1.150000 0.819787 0.411980 0.397771 -0.567138 0.207000 1 0 1.0
0 -11.987782 -4.030212 0.857107 0.819787 0.411980 0.397771 -0.725438 0.154279 1 0 1.0
0 -12.454496 -3.101511 0.857107 0.819787 0.411980 0.397771 -0.558272 0.154279 1 0 1.0
bag_strap
0 -12.454496 -3.101511 0.857107 0.891054 0.447795 0.074175 -0.558272 0.154279 1 0 1.0
0 -11.987782 -4.030212 0.857107 0.891054 0.447795 0.074175 -0.725438 0.154279 1 0 1.0
0 -11.942427 -4.003335 0.150000 0.891054 0.447795 0.074175 -0.720600 0.027000 1 0 1.0
bag_strap
0 -12.454496 -3.101511 0.857107 0.891055 0.447792 0.074179 -0.558272 0.154279 1 0 1.0
0 -11.942427 -4.003335 0.150000 0.891055 0.447792 0.074179 -0.720600 0.027000 1 0 1.0
0 -12.405884 -3.081108 0.150000 0.891055 0.447792 0.074179 -0.554600 0.027000 1 0 1.0
bag_strap
0 -12.405884 -3.081108 0.150000 0.891056 0.447792 -0.074175 -0.554600 0.027000 1 0 1.0
0 -11.942427 -4.003335 0.150000 0.891056 0.447792 -0.074175 -0.720600 0.027000 1 0 1.0
0 -11.987782 -4.030212 -0.557107 0.891056 0.447792 -0.074175 -0.725438 -0.100279 1 0 1.0
bag_strap
0 -12.405884 -3.081108 0.150000 0.891054 0.447795 -0.074179 -0.554600 0.027000 1 0 1.0
0 -11.987782 -4.030212 -0.557107 0.891054 0.447795 -0.074179 -0.725438 -0.100279 1 0 1.0
0 -12.454496 -3.101511 -0.557107 0.891054 0.447795 -0.074179 -0.558272 -0.100279 1 0 1.0
bag_strap
0 -12.454496 -3.101511 -0.557107 0.819796 0.411984 -0.397749 -0.558272 -0.100279 1 0 1.0
0 -11.987782 -4.030212 -0.557107 0.819796 0.411984 -0.397749 -0.725438 -0.100279 1 0 1.0
0 -12.097281 -4.095098 -0.850000 0.819796 0.411984 -0.397749 -0.737118 -0.153000 1 0 1.0
bag_strap
0 -12.454496 -3.101511 -0.557107 0.819784 0.411986 -0.397770 -0.558272 -0.100279 1 0 1.0
0 -12.097281 -4.095098 -0.850000 0.819784 0.411986 -0.397770 -0.737118 -0.153000 1 0 1.0
0 -12.571858 -3.150767 -0.850000 0.819784 0.411986 -0.397770 -0.567138 -0.153000 1 0 1.0
bag_strap
0 -12.571858 -3.150767 -0.850000 -0.819792 -0.411991 -0.397749 -0.567138 -0.153000 1 0 1.0
0 -12.097281 -4.095098 -0.850000 -0.819792 -0.411991 -0.397749 -0.737118 -0.153000 1 0 1.0
0 -12.206779 -4.159983 -0.557107 -0.819792 -0.411991 -0.397749 -0.748797 -0.100279 1 0 1.0
bag_strap
0 -12.571858 -3.150767 -0.850000 -0.819781 -0.411993 -0.397770 -0.567138 -0.153000 1 0 1.0
0 -12.206779 -4.159983 -0.557107 -0.819781 -0.411993 -0.397770 -0.748797 -0.100279 1 0 1.0
0 -12.689220 -3.200023 -0.557107 -0.819781 -0.411993 -0.397770 -0.576004 -0.100279 1 0 1.0
bag_strap
0 -12.689220 -3.200023 -0.557107 -0.891047 -0.447809 -0.074175 -0.576004 -0.100279 1 0 1.0
0 -12.206779 -4.159983 -0.557107 -0.891047 -0.447809 -0.074175 -0.748797 -0.100279 1 0 1.0
0 -12.252134 -4.186860 0.150000 -0.891047 -0.447809 -0.074175 -0.753635 0.027000 1 0 1.0
bag_strap
0 -12.689220 -3.200023 -0.557107 -0.891046 -0.447811 -0.074179 -0.576004 -0.100279 1 0 1.0
0 -12.252134 -4.186860 0.150000 -0.891046 -0.447811 -0.074179 -0.753635 0.027000 1 0 1.0
0 -12.737833 -3.220425 0.150000 -0.891046 -0.447811 -0.074179 -0.579677 0.027000 1 0 1.0
bag_strap
0 -12.252134 -4.186860 0.150000 -0.820107 -0.567384 0.074164 -0.753635 0.027000 1 0 1.0
0 -11.645103 -5.064274 0.150000 -0.820107 -0.567384 0.074164 -0.911569 0.027000 1 0 1.0
0 -11.603996 -5.031262 0.857107 -0.820107 -0.567384 0.074164 -0.905627 0.154279 1 0 1.0
bag_strap
0 -12.252134 -4.186860 0.150000 -0.820109 -0.567381 0.074170 -0.753635 0.027000 1 0 1.0
0 -11.603996 -5.031262 0.857107 -0.820109 -0.567381 0.074170 -0.905627 0.154279 1 0 1.0
0 -12.206779 -4.159983 0.857107 -0.820109 -0.567381 0.074170 -0.748797 0.154279 1 0 1.0
bag_strap
0 -12.206779 -4.159983 0.857107 -0.754541 -0.522018 0.397700 -0.748797 0.154279 1 0 1.0
0 -11.603996 -5.031262 0.857107 -0.754541 -0.522018 0.397700 -0.905627 0.154279 1 0 1.0
0 -11.504756 -4.951567 1.150000 -0.754541 -0.522018 0.397700 -0.891282 0.207000 1 0 1.0
bag_strap
0 -12.206779 -4.159983 0.857107 -0.754537 -0.522005 0.397725 -0.748797 0.154279 1 0 1.0
0 -11.504756 -4.951567 1.150000 -0.754537 -0.522005 0.397725 -0.891282 0.207000 1 0 1.0
0 -12.097281 -4.095098 1.150000 -0.754537 -0.522005 0.397725 -0.737118 0.207000 1 0 1.0
bag_strap
0 -12.097281 -4.095098 1.150000 0.754546 0.522012 0.397699 -0.737118 0.207000 1 0 1.0
0 -11.504756 -4.951567 1.150000 0.754546 0.522012 0.397699 -0.891282 0.207000 1 0 1.0
0 -11.405516 -4.871871 0.857107 0.754546 0.522012 0.397699 -0.876937 0.154279 1 0 1.0
bag_strap
0 -12.097281 -4.095098 1.150000 0.754541 0.521998 0.397725 -0.737118 0.207000 1 0 1.0
0 -11.405516 -4.871871 0.857107 0.754541 0.521998 0.397725 -0.876937 0.154279 1 0 1.0
0 -11.987782 -4.030212 0.857107 0.754541 0.521998 0.397725 -0.725438 0.154279 1 0 1.0
bag_strap
0 -11.987782 -4.030212 0.857107 0.820120 0.567366 0.074164 -0.725438 0.154279 1 0 1.0
0 -11.405516 -4.871871 0.857107 0.820120 0.567366 0.074164 -0.876937 0.154279 1 0 1.0
0 -11.364409 -4.838860 0.150000 0.820120 0.567366 0.074164 -0.870995 0.027000 1 0 1.0
bag_strap
0 -11.987782 -4.030212 0.857107 0.820122 0.567362 0.074170 -0.725438 0.154279 1 0 1.0
0 -11.364409 -4.838860 0.150000 0.820122 0.567362 0.074170 -0.870995 0.027000 1 0 1.0
0 -11.942427 -4.003335 0.150000 0.820122 0.567362 0.074170 -0.720600 0.027000 1 0 1.0
bag_strap
0 -11.942427 -4.003335 0.150000 0.820122 0.567362 -0.074164 -0.720600 0.027000 1 0 1.0
0 -11.364409 -4.838860 0.150000 0.820122 0.567362 -0.074164 -0.870995 0.027000 1 0 1.0
0 -11.405516 -4.871871 -0.557107 0.820122 0.567362 -0.074164 -0.876937 -0.100279 1 0 1.0
bag_strap
0 -11.942427 -4.003335 0.150000 0.820119 0.567365 -0.074170 -0.720600 0.027000 1 0 1.0
0 -11.405516 -4.871871 -0.557107 0.820119 0.567365 -0.074170 -0.876937 -0.100279 1 0 1.0
0 -11.987782 -4.030212 -0.557107 0.820119 0.567365 -0.074170 -0.725438 -0.100279 1 0 1.0
bag_strap
0 -11.987782 -4.030212 -0.557107 0.754551 0.522005 -0.397699 -0.725438 -0.100279 1 0 1.0
0 -11.405516 -4.871871 -0.557107 0.754551 0.522005 -0.397699 -0.876937 -0.100279 1 0 1.0
0 -11.504756 -4.951567 -0.850000 0.754551 0.522005 -0.397699 -0.891282 -0.153000 1 0 1.0
bag_strap
0 -11.987782 -4.030212 -0.557107 0.754537 0.522005 -0.397725 -0.725438 -0.100279 1 0 1.0
0 -11.504756 -4.951567 -0.850000 0.754537 0.522005 -0.397725 -0.891282 -0.153000 1 0 1.0
0 -12.097281 -4.095098 -0.850000 0.754537 0.522005 -0.397725 -0.737118 -0.153000 1 0 1.0
bag_strap
0 -12.097281 -4.095098 -0.850000 -0.754546 -0.522012 -0.397699 -0.737118 -0.153000 1 0 1.0
0 -11.504756 -4.951567 -0.850000 -0.754546 -0.522012 -0.397699 -0.891282 -0.153000 1 0 1.0
0 -11.603996 -5.031262 -0.557107 -0.754546 -0.522012 -0.397699 -0.905627 -0.100279 1 0 1.0
bag_strap
0 -12.097281 -4.095098 -0.850000 -0.754532 -0.522012 -0.397725 -0.737118 -0.153000 1 0 1.0
0 -11.603996 -5.031262 -0.557107 -0.754532 -0.522012 -0.397725 -0.905627 -0.100279 1 0 1.0
0 -12.206779 -4.159983 -0.557107 -0.754532 -0.522012 -0.397725 -0.748797 -0.100279 1 0 1.0
bag_strap
0 -12.206779 -4.159983 -0.557107 -0.820109 -0.567381 -0.074164 -0.748797 -0.100279 1 0 1.0
0 -11.603996 -5.031262 -0.557107 -0.820109 -0.567381 -0.074164 -0.905627 -0.100279 1 0 1.0
0 -11.645103 -5.064274 0.150000 -0.820109 -0.567381 -0.074164 -0.911569 0.027000 1 0 1.0
bag_strap
0 -12.206779 -4.159983 -0.557107 -0.820106 -0.567384 -0.074170 -0.748797 -0.100279 1 0 1.0
0 -11.645103 -5.064274 0.150000 -0.820106 -0.567384 -0.074170 -0.911569 0.027000 1 0 1.0
0 -12.252134 -4.186860 0.150000 -0.820106 -0.567384 -0.074170 -0.753635 0.027000 1 0 1.0
bag_strap
0 -11.645103 -5.064274 0.150000 -0.730225 -0.679171 0.074152 -0.911569 0.027000 1 0 1.0
0 -10.929407 -5.833768 0.150000 -0.730225 -0.679171 0.074152 -1.050078 0.027000 1 0 1.0
0 -10.893554 -5.795115 0.857107 -0.730225 -0.679171 0.074152 -1.043121 0.154279 1 0 1.0
bag_strap
0 -11.645103 -5.064274 0.150000 -0.730227 -0.679168 0.074157 -0.911569 0.027000 1 0 1.0
0 -10.893554 -5.795115 0.857107 -0.730227 -0.679168 0.074157 -1.043121 0.154279 1 0 1.0
0 -11.603996 -5.031262 0.857107 -0.730227 -0.679168 0.074157 -0.905627 0.154279 1 0 1.0
bag_strap
0 -11.603996 -5.031262 0.857107 -0.671864 -0.624886 0.397640 -0.905627 0.154279 1 0 1.0
0 -10.893554 -5.795115 0.857107 -0.671864 -0.624886 0.397640 -1.043121 0.154279 1 0 1.0
0 -10.806998 -5.701798 1.150000 -0.671864 -0.624886 0.397640 -1.026324 0.207000 1 0 1.0
bag_strap
0 -11.603996 -5.031262 0.857107 -0.671861 -0.624869 0.397671 -0.905627 0.154279 1 0 1.0
0 -10.806998 -5.701798 1.150000 -0.671861 -0.624869 0.397671 -1.026324 0.207000 1 0 1.0
0 -11.504756 -4.951567 1.150000 -0.671861 -0.624869 0.397671 -0.891282 0.207000 1 0 1.0
bag_strap
0 -11.504756 -4.951567 1.150000 0.671871 0.624878 0.397639 -0.891282 0.207000 1 0 1.0
0 -10.806998 -5.701798 1.150000 0.671871 0.624878 0.397639 -1.026324 0.207000 1 0 1.0
0 -10.720443 -5.608481 0.857107 0.671871 0.624878 0.397639 -1.009527 0.154279 1 0 1.0
bag_strap
0 -11.504756 -4.951567 1.150000 0.671868 0.624861 0.397671 -0.891282 0.207000 1 0 1.0
0 -10.720443 -5.608481 0.857107 0.671868 0.624861 0.397671 -1.009527 0.154279 1 0 1.0
0 -11.405516 -4.871871 0.857107 0.671868 0.624861 0.397671 -0.876937 0.154279 1 0 1.0
bag_strap
0 -11.405516 -4.871871 0.857107 0.730243 0.679151 0.074152 -0.876937 0.154279 1 0 1.0
0 -10.720443 -5.608481 0.857107 0.730243 0.679151 0.074152 -1.009527 0.154279 1 0 1.0
0 -10.684589 -5.569828 0.150000 0.730243 0.679151 0.074152 -1.002569 0.027000 1 0 1.0
bag_strap
0 -11.405516 -4.871871 0.857107 0.730246 0.679148 0.074158 -0.876937 0.154279 1 0 1.0
0 -10.684589 -5.569828 0.150000 0.730246 0.679148 0.074158 -1.002569 0.027000 1 0 1.0
0 -11.364409 -4.838860 0.150000 0.730246 0.679148 0.074158 -0.870995 0.027000 1 0 1.0
bag_strap
0 -11.364409 -4.838860 0.150000 0.730246 0.679148 -0.074152 -0.870995 0.027000 1 0 1.0
0 -10.684589 -5.569828 0.150000 0.730246 0.679148 -0.074152 -1.002569 0.027000 1 0 1.0
0 -10.720443 -5.608481 -0.557107 0.730246 0.679148 -0.074152 -1.009527 -0.100279 1 0 1.0
bag_strap
0 -11.364409 -4.838860 0.150000 0.730243 0.679151 -0.074158 -0.870995 0.027000 1 0 1.0
0 -10.720443 -5.608481 -0.557107 0.730243 0.679151 -0.074158 -1.009527 -0.100279 1 0 1.0
0 -11.405516 -4.871871 -0.557107 0.730243 0.679151 -0.074158 -0.876937 -0.100279 1 0 1.0
bag_strap
0 -11.405516 -4.871871 -0.557107 0.671878 0.624870 -0.397639 -0.876937 -0.100279 1 0 1.0
0 -10.720443 -5.608481 -0.557107 0.671878 0.624870 -0.397639 -1.009527 -0.100279 1 0 1.0
0 -10.806998 -5.701798 -0.850000 0.671878 0.624870 -0.397639 -1.026324 -0.153000 1 0 1.0
bag_strap
0 -11.405516 -4.871871 -0.557107 0.671861 0.624869 -0.397671 -0.876937 -0.100279 1 0 1.0
0 -10.806998 -5.701798 -0.850000 0.671861 0.624869 -0.397671 -1.026324 -0.153000 1 0 1.0
0 -11.504756 -4.951567 -0.850000 0.671861 0.624869 -0.397671 -0.891282 -0.153000 1 0 1.0
bag_strap
0 -11.504756 -4.951567 -0.850000 -0.671871 -0.624878 -0.397639 -0.891282 -0.153000 1 0 1.0
0 -10.806998 -5.701798 -0.850000 -0.671871 -0.624878 -0.397639 -1.026324 -0.153000 1 0 1.0
0 -10.893554 -5.795115 -0.557107 -0.671871 -0.624878 -0.397639 -1.043121 -0.100279 1 0 1.0
bag_strap
0 -11.504756 -4.951567 -0.850000 -0.671854 -0.624877 -0.397670 -0.891282 -0.153000 1 0 1.0
0 -10.893554 -5.795115 -0.557107 -0.671854 -0.624877 -0.397670 -1.043121 -0.100279 1 0 1.0
0 -11.603996 -5.031262 -0.557107 -0.671854 -0.624877 -0.397670 -0.905627 -0.100279 1 0 1.0
bag_strap
0 -11.603996 -5.031262 -0.557107 -0.730227 -0.679168 -0.074152 -0.905627 -0.100279 1 0 1.0
0 -10.893554 -5.795115 -0.557107 -0.730227 -0.679168 -0.074152 -1.043121 -0.100279 1 0 1.0
0 -10.929407 -5.833768 0.150000 -0.730227 -0.679168 -0.074152 -1.050078 0.027000 1 0 1.0
bag_strap
0 -11.603996 -5.031262 -0.557107 -0.730224 -0.679171 -0.074157 -0.905627 -0.100279 1 0 1.0
0 -10.929407 -5.833768 0.150000 -0.730224 -0.679171 -0.074157 -1.050078 0.027000 1 0 1.0
0 -11.645103 -5.064274 0.150000 -0.730224 -0.679171 -0.074157 -0.911569 0.027000 1 0 1.0
bag_strap
0 -10.929407 -5.833768 0.150000 -0.621442 -0.779945 0.074137 -1.967293 0.027000 1 0 1.0
0 -10.120095 -6.478610 0.150000 -0.621442 -0.779945 0.074137 -1.821617 0.027000 1 0 1.0
0 -10.090479 -6.434994 0.857107 -0.621442 -0.779945 0.074137 -1.816286 0.154279 1 0 1.0
bag_strap
0 -10.929407 -5.833768 0.150000 -0.621446 -0.779941 0.074145 -1.967293 0.027000 1 0 1.0
0 -10.090479 -6.434994 0.857107 -0.621446 -0.779941 0.074145 -1.816286 0.154279 1 0 1.0
0 -10.893554 -5.795115 0.857107 -0.621446 -0.779941 0.074145 -1.960840 0.154279 1 0 1.0
bag_strap
0 -10.893554 -5.795115 0.857107 -0.571793 -0.717624 0.397579 -1.960840 0.154279 1 0 1.0
0 -10.090479 -6.434994 0.857107 -0.571793 -0.717624 0.397579 -1.816286 0.154279 1 0 1.0
0 -10.018978 -6.329696 1.150000 -0.571793 -0.717624 0.397579 -1.803416 0.207000 1 0 1.0
bag_strap
0 -10.893554 -5.795115 0.857107 -0.571793 -0.717608 0.397608 -1.960840 0.154279 1 0 1.0
0 -10.018978 -6.329696 1.150000 -0.571793 -0.717608 0.397608 -1.803416 0.207000 1 0 1.0
0 -10.806998 -5.701798 1.150000 -0.571793 -0.717608 0.397608 -1.945260 0.207000 1 0 1.0
bag_strap
0 -10.806998 -5.701798 1.150000 0.571801 0.717618 0.397578 -1.945260 0.207000 1 0 1.0
0 -10.018978 -6.329696 1.150000 0.571801 0.717618 0.397578 -1.803416 0.207000 1 0 1.0
0 -9.947477 -6.224398 0.857107 0.571801 0.717618 0.397578 -1.790546 0.154279 1 0 1.0
bag_strap
0 -10.806998 -5.701798 1.150000 0.571801 0.717601 0.397609 -1.945260 0.207000 1 0 1.0
0 -9.947477 -6.224398 0.857107 0.571801 0.717601 0.397609 -1.790546 0.154279 1 0 1.0
0 -10.720443 -5.608481 0.857107 0.571801 0.717601 0.397609 -1.929680 0.154279 1 0 1.0
bag_strap
0 -10.720443 -5.608481 0.857107 0.621464 0.779927 0.074137 -1.929680 0.154279 1 0 1.0
0 -9.947477 -6.224398 0.857107 0.621464 0.779927 0.074137 -1.790546 0.154279 1 0 1.0
0 -9.917861 -6.180782 0.150000 0.621464 0.779927 0.074137 -1.785215 0.027000 1 0 1.0
bag_strap
0 -10.720443 -5.608481 0.857107 0.621468 0.779923 0.074145 -1.929680 0.154279 1 0 1.0
0 -9.917861 -6.180782 0.150000 0.621468 0.779923 0.074145 -1.785215 0.027000 1 0 1.0
0 -10.684589 -5.569828 0.150000 0.621468 0.779923 0.074145 -1.923226 0.027000 1 0 1.0
bag_strap
0 -10.684589 -5.569828 0.150000 0.621469 0.779923 -0.074137 -1.923226 0.027000 1 0 1.0
0 -9.917861 -6.180782 0.150000 0.621469 0.779923 -0.074137 -1.785215 0.027000 1 0 1.0
0 -9.947477 -6.224398 -0.557107 0.621469 0.779923 -0.074137 -1.790546 -0.100279 1 0 1.0
bag_strap
0 -10.684589 -5.569828 0.150000 0.621464 0.779927 -0.074145 -1.923226 0.027000 1 0 1.0
0 -9.947477 -6.224398 -0.557107 0.621464 0.779927 -0.074145 -1.790546 -0.100279 1 0 1.0
0 -10.720443 -5.608481 -0.557107 0.621464 0.779927 -0.074145 -1.929680 -0.100279 1 0 1.0
bag_strap
0 -10.720443 -5.608481 -0.557107 0.571809 0.717611 -0.397578 -1.929680 -0.100279 1 0 1.0
0 -9.947477 -6.224398 -0.557107 0.571809 0.717611 -0.397578 -1.790546 -0.100279 1 0 1.0
0 -10.018978 -6.329696 -0.850000 0.571809 0.717611 -0.397578 -1.803416 -0.153000 1 0 1.0
bag_strap
0 -10.720443 -5.608481 -0.557107 0.571793 0.717608 -0.397608 -1.929680 -0.100279 1 0 1.0
0 -10.018978 -6.329696 -0.850000 0.571793 0.717608 -0.397608 -1.803416 -0.153000 1 0 1.0
0 -10.806998 -5.701798 -0.850000 0.571793 0.717608 -0.397608 -1.945260 -0.153000 1 0 1.0
bag_strap
0 -10.806998 -5.701798 -0.850000 -0.571801 -0.717618 -0.397578 -1.945260 -0.153000 1 0 1.0
0 -10.018978 -6.329696 -0.850000 -0.571801 -0.717618 -0.397578 -1.803416 -0.153000 1 0 1.0
0 -10.090479 -6.434994 -0.557107 -0.571801 -0.717618 -0.397578 -1.816286 -0.100279 1 0 1.0
bag_strap
0 -10.806998 -5.701798 -0.850000 -0.571785 -0.717614 -0.397608 -1.945260 -0.153000 1 0 1.0
0 -10.090479 -6.434994 -0.557107 -0.571785 -0.717614 -0.397608 -1.816286 -0.100279 1 0 1.0
0 -10.893554 -5.795115 -0.557107 -0.571785 -0.717614 -0.397608 -1.960840 -0.100279 1 0 1.0
bag_strap
0 -10.893554 -5.795115 -0.557107 -0.621446 -0.779941 -0.074137 -1.960840 -0.100279 1 0 1.0
0 -10.090479 -6.434994 -0.557107 -0.621446 -0.779941 -0.074137 -1.816286 -0.100279 1 0 1.0
0 -10.120095 -6.478610 0.150000 -0.621446 -0.779941 -0.074137 -1.821617 0.027000 1 0 1.0
bag_strap
0 -10.893554 -5.795115 -0.557107 -0.621442 -0.779944 -0.074145 -1.960840 -0.100279 1 0 1.0
0 -10.120095 -6.478610 0.150000 -0.621442 -0.779944 -0.074145 -1.821617 0.027000 1 0 1.0
0 -10.929407 -5.833768 0.150000 -0.621442 -0.779944 -0.074145 -1.967293 0.027000 1 0 1.0
bag_strap
0 -10.120095 -6.478610 0.150000 -0.494668 -0.865915 0.074124 -1.821617 0.027000 1 0 1.0
0 -9.234344 -6.984609 0.150000 -0.494668 -0.865915 0.074124 -1.662182 0.027000 1 0 1.0
0 -9.211866 -6.936920 0.857107 -0.494668 -0.865915 0.074124 -1.658136 0.154279 1 0 1.0
bag_strap
0 -10.120095 -6.478610 0.150000 -0.494671 -0.865913 0.074130 -1.821617 0.027000 1 0 1.0
0 -9.211866 -6.936920 0.857107 -0.494671 -0.865913 0.074130 -1.658136 0.154279 1 0 1.0
0 -10.090479 -6.434994 0.857107 -0.494671 -0.865913 0.074130 -1.816286 0.154279 1 0 1.0
bag_strap
0 -10.090479 -6.434994 0.857107 -0.455160 -0.796749 0.397517 -1.816286 0.154279 1 0 1.0
0 -9.211866 -6.936920 0.857107 -0.455160 -0.796749 0.397517 -1.658136 0.154279 1 0 1.0
0 -9.157603 -6.821787 1.150000 -0.455160 -0.796749 0.397517 -1.648369 0.207000 1 0 1.0
bag_strap
0 -10.090479 -6.434994 0.857107 -0.455163 -0.796733 0.397547 -1.816286 0.154279 1 0 1.0
0 -9.157603 -6.821787 1.150000 -0.455163 -0.796733 0.397547 -1.648369 0.207000 1 0 1.0
0 -10.018978 -6.329696 1.150000 -0.455163 -0.796733 0.397547 -1.803416 0.207000 1 0 1.0
bag_strap
0 -10.018978 -6.329696 1.150000 0.455169 0.796744 0.397517 -1.803416 0.207000 1 0 1.0
0 -9.157603 -6.821787 1.150000 0.455169 0.796744 0.397517 -1.648369 0.207000 1 0 1.0
0 -9.103340 -6.706655 0.857107 0.455169 0.796744 0.397517 -1.638601 0.154279 1 0 1.0
bag_strap
0 -10.018978 -6.329696 1.150000 0.455172 0.796727 0.397548 -1.803416 0.207000 1 0 1.0
0 -9.103340 -6.706655 0.857107 0.455172 0.796727 0.397548 -1.638601 0.154279 1 0 1.0
0 -9.947477 -6.224398 0.857107 0.455172 0.796727 0.397548 -1.790546 0.154279 1 0 1.0
bag_strap
0 -9.947477 -6.224398 0.857107 0.494692 0.865902 0.074124 -1.790546 0.154279 1 0 1.0
0 -9.103340 -6.706655 0.857107 0.494692 0.865902 0.074124 -1.638601 0.154279 1 0 1.0
0 -9.080863 -6.658966 0.150000 0.494692 0.865902 0.074124 -1.634555 0.027000 1 0 1.0
bag_strap
0 -9.947477 -6.224398 0.857107 0.494695 0.865899 0.074130 -1.790546 0.154279 1 0 1.0
0 -9.080863 -6.658966 0.150000 0.494695 0.865899 0.074130 -1.634555 0.027000 1 0 1.0
0 -9.917861 -6.180782 0.150000 0.494695 0.865899 0.074130 -1.785215 0.027000 1 0 1.0
bag_strap
0 -9.917861 -6.180782 0.150000 0.494695 0.865900 -0.074124 -1.785215 0.027000 1 0 1.0
0 -9.080863 -6.658966 0.150000 0.494695 0.865900 -0.074124 -1.634555 0.027000 1 0 1.0
0 -9.103340 -6.706655 -0.557107 0.494695 0.865900 -0.074124 -1.638601 -0.100279 1 0 1.0
bag_strap
0 -9.917861 -6.180782 0.150000 0.494691 0.865901 -0.074130 -1.785215 0.027000 1 0 1.0
0 -9.103340 -6.706655 -0.557107 0.494691 0.865901 -0.074130 -1.638601 -0.100279 1 0 1.0
0 -9.947477 -6.224398 -0.557107 0.494691 0.865901 -0.074130 -1.790546 -0.100279 1 0 1.0
bag_strap
0 -9.947477 -6.224398 -0.557107 0.455179 0.796739 -0.397516 -1.790546 -0.100279 1 0 1.0
0 -9.103340 -6.706655 -0.557107 0.455179 0.796739 -0.397516 -1.638601 -0.100279 1 0 1.0
0 -9.157603 -6.821787 -0.850000 0.455179 0.796739 -0.397516 -1.648369 -0.153000 1 0 1.0
bag_strap
0 -9.947477 -6.224398 -0.557107 0.455163 0.796733 -0.397547 -1.790546 -0.100279 1 0 1.0
0 -9.157603 -6.821787 -0.850000 0.455163 0.796733 -0.397547 -1.648369 -0.153000 1 0 1.0
0 -10.018978 -6.329696 -0.850000 0.455163 0.796733 -0.397547 -1.803416 -0.153000 1 0 1.0
bag_strap
0 -10.018978 -6.329696 -0.850000 -0.455169 -0.796744 -0.397517 -1.803416 -0.153000 1 0 1.0
0 -9.157603 -6.821787 -0.850000 -0.455169 -0.796744 -0.397517 -1.648369 -0.153000 1 0 1.0
0 -9.211866 -6.936920 -0.557107 -0.455169 -0.796744 -0.397517 -1.658136 -0.100279 1 0 1.0
bag_strap
0 -10.018978 -6.329696 -0.850000 -0.455153 -0.796738 -0.397547 -1.803416 -0.153000 1 0 1.0
0 -9.211866 -6.936920 -0.557107 -0.455153 -0.796738 -0.397547 -1.658136 -0.100279 1 0 1.0
0 -10.090479 -6.434994 -0.557107 -0.455153 -0.796738 -0.397547 -1.816286 -0.100279 1 0 1.0
bag_strap
0 -10.090479 -6.434994 -0.557107 -0.494671 -0.865913 -0.074124 -1.816286 -0.100279 1 0 1.0
0 -9.211866 -6.936920 -0.557107 -0.494671 -0.865913 -0.074124 -1.658136 -0.100279 1 0 1.0
0 -9.234344 -6.984609 0.150000 -0.494671 -0.865913 -0.074124 -1.662182 0.027000 1 0 1.0
bag_strap
0 -10.090479 -6.434994 -0.557107 -0.494668 -0.865915 -0.074130 -1.816286 -0.100279 1 0 1.0
0 -9.234344 -6.984609 0.150000 -0.494668 -0.865915 -0.074130 -1.662182 0.027000 1 0 1.0
0 -10.120095 -6.478610 0.150000 -0.494668 -0.865915 -0.074130 -1.821617 0.027000 1 0 1.0
bag_strap
0 -9.234344 -6.984609 0.150000 -0.352051 -0.933042 0.074113 -1.662182 0.027000 1 0 1.0
0 -8.291149 -7.340490 0.150000 -0.352051 -0.933042 0.074113 -1.492407 0.027000 1 0 1.0
0 -8.276564 -7.289827 0.857107 -0.352051 -0.933042 0.074113 -1.489781 0.154279 1 0 1.0
bag_strap
0 -9.234344 -6.984609 0.150000 -0.352054 -0.933040 0.074118 -1.662182 0.027000 1 0 1.0
0 -8.276564 -7.289827 0.857107 -0.352054 -0.933040 0.074118 -1.489781 0.154279 1 0 1.0
0 -9.211866 -6.936920 0.857107 -0.352054 -0.933040 0.074118 -1.658136 0.154279 1 0 1.0
bag_strap
0 -9.211866 -6.936920 0.857107 -0.323942 -0.858535 0.397467 -1.658136 0.154279 1 0 1.0
0 -8.276564 -7.289827 0.857107 -0.323942 -0.858535 0.397467 -1.489781 0.154279 1 0 1.0
0 -8.241353 -7.167515 1.150000 -0.323942 -0.858535 0.397467 -1.483443 0.207000 1 0 1.0
bag_strap
0 -9.211866 -6.936920 0.857107 -0.323946 -0.858523 0.397490 -1.658136 0.154279 1 0 1.0
0 -8.241353 -7.167515 1.150000 -0.323946 -0.858523 0.397490 -1.483443 0.207000 1 0 1.0
0 -9.157603 -6.821787 1.150000 -0.323946 -0.858523 0.397490 -1.648369 0.207000 1 0 1.0
bag_strap
0 -9.157603 -6.821787 1.150000 0.323949 0.858532 0.397467 -1.648369 0.207000 1 0 1.0
0 -8.241353 -7.167515 1.150000 0.323949 0.858532 0.397467 -1.483443 0.207000 1 0 1.0
0 -8.206142 -7.045203 0.857107 0.323949 0.858532 0.397467 -1.477106 0.154279 1 0 1.0
bag_strap
0 -9.157603 -6.821787 1.150000 0.323953 0.858520 0.397490 -1.648369 0.207000 1 0 1.0
0 -8.206142 -7.045203 0.857107 0.323953 0.858520 0.397490 -1.477106 0.154279 1 0 1.0
0 -9.103340 -6.706655 0.857107 0.323953 0.858520 0.397490 -1.638601 0.154279 1 0 1.0
bag_strap
0 -9.103340 -6.706655 0.857107 0.352071 0.933035 0.074112 -1.638601 0.154279 1 0 1.0
0 -8.206142 -7.045203 0.857107 0.352071 0.933035 0.074112 -1.477106 0.154279 1 0 1.0
0 -8.191557 -6.994540 0.150000 0.352071 0.933035 0.074112 -1.474480 0.027000 1 0 1.0
bag_strap
0 -9.103340 -6.706655 0.857107 0.352075 0.933033 0.074118 -1.638601 0.154279 1 0 1.0
0 -8.191557 -6.994540 0.150000 0.352075 0.933033 0.074118 -1.474480 0.027000 1 0 1.0
0 -9.080863 -6.658966 0.150000 0.352075 0.933033 0.074118 -1.634555 0.027000 1 0 1.0
bag_strap
0 -9.080863 -6.658966 0.150000 0.352075 0.933033 -0.074112 -1.634555 0.027000 1 0 1.0
0 -8.191557 -6.994540 0.150000 0.352075 0.933033 -0.074112 -1.474480 0.027000 1 0 1.0
0 -8.206142 -7.045203 -0.557107 0.352075 0.933033 -0.074112 -1.477106 -0.100279 1 0 1.0
bag_strap
0 -9.080863 -6.658966 0.150000 0.352071 0.933034 -0.074118 -1.634555 0.027000 1 0 1.0
0 -8.206142 -7.045203 -0.557107 0.352071 0.933034 -0.074118 -1.477106 -0.100279 1 0 1.0
0 -9.103340 -6.706655 -0.557107 0.352071 0.933034 -0.074118 -1.638601 -0.100279 1 0 1.0
bag_strap
0 -9.103340 -6.706655 -0.557107 0.323957 0.858529 -0.397466 -1.638601 -0.100279 1 0 1.0
0 -8.206142 -7.045203 -0.557107 0.323957 0.858529 -0.397466 -1.477106 -0.100279 1 0 1.0
0 -8.241353 -7.167515 -0.850000 0.323957 0.858529 -0.397466 -1.483443 -0.153000 1 0 1.0
bag_strap
0 -9.103340 -6.706655 -0.557107 0.323946 0.858523 -0.397490 -1.638601 -0.100279 1 0 1.0
0 -8.241353 -7.167515 -0.850000 0.323946 0.858523 -0.397490 -1.483443 -0.153000 1 0 1.0
0 -9.157603 -6.821787 -0.850000 0.323946 0.858523 -0.397490 -1.648369 -0.153000 1 0 1.0
bag_strap
0 -9.157603 -6.821787 -0.850000 -0.323949 -0.858532 -0.397467 -1.648369 -0.153000 1 0 1.0
0 -8.241353 -7.167515 -0.850000 -0.323949 -0.858532 -0.397467 -1.483443 -0.153000 1 0 1.0
0 -8.276564 -7.289827 -0.557107 -0.323949 -0.858532 -0.397467 -1.489781 -0.100279 1 0 1.0
bag_strap
0 -9.157603 -6.821787 -0.850000 -0.323938 -0.858526 -0.397489 -1.648369 -0.153000 1 0 1.0
0 -8.276564 -7.289827 -0.557107 -0.323938 -0.858526 -0.397489 -1.489781 -0.100279 1 0 1.0
0 -9.211866 -6.936920 -0.557107 -0.323938 -0.858526 -0.397489 -1.658136 -0.100279 1 0 1.0
bag_strap
0 -9.211866 -6.936920 -0.557107 -0.352054 -0.933041 -0.074113 -1.658136 -0.100279 1 0 1.0
0 -8.276564 -7.289827 -0.557107 -0.352054 -0.933041 -0.074113 -1.489781 -0.100279 1 0 1.0
0 -8.291149 -7.340490 0.150000 -0.352054 -0.933041 -0.074113 -1.492407 0.027000 1 0 1.0
bag_strap
0 -9.211866 -6.936920 -0.557107 -0.352050 -0.933042 -0.074118 -1.658136 -0.100279 1 0 1.0
0 -8.291149 -7.340490 0.150000 -0.352050 -0.933042 -0.074118 -1.492407 0.027000 1 0 1.0
0 -9.234344 -6.984609 0.150000 -0.352050 -0.933042 -0.074118 -1.662182 0.027000 1 0 1.0
bag_strap
0 -8.291149 -7.340490 0.150000 -0.197203 -0.977558 0.074105 -1.492407 0.027000 1 0 1.0
0 -7.310954 -7.538225 0.150000 -0.197203 -0.977558 0.074105 -1.315972 0.027000 1 0 1.0
0 -7.304784 -7.485867 0.857107 -0.197203 -0.977558 0.074105 -1.314861 0.154279 1 0 1.0
bag_strap
0 -8.291149 -7.340490 0.150000 -0.197205 -0.977557 0.074108 -1.492407 0.027000 1 0 1.0
0 -7.304784 -7.485867 0.857107 -0.197205 -0.977557 0.074108 -1.314861 0.154279 1 0 1.0
0 -8.276564 -7.289827 0.857107 -0.197205 -0.977557 0.074108 -1.489781 0.154279 1 0 1.0
bag_strap
0 -8.276564 -7.289827 0.857107 -0.181461 -0.899511 0.397433 -1.489781 0.154279 1 0 1.0
0 -7.304784 -7.485867 0.857107 -0.181461 -0.899511 0.397433 -1.314861 0.154279 1 0 1.0
0 -7.289888 -7.359462 1.150000 -0.181461 -0.899511 0.397433 -1.312180 0.207000 1 0 1.0
bag_strap
0 -8.276564 -7.289827 0.857107 -0.181464 -0.899503 0.397447 -1.489781 0.154279 1 0 1.0
0 -7.289888 -7.359462 1.150000 -0.181464 -0.899503 0.397447 -1.312180 0.207000 1 0 1.0
0 -8.241353 -7.167515 1.150000 -0.181464 -0.899503 0.397447 -1.483443 0.207000 1 0 1.0
bag_strap
0 -8.241353 -7.167515 1.150000 0.181466 0.899509 0.397433 -1.483443 0.207000 1 0 1.0
0 -7.289888 -7.359462 1.150000 0.181466 0.899509 0.397433 -1.312180 0.207000 1 0 1.0
0 -7.274992 -7.233057 0.857107 0.181466 0.899509 0.397433 -1.309499 0.154279 1 0 1.0
bag_strap
0 -8.241353 -7.167515 1.150000 0.181469 0.899502 0.397447 -1.483443 0.207000 1 0 1.0
0 -7.274992 -7.233057 0.857107 0.181469 0.899502 0.397447 -1.309499 0.154279 1 0 1.0
0 -8.206142 -7.045203 0.857107 0.181469 0.899502 0.397447 -1.477106 0.154279 1 0 1.0
bag_strap
0 -8.206142 -7.045203 0.857107 0.197216 0.977555 0.074105 -1.477106 0.154279 1 0 1.0
0 -7.274992 -7.233057 0.857107 0.197216 0.977555 0.074105 -1.309499 0.154279 1 0 1.0
0 -7.268822 -7.180699 0.150000 0.197216 0.977555 0.074105 -1.308388 0.027000 1 0 1.0
bag_strap
0 -8.206142 -7.045203 0.857107 0.197219 0.977555 0.074108 -1.477106 0.154279 1 0 1.0
0 -7.268822 -7.180699 0.150000 0.197219 0.977555 0.074108 -1.308388 0.027000 1 0 1.0
0 -8.191557 -6.994540 0.150000 0.197219 0.977555 0.074108 -1.474480 0.027000 1 0 1.0
bag_strap
0 -8.191557 -6.994540 0.150000 0.197219 0.977555 -0.074105 -1.474480 0.027000 1 0 1.0
0 -7.268822 -7.180699 0.150000 0.197219 0.977555 -0.074105 -1.308388 0.027000 1 0 1.0
0 -7.274992 -7.233057 -0.557107 0.197219 0.977555 -0.074105 -1.309499 -0.100279 1 0 1.0
bag_strap
0 -8.191557 -6.994540 0.150000 0.197216 0.977555 -0.074108 -1.474480 0.027000 1 0 1.0
0 -7.274992 -7.233057 -0.557107 0.197216 0.977555 -0.074108 -1.309499 -0.100279 1 0 1.0
0 -8.206142 -7.045203 -0.557107 0.197216 0.977555 -0.074108 -1.477106 -0.100279 1 0 1.0
bag_strap
0 -8.206142 -7.045203 -0.557107 0.181471 0.899509 -0.397433 -1.477106 -0.100279 1 0 1.0
0 -7.274992 -7.233057 -0.557107 0.181471 0.899509 -0.397433 -1.309499 -0.100279 1 0 1.0
0 -7.289888 -7.359462 -0.850000 0.181471 0.899509 -0.397433 -1.312180 -0.153000 1 0 1.0
bag_strap
0 -8.206142 -7.045203 -0.557107 0.181464 0.899503 -0.397447 -1.477106 -0.100279 1 0 1.0
0 -7.289888 -7.359462 -0.850000 0.181464 0.899503 -0.397447 -1.312180 -0.153000 1 0 1.0
0 -8.241353 -7.167515 -0.850000 0.181464 0.899503 -0.397447 -1.483443 -0.153000 1 0 1.0
bag_strap
0 -8.241353 -7.167515 -0.850000 -0.181466 -0.899510 -0.397433 -1.483443 -0.153000 1 0 1.0
0 -7.289888 -7.359462 -0.850000 -0.181466 -0.899510 -0.397433 -1.312180 -0.153000 1 0 1.0
0 -7.304784 -7.485867 -0.557107 -0.181466 -0.899510 -0.397433 -1.314861 -0.100279 1 0 1.0
bag_strap
0 -8.241353 -7.167515 -0.850000 -0.181459 -0.899504 -0.397447 -1.483443 -0.153000 1 0 1.0
0 -7.304784 -7.485867 -0.557107 -0.181459 -0.899504 -0.397447 -1.314861 -0.100279 1 0 1.0
0 -8.276564 -7.289827 -0.557107 -0.181459 -0.899504 -0.397447 -1.489781 -0.100279 1 0 1.0
bag_strap
0 -8.276564 -7.289827 -0.557107 -0.197205 -0.977557 -0.074105 -1.489781 -0.100279 1 0 1.0
0 -7.304784 -7.485867 -0.557107 -0.197205 -0.977557 -0.074105 -1.314861 -0.100279 1 0 1.0
0 -7.310954 -7.538225 0.150000 -0.197205 -0.977557 -0.074105 -1.315972 0.027000 1 0 1.0
bag_strap
0 -8.276564 -7.289827 -0.557107 -0.197203 -0.977558 -0.074108 -1.489781 -0.100279 1 0 1.0
0 -7.310954 -7.538225 0.150000 -0.197203 -0.977558 -0.074108 -1.315972 0.027000 1 0 1.0
0 -8.291149 -7.340490 0.150000 -0.197203 -0.977558 -0.074108 -1.492407 0.027000 1 0 1.0
bag_strap
0 -7.310954 -7.538225 0.150000 -0.035115 -0.996632 0.074102 -1.315972 0.027000 1 0 1.0
0 -6.315171 -7.573310 0.150000 -0.035115 -0.996632 0.074102 -1.136731 0.027000 1 0 1.0
0 -6.317646 -7.520648 0.857107 -0.035115 -0.996632 0.074102 -1.137176 0.154279 1 0 1.0
bag_strap
0 -7.310954 -7.538225 0.150000 -0.035116 -0.996632 0.074103 -1.315972 0.027000 1 0 1.0
0 -6.317646 -7.520648 0.857107 -0.035116 -0.996632 0.074103 -1.137176 0.154279 1 0 1.0
0 -7.304784 -7.485867 0.857107 -0.035116 -0.996632 0.074103 -1.314861 0.154279 1 0 1.0
bag_strap
0 -7.304784 -7.485867 0.857107 -0.032312 -0.917067 0.397421 -1.314861 0.154279 1 0 1.0
0 -6.317646 -7.520648 0.857107 -0.032312 -0.917067 0.397421 -1.137176 0.154279 1 0 1.0
0 -6.323621 -7.393509 1.150000 -0.032312 -0.917067 0.397421 -1.138252 0.207000 1 0 1.0
bag_strap
0 -7.304784 -7.485867 0.857107 -0.032313 -0.917066 0.397424 -1.314861 0.154279 1 0 1.0
0 -6.323621 -7.393509 1.150000 -0.032313 -0.917066 0.397424 -1.138252 0.207000 1 0 1.0
0 -7.289888 -7.359462 1.150000 -0.032313 -0.917066 0.397424 -1.312180 0.207000 1 0 1.0
bag_strap
0 -7.289888 -7.359462 1.150000 0.032313 0.917067 0.397421 -1.312180 0.207000 1 0 1.0
0 -6.323621 -7.393509 1.150000 0.032313 0.917067 0.397421 -1.138252 0.207000 1 0 1.0
0 -6.329596 -7.266370 0.857107 0.032313 0.917067 0.397421 -1.139327 0.154279 1 0 1.0
bag_strap
0 -7.289888 -7.359462 1.150000 0.032314 0.917066 0.397424 -1.312180 0.207000 1 0 1.0
0 -6.329596 -7.266370 0.857107 0.032314 0.917066 0.397424 -1.139327 0.154279 1 0 1.0
0 -7.274992 -7.233057 0.857107 0.032314 0.917066 0.397424 -1.309499 0.154279 1 0 1.0
bag_strap
0 -7.274992 -7.233057 0.857107 0.035118 0.996632 0.074102 -1.309499 0.154279 1 0 1.0
0 -6.329596 -7.266370 0.857107 0.035118 0.996632 0.074102 -1.139327 0.154279 1 0 1.0
0 -6.332070 -7.213707 0.150000 0.035118 0.996632 0.074102 -1.139773 0.027000 1 0 1.0
bag_strap
0 -7.274992 -7.233057 0.857107 0.035118 0.996632 0.074103 -1.309499 0.154279 1 0 1.0
0 -6.332070 -7.213707 0.150000 0.035118 0.996632 0.074103 -1.139773 0.027000 1 0 1.0
0 -7.268822 -7.180699 0.150000 0.035118 0.996632 0.074103 -1.308388 0.027000 1 0 1.0
bag_strap
0 -7.268822 -7.180699 0.150000 0.035118 0.996632 -0.074102 -1.308388 0.027000 1 0 1.0
0 -6.332070 -7.213707 0.150000 0.035118 0.996632 -0.074102 -1.139773 0.027000 1 0 1.0
0 -6.329596 -7.266370 -0.557107 0.035118 0.996632 -0.074102 -1.139327 -0.100279 1 0 1.0
bag_strap
0 -7.268822 -7.180699 0.150000 0.035118 0.996632 -0.074103 -1.308388 0.027000 1 0 1.0
0 -6.329596 -7.266370 -0.557107 0.035118 0.996632 -0.074103 -1.139327 -0.100279 1 0 1.0
0 -7.274992 -7.233057 -0.557107 0.035118 0.996632 -0.074103 -1.309499 -0.100279 1 0 1.0
bag_strap
0 -7.274992 -7.233057 -0.557107 0.032314 0.917067 -0.397421 -1.309499 -0.100279 1 0 1.0
0 -6.329596 -7.266370 -0.557107 0.032314 0.917067 -0.397421 -1.139327 -0.100279 1 0 1.0
0 -6.323621 -7.393509 -0.850000 0.032314 0.917067 -0.397421 -1.138252 -0.153000 1 0 1.0
bag_strap
0 -7.274992 -7.233057 -0.557107 0.032313 0.917066 -0.397424 -1.309499 -0.100279 1 0 1.0
0 -6.323621 -7.393509 -0.850000 0.032313 0.917066 -0.397424 -1.138252 -0.153000 1 0 1.0
0 -7.289888 -7.359462 -0.850000 0.032313 0.917066 -0.397424 -1.312180 -0.153000 1 0 1.0
bag_strap
0 -7.289888 -7.359462 -0.850000 -0.032313 -0.917067 -0.397421 -1.312180 -0.153000 1 0 1.0
0 -6.323621 -7.393509 -0.850000 -0.032313 -0.917067 -0.397421 -1.138252 -0.153000 1 0 1.0
0 -6.317646 -7.520648 -0.557107 -0.032313 -0.917067 -0.397421 -1.137176 -0.100279 1 0 1.0
bag_strap
0 -7.289888 -7.359462 -0.850000 -0.032312 -0.917066 -0.397424 -1.312180 -0.153000 1 0 1.0
0 -6.317646 -7.520648 -0.557107 -0.032312 -0.917066 -0.397424 -1.137176 -0.100279 1 0 1.0
0 -7.304784 -7.485867 -0.557107 -0.032312 -0.917066 -0.397424 -1.314861 -0.100279 1 0 1.0
bag_strap
0 -7.304784 -7.485867 -0.557107 -0.035116 -0.996632 -0.074102 -1.314861 -0.100279 1 0 1.0
0 -6.317646 -7.520648 -0.557107 -0.035116 -0.996632 -0.074102 -1.137176 -0.100279 1 0 1.0
0 -6.315171 -7.573310 0.150000 -0.035116 -0.996632 -0.074102 -1.136731 0.027000 1 0 1.0
bag_strap
0 -7.304784 -7.485867 -0.557107 -0.035115 -0.996632 -0.074103 -1.314861 -0.100279 1 0 1.0
0 -6.315171 -7.573310 0.150000 -0.035115 -0.996632 -0.074103 -1.136731 0.027000 1 0 1.0
0 -7.310954 -7.538225 0.150000 -0.035115 -0.996632 -0.074103 -1.315972 0.027000 1 0 1.0
bag_strap
0 -6.315171 -7.573310 0.150000 0.128291 -0.988964 0.074106 -1.136731 0.027000 1 0 1.0
0 -5.325636 -7.444945 0.150000 0.128291 -0.988964 0.074106 -0.958614 0.027000 1 0 1.0
0 -5.336662 -7.393390 0.857107 0.128291 -0.988964 0.074106 -0.960599 0.154279 1 0 1.0
bag_strap
0 -6.315171 -7.573310 0.150000 0.128294 -0.988964 0.074103 -1.136731 0.027000 1 0 1.0
0 -5.336662 -7.393390 0.857107 0.128294 -0.988964 0.074103 -0.960599 0.154279 1 0 1.0
0 -6.317646 -7.520648 0.857107 0.128294 -0.988964 0.074103 -1.137176 0.154279 1 0 1.0
bag_strap
0 -6.317646 -7.520648 0.857107 0.118051 -0.910006 0.397434 -1.137176 0.154279 1 0 1.0
0 -5.336662 -7.393390 0.857107 0.118051 -0.910006 0.397434 -0.960599 0.154279 1 0 1.0
0 -5.363283 -7.268926 1.150000 0.118051 -0.910006 0.397434 -0.965391 0.207000 1 0 1.0
bag_strap
0 -6.317646 -7.520648 0.857107 0.118054 -0.910009 0.397425 -1.137176 0.154279 1 0 1.0
0 -5.363283 -7.268926 1.150000 0.118054 -0.910009 0.397425 -0.965391 0.207000 1 0 1.0
0 -6.323621 -7.393509 1.150000 0.118054 -0.910009 0.397425 -1.138252 0.207000 1 0 1.0
bag_strap
0 -6.323621 -7.393509 1.150000 -0.118054 0.910005 0.397434 -1.138252 0.207000 1 0 1.0
0 -5.363283 -7.268926 1.150000 -0.118054 0.910005 0.397434 -0.965391 0.207000 1 0 1.0
0 -5.389904 -7.144462 0.857107 -0.118054 0.910005 0.397434 -0.970183 0.154279 1 0 1.0
bag_strap
0 -6.323621 -7.393509 1.150000 -0.118057 0.910009 0.397425 -1.138252 0.207000 1 0 1.0
0 -5.389904 -7.144462 0.857107 -0.118057 0.910009 0.397425 -0.970183 0.154279 1 0 1.0
0 -6.329596 -7.266370 0.857107 -0.118057 0.910009 0.397425 -1.139327 0.154279 1 0 1.0
bag_strap
0 -6.329596 -7.266370 0.857107 -0.128300 0.988963 0.074106 -1.139327 0.154279 1 0 1.0
0 -5.389904 -7.144462 0.857107 -0.128300 0.988963 0.074106 -0.970183 0.154279 1 0 1.0
0 -5.400930 -7.092906 0.150000 -0.128300 0.988963 0.074106 -0.972167 0.027000 1 0 1.0
bag_strap
0 -6.329596 -7.266370 0.857107 -0.128303 0.988963 0.074103 -1.139327 0.154279 1 0 1.0
0 -5.400930 -7.092906 0.150000 -0.128303 0.988963 0.074103 -0.972167 0.027000 1 0 1.0
0 -6.332070 -7.213707 0.150000 -0.128303 0.988963 0.074103 -1.139773 0.027000 1 0 1.0
bag_strap
0 -6.332070 -7.213707 0.150000 -0.128303 0.988962 -0.074106 -1.139773 0.027000 1 0 1.0
0 -5.400930 -7.092906 0.150000 -0.128303 0.988962 -0.074106 -0.972167 0.027000 1 0 1.0
0 -5.389904 -7.144462 -0.557107 -0.128303 0.988962 -0.074106 -0.970183 -0.100279 1 0 1.0
bag_strap
0 -6.332070 -7.213707 0.150000 -0.128300 0.988963 -0.074103 -1.139773 0.027000 1 0 1.0
0 -5.389904 -7.144462 -0.557107 -0.128300 0.988963 -0.074103 -0.970183 -0.100279 1 0 1.0
0 -6.329596 -7.266370 -0.557107 -0.128300 0.988963 -0.074103 -1.139327 -0.100279 1 0 1.0
bag_strap
0 -6.329596 -7.266370 -0.557107 -0.118057 0.910005 -0.397434 -1.139327 -0.100279 1 0 1.0
0 -5.389904 -7.144462 -0.557107 -0.118057 0.910005 -0.397434 -0.970183 -0.100279 1 0 1.0
0 -5.363283 -7.268926 -0.850000 -0.118057 0.910005 -0.397434 -0.965391 -0.153000 1 0 1.0
bag_strap
0 -6.329596 -7.266370 -0.557107 -0.118054 0.910009 -0.397425 -1.139327 -0.100279 1 0 1.0
0 -5.363283 -7.268926 -0.850000 -0.118054 0.910009 -0.397425 -0.965391 -0.153000 1 0 1.0
0 -6.323621 -7.393509 -0.850000 -0.118054 0.910009 -0.397425 -1.138252 -0.153000 1 0 1.0
bag_strap
0 -6.323621 -7.393509 -0.850000 0.118054 -0.910005 -0.397434 -1.138252 -0.153000 1 0 1.0
0 -5.363283 -7.268926 -0.850000 0.118054 -0.910005 -0.397434 -0.965391 -0.153000 1 0 1.0
0 -5.336662 -7.393390 -0.557107 0.118054 -0.910005 -0.397434 -0.960599 -0.100279 1 0 1.0
bag_strap
0 -6.323621 -7.393509 -0.850000 0.118051 -0.910010 -0.397425 -1.138252 -0.153000 1 0 1.0
0 -5.336662 -7.393390 -0.557107 0.118051 -0.910010 -0.397425 -0.960599 -0.100279 1 0 1.0
0 -6.317646 -7.520648 -0.557107 0.118051 -0.910010 -0.397425 -1.137176 -0.100279 1 0 1.0
bag_strap
0 -6.317646 -7.520648 -0.557107 0.128293 -0.988964 -0.074106 -1.137176 -0.100279 1 0 1.0
0 -5.336662 -7.393390 -0.557107 0.128293 -0.988964 -0.074106 -0.960599 -0.100279 1 0 1.0
0 -5.325636 -7.444945 0.150000 0.128293 -0.988964 -0.074106 -0.958614 0.027000 1 0 1.0
bag_strap
0 -6.317646 -7.520648 -0.557107 0.128291 -0.988964 -0.074103 -1.137176 -0.100279 1 0 1.0
0 -5.325636 -7.444945 0.150000 0.128291 -0.988964 -0.074103 -0.958614 0.027000 1 0 1.0
0 -6.315171 -7.573310 0.150000 0.128291 -0.988964 -0.074103 -1.136731 0.027000 1 0 1.0
bag_strap
0 -5.325636 -7.444945 0.150000 0.286922 -0.955083 0.074114 -0.958614 0.027000 1 0 1.0
0 -4.364013 -7.156058 0.150000 0.286922 -0.955083 0.074114 -0.785522 0.027000 1 0 1.0
0 -4.383188 -7.106947 0.857107 0.286922 -0.955083 0.074114 -0.788974 0.154279 1 0 1.0
bag_strap
0 -5.325636 -7.444945 0.150000 0.286925 -0.955082 0.074109 -0.958614 0.027000 1 0 1.0
0 -4.383188 -7.106947 0.857107 0.286925 -0.955082 0.074109 -0.788974 0.154279 1 0 1.0
0 -5.336662 -7.393390 0.857107 0.286925 -0.955082 0.074109 -0.960599 0.154279 1 0 1.0
bag_strap
0 -5.336662 -7.393390 0.857107 0.264013 -0.878815 0.397469 -0.960599 0.154279 1 0 1.0
0 -4.383188 -7.106947 0.857107 0.264013 -0.878815 0.397469 -0.788974 0.154279 1 0 1.0
0 -4.429480 -6.988385 1.150000 0.264013 -0.878815 0.397469 -0.797306 0.207000 1 0 1.0
bag_strap
0 -5.336662 -7.393390 0.857107 0.264022 -0.878821 0.397449 -0.960599 0.154279 1 0 1.0
0 -4.429480 -6.988385 1.150000 0.264022 -0.878821 0.397449 -0.797306 0.207000 1 0 1.0
0 -5.363283 -7.268926 1.150000 0.264022 -0.878821 0.397449 -0.965391 0.207000 1 0 1.0
bag_strap
0 -5.363283 -7.268926 1.150000 -0.264020 0.878813 0.397469 -0.965391 0.207000 1 0 1.0
0 -4.429480 -6.988385 1.150000 -0.264020 0.878813 0.397469 -0.797306 0.207000 1 0 1.0
0 -4.475772 -6.869823 0.857107 -0.264020 0.878813 0.397469 -0.805639 0.154279 1 0 1.0
bag_strap
0 -5.363283 -7.268926 1.150000 -0.264029 0.878819 0.397449 -0.965391 0.207000 1 0 1.0
0 -4.475772 -6.869823 0.857107 -0.264029 0.878819 0.397449 -0.805639 0.154279 1 0 1.0
0 -5.389904 -7.144462 0.857107 -0.264029 0.878819 0.397449 -0.970183 0.154279 1 0 1.0
bag_strap
0 -5.389904 -7.144462 0.857107 -0.286940 0.955077 0.074114 -0.970183 0.154279 1 0 1.0
0 -4.475772 -6.869823 0.857107 -0.286940 0.955077 0.074114 -0.805639 0.154279 1 0 1.0
0 -4.494947 -6.820713 0.150000 -0.286940 0.955077 0.074114 -0.809091 0.027000 1 0 1.0
bag_strap
0 -5.389904 -7.144462 0.857107 -0.286944 0.955077 0.074109 -0.970183 0.154279 1 0 1.0
0 -4.494947 -6.820713 0.150000 -0.286944 0.955077 0.074109 -0.809091 0.027000 1 0 1.0
0 -5.400930 -7.092906 0.150000 -0.286944 0.955077 0.074109 -0.972167 0.027000 1 0 1.0
bag_strap
0 -5.400930 -7.092906 0.150000 -0.286943 0.955076 -0.074114 -0.972167 0.027000 1 0 1.0
0 -4.494947 -6.820713 0.150000 -0.286943 0.955076 -0.074114 -0.809091 0.027000 1 0 1.0
0 -4.475772 -6.869823 -0.557107 -0.286943 0.955076 -0.074114 -0.805639 -0.100279 1 0 1.0
bag_strap
0 -5.400930 -7.092906 0.150000 -0.286940 0.955077 -0.074109 -0.972167 0.027000 1 0 1.0
0 -4.475772 -6.869823 -0.557107 -0.286940 0.955077 -0.074109 -0.805639 -0.100279 1 0 1.0
0 -5.389904 -7.144462 -0.557107 -0.286940 0.955077 -0.074109 -0.970183 -0.100279 1 0 1.0
bag_strap
0 -5.389904 -7.144462 -0.557107 -0.264027 0.878810 -0.397469 -0.970183 -0.100279 1 0 1.0
0 -4.475772 -6.869823 -0.557107 -0.264027 0.878810 -0.397469 -0.805639 -0.100279 1 0 1.0
0 -4.429480 -6.988385 -0.850000 -0.264027 0.878810 -0.397469 -0.797306 -0.153000 1 0 1.0
bag_strap
0 -5.389904 -7.144462 -0.557107 -0.264022 0.878821 -0.397449 -0.970183 -0.100279 1 0 1.0
0 -4.429480 -6.988385 -0.850000 -0.264022 0.878821 -0.397449 -0.797306 -0.153000 1 0 1.0
0 -5.363283 -7.268926 -0.850000 -0.264022 0.878821 -0.397449 -0.965391 -0.153000 1 0 1.0
bag_strap
0 -5.363283 -7.268926 -0.850000 0.264020 -0.878813 -0.397469 -0.965391 -0.153000 1 0 1.0
0 -4.429480 -6.988385 -0.850000 0.264020 -0.878813 -0.397469 -0.797306 -0.153000 1 0 1.0
0 -4.383188 -7.106947 -0.557107 0.264020 -0.878813 -0.397469 -0.788974 -0.100279 1 0 1.0
bag_strap
0 -5.363283 -7.268926 -0.850000 0.264016 -0.878823 -0.397449 -0.965391 -0.153000 1 0 1.0
0 -4.383188 -7.106947 -0.557107 0.264016 -0.878823 -0.397449 -0.788974 -0.100279 1 0 1.0
0 -5.336662 -7.393390 -0.557107 0.264016 -0.878823 -0.397449 -0.960599 -0.100279 1 0 1.0
bag_strap
0 -5.336662 -7.393390 -0.557107 0.286925 -0.955082 -0.074114 -0.960599 -0.100279 1 0 1.0
0 -4.383188 -7.106947 -0.557107 0.286925 -0.955082 -0.074114 -0.788974 -0.100279 1 0 1.0
0 -4.364013 -7.156058 0.150000 0.286925 -0.955082 -0.074114 -0.785522 0.027000 1 0 1.0
bag_strap
0 -5.336662 -7.393390 -0.557107 0.286922 -0.955083 -0.074109 -0.960599 -0.100279 1 0 1.0
0 -4.364013 -7.156058 0.150000 0.286922 -0.955083 -0.074109 -0.785522 0.027000 1 0 1.0
0 -5.325636 -7.444945 0.150000 0.286922 -0.955083 -0.074109 -0.958614 0.027000 1 0 1.0
bag_strap
0 -4.364013 -7.156058 0.150000 0.435310 -0.897224 0.074125 -0.785522 0.027000 1 0 1.0
0 -3.451222 -6.713196 0.150000 0.435310 -0.897224 0.074125 -0.621220 0.027000 1 0 1.0
0 -3.477883 -6.667713 0.857107 0.435310 -0.897224 0.074125 -0.626019 0.154279 1 0 1.0
bag_strap
0 -4.364013 -7.156058 0.150000 0.435313 -0.897223 0.074119 -0.785522 0.027000 1 0 1.0
0 -3.477883 -6.667713 0.857107 0.435313 -0.897223 0.074119 -0.626019 0.154279 1 0 1.0
0 -4.383188 -7.106947 0.857107 0.435313 -0.897223 0.074119 -0.788974 0.154279 1 0 1.0
bag_strap
0 -4.383188 -7.106947 0.857107 0.400542 -0.825556 0.397521 -0.788974 0.154279 1 0 1.0
0 -3.477883 -6.667713 0.857107 0.400542 -0.825556 0.397521 -0.626019 0.154279 1 0 1.0
0 -3.542246 -6.557907 1.150000 0.400542 -0.825556 0.397521 -0.637604 0.207000 1 0 1.0
bag_strap
0 -4.383188 -7.106947 0.857107 0.400556 -0.825563 0.397494 -0.788974 0.154279 1 0 1.0
0 -3.542246 -6.557907 1.150000 0.400556 -0.825563 0.397494 -0.637604 0.207000 1 0 1.0
0 -4.429480 -6.988385 1.150000 0.400556 -0.825563 0.397494 -0.797306 0.207000 1 0 1.0
bag_strap
0 -4.429480 -6.988385 1.150000 -0.400551 0.825552 0.397522 -0.797306 0.207000 1 0 1.0
0 -3.542246 -6.557907 1.150000 -0.400551 0.825552 0.397522 -0.637604 0.207000 1 0 1.0
0 -3.606610 -6.448101 0.857107 -0.400551 0.825552 0.397522 -0.649190 0.154279 1 0 1.0
bag_strap
0 -4.429480 -6.988385 1.150000 -0.400565 0.825558 0.397493 -0.797306 0.207000 1 0 1.0
0 -3.606610 -6.448101 0.857107 -0.400565 0.825558 0.397493 -0.649190 0.154279 1 0 1.0
0 -4.475772 -6.869823 0.857107 -0.400565 0.825558 0.397493 -0.805639 0.154279 1 0 1.0
bag_strap
0 -4.475772 -6.869823 0.857107 -0.435332 0.897213 0.074125 -0.805639 0.154279 1 0 1.0
0 -3.606610 -6.448101 0.857107 -0.435332 0.897213 0.074125 -0.649190 0.154279 1 0 1.0
0 -3.633270 -6.402617 0.150000 -0.435332 0.897213 0.074125 -0.653989 0.027000 1 0 1.0
bag_strap
0 -4.475772 -6.869823 0.857107 -0.435337 0.897211 0.074119 -0.805639 0.154279 1 0 1.0
0 -3.633270 -6.402617 0.150000 -0.435337 0.897211 0.074119 -0.653989 0.027000 1 0 1.0
0 -4.494947 -6.820713 0.150000 -0.435337 0.897211 0.074119 -0.809091 0.027000 1 0 1.0
bag_strap
0 -4.494947 -6.820713 0.150000 -0.435336 0.897211 -0.074125 -0.809091 0.027000 1 0 1.0
0 -3.633270 -6.402617 0.150000 -0.435336 0.897211 -0.074125 -0.653989 0.027000 1 0 1.0
0 -3.606610 -6.448101 -0.557107 -0.435336 0.897211 -0.074125 -0.649190 -0.100279 1 0 1.0
bag_strap
0 -4.494947 -6.820713 0.150000 -0.435333 0.897213 -0.074119 -0.809091 0.027000 1 0 1.0
0 -3.606610 -6.448101 -0.557107 -0.435333 0.897213 -0.074119 -0.649190 -0.100279 1 0 1.0
0 -4.475772 -6.869823 -0.557107 -0.435333 0.897213 -0.074119 -0.805639 -0.100279 1 0 1.0
bag_strap
0 -4.475772 -6.869823 -0.557107 -0.400560 0.825547 -0.397522 -0.805639 -0.100279 1 0 1.0
0 -3.606610 -6.448101 -0.557107 -0.400560 0.825547 -0.397522 -0.649190 -0.100279 1 0 1.0
0 -3.542246 -6.557907 -0.850000 -0.400560 0.825547 -0.397522 -0.637604 -0.153000 1 0 1.0
bag_strap
0 -4.475772 -6.869823 -0.557107 -0.400556 0.825563 -0.397494 -0.805639 -0.100279 1 0 1.0
0 -3.542246 -6.557907 -0.850000 -0.400556 0.825563 -0.397494 -0.637604 -0.153000 1 0 1.0
0 -4.429480 -6.988385 -0.850000 -0.400556 0.825563 -0.397494 -0.797306 -0.153000 1 0 1.0
bag_strap
0 -4.429480 -6.988385 -0.850000 0.400551 -0.825552 -0.397522 -0.797306 -0.153000 1 0 1.0
0 -3.542246 -6.557907 -0.850000 0.400551 -0.825552 -0.397522 -0.637604 -0.153000 1 0 1.0
0 -3.477883 -6.667713 -0.557107 0.400551 -0.825552 -0.397522 -0.626019 -0.100279 1 0 1.0
bag_strap
0 -4.429480 -6.988385 -0.850000 0.400547 -0.825567 -0.397494 -0.797306 -0.153000 1 0 1.0
0 -3.477883 -6.667713 -0.557107 0.400547 -0.825567 -0.397494 -0.626019 -0.100279 1 0 1.0
0 -4.383188 -7.106947 -0.557107 0.400547 -0.825567 -0.397494 -0.788974 -0.100279 1 0 1.0
bag_strap
0 -4.383188 -7.106947 -0.557107 0.435313 -0.897222 -0.074125 -0.788974 -0.100279 1 0 1.0
0 -3.477883 -6.667713 -0.557107 0.435313 -0.897222 -0.074125 -0.626019 -0.100279 1 0 1.0
0 -3.451222 -6.713196 0.150000 0.435313 -0.897222 -0.074125 -0.621220 0.027000 1 0 1.0
bag_strap
0 -4.383188 -7.106947 -0.557107 0.435310 -0.897224 -0.074119 -0.788974 -0.100279 1 0 1.0
0 -3.451222 -6.713196 0.150000 0.435310 -0.897224 -0.074119 -0.621220 0.027000 1 0 1.0
0 -4.364013 -7.156058 0.150000 0.435310 -0.897224 -0.074119 -0.785522 0.027000 1 0 1.0
bag_strap
0 -3.451222 -6.713196 0.150000 0.568977 -0.818994 0.074259 -0.621220 0.027000 1 0 1.0
0 -2.625458 -6.139515 0.150000 0.568977 -0.818994 0.074259 -0.472582 0.027000 1 0 1.0
0 -2.653329 -6.094764 0.857107 0.568977 -0.818994 0.074259 -0.477599 0.154279 1 0 1.0
bag_strap
0 -3.451222 -6.713196 0.150000 0.569055 -0.818951 0.074132 -0.621220 0.027000 1 0 1.0
0 -2.653329 -6.094764 0.857107 0.569055 -0.818951 0.074132 -0.477599 0.154279 1 0 1.0
0 -3.477883 -6.667713 0.857107 0.569055 -0.818951 0.074132 -0.626019 0.154279 1 0 1.0
bag_strap
0 -3.477883 -6.667713 0.857107 0.523452 -0.753320 0.398130 -0.626019 0.154279 1 0 1.0
0 -2.653329 -6.094764 0.857107 0.523452 -0.753320 0.398130 -0.477599 0.154279 1 0 1.0
0 -2.720617 -5.986726 1.150000 0.523452 -0.753320 0.398130 -0.489711 0.207000 1 0 1.0
bag_strap
0 -3.477883 -6.667713 0.857107 0.523758 -0.753412 0.397552 -0.626019 0.154279 1 0 1.0
0 -2.720617 -5.986726 1.150000 0.523758 -0.753412 0.397552 -0.489711 0.207000 1 0 1.0
0 -3.542246 -6.557907 1.150000 0.523758 -0.753412 0.397552 -0.637604 0.207000 1 0 1.0
bag_strap
0 -3.542246 -6.557907 1.150000 -0.523616 0.753208 0.398126 -0.637604 0.207000 1 0 1.0
0 -2.720617 -5.986726 1.150000 -0.523616 0.753208 0.398126 -0.489711 0.207000 1 0 1.0
0 -2.787905 -5.878687 0.857107 -0.523616 0.753208 0.398126 -0.501823 0.154279 1 0 1.0
bag_strap
0 -3.542246 -6.557907 1.150000 -0.523924 0.753300 0.397546 -0.637604 0.207000 1 0 1.0
0 -2.787905 -5.878687 0.857107 -0.523924 0.753300 0.397546 -0.501823 0.154279 1 0 1.0
0 -3.606610 -6.448101 0.857107 -0.523924 0.753300 0.397546 -0.649190 0.154279 1 0 1.0
bag_strap
0 -3.606610 -6.448101 0.857107 -0.569407 0.818695 0.074257 -0.649190 0.154279 1 0 1.0
0 -2.787905 -5.878687 0.857107 -0.569407 0.818695 0.074257 -0.501823 0.154279 1 0 1.0
0 -2.815777 -5.833936 0.150000 -0.569407 0.818695 0.074257 -0.506840 0.027000 1 0 1.0
bag_strap
0 -3.606610 -6.448101 0.857107 -0.569487 0.818651 0.074129 -0.649190 0.154279 1 0 1.0
0 -2.815777 -5.833936 0.150000 -0.569487 0.818651 0.074129 -0.506840 0.027000 1 0 1.0
0 -3.633270 -6.402617 0.150000 -0.569487 0.818651 0.074129 -0.653989 0.027000 1 0 1.0
bag_strap
0 -3.633270 -6.402617 0.150000 -0.569481 0.818643 -0.074257 -0.653989 0.027000 1 0 1.0
0 -2.815777 -5.833936 0.150000 -0.569481 0.818643 -0.074257 -0.506840 0.027000 1 0 1.0
0 -2.787905 -5.878687 -0.557107 -0.569481 0.818643 -0.074257 -0.501823 -0.100279 1 0 1.0
bag_strap
0 -3.633270 -6.402617 0.150000 -0.569412 0.818703 -0.074130 -0.653989 0.027000 1 0 1.0
0 -2.787905 -5.878687 -0.557107 -0.569412 0.818703 -0.074130 -0.501823 -0.100279 1 0 1.0
0 -3.606610 -6.448101 -0.557107 -0.569412 0.818703 -0.074130 -0.649190 -0.100279 1 0 1.0
bag_strap
0 -3.606610 -6.448101 -0.557107 -0.523781 0.753095 -0.398122 -0.649190 -0.100279 1 0 1.0
0 -2.787905 -5.878687 -0.557107 -0.523781 0.753095 -0.398122 -0.501823 -0.100279 1 0 1.0
0 -2.720617 -5.986726 -0.850000 -0.523781 0.753095 -0.398122 -0.489711 -0.153000 1 0 1.0
bag_strap
0 -3.606610 -6.448101 -0.557107 -0.523758 0.753412 -0.397551 -0.649190 -0.100279 1 0 1.0
0 -2.720617 -5.986726 -0.850000 -0.523758 0.753412 -0.397551 -0.489711 -0.153000 1 0 1.0
0 -3.542246 -6.557907 -0.850000 -0.523758 0.753412 -0.397551 -0.637604 -0.153000 1 0 1.0
bag_strap
0 -3.542246 -6.557907 -0.850000 0.523616 -0.753208 -0.398126 -0.637604 -0.153000 1 0 1.0
0 -2.720617 -5.986726 -0.850000 0.523616 -0.753208 -0.398126 -0.489711 -0.153000 1 0 1.0
0 -2.653329 -6.094764 -0.557107 0.523616 -0.753208 -0.398126 -0.477599 -0.100279 1 0 1.0
bag_strap
0 -3.542246 -6.557907 -0.850000 0.523593 -0.753524 -0.397557 -0.637604 -0.153000 1 0 1.0
0 -2.653329 -6.094764 -0.557107 0.523593 -0.753524 -0.397557 -0.477599 -0.100279 1 0 1.0
0 -3.477883 -6.667713 -0.557107 0.523593 -0.753524 -0.397557 -0.626019 -0.100279 1 0 1.0
bag_strap
0 -3.477883 -6.667713 -0.557107 0.569050 -0.818943 -0.074259 -0.626019 -0.100279 1 0 1.0
0 -2.653329 -6.094764 -0.557107 0.569050 -0.818943 -0.074259 -0.477599 -0.100279 1 0 1.0
0 -2.625458 -6.139515 0.150000 0.569050 -0.818943 -0.074259 -0.472582 0.027000 1 0 1.0
bag_strap
0 -3.477883 -6.667713 -0.557107 0.568982 -0.819002 -0.074133 -0.626019 -0.100279 1 0 1.0
0 -2.625458 -6.139515 0.150000 0.568982 -0.819002 -0.074133 -0.472582 0.027000 1 0 1.0
0 -3.451222 -6.713196 0.150000 0.568982 -0.819002 -0.074133 -0.621220 0.027000 1 0 1.0
bag_strap
0 -2.625458 -6.139515 0.150000 0.507905 -0.858199 0.074352 -0.472582 0.027000 1 0 1.0
0 -0.708320 -5.004902 0.150000 0.507905 -0.858199 0.074352 -0.127498 0.027000 1 0 1.0
0 -0.735173 -4.959533 0.857107 0.507905 -0.858199 0.074352 -0.132331 0.154279 1 0 1.0
bag_strap
0 -2.625458 -6.139515 0.150000 0.507910 -0.858197 0.074333 -0.472582 0.027000 1 0 1.0
0 -0.735173 -4.959533 0.857107 0.507910 -0.858197 0.074333 -0.132331 0.154279 1 0 1.0
0 -2.653329 -6.094764 0.857107 0.507910 -0.858197 0.074333 -0.477599 0.154279 1 0 1.0
bag_strap
0 -2.653329 -6.094764 0.857107 0.467120 -0.789274 0.398554 -0.477599 0.154279 1 0 1.0
0 -0.735173 -4.959533 0.857107 0.467120 -0.789274 0.398554 -0.132331 0.154279 1 0 1.0
0 -0.800000 -4.850000 1.150000 0.467120 -0.789274 0.398554 -0.144000 0.207000 1 0 1.0
bag_strap
0 -2.653329 -6.094764 0.857107 0.467151 -0.789300 0.398467 -0.477599 0.154279 1 0 1.0
0 -0.800000 -4.850000 1.150000 0.467151 -0.789300 0.398467 -0.144000 0.207000 1 0 1.0
0 -2.720617 -5.986726 1.150000 0.467151 -0.789300 0.398467 -0.489711 0.207000 1 0 1.0
bag_strap
0 -2.720617 -5.986726 1.150000 -0.467132 0.789268 0.398554 -0.489711 0.207000 1 0 1.0
0 -0.800000 -4.850000 1.150000 -0.467132 0.789268 0.398554 -0.144000 0.207000 1 0 1.0
0 -0.864827 -4.740467 0.857107 -0.467132 0.789268 0.398554 -0.155669 0.154279 1 0 1.0
bag_strap
0 -2.720617 -5.986726 1.150000 -0.467162 0.789293 0.398467 -0.489711 0.207000 1 0 1.0
0 -0.864827 -4.740467 0.857107 -0.467162 0.789293 0.398467 -0.155669 0.154279 1 0 1.0
0 -2.787905 -5.878687 0.857107 -0.467162 0.789293 0.398467 -0.501823 0.154279 1 0 1.0
bag_strap
0 -2.787905 -5.878687 0.857107 -0.507935 0.858181 0.074352 -0.501823 0.154279 1 0 1.0
0 -0.864827 -4.740467 0.857107 -0.507935 0.858181 0.074352 -0.155669 0.154279 1 0 1.0
0 -0.891680 -4.695097 0.150000 -0.507935 0.858181 0.074352 -0.160502 0.027000 1 0 1.0
bag_strap
0 -2.787905 -5.878687 0.857107 -0.507941 0.858179 0.074333 -0.501823 0.154279 1 0 1.0
0 -0.891680 -4.695097 0.150000 -0.507941 0.858179 0.074333 -0.160502 0.027000 1 0 1.0
0 -2.815777 -5.833936 0.150000 -0.507941 0.858179 0.074333 -0.506840 0.027000 1 0 1.0
bag_strap
0 -2.815777 -5.833936 0.150000 -0.507940 0.858178 -0.074352 -0.506840 0.027000 1 0 1.0
0 -0.891680 -4.695097 0.150000 -0.507940 0.858178 -0.074352 -0.160502 0.027000 1 0 1.0
0 -0.864827 -4.740467 -0.557107 -0.507940 0.858178 -0.074352 -0.155669 -0.100279 1 0 1.0
bag_strap
0 -2.815777 -5.833936 0.150000 -0.507936 0.858182 -0.074333 -0.506840 0.027000 1 0 1.0
0 -0.864827 -4.740467 -0.557107 -0.507936 0.858182 -0.074333 -0.155669 -0.100279 1 0 1.0
0 -2.787905 -5.878687 -0.557107 -0.507936 0.858182 -0.074333 -0.501823 -0.100279 1 0 1.0
bag_strap
0 -2.787905 -5.878687 -0.557107 -0.467143 0.789261 -0.398553 -0.501823 -0.100279 1 0 1.0
0 -0.864827 -4.740467 -0.557107 -0.467143 0.789261 -0.398553 -0.155669 -0.100279 1 0 1.0
0 -0.800000 -4.850000 -0.850000 -0.467143 0.789261 -0.398553 -0.144000 -0.153000 1 0 1.0
bag_strap
0 -2.787905 -5.878687 -0.557107 -0.467151 0.789300 -0.398467 -0.501823 -0.100279 1 0 1.0
0 -0.800000 -4.850000 -0.850000 -0.467151 0.789300 -0.398467 -0.144000 -0.153000 1 0 1.0
0 -2.720617 -5.986726 -0.850000 -0.467151 0.789300 -0.398467 -0.489711 -0.153000 1 0 1.0
bag_strap
0 -2.720617 -5.986726 -0.850000 0.467131 -0.789268 -0.398553 -0.489711 -0.153000 1 0 1.0
0 -0.800000 -4.850000 -0.850000 0.467131 -0.789268 -0.398553 -0.144000 -0.153000 1 0 1.0
0 -0.735173 -4.959533 -0.557107 0.467131 -0.789268 -0.398553 -0.132331 -0.100279 1 0 1.0
bag_strap
0 -2.720617 -5.986726 -0.850000 0.467139 -0.789307 -0.398467 -0.489711 -0.153000 1 0 1.0
0 -0.735173 -4.959533 -0.557107 0.467139 -0.789307 -0.398467 -0.132331 -0.100279 1 0 1.0
0 -2.653329 -6.094764 -0.557107 0.467139 -0.789307 -0.398467 -0.477599 -0.100279 1 0 1.0
bag_strap
0 -2.653329 -6.094764 -0.557107 0.507910 -0.858196 -0.074352 -0.477599 -0.100279 1 0 1.0
0 -0.735173 -4.959533 -0.557107 0.507910 -0.858196 -0.074352 -0.132331 -0.100279 1 0 1.0
0 -0.708320 -5.004902 0.150000 0.507910 -0.858196 -0.074352 -0.127498 0.027000 1 0 1.0
bag_strap
0 -2.653329 -6.094764 -0.557107 0.507905 -0.858200 -0.074333 -0.477599 -0.100279 1 0 1.0
0 -0.708320 -5.004902 0.150000 0.507905 -0.858200 -0.074333 -0.127498 0.027000 1 0 1.0
0 -2.625458 -6.139515 0.150000 0.507905 -0.858200 -0.074333 -0.472582 0.027000 1 0 1.0
bag_strap
0 -0.800000 4.850000 -0.850000 0.860571 -0.509331 -0.000000 0.873000 -0.153000 1 0 1.0
0 -0.735173 4.959533 -0.557107 0.860571 -0.509331 -0.000000 0.892716 -0.100279 1 0 1.0
0 -0.708320 5.004902 0.150000 0.860571 -0.509331 -0.000000 0.900882 0.027000 1 0 1.0
bag_strap
0 -0.708320 5.004902 0.150000 0.860571 -0.509331 0.000000 0.900882 0.027000 1 0 1.0
0 -0.735173 4.959533 0.857107 0.860571 -0.509331 0.000000 0.892716 0.154279 1 0 1.0
0 -0.800000 4.850000 1.150000 0.860571 -0.509331 0.000000 0.873000 0.207000 1 0 1.0
bag_strap
0 -0.800000 4.850000 1.150000 0.860571 -0.509331 -0.000000 0.873000 0.207000 1 0 1.0
0 -0.864827 4.740467 0.857107 0.860571 -0.509331 -0.000000 0.853284 0.154279 1 0 1.0
0 -0.891680 4.695097 0.150000 0.860571 -0.509331 -0.000000 0.845118 0.027000 1 0 1.0
bag_strap
0 -0.891680 4.695097 0.150000 0.860571 -0.509331 0.000000 0.845118 0.027000 1 0 1.0
0 -0.864827 4.740467 -0.557107 0.860571 -0.509331 0.000000 0.853284 -0.100279 1 0 1.0
0 -0.800000 4.850000 -0.850000 0.860571 -0.509331 0.000000 0.873000 -0.153000 1 0 1.0
bag_strap
0 -0.800000 4.850000 -0.850000 0.860570 -0.509333 0.000000 0.873000 -0.153000 1 0 1.0
0 -0.708320 5.004902 0.150000 0.860570 -0.509333 0.000000 0.900882 0.027000 1 0 1.0
0 -0.800000 4.850000 1.150000 0.860570 -0.509333 0.000000 0.873000 0.207000 1 0 1.0
bag_strap
0 -0.800000 4.850000 1.150000 0.860570 -0.509333 0.000000 0.873000 0.207000 1 0 1.0
0 -0.891680 4.695097 0.150000 0.860570 -0.509333 0.000000 0.845118 0.027000 1 0 1.0
0 -0.800000 4.850000 -0.850000 0.860570 -0.509333 0.000000 0.873000 -0.153000 1 0 1.0
bag_strap
0 -0.735173 -4.959533 0.857107 0.860568 0.509335 0.000000 -0.892716 0.154279 1 0 1.0
0 -0.708320 -5.004902 0.150000 0.860568 0.509335 0.000000 -0.900882 0.027000 1 0 1.0
0 -0.735173 -4.959533 -0.557107 0.860568 0.509335 0.000000 -0.892716 -0.100279 1 0 1.0
bag_strap
0 -0.735173 -4.959533 -0.557107 0.860570 0.509332 0.000000 -0.892716 -0.100279 1 0 1.0
0 -0.800000 -4.850000 -0.850000 0.860570 0.509332 0.000000 -0.873000 -0.153000 1 0 1.0
0 -0.864827 -4.740467 -0.557107 0.860570 0.509332 0.000000 -0.853284 -0.100279 1 0 1.0
bag_strap
0 -0.864827 -4.740467 -0.557107 0.860568 0.509335 0.000000 -0.853284 -0.100279 1 0 1.0
0 -0.891680 -4.695097 0.150000 0.860568 0.509335 0.000000 -0.845118 0.027000 1 0 1.0
0 -0.864827 -4.740467 0.857107 0.860568 0.509335 0.000000 -0.853284 0.154279 1 0 1.0
bag_strap
0 -0.864827 -4.740467 0.857107 0.860570 0.509332 0.000000 -0.853284 0.154279 1 0 1.0
0 -0.800000 -4.850000 1.150000 0.860570 0.509332 0.000000 -0.873000 0.207000 1 0 1.0
0 -0.735173 -4.959533 0.857107 0.860570 0.509332 0.000000 -0.892716 0.154279 1 0 1.0
bag_strap
0 -0.735173 -4.959533 0.857107 0.860570 0.509332 0.000000 -0.892716 0.154279 1 0 1.0
0 -0.735173 -4.959533 -0.557107 0.860570 0.509332 0.000000 -0.892716 -0.100279 1 0 1.0
0 -0.864827 -4.740467 -0.557107 0.860570 0.509332 0.000000 -0.853284 -0.100279 1 0 1.0
bag_strap
0 -0.864827 -4.740467 -0.557107 0.860570 0.509332 0.000000 -0.853284 -0.100279 1 0 1.0
0 -0.864827 -4.740467 0.857107 0.860570 0.509332 0.000000 -0.853284 0.154279 1 0 1.0
0 -0.735173 -4.959533 0.857107 0.860570 0.509332 0.000000 -0.892716 0.154279 1 0 1.0
bag_strap
0 -2.000000 3.750000 0.700000 0.000000 0.000000 -1.000000 -0.360000 0.675000 1 0 1.0
0 -1.878207 4.362294 0.700000 0.000000 0.000000 -1.000000 -0.338077 0.785213 1 0 1.0
0 -1.531371 4.881371 0.700000 0.000000 0.000000 -1.000000 -0.275647 0.878647 1 0 1.0
bag_strap
0 -1.531371 4.881371 0.700000 -0.000000 0.000000 -1.000000 -0.275647 0.878647 1 0 1.0
0 -1.012294 5.228208 0.700000 -0.000000 0.000000 -1.000000 -0.182213 0.941077 1 0 1.0
0 -0.400000 5.350000 0.700000 -0.000000 0.000000 -1.000000 -0.072000 0.963000 1 0 1.0
bag_strap
0 -0.400000 5.350000 0.700000 0.000000 0.000000 -1.000000 -0.072000 0.963000 1 0 1.0
0 0.400000 5.350000 0.700000 0.000000 0.000000 -1.000000 0.072000 0.963000 1 0 1.0
0 1.012294 5.228208 0.700000 0.000000 0.000000 -1.000000 0.182213 0.941077 1 0 1.0
bag_strap
0 1.012294 5.228208 0.700000 0.000000 0.000000 -1.000000 0.182213 0.941077 1 0 1.0
0 1.531371 4.881371 0.700000 0.000000 0.000000 -1.000000 0.275647 0.878647 1 0 1.0
0 1.878208 4.362294 0.700000 0.000000 0.000000 -1.000000 0.338077 0.785213 1 0 1.0
bag_strap
0 1.878208 4.362294 0.700000 -0.000001 -0.000000 -1.000000 0.338077 0.785213 1 0 1.0
0 2.000000 3.750000 0.700000 -0.000001 -0.000000 -1.000000 0.360000 0.675000 1 0 1.0
0 2.000000 -3.750000 0.700000 -0.000001 -0.000000 -1.000000 0.360000 -0.675000 1 0 1.0
bag_strap
0 2.000000 -3.750000 0.700000 0.000000 0.000000 -1.000000 0.360000 -0.675000 1 0 1.0
0 1.878207 -4.362294 0.700000 0.000000 0.000000 -1.000000 0.338077 -0.785213 1 0 1.0
0 1.531371 -4.881371 0.700000 0.000000 0.000000 -1.000000 0.275647 -0.878647 1 0 1.0
bag_strap
0 1.531371 -4.881371 0.700000 0.000000 -0.000000 -1.000000 0.275647 -0.878647 1 0 1.0
0 1.012294 -5.228208 0.700000 0.000000 -0.000000 -1.000000 0.182213 -0.941077 1 0 1.0
0 0.400000 -5.350000 0.700000 0.000000 -0.000000 -1.000000 0.072000 -0.963000 1 0 1.0
bag_strap
0 0.400000 -5.350000 0.700000 -0.000000 -0.000001 -1.000000 0.072000 -0.963000 1 0 1.0
0 -0.400000 -5.350000 0.700000 -0.000000 -0.000001 -1.000000 -0.072000 -0.963000 1 0 1.0
0 -1.012294 -5.228208 0.700000 -0.000000 -0.000001 -1.000000 -0.182213 -0.941077 1 0 1.0
bag_strap
0 -1.012294 -5.228208 0.700000 0.000000 0.000000 -1.000000 -0.182213 -0.941077 1 0 1.0
0 -1.531371 -4.881371 0.700000 0.000000 0.000000 -1.000000 -0.275647 -0.878647 1 0 1.0
0 -1.878207 -4.362294 0.700000 0.000000 0.000000 -1.000000 -0.338077 -0.785213 1 0 1.0
bag_strap
0 -1.878207 -4.362294 0.700000 0.000000 0.000000 -1.000000 -0.338077 -0.785213 1 0 1.0
0 -2.000000 -3.750000 0.700000 0.000000 0.000000 -1.000000 -0.360000 -0.675000 1 0 1.0
0 -2.000000 3.750000 0.700000 0.000000 0.000000 -1.000000 -0.360000 0.675000 1 0 1.0
bag_strap
0 -2.000000 3.750000 0.700000 -0.000000 0.000000 -1.000000 -0.360000 0.675000 1 0 1.0
0 -1.531371 4.881371 0.700000 -0.000000 0.000000 -1.000000 -0.275647 0.878647 1 0 1.0
0 -0.400000 5.350000 0.700000 -0.000000 0.000000 -1.000000 -0.072000 0.963000 1 0 1.0
bag_strap
0 -0.400000 5.350000 0.700000 0.000000 0.000000 -1.000000 -0.072000 0.963000 1 0 1.0
0 1.012294 5.228208 0.700000 0.000000 0.000000 -1.000000 0.182213 0.941077 1 0 1.0
0 1.878208 4.362294 0.700000 0.000000 0.000000 -1.000000 0.338077 0.785213 1 0 1.0
bag_strap
0 1.878208 4.362294 0.700000 0.000000 0.000000 -1.000000 0.338077 0.785213 1 0 1.0
0 2.000000 -3.750000 0.700000 0.000000 0.000000 -1.000000 0.360000 -0.675000 1 0 1.0
0 1.531371 -4.881371 0.700000 0.000000 0.000000 -1.000000 0.275647 -0.878647 1 0 1.0
bag_strap
0 1.531371 -4.881371 0.700000 0.000000 0.000000 -1.000000 0.275647 -0.878647 1 0 1.0
0 0.400000 -5.350000 0.700000 0.000000 0.000000 -1.000000 0.072000 -0.963000 1 0 1.0
0 -1.012294 -5.228208 0.700000 0.000000 0.000000 -1.000000 -0.182213 -0.941077 1 0 1.0
bag_strap
0 -1.012294 -5.228208 0.700000 0.000000 0.000000 -1.000000 -0.182213 -0.941077 1 0 1.0
0 -1.878207 -4.362294 0.700000 0.000000 0.000000 -1.000000 -0.338077 -0.785213 1 0 1.0
0 -2.000000 3.750000 0.700000 0.000000 0.000000 -1.000000 -0.360000 0.675000 1 0 1.0
bag_strap
0 -2.000000 3.750000 0.700000 0.000000 -0.000000 -1.000000 -0.360000 0.675000 1 0 1.0
0 -0.400000 5.350000 0.700000 0.000000 -0.000000 -1.000000 -0.072000 0.963000 1 0 1.0
0 1.878208 4.362294 0.700000 0.000000 -0.000000 -1.000000 0.338077 0.785213 1 0 1.0
bag_strap
0 1.878208 4.362294 0.700000 0.000000 -0.000000 -1.000000 0.338077 0.785213 1 0 1.0
0 1.531371 -4.881371 0.700000 0.000000 -0.000000 -1.000000 0.275647 -0.878647 1 0 1.0
0 -1.012294 -5.228208 0.700000 0.000000 -0.000000 -1.000000 -0.182213 -0.941077 1 0 1.0
bag_strap
0 1.878208 4.362294 0.700000 -0.000000 0.000000 -1.000000 0.338077 0.785213 1 0 1.0
0 -1.012294 -5.228208 0.700000 -0.000000 0.000000 -1.000000 -0.182213 -0.941077 1 0 1.0
0 -2.000000 3.750000 0.700000 -0.000000 0.000000 -1.000000 -0.360000 0.675000 1 0 1.0
bag_strap
0 1.878207 -4.362294 1.100000 0.980785 -0.195090 0.000000 -0.785213 0.198000 1 0 1.0
0 1.878207 -4.362294 0.700000 0.980785 -0.195090 0.000000 -0.785213 0.126000 1 0 1.0
0 2.000000 -3.750000 0.700000 0.980785 -0.195090 0.000000 -0.675000 0.126000 1 0 1.0
bag_strap
0 1.878207 -4.362294 1.100000 0.980785 -0.195090 0.000000 -0.785213 0.198000 1 0 1.0
0 2.000000 -3.750000 0.700000 0.980785 -0.195090 0.000000 -0.675000 0.126000 1 0 1.0
0 2.000000 -3.750000 1.100000 0.980785 -0.195090 0.000000 -0.675000 0.198000 1 0 1.0
bag_strap
0 1.531371 -4.881371 1.100000 0.831469 -0.555570 0.000000 -0.878647 0.198000 1 0 1.0
0 1.531371 -4.881371 0.700000 0.831469 -0.555570 0.000000 -0.878647 0.126000 1 0 1.0
0 1.878207 -4.362294 0.700000 0.831469 -0.555570 0.000000 -0.785213 0.126000 1 0 1.0
bag_strap
0 1.531371 -4.881371 1.100000 0.831469 -0.555570 0.000000 -0.878647 0.198000 1 0 1.0
0 1.878207 -4.362294 0.700000 0.831469 -0.555570 0.000000 -0.785213 0.126000 1 0 1.0
0 1.878207 -4.362294 1.100000 0.831469 -0.555570 0.000000 -0.785213 0.198000 1 0 1.0
bag_strap
0 -1.012294 5.228208 1.100000 -0.555570 0.831469 0.000000 -0.182213 0.198000 1 0 1.0
0 -1.012294 5.228208 0.700000 -0.555570 0.831469 0.000000 -0.182213 0.126000 1 0 1.0
0 -1.531371 4.881371 0.700000 -0.555570 0.831469 0.000000 -0.275647 0.126000 1 0 1.0
bag_strap
0 -1.012294 5.228208 1.100000 -0.555570 0.831469 0.000000 -0.182213 0.198000 1 0 1.0
0 -1.531371 4.881371 0.700000 -0.555570 0.831469 0.000000 -0.275647 0.126000 1 0 1.0
0 -1.531371 4.881371 1.100000 -0.555570 0.831469 0.000000 -0.275647 0.198000 1 0 1.0
bag_strap
0 1.012294 5.228208 1.100000 0.195090 0.980785 0.000000 0.182213 0.198000 1 0 1.0
0 1.012294 5.228208 0.700000 0.195090 0.980785 0.000000 0.182213 0.126000 1 0 1.0
0 0.400000 5.350000 0.700000 0.195090 0.980785 0.000000 0.072000 0.126000 1 0 1.0
bag_strap
0 1.012294 5.228208 1.100000 0.195090 0.980785 0.000000 0.182213 0.198000 1 0 1.0
0 0.400000 5.350000 0.700000 0.195090 0.980785 0.000000 0.072000 0.126000 1 0 1.0
0 0.400000 5.350000 1.100000 0.195090 0.980785 0.000000 0.072000 0.198000 1 0 1.0
bag_strap
0 0.400000 -5.350000 1.100000 0.195090 -0.980785 0.000000 0.072000 0.198000 1 0 1.0
0 0.400000 -5.350000 0.700000 0.195090 -0.980785 0.000000 0.072000 0.126000 1 0 1.0
0 1.012294 -5.228208 0.700000 0.195090 -0.980785 0.000000 0.182213 0.126000 1 0 1.0
bag_strap
0 0.400000 -5.350000 1.100000 0.195090 -0.980785 0.000000 0.072000 0.198000 1 0 1.0
0 1.012294 -5.228208 0.700000 0.195090 -0.980785 0.000000 0.182213 0.126000 1 0 1.0
0 1.012294 -5.228208 1.100000 0.195090 -0.980785 0.000000 0.182213 0.198000 1 0 1.0
bag_strap
0 1.012294 -5.228208 1.100000 0.555570 -0.831469 0.000000 0.182213 0.198000 1 0 1.0
0 1.012294 -5.228208 0.700000 0.555570 -0.831469 0.000000 0.182213 0.126000 1 0 1.0
0 1.531371 -4.881371 0.700000 0.555570 -0.831469 0.000000 0.275647 0.126000 1 0 1.0
bag_strap
0 1.012294 -5.228208 1.100000 0.555570 -0.831469 0.000000 0.182213 0.198000 1 0 1.0
0 1.531371 -4.881371 0.700000 0.555570 -0.831469 0.000000 0.275647 0.126000 1 0 1.0
0 1.531371 -4.881371 1.100000 0.555570 -0.831469 0.000000 0.275647 0.198000 1 0 1.0
bag_strap
0 1.531371 4.881371 1.100000 0.555570 0.831469 0.000000 0.275647 0.198000 1 0 1.0
0 1.531371 4.881371 0.700000 0.555570 0.831469 0.000000 0.275647 0.126000 1 0 1.0
0 1.012294 5.228208 0.700000 0.555570 0.831469 0.000000 0.182213 0.126000 1 0 1.0
bag_strap
0 1.531371 4.881371 1.100000 0.555570 0.831469 0.000000 0.275647 0.198000 1 0 1.0
0 1.012294 5.228208 0.700000 0.555570 0.831469 0.000000 0.182213 0.126000 1 0 1.0
0 1.012294 5.228208 1.100000 0.555570 0.831469 0.000000 0.182213 0.198000 1 0 1.0
bag_strap
0 -1.531371 4.881371 1.100000 -0.831469 0.555570 0.000000 0.878647 0.198000 1 0 1.0
0 -1.531371 4.881371 0.700000 -0.831469 0.555570 0.000000 0.878647 0.126000 1 0 1.0
0 -1.878207 4.362294 0.700000 -0.831469 0.555570 0.000000 0.785213 0.126000 1 0 1.0
bag_strap
0 -1.531371 4.881371 1.100000 -0.831469 0.555570 0.000000 0.878647 0.198000 1 0 1.0
0 -1.878207 4.362294 0.700000 -0.831469 0.555570 0.000000 0.785213 0.126000 1 0 1.0
0 -1.878207 4.362294 1.100000 -0.831469 0.555570 0.000000 0.785213 0.198000 1 0 1.0
bag_strap
0 1.878208 4.362294 1.100000 0.831469 0.555570 0.000000 0.785213 0.198000 1 0 1.0
0 1.878208 4.362294 0.700000 0.831469 0.555570 0.000000 0.785213 0.126000 1 0 1.0
0 1.531371 4.881371 0.700000 0.831469 0.555570 0.000000 0.878647 0.126000 1 0 1.0
bag_strap
0 1.878208 4.362294 1.100000 0.831469 0.555570 0.000000 0.785213 0.198000 1 0 1.0
0 1.531371 4.881371 0.700000 0.831469 0.555570 0.000000 0.878647 0.126000 1 0 1.0
0 1.531371 4.881371 1.100000 0.831469 0.555570 0.000000 0.878647 0.198000 1 0 1.0
bag_strap
0 1.531371 -4.881371 1.100000 0.000000 0.000000 1.000000 0.275647 -0.878647 1 0 1.0
0 1.878207 -4.362294 1.100000 0.000000 0.000000 1.000000 0.338077 -0.785213 1 0 1.0
0 2.000000 -3.750000 1.100000 0.000000 0.000000 1.000000 0.360000 -0.675000 1 0 1.0
bag_strap
0 2.000000 -3.750000 1.100000 0.000000 0.000000 1.000000 0.360000 -0.675000 1 0 1.0
0 2.000000 3.750000 1.100000 0.000000 0.000000 1.000000 0.360000 0.675000 1 0 1.0
0 1.878208 4.362294 1.100000 0.000000 0.000000 1.000000 0.338077 0.785213 1 0 1.0
bag_strap
0 1.878208 4.362294 1.100000 0.000000 0.000000 1.000000 0.338077 0.785213 1 0 1.0
0 1.531371 4.881371 1.100000 0.000000 0.000000 1.000000 0.275647 0.878647 1 0 1.0
0 1.012294 5.228208 1.100000 0.000000 0.000000 1.000000 0.182213 0.941077 1 0 1.0
bag_strap
0 1.012294 5.228208 1.100000 0.000000 0.000000 1.000000 0.182213 0.941077 1 0 1.0
0 0.400000 5.350000 1.100000 0.000000 0.000000 1.000000 0.072000 0.963000 1 0 1.0
0 -0.400000 5.350000 1.100000 0.000000 0.000000 1.000000 -0.072000 0.963000 1 0 1.0
bag_strap
0 -0.400000 5.350000 1.100000 0.000000 0.000000 1.000000 -0.072000 0.963000 1 0 1.0
0 -1.012294 5.228208 1.100000 0.000000 0.000000 1.000000 -0.182213 0.941077 1 0 1.0
0 -1.531371 4.881371 1.100000 0.000000 0.000000 1.000000 -0.275647 0.878647 1 0 1.0
bag_strap
0 -1.531371 4.881371 1.100000 0.000000 0.000000 1.000000 -0.275647 0.878647 1 0 1.0
0 -1.878207 4.362294 1.100000 0.000000 0.000000 1.000000 -0.338077 0.785213 1 0 1.0
0 -2.000000 3.750000 1.100000 0.000000 0.000000 1.000000 -0.360000 0.675000 1 0 1.0
bag_strap
0 -2.000000 3.750000 1.100000 0.000000 0.000000 1.000000 -0.360000 0.675000 1 0 1.0
0 -2.000000 -3.750000 1.100000 0.000000 0.000000 1.000000 -0.360000 -0.675000 1 0 1.0
0 -1.878207 -4.362294 1.100000 0.000000 0.000000 1.000000 -0.338077 -0.785213 1 0 1.0
bag_strap
0 -1.878207 -4.362294 1.100000 0.000000 0.000000 1.000000 -0.338077 -0.785213 1 0 1.0
0 -1.531371 -4.881371 1.100000 0.000000 0.000000 1.000000 -0.275647 -0.878647 1 0 1.0
0 -1.012294 -5.228208 1.100000 0.000000 0.000000 1.000000 -0.182213 -0.941077 1 0 1.0
bag_strap
0 -1.012294 -5.228208 1.100000 0.000000 0.000000 1.000000 -0.182213 -0.941077 1 0 1.0
0 -0.400000 -5.350000 1.100000 0.000000 0.000000 1.000000 -0.072000 -0.963000 1 0 1.0
0 0.400000 -5.350000 1.100000 0.000000 0.000000 1.000000 0.072000 -0.963000 1 0 1.0
bag_strap
0 0.400000 -5.350000 1.100000 0.000000 0.000000 1.000000 0.072000 -0.963000 1 0 1.0
0 1.012294 -5.228208 1.100000 0.000000 0.000000 1.000000 0.182213 -0.941077 1 0 1.0
0 1.531371 -4.881371 1.100000 0.000000 0.000000 1.000000 0.275647 -0.878647 1 0 1.0
bag_strap
0 1.531371 -4.881371 1.100000 0.000000 0.000000 1.000000 0.275647 -0.878647 1 0 1.0
0 2.000000 -3.750000 1.100000 0.000000 0.000000 1.000000 0.360000 -0.675000 1 0 1.0
0 1.878208 4.362294 1.100000 0.000000 0.000000 1.000000 0.338077 0.785213 1 0 1.0
bag_strap
0 1.878208 4.362294 1.100000 0.000000 0.000000 1.000000 0.338077 0.785213 1 0 1.0
0 1.012294 5.228208 1.100000 0.000000 0.000000 1.000000 0.182213 0.941077 1 0 1.0
0 -0.400000 5.350000 1.100000 0.000000 0.000000 1.000000 -0.072000 0.963000 1 0 1.0
bag_strap
0 -0.400000 5.350000 1.100000 0.000000 0.000000 1.000000 -0.072000 0.963000 1 0 1.0
0 -1.531371 4.881371 1.100000 0.000000 0.000000 1.000000 -0.275647 0.878647 1 0 1.0
0 -2.000000 3.750000 1.100000 0.000000 0.000000 1.000000 -0.360000 0.675000 1 0 1.0
bag_strap
0 -2.000000 3.750000 1.100000 0.000000 0.000000 1.000000 -0.360000 0.675000 1 0 1.0
0 -1.878207 -4.362294 1.100000 0.000000 0.000000 1.000000 -0.338077 -0.785213 1 0 1.0
0 -1.012294 -5.228208 1.100000 0.000000 0.000000 1.000000 -0.182213 -0.941077 1 0 1.0
bag_strap
0 -1.012294 -5.228208 1.100000 0.000000 0.000000 1.000000 -0.182213 -0.941077 1 0 1.0
0 0.400000 -5.350000 1.100000 0.000000 0.000000 1.000000 0.072000 -0.963000 1 0 1.0
0 1.531371 -4.881371 1.100000 0.000000 0.000000 1.000000 0.275647 -0.878647 1 0 1.0
bag_strap
0 1.531371 -4.881371 1.100000 0.000000 0.000000 1.000000 0.275647 -0.878647 1 0 1.0
0 1.878208 4.362294 1.100000 0.000000 0.000000 1.000000 0.338077 0.785213 1 0 1.0
0 -0.400000 5.350000 1.100000 0.000000 0.000000 1.000000 -0.072000 0.963000 1 0 1.0
bag_strap
0 -0.400000 5.350000 1.100000 0.000000 0.000000 1.000000 -0.072000 0.963000 1 0 1.0
0 -2.000000 3.750000 1.100000 0.000000 0.000000 1.000000 -0.360000 0.675000 1 0 1.0
0 -1.012294 -5.228208 1.100000 0.000000 0.000000 1.000000 -0.182213 -0.941077 1 0 1.0
bag_strap
0 -0.400000 5.350000 1.100000 0.000000 0.000000 1.000000 -0.072000 0.963000 1 0 1.0
0 -1.012294 -5.228208 1.100000 0.000000 0.000000 1.000000 -0.182213 -0.941077 1 0 1.0
0 1.531371 -4.881371 1.100000 0.000000 0.000000 1.000000 0.275647 -0.878647 1 0 1.0
bag_strap
0 -1.878207 4.362294 1.100000 -0.980785 0.195090 0.000000 0.785213 0.198000 1 0 1.0
0 -1.878207 4.362294 0.700000 -0.980785 0.195090 0.000000 0.785213 0.126000 1 0 1.0
0 -2.000000 3.750000 0.700000 -0.980785 0.195090 0.000000 0.675000 0.126000 1 0 1.0
bag_strap
0 -1.878207 4.362294 1.100000 -0.980785 0.195090 0.000000 0.785213 0.198000 1 0 1.0
0 -2.000000 3.750000 0.700000 -0.980785 0.195090 0.000000 0.675000 0.126000 1 0 1.0
0 -2.000000 3.750000 1.100000 -0.980785 0.195090 0.000000 0.675000 0.198000 1 0 1.0
bag_strap
0 -0.400000 5.350000 1.100000 -0.195090 0.980785 0.000000 -0.072000 0.198000 1 0 1.0
0 -0.400000 5.350000 0.700000 -0.195090 0.980785 0.000000 -0.072000 0.126000 1 0 1.0
0 -1.012294 5.228208 0.700000 -0.195090 0.980785 0.000000 -0.182213 0.126000 1 0 1.0
bag_strap
0 -0.400000 5.350000 1.100000 -0.195090 0.980785 0.000000 -0.072000 0.198000 1 0 1.0
0 -1.012294 5.228208 0.700000 -0.195090 0.980785 0.000000 -0.182213 0.126000 1 0 1.0
0 -1.012294 5.228208 1.100000 -0.195090 0.980785 0.000000 -0.182213 0.198000 1 0 1.0
bag_strap
0 2.000000 3.750000 0.700000 1.000000 0.000000 0.000000 0.675000 0.126000 1 0 1.0
0 2.000000 3.750000 1.100000 1.000000 0.000000 0.000000 0.675000 0.198000 1 0 1.0
0 2.000000 -3.750000 1.100000 1.000000 0.000000 0.000000 -0.675000 0.198000 1 0 1.0
bag_strap
0 2.000000 3.750000 0.700000 1.000000 0.000000 0.000000 0.675000 0.126000 1 0 1.0
0 2.000000 -3.750000 1.100000 1.000000 0.000000 0.000000 -0.675000 0.198000 1 0 1.0
0 2.000000 -3.750000 0.700000 1.000000 0.000000 0.000000 -0.675000 0.126000 1 0 1.0
bag_strap
0 2.000000 3.750000 1.100000 0.980785 0.195090 0.000000 0.675000 0.198000 1 0 1.0
0 2.000000 3.750000 0.700000 0.980785 0.195090 0.000000 0.675000 0.126000 1 0 1.0
0 1.878208 4.362294 0.700000 0.980785 0.195090 0.000000 0.785213 0.126000 1 0 1.0
bag_strap
0 2.000000 3.750000 1.100000 0.980785 0.195090 0.000000 0.675000 0.198000 1 0 1.0
0 1.878208 4.362294 0.700000 0.980785 0.195090 0.000000 0.785213 0.126000 1 0 1.0
0 1.878208 4.362294 1.100000 0.980785 0.195090 0.000000 0.785213 0.198000 1 0 1.0
bag_strap
0 -0.400000 5.350000 0.700000 0.000000 1.000000 0.000000 -0.072000 0.126000 1 0 1.0
0 -0.400000 5.350000 1.100000 0.000000 1.000000 0.000000 -0.072000 0.198000 1 0 1.0
0 0.400000 5.350000 1.100000 0.000000 1.000000 0.000000 0.072000 0.198000 1 0 1.0
bag_strap
0 -0.400000 5.350000 0.700000 0.000000 1.000000 0.000000 -0.072000 0.126000 1 0 1.0
0 0.400000 5.350000 1.100000 0.000000 1.000000 0.000000 0.072000 0.198000 1 0 1.0
0 0.400000 5.350000 0.700000 0.000000 1.000000 0.000000 0.072000 0.126000 1 0 1.0
bag_strap
0 -2.000000 -3.750000 0.700000 -1.000000 0.000000 0.000000 -0.675000 0.126000 1 0 1.0
0 -2.000000 -3.750000 1.100000 -1.000000 0.000000 0.000000 -0.675000 0.198000 1 0 1.0
0 -2.000000 3.750000 1.100000 -1.000000 0.000000 0.000000 0.675000 0.198000 1 0 1.0
bag_strap
0 -2.000000 -3.750000 0.700000 -1.000000 0.000000 0.000000 -0.675000 0.126000 1 0 1.0
0 -2.000000 3.750000 1.100000 -1.000000 0.000000 0.000000 0.675000 0.198000 1 0 1.0
0 -2.000000 3.750000 0.700000 -1.000000 0.000000 0.000000 0.675000 0.126000 1 0 1.0
bag_strap
0 -1.878207 -4.362294 0.700000 -0.980785 -0.195090 0.000000 -0.785213 0.126000 1 0 1.0
0 -1.878207 -4.362294 1.100000 -0.980785 -0.195090 0.000000 -0.785213 0.198000 1 0 1.0
0 -2.000000 -3.750000 1.100000 -0.980785 -0.195090 0.000000 -0.675000 0.198000 1 0 1.0
bag_strap
0 -1.878207 -4.362294 0.700000 -0.980785 -0.195090 0.000000 -0.785213 0.126000 1 0 1.0
0 -2.000000 -3.750000 1.100000 -0.980785 -0.195090 0.000000 -0.675000 0.198000 1 0 1.0
0 -2.000000 -3.750000 0.700000 -0.980785 -0.195090 0.000000 -0.675000 0.126000 1 0 1.0
bag_strap
0 -1.531371 -4.881371 0.700000 -0.831469 -0.555570 0.000000 -0.878647 0.126000 1 0 1.0
0 -1.531371 -4.881371 1.100000 -0.831469 -0.555570 0.000000 -0.878647 0.198000 1 0 1.0
0 -1.878207 -4.362294 1.100000 -0.831469 -0.555570 0.000000 -0.785213 0.198000 1 0 1.0
bag_strap
0 -1.531371 -4.881371 0.700000 -0.831469 -0.555570 0.000000 -0.878647 0.126000 1 0 1.0
0 -1.878207 -4.362294 1.100000 -0.831469 -0.555570 0.000000 -0.785213 0.198000 1 0 1.0
0 -1.878207 -4.362294 0.700000 -0.831469 -0.555570 0.000000 -0.785213 0.126000 1 0 1.0
bag_strap
0 -1.012294 -5.228208 0.700000 -0.555570 -0.831469 0.000000 -0.182213 0.126000 1 0 1.0
0 -1.012294 -5.228208 1.100000 -0.555570 -0.831469 0.000000 -0.182213 0.198000 1 0 1.0
0 -1.531371 -4.881371 1.100000 -0.555570 -0.831469 0.000000 -0.275647 0.198000 1 0 1.0
bag_strap
0 -1.012294 -5.228208 0.700000 -0.555570 -0.831469 0.000000 -0.182213 0.126000 1 0 1.0
0 -1.531371 -4.881371 1.100000 -0.555570 -0.831469 0.000000 -0.275647 0.198000 1 0 1.0
0 -1.531371 -4.881371 0.700000 -0.555570 -0.831469 0.000000 -0.275647 0.126000 1 0 1.0
bag_strap
0 -0.400000 -5.350000 0.700000 -0.195090 -0.980785 0.000000 -0.072000 0.126000 1 0 1.0
0 -0.400000 -5.350000 1.100000 -0.195090 -0.980785 0.000000 -0.072000 0.198000 1 0 1.0
0 -1.012294 -5.228208 1.100000 -0.195090 -0.980785 0.000000 -0.182213 0.198000 1 0 1.0
bag_strap
0 -0.400000 -5.350000 0.700000 -0.195090 -0.980785 0.000000 -0.072000 0.126000 1 0 1.0
0 -1.012294 -5.228208 1.100000 -0.195090 -0.980785 0.000000 -0.182213 0.198000 1 0 1.0
0 -1.012294 -5.228208 0.700000 -0.195090 -0.980785 0.000000 -0.182213 0.126000 1 0 1.0
bag_strap
0 0.400000 -5.350000 0.700000 0.000000 -1.000000 0.000000 0.072000 0.126000 1 0 1.0
0 0.400000 -5.350000 1.100000 0.000000 -1.000000 0.000000 0.072000 0.198000 1 0 1.0
0 -0.400000 -5.350000 1.100000 0.000000 -1.000000 0.000000 -0.072000 0.198000 1 0 1.0
bag_strap
0 0.400000 -5.350000 0.700000 0.000000 -1.000000 0.000000 0.072000 0.126000 1 0 1.0
0 -0.400000 -5.350000 1.100000 0.000000 -1.000000 0.000000 -0.072000 0.198000 1 0 1.0
0 -0.400000 -5.350000 0.700000 0.000000 -1.000000 0.000000 -0.072000 0.126000 1 0 1.0
bag_fabric
0 -0.400000 -3.750000 -2.700000 -0.219442 -0.190335 -0.956879 -0.072000 -0.675000 1 0 1.0
0 -0.400000 -4.324025 -2.585819 -0.219442 -0.190335 -0.956879 -0.072000 -0.778325 1 0 1.0
0 -0.988411 -4.338411 -2.448017 -0.219442 -0.190335 -0.956879 -0.177914 -0.780914 1 0 1.0
bag_fabric
0 -0.400000 -3.750000 -2.700000 -0.190335 -0.219442 -0.956879 -0.072000 -0.675000 1 0 1.0
0 -0.988411 -4.338411 -2.448017 -0.190335 -0.219442 -0.956879 -0.177914 -0.780914 1 0 1.0
0 -0.974025 -3.750000 -2.585819 -0.190335 -0.219442 -0.956879 -0.175325 -0.675000 1 0 1.0
bag_fabric
0 -0.400000 -4.324025 -2.585819 -0.186110 -0.545864 -0.816943 -0.072000 -0.778325 1 0 1.0
0 -0.400000 -4.810660 -2.260660 -0.186110 -0.545864 -0.816943 -0.072000 -0.865919 1 0 1.0
0 -0.958556 -4.734382 -2.184382 -0.186110 -0.545864 -0.816943 -0.172540 -0.852189 1 0 1.0
bag_fabric
0 -0.400000 -4.324025 -2.585819 -0.176854 -0.554665 -0.813061 -0.072000 -0.778325 1 0 1.0
0 -0.958556 -4.734382 -2.184382 -0.176854 -0.554665 -0.813061 -0.172540 -0.852189 1 0 1.0
0 -0.988411 -4.338411 -2.448017 -0.176854 -0.554665 -0.813061 -0.177914 -0.780914 1 0 1.0
bag_fabric
0 -0.974025 -3.750000 -2.585819 -0.554665 -0.176854 -0.813061 -0.175325 -0.675000 1 0 1.0
0 -0.988411 -4.338411 -2.448017 -0.554665 -0.176854 -0.813061 -0.177914 -0.780914 1 0 1.0
0 -1.384382 -4.308556 -2.184382 -0.554665 -0.176854 -0.813061 -0.249189 -0.775540 1 0 1.0
bag_fabric
0 -0.974025 -3.750000 -2.585819 -0.545864 -0.186110 -0.816943 -0.175325 -0.675000 1 0 1.0
0 -1.384382 -4.308556 -2.184382 -0.545864 -0.186110 -0.816943 -0.249189 -0.775540 1 0 1.0
0 -1.460660 -3.750000 -2.260660 -0.545864 -0.186110 -0.816943 -0.262919 -0.675000 1 0 1.0
bag_fabric
0 -0.988411 -4.338411 -2.448017 -0.473137 -0.512681 -0.716449 -0.177914 -0.780914 1 0 1.0
0 -0.958556 -4.734382 -2.184382 -0.473137 -0.512681 -0.716449 -0.172540 -0.852189 1 0 1.0
0 -1.266025 -4.616025 -2.066025 -0.473137 -0.512681 -0.716449 -0.227885 -0.830885 1 0 1.0
bag_fabric
0 -0.988411 -4.338411 -2.448017 -0.512681 -0.473137 -0.716449 -0.177914 -0.780914 1 0 1.0
0 -1.266025 -4.616025 -2.066025 -0.512681 -0.473137 -0.716449 -0.227885 -0.830885 1 0 1.0
0 -1.384382 -4.308556 -2.184382 -0.512681 -0.473137 -0.716449 -0.249189 -0.775540 1 0 1.0
bag_fabric
0 -0.400000 -5.250000 -1.200000 -0.190335 -0.956879 -0.219443 -0.072000 -0.216000 1 0 1.0
0 -0.974025 -5.135819 -1.200000 -0.190335 -0.956879 -0.219443 -0.175325 -0.216000 1 0 1.0
0 -0.988411 -4.998016 -1.788411 -0.190335 -0.956879 -0.219443 -0.177914 -0.321914 1 0 1.0
bag_fabric
0 -0.400000 -5.250000 -1.200000 -0.219443 -0.956879 -0.190335 -0.072000 -0.216000 1 0 1.0
0 -0.988411 -4.998016 -1.788411 -0.219443 -0.956879 -0.190335 -0.177914 -0.321914 1 0 1.0
0 -0.400000 -5.135819 -1.774025 -0.219443 -0.956879 -0.190335 -0.072000 -0.319325 1 0 1.0
bag_fabric
0 -0.974025 -5.135819 -1.200000 -0.545864 -0.816943 -0.186110 -0.175325 -0.216000 1 0 1.0
0 -1.460660 -4.810660 -1.200000 -0.545864 -0.816943 -0.186110 -0.262919 -0.216000 1 0 1.0
0 -1.384382 -4.734382 -1.758556 -0.545864 -0.816943 -0.186110 -0.249189 -0.316540 1 0 1.0
bag_fabric
0 -0.974025 -5.135819 -1.200000 -0.554665 -0.813062 -0.176855 -0.175325 -0.216000 1 0 1.0
0 -1.384382 -4.734382 -1.758556 -0.554665 -0.813062 -0.176855 -0.249189 -0.316540 1 0 1.0
0 -0.988411 -4.998016 -1.788411 -0.554665 -0.813062 -0.176855 -0.177914 -0.321914 1 0 1.0
bag_fabric
0 -0.400000 -5.135819 -1.774025 -0.176855 -0.813062 -0.554665 -0.072000 -0.319325 1 0 1.0
0 -0.988411 -4.998016 -1.788411 -0.176855 -0.813062 -0.554665 -0.177914 -0.321914 1 0 1.0
0 -0.958556 -4.734382 -2.184382 -0.176855 -0.813062 -0.554665 -0.172540 -0.393189 1 0 1.0
bag_fabric
0 -0.400000 -5.135819 -1.774025 -0.186110 -0.816943 -0.545864 -0.072000 -0.319325 1 0 1.0
0 -0.958556 -4.734382 -2.184382 -0.186110 -0.816943 -0.545864 -0.172540 -0.393189 1 0 1.0
0 -0.400000 -4.810660 -2.260660 -0.186110 -0.816943 -0.545864 -0.072000 -0.406919 1 0 1.0
bag_fabric
0 -0.988411 -4.998016 -1.788411 -0.512680 -0.716450 -0.473137 -0.177914 -0.321914 1 0 1.0
0 -1.384382 -4.734382 -1.758556 -0.512680 -0.716450 -0.473137 -0.249189 -0.316540 1 0 1.0
0 -1.266025 -4.616025 -2.066025 -0.512680 -0.716450 -0.473137 -0.227885 -0.371885 1 0 1.0
bag_fabric
0 -0.988411 -4.998016 -1.788411 -0.473137 -0.716450 -0.512680 -0.177914 -0.321914 1 0 1.0
0 -1.266025 -4.616025 -2.066025 -0.473137 -0.716450 -0.512680 -0.227885 -0.371885 1 0 1.0
0 -0.958556 -4.734382 -2.184382 -0.473137 -0.716450 -0.512680 -0.172540 -0.393189 1 0 1.0
bag_fabric
0 -1.900000 -3.750000 -1.200000 -0.956879 -0.219443 -0.190335 -0.675000 -0.216000 1 0 1.0
0 -1.785819 -3.750000 -1.774025 -0.956879 -0.219443 -0.190335 -0.675000 -0.319324 1 0 1.0
0 -1.648016 -4.338411 -1.788411 -0.956879 -0.219443 -0.190335 -0.780914 -0.321914 1 0 1.0
bag_fabric
0 -1.900000 -3.750000 -1.200000 -0.956879 -0.190335 -0.219443 -0.675000 -0.216000 1 0 1.0
0 -1.648016 -4.338411 -1.788411 -0.956879 -0.190335 -0.219443 -0.780914 -0.321914 1 0 1.0
0 -1.785819 -4.324025 -1.200000 -0.956879 -0.190335 -0.219443 -0.778325 -0.216000 1 0 1.0
bag_fabric
0 -1.785819 -3.750000 -1.774025 -0.816943 -0.186110 -0.545864 -0.675000 -0.319324 1 0 1.0
0 -1.460660 -3.750000 -2.260660 -0.816943 -0.186110 -0.545864 -0.675000 -0.406919 1 0 1.0
0 -1.384382 -4.308556 -2.184382 -0.816943 -0.186110 -0.545864 -0.775540 -0.393189 1 0 1.0
bag_fabric
0 -1.785819 -3.750000 -1.774025 -0.813062 -0.176854 -0.554665 -0.675000 -0.319324 1 0 1.0
0 -1.384382 -4.308556 -2.184382 -0.813062 -0.176854 -0.554665 -0.775540 -0.393189 1 0 1.0
0 -1.648016 -4.338411 -1.788411 -0.813062 -0.176854 -0.554665 -0.780914 -0.321914 1 0 1.0
bag_fabric
0 -1.785819 -4.324025 -1.200000 -0.813062 -0.554665 -0.176854 -0.778325 -0.216000 1 0 1.0
0 -1.648016 -4.338411 -1.788411 -0.813062 -0.554665 -0.176854 -0.780914 -0.321914 1 0 1.0
0 -1.384382 -4.734382 -1.758556 -0.813062 -0.554665 -0.176854 -0.852189 -0.316540 1 0 1.0
bag_fabric
0 -1.785819 -4.324025 -1.200000 -0.816943 -0.545864 -0.186110 -0.778325 -0.216000 1 0 1.0
0 -1.384382 -4.734382 -1.758556 -0.816943 -0.545864 -0.186110 -0.852189 -0.316540 1 0 1.0
0 -1.460660 -4.810660 -1.200000 -0.816943 -0.545864 -0.186110 -0.865919 -0.216000 1 0 1.0
bag_fabric
0 -1.648016 -4.338411 -1.788411 -0.716450 -0.473137 -0.512680 -0.780914 -0.321914 1 0 1.0
0 -1.384382 -4.308556 -2.184382 -0.716450 -0.473137 -0.512680 -0.775540 -0.393189 1 0 1.0
0 -1.266025 -4.616025 -2.066025 -0.716450 -0.473137 -0.512680 -0.830885 -0.371885 1 0 1.0
bag_fabric
0 -1.648016 -4.338411 -1.788411 -0.716450 -0.512680 -0.473137 -0.780914 -0.321914 1 0 1.0
0 -1.266025 -4.616025 -2.066025 -0.716450 -0.512680 -0.473137 -0.830885 -0.371885 1 0 1.0
0 -1.384382 -4.734382 -1.758556 -0.716450 -0.512680 -0.473137 -0.852189 -0.316540 1 0 1.0
bag_fabric
0 -0.400000 3.750000 -2.700000 -0.190334 0.219443 -0.956879 -0.072000 0.675000 1 0 1.0
0 -0.974025 3.750000 -2.585820 -0.190334 0.219443 -0.956879 -0.175325 0.675000 1 0 1.0
0 -0.988411 4.338411 -2.448017 -0.190334 0.219443 -0.956879 -0.177914 0.780914 1 0 1.0
bag_fabric
0 -0.400000 3.750000 -2.700000 -0.219443 0.190334 -0.956879 -0.072000 0.675000 1 0 1.0
0 -0.988411 4.338411 -2.448017 -0.219443 0.190334 -0.956879 -0.177914 0.780914 1 0 1.0
0 -0.400000 4.324025 -2.585820 -0.219443 0.190334 -0.956879 -0.072000 0.778325 1 0 1.0
bag_fabric
0 -0.974025 3.750000 -2.585820 -0.545864 0.186110 -0.816943 -0.175325 0.675000 1 0 1.0
0 -1.460660 3.750000 -2.260660 -0.545864 0.186110 -0.816943 -0.262919 0.675000 1 0 1.0
0 -1.384382 4.308556 -2.184382 -0.545864 0.186110 -0.816943 -0.249189 0.775540 1 0 1.0
bag_fabric
0 -0.974025 3.750000 -2.585820 -0.554665 0.176855 -0.813062 -0.175325 0.675000 1 0 1.0
0 -1.384382 4.308556 -2.184382 -0.554665 0.176855 -0.813062 -0.249189 0.775540 1 0 1.0
0 -0.988411 4.338411 -2.448017 -0.554665 0.176855 -0.813062 -0.177914 0.780914 1 0 1.0
bag_fabric
0 -0.400000 4.324025 -2.585820 -0.176855 0.554665 -0.813061 -0.072000 0.778325 1 0 1.0
0 -0.988411 4.338411 -2.448017 -0.176855 0.554665 -0.813061 -0.177914 0.780914 1 0 1.0
0 -0.958556 4.734382 -2.184382 -0.176855 0.554665 -0.813061 -0.172540 0.852189 1 0 1.0
bag_fabric
0 -0.400000 4.324025 -2.585820 -0.186110 0.545864 -0.816943 -0.072000 0.778325 1 0 1.0
0 -0.958556 4.734382 -2.184382 -0.186110 0.545864 -0.816943 -0.172540 0.852189 1 0 1.0
0 -0.400000 4.810660 -2.260661 -0.186110 0.545864 -0.816943 -0.072000 0.865919 1 0 1.0
bag_fabric
0 -0.988411 4.338411 -2.448017 -0.512680 0.473137 -0.716450 -0.177914 0.780914 1 0 1.0
0 -1.384382 4.308556 -2.184382 -0.512680 0.473137 -0.716450 -0.249189 0.775540 1 0 1.0
0 -1.266025 4.616025 -2.066026 -0.512680 0.473137 -0.716450 -0.227885 0.830885 1 0 1.0
bag_fabric
0 -0.988411 4.338411 -2.448017 -0.473137 0.512680 -0.716450 -0.177914 0.780914 1 0 1.0
0 -1.266025 4.616025 -2.066026 -0.473137 0.512680 -0.716450 -0.227885 0.830885 1 0 1.0
0 -0.958556 4.734382 -2.184382 -0.473137 0.512680 -0.716450 -0.172540 0.852189 1 0 1.0
bag_fabric
0 -1.900000 3.750000 -1.200000 -0.956879 0.190335 -0.219443 0.675000 -0.216000 1 0 1.0
0 -1.785819 4.324025 -1.200000 -0.956879 0.190335 -0.219443 0.778325 -0.216000 1 0 1.0
0 -1.648016 4.338411 -1.788411 -0.956879 0.190335 -0.219443 0.780914 -0.321914 1 0 1.0
bag_fabric
0 -1.900000 3.750000 -1.200000 -0.956879 0.219443 -0.190335 0.675000 -0.216000 1 0 1.0
0 -1.648016 4.338411 -1.788411 -0.956879 0.219443 -0.190335 0.780914 -0.321914 1 0 1.0
0 -1.785819 3.750000 -1.774025 -0.956879 0.219443 -0.190335 0.675000 -0.319325 1 0 1.0
bag_fabric
0 -1.785819 4.324025 -1.200000 -0.816943 0.545864 -0.186110 0.778325 -0.216000 1 0 1.0
0 -1.460660 4.810660 -1.200000 -0.816943 0.545864 -0.186110 0.865919 -0.216000 1 0 1.0
0 -1.384382 4.734382 -1.758556 -0.816943 0.545864 -0.186110 0.852189 -0.316540 1 0 1.0
bag_fabric
0 -1.785819 4.324025 -1.200000 -0.813062 0.554665 -0.176854 0.778325 -0.216000 1 0 1.0
0 -1.384382 4.734382 -1.758556 -0.813062 0.554665 -0.176854 0.852189 -0.316540 1 0 1.0
0 -1.648016 4.338411 -1.788411 -0.813062 0.554665 -0.176854 0.780914 -0.321914 1 0 1.0
bag_fabric
0 -1.785819 3.750000 -1.774025 -0.813062 0.176854 -0.554665 0.675000 -0.319325 1 0 1.0
0 -1.648016 4.338411 -1.788411 -0.813062 0.176854 -0.554665 0.780914 -0.321914 1 0 1.0
0 -1.384382 4.308556 -2.184382 -0.813062 0.176854 -0.554665 0.775540 -0.393189 1 0 1.0
bag_fabric
0 -1.785819 3.750000 -1.774025 -0.816943 0.186110 -0.545864 0.675000 -0.319325 1 0 1.0
0 -1.384382 4.308556 -2.184382 -0.816943 0.186110 -0.545864 0.775540 -0.393189 1 0 1.0
0 -1.460660 3.750000 -2.260660 -0.816943 0.186110 -0.545864 0.675000 -0.406919 1 0 1.0
bag_fabric
0 -1.648016 4.338411 -1.788411 -0.716450 0.512680 -0.473137 0.780914 -0.321914 1 0 1.0
0 -1.384382 4.734382 -1.758556 -0.716450 0.512680 -0.473137 0.852189 -0.316540 1 0 1.0
0 -1.266025 4.616025 -2.066026 -0.716450 0.512680 -0.473137 0.830885 -0.371885 1 0 1.0
bag_fabric
0 -1.648016 4.338411 -1.788411 -0.716450 0.473137 -0.512680 0.780914 -0.321914 1 0 1.0
0 -1.266025 4.616025 -2.066026 -0.716450 0.473137 -0.512680 0.830885 -0.371885 1 0 1.0
0 -1.384382 4.308556 -2.184382 -0.716450 0.473137 -0.512680 0.775540 -0.393189 1 0 1.0
bag_fabric
0 -0.400000 5.250000 -1.200000 -0.219443 0.956879 -0.190335 -0.072000 -0.216000 1 0 1.0
0 -0.400000 5.135819 -1.774025 -0.219443 0.956879 -0.190335 -0.072000 -0.319325 1 0 1.0
0 -0.988411 4.998016 -1.788411 -0.219443 0.956879 -0.190335 -0.177914 -0.321914 1 0 1.0
bag_fabric
0 -0.400000 5.250000 -1.200000 -0.190335 0.956879 -0.219443 -0.072000 -0.216000 1 0 1.0
0 -0.988411 4.998016 -1.788411 -0.190335 0.956879 -0.219443 -0.177914 -0.321914 1 0 1.0
0 -0.974025 5.135819 -1.200000 -0.190335 0.956879 -0.219443 -0.175325 -0.216000 1 0 1.0
bag_fabric
0 -0.400000 5.135819 -1.774025 -0.186110 0.816943 -0.545864 -0.072000 -0.319325 1 0 1.0
0 -0.400000 4.810660 -2.260661 -0.186110 0.816943 -0.545864 -0.072000 -0.406919 1 0 1.0
0 -0.958556 4.734382 -2.184382 -0.186110 0.816943 -0.545864 -0.172540 -0.393189 1 0 1.0
bag_fabric
0 -0.400000 5.135819 -1.774025 -0.176855 0.813062 -0.554665 -0.072000 -0.319325 1 0 1.0
0 -0.958556 4.734382 -2.184382 -0.176855 0.813062 -0.554665 -0.172540 -0.393189 1 0 1.0
0 -0.988411 4.998016 -1.788411 -0.176855 0.813062 -0.554665 -0.177914 -0.321914 1 0 1.0
bag_fabric
0 -0.974025 5.135819 -1.200000 -0.554665 0.813062 -0.176855 -0.175325 -0.216000 1 0 1.0
0 -0.988411 4.998016 -1.788411 -0.554665 0.813062 -0.176855 -0.177914 -0.321914 1 0 1.0
0 -1.384382 4.734382 -1.758556 -0.554665 0.813062 -0.176855 -0.249189 -0.316540 1 0 1.0
bag_fabric
0 -0.974025 5.135819 -1.200000 -0.545864 0.816943 -0.186110 -0.175325 -0.216000 1 0 1.0
0 -1.384382 4.734382 -1.758556 -0.545864 0.816943 -0.186110 -0.249189 -0.316540 1 0 1.0
0 -1.460660 4.810660 -1.200000 -0.545864 0.816943 -0.186110 -0.262919 -0.216000 1 0 1.0
bag_fabric
0 -0.988411 4.998016 -1.788411 -0.473137 0.716450 -0.512680 -0.177914 -0.321914 1 0 1.0
0 -0.958556 4.734382 -2.184382 -0.473137 0.716450 -0.512680 -0.172540 -0.393189 1 0 1.0
0 -1.266025 4.616025 -2.066026 -0.473137 0.716450 -0.512680 -0.227885 -0.371885 1 0 1.0
bag_fabric
0 -0.988411 4.998016 -1.788411 -0.512680 0.716450 -0.473137 -0.177914 -0.321914 1 0 1.0
0 -1.266025 4.616025 -2.066026 -0.512680 0.716450 -0.473137 -0.227885 -0.371885 1 0 1.0
0 -1.384382 4.734382 -1.758556 -0.512680 0.716450 -0.473137 -0.249189 -0.316540 1 0 1.0
bag_fabric
0 0.400000 -3.750000 -2.700000 0.190334 -0.219443 -0.956879 0.072000 -0.675000 1 0 1.0
0 0.974025 -3.750000 -2.585820 0.190334 -0.219443 -0.956879 0.175325 -0.675000 1 0 1.0
0 0.988411 -4.338411 -2.448017 0.190334 -0.219443 -0.956879 0.177914 -0.780914 1 0 1.0
bag_fabric
0 0.400000 -3.750000 -2.700000 0.219443 -0.190334 -0.956879 0.072000 -0.675000 1 0 1.0
0 0.988411 -4.338411 -2.448017 0.219443 -0.190334 -0.956879 0.177914 -0.780914 1 0 1.0
0 0.400000 -4.324025 -2.585820 0.219443 -0.190334 -0.956879 0.072000 -0.778325 1 0 1.0
bag_fabric
0 0.974025 -3.750000 -2.585820 0.545864 -0.186110 -0.816943 0.175325 -0.675000 1 0 1.0
0 1.460660 -3.750000 -2.260660 0.545864 -0.186110 -0.816943 0.262919 -0.675000 1 0 1.0
0 1.384382 -4.308556 -2.184382 0.545864 -0.186110 -0.816943 0.249189 -0.775540 1 0 1.0
bag_fabric
0 0.974025 -3.750000 -2.585820 0.554665 -0.176855 -0.813062 0.175325 -0.675000 1 0 1.0
0 1.384382 -4.308556 -2.184382 0.554665 -0.176855 -0.813062 0.249189 -0.775540 1 0 1.0
0 0.988411 -4.338411 -2.448017 0.554665 -0.176855 -0.813062 0.177914 -0.780914 1 0 1.0
bag_fabric
0 0.400000 -4.324025 -2.585820 0.176855 -0.554665 -0.813061 0.072000 -0.778325 1 0 1.0
0 0.988411 -4.338411 -2.448017 0.176855 -0.554665 -0.813061 0.177914 -0.780914 1 0 1.0
0 0.958556 -4.734382 -2.184382 0.176855 -0.554665 -0.813061 0.172540 -0.852189 1 0 1.0
bag_fabric
0 0.400000 -4.324025 -2.585820 0.186110 -0.545864 -0.816943 0.072000 -0.778325 1 0 1.0
0 0.958556 -4.734382 -2.184382 0.186110 -0.545864 -0.816943 0.172540 -0.852189 1 0 1.0
0 0.400000 -4.810660 -2.260661 0.186110 -0.545864 -0.816943 0.072000 -0.865919 1 0 1.0
bag_fabric
0 0.988411 -4.338411 -2.448017 0.512680 -0.473137 -0.716450 0.177914 -0.780914 1 0 1.0
0 1.384382 -4.308556 -2.184382 0.512680 -0.473137 -0.716450 0.249189 -0.775540 1 0 1.0
0 1.266025 -4.616025 -2.066026 0.512680 -0.473137 -0.716450 0.227885 -0.830885 1 0 1.0
bag_fabric
0 0.988411 -4.338411 -2.448017 0.473137 -0.512680 -0.716450 0.177914 -0.780914 1 0 1.0
0 1.266025 -4.616025 -2.066026 0.473137 -0.512680 -0.716450 0.227885 -0.830885 1 0 1.0
0 0.958556 -4.734382 -2.184382 0.473137 -0.512680 -0.716450 0.172540 -0.852189 1 0 1.0
bag_fabric
0 1.900000 -3.750000 -1.200000 0.956879 -0.190335 -0.219443 -0.675000 -0.216000 1 0 1.0
0 1.785819 -4.324025 -1.200000 0.956879 -0.190335 -0.219443 -0.778325 -0.216000 1 0 1.0
0 1.648016 -4.338411 -1.788411 0.956879 -0.190335 -0.219443 -0.780914 -0.321914 1 0 1.0
bag_fabric
0 1.900000 -3.750000 -1.200000 0.956879 -0.219443 -0.190335 -0.675000 -0.216000 1 0 1.0
0 1.648016 -4.338411 -1.788411 0.956879 -0.219443 -0.190335 -0.780914 -0.321914 1 0 1.0
0 1.785819 -3.750000 -1.774025 0.956879 -0.219443 -0.190335 -0.675000 -0.319325 1 0 1.0
bag_fabric
0 1.785819 -4.324025 -1.200000 0.816943 -0.545864 -0.186110 -0.778325 -0.216000 1 0 1.0
0 1.460660 -4.810660 -1.200000 0.816943 -0.545864 -0.186110 -0.865919 -0.216000 1 0 1.0
0 1.384382 -4.734382 -1.758556 0.816943 -0.545864 -0.186110 -0.852189 -0.316540 1 0 1.0
bag_fabric
0 1.785819 -4.324025 -1.200000 0.813062 -0.554665 -0.176854 -0.778325 -0.216000 1 0 1.0
0 1.384382 -4.734382 -1.758556 0.813062 -0.554665 -0.176854 -0.852189 -0.316540 1 0 1.0
0 1.648016 -4.338411 -1.788411 0.813062 -0.554665 -0.176854 -0.780914 -0.321914 1 0 1.0
bag_fabric
0 1.785819 -3.750000 -1.774025 0.813062 -0.176854 -0.554665 -0.675000 -0.319325 1 0 1.0
0 1.648016 -4.338411 -1.788411 0.813062 -0.176854 -0.554665 -0.780914 -0.321914 1 0 1.0
0 1.384382 -4.308556 -2.184382 0.813062 -0.176854 -0.554665 -0.775540 -0.393189 1 0 1.0
bag_fabric
0 1.785819 -3.750000 -1.774025 0.816943 -0.186110 -0.545864 -0.675000 -0.319325 1 0 1.0
0 1.384382 -4.308556 -2.184382 0.816943 -0.186110 -0.545864 -0.775540 -0.393189 1 0 1.0
0 1.460660 -3.750000 -2.260660 0.816943 -0.186110 -0.545864 -0.675000 -0.406919 1 0 1.0
bag_fabric
0 1.648016 -4.338411 -1.788411 0.716450 -0.512680 -0.473137 -0.780914 -0.321914 1 0 1.0
0 1.384382 -4.734382 -1.758556 0.716450 -0.512680 -0.473137 -0.852189 -0.316540 1 0 1.0
0 1.266025 -4.616025 -2.066026 0.716450 -0.512680 -0.473137 -0.830885 -0.371885 1 0 1.0
bag_fabric
0 1.648016 -4.338411 -1.788411 0.716450 -0.473137 -0.512680 -0.780914 -0.321914 1 0 1.0
0 1.266025 -4.616025 -2.066026 0.716450 -0.473137 -0.512680 -0.830885 -0.371885 1 0 1.0
0 1.384382 -4.308556 -2.184382 0.716450 -0.473137 -0.512680 -0.775540 -0.393189 1 0 1.0
bag_fabric
0 0.400000 -5.250000 -1.200000 0.219443 -0.956879 -0.190335 0.072000 -0.216000 1 0 1.0
0 0.400000 -5.135819 -1.774025 0.219443 -0.956879 -0.190335 0.072000 -0.319325 1 0 1.0
0 0.988411 -4.998016 -1.788411 0.219443 -0.956879 -0.190335 0.177914 -0.321914 1 0 1.0
bag_fabric
0 0.400000 -5.250000 -1.200000 0.190335 -0.956879 -0.219443 0.072000 -0.216000 1 0 1.0
0 0.988411 -4.998016 -1.788411 0.190335 -0.956879 -0.219443 0.177914 -0.321914 1 0 1.0
0 0.974025 -5.135819 -1.200000 0.190335 -0.956879 -0.219443 0.175325 -0.216000 1 0 1.0
bag_fabric
0 0.400000 -5.135819 -1.774025 0.186110 -0.816943 -0.545864 0.072000 -0.319325 1 0 1.0
0 0.400000 -4.810660 -2.260661 0.186110 -0.816943 -0.545864 0.072000 -0.406919 1 0 1.0
0 0.958556 -4.734382 -2.184382 0.186110 -0.816943 -0.545864 0.172540 -0.393189 1 0 1.0
bag_fabric
0 0.400000 -5.135819 -1.774025 0.176855 -0.813062 -0.554665 0.072000 -0.319325 1 0 1.0
0 0.958556 -4.734382 -2.184382 0.176855 -0.813062 -0.554665 0.172540 -0.393189 1 0 1.0
0 0.988411 -4.998016 -1.788411 0.176855 -0.813062 -0.554665 0.177914 -0.321914 1 0 1.0
bag_fabric
0 0.974025 -5.135819 -1.200000 0.554665 -0.813062 -0.176855 0.175325 -0.216000 1 0 1.0
0 0.988411 -4.998016 -1.788411 0.554665 -0.813062 -0.176855 0.177914 -0.321914 1 0 1.0
0 1.384382 -4.734382 -1.758556 0.554665 -0.813062 -0.176855 0.249189 -0.316540 1 0 1.0
bag_fabric
0 0.974025 -5.135819 -1.200000 0.545864 -0.816943 -0.186110 0.175325 -0.216000 1 0 1.0
0 1.384382 -4.734382 -1.758556 0.545864 -0.816943 -0.186110 0.249189 -0.316540 1 0 1.0
0 1.460660 -4.810660 -1.200000 0.545864 -0.816943 -0.186110 0.262919 -0.216000 1 0 1.0
bag_fabric
0 0.988411 -4.998016 -1.788411 0.473137 -0.716450 -0.512680 0.177914 -0.321914 1 0 1.0
0 0.958556 -4.734382 -2.184382 0.473137 -0.716450 -0.512680 0.172540 -0.393189 1 0 1.0
0 1.266025 -4.616025 -2.066026 0.473137 -0.716450 -0.512680 0.227885 -0.371885 1 0 1.0
bag_fabric
0 0.988411 -4.998016 -1.788411 0.512680 -0.716450 -0.473137 0.177914 -0.321914 1 0 1.0
0 1.266025 -4.616025 -2.066026 0.512680 -0.716450 -0.473137 0.227885 -0.371885 1 0 1.0
0 1.384382 -4.734382 -1.758556 0.512680 -0.716450 -0.473137 0.249189 -0.316540 1 0 1.0
bag_fabric
0 0.400000 3.750000 -2.700000 0.219442 0.190335 -0.956879 0.072000 0.675000 1 0 1.0
0 0.400000 4.324025 -2.585819 0.219442 0.190335 -0.956879 0.072000 0.778325 1 0 1.0
0 0.988411 4.338411 -2.448017 0.219442 0.190335 -0.956879 0.177914 0.780914 1 0 1.0
bag_fabric
0 0.400000 3.750000 -2.700000 0.190335 0.219442 -0.956879 0.072000 0.675000 1 0 1.0
0 0.988411 4.338411 -2.448017 0.190335 0.219442 -0.956879 0.177914 0.780914 1 0 1.0
0 0.974025 3.750000 -2.585819 0.190335 0.219442 -0.956879 0.175325 0.675000 1 0 1.0
bag_fabric
0 0.400000 4.324025 -2.585819 0.186110 0.545864 -0.816943 0.072000 0.778325 1 0 1.0
0 0.400000 4.810660 -2.260660 0.186110 0.545864 -0.816943 0.072000 0.865919 1 0 1.0
0 0.958556 4.734382 -2.184382 0.186110 0.545864 -0.816943 0.172540 0.852189 1 0 1.0
bag_fabric
0 0.400000 4.324025 -2.585819 0.176854 0.554665 -0.813061 0.072000 0.778325 1 0 1.0
0 0.958556 4.734382 -2.184382 0.176854 0.554665 -0.813061 0.172540 0.852189 1 0 1.0
0 0.988411 4.338411 -2.448017 0.176854 0.554665 -0.813061 0.177914 0.780914 1 0 1.0
bag_fabric
0 0.974025 3.750000 -2.585819 0.554665 0.176854 -0.813061 0.175325 0.675000 1 0 1.0
0 0.988411 4.338411 -2.448017 0.554665 0.176854 -0.813061 0.177914 0.780914 1 0 1.0
0 1.384382 4.308556 -2.184382 0.554665 0.176854 -0.813061 0.249189 0.775540 1 0 1.0
bag_fabric
0 0.974025 3.750000 -2.585819 0.545864 0.186110 -0.816943 0.175325 0.675000 1 0 1.0
0 1.384382 4.308556 -2.184382 0.545864 0.186110 -0.816943 0.249189 0.775540 1 0 1.0
0 1.460660 3.750000 -2.260660 0.545864 0.186110 -0.816943 0.262919 0.675000 1 0 1.0
bag_fabric
0 0.988411 4.338411 -2.448017 0.473137 0.512681 -0.716449 0.177914 0.780914 1 0 1.0
0 0.958556 4.734382 -2.184382 0.473137 0.512681 -0.716449 0.172540 0.852189 1 0 1.0
0 1.266025 4.616025 -2.066025 0.473137 0.512681 -0.716449 0.227885 0.830885 1 0 1.0
bag_fabric
0 0.988411 4.338411 -2.448017 0.512681 0.473137 -0.716449 0.177914 0.780914 1 0 1.0
0 1.266025 4.616025 -2.066025 0.512681 0.473137 -0.716449 0.227885 0.830885 1 0 1.0
0 1.384382 4.308556 -2.184382 0.512681 0.473137 -0.716449 0.249189 0.775540 1 0 1.0
bag_fabric
0 0.400000 5.250000 -1.200000 0.190335 0.956879 -0.219443 0.072000 -0.216000 1 0 1.0
0 0.974025 5.135819 -1.200000 0.190335 0.956879 -0.219443 0.175325 -0.216000 1 0 1.0
0 0.988411 4.998016 -1.788411 0.190335 0.956879 -0.219443 0.177914 -0.321914 1 0 1.0
bag_fabric
0 0.400000 5.250000 -1.200000 0.219443 0.956879 -0.190335 0.072000 -0.216000 1 0 1.0
0 0.988411 4.998016 -1.788411 0.219443 0.956879 -0.190335 0.177914 -0.321914 1 0 1.0
0 0.400000 5.135819 -1.774025 0.219443 0.956879 -0.190335 0.072000 -0.319325 1 0 1.0
bag_fabric
0 0.974025 5.135819 -1.200000 0.545864 0.816943 -0.186110 0.175325 -0.216000 1 0 1.0
0 1.460660 4.810660 -1.200000 0.545864 0.816943 -0.186110 0.262919 -0.216000 1 0 1.0
0 1.384382 4.734382 -1.758556 0.545864 0.816943 -0.186110 0.249189 -0.316540 1 0 1.0
bag_fabric
0 0.974025 5.135819 -1.200000 0.554665 0.813062 -0.176855 0.175325 -0.216000 1 0 1.0
0 1.384382 4.734382 -1.758556 0.554665 0.813062 -0.176855 0.249189 -0.316540 1 0 1.0
0 0.988411 4.998016 -1.788411 0.554665 0.813062 -0.176855 0.177914 -0.321914 1 0 1.0
bag_fabric
0 0.400000 5.135819 -1.774025 0.176855 0.813062 -0.554665 0.072000 -0.319325 1 0 1.0
0 0.988411 4.998016 -1.788411 0.176855 0.813062 -0.554665 0.177914 -0.321914 1 0 1.0
0 0.958556 4.734382 -2.184382 0.176855 0.813062 -0.554665 0.172540 -0.393189 1 0 1.0
bag_fabric
0 0.400000 5.135819 -1.774025 0.186110 0.816943 -0.545864 0.072000 -0.319325 1 0 1.0
0 0.958556 4.734382 -2.184382 0.186110 0.816943 -0.545864 0.172540 -0.393189 1 0 1.0
0 0.400000 4.810660 -2.260660 0.186110 0.816943 -0.545864 0.072000 -0.406919 1 0 1.0
bag_fabric
0 0.988411 4.998016 -1.788411 0.512680 0.716450 -0.473137 0.177914 -0.321914 1 0 1.0
0 1.384382 4.734382 -1.758556 0.512680 0.716450 -0.473137 0.249189 -0.316540 1 0 1.0
0 1.266025 4.616025 -2.066025 0.512680 0.716450 -0.473137 0.227885 -0.371885 1 0 1.0
bag_fabric
0 0.988411 4.998016 -1.788411 0.473137 0.716450 -0.512680 0.177914 -0.321914 1 0 1.0
0 1.266025 4.616025 -2.066025 0.473137 0.716450 -0.512680 0.227885 -0.371885 1 0 1.0
0 0.958556 4.734382 -2.184382 0.473137 0.716450 -0.512680 0.172540 -0.393189 1 0 1.0
bag_fabric
0 1.900000 3.750000 -1.200000 0.956879 0.219443 -0.190335 0.675000 -0.216000 1 0 1.0
0 1.785819 3.750000 -1.774025 0.956879 0.219443 -0.190335 0.675000 -0.319324 1 0 1.0
0 1.648016 4.338411 -1.788411 0.956879 0.219443 -0.190335 0.780914 -0.321914 1 0 1.0
bag_fabric
0 1.900000 3.750000 -1.200000 0.956879 0.190335 -0.219443 0.675000 -0.216000 1 0 1.0
0 1.648016 4.338411 -1.788411 0.956879 0.190335 -0.219443 0.780914 -0.321914 1 0 1.0
0 1.785819 4.324025 -1.200000 0.956879 0.190335 -0.219443 0.778325 -0.216000 1 0 1.0
bag_fabric
0 1.785819 3.750000 -1.774025 0.816943 0.186110 -0.545864 0.675000 -0.319324 1 0 1.0
0 1.460660 3.750000 -2.260660 0.816943 0.186110 -0.545864 0.675000 -0.406919 1 0 1.0
0 1.384382 4.308556 -2.184382 0.816943 0.186110 -0.545864 0.775540 -0.393189 1 0 1.0
bag_fabric
0 1.785819 3.750000 -1.774025 0.813062 0.176854 -0.554665 0.675000 -0.319324 1 0 1.0
0 1.384382 4.308556 -2.184382 0.813062 0.176854 -0.554665 0.775540 -0.393189 1 0 1.0
0 1.648016 4.338411 -1.788411 0.813062 0.176854 -0.554665 0.780914 -0.321914 1 0 1.0
bag_fabric
0 1.785819 4.324025 -1.200000 0.813062 0.554665 -0.176854 0.778325 -0.216000 1 0 1.0
0 1.648016 4.338411 -1.788411 0.813062 0.554665 -0.176854 0.780914 -0.321914 1 0 1.0
0 1.384382 4.734382 -1.758556 0.813062 0.554665 -0.176854 0.852189 -0.316540 1 0 1.0
bag_fabric
0 1.785819 4.324025 -1.200000 0.816943 0.545864 -0.186110 0.778325 -0.216000 1 0 1.0
0 1.384382 4.734382 -1.758556 0.816943 0.545864 -0.186110 0.852189 -0.316540 1 0 1.0
0 1.460660 4.810660 -1.200000 0.816943 0.545864 -0.186110 0.865919 -0.216000 1 0 1.0
bag_fabric
0 1.648016 4.338411 -1.788411 0.716450 0.473137 -0.512680 0.780914 -0.321914 1 0 1.0
0 1.384382 4.308556 -2.184382 0.716450 0.473137 -0.512680 0.775540 -0.393189 1 0 1.0
0 1.266025 4.616025 -2.066025 0.716450 0.473137 -0.512680 0.830885 -0.371885 1 0 1.0
bag_fabric
0 1.648016 4.338411 -1.788411 0.716450 0.512680 -0.473137 0.780914 -0.321914 1 0 1.0
0 1.266025 4.616025 -2.066025 0.716450 0.512680 -0.473137 0.830885 -0.371885 1 0 1.0
0 1.384382 4.734382 -1.758556 0.716450 0.512680 -0.473137 0.852189 -0.316540 1 0 1.0
bag_fabric
0 -0.400000 3.750000 -2.700000 -0.195090 0.000000 -0.980785 -0.072000 0.675000 1 0 1.0
0 -0.400000 -3.750000 -2.700000 -0.195090 0.000000 -0.980785 -0.072000 -0.675000 1 0 1.0
0 -0.974025 -3.750000 -2.585819 -0.195090 0.000000 -0.980785 -0.175325 -0.675000 1 0 1.0
bag_fabric
0 -0.400000 3.750000 -2.700000 -0.195090 -0.000000 -0.980785 -0.072000 0.675000 1 0 1.0
0 -0.974025 -3.750000 -2.585819 -0.195090 -0.000000 -0.980785 -0.175325 -0.675000 1 0 1.0
0 -0.974025 3.750000 -2.585820 -0.195090 -0.000000 -0.980785 -0.175325 0.675000 1 0 1.0
bag_fabric
0 -0.974025 3.750000 -2.585820 -0.555570 -0.000000 -0.831470 -0.175325 0.675000 1 0 1.0
0 -0.974025 -3.750000 -2.585819 -0.555570 -0.000000 -0.831470 -0.175325 -0.675000 1 0 1.0
0 -1.460660 -3.750000 -2.260660 -0.555570 -0.000000 -0.831470 -0.262919 -0.675000 1 0 1.0
bag_fabric
0 -0.974025 3.750000 -2.585820 -0.555571 0.000000 -0.831469 -0.175325 0.675000 1 0 1.0
0 -1.460660 -3.750000 -2.260660 -0.555571 0.000000 -0.831469 -0.262919 -0.675000 1 0 1.0
0 -1.460660 3.750000 -2.260660 -0.555571 0.000000 -0.831469 -0.262919 0.675000 1 0 1.0
bag_fabric
0 -1.460660 3.750000 -2.260660 -0.831470 0.000000 -0.555570 0.675000 -0.406919 1 0 1.0
0 -1.460660 -3.750000 -2.260660 -0.831470 0.000000 -0.555570 -0.675000 -0.406919 1 0 1.0
0 -1.785819 -3.750000 -1.774025 -0.831470 0.000000 -0.555570 -0.675000 -0.319324 1 0 1.0
bag_fabric
0 -1.460660 3.750000 -2.260660 -0.831470 -0.000000 -0.555570 0.675000 -0.406919 1 0 1.0
0 -1.785819 -3.750000 -1.774025 -0.831470 -0.000000 -0.555570 -0.675000 -0.319324 1 0 1.0
0 -1.785819 3.750000 -1.774025 -0.831470 -0.000000 -0.555570 0.675000 -0.319325 1 0 1.0
bag_fabric
0 -1.785819 3.750000 -1.774025 -0.980785 -0.000000 -0.195090 0.675000 -0.319325 1 0 1.0
0 -1.785819 -3.750000 -1.774025 -0.980785 -0.000000 -0.195090 -0.675000 -0.319324 1 0 1.0
0 -1.900000 -3.750000 -1.200000 -0.980785 -0.000000 -0.195090 -0.675000 -0.216000 1 0 1.0
bag_fabric
0 -1.785819 3.750000 -1.774025 -0.980785 -0.000000 -0.195090 0.675000 -0.319325 1 0 1.0
0 -1.900000 -3.750000 -1.200000 -0.980785 -0.000000 -0.195090 -0.675000 -0.216000 1 0 1.0
0 -1.900000 3.750000 -1.200000 -0.980785 -0.000000 -0.195090 0.675000 -0.216000 1 0 1.0
bag_fabric
0 1.460660 -4.810660 0.900000 -0.000001 0.000000 1.000000 0.262919 -0.865919 1 0 1.0
0 1.785819 -4.324025 0.900000 -0.000001 0.000000 1.000000 0.321447 -0.778325 1 0 1.0
0 1.900000 -3.750000 0.900000 -0.000001 0.000000 1.000000 0.342000 -0.675000 1 0 1.0
bag_fabric
0 1.900000 -3.750000 0.900000 -0.000001 0.000000 1.000000 0.342000 -0.675000 1 0 1.0
0 1.900000 3.750000 0.900000 -0.000001 0.000000 1.000000 0.342000 0.675000 1 0 1.0
0 1.785819 4.324025 0.900000 -0.000001 0.000000 1.000000 0.321447 0.778325 1 0 1.0
bag_fabric
0 1.785819 4.324025 0.900000 0.000000 -0.000000 1.000000 0.321447 0.778325 1 0 1.0
0 1.460660 4.810660 0.900000 0.000000 -0.000000 1.000000 0.262919 0.865919 1 0 1.0
0 0.974025 5.135819 0.900000 0.000000 -0.000000 1.000000 0.175325 0.924447 1 0 1.0
bag_fabric
0 0.974025 5.135819 0.900000 0.000000 0.000003 1.000000 0.175325 0.924447 1 0 1.0
0 0.400000 5.250000 0.900000 0.000000 0.000003 1.000000 0.072000 0.945000 1 0 1.0
0 -0.400000 5.250000 0.900000 0.000000 0.000003 1.000000 -0.072000 0.945000 1 0 1.0
bag_fabric
0 -0.400000 5.250000 0.900000 -0.000000 0.000001 1.000000 -0.072000 0.945000 1 0 1.0
0 -0.974025 5.135819 0.900000 -0.000000 0.000001 1.000000 -0.175325 0.924447 1 0 1.0
0 -1.460660 4.810660 0.900000 -0.000000 0.000001 1.000000 -0.262919 0.865919 1 0 1.0
bag_fabric
0 -1.460660 4.810660 0.900000 0.000001 -0.000000 1.000000 -0.262919 0.865919 1 0 1.0
0 -1.785819 4.324025 0.900000 0.000001 -0.000000 1.000000 -0.321447 0.778325 1 0 1.0
0 -1.900000 3.750000 0.900000 0.000001 -0.000000 1.000000 -0.342000 0.675000 1 0 1.0
bag_fabric
0 -1.900000 3.750000 0.900000 -0.000000 -0.000000 1.000000 -0.342000 0.675000 1 0 1.0
0 -1.900000 -3.750000 0.900000 -0.000000 -0.000000 1.000000 -0.342000 -0.675000 1 0 1.0
0 -1.785819 -4.324025 0.900000 -0.000000 -0.000000 1.000000 -0.321447 -0.778325 1 0 1.0
bag_fabric
0 -1.785819 -4.324025 0.900000 0.000000 0.000000 1.000000 -0.321447 -0.778325 1 0 1.0
0 -1.460660 -4.810660 0.900000 0.000000 0.000000 1.000000 -0.262919 -0.865919 1 0 1.0
0 -0.974025 -5.135819 0.900000 0.000000 0.000000 1.000000 -0.175325 -0.924447 1 0 1.0
bag_fabric
0 -0.974025 -5.135819 0.900000 -0.000000 -0.000002 1.000000 -0.175325 -0.924447 1 0 1.0
0 -0.400000 -5.250000 0.900000 -0.000000 -0.000002 1.000000 -0.072000 -0.945000 1 0 1.0
0 0.400000 -5.250000 0.900000 -0.000000 -0.000002 1.000000 0.072000 -0.945000 1 0 1.0
bag_fabric
0 0.400000 -5.250000 0.900000 0.000000 -0.000001 1.000000 0.072000 -0.945000 1 0 1.0
0 0.974025 -5.135819 0.900000 0.000000 -0.000001 1.000000 0.175325 -0.924447 1 0 1.0
0 1.460660 -4.810660 0.900000 0.000000 -0.000001 1.000000 0.262919 -0.865919 1 0 1.0
bag_fabric
0 1.460660 -4.810660 0.900000 -0.000000 0.000000 1.000000 0.262919 -0.865919 1 0 1.0
0 1.900000 -3.750000 0.900000 -0.000000 0.000000 1.000000 0.342000 -0.675000 1 0 1.0
0 1.785819 4.324025 0.900000 -0.000000 0.000000 1.000000 0.321447 0.778325 1 0 1.0
bag_fabric
0 1.785819 4.324025 0.900000 -0.000000 -0.000000 1.000000 0.321447 0.778325 1 0 1.0
0 0.974025 5.135819 0.900000 -0.000000 -0.000000 1.000000 0.175325 0.924447 1 0 1.0
0 -0.400000 5.250000 0.900000 -0.000000 -0.000000 1.000000 -0.072000 0.945000 1 0 1.0
bag_fabric
0 -0.400000 5.250000 0.900000 -0.000000 0.000000 1.000000 -0.072000 0.945000 1 0 1.0
0 -1.460660 4.810660 0.900000 -0.000000 0.000000 1.000000 -0.262919 0.865919 1 0 1.0
0 -1.900000 3.750000 0.900000 -0.000000 0.000000 1.000000 -0.342000 0.675000 1 0 1.0
bag_fabric
0 -1.900000 3.750000 0.900000 -0.000000 -0.000000 1.000000 -0.342000 0.675000 1 0 1.0
0 -1.785819 -4.324025 0.900000 -0.000000 -0.000000 1.000000 -0.321447 -0.778325 1 0 1.0
0 -0.974025 -5.135819 0.900000 -0.000000 -0.000000 1.000000 -0.175325 -0.924447 1 0 1.0
bag_fabric
0 -0.974025 -5.135819 0.900000 0.000000 0.000000 1.000000 -0.175325 -0.924447 1 0 1.0
0 0.400000 -5.250000 0.900000 0.000000 0.000000 1.000000 0.072000 -0.945000 1 0 1.0
0 1.460660 -4.810660 0.900000 0.000000 0.000000 1.000000 0.262919 -0.865919 1 0 1.0
bag_fabric
0 1.460660 -4.810660 0.900000 0.000000 0.000000 1.000000 0.262919 -0.865919 1 0 1.0
0 1.785819 4.324025 0.900000 0.000000 0.000000 1.000000 0.321447 0.778325 1 0 1.0
0 -0.400000 5.250000 0.900000 0.000000 0.000000 1.000000 -0.072000 0.945000 1 0 1.0
bag_fabric
0 -0.400000 5.250000 0.900000 0.000000 -0.000000 1.000000 -0.072000 0.945000 1 0 1.0
0 -1.900000 3.750000 0.900000 0.000000 -0.000000 1.000000 -0.342000 0.675000 1 0 1.0
0 -0.974025 -5.135819 0.900000 0.000000 -0.000000 1.000000 -0.175325 -0.924447 1 0 1.0
bag_fabric
0 -0.400000 5.250000 0.900000 0.000000 0.000000 1.000000 -0.072000 0.945000 1 0 1.0
0 -0.974025 -5.135819 0.900000 0.000000 0.000000 1.000000 -0.175325 -0.924447 1 0 1.0
0 1.460660 -4.810660 0.900000 0.000000 0.000000 1.000000 0.262919 -0.865919 1 0 1.0
bag_fabric
0 -0.400000 5.250000 0.900000 -0.195090 0.980785 0.000000 -0.072000 0.162000 1 0 1.0
0 -0.400000 5.250000 -1.200000 -0.195090 0.980785 0.000000 -0.072000 -0.216000 1 0 1.0
0 -0.974025 5.135819 -1.200000 -0.195090 0.980785 0.000000 -0.175325 -0.216000 1 0 1.0
bag_fabric
0 -0.400000 5.250000 0.900000 -0.195090 0.980785 0.000000 -0.072000 0.162000 1 0 1.0
0 -0.974025 5.135819 -1.200000 -0.195090 0.980785 0.000000 -0.175325 -0.216000 1 0 1.0
0 -0.974025 5.135819 0.900000 -0.195090 0.980785 0.000000 -0.175325 0.162000 1 0 1.0
bag_fabric
0 -0.974025 5.135819 0.900000 -0.555570 0.831470 0.000000 -0.175325 0.162000 1 0 1.0
0 -0.974025 5.135819 -1.200000 -0.555570 0.831470 0.000000 -0.175325 -0.216000 1 0 1.0
0 -1.460660 4.810660 -1.200000 -0.555570 0.831470 0.000000 -0.262919 -0.216000 1 0 1.0
bag_fabric
0 -0.974025 5.135819 0.900000 -0.555570 0.831470 0.000000 -0.175325 0.162000 1 0 1.0
0 -1.460660 4.810660 -1.200000 -0.555570 0.831470 0.000000 -0.262919 -0.216000 1 0 1.0
0 -1.460660 4.810660 0.900000 -0.555570 0.831470 0.000000 -0.262919 0.162000 1 0 1.0
bag_fabric
0 -1.460660 4.810660 0.900000 -0.831470 0.555570 0.000000 0.865919 0.162000 1 0 1.0
0 -1.460660 4.810660 -1.200000 -0.831470 0.555570 0.000000 0.865919 -0.216000 1 0 1.0
0 -1.785819 4.324025 -1.200000 -0.831470 0.555570 0.000000 0.778325 -0.216000 1 0 1.0
bag_fabric
0 -1.460660 4.810660 0.900000 -0.831470 0.555570 0.000000 0.865919 0.162000 1 0 1.0
0 -1.785819 4.324025 -1.200000 -0.831470 0.555570 0.000000 0.778325 -0.216000 1 0 1.0
0 -1.785819 4.324025 0.900000 -0.831470 0.555570 0.000000 0.778325 0.162000 1 0 1.0
bag_fabric
0 -1.785819 4.324025 0.900000 -0.980785 0.195090 0.000000 0.778325 0.162000 1 0 1.0
0 -1.785819 4.324025 -1.200000 -0.980785 0.195090 0.000000 0.778325 -0.216000 1 0 1.0
0 -1.900000 3.750000 -1.200000 -0.980785 0.195090 0.000000 0.675000 -0.216000 1 0 1.0
bag_fabric
0 -1.785819 4.324025 0.900000 -0.980785 0.195090 0.000000 0.778325 0.162000 1 0 1.0
0 -1.900000 3.750000 -1.200000 -0.980785 0.195090 0.000000 0.675000 -0.216000 1 0 1.0
0 -1.900000 3.750000 0.900000 -0.980785 0.195090 0.000000 0.675000 0.162000 1 0 1.0
bag_fabric
0 0.400000 3.750000 -2.700000 0.000000 0.195090 -0.980785 0.072000 0.675000 1 0 1.0
0 -0.400000 3.750000 -2.700000 0.000000 0.195090 -0.980785 -0.072000 0.675000 1 0 1.0
0 -0.400000 4.324025 -2.585820 0.000000 0.195090 -0.980785 -0.072000 0.778325 1 0 1.0
bag_fabric
0 0.400000 3.750000 -2.700000 0.000001 0.195090 -0.980785 0.072000 0.675000 1 0 1.0
0 -0.400000 4.324025 -2.585820 0.000001 0.195090 -0.980785 -0.072000 0.778325 1 0 1.0
0 0.400000 4.324025 -2.585819 0.000001 0.195090 -0.980785 0.072000 0.778325 1 0 1.0
bag_fabric
0 0.400000 4.324025 -2.585819 0.000000 0.555570 -0.831470 0.072000 0.778325 1 0 1.0
0 -0.400000 4.324025 -2.585820 0.000000 0.555570 -0.831470 -0.072000 0.778325 1 0 1.0
0 -0.400000 4.810660 -2.260661 0.000000 0.555570 -0.831470 -0.072000 0.865919 1 0 1.0
bag_fabric
0 0.400000 4.324025 -2.585819 0.000000 0.555570 -0.831470 0.072000 0.778325 1 0 1.0
0 -0.400000 4.810660 -2.260661 0.000000 0.555570 -0.831470 -0.072000 0.865919 1 0 1.0
0 0.400000 4.810660 -2.260660 0.000000 0.555570 -0.831470 0.072000 0.865919 1 0 1.0
bag_fabric
0 0.400000 4.810660 -2.260660 0.000000 0.831470 -0.555570 0.072000 -0.406919 1 0 1.0
0 -0.400000 4.810660 -2.260661 0.000000 0.831470 -0.555570 -0.072000 -0.406919 1 0 1.0
0 -0.400000 5.135819 -1.774025 0.000000 0.831470 -0.555570 -0.072000 -0.319325 1 0 1.0
bag_fabric
0 0.400000 4.810660 -2.260660 0.000000 0.831470 -0.555570 0.072000 -0.406919 1 0 1.0
0 -0.400000 5.135819 -1.774025 0.000000 0.831470 -0.555570 -0.072000 -0.319325 1 0 1.0
0 0.400000 5.135819 -1.774025 0.000000 0.831470 -0.555570 0.072000 -0.319325 1 0 1.0
bag_fabric
0 0.400000 5.135819 -1.774025 0.000000 0.980785 -0.195090 0.072000 -0.319325 1 0 1.0
0 -0.400000 5.135819 -1.774025 0.000000 0.980785 -0.195090 -0.072000 -0.319325 1 0 1.0
0 -0.400000 5.250000 -1.200000 0.000000 0.980785 -0.195090 -0.072000 -0.216000 1 0 1.0
bag_fabric
0 0.400000 5.135819 -1.774025 0.000000 0.980785 -0.195090 0.072000 -0.319325 1 0 1.0
0 -0.400000 5.250000 -1.200000 0.000000 0.980785 -0.195090 -0.072000 -0.216000 1 0 1.0
0 0.400000 5.250000 -1.200000 0.000000 0.980785 -0.195090 0.072000 -0.216000 1 0 1.0
bag_fabric
0 1.900000 3.750000 0.900000 0.980785 0.195090 0.000000 0.675000 0.162000 1 0 1.0
0 1.900000 3.750000 -1.200000 0.980785 0.195090 0.000000 0.675000 -0.216000 1 0 1.0
0 1.785819 4.324025 -1.200000 0.980785 0.195090 0.000000 0.778325 -0.216000 1 0 1.0
bag_fabric
0 1.900000 3.750000 0.900000 0.980785 0.195090 0.000000 0.675000 0.162000 1 0 1.0
0 1.785819 4.324025 -1.200000 0.980785 0.195090 0.000000 0.778325 -0.216000 1 0 1.0
0 1.785819 4.324025 0.900000 0.980785 0.195090 0.000000 0.778325 0.162000 1 0 1.0
bag_fabric
0 1.785819 4.324025 0.900000 0.831470 0.555570 0.000000 0.778325 0.162000 1 0 1.0
0 1.785819 4.324025 -1.200000 0.831470 0.555570 0.000000 0.778325 -0.216000 1 0 1.0
0 1.460660 4.810660 -1.200000 0.831470 0.555570 0.000000 0.865919 -0.216000 1 0 1.0
bag_fabric
0 1.785819 4.324025 0.900000 0.831470 0.555570 0.000000 0.778325 0.162000 1 0 1.0
0 1.460660 4.810660 -1.200000 0.831470 0.555570 0.000000 0.865919 -0.216000 1 0 1.0
0 1.460660 4.810660 0.900000 0.831470 0.555570 0.000000 0.865919 0.162000 1 0 1.0
bag_fabric
0 1.460660 4.810660 0.900000 0.555570 0.831470 0.000000 0.262919 0.162000 1 0 1.0
0 1.460660 4.810660 -1.200000 0.555570 0.831470 0.000000 0.262919 -0.216000 1 0 1.0
0 0.974025 5.135819 -1.200000 0.555570 0.831470 0.000000 0.175325 -0.216000 1 0 1.0
bag_fabric
0 1.460660 4.810660 0.900000 0.555570 0.831470 0.000000 0.262919 0.162000 1 0 1.0
0 0.974025 5.135819 -1.200000 0.555570 0.831470 0.000000 0.175325 -0.216000 1 0 1.0
0 0.974025 5.135819 0.900000 0.555570 0.831470 0.000000 0.175325 0.162000 1 0 1.0
bag_fabric
0 0.974025 5.135819 0.900000 0.195090 0.980785 0.000000 0.175325 0.162000 1 0 1.0
0 0.974025 5.135819 -1.200000 0.195090 0.980785 0.000000 0.175325 -0.216000 1 0 1.0
0 0.400000 5.250000 -1.200000 0.195090 0.980785 0.000000 0.072000 -0.216000 1 0 1.0
bag_fabric
0 0.974025 5.135819 0.900000 0.195090 0.980785 0.000000 0.175325 0.162000 1 0 1.0
0 0.400000 5.250000 -1.200000 0.195090 0.980785 0.000000 0.072000 -0.216000 1 0 1.0
0 0.400000 5.250000 0.900000 0.195090 0.980785 0.000000 0.072000 0.162000 1 0 1.0
bag_fabric
0 0.400000 -3.750000 -2.700000 0.195090 0.000000 -0.980785 0.072000 -0.675000 1 0 1.0
0 0.400000 3.750000 -2.700000 0.195090 0.000000 -0.980785 0.072000 0.675000 1 0 1.0
0 0.974025 3.750000 -2.585819 0.195090 0.000000 -0.980785 0.175325 0.675000 1 0 1.0
bag_fabric
0 0.400000 -3.750000 -2.700000 0.195090 0.000000 -0.980785 0.072000 -0.675000 1 0 1.0
0 0.974025 3.750000 -2.585819 0.195090 0.000000 -0.980785 0.175325 0.675000 1 0 1.0
0 0.974025 -3.750000 -2.585820 0.195090 0.000000 -0.980785 0.175325 -0.675000 1 0 1.0
bag_fabric
0 0.974025 -3.750000 -2.585820 0.555570 0.000000 -0.831470 0.175325 -0.675000 1 0 1.0
0 0.974025 3.750000 -2.585819 0.555570 0.000000 -0.831470 0.175325 0.675000 1 0 1.0
0 1.460660 3.750000 -2.260660 0.555570 0.000000 -0.831470 0.262919 0.675000 1 0 1.0
bag_fabric
0 0.974025 -3.750000 -2.585820 0.555571 0.000000 -0.831469 0.175325 -0.675000 1 0 1.0
0 1.460660 3.750000 -2.260660 0.555571 0.000000 -0.831469 0.262919 0.675000 1 0 1.0
0 1.460660 -3.750000 -2.260660 0.555571 0.000000 -0.831469 0.262919 -0.675000 1 0 1.0
bag_fabric
0 1.460660 -3.750000 -2.260660 0.831470 0.000000 -0.555570 -0.675000 -0.406919 1 0 1.0
0 1.460660 3.750000 -2.260660 0.831470 0.000000 -0.555570 0.675000 -0.406919 1 0 1.0
0 1.785819 3.750000 -1.774025 0.831470 0.000000 -0.555570 0.675000 -0.319324 1 0 1.0
bag_fabric
0 1.460660 -3.750000 -2.260660 0.831470 0.000000 -0.555570 -0.675000 -0.406919 1 0 1.0
0 1.785819 3.750000 -1.774025 0.831470 0.000000 -0.555570 0.675000 -0.319324 1 0 1.0
0 1.785819 -3.750000 -1.774025 0.831470 0.000000 -0.555570 -0.675000 -0.319325 1 0 1.0
bag_fabric
0 1.785819 -3.750000 -1.774025 0.980785 0.000000 -0.195090 -0.675000 -0.319325 1 0 1.0
0 1.785819 3.750000 -1.774025 0.980785 0.000000 -0.195090 0.675000 -0.319324 1 0 1.0
0 1.900000 3.750000 -1.200000 0.980785 0.000000 -0.195090 0.675000 -0.216000 1 0 1.0
bag_fabric
0 1.785819 -3.750000 -1.774025 0.980785 0.000000 -0.195090 -0.675000 -0.319325 1 0 1.0
0 1.900000 3.750000 -1.200000 0.980785 0.000000 -0.195090 0.675000 -0.216000 1 0 1.0
0 1.900000 -3.750000 -1.200000 0.980785 0.000000 -0.195090 -0.675000 -0.216000 1 0 1.0
bag_fabric
0 0.400000 -5.250000 0.900000 0.195090 -0.980785 0.000000 0.072000 0.162000 1 0 1.0
0 0.400000 -5.250000 -1.200000 0.195090 -0.980785 0.000000 0.072000 -0.216000 1 0 1.0
0 0.974025 -5.135819 -1.200000 0.195090 -0.980785 0.000000 0.175325 -0.216000 1 0 1.0
bag_fabric
0 0.400000 -5.250000 0.900000 0.195090 -0.980785 0.000000 0.072000 0.162000 1 0 1.0
0 0.974025 -5.135819 -1.200000 0.195090 -0.980785 0.000000 0.175325 -0.216000 1 0 1.0
0 0.974025 -5.135819 0.900000 0.195090 -0.980785 0.000000 0.175325 0.162000 1 0 1.0
bag_fabric
0 0.974025 -5.135819 0.900000 0.555570 -0.831470 0.000000 0.175325 0.162000 1 0 1.0
0 0.974025 -5.135819 -1.200000 0.555570 -0.831470 0.000000 0.175325 -0.216000 1 0 1.0
0 1.460660 -4.810660 -1.200000 0.555570 -0.831470 0.000000 0.262919 -0.216000 1 0 1.0
bag_fabric
0 0.974025 -5.135819 0.900000 0.555570 -0.831470 0.000000 0.175325 0.162000 1 0 1.0
0 1.460660 -4.810660 -1.200000 0.555570 -0.831470 0.000000 0.262919 -0.216000 1 0 1.0
0 1.460660 -4.810660 0.900000 0.555570 -0.831470 0.000000 0.262919 0.162000 1 0 1.0
bag_fabric
0 1.460660 -4.810660 0.900000 0.831470 -0.555570 0.000000 -0.865919 0.162000 1 0 1.0
0 1.460660 -4.810660 -1.200000 0.831470 -0.555570 0.000000 -0.865919 -0.216000 1 0 1.0
0 1.785819 -4.324025 -1.200000 0.831470 -0.555570 0.000000 -0.778325 -0.216000 1 0 1.0
bag_fabric
0 1.460660 -4.810660 0.900000 0.831470 -0.555570 0.000000 -0.865919 0.162000 1 0 1.0
0 1.785819 -4.324025 -1.200000 0.831470 -0.555570 0.000000 -0.778325 -0.216000 1 0 1.0
0 1.785819 -4.324025 0.900000 0.831470 -0.555570 0.000000 -0.778325 0.162000 1 0 1.0
bag_fabric
0 1.785819 -4.324025 0.900000 0.980785 -0.195090 0.000000 -0.778325 0.162000 1 0 1.0
0 1.785819 -4.324025 -1.200000 0.980785 -0.195090 0.000000 -0.778325 -0.216000 1 0 1.0
0 1.900000 -3.750000 -1.200000 0.980785 -0.195090 0.000000 -0.675000 -0.216000 1 0 1.0
bag_fabric
0 1.785819 -4.324025 0.900000 0.980785 -0.195090 0.000000 -0.778325 0.162000 1 0 1.0
0 1.900000 -3.750000 -1.200000 0.980785 -0.195090 0.000000 -0.675000 -0.216000 1 0 1.0
0 1.900000 -3.750000 0.900000 0.980785 -0.195090 0.000000 -0.675000 0.162000 1 0 1.0
bag_fabric
0 -0.400000 -3.750000 -2.700000 0.000000 -0.195090 -0.980785 -0.072000 -0.675000 1 0 1.0
0 0.400000 -3.750000 -2.700000 0.000000 -0.195090 -0.980785 0.072000 -0.675000 1 0 1.0
0 0.400000 -4.324025 -2.585820 0.000000 -0.195090 -0.980785 0.072000 -0.778325 1 0 1.0
bag_fabric
0 -0.400000 -3.750000 -2.700000 -0.000001 -0.195090 -0.980785 -0.072000 -0.675000 1 0 1.0
0 0.400000 -4.324025 -2.585820 -0.000001 -0.195090 -0.980785 0.072000 -0.778325 1 0 1.0
0 -0.400000 -4.324025 -2.585819 -0.000001 -0.195090 -0.980785 -0.072000 -0.778325 1 0 1.0
bag_fabric
0 -0.400000 -4.324025 -2.585819 -0.000000 -0.555570 -0.831470 -0.072000 -0.778325 1 0 1.0
0 0.400000 -4.324025 -2.585820 -0.000000 -0.555570 -0.831470 0.072000 -0.778325 1 0 1.0
0 0.400000 -4.810660 -2.260661 -0.000000 -0.555570 -0.831470 0.072000 -0.865919 1 0 1.0
bag_fabric
0 -0.400000 -4.324025 -2.585819 -0.000000 -0.555570 -0.831470 -0.072000 -0.778325 1 0 1.0
0 0.400000 -4.810660 -2.260661 -0.000000 -0.555570 -0.831470 0.072000 -0.865919 1 0 1.0
0 -0.400000 -4.810660 -2.260660 -0.000000 -0.555570 -0.831470 -0.072000 -0.865919 1 0 1.0
bag_fabric
0 -0.400000 -4.810660 -2.260660 -0.000000 -0.831470 -0.555570 -0.072000 -0.406919 1 0 1.0
0 0.400000 -4.810660 -2.260661 -0.000000 -0.831470 -0.555570 0.072000 -0.406919 1 0 1.0
0 0.400000 -5.135819 -1.774025 -0.000000 -0.831470 -0.555570 0.072000 -0.319325 1 0 1.0
bag_fabric
0 -0.400000 -4.810660 -2.260660 -0.000000 -0.831470 -0.555570 -0.072000 -0.406919 1 0 1.0
0 0.400000 -5.135819 -1.774025 -0.000000 -0.831470 -0.555570 0.072000 -0.319325 1 0 1.0
0 -0.400000 -5.135819 -1.774025 -0.000000 -0.831470 -0.555570 -0.072000 -0.319325 1 0 1.0
bag_fabric
0 -0.400000 -5.135819 -1.774025 -0.000000 -0.980785 -0.195090 -0.072000 -0.319325 1 0 1.0
0 0.400000 -5.135819 -1.774025 -0.000000 -0.980785 -0.195090 0.072000 -0.319325 1 0 1.0
0 0.400000 -5.250000 -1.200000 -0.000000 -0.980785 -0.195090 0.072000 -0.216000 1 0 1.0
bag_fabric
0 -0.400000 -5.135819 -1.774025 -0.000000 -0.980785 -0.195090 -0.072000 -0.319325 1 0 1.0
0 0.400000 -5.250000 -1.200000 -0.000000 -0.980785 -0.195090 0.072000 -0.216000 1 0 1.0
0 -0.400000 -5.250000 -1.200000 -0.000000 -0.980785 -0.195090 -0.072000 -0.216000 1 0 1.0
bag_fabric
0 -0.400000 3.750000 -2.700000 0.000000 0.000000 -1.000000 -0.072000 0.675000 1 0 1.0
0 0.400000 3.750000 -2.700000 0.000000 0.000000 -1.000000 0.072000 0.675000 1 0 1.0
0 0.400000 -3.750000 -2.700000 0.000000 0.000000 -1.000000 0.072000 -0.675000 1 0 1.0
bag_fabric
0 -0.400000 3.750000 -2.700000 0.000000 0.000000 -1.000000 -0.072000 0.675000 1 0 1.0
0 0.400000 -3.750000 -2.700000 0.000000 0.000000 -1.000000 0.072000 -0.675000 1 0 1.0
0 -0.400000 -3.750000 -2.700000 0.000000 0.000000 -1.000000 -0.072000 -0.675000 1 0 1.0
bag_fabric
0 1.900000 3.750000 -1.200000 1.000000 0.000000 0.000000 0.675000 -0.216000 1 0 1.0
0 1.900000 3.750000 0.900000 1.000000 0.000000 0.000000 0.675000 0.162000 1 0 1.0
0 1.900000 -3.750000 0.900000 1.000000 0.000000 0.000000 -0.675000 0.162000 1 0 1.0
bag_fabric
0 1.900000 3.750000 -1.200000 1.000000 0.000000 0.000000 0.675000 -0.216000 1 0 1.0
0 1.900000 -3.750000 0.900000 1.000000 0.000000 0.000000 -0.675000 0.162000 1 0 1.0
0 1.900000 -3.750000 -1.200000 1.000000 0.000000 0.000000 -0.675000 -0.216000 1 0 1.0
bag_fabric
0 -0.400000 5.250000 -1.200000 0.000000 1.000000 0.000000 -0.072000 -0.216000 1 0 1.0
0 -0.400000 5.250000 0.900000 0.000000 1.000000 0.000000 -0.072000 0.162000 1 0 1.0
0 0.400000 5.250000 0.900000 0.000000 1.000000 0.000000 0.072000 0.162000 1 0 1.0
bag_fabric
0 -0.400000 5.250000 -1.200000 0.000000 1.000000 0.000000 -0.072000 -0.216000 1 0 1.0
0 0.400000 5.250000 0.900000 0.000000 1.000000 0.000000 0.072000 0.162000 1 0 1.0
0 0.400000 5.250000 -1.200000 0.000000 1.000000 0.000000 0.072000 -0.216000 1 0 1.0
bag_fabric
0 -1.900000 -3.750000 -1.200000 -1.000000 0.000000 0.000000 -0.675000 -0.216000 1 0 1.0
0 -1.900000 -3.750000 0.900000 -1.000000 0.000000 0.000000 -0.675000 0.162000 1 0 1.0
0 -1.900000 3.750000 0.900000 -1.000000 0.000000 0.000000 0.675000 0.162000 1 0 1.0
bag_fabric
0 -1.900000 -3.750000 -1.200000 -1.000000 0.000000 0.000000 -0.675000 -0.216000 1 0 1.0
0 -1.900000 3.750000 0.900000 -1.000000 0.000000 0.000000 0.675000 0.162000 1 0 1.0
0 -1.900000 3.750000 -1.200000 -1.000000 0.000000 0.000000 0.675000 -0.216000 1 0 1.0
bag_fabric
0 -1.785819 -4.324025 -1.200000 -0.980785 -0.195090 0.000000 -0.778325 -0.216000 1 0 1.0
0 -1.785819 -4.324025 0.900000 -0.980785 -0.195090 0.000000 -0.778325 0.162000 1 0 1.0
0 -1.900000 -3.750000 0.900000 -0.980785 -0.195090 0.000000 -0.675000 0.162000 1 0 1.0
bag_fabric
0 -1.785819 -4.324025 -1.200000 -0.980785 -0.195090 0.000000 -0.778325 -0.216000 1 0 1.0
0 -1.900000 -3.750000 0.900000 -0.980785 -0.195090 0.000000 -0.675000 0.162000 1 0 1.0
0 -1.900000 -3.750000 -1.200000 -0.980785 -0.195090 0.000000 -0.675000 -0.216000 1 0 1.0
bag_fabric
0 -1.460660 -4.810660 -1.200000 -0.831470 -0.555570 0.000000 -0.865919 -0.216000 1 0 1.0
0 -1.460660 -4.810660 0.900000 -0.831470 -0.555570 0.000000 -0.865919 0.162000 1 0 1.0
0 -1.785819 -4.324025 0.900000 -0.831470 -0.555570 0.000000 -0.778325 0.162000 1 0 1.0
bag_fabric
0 -1.460660 -4.810660 -1.200000 -0.831470 -0.555570 0.000000 -0.865919 -0.216000 1 0 1.0
0 -1.785819 -4.324025 0.900000 -0.831470 -0.555570 0.000000 -0.778325 0.162000 1 0 1.0
0 -1.785819 -4.324025 -1.200000 -0.831470 -0.555570 0.000000 -0.778325 -0.216000 1 0 1.0
bag_fabric
0 -0.974025 -5.135819 -1.200000 -0.555570 -0.831470 0.000000 -0.175325 -0.216000 1 0 1.0
0 -0.974025 -5.135819 0.900000 -0.555570 -0.831470 0.000000 -0.175325 0.162000 1 0 1.0
0 -1.460660 -4.810660 0.900000 -0.555570 -0.831470 0.000000 -0.262919 0.162000 1 0 1.0
bag_fabric
0 -0.974025 -5.135819 -1.200000 -0.555570 -0.831470 0.000000 -0.175325 -0.216000 1 0 1.0
0 -1.460660 -4.810660 0.900000 -0.555570 -0.831470 0.000000 -0.262919 0.162000 1 0 1.0
0 -1.460660 -4.810660 -1.200000 -0.555570 -0.831470 0.000000 -0.262919 -0.216000 1 0 1.0
bag_fabric
0 -0.400000 -5.250000 -1.200000 -0.195090 -0.980785 0.000000 -0.072000 -0.216000 1 0 1.0
0 -0.400000 -5.250000 0.900000 -0.195090 -0.980785 0.000000 -0.072000 0.162000 1 0 1.0
0 -0.974025 -5.135819 0.900000 -0.195090 -0.980785 0.000000 -0.175325 0.162000 1 0 1.0
bag_fabric
0 -0.400000 -5.250000 -1.200000 -0.195090 -0.980785 0.000000 -0.072000 -0.216000 1 0 1.0
0 -0.974025 -5.135819 0.900000 -0.195090 -0.980785 0.000000 -0.175325 0.162000 1 0 1.0
0 -0.974025 -5.135819 -1.200000 -0.195090 -0.980785 0.000000 -0.175325 -0.216000 1 0 1.0
bag_fabric
0 0.400000 -5.250000 -1.200000 0.000000 -1.000000 0.000000 0.072000 -0.216000 1 0 1.0
0 0.400000 -5.250000 0.900000 0.000000 -1.000000 0.000000 0.072000 0.162000 1 0 1.0
0 -0.400000 -5.250000 0.900000 0.000000 -1.000000 0.000000 -0.072000 0.162000 1 0 1.0
bag_fabric
0 0.400000 -5.250000 -1.200000 0.000000 -1.000000 0.000000 0.072000 -0.216000 1 0 1.0
0 -0.400000 -5.250000 0.900000 0.000000 -1.000000 0.000000 -0.072000 0.162000 1 0 1.0
0 -0.400000 -5.250000 -1.200000 0.000000 -1.000000 0.000000 -0.072000 -0.216000 1 0 1.0
bag_fabric
0 2.000000 -2.905000 -2.530000 -0.281747 -0.367180 -0.886452 0.360000 -0.522900 1 0 1.0
0 2.000000 -3.152488 -2.427488 -0.281747 -0.367180 -0.886452 0.360000 -0.567448 1 0 1.0
0 1.797927 -3.107073 -2.382073 -0.281747 -0.367180 -0.886452 0.323627 -0.559273 1 0 1.0
bag_fabric
0 2.000000 -2.905000 -2.530000 -0.367180 -0.281747 -0.886452 0.360000 -0.522900 1 0 1.0
0 1.797927 -3.107073 -2.382073 -0.367180 -0.281747 -0.886452 0.323627 -0.559273 1 0 1.0
0 1.752512 -2.905000 -2.427488 -0.367180 -0.281747 -0.886452 0.315452 -0.522900 1 0 1.0
bag_fabric
0 2.000000 -3.255000 -2.180000 -0.367180 -0.886452 -0.281747 0.360000 -0.392400 1 0 1.0
0 1.752512 -3.152488 -2.180000 -0.367180 -0.886452 -0.281747 0.315452 -0.392400 1 0 1.0
0 1.797927 -3.107073 -2.382073 -0.367180 -0.886452 -0.281747 0.323627 -0.428773 1 0 1.0
bag_fabric
0 2.000000 -3.255000 -2.180000 -0.281747 -0.886452 -0.367180 0.360000 -0.392400 1 0 1.0
0 1.797927 -3.107073 -2.382073 -0.281747 -0.886452 -0.367180 0.323627 -0.428773 1 0 1.0
0 2.000000 -3.152488 -2.427488 -0.281747 -0.886452 -0.367180 0.360000 -0.436948 1 0 1.0
bag_fabric
0 1.650000 -2.905000 -2.180000 -0.886452 -0.281747 -0.367180 -0.522900 -0.392400 1 0 1.0
0 1.752512 -2.905000 -2.427488 -0.886452 -0.281747 -0.367180 -0.522900 -0.436948 1 0 1.0
0 1.797927 -3.107073 -2.382073 -0.886452 -0.281747 -0.367180 -0.559273 -0.428773 1 0 1.0
bag_fabric
0 1.650000 -2.905000 -2.180000 -0.886452 -0.367180 -0.281747 -0.522900 -0.392400 1 0 1.0
0 1.797927 -3.107073 -2.382073 -0.886452 -0.367180 -0.281747 -0.559273 -0.428773 1 0 1.0
0 1.752512 -3.152488 -2.180000 -0.886452 -0.367180 -0.281747 -0.567448 -0.392400 1 0 1.0
bag_fabric
0 2.000000 -3.255000 -0.720000 -0.281747 -0.886452 0.367180 0.360000 -0.129600 1 0 1.0
0 2.000000 -3.152488 -0.472513 -0.281747 -0.886452 0.367180 0.360000 -0.085052 1 0 1.0
0 1.797927 -3.107073 -0.517927 -0.281747 -0.886452 0.367180 0.323627 -0.093227 1 0 1.0
bag_fabric
0 2.000000 -3.255000 -0.720000 -0.367180 -0.886452 0.281747 0.360000 -0.129600 1 0 1.0
0 1.797927 -3.107073 -0.517927 -0.367180 -0.886452 0.281747 0.323627 -0.093227 1 0 1.0
0 1.752512 -3.152488 -0.720000 -0.367180 -0.886452 0.281747 0.315452 -0.129600 1 0 1.0
bag_fabric
0 2.000000 -2.905000 -0.370000 -0.367180 -0.281747 0.886452 0.360000 -0.522900 1 0 1.0
0 1.752512 -2.905000 -0.472513 -0.367180 -0.281747 0.886452 0.315452 -0.522900 1 0 1.0
0 1.797927 -3.107073 -0.517927 -0.367180 -0.281747 0.886452 0.323627 -0.559273 1 0 1.0
bag_fabric
0 2.000000 -2.905000 -0.370000 -0.281747 -0.367180 0.886452 0.360000 -0.522900 1 0 1.0
0 1.797927 -3.107073 -0.517927 -0.281747 -0.367180 0.886452 0.323627 -0.559273 1 0 1.0
0 2.000000 -3.152488 -0.472513 -0.281747 -0.367180 0.886452 0.360000 -0.567448 1 0 1.0
bag_fabric
0 1.650000 -2.905000 -0.720000 -0.886452 -0.367180 0.281747 -0.522900 -0.129600 1 0 1.0
0 1.752512 -3.152488 -0.720000 -0.886452 -0.367180 0.281747 -0.567448 -0.129600 1 0 1.0
0 1.797927 -3.107073 -0.517927 -0.886452 -0.367180 0.281747 -0.559273 -0.093227 1 0 1.0
bag_fabric
0 1.650000 -2.905000 -0.720000 -0.886452 -0.281748 0.367180 -0.522900 -0.129600 1 0 1.0
0 1.797927 -3.107073 -0.517927 -0.886452 -0.281748 0.367180 -0.559273 -0.093227 1 0 1.0
0 1.752512 -2.905000 -0.472513 -0.886452 -0.281748 0.367180 -0.522900 -0.085052 1 0 1.0
bag_fabric
0 2.000000 2.905000 -2.530000 -0.367180 0.281747 -0.886452 0.360000 0.522900 1 0 1.0
0 1.752512 2.905000 -2.427488 -0.367180 0.281747 -0.886452 0.315452 0.522900 1 0 1.0
0 1.797927 3.107073 -2.382073 -0.367180 0.281747 -0.886452 0.323627 0.559273 1 0 1.0
bag_fabric
0 2.000000 2.905000 -2.530000 -0.281747 0.367180 -0.886452 0.360000 0.522900 1 0 1.0
0 1.797927 3.107073 -2.382073 -0.281747 0.367180 -0.886452 0.323627 0.559273 1 0 1.0
0 2.000000 3.152488 -2.427488 -0.281747 0.367180 -0.886452 0.360000 0.567448 1 0 1.0
bag_fabric
0 1.650000 2.905000 -2.180000 -0.886452 0.367180 -0.281747 0.522900 -0.392400 1 0 1.0
0 1.752512 3.152488 -2.180000 -0.886452 0.367180 -0.281747 0.567448 -0.392400 1 0 1.0
0 1.797927 3.107073 -2.382073 -0.886452 0.367180 -0.281747 0.559273 -0.428773 1 0 1.0
bag_fabric
0 1.650000 2.905000 -2.180000 -0.886452 0.281747 -0.367180 0.522900 -0.392400 1 0 1.0
0 1.797927 3.107073 -2.382073 -0.886452 0.281747 -0.367180 0.559273 -0.428773 1 0 1.0
0 1.752512 2.905000 -2.427488 -0.886452 0.281747 -0.367180 0.522900 -0.436948 1 0 1.0
bag_fabric
0 2.000000 3.255000 -2.180000 -0.281747 0.886452 -0.367180 0.360000 -0.392400 1 0 1.0
0 2.000000 3.152488 -2.427488 -0.281747 0.886452 -0.367180 0.360000 -0.436948 1 0 1.0
0 1.797927 3.107073 -2.382073 -0.281747 0.886452 -0.367180 0.323627 -0.428773 1 0 1.0
bag_fabric
0 2.000000 3.255000 -2.180000 -0.367180 0.886452 -0.281747 0.360000 -0.392400 1 0 1.0
0 1.797927 3.107073 -2.382073 -0.367180 0.886452 -0.281747 0.323627 -0.428773 1 0 1.0
0 1.752512 3.152488 -2.180000 -0.367180 0.886452 -0.281747 0.315452 -0.392400 1 0 1.0
bag_fabric
0 2.000000 2.905000 -0.370000 -0.281747 0.367180 0.886452 0.360000 0.522900 1 0 1.0
0 2.000000 3.152488 -0.472513 -0.281747 0.367180 0.886452 0.360000 0.567448 1 0 1.0
0 1.797927 3.107073 -0.517927 -0.281747 0.367180 0.886452 0.323627 0.559273 1 0 1.0
bag_fabric
0 2.000000 2.905000 -0.370000 -0.367180 0.281747 0.886452 0.360000 0.522900 1 0 1.0
0 1.797927 3.107073 -0.517927 -0.367180 0.281747 0.886452 0.323627 0.559273 1 0 1.0
0 1.752512 2.905000 -0.472513 -0.367180 0.281747 0.886452 0.315452 0.522900 1 0 1.0
bag_fabric
0 2.000000 3.255000 -0.720000 -0.367180 0.886452 0.281747 0.360000 -0.129600 1 0 1.0
0 1.752512 3.152488 -0.720000 -0.367180 0.886452 0.281747 0.315452 -0.129600 1 0 1.0
0 1.797927 3.107073 -0.517927 -0.367180 0.886452 0.281747 0.323627 -0.093227 1 0 1.0
bag_fabric
0 2.000000 3.255000 -0.720000 -0.281747 0.886452 0.367180 0.360000 -0.129600 1 0 1.0
0 1.797927 3.107073 -0.517927 -0.281747 0.886452 0.367180 0.323627 -0.093227 1 0 1.0
0 2.000000 3.152488 -0.472513 -0.281747 0.886452 0.367180 0.360000 -0.085052 1 0 1.0
bag_fabric
0 1.650000 2.905000 -0.720000 -0.886452 0.281747 0.367180 0.522900 -0.129600 1 0 1.0
0 1.752512 2.905000 -0.472513 -0.886452 0.281747 0.367180 0.522900 -0.085052 1 0 1.0
0 1.797927 3.107073 -0.517927 -0.886452 0.281747 0.367180 0.559273 -0.093227 1 0 1.0
bag_fabric
0 1.650000 2.905000 -0.720000 -0.886452 0.367180 0.281747 0.522900 -0.129600 1 0 1.0
0 1.797927 3.107073 -0.517927 -0.886452 0.367180 0.281747 0.559273 -0.093227 1 0 1.0
0 1.752512 3.152488 -0.720000 -0.886452 0.367180 0.281747 0.567448 -0.129600 1 0 1.0
bag_fabric
0 2.200000 -2.905000 -2.530000 0.367181 -0.281747 -0.886452 0.396000 -0.522900 1 0 1.0
0 2.447487 -2.905000 -2.427488 0.367181 -0.281747 -0.886452 0.440548 -0.522900 1 0 1.0
0 2.402072 -3.107073 -2.382073 0.367181 -0.281747 -0.886452 0.432373 -0.559273 1 0 1.0
bag_fabric
0 2.200000 -2.905000 -2.530000 0.281747 -0.367181 -0.886452 0.396000 -0.522900 1 0 1.0
0 2.402072 -3.107073 -2.382073 0.281747 -0.367181 -0.886452 0.432373 -0.559273 1 0 1.0
0 2.200000 -3.152488 -2.427488 0.281747 -0.367181 -0.886452 0.396000 -0.567448 1 0 1.0
bag_fabric
0 2.550000 -2.905000 -2.180000 0.886452 -0.367181 -0.281747 -0.522900 -0.392400 1 0 1.0
0 2.447487 -3.152488 -2.180000 0.886452 -0.367181 -0.281747 -0.567448 -0.392400 1 0 1.0
0 2.402072 -3.107073 -2.382073 0.886452 -0.367181 -0.281747 -0.559273 -0.428773 1 0 1.0
bag_fabric
0 2.550000 -2.905000 -2.180000 0.886452 -0.281747 -0.367181 -0.522900 -0.392400 1 0 1.0
0 2.402072 -3.107073 -2.382073 0.886452 -0.281747 -0.367181 -0.559273 -0.428773 1 0 1.0
0 2.447487 -2.905000 -2.427488 0.886452 -0.281747 -0.367181 -0.522900 -0.436948 1 0 1.0
bag_fabric
0 2.200000 -3.255000 -2.180000 0.281747 -0.886452 -0.367181 0.396000 -0.392400 1 0 1.0
0 2.200000 -3.152488 -2.427488 0.281747 -0.886452 -0.367181 0.396000 -0.436948 1 0 1.0
0 2.402072 -3.107073 -2.382073 0.281747 -0.886452 -0.367181 0.432373 -0.428773 1 0 1.0
bag_fabric
0 2.200000 -3.255000 -2.180000 0.367181 -0.886452 -0.281747 0.396000 -0.392400 1 0 1.0
0 2.402072 -3.107073 -2.382073 0.367181 -0.886452 -0.281747 0.432373 -0.428773 1 0 1.0
0 2.447487 -3.152488 -2.180000 0.367181 -0.886452 -0.281747 0.440548 -0.392400 1 0 1.0
bag_fabric
0 2.200000 -2.905000 -0.370000 0.281747 -0.367181 0.886452 0.396000 -0.522900 1 0 1.0
0 2.200000 -3.152488 -0.472513 0.281747 -0.367181 0.886452 0.396000 -0.567448 1 0 1.0
0 2.402072 -3.107073 -0.517927 0.281747 -0.367181 0.886452 0.432373 -0.559273 1 0 1.0
bag_fabric
0 2.200000 -2.905000 -0.370000 0.367181 -0.281747 0.886452 0.396000 -0.522900 1 0 1.0
0 2.402072 -3.107073 -0.517927 0.367181 -0.281747 0.886452 0.432373 -0.559273 1 0 1.0
0 2.447487 -2.905000 -0.472513 0.367181 -0.281747 0.886452 0.440548 -0.522900 1 0 1.0
bag_fabric
0 2.200000 -3.255000 -0.720000 0.367181 -0.886452 0.281747 0.396000 -0.129600 1 0 1.0
0 2.447487 -3.152488 -0.720000 0.367181 -0.886452 0.281747 0.440548 -0.129600 1 0 1.0
0 2.402072 -3.107073 -0.517927 0.367181 -0.886452 0.281747 0.432373 -0.093227 1 0 1.0
bag_fabric
0 2.200000 -3.255000 -0.720000 0.281747 -0.886452 0.367180 0.396000 -0.129600 1 0 1.0
0 2.402072 -3.107073 -0.517927 0.281747 -0.886452 0.367180 0.432373 -0.093227 1 0 1.0
0 2.200000 -3.152488 -0.472513 0.281747 -0.886452 0.367180 0.396000 -0.085052 1 0 1.0
bag_fabric
0 2.550000 -2.905000 -0.720000 0.886452 -0.281747 0.367181 -0.522900 -0.129600 1 0 1.0
0 2.447487 -2.905000 -0.472513 0.886452 -0.281747 0.367181 -0.522900 -0.085052 1 0 1.0
0 2.402072 -3.107073 -0.517927 0.886452 -0.281747 0.367181 -0.559273 -0.093227 1 0 1.0
bag_fabric
0 2.550000 -2.905000 -0.720000 0.886452 -0.367181 0.281747 -0.522900 -0.129600 1 0 1.0
0 2.402072 -3.107073 -0.517927 0.886452 -0.367181 0.281747 -0.559273 -0.093227 1 0 1.0
0 2.447487 -3.152488 -0.720000 0.886452 -0.367181 0.281747 -0.567448 -0.129600 1 0 1.0
bag_fabric
0 2.200000 2.905000 -2.530000 0.281747 0.367181 -0.886452 0.396000 0.522900 1 0 1.0
0 2.200000 3.152488 -2.427488 0.281747 0.367181 -0.886452 0.396000 0.567448 1 0 1.0
0 2.402072 3.107073 -2.382073 0.281747 0.367181 -0.886452 0.432373 0.559273 1 0 1.0
bag_fabric
0 2.200000 2.905000 -2.530000 0.367181 0.281747 -0.886452 0.396000 0.522900 1 0 1.0
0 2.402072 3.107073 -2.382073 0.367181 0.281747 -0.886452 0.432373 0.559273 1 0 1.0
0 2.447487 2.905000 -2.427488 0.367181 0.281747 -0.886452 0.440548 0.522900 1 0 1.0
bag_fabric
0 2.200000 3.255000 -2.180000 0.367181 0.886452 -0.281747 0.396000 -0.392400 1 0 1.0
0 2.447487 3.152488 -2.180000 0.367181 0.886452 -0.281747 0.440548 -0.392400 1 0 1.0
0 2.402072 3.107073 -2.382073 0.367181 0.886452 -0.281747 0.432373 -0.428773 1 0 1.0
bag_fabric
0 2.200000 3.255000 -2.180000 0.281747 0.886452 -0.367181 0.396000 -0.392400 1 0 1.0
0 2.402072 3.107073 -2.382073 0.281747 0.886452 -0.367181 0.432373 -0.428773 1 0 1.0
0 2.200000 3.152488 -2.427488 0.281747 0.886452 -0.367181 0.396000 -0.436948 1 0 1.0
bag_fabric
0 2.550000 2.905000 -2.180000 0.886452 0.281747 -0.367181 0.522900 -0.392400 1 0 1.0
0 2.447487 2.905000 -2.427488 0.886452 0.281747 -0.367181 0.522900 -0.436948 1 0 1.0
0 2.402072 3.107073 -2.382073 0.886452 0.281747 -0.367181 0.559273 -0.428773 1 0 1.0
bag_fabric
0 2.550000 2.905000 -2.180000 0.886452 0.367181 -0.281747 0.522900 -0.392400 1 0 1.0
0 2.402072 3.107073 -2.382073 0.886452 0.367181 -0.281747 0.559273 -0.428773 1 0 1.0
0 2.447487 3.152488 -2.180000 0.886452 0.367181 -0.281747 0.567448 -0.392400 1 0 1.0
bag_fabric
0 2.200000 2.905000 -0.370000 0.367181 0.281747 0.886452 0.396000 0.522900 1 0 1.0
0 2.447487 2.905000 -0.472513 0.367181 0.281747 0.886452 0.440548 0.522900 1 0 1.0
0 2.402072 3.107073 -0.517927 0.367181 0.281747 0.886452 0.432373 0.559273 1 0 1.0
bag_fabric
0 2.200000 2.905000 -0.370000 0.281747 0.367181 0.886452 0.396000 0.522900 1 0 1.0
0 2.402072 3.107073 -0.517927 0.281747 0.367181 0.886452 0.432373 0.559273 1 0 1.0
0 2.200000 3.152488 -0.472513 0.281747 0.367181 0.886452 0.396000 0.567448 1 0 1.0
bag_fabric
0 2.550000 2.905000 -0.720000 0.886452 0.367181 0.281747 0.522900 -0.129600 1 0 1.0
0 2.447487 3.152488 -0.720000 0.886452 0.367181 0.281747 0.567448 -0.129600 1 0 1.0
0 2.402072 3.107073 -0.517927 0.886452 0.367181 0.281747 0.559273 -0.093227 1 0 1.0
bag_fabric
0 2.550000 2.905000 -0.720000 0.886452 0.281747 0.367181 0.522900 -0.129600 1 0 1.0
0 2.402072 3.107073 -0.517927 0.886452 0.281747 0.367181 0.559273 -0.093227 1 0 1.0
0 2.447487 2.905000 -0.472513 0.886452 0.281747 0.367181 0.522900 -0.085052 1 0 1.0
bag_fabric
0 2.200000 3.255000 -0.720000 0.281747 0.886452 0.367181 0.396000 -0.129600 1 0 1.0
0 2.200000 3.152488 -0.472513 0.281747 0.886452 0.367181 0.396000 -0.085052 1 0 1.0
0 2.402072 3.107073 -0.517927 0.281747 0.886452 0.367181 0.432373 -0.093227 1 0 1.0
bag_fabric
0 2.200000 3.255000 -0.720000 0.367181 0.886452 0.281747 0.396000 -0.129600 1 0 1.0
0 2.402072 3.107073 -0.517927 0.367181 0.886452 0.281747 0.432373 -0.093227 1 0 1.0
0 2.447487 3.152488 -0.720000 0.367181 0.886452 0.281747 0.440548 -0.129600 1 0 1.0
bag_fabric
0 2.000000 2.905000 -2.530000 -0.382683 0.000000 -0.923880 0.360000 0.522900 1 0 1.0
0 2.000000 -2.905000 -2.530000 -0.382683 0.000000 -0.923880 0.360000 -0.522900 1 0 1.0
0 1.752512 -2.905000 -2.427488 -0.382683 0.000000 -0.923880 0.315452 -0.522900 1 0 1.0
bag_fabric
0 2.000000 2.905000 -2.530000 -0.382683 0.000000 -0.923880 0.360000 0.522900 1 0 1.0
0 1.752512 -2.905000 -2.427488 -0.382683 0.000000 -0.923880 0.315452 -0.522900 1 0 1.0
0 1.752512 2.905000 -2.427488 -0.382683 0.000000 -0.923880 0.315452 0.522900 1 0 1.0
bag_fabric
0 1.752512 2.905000 -2.427488 -0.923880 0.000000 -0.382683 0.522900 -0.436948 1 0 1.0
0 1.752512 -2.905000 -2.427488 -0.923880 0.000000 -0.382683 -0.522900 -0.436948 1 0 1.0
0 1.650000 -2.905000 -2.180000 -0.923880 0.000000 -0.382683 -0.522900 -0.392400 1 0 1.0
bag_fabric
0 1.752512 2.905000 -2.427488 -0.923880 0.000000 -0.382683 0.522900 -0.436948 1 0 1.0
0 1.650000 -2.905000 -2.180000 -0.923880 0.000000 -0.382683 -0.522900 -0.392400 1 0 1.0
0 1.650000 2.905000 -2.180000 -0.923880 0.000000 -0.382683 0.522900 -0.392400 1 0 1.0
bag_fabric
0 2.000000 -3.255000 -2.180000 -0.382683 -0.923880 0.000000 0.360000 -0.392400 1 0 1.0
0 2.000000 -3.255000 -0.720000 -0.382683 -0.923880 0.000000 0.360000 -0.129600 1 0 1.0
0 1.752512 -3.152488 -0.720000 -0.382683 -0.923880 0.000000 0.315452 -0.129600 1 0 1.0
bag_fabric
0 2.000000 -3.255000 -2.180000 -0.382683 -0.923880 0.000000 0.360000 -0.392400 1 0 1.0
0 1.752512 -3.152488 -0.720000 -0.382683 -0.923880 0.000000 0.315452 -0.129600 1 0 1.0
0 1.752512 -3.152488 -2.180000 -0.382683 -0.923880 0.000000 0.315452 -0.392400 1 0 1.0
bag_fabric
0 1.752512 -3.152488 -2.180000 -0.923880 -0.382683 0.000000 -0.567448 -0.392400 1 0 1.0
0 1.752512 -3.152488 -0.720000 -0.923880 -0.382683 0.000000 -0.567448 -0.129600 1 0 1.0
0 1.650000 -2.905000 -0.720000 -0.923880 -0.382683 0.000000 -0.522900 -0.129600 1 0 1.0
bag_fabric
0 1.752512 -3.152488 -2.180000 -0.923880 -0.382683 0.000000 -0.567448 -0.392400 1 0 1.0
0 1.650000 -2.905000 -0.720000 -0.923880 -0.382683 0.000000 -0.522900 -0.129600 1 0 1.0
0 1.650000 -2.905000 -2.180000 -0.923880 -0.382683 0.000000 -0.522900 -0.392400 1 0 1.0
bag_fabric
0 2.000000 -2.905000 -0.370000 -0.382683 -0.000000 0.923880 0.360000 -0.522900 1 0 1.0
0 2.000000 2.905000 -0.370000 -0.382683 -0.000000 0.923880 0.360000 0.522900 1 0 1.0
0 1.752512 2.905000 -0.472513 -0.382683 -0.000000 0.923880 0.315452 0.522900 1 0 1.0
bag_fabric
0 2.000000 -2.905000 -0.370000 -0.382683 0.000000 0.923880 0.360000 -0.522900 1 0 1.0
0 1.752512 2.905000 -0.472513 -0.382683 0.000000 0.923880 0.315452 0.522900 1 0 1.0
0 1.752512 -2.905000 -0.472513 -0.382683 0.000000 0.923880 0.315452 -0.522900 1 0 1.0
bag_fabric
0 1.752512 -2.905000 -0.472513 -0.923880 0.000000 0.382683 -0.522900 -0.085052 1 0 1.0
0 1.752512 2.905000 -0.472513 -0.923880 0.000000 0.382683 0.522900 -0.085052 1 0 1.0
0 1.650000 2.905000 -0.720000 -0.923880 0.000000 0.382683 0.522900 -0.129600 1 0 1.0
bag_fabric
0 1.752512 -2.905000 -0.472513 -0.923880 0.000000 0.382683 -0.522900 -0.085052 1 0 1.0
0 1.650000 2.905000 -0.720000 -0.923880 0.000000 0.382683 0.522900 -0.129600 1 0 1.0
0 1.650000 -2.905000 -0.720000 -0.923880 0.000000 0.382683 -0.522900 -0.129600 1 0 1.0
bag_fabric
0 2.000000 3.255000 -0.720000 -0.382683 0.923880 0.000000 0.360000 -0.129600 1 0 1.0
0 2.000000 3.255000 -2.180000 -0.382683 0.923880 0.000000 0.360000 -0.392400 1 0 1.0
0 1.752512 3.152488 -2.180000 -0.382683 0.923880 0.000000 0.315452 -0.392400 1 0 1.0
bag_fabric
0 2.000000 3.255000 -0.720000 -0.382683 0.923880 0.000000 0.360000 -0.129600 1 0 1.0
0 1.752512 3.152488 -2.180000 -0.382683 0.923880 0.000000 0.315452 -0.392400 1 0 1.0
0 1.752512 3.152488 -0.720000 -0.382683 0.923880 0.000000 0.315452 -0.129600 1 0 1.0
bag_fabric
0 1.752512 3.152488 -0.720000 -0.923880 0.382683 0.000000 0.567448 -0.129600 1 0 1.0
0 1.752512 3.152488 -2.180000 -0.923880 0.382683 0.000000 0.567448 -0.392400 1 0 1.0
0 1.650000 2.905000 -2.180000 -0.923880 0.382683 0.000000 0.522900 -0.392400 1 0 1.0
bag_fabric
0 1.752512 3.152488 -0.720000 -0.923880 0.382683 0.000000 0.567448 -0.129600 1 0 1.0
0 1.650000 2.905000 -2.180000 -0.923880 0.382683 0.000000 0.522900 -0.392400 1 0 1.0
0 1.650000 2.905000 -0.720000 -0.923880 0.382683 0.000000 0.522900 -0.129600 1 0 1.0
bag_fabric
0 2.200000 2.905000 -2.530000 0.000000 0.382683 -0.923880 0.396000 0.522900 1 0 1.0
0 2.000000 2.905000 -2.530000 0.000000 0.382683 -0.923880 0.360000 0.522900 1 0 1.0
0 2.000000 3.152488 -2.427488 0.000000 0.382683 -0.923880 0.360000 0.567448 1 0 1.0
bag_fabric
0 2.200000 2.905000 -2.530000 0.000000 0.382683 -0.923880 0.396000 0.522900 1 0 1.0
0 2.000000 3.152488 -2.427488 0.000000 0.382683 -0.923880 0.360000 0.567448 1 0 1.0
0 2.200000 3.152488 -2.427488 0.000000 0.382683 -0.923880 0.396000 0.567448 1 0 1.0
bag_fabric
0 2.200000 3.152488 -2.427488 0.000000 0.923880 -0.382683 0.396000 -0.436948 1 0 1.0
0 2.000000 3.152488 -2.427488 0.000000 0.923880 -0.382683 0.360000 -0.436948 1 0 1.0
0 2.000000 3.255000 -2.180000 0.000000 0.923880 -0.382683 0.360000 -0.392400 1 0 1.0
bag_fabric
0 2.200000 3.152488 -2.427488 0.000000 0.923880 -0.382683 0.396000 -0.436948 1 0 1.0
0 2.000000 3.255000 -2.180000 0.000000 0.923880 -0.382683 0.360000 -0.392400 1 0 1.0
0 2.200000 3.255000 -2.180000 0.000000 0.923880 -0.382683 0.396000 -0.392400 1 0 1.0
bag_fabric
0 2.000000 2.905000 -0.370000 0.000000 0.382683 0.923880 0.360000 0.522900 1 0 1.0
0 2.200000 2.905000 -0.370000 0.000000 0.382683 0.923880 0.396000 0.522900 1 0 1.0
0 2.200000 3.152488 -0.472513 0.000000 0.382683 0.923880 0.396000 0.567448 1 0 1.0
bag_fabric
0 2.000000 2.905000 -0.370000 0.000000 0.382683 0.923880 0.360000 0.522900 1 0 1.0
0 2.200000 3.152488 -0.472513 0.000000 0.382683 0.923880 0.396000 0.567448 1 0 1.0
0 2.000000 3.152488 -0.472513 0.000000 0.382683 0.923880 0.360000 0.567448 1 0 1.0
bag_fabric
0 2.000000 3.152488 -0.472513 0.000000 0.923880 0.382683 0.360000 -0.085052 1 0 1.0
0 2.200000 3.152488 -0.472513 0.000000 0.923880 0.382683 0.396000 -0.085052 1 0 1.0
0 2.200000 3.255000 -0.720000 0.000000 0.923880 0.382683 0.396000 -0.129600 1 0 1.0
bag_fabric
0 2.000000 3.152488 -0.472513 0.000000 0.923880 0.382683 0.360000 -0.085052 1 0 1.0
0 2.200000 3.255000 -0.720000 0.000000 0.923880 0.382683 0.396000 -0.129600 1 0 1.0
0 2.000000 3.255000 -0.720000 0.000000 0.923880 0.382683 0.360000 -0.129600 1 0 1.0
bag_fabric
0 2.550000 2.905000 -0.720000 0.923879 0.382684 0.000000 0.522900 -0.129600 1 0 1.0
0 2.550000 2.905000 -2.180000 0.923879 0.382684 0.000000 0.522900 -0.392400 1 0 1.0
0 2.447487 3.152488 -2.180000 0.923879 0.382684 0.000000 0.567448 -0.392400 1 0 1.0
bag_fabric
0 2.550000 2.905000 -0.720000 0.923879 0.382684 0.000000 0.522900 -0.129600 1 0 1.0
0 2.447487 3.152488 -2.180000 0.923879 0.382684 0.000000 0.567448 -0.392400 1 0 1.0
0 2.447487 3.152488 -0.720000 0.923879 0.382684 0.000000 0.567448 -0.129600 1 0 1.0
bag_fabric
0 2.447487 3.152488 -0.720000 0.382684 0.923879 0.000000 0.440548 -0.129600 1 0 1.0
0 2.447487 3.152488 -2.180000 0.382684 0.923879 0.000000 0.440548 -0.392400 1 0 1.0
0 2.200000 3.255000 -2.180000 0.382684 0.923879 0.000000 0.396000 -0.392400 1 0 1.0
bag_fabric
0 2.447487 3.152488 -0.720000 0.382684 0.923879 0.000000 0.440548 -0.129600 1 0 1.0
0 2.200000 3.255000 -2.180000 0.382684 0.923879 0.000000 0.396000 -0.392400 1 0 1.0
0 2.200000 3.255000 -0.720000 0.382684 0.923879 0.000000 0.396000 -0.129600 1 0 1.0
bag_fabric
0 2.200000 -2.905000 -2.530000 0.382684 0.000000 -0.923879 0.396000 -0.522900 1 0 1.0
0 2.200000 2.905000 -2.530000 0.382684 0.000000 -0.923879 0.396000 0.522900 1 0 1.0
0 2.447487 2.905000 -2.427488 0.382684 0.000000 -0.923879 0.440548 0.522900 1 0 1.0
bag_fabric
0 2.200000 -2.905000 -2.530000 0.382684 0.000000 -0.923879 0.396000 -0.522900 1 0 1.0
0 2.447487 2.905000 -2.427488 0.382684 0.000000 -0.923879 0.440548 0.522900 1 0 1.0
0 2.447487 -2.905000 -2.427488 0.382684 0.000000 -0.923879 0.440548 -0.522900 1 0 1.0
bag_fabric
0 2.447487 -2.905000 -2.427488 0.923879 0.000000 -0.382684 -0.522900 -0.436948 1 0 1.0
0 2.447487 2.905000 -2.427488 0.923879 0.000000 -0.382684 0.522900 -0.436948 1 0 1.0
0 2.550000 2.905000 -2.180000 0.923879 0.000000 -0.382684 0.522900 -0.392400 1 0 1.0
bag_fabric
0 2.447487 -2.905000 -2.427488 0.923879 0.000000 -0.382684 -0.522900 -0.436948 1 0 1.0
0 2.550000 2.905000 -2.180000 0.923879 0.000000 -0.382684 0.522900 -0.392400 1 0 1.0
0 2.550000 -2.905000 -2.180000 0.923879 0.000000 -0.382684 -0.522900 -0.392400 1 0 1.0
bag_fabric
0 2.200000 2.905000 -0.370000 0.382684 0.000000 0.923879 0.396000 0.522900 1 0 1.0
0 2.200000 -2.905000 -0.370000 0.382684 0.000000 0.923879 0.396000 -0.522900 1 0 1.0
0 2.447487 -2.905000 -0.472513 0.382684 0.000000 0.923879 0.440548 -0.522900 1 0 1.0
bag_fabric
0 2.200000 2.905000 -0.370000 0.382684 -0.000000 0.923879 0.396000 0.522900 1 0 1.0
0 2.447487 -2.905000 -0.472513 0.382684 -0.000000 0.923879 0.440548 -0.522900 1 0 1.0
0 2.447487 2.905000 -0.472513 0.382684 -0.000000 0.923879 0.440548 0.522900 1 0 1.0
bag_fabric
0 2.447487 2.905000 -0.472513 0.923879 -0.000000 0.382684 0.522900 -0.085052 1 0 1.0
0 2.447487 -2.905000 -0.472513 0.923879 -0.000000 0.382684 -0.522900 -0.085052 1 0 1.0
0 2.550000 -2.905000 -0.720000 0.923879 -0.000000 0.382684 -0.522900 -0.129600 1 0 1.0
bag_fabric
0 2.447487 2.905000 -0.472513 0.923879 -0.000000 0.382684 0.522900 -0.085052 1 0 1.0
0 2.550000 -2.905000 -0.720000 0.923879 -0.000000 0.382684 -0.522900 -0.129600 1 0 1.0
0 2.550000 2.905000 -0.720000 0.923879 -0.000000 0.382684 0.522900 -0.129600 1 0 1.0
bag_fabric
0 2.200000 -3.255000 -0.720000 0.382684 -0.923879 0.000000 0.396000 -0.129600 1 0 1.0
0 2.200000 -3.255000 -2.180000 0.382684 -0.923879 0.000000 0.396000 -0.392400 1 0 1.0
0 2.447487 -3.152488 -2.180000 0.382684 -0.923879 0.000000 0.440548 -0.392400 1 0 1.0
bag_fabric
0 2.200000 -3.255000 -0.720000 0.382684 -0.923879 0.000000 0.396000 -0.129600 1 0 1.0
0 2.447487 -3.152488 -2.180000 0.382684 -0.923879 0.000000 0.440548 -0.392400 1 0 1.0
0 2.447487 -3.152488 -0.720000 0.382684 -0.923879 0.000000 0.440548 -0.129600 1 0 1.0
bag_fabric
0 2.447487 -3.152488 -0.720000 0.923879 -0.382684 0.000000 -0.567448 -0.129600 1 0 1.0
0 2.447487 -3.152488 -2.180000 0.923879 -0.382684 0.000000 -0.567448 -0.392400 1 0 1.0
0 2.550000 -2.905000 -2.180000 0.923879 -0.382684 0.000000 -0.522900 -0.392400 1 0 1.0
bag_fabric
0 2.447487 -3.152488 -0.720000 0.923879 -0.382684 0.000000 -0.567448 -0.129600 1 0 1.0
0 2.550000 -2.905000 -2.180000 0.923879 -0.382684 0.000000 -0.522900 -0.392400 1 0 1.0
0 2.550000 -2.905000 -0.720000 0.923879 -0.382684 0.000000 -0.522900 -0.129600 1 0 1.0
bag_fabric
0 2.000000 -2.905000 -2.530000 0.000000 -0.382683 -0.923880 0.360000 -0.522900 1 0 1.0
0 2.200000 -2.905000 -2.530000 0.000000 -0.382683 -0.923880 0.396000 -0.522900 1 0 1.0
0 2.200000 -3.152488 -2.427488 0.000000 -0.382683 -0.923880 0.396000 -0.567448 1 0 1.0
bag_fabric
0 2.000000 -2.905000 -2.530000 0.000000 -0.382683 -0.923880 0.360000 -0.522900 1 0 1.0
0 2.200000 -3.152488 -2.427488 0.000000 -0.382683 -0.923880 0.396000 -0.567448 1 0 1.0
0 2.000000 -3.152488 -2.427488 0.000000 -0.382683 -0.923880 0.360000 -0.567448 1 0 1.0
bag_fabric
0 2.000000 -3.152488 -2.427488 0.000000 -0.923880 -0.382683 0.360000 -0.436948 1 0 1.0
0 2.200000 -3.152488 -2.427488 0.000000 -0.923880 -0.382683 0.396000 -0.436948 1 0 1.0
0 2.200000 -3.255000 -2.180000 0.000000 -0.923880 -0.382683 0.396000 -0.392400 1 0 1.0
bag_fabric
0 2.000000 -3.152488 -2.427488 0.000000 -0.923880 -0.382683 0.360000 -0.436948 1 0 1.0
0 2.200000 -3.255000 -2.180000 0.000000 -0.923880 -0.382683 0.396000 -0.392400 1 0 1.0
0 2.000000 -3.255000 -2.180000 0.000000 -0.923880 -0.382683 0.360000 -0.392400 1 0 1.0
bag_fabric
0 2.200000 -2.905000 -0.370000 0.000000 -0.382683 0.923880 0.396000 -0.522900 1 0 1.0
0 2.000000 -2.905000 -0.370000 0.000000 -0.382683 0.923880 0.360000 -0.522900 1 0 1.0
0 2.000000 -3.152488 -0.472513 0.000000 -0.382683 0.923880 0.360000 -0.567448 1 0 1.0
bag_fabric
0 2.200000 -2.905000 -0.370000 0.000000 -0.382683 0.923880 0.396000 -0.522900 1 0 1.0
0 2.000000 -3.152488 -0.472513 0.000000 -0.382683 0.923880 0.360000 -0.567448 1 0 1.0
0 2.200000 -3.152488 -0.472513 0.000000 -0.382683 0.923880 0.396000 -0.567448 1 0 1.0
bag_fabric
0 2.200000 -3.152488 -0.472513 0.000000 -0.923880 0.382683 0.396000 -0.085052 1 0 1.0
0 2.000000 -3.152488 -0.472513 0.000000 -0.923880 0.382683 0.360000 -0.085052 1 0 1.0
0 2.000000 -3.255000 -0.720000 0.000000 -0.923880 0.382683 0.360000 -0.129600 1 0 1.0
bag_fabric
0 2.200000 -3.152488 -0.472513 0.000000 -0.923880 0.382683 0.396000 -0.085052 1 0 1.0
0 2.000000 -3.255000 -0.720000 0.000000 -0.923880 0.382683 0.360000 -0.129600 1 0 1.0
0 2.200000 -3.255000 -0.720000 0.000000 -0.923880 0.382683 0.396000 -0.129600 1 0 1.0
bag_fabric
0 2.000000 2.905000 -2.530000 0.000000 0.000000 -1.000000 0.360000 0.522900 1 0 1.0
0 2.200000 2.905000 -2.530000 0.000000 0.000000 -1.000000 0.396000 0.522900 1 0 1.0
0 2.200000 -2.905000 -2.530000 0.000000 0.000000 -1.000000 0.396000 -0.522900 1 0 1.0
bag_fabric
0 2.000000 2.905000 -2.530000 0.000000 0.000000 -1.000000 0.360000 0.522900 1 0 1.0
0 2.200000 -2.905000 -2.530000 0.000000 0.000000 -1.000000 0.396000 -0.522900 1 0 1.0
0 2.000000 -2.905000 -2.530000 0.000000 0.000000 -1.000000 0.360000 -0.522900 1 0 1.0
bag_fabric
0 1.650000 -2.905000 -2.180000 -1.000000 0.000000 0.000000 -0.522900 -0.392400 1 0 1.0
0 1.650000 -2.905000 -0.720000 -1.000000 0.000000 0.000000 -0.522900 -0.129600 1 0 1.0
0 1.650000 2.905000 -0.720000 -1.000000 0.000000 0.000000 0.522900 -0.129600 1 0 1.0
bag_fabric
0 1.650000 -2.905000 -2.180000 -1.000000 0.000000 0.000000 -0.522900 -0.392400 1 0 1.0
0 1.650000 2.905000 -0.720000 -1.000000 0.000000 0.000000 0.522900 -0.129600 1 0 1.0
0 1.650000 2.905000 -2.180000 -1.000000 0.000000 0.000000 0.522900 -0.392400 1 0 1.0
bag_fabric
0 2.200000 -3.255000 -2.180000 0.000000 -1.000000 0.000000 0.396000 -0.392400 1 0 1.0
0 2.200000 -3.255000 -0.720000 0.000000 -1.000000 0.000000 0.396000 -0.129600 1 0 1.0
0 2.000000 -3.255000 -0.720000 0.000000 -1.000000 0.000000 0.360000 -0.129600 1 0 1.0
bag_fabric
0 2.200000 -3.255000 -2.180000 0.000000 -1.000000 0.000000 0.396000 -0.392400 1 0 1.0
0 2.000000 -3.255000 -0.720000 0.000000 -1.000000 0.000000 0.360000 -0.129600 1 0 1.0
0 2.000000 -3.255000 -2.180000 0.000000 -1.000000 0.000000 0.360000 -0.392400 1 0 1.0
bag_fabric
0 2.200000 2.905000 -0.370000 0.000000 0.000000 1.000000 0.396000 0.522900 1 0 1.0
0 2.000000 2.905000 -0.370000 0.000000 0.000000 1.000000 0.360000 0.522900 1 0 1.0
0 2.000000 -2.905000 -0.370000 0.000000 0.000000 1.000000 0.360000 -0.522900 1 0 1.0
bag_fabric
0 2.200000 2.905000 -0.370000 0.000000 0.000000 1.000000 0.396000 0.522900 1 0 1.0
0 2.000000 -2.905000 -0.370000 0.000000 0.000000 1.000000 0.360000 -0.522900 1 0 1.0
0 2.200000 -2.905000 -0.370000 0.000000 0.000000 1.000000 0.396000 -0.522900 1 0 1.0
bag_fabric
0 2.000000 3.255000 -2.180000 0.000000 1.000000 0.000000 0.360000 -0.392400 1 0 1.0
0 2.000000 3.255000 -0.720000 0.000000 1.000000 0.000000 0.360000 -0.129600 1 0 1.0
0 2.200000 3.255000 -0.720000 0.000000 1.000000 0.000000 0.396000 -0.129600 1 0 1.0
bag_fabric
0 2.000000 3.255000 -2.180000 0.000000 1.000000 0.000000 0.360000 -0.392400 1 0 1.0
0 2.200000 3.255000 -0.720000 0.000000 1.000000 0.000000 0.396000 -0.129600 1 0 1.0
0 2.200000 3.255000 -2.180000 0.000000 1.000000 0.000000 0.396000 -0.392400 1 0 1.0
bag_fabric
0 2.550000 2.905000 -2.180000 1.000000 0.000000 0.000000 0.522900 -0.392400 1 0 1.0
0 2.550000 2.905000 -0.720000 1.000000 0.000000 0.000000 0.522900 -0.129600 1 0 1.0
0 2.550000 -2.905000 -0.720000 1.000000 0.000000 0.000000 -0.522900 -0.129600 1 0 1.0
bag_fabric
0 2.550000 2.905000 -2.180000 1.000000 0.000000 0.000000 0.522900 -0.392400 1 0 1.0
0 2.550000 -2.905000 -0.720000 1.000000 0.000000 0.000000 -0.522900 -0.129600 1 0 1.0
0 2.550000 -2.905000 -2.180000 1.000000 0.000000 0.000000 -0.522900 -0.392400 1 0 1.0
bag_metal
0 -13.280000 -0.530000 -0.700000 -0.281749 -0.367180 -0.886452 -2.390400 -0.095400 1 0 1.0
0 -13.280000 -0.614853 -0.664853 -0.281749 -0.367180 -0.886452 -2.390400 -0.110674 1 0 1.0
0 -13.349281 -0.599282 -0.649282 -0.281749 -0.367180 -0.886452 -2.402871 -0.107871 1 0 1.0
bag_metal
0 -13.280000 -0.530000 -0.700000 -0.367179 -0.281751 -0.886451 -2.390400 -0.095400 1 0 1.0
0 -13.349281 -0.599282 -0.649282 -0.367179 -0.281751 -0.886451 -2.402871 -0.107871 1 0 1.0
0 -13.364853 -0.530000 -0.664853 -0.367179 -0.281751 -0.886451 -2.405674 -0.095400 1 0 1.0
bag_metal
0 -13.280000 -0.650000 -0.580000 -0.367179 -0.886451 -0.281751 -2.390400 -0.104400 1 0 1.0
0 -13.364853 -0.614853 -0.580000 -0.367179 -0.886451 -0.281751 -2.405674 -0.104400 1 0 1.0
0 -13.349281 -0.599282 -0.649282 -0.367179 -0.886451 -0.281751 -2.402871 -0.116871 1 0 1.0
bag_metal
0 -13.280000 -0.650000 -0.580000 -0.281749 -0.886452 -0.367180 -2.390400 -0.104400 1 0 1.0
0 -13.349281 -0.599282 -0.649282 -0.281749 -0.886452 -0.367180 -2.402871 -0.116871 1 0 1.0
0 -13.280000 -0.614853 -0.664853 -0.281749 -0.886452 -0.367180 -2.390400 -0.119674 1 0 1.0
bag_metal
0 -13.400000 -0.530000 -0.580000 -0.886451 -0.281756 -0.367175 -0.095400 -0.104400 1 0 1.0
0 -13.364853 -0.530000 -0.664853 -0.886451 -0.281756 -0.367175 -0.095400 -0.119674 1 0 1.0
0 -13.349281 -0.599282 -0.649282 -0.886451 -0.281756 -0.367175 -0.107871 -0.116871 1 0 1.0
bag_metal
0 -13.400000 -0.530000 -0.580000 -0.886451 -0.367175 -0.281756 -0.095400 -0.104400 1 0 1.0
0 -13.349281 -0.599282 -0.649282 -0.886451 -0.367175 -0.281756 -0.107871 -0.116871 1 0 1.0
0 -13.364853 -0.614853 -0.580000 -0.886451 -0.367175 -0.281756 -0.110674 -0.104400 1 0 1.0
bag_metal
0 -13.280000 -0.650000 0.880000 -0.281749 -0.886452 0.367180 -2.390400 0.158400 1 0 1.0
0 -13.280000 -0.614853 0.964853 -0.281749 -0.886452 0.367180 -2.390400 0.173674 1 0 1.0
0 -13.349281 -0.599282 0.949282 -0.281749 -0.886452 0.367180 -2.402871 0.170871 1 0 1.0
bag_metal
0 -13.280000 -0.650000 0.880000 -0.367179 -0.886451 0.281751 -2.390400 0.158400 1 0 1.0
0 -13.349281 -0.599282 0.949282 -0.367179 -0.886451 0.281751 -2.402871 0.170871 1 0 1.0
0 -13.364853 -0.614853 0.880000 -0.367179 -0.886451 0.281751 -2.405674 0.158400 1 0 1.0
bag_metal
0 -13.280000 -0.530000 1.000000 -0.367179 -0.281751 0.886451 -2.390400 -0.095400 1 0 1.0
0 -13.364853 -0.530000 0.964853 -0.367179 -0.281751 0.886451 -2.405674 -0.095400 1 0 1.0
0 -13.349281 -0.599282 0.949282 -0.367179 -0.281751 0.886451 -2.402871 -0.107871 1 0 1.0
bag_metal
0 -13.280000 -0.530000 1.000000 -0.281749 -0.367180 0.886452 -2.390400 -0.095400 1 0 1.0
0 -13.349281 -0.599282 0.949282 -0.281749 -0.367180 0.886452 -2.402871 -0.107871 1 0 1.0
0 -13.280000 -0.614853 0.964853 -0.281749 -0.367180 0.886452 -2.390400 -0.110674 1 0 1.0
bag_metal
0 -13.400000 -0.530000 0.880000 -0.886451 -0.367175 0.281756 -0.095400 0.158400 1 0 1.0
0 -13.364853 -0.614853 0.880000 -0.886451 -0.367175 0.281756 -0.110674 0.158400 1 0 1.0
0 -13.349281 -0.599282 0.949282 -0.886451 -0.367175 0.281756 -0.107871 0.170871 1 0 1.0
bag_metal
0 -13.400000 -0.530000 0.880000 -0.886451 -0.281756 0.367175 -0.095400 0.158400 1 0 1.0
0 -13.349281 -0.599282 0.949282 -0.886451 -0.281756 0.367175 -0.107871 0.170871 1 0 1.0
0 -13.364853 -0.530000 0.964853 -0.886451 -0.281756 0.367175 -0.095400 0.173674 1 0 1.0
bag_metal
0 -13.280000 0.530000 -0.700000 -0.367179 0.281751 -0.886451 -2.390400 0.095400 1 0 1.0
0 -13.364853 0.530000 -0.664853 -0.367179 0.281751 -0.886451 -2.405674 0.095400 1 0 1.0
0 -13.349281 0.599282 -0.649282 -0.367179 0.281751 -0.886451 -2.402871 0.107871 1 0 1.0
bag_metal
0 -13.280000 0.530000 -0.700000 -0.281749 0.367180 -0.886452 -2.390400 0.095400 1 0 1.0
0 -13.349281 0.599282 -0.649282 -0.281749 0.367180 -0.886452 -2.402871 0.107871 1 0 1.0
0 -13.280000 0.614853 -0.664853 -0.281749 0.367180 -0.886452 -2.390400 0.110674 1 0 1.0
bag_metal
0 -13.400000 0.530000 -0.580000 -0.886451 0.367175 -0.281756 0.095400 -0.104400 1 0 1.0
0 -13.364853 0.614853 -0.580000 -0.886451 0.367175 -0.281756 0.110674 -0.104400 1 0 1.0
0 -13.349281 0.599282 -0.649282 -0.886451 0.367175 -0.281756 0.107871 -0.116871 1 0 1.0
bag_metal
0 -13.400000 0.530000 -0.580000 -0.886451 0.281756 -0.367175 0.095400 -0.104400 1 0 1.0
0 -13.349281 0.599282 -0.649282 -0.886451 0.281756 -0.367175 0.107871 -0.116871 1 0 1.0
0 -13.364853 0.530000 -0.664853 -0.886451 0.281756 -0.367175 0.095400 -0.119674 1 0 1.0
bag_metal
0 -13.280000 0.650000 -0.580000 -0.281749 0.886452 -0.367180 -2.390400 -0.104400 1 0 1.0
0 -13.280000 0.614853 -0.664853 -0.281749 0.886452 -0.367180 -2.390400 -0.119674 1 0 1.0
0 -13.349281 0.599282 -0.649282 -0.281749 0.886452 -0.367180 -2.402871 -0.116871 1 0 1.0
bag_metal
0 -13.280000 0.650000 -0.580000 -0.367179 0.886451 -0.281751 -2.390400 -0.104400 1 0 1.0
0 -13.349281 0.599282 -0.649282 -0.367179 0.886451 -0.281751 -2.402871 -0.116871 1 0 1.0
0 -13.364853 0.614853 -0.580000 -0.367179 0.886451 -0.281751 -2.405674 -0.104400 1 0 1.0
bag_metal
0 -13.280000 0.530000 1.000000 -0.281749 0.367180 0.886452 -2.390400 0.095400 1 0 1.0
0 -13.280000 0.614853 0.964853 -0.281749 0.367180 0.886452 -2.390400 0.110674 1 0 1.0
0 -13.349281 0.599282 0.949282 -0.281749 0.367180 0.886452 -2.402871 0.107871 1 0 1.0
bag_metal
0 -13.280000 0.530000 1.000000 -0.367179 0.281751 0.886451 -2.390400 0.095400 1 0 1.0
0 -13.349281 0.599282 0.949282 -0.367179 0.281751 0.886451 -2.402871 0.107871 1 0 1.0
0 -13.364853 0.530000 0.964853 -0.367179 0.281751 0.886451 -2.405674 0.095400 1 0 1.0
bag_metal
0 -13.280000 0.650000 0.880000 -0.367179 0.886451 0.281751 -2.390400 0.158400 1 0 1.0
0 -13.364853 0.614853 0.880000 -0.367179 0.886451 0.281751 -2.405674 0.158400 1 0 1.0
0 -13.349281 0.599282 0.949282 -0.367179 0.886451 0.281751 -2.402871 0.170871 1 0 1.0
bag_metal
0 -13.280000 0.650000 0.880000 -0.281749 0.886452 0.367180 -2.390400 0.158400 1 0 1.0
0 -13.349281 0.599282 0.949282 -0.281749 0.886452 0.367180 -2.402871 0.170871 1 0 1.0
0 -13.280000 0.614853 0.964853 -0.281749 0.886452 0.367180 -2.390400 0.173674 1 0 1.0
bag_metal
0 -13.400000 0.530000 0.880000 -0.886451 0.281756 0.367175 0.095400 0.158400 1 0 1.0
0 -13.364853 0.530000 0.964853 -0.886451 0.281756 0.367175 0.095400 0.173674 1 0 1.0
0 -13.349281 0.599282 0.949282 -0.886451 0.281756 0.367175 0.107871 0.170871 1 0 1.0
bag_metal
0 -13.400000 0.530000 0.880000 -0.886451 0.367175 0.281756 0.095400 0.158400 1 0 1.0
0 -13.349281 0.599282 0.949282 -0.886451 0.367175 0.281756 0.107871 0.170871 1 0 1.0
0 -13.364853 0.614853 0.880000 -0.886451 0.367175 0.281756 0.110674 0.158400 1 0 1.0
bag_metal
0 -13.120000 -0.530000 -0.700000 0.367175 -0.281750 -0.886453 -2.361600 -0.095400 1 0 1.0
0 -13.035146 -0.530000 -0.664853 0.367175 -0.281750 -0.886453 -2.346326 -0.095400 1 0 1.0
0 -13.050717 -0.599282 -0.649282 0.367175 -0.281750 -0.886453 -2.349129 -0.107871 1 0 1.0
bag_metal
0 -13.120000 -0.530000 -0.700000 0.281748 -0.367178 -0.886453 -2.361600 -0.095400 1 0 1.0
0 -13.050717 -0.599282 -0.649282 0.281748 -0.367178 -0.886453 -2.349129 -0.107871 1 0 1.0
0 -13.119999 -0.614853 -0.664853 0.281748 -0.367178 -0.886453 -2.361600 -0.110674 1 0 1.0
bag_metal
0 -13.000000 -0.530000 -0.580000 0.886455 -0.367167 -0.281755 -0.095400 -0.104400 1 0 1.0
0 -13.035146 -0.614853 -0.580000 0.886455 -0.367167 -0.281755 -0.110674 -0.104400 1 0 1.0
0 -13.050717 -0.599282 -0.649282 0.886455 -0.367167 -0.281755 -0.107871 -0.116871 1 0 1.0
bag_metal
0 -13.000000 -0.530000 -0.580000 0.886455 -0.281755 -0.367167 -0.095400 -0.104400 1 0 1.0
0 -13.050717 -0.599282 -0.649282 0.886455 -0.281755 -0.367167 -0.107871 -0.116871 1 0 1.0
0 -13.035146 -0.530000 -0.664853 0.886455 -0.281755 -0.367167 -0.095400 -0.119674 1 0 1.0
bag_metal
0 -13.120000 -0.650000 -0.580000 0.281748 -0.886453 -0.367178 -2.361600 -0.104400 1 0 1.0
0 -13.119999 -0.614853 -0.664853 0.281748 -0.886453 -0.367178 -2.361600 -0.119674 1 0 1.0
0 -13.050717 -0.599282 -0.649282 0.281748 -0.886453 -0.367178 -2.349129 -0.116871 1 0 1.0
bag_metal
0 -13.120000 -0.650000 -0.580000 0.367175 -0.886453 -0.281750 -2.361600 -0.104400 1 0 1.0
0 -13.050717 -0.599282 -0.649282 0.367175 -0.886453 -0.281750 -2.349129 -0.116871 1 0 1.0
0 -13.035146 -0.614853 -0.580000 0.367175 -0.886453 -0.281750 -2.346326 -0.104400 1 0 1.0
bag_metal
0 -13.120000 -0.530000 1.000000 0.281748 -0.367178 0.886453 -2.361600 -0.095400 1 0 1.0
0 -13.119999 -0.614853 0.964853 0.281748 -0.367178 0.886453 -2.361600 -0.110674 1 0 1.0
0 -13.050717 -0.599282 0.949282 0.281748 -0.367178 0.886453 -2.349129 -0.107871 1 0 1.0
bag_metal
0 -13.120000 -0.530000 1.000000 0.367175 -0.281750 0.886453 -2.361600 -0.095400 1 0 1.0
0 -13.050717 -0.599282 0.949282 0.367175 -0.281750 0.886453 -2.349129 -0.107871 1 0 1.0
0 -13.035146 -0.530000 0.964853 0.367175 -0.281750 0.886453 -2.346326 -0.095400 1 0 1.0
bag_metal
0 -13.120000 -0.650000 0.880000 0.367175 -0.886453 0.281750 -2.361600 0.158400 1 0 1.0
0 -13.035146 -0.614853 0.880000 0.367175 -0.886453 0.281750 -2.346326 0.158400 1 0 1.0
0 -13.050717 -0.599282 0.949282 0.367175 -0.886453 0.281750 -2.349129 0.170871 1 0 1.0
bag_metal
0 -13.120000 -0.650000 0.880000 0.281748 -0.886453 0.367178 -2.361600 0.158400 1 0 1.0
0 -13.050717 -0.599282 0.949282 0.281748 -0.886453 0.367178 -2.349129 0.170871 1 0 1.0
0 -13.119999 -0.614853 0.964853 0.281748 -0.886453 0.367178 -2.361600 0.173674 1 0 1.0
bag_metal
0 -13.000000 -0.530000 0.880000 0.886455 -0.281755 0.367167 -0.095400 0.158400 1 0 1.0
0 -13.035146 -0.530000 0.964853 0.886455 -0.281755 0.367167 -0.095400 0.173674 1 0 1.0
0 -13.050717 -0.599282 0.949282 0.886455 -0.281755 0.367167 -0.107871 0.170871 1 0 1.0
bag_metal
0 -13.000000 -0.530000 0.880000 0.886455 -0.367167 0.281755 -0.095400 0.158400 1 0 1.0
0 -13.050717 -0.599282 0.949282 0.886455 -0.367167 0.281755 -0.107871 0.170871 1 0 1.0
0 -13.035146 -0.614853 0.880000 0.886455 -0.367167 0.281755 -0.110674 0.158400 1 0 1.0
bag_metal
0 -13.120000 0.530000 -0.700000 0.281748 0.367178 -0.886453 -2.361600 0.095400 1 0 1.0
0 -13.119999 0.614853 -0.664853 0.281748 0.367178 -0.886453 -2.361600 0.110674 1 0 1.0
0 -13.050717 0.599282 -0.649282 0.281748 0.367178 -0.886453 -2.349129 0.107871 1 0 1.0
bag_metal
0 -13.120000 0.530000 -0.700000 0.367175 0.281750 -0.886453 -2.361600 0.095400 1 0 1.0
0 -13.050717 0.599282 -0.649282 0.367175 0.281750 -0.886453 -2.349129 0.107871 1 0 1.0
0 -13.035146 0.530000 -0.664853 0.367175 0.281750 -0.886453 -2.346326 0.095400 1 0 1.0
bag_metal
0 -13.120000 0.650000 -0.580000 0.367175 0.886453 -0.281750 -2.361600 -0.104400 1 0 1.0
0 -13.035146 0.614853 -0.580000 0.367175 0.886453 -0.281750 -2.346326 -0.104400 1 0 1.0
0 -13.050717 0.599282 -0.649282 0.367175 0.886453 -0.281750 -2.349129 -0.116871 1 0 1.0
bag_metal
0 -13.120000 0.650000 -0.580000 0.281748 0.886453 -0.367178 -2.361600 -0.104400 1 0 1.0
0 -13.050717 0.599282 -0.649282 0.281748 0.886453 -0.367178 -2.349129 -0.116871 1 0 1.0
0 -13.119999 0.614853 -0.664853 0.281748 0.886453 -0.367178 -2.361600 -0.119674 1 0 1.0
bag_metal
0 -13.000000 0.530000 -0.580000 0.886455 0.281755 -0.367167 0.095400 -0.104400 1 0 1.0
0 -13.035146 0.530000 -0.664853 0.886455 0.281755 -0.367167 0.095400 -0.119674 1 0 1.0
0 -13.050717 0.599282 -0.649282 0.886455 0.281755 -0.367167 0.107871 -0.116871 1 0 1.0
bag_metal
0 -13.000000 0.530000 -0.580000 0.886455 0.367167 -0.281755 0.095400 -0.104400 1 0 1.0
0 -13.050717 0.599282 -0.649282 0.886455 0.367167 -0.281755 0.107871 -0.116871 1 0 1.0
0 -13.035146 0.614853 -0.580000 0.886455 0.367167 -0.281755 0.110674 -0.104400 1 0 1.0
bag_metal
0 -13.120000 0.530000 1.000000 0.367175 0.281750 0.886453 -2.361600 0.095400 1 0 1.0
0 -13.035146 0.530000 0.964853 0.367175 0.281750 0.886453 -2.346326 0.095400 1 0 1.0
0 -13.050717 0.599282 0.949282 0.367175 0.281750 0.886453 -2.349129 0.107871 1 0 1.0
bag_metal
0 -13.120000 0.530000 1.000000 0.281748 0.367178 0.886453 -2.361600 0.095400 1 0 1.0
0 -13.050717 0.599282 0.949282 0.281748 0.367178 0.886453 -2.349129 0.107871 1 0 1.0
0 -13.119999 0.614853 0.964853 0.281748 0.367178 0.886453 -2.361600 0.110674 1 0 1.0
bag_metal
0 -13.000000 0.530000 0.880000 0.886455 0.367167 0.281755 0.095400 0.158400 1 0 1.0
0 -13.035146 0.614853 0.880000 0.886455 0.367167 0.281755 0.110674 0.158400 1 0 1.0
0 -13.050717 0.599282 0.949282 0.886455 0.367167 0.281755 0.107871 0.170871 1 0 1.0
bag_metal
0 -13.000000 0.530000 0.880000 0.886455 0.281755 0.367167 0.095400 0.158400 1 0 1.0
0 -13.050717 0.599282 0.949282 0.886455 0.281755 0.367167 0.107871 0.170871 1 0 1.0
0 -13.035146 0.530000 0.964853 0.886455 0.281755 0.367167 0.095400 0.173674 1 0 1.0
bag_metal
0 -13.120000 0.650000 0.880000 0.281748 0.886453 0.367178 -2.361600 0.158400 1 0 1.0
0 -13.119999 0.614853 0.964853 0.281748 0.886453 0.367178 -2.361600 0.173674 1 0 1.0
0 -13.050717 0.599282 0.949282 0.281748 0.886453 0.367178 -2.349129 0.170871 1 0 1.0
bag_metal
0 -13.120000 0.650000 0.880000 0.367175 0.886453 0.281750 -2.361600 0.158400 1 0 1.0
0 -13.050717 0.599282 0.949282 0.367175 0.886453 0.281750 -2.349129 0.170871 1 0 1.0
0 -13.035146 0.614853 0.880000 0.367175 0.886453 0.281750 -2.346326 0.158400 1 0 1.0
bag_metal
0 -13.280000 0.530000 -0.700000 -0.382682 0.000000 -0.923880 -2.390400 0.095400 1 0 1.0
0 -13.280000 -0.530000 -0.700000 -0.382682 0.000000 -0.923880 -2.390400 -0.095400 1 0 1.0
0 -13.364853 -0.530000 -0.664853 -0.382682 0.000000 -0.923880 -2.405674 -0.095400 1 0 1.0
bag_metal
0 -13.280000 0.530000 -0.700000 -0.382682 0.000000 -0.923880 -2.390400 0.095400 1 0 1.0
0 -13.364853 -0.530000 -0.664853 -0.382682 0.000000 -0.923880 -2.405674 -0.095400 1 0 1.0
0 -13.364853 0.530000 -0.664853 -0.382682 0.000000 -0.923880 -2.405674 0.095400 1 0 1.0
bag_metal
0 -13.364853 0.530000 -0.664853 -0.923881 0.000000 -0.382679 0.095400 -0.119674 1 0 1.0
0 -13.364853 -0.530000 -0.664853 -0.923881 0.000000 -0.382679 -0.095400 -0.119674 1 0 1.0
0 -13.400000 -0.530000 -0.580000 -0.923881 0.000000 -0.382679 -0.095400 -0.104400 1 0 1.0
bag_metal
0 -13.364853 0.530000 -0.664853 -0.923881 0.000000 -0.382679 0.095400 -0.119674 1 0 1.0
0 -13.400000 -0.530000 -0.580000 -0.923881 0.000000 -0.382679 -0.095400 -0.104400 1 0 1.0
0 -13.400000 0.530000 -0.580000 -0.923881 0.000000 -0.382679 0.095400 -0.104400 1 0 1.0
bag_metal
0 -13.280000 -0.650000 -0.580000 -0.382682 -0.923880 0.000000 -2.390400 -0.104400 1 0 1.0
0 -13.280000 -0.650000 0.880000 -0.382682 -0.923880 0.000000 -2.390400 0.158400 1 0 1.0
0 -13.364853 -0.614853 0.880000 -0.382682 -0.923880 0.000000 -2.405674 0.158400 1 0 1.0
bag_metal
0 -13.280000 -0.650000 -0.580000 -0.382682 -0.923880 0.000000 -2.390400 -0.104400 1 0 1.0
0 -13.364853 -0.614853 0.880000 -0.382682 -0.923880 0.000000 -2.405674 0.158400 1 0 1.0
0 -13.364853 -0.614853 -0.580000 -0.382682 -0.923880 0.000000 -2.405674 -0.104400 1 0 1.0
bag_metal
0 -13.364853 -0.614853 -0.580000 -0.923881 -0.382679 0.000000 -0.110674 -0.104400 1 0 1.0
0 -13.364853 -0.614853 0.880000 -0.923881 -0.382679 0.000000 -0.110674 0.158400 1 0 1.0
0 -13.400000 -0.530000 0.880000 -0.923881 -0.382679 0.000000 -0.095400 0.158400 1 0 1.0
bag_metal
0 -13.364853 -0.614853 -0.580000 -0.923881 -0.382679 0.000000 -0.110674 -0.104400 1 0 1.0
0 -13.400000 -0.530000 0.880000 -0.923881 -0.382679 0.000000 -0.095400 0.158400 1 0 1.0
0 -13.400000 -0.530000 -0.580000 -0.923881 -0.382679 0.000000 -0.095400 -0.104400 1 0 1.0
bag_metal
0 -13.280000 -0.530000 1.000000 -0.382682 0.000000 0.923880 -2.390400 -0.095400 1 0 1.0
0 -13.280000 0.530000 1.000000 -0.382682 0.000000 0.923880 -2.390400 0.095400 1 0 1.0
0 -13.364853 0.530000 0.964853 -0.382682 0.000000 0.923880 -2.405674 0.095400 1 0 1.0
bag_metal
0 -13.280000 -0.530000 1.000000 -0.382682 0.000000 0.923880 -2.390400 -0.095400 1 0 1.0
0 -13.364853 0.530000 0.964853 -0.382682 0.000000 0.923880 -2.405674 0.095400 1 0 1.0
0 -13.364853 -0.530000 0.964853 -0.382682 0.000000 0.923880 -2.405674 -0.095400 1 0 1.0
bag_metal
0 -13.364853 -0.530000 0.964853 -0.923881 0.000000 0.382679 -0.095400 0.173674 1 0 1.0
0 -13.364853 0.530000 0.964853 -0.923881 0.000000 0.382679 0.095400 0.173674 1 0 1.0
0 -13.400000 0.530000 0.880000 -0.923881 0.000000 0.382679 0.095400 0.158400 1 0 1.0
bag_metal
0 -13.364853 -0.530000 0.964853 -0.923881 0.000000 0.382679 -0.095400 0.173674 1 0 1.0
0 -13.400000 0.530000 0.880000 -0.923881 0.000000 0.382679 0.095400 0.158400 1 0 1.0
0 -13.400000 -0.530000 0.880000 -0.923881 0.000000 0.382679 -0.095400 0.158400 1 0 1.0
bag_metal
0 -13.280000 0.650000 0.880000 -0.382682 0.923880 0.000000 -2.390400 0.158400 1 0 1.0
0 -13.280000 0.650000 -0.580000 -0.382682 0.923880 0.000000 -2.390400 -0.104400 1 0 1.0
0 -13.364853 0.614853 -0.580000 -0.382682 0.923880 0.000000 -2.405674 -0.104400 1 0 1.0
bag_metal
0 -13.280000 0.650000 0.880000 -0.382682 0.923880 0.000000 -2.390400 0.158400 1 0 1.0
0 -13.364853 0.614853 -0.580000 -0.382682 0.923880 0.000000 -2.405674 -0.104400 1 0 1.0
0 -13.364853 0.614853 0.880000 -0.382682 0.923880 0.000000 -2.405674 0.158400 1 0 1.0
bag_metal
0 -13.364853 0.614853 0.880000 -0.923881 0.382679 0.000000 0.110674 0.158400 1 0 1.0
0 -13.364853 0.614853 -0.580000 -0.923881 0.382679 0.000000 0.110674 -0.104400 1 0 1.0
0 -13.400000 0.530000 -0.580000 -0.923881 0.382679 0.000000 0.095400 -0.104400 1 0 1.0
bag_metal
0 -13.364853 0.614853 0.880000 -0.923881 0.382679 0.000000 0.110674 0.158400 1 0 1.0
0 -13.400000 0.530000 -0.580000 -0.923881 0.382679 0.000000 0.095400 -0.104400 1 0 1.0
0 -13.400000 0.530000 0.880000 -0.923881 0.382679 0.000000 0.095400 0.158400 1 0 1.0
bag_metal
0 -13.120000 0.530000 -0.700000 0.000000 0.382683 -0.923880 -2.361600 0.095400 1 0 1.0
0 -13.280000 0.530000 -0.700000 0.000000 0.382683 -0.923880 -2.390400 0.095400 1 0 1.0
0 -13.280000 0.614853 -0.664853 0.000000 0.382683 -0.923880 -2.390400 0.110674 1 0 1.0
bag_metal
0 -13.120000 0.530000 -0.700000 0.000000 0.382683 -0.923880 -2.361600 0.095400 1 0 1.0
0 -13.280000 0.614853 -0.664853 0.000000 0.382683 -0.923880 -2.390400 0.110674 1 0 1.0
0 -13.119999 0.614853 -0.664853 0.000000 0.382683 -0.923880 -2.361600 0.110674 1 0 1.0
bag_metal
0 -13.119999 0.614853 -0.664853 0.000000 0.923880 -0.382683 -2.361600 -0.119674 1 0 1.0
0 -13.280000 0.614853 -0.664853 0.000000 0.923880 -0.382683 -2.390400 -0.119674 1 0 1.0
0 -13.280000 0.650000 -0.580000 0.000000 0.923880 -0.382683 -2.390400 -0.104400 1 0 1.0
bag_metal
0 -13.119999 0.614853 -0.664853 0.000000 0.923880 -0.382683 -2.361600 -0.119674 1 0 1.0
0 -13.280000 0.650000 -0.580000 0.000000 0.923880 -0.382683 -2.390400 -0.104400 1 0 1.0
0 -13.120000 0.650000 -0.580000 0.000000 0.923880 -0.382683 -2.361600 -0.104400 1 0 1.0
bag_metal
0 -13.280000 0.530000 1.000000 0.000000 0.382683 0.923880 -2.390400 0.095400 1 0 1.0
0 -13.120000 0.530000 1.000000 0.000000 0.382683 0.923880 -2.361600 0.095400 1 0 1.0
0 -13.119999 0.614853 0.964853 0.000000 0.382683 0.923880 -2.361600 0.110674 1 0 1.0
bag_metal
0 -13.280000 0.530000 1.000000 0.000000 0.382683 0.923880 -2.390400 0.095400 1 0 1.0
0 -13.119999 0.614853 0.964853 0.000000 0.382683 0.923880 -2.361600 0.110674 1 0 1.0
0 -13.280000 0.614853 0.964853 0.000000 0.382683 0.923880 -2.390400 0.110674 1 0 1.0
bag_metal
0 -13.280000 0.614853 0.964853 0.000000 0.923880 0.382683 -2.390400 0.173674 1 0 1.0
0 -13.119999 0.614853 0.964853 0.000000 0.923880 0.382683 -2.361600 0.173674 1 0 1.0
0 -13.120000 0.650000 0.880000 0.000000 0.923880 0.382683 -2.361600 0.158400 1 0 1.0
bag_metal
0 -13.280000 0.614853 0.964853 0.000000 0.923880 0.382683 -2.390400 0.173674 1 0 1.0
0 -13.120000 0.650000 0.880000 0.000000 0.923880 0.382683 -2.361600 0.158400 1 0 1.0
0 -13.280000 0.650000 0.880000 0.000000 0.923880 0.382683 -2.390400 0.158400 1 0 1.0
bag_metal
0 -13.000000 0.530000 0.880000 0.923885 0.382670 0.000000 0.095400 0.158400 1 0 1.0
0 -13.000000 0.530000 -0.580000 0.923885 0.382670 0.000000 0.095400 -0.104400 1 0 1.0
0 -13.035146 0.614853 -0.580000 0.923885 0.382670 0.000000 0.110674 -0.104400 1 0 1.0
bag_metal
0 -13.000000 0.530000 0.880000 0.923885 0.382670 0.000000 0.095400 0.158400 1 0 1.0
0 -13.035146 0.614853 -0.580000 0.923885 0.382670 0.000000 0.110674 -0.104400 1 0 1.0
0 -13.035146 0.614853 0.880000 0.923885 0.382670 0.000000 0.110674 0.158400 1 0 1.0
bag_metal
0 -13.035146 0.614853 0.880000 0.382678 0.923882 0.000000 -2.346326 0.158400 1 0 1.0
0 -13.035146 0.614853 -0.580000 0.382678 0.923882 0.000000 -2.346326 -0.104400 1 0 1.0
0 -13.120000 0.650000 -0.580000 0.382678 0.923882 0.000000 -2.361600 -0.104400 1 0 1.0
bag_metal
0 -13.035146 0.614853 0.880000 0.382678 0.923882 0.000000 -2.346326 0.158400 1 0 1.0
0 -13.120000 0.650000 -0.580000 0.382678 0.923882 0.000000 -2.361600 -0.104400 1 0 1.0
0 -13.120000 0.650000 0.880000 0.382678 0.923882 0.000000 -2.361600 0.158400 1 0 1.0
bag_metal
0 -13.120000 -0.530000 -0.700000 0.382678 0.000000 -0.923882 -2.361600 -0.095400 1 0 1.0
0 -13.120000 0.530000 -0.700000 0.382678 0.000000 -0.923882 -2.361600 0.095400 1 0 1.0
0 -13.035146 0.530000 -0.664853 0.382678 0.000000 -0.923882 -2.346326 0.095400 1 0 1.0
bag_metal
0 -13.120000 -0.530000 -0.700000 0.382678 0.000000 -0.923882 -2.361600 -0.095400 1 0 1.0
0 -13.035146 0.530000 -0.664853 0.382678 0.000000 -0.923882 -2.346326 0.095400 1 0 1.0
0 -13.035146 -0.530000 -0.664853 0.382678 0.000000 -0.923882 -2.346326 -0.095400 1 0 1.0
bag_metal
0 -13.035146 -0.530000 -0.664853 0.923885 0.000000 -0.382670 -0.095400 -0.119674 1 0 1.0
0 -13.035146 0.530000 -0.664853 0.923885 0.000000 -0.382670 0.095400 -0.119674 1 0 1.0
0 -13.000000 0.530000 -0.580000 0.923885 0.000000 -0.382670 0.095400 -0.104400 1 0 1.0
bag_metal
0 -13.035146 -0.530000 -0.664853 0.923885 0.000000 -0.382670 -0.095400 -0.119674 1 0 1.0
0 -13.000000 0.530000 -0.580000 0.923885 0.000000 -0.382670 0.095400 -0.104400 1 0 1.0
0 -13.000000 -0.530000 -0.580000 0.923885 0.000000 -0.382670 -0.095400 -0.104400 1 0 1.0
bag_metal
0 -13.120000 0.530000 1.000000 0.382678 0.000000 0.923882 -2.361600 0.095400 1 0 1.0
0 -13.120000 -0.530000 1.000000 0.382678 0.000000 0.923882 -2.361600 -0.095400 1 0 1.0
0 -13.035146 -0.530000 0.964853 0.382678 0.000000 0.923882 -2.346326 -0.095400 1 0 1.0
bag_metal
0 -13.120000 0.530000 1.000000 0.382678 0.000000 0.923882 -2.361600 0.095400 1 0 1.0
0 -13.035146 -0.530000 0.964853 0.382678 0.000000 0.923882 -2.346326 -0.095400 1 0 1.0
0 -13.035146 0.530000 0.964853 0.382678 0.000000 0.923882 -2.346326 0.095400 1 0 1.0
bag_metal
0 -13.035146 0.530000 0.964853 0.923885 0.000000 0.382670 0.095400 0.173674 1 0 1.0
0 -13.035146 -0.530000 0.964853 0.923885 0.000000 0.382670 -0.095400 0.173674 1 0 1.0
0 -13.000000 -0.530000 0.880000 0.923885 0.000000 0.382670 -0.095400 0.158400 1 0 1.0
bag_metal
0 -13.035146 0.530000 0.964853 0.923885 0.000000 0.382670 0.095400 0.173674 1 0 1.0
0 -13.000000 -0.530000 0.880000 0.923885 0.000000 0.382670 -0.095400 0.158400 1 0 1.0
0 -13.000000 0.530000 0.880000 0.923885 0.000000 0.382670 0.095400 0.158400 1 0 1.0
bag_metal
0 -13.120000 -0.650000 0.880000 0.382678 -0.923882 0.000000 -2.361600 0.158400 1 0 1.0
0 -13.120000 -0.650000 -0.580000 0.382678 -0.923882 0.000000 -2.361600 -0.104400 1 0 1.0
0 -13.035146 -0.614853 -0.580000 0.382678 -0.923882 0.000000 -2.346326 -0.104400 1 0 1.0
bag_metal
0 -13.120000 -0.650000 0.880000 0.382678 -0.923882 0.000000 -2.361600 0.158400 1 0 1.0
0 -13.035146 -0.614853 -0.580000 0.382678 -0.923882 0.000000 -2.346326 -0.104400 1 0 1.0
0 -13.035146 -0.614853 0.880000 0.382678 -0.923882 0.000000 -2.346326 0.158400 1 0 1.0
bag_metal
0 -13.035146 -0.614853 0.880000 0.923885 -0.382670 0.000000 -0.110674 0.158400 1 0 1.0
0 -13.035146 -0.614853 -0.580000 0.923885 -0.382670 0.000000 -0.110674 -0.104400 1 0 1.0
0 -13.000000 -0.530000 -0.580000 0.923885 -0.382670 0.000000 -0.095400 -0.104400 1 0 1.0
bag_metal
0 -13.035146 -0.614853 0.880000 0.923885 -0.382670 0.000000 -0.110674 0.158400 1 0 1.0
0 -13.000000 -0.530000 -0.580000 0.923885 -0.382670 0.000000 -0.095400 -0.104400 1 0 1.0
0 -13.000000 -0.530000 0.880000 0.923885 -0.382670 0.000000 -0.095400 0.158400 1 0 1.0
bag_metal
0 -13.280000 -0.530000 -0.700000 0.000000 -0.382683 -0.923880 -2.390400 -0.095400 1 0 1.0
0 -13.120000 -0.530000 -0.700000 0.000000 -0.382683 -0.923880 -2.361600 -0.095400 1 0 1.0
0 -13.119999 -0.614853 -0.664853 0.000000 -0.382683 -0.923880 -2.361600 -0.110674 1 0 1.0
bag_metal
0 -13.280000 -0.530000 -0.700000 0.000000 -0.382683 -0.923880 -2.390400 -0.095400 1 0 1.0
0 -13.119999 -0.614853 -0.664853 0.000000 -0.382683 -0.923880 -2.361600 -0.110674 1 0 1.0
0 -13.280000 -0.614853 -0.664853 0.000000 -0.382683 -0.923880 -2.390400 -0.110674 1 0 1.0
bag_metal
0 -13.280000 -0.614853 -0.664853 0.000000 -0.923880 -0.382683 -2.390400 -0.119674 1 0 1.0
0 -13.119999 -0.614853 -0.664853 0.000000 -0.923880 -0.382683 -2.361600 -0.119674 1 0 1.0
0 -13.120000 -0.650000 -0.580000 0.000000 -0.923880 -0.382683 -2.361600 -0.104400 1 0 1.0
bag_metal
0 -13.280000 -0.614853 -0.664853 0.000000 -0.923880 -0.382683 -2.390400 -0.119674 1 0 1.0
0 -13.120000 -0.650000 -0.580000 0.000000 -0.923880 -0.382683 -2.361600 -0.104400 1 0 1.0
0 -13.280000 -0.650000 -0.580000 0.000000 -0.923880 -0.382683 -2.390400 -0.104400 1 0 1.0
bag_metal
0 -13.120000 -0.530000 1.000000 0.000000 -0.382683 0.923880 -2.361600 -0.095400 1 0 1.0
0 -13.280000 -0.530000 1.000000 0.000000 -0.382683 0.923880 -2.390400 -0.095400 1 0 1.0
0 -13.280000 -0.614853 0.964853 0.000000 -0.382683 0.923880 -2.390400 -0.110674 1 0 1.0
bag_metal
0 -13.120000 -0.530000 1.000000 0.000000 -0.382683 0.923880 -2.361600 -0.095400 1 0 1.0
0 -13.280000 -0.614853 0.964853 0.000000 -0.382683 0.923880 -2.390400 -0.110674 1 0 1.0
0 -13.119999 -0.614853 0.964853 0.000000 -0.382683 0.923880 -2.361600 -0.110674 1 0 1.0
bag_metal
0 -13.119999 -0.614853 0.964853 0.000000 -0.923880 0.382683 -2.361600 0.173674 1 0 1.0
0 -13.280000 -0.614853 0.964853 0.000000 -0.923880 0.382683 -2.390400 0.173674 1 0 1.0
0 -13.280000 -0.650000 0.880000 0.000000 -0.923880 0.382683 -2.390400 0.158400 1 0 1.0
bag_metal
0 -13.119999 -0.614853 0.964853 0.000000 -0.923880 0.382683 -2.361600 0.173674 1 0 1.0
0 -13.280000 -0.650000 0.880000 0.000000 -0.923880 0.382683 -2.390400 0.158400 1 0 1.0
0 -13.120000 -0.650000 0.880000 0.000000 -0.923880 0.382683 -2.361600 0.158400 1 0 1.0
bag_metal
0 -13.280000 0.530000 -0.700000 0.000000 0.000000 -1.000000 -2.390400 0.095400 1 0 1.0
0 -13.120000 0.530000 -0.700000 0.000000 0.000000 -1.000000 -2.361600 0.095400 1 0 1.0
0 -13.120000 -0.530000 -0.700000 0.000000 0.000000 -1.000000 -2.361600 -0.095400 1 0 1.0
bag_metal
0 -13.280000 0.530000 -0.700000 0.000000 0.000000 -1.000000 -2.390400 0.095400 1 0 1.0
0 -13.120000 -0.530000 -0.700000 0.000000 0.000000 -1.000000 -2.361600 -0.095400 1 0 1.0
0 -13.280000 -0.530000 -0.700000 0.000000 0.000000 -1.000000 -2.390400 -0.095400 1 0 1.0
bag_metal
0 -13.400000 -0.530000 -0.580000 -1.000000 0.000000 0.000000 -0.095400 -0.104400 1 0 1.0
0 -13.400000 -0.530000 0.880000 -1.000000 0.000000 0.000000 -0.095400 0.158400 1 0 1.0
0 -13.400000 0.530000 0.880000 -1.000000 0.000000 0.000000 0.095400 0.158400 1 0 1.0
bag_metal
0 -13.400000 -0.530000 -0.580000 -1.000000 0.000000 0.000000 -0.095400 -0.104400 1 0 1.0
0 -13.400000 0.530000 0.880000 -1.000000 0.000000 0.000000 0.095400 0.158400 1 0 1.0
0 -13.400000 0.530000 -0.580000 -1.000000 0.000000 0.000000 0.095400 -0.104400 1 0 1.0
bag_metal
0 -13.120000 -0.650000 -0.580000 0.000000 -1.000000 0.000000 -2.361600 -0.104400 1 0 1.0
0 -13.120000 -0.650000 0.880000 0.000000 -1.000000 0.000000 -2.361600 0.158400 1 0 1.0
0 -13.280000 -0.650000 0.880000 0.000000 -1.000000 0.000000 -2.390400 0.158400 1 0 1.0
bag_metal
0 -13.120000 -0.650000 -0.580000 0.000000 -1.000000 0.000000 -2.361600 -0.104400 1 0 1.0
0 -13.280000 -0.650000 0.880000 0.000000 -1.000000 0.000000 -2.390400 0.158400 1 0 1.0
0 -13.280000 -0.650000 -0.580000 0.000000 -1.000000 0.000000 -2.390400 -0.104400 1 0 1.0
bag_metal
0 -13.120000 0.530000 1.000000 0.000000 0.000000 1.000000 -2.361600 0.095400 1 0 1.0
0 -13.280000 0.530000 1.000000 0.000000 0.000000 1.000000 -2.390400 0.095400 1 0 1.0
0 -13.280000 -0.530000 1.000000 0.000000 0.000000 1.000000 -2.390400 -0.095400 1 0 1.0
bag_metal
0 -13.120000 0.530000 1.000000 0.000000 0.000000 1.000000 -2.361600 0.095400 1 0 1.0
0 -13.280000 -0.530000 1.000000 0.000000 0.000000 1.000000 -2.390400 -0.095400 1 0 1.0
0 -13.120000 -0.530000 1.000000 0.000000 0.000000 1.000000 -2.361600 -0.095400 1 0 1.0
bag_metal
0 -13.280000 0.650000 -0.580000 0.000000 1.000000 0.000000 -2.390400 -0.104400 1 0 1.0
0 -13.280000 0.650000 0.880000 0.000000 1.000000 0.000000 -2.390400 0.158400 1 0 1.0
0 -13.120000 0.650000 0.880000 0.000000 1.000000 0.000000 -2.361600 0.158400 1 0 1.0
bag_metal
0 -13.280000 0.650000 -0.580000 0.000000 1.000000 0.000000 -2.390400 -0.104400 1 0 1.0
0 -13.120000 0.650000 0.880000 0.000000 1.000000 0.000000 -2.361600 0.158400 1 0 1.0
0 -13.120000 0.650000 -0.580000 0.000000 1.000000 0.000000 -2.361600 -0.104400 1 0 1.0
bag_metal
0 -13.000000 0.530000 -0.580000 1.000000 0.000000 0.000000 0.095400 -0.104400 1 0 1.0
0 -13.000000 0.530000 0.880000 1.000000 0.000000 0.000000 0.095400 0.158400 1 0 1.0
0 -13.000000 -0.530000 0.880000 1.000000 0.000000 0.000000 -0.095400 0.158400 1 0 1.0
bag_metal
0 -13.000000 0.530000 -0.580000 1.000000 0.000000 0.000000 0.095400 -0.104400 1 0 1.0
0 -13.000000 -0.530000 0.880000 1.000000 0.000000 0.000000 -0.095400 0.158400 1 0 1.0
0 -13.000000 -0.530000 -0.580000 1.000000 0.000000 0.000000 -0.095400 -0.104400 1 0 1.0
bag_inner
0 -1.440000 -4.790000 0.725000 -0.577350 -0.577350 -0.577350 -0.862200 0.130500 1 0 1.0
0 -1.440000 -4.850000 0.785000 -0.577350 -0.577350 -0.577350 -0.873000 0.141300 1 0 1.0
0 -1.500000 -4.790000 0.785000 -0.577350 -0.577350 -0.577350 -0.862200 0.141300 1 0 1.0
bag_inner
0 -1.440000 -4.850000 0.815000 -0.577350 -0.577350 0.577350 -0.873000 0.146700 1 0 1.0
0 -1.440000 -4.790000 0.875000 -0.577350 -0.577350 0.577350 -0.862200 0.157500 1 0 1.0
0 -1.500000 -4.790000 0.815000 -0.577350 -0.577350 0.577350 -0.862200 0.146700 1 0 1.0
bag_inner
0 -1.440000 4.790000 0.725000 -0.577350 0.577350 -0.577350 0.862200 0.130500 1 0 1.0
0 -1.500000 4.790000 0.785000 -0.577350 0.577350 -0.577350 0.862200 0.141300 1 0 1.0
0 -1.440000 4.850000 0.785000 -0.577350 0.577350 -0.577350 0.873000 0.141300 1 0 1.0
bag_inner
0 -1.440000 4.790000 0.875000 -0.577350 0.577350 0.577350 0.862200 0.157500 1 0 1.0
0 -1.440000 4.850000 0.815000 -0.577350 0.577350 0.577350 0.873000 0.146700 1 0 1.0
0 -1.500000 4.790000 0.815000 -0.577350 0.577350 0.577350 0.862200 0.146700 1 0 1.0
bag_inner
0 1.440000 -4.790000 0.725000 0.577350 -0.577350 -0.577350 -0.862200 0.130500 1 0 1.0
0 1.500000 -4.790000 0.785000 0.577350 -0.577350 -0.577350 -0.862200 0.141300 1 0 1.0
0 1.440000 -4.850000 0.785000 0.577350 -0.577350 -0.577350 -0.873000 0.141300 1 0 1.0
bag_inner
0 1.440000 -4.790000 0.875000 0.577350 -0.577350 0.577350 -0.862200 0.157500 1 0 1.0
0 1.440000 -4.850000 0.815000 0.577350 -0.577350 0.577350 -0.873000 0.146700 1 0 1.0
0 1.500000 -4.790000 0.815000 0.577350 -0.577350 0.577350 -0.862200 0.146700 1 0 1.0
bag_inner
0 1.440000 4.790000 0.725000 0.577350 0.577350 -0.577350 0.862200 0.130500 1 0 1.0
0 1.440000 4.850000 0.785000 0.577350 0.577350 -0.577350 0.873000 0.141300 1 0 1.0
0 1.500000 4.790000 0.785000 0.577350 0.577350 -0.577350 0.862200 0.141300 1 0 1.0
bag_inner
0 1.440000 4.790000 0.875000 0.577350 0.577350 0.577350 0.862200 0.157500 1 0 1.0
0 1.500000 4.790000 0.815000 0.577350 0.577350 0.577350 0.862200 0.146700 1 0 1.0
0 1.440000 4.850000 0.815000 0.577350 0.577350 0.577350 0.873000 0.146700 1 0 1.0
bag_inner
0 -1.440000 4.790000 0.725000 -0.707107 0.000000 -0.707106 0.862200 0.130500 1 0 1.0
0 -1.440000 -4.790000 0.725000 -0.707107 0.000000 -0.707106 -0.862200 0.130500 1 0 1.0
0 -1.500000 -4.790000 0.785000 -0.707107 0.000000 -0.707106 -0.862200 0.141300 1 0 1.0
bag_inner
0 -1.440000 4.790000 0.725000 -0.707107 0.000000 -0.707106 0.862200 0.130500 1 0 1.0
0 -1.500000 -4.790000 0.785000 -0.707107 0.000000 -0.707106 -0.862200 0.141300 1 0 1.0
0 -1.500000 4.790000 0.785000 -0.707107 0.000000 -0.707106 0.862200 0.141300 1 0 1.0
bag_inner
0 -1.440000 -4.850000 0.785000 -0.707107 -0.707107 0.000000 -0.873000 0.141300 1 0 1.0
0 -1.440000 -4.850000 0.815000 -0.707107 -0.707107 0.000000 -0.873000 0.146700 1 0 1.0
0 -1.500000 -4.790000 0.815000 -0.707107 -0.707107 0.000000 -0.862200 0.146700 1 0 1.0
bag_inner
0 -1.440000 -4.850000 0.785000 -0.707107 -0.707107 0.000000 -0.873000 0.141300 1 0 1.0
0 -1.500000 -4.790000 0.815000 -0.707107 -0.707107 0.000000 -0.862200 0.146700 1 0 1.0
0 -1.500000 -4.790000 0.785000 -0.707107 -0.707107 0.000000 -0.862200 0.141300 1 0 1.0
bag_inner
0 -1.440000 -4.790000 0.875000 -0.707107 0.000000 0.707106 -0.862200 0.157500 1 0 1.0
0 -1.440000 4.790000 0.875000 -0.707107 0.000000 0.707106 0.862200 0.157500 1 0 1.0
0 -1.500000 4.790000 0.815000 -0.707107 0.000000 0.707106 0.862200 0.146700 1 0 1.0
bag_inner
0 -1.440000 -4.790000 0.875000 -0.707107 0.000000 0.707106 -0.862200 0.157500 1 0 1.0
0 -1.500000 4.790000 0.815000 -0.707107 0.000000 0.707106 0.862200 0.146700 1 0 1.0
0 -1.500000 -4.790000 0.815000 -0.707107 0.000000 0.707106 -0.862200 0.146700 1 0 1.0
bag_inner
0 -1.440000 4.850000 0.815000 -0.707107 0.707107 0.000000 0.873000 0.146700 1 0 1.0
0 -1.440000 4.850000 0.785000 -0.707107 0.707107 0.000000 0.873000 0.141300 1 0 1.0
0 -1.500000 4.790000 0.785000 -0.707107 0.707107 0.000000 0.862200 0.141300 1 0 1.0
bag_inner
0 -1.440000 4.850000 0.815000 -0.707107 0.707107 0.000000 0.873000 0.146700 1 0 1.0
0 -1.500000 4.790000 0.785000 -0.707107 0.707107 0.000000 0.862200 0.141300 1 0 1.0
0 -1.500000 4.790000 0.815000 -0.707107 0.707107 0.000000 0.862200 0.146700 1 0 1.0
bag_inner
0 1.440000 4.790000 0.725000 0.000000 0.707107 -0.707106 0.259200 0.130500 1 0 1.0
0 -1.440000 4.790000 0.725000 0.000000 0.707107 -0.707106 -0.259200 0.130500 1 0 1.0
0 -1.440000 4.850000 0.785000 0.000000 0.707107 -0.707106 -0.259200 0.141300 1 0 1.0
bag_inner
0 1.440000 4.790000 0.725000 0.000000 0.707107 -0.707106 0.259200 0.130500 1 0 1.0
0 -1.440000 4.850000 0.785000 0.000000 0.707107 -0.707106 -0.259200 0.141300 1 0 1.0
0 1.440000 4.850000 0.785000 0.000000 0.707107 -0.707106 0.259200 0.141300 1 0 1.0
bag_inner
0 -1.440000 4.790000 0.875000 0.000000 0.707107 0.707106 -0.259200 0.157500 1 0 1.0
0 1.440000 4.790000 0.875000 0.000000 0.707107 0.707106 0.259200 0.157500 1 0 1.0
0 1.440000 4.850000 0.815000 0.000000 0.707107 0.707106 0.259200 0.146700 1 0 1.0
bag_inner
0 -1.440000 4.790000 0.875000 0.000000 0.707107 0.707106 -0.259200 0.157500 1 0 1.0
0 1.440000 4.850000 0.815000 0.000000 0.707107 0.707106 0.259200 0.146700 1 0 1.0
0 -1.440000 4.850000 0.815000 0.000000 0.707107 0.707106 -0.259200 0.146700 1 0 1.0
bag_inner
0 1.500000 4.790000 0.815000 0.707107 0.707107 0.000000 0.862200 0.146700 1 0 1.0
0 1.500000 4.790000 0.785000 0.707107 0.707107 0.000000 0.862200 0.141300 1 0 1.0
0 1.440000 4.850000 0.785000 0.707107 0.707107 0.000000 0.873000 0.141300 1 0 1.0
bag_inner
0 1.500000 4.790000 0.815000 0.707107 0.707107 0.000000 0.862200 0.146700 1 0 1.0
0 1.440000 4.850000 0.785000 0.707107 0.707107 0.000000 0.873000 0.141300 1 0 1.0
0 1.440000 4.850000 0.815000 0.707107 0.707107 0.000000 0.873000 0.146700 1 0 1.0
bag_inner
0 1.440000 -4.790000 0.725000 0.707107 0.000000 -0.707106 -0.862200 0.130500 1 0 1.0
0 1.440000 4.790000 0.725000 0.707107 0.000000 -0.707106 0.862200 0.130500 1 0 1.0
0 1.500000 4.790000 0.785000 0.707107 0.000000 -0.707106 0.862200 0.141300 1 0 1.0
bag_inner
0 1.440000 -4.790000 0.725000 0.707107 0.000000 -0.707106 -0.862200 0.130500 1 0 1.0
0 1.500000 4.790000 0.785000 0.707107 0.000000 -0.707106 0.862200 0.141300 1 0 1.0
0 1.500000 -4.790000 0.785000 0.707107 0.000000 -0.707106 -0.862200 0.141300 1 0 1.0
bag_inner
0 1.440000 4.790000 0.875000 0.707107 0.000000 0.707106 0.862200 0.157500 1 0 1.0
0 1.440000 -4.790000 0.875000 0.707107 0.000000 0.707106 -0.862200 0.157500 1 0 1.0
0 1.500000 -4.790000 0.815000 0.707107 0.000000 0.707106 -0.862200 0.146700 1 0 1.0
bag_inner
0 1.440000 4.790000 0.875000 0.707107 0.000000 0.707106 0.862200 0.157500 1 0 1.0
0 1.500000 -4.790000 0.815000 0.707107 0.000000 0.707106 -0.862200 0.146700 1 0 1.0
0 1.500000 4.790000 0.815000 0.707107 0.000000 0.707106 0.862200 0.146700 1 0 1.0
bag_inner
0 1.440000 -4.850000 0.815000 0.707107 -0.707107 0.000000 -0.873000 0.146700 1 0 1.0
0 1.440000 -4.850000 0.785000 0.707107 -0.707107 0.000000 -0.873000 0.141300 1 0 1.0
0 1.500000 -4.790000 0.785000 0.707107 -0.707107 0.000000 -0.862200 0.141300 1 0 1.0
bag_inner
0 1.440000 -4.850000 0.815000 0.707107 -0.707107 0.000000 -0.873000 0.146700 1 0 1.0
0 1.500000 -4.790000 0.785000 0.707107 -0.707107 0.000000 -0.862200 0.141300 1 0 1.0
0 1.500000 -4.790000 0.815000 0.707107 -0.707107 0.000000 -0.862200 0.146700 1 0 1.0
bag_inner
0 -1.440000 -4.790000 0.725000 0.000000 -0.707107 -0.707106 -0.259200 0.130500 1 0 1.0
0 1.440000 -4.790000 0.725000 0.000000 -0.707107 -0.707106 0.259200 0.130500 1 0 1.0
0 1.440000 -4.850000 0.785000 0.000000 -0.707107 -0.707106 0.259200 0.141300 1 0 1.0
bag_inner
0 -1.440000 -4.790000 0.725000 0.000000 -0.707107 -0.707106 -0.259200 0.130500 1 0 1.0
0 1.440000 -4.850000 0.785000 0.000000 -0.707107 -0.707106 0.259200 0.141300 1 0 1.0
0 -1.440000 -4.850000 0.785000 0.000000 -0.707107 -0.707106 -0.259200 0.141300 1 0 1.0
bag_inner
0 1.440000 -4.790000 0.875000 0.000000 -0.707107 0.707106 0.259200 0.157500 1 0 1.0
0 -1.440000 -4.790000 0.875000 0.000000 -0.707107 0.707106 -0.259200 0.157500 1 0 1.0
0 -1.440000 -4.850000 0.815000 0.000000 -0.707107 0.707106 -0.259200 0.146700 1 0 1.0
bag_inner
0 1.440000 -4.790000 0.875000 0.000000 -0.707107 0.707106 0.259200 0.157500 1 0 1.0
0 -1.440000 -4.850000 0.815000 0.000000 -0.707107 0.707106 -0.259200 0.146700 1 0 1.0
0 1.440000 -4.850000 0.815000 0.000000 -0.707107 0.707106 0.259200 0.146700 1 0 1.0
bag_inner
0 -1.440000 4.790000 0.725000 0.000000 0.000000 -1.000000 -0.259200 0.862200 1 0 1.0
0 1.440000 4.790000 0.725000 0.000000 0.000000 -1.000000 0.259200 0.862200 1 0 1.0
0 1.440000 -4.790000 0.725000 0.000000 0.000000 -1.000000 0.259200 -0.862200 1 0 1.0
bag_inner
0 -1.440000 4.790000 0.725000 0.000000 0.000000 -1.000000 -0.259200 0.862200 1 0 1.0
0 1.440000 -4.790000 0.725000 0.000000 0.000000 -1.000000 0.259200 -0.862200 1 0 1.0
0 -1.440000 -4.790000 0.725000 0.000000 0.000000 -1.000000 -0.259200 -0.862200 1 0 1.0
bag_inner
0 -1.500000 -4.790000 0.785000 -1.000000 0.000000 0.000000 -0.862200 0.141300 1 0 1.0
0 -1.500000 -4.790000 0.815000 -1.000000 0.000000 0.000000 -0.862200 0.146700 1 0 1.0
0 -1.500000 4.790000 0.815000 -1.000000 0.000000 0.000000 0.862200 0.146700 1 0 1.0
bag_inner
0 -1.500000 -4.790000 0.785000 -1.000000 0.000000 0.000000 -0.862200 0.141300 1 0 1.0
0 -1.500000 4.790000 0.815000 -1.000000 0.000000 0.000000 0.862200 0.146700 1 0 1.0
0 -1.500000 4.790000 0.785000 -1.000000 0.000000 0.000000 0.862200 0.141300 1 0 1.0
bag_inner
0 1.440000 -4.850000 0.785000 0.000000 -1.000000 0.000000 0.259200 0.141300 1 0 1.0
0 1.440000 -4.850000 0.815000 0.000000 -1.000000 0.000000 0.259200 0.146700 1 0 1.0
0 -1.440000 -4.850000 0.815000 0.000000 -1.000000 0.000000 -0.259200 0.146700 1 0 1.0
bag_inner
0 1.440000 -4.850000 0.785000 0.000000 -1.000000 0.000000 0.259200 0.141300 1 0 1.0
0 -1.440000 -4.850000 0.815000 0.000000 -1.000000 0.000000 -0.259200 0.146700 1 0 1.0
0 -1.440000 -4.850000 0.785000 0.000000 -1.000000 0.000000 -0.259200 0.141300 1 0 1.0
bag_inner
0 1.440000 4.790000 0.875000 0.000000 0.000000 1.000000 0.259200 0.862200 1 0 1.0
0 -1.440000 4.790000 0.875000 0.000000 0.000000 1.000000 -0.259200 0.862200 1 0 1.0
0 -1.440000 -4.790000 0.875000 0.000000 0.000000 1.000000 -0.259200 -0.862200 1 0 1.0
bag_inner
0 1.440000 4.790000 0.875000 0.000000 0.000000 1.000000 0.259200 0.862200 1 0 1.0
0 -1.440000 -4.790000 0.875000 0.000000 0.000000 1.000000 -0.259200 -0.862200 1 0 1.0
0 1.440000 -4.790000 0.875000 0.000000 0.000000 1.000000 0.259200 -0.862200 1 0 1.0
bag_inner
0 -1.440000 4.850000 0.785000 0.000000 1.000000 0.000000 -0.259200 0.141300 1 0 1.0
0 -1.440000 4.850000 0.815000 0.000000 1.000000 0.000000 -0.259200 0.146700 1 0 1.0
0 1.440000 4.850000 0.815000 0.000000 1.000000 0.000000 0.259200 0.146700 1 0 1.0
bag_inner
0 -1.440000 4.850000 0.785000 0.000000 1.000000 0.000000 -0.259200 0.141300 1 0 1.0
0 1.440000 4.850000 0.815000 0.000000 1.000000 0.000000 0.259200 0.146700 1 0 1.0
0 1.440000 4.850000 0.785000 0.000000 1.000000 0.000000 0.259200 0.141300 1 0 1.0
bag_inner
0 1.500000 4.790000 0.785000 1.000000 0.000000 0.000000 0.862200 0.141300 1 0 1.0
0 1.500000 4.790000 0.815000 1.000000 0.000000 0.000000 0.862200 0.146700 1 0 1.0
0 1.500000 -4.790000 0.815000 1.000000 0.000000 0.000000 -0.862200 0.146700 1 0 1.0
bag_inner
0 1.500000 4.790000 0.785000 1.000000 0.000000 0.000000 0.862200 0.141300 1 0 1.0
0 1.500000 -4.790000 0.815000 1.000000 0.000000 0.000000 -0.862200 0.146700 1 0 1.0
0 1.500000 -4.790000 0.785000 1.000000 0.000000 0.000000 -0.862200 0.141300 1 0 1.0
bag_accent
0 2.560000 -1.270000 -1.700000 -0.577350 -0.577350 -0.577350 -0.228600 -0.306000 1 0 1.0
0 2.560000 -1.300000 -1.670000 -0.577350 -0.577350 -0.577350 -0.234000 -0.300600 1 0 1.0
0 2.530000 -1.270000 -1.670000 -0.577350 -0.577350 -0.577350 -0.228600 -0.300600 1 0 1.0
bag_accent
0 2.560000 -1.300000 -1.030000 -0.577350 -0.577350 0.577350 -0.234000 -0.185400 1 0 1.0
0 2.560000 -1.270000 -1.000000 -0.577350 -0.577350 0.577350 -0.228600 -0.180000 1 0 1.0
0 2.530000 -1.270000 -1.030000 -0.577350 -0.577350 0.577350 -0.228600 -0.185400 1 0 1.0
bag_accent
0 2.560000 1.270000 -1.700000 -0.577350 0.577350 -0.577350 0.228600 -0.306000 1 0 1.0
0 2.530000 1.270000 -1.670000 -0.577350 0.577350 -0.577350 0.228600 -0.300600 1 0 1.0
0 2.560000 1.300000 -1.670000 -0.577350 0.577350 -0.577350 0.234000 -0.300600 1 0 1.0
bag_accent
0 2.560000 1.270000 -1.000000 -0.577350 0.577350 0.577350 0.228600 -0.180000 1 0 1.0
0 2.560000 1.300000 -1.030000 -0.577350 0.577350 0.577350 0.234000 -0.185400 1 0 1.0
0 2.530000 1.270000 -1.030000 -0.577350 0.577350 0.577350 0.228600 -0.185400 1 0 1.0
bag_accent
0 2.600000 -1.270000 -1.700000 0.577350 -0.577350 -0.577350 -0.228600 -0.306000 1 0 1.0
0 2.630000 -1.270000 -1.670000 0.577350 -0.577350 -0.577350 -0.228600 -0.300600 1 0 1.0
0 2.600000 -1.300000 -1.670000 0.577350 -0.577350 -0.577350 -0.234000 -0.300600 1 0 1.0
bag_accent
0 2.600000 -1.270000 -1.000000 0.577350 -0.577350 0.577350 -0.228600 -0.180000 1 0 1.0
0 2.600000 -1.300000 -1.030000 0.577350 -0.577350 0.577350 -0.234000 -0.185400 1 0 1.0
0 2.630000 -1.270000 -1.030000 0.577350 -0.577350 0.577350 -0.228600 -0.185400 1 0 1.0
bag_accent
0 2.600000 1.270000 -1.700000 0.577350 0.577350 -0.577350 0.228600 -0.306000 1 0 1.0
0 2.600000 1.300000 -1.670000 0.577350 0.577350 -0.577350 0.234000 -0.300600 1 0 1.0
0 2.630000 1.270000 -1.670000 0.577350 0.577350 -0.577350 0.228600 -0.300600 1 0 1.0
bag_accent
0 2.600000 1.270000 -1.000000 0.577350 0.577350 0.577350 0.228600 -0.180000 1 0 1.0
0 2.630000 1.270000 -1.030000 0.577350 0.577350 0.577350 0.228600 -0.185400 1 0 1.0
0 2.600000 1.300000 -1.030000 0.577350 0.577350 0.577350 0.234000 -0.185400 1 0 1.0
bag_accent
0 2.560000 1.270000 -1.700000 -0.707107 0.000000 -0.707107 0.228600 -0.306000 1 0 1.0
0 2.560000 -1.270000 -1.700000 -0.707107 0.000000 -0.707107 -0.228600 -0.306000 1 0 1.0
0 2.530000 -1.270000 -1.670000 -0.707107 0.000000 -0.707107 -0.228600 -0.300600 1 0 1.0
bag_accent
0 2.560000 1.270000 -1.700000 -0.707107 0.000000 -0.707107 0.228600 -0.306000 1 0 1.0
0 2.530000 -1.270000 -1.670000 -0.707107 0.000000 -0.707107 -0.228600 -0.300600 1 0 1.0
0 2.530000 1.270000 -1.670000 -0.707107 0.000000 -0.707107 0.228600 -0.300600 1 0 1.0
bag_accent
0 2.560000 -1.300000 -1.670000 -0.707107 -0.707107 0.000000 -0.234000 -0.300600 1 0 1.0
0 2.560000 -1.300000 -1.030000 -0.707107 -0.707107 0.000000 -0.234000 -0.185400 1 0 1.0
0 2.530000 -1.270000 -1.030000 -0.707107 -0.707107 0.000000 -0.228600 -0.185400 1 0 1.0
bag_accent
0 2.560000 -1.300000 -1.670000 -0.707107 -0.707107 0.000000 -0.234000 -0.300600 1 0 1.0
0 2.530000 -1.270000 -1.030000 -0.707107 -0.707107 0.000000 -0.228600 -0.185400 1 0 1.0
0 2.530000 -1.270000 -1.670000 -0.707107 -0.707107 0.000000 -0.228600 -0.300600 1 0 1.0
bag_accent
0 2.560000 -1.270000 -1.000000 -0.707107 0.000000 0.707107 -0.228600 -0.180000 1 0 1.0
0 2.560000 1.270000 -1.000000 -0.707107 0.000000 0.707107 0.228600 -0.180000 1 0 1.0
0 2.530000 1.270000 -1.030000 -0.707107 0.000000 0.707107 0.228600 -0.185400 1 0 1.0
bag_accent
0 2.560000 -1.270000 -1.000000 -0.707107 0.000000 0.707107 -0.228600 -0.180000 1 0 1.0
0 2.530000 1.270000 -1.030000 -0.707107 0.000000 0.707107 0.228600 -0.185400 1 0 1.0
0 2.530000 -1.270000 -1.030000 -0.707107 0.000000 0.707107 -0.228600 -0.185400 1 0 1.0
bag_accent
0 2.560000 1.300000 -1.030000 -0.707107 0.707107 0.000000 0.234000 -0.185400 1 0 1.0
0 2.560000 1.300000 -1.670000 -0.707107 0.707107 0.000000 0.234000 -0.300600 1 0 1.0
0 2.530000 1.270000 -1.670000 -0.707107 0.707107 0.000000 0.228600 -0.300600 1 0 1.0
bag_accent
0 2.560000 1.300000 -1.030000 -0.707107 0.707107 0.000000 0.234000 -0.185400 1 0 1.0
0 2.530000 1.270000 -1.670000 -0.707107 0.707107 0.000000 0.228600 -0.300600 1 0 1.0
0 2.530000 1.270000 -1.030000 -0.707107 0.707107 0.000000 0.228600 -0.185400 1 0 1.0
bag_accent
0 2.600000 1.270000 -1.700000 0.000000 0.707107 -0.707107 0.468000 -0.306000 1 0 1.0
0 2.560000 1.270000 -1.700000 0.000000 0.707107 -0.707107 0.460800 -0.306000 1 0 1.0
0 2.560000 1.300000 -1.670000 0.000000 0.707107 -0.707107 0.460800 -0.300600 1 0 1.0
bag_accent
0 2.600000 1.270000 -1.700000 0.000000 0.707107 -0.707107 0.468000 -0.306000 1 0 1.0
0 2.560000 1.300000 -1.670000 0.000000 0.707107 -0.707107 0.460800 -0.300600 1 0 1.0
0 2.600000 1.300000 -1.670000 0.000000 0.707107 -0.707107 0.468000 -0.300600 1 0 1.0
bag_accent
0 2.560000 1.270000 -1.000000 0.000000 0.707107 0.707107 0.460800 -0.180000 1 0 1.0
0 2.600000 1.270000 -1.000000 0.000000 0.707107 0.707107 0.468000 -0.180000 1 0 1.0
0 2.600000 1.300000 -1.030000 0.000000 0.707107 0.707107 0.468000 -0.185400 1 0 1.0
bag_accent
0 2.560000 1.270000 -1.000000 0.000000 0.707107 0.707107 0.460800 -0.180000 1 0 1.0
0 2.600000 1.300000 -1.030000 0.000000 0.707107 0.707107 0.468000 -0.185400 1 0 1.0
0 2.560000 1.300000 -1.030000 0.000000 0.707107 0.707107 0.460800 -0.185400 1 0 1.0
bag_accent
0 2.630000 1.270000 -1.030000 0.707107 0.707107 0.000000 0.228600 -0.185400 1 0 1.0
0 2.630000 1.270000 -1.670000 0.707107 0.707107 0.000000 0.228600 -0.300600 1 0 1.0
0 2.600000 1.300000 -1.670000 0.707107 0.707107 0.000000 0.234000 -0.300600 1 0 1.0
bag_accent
0 2.630000 1.270000 -1.030000 0.707107 0.707107 0.000000 0.228600 -0.185400 1 0 1.0
0 2.600000 1.300000 -1.670000 0.707107 0.707107 0.000000 0.234000 -0.300600 1 0 1.0
0 2.600000 1.300000 -1.030000 0.707107 0.707107 0.000000 0.234000 -0.185400 1 0 1.0
bag_accent
0 2.600000 -1.270000 -1.700000 0.707107 0.000000 -0.707107 -0.228600 -0.306000 1 0 1.0
0 2.600000 1.270000 -1.700000 0.707107 0.000000 -0.707107 0.228600 -0.306000 1 0 1.0
0 2.630000 1.270000 -1.670000 0.707107 0.000000 -0.707107 0.228600 -0.300600 1 0 1.0
bag_accent
0 2.600000 -1.270000 -1.700000 0.707107 0.000000 -0.707107 -0.228600 -0.306000 1 0 1.0
0 2.630000 1.270000 -1.670000 0.707107 0.000000 -0.707107 0.228600 -0.300600 1 0 1.0
0 2.630000 -1.270000 -1.670000 0.707107 0.000000 -0.707107 -0.228600 -0.300600 1 0 1.0
bag_accent
0 2.600000 1.270000 -1.000000 0.707107 0.000000 0.707107 0.228600 -0.180000 1 0 1.0
0 2.600000 -1.270000 -1.000000 0.707107 0.000000 0.707107 -0.228600 -0.180000 1 0 1.0
0 2.630000 -1.270000 -1.030000 0.707107 0.000000 0.707107 -0.228600 -0.185400 1 0 1.0
bag_accent
0 2.600000 1.270000 -1.000000 0.707107 0.000000 0.707107 0.228600 -0.180000 1 0 1.0
0 2.630000 -1.270000 -1.030000 0.707107 0.000000 0.707107 -0.228600 -0.185400 1 0 1.0
0 2.630000 1.270000 -1.030000 0.707107 0.000000 0.707107 0.228600 -0.185400 1 0 1.0
bag_accent
0 2.600000 -1.300000 -1.030000 0.707107 -0.707107 0.000000 -0.234000 -0.185400 1 0 1.0
0 2.600000 -1.300000 -1.670000 0.707107 -0.707107 0.000000 -0.234000 -0.300600 1 0 1.0
0 2.630000 -1.270000 -1.670000 0.707107 -0.707107 0.000000 -0.228600 -0.300600 1 0 1.0
bag_accent
0 2.600000 -1.300000 -1.030000 0.707107 -0.707107 0.000000 -0.234000 -0.185400 1 0 1.0
0 2.630000 -1.270000 -1.670000 0.707107 -0.707107 0.000000 -0.228600 -0.300600 1 0 1.0
0 2.630000 -1.270000 -1.030000 0.707107 -0.707107 0.000000 -0.228600 -0.185400 1 0 1.0
bag_accent
0 2.560000 -1.270000 -1.700000 0.000000 -0.707107 -0.707107 0.460800 -0.306000 1 0 1.0
0 2.600000 -1.270000 -1.700000 0.000000 -0.707107 -0.707107 0.468000 -0.306000 1 0 1.0
0 2.600000 -1.300000 -1.670000 0.000000 -0.707107 -0.707107 0.468000 -0.300600 1 0 1.0
bag_accent
0 2.560000 -1.270000 -1.700000 0.000000 -0.707107 -0.707107 0.460800 -0.306000 1 0 1.0
0 2.600000 -1.300000 -1.670000 0.000000 -0.707107 -0.707107 0.468000 -0.300600 1 0 1.0
0 2.560000 -1.300000 -1.670000 0.000000 -0.707107 -0.707107 0.460800 -0.300600 1 0 1.0
bag_accent
0 2.600000 -1.270000 -1.000000 0.000000 -0.707107 0.707107 0.468000 -0.180000 1 0 1.0
0 2.560000 -1.270000 -1.000000 0.000000 -0.707107 0.707107 0.460800 -0.180000 1 0 1.0
0 2.560000 -1.300000 -1.030000 0.000000 -0.707107 0.707107 0.460800 -0.185400 1 0 1.0
bag_accent
0 2.600000 -1.270000 -1.000000 0.000000 -0.707107 0.707107 0.468000 -0.180000 1 0 1.0
0 2.560000 -1.300000 -1.030000 0.000000 -0.707107 0.707107 0.460800 -0.185400 1 0 1.0
0 2.600000 -1.300000 -1.030000 0.000000 -0.707107 0.707107 0.468000 -0.185400 1 0 1.0
bag_accent
0 2.560000 1.270000 -1.700000 0.000000 0.000000 -1.000000 0.460800 0.228600 1 0 1.0
0 2.600000 1.270000 -1.700000 0.000000 0.000000 -1.000000 0.468000 0.228600 1 0 1.0
0 2.600000 -1.270000 -1.700000 0.000000 0.000000 -1.000000 0.468000 -0.228600 1 0 1.0
bag_accent
0 2.560000 1.270000 -1.700000 0.000000 0.000000 -1.000000 0.460800 0.228600 1 0 1.0
0 2.600000 -1.270000 -1.700000 0.000000 0.000000 -1.000000 0.468000 -0.228600 1 0 1.0
0 2.560000 -1.270000 -1.700000 0.000000 0.000000 -1.000000 0.460800 -0.228600 1 0 1.0
bag_accent
0 2.530000 -1.270000 -1.670000 -1.000000 0.000000 0.000000 -0.228600 -0.300600 1 0 1.0
0 2.530000 -1.270000 -1.030000 -1.000000 0.000000 0.000000 -0.228600 -0.185400 1 0 1.0
0 2.530000 1.270000 -1.030000 -1.000000 0.000000 0.000000 0.228600 -0.185400 1 0 1.0
bag_accent
0 2.530000 -1.270000 -1.670000 -1.000000 0.000000 0.000000 -0.228600 -0.300600 1 0 1.0
0 2.530000 1.270000 -1.030000 -1.000000 0.000000 0.000000 0.228600 -0.185400 1 0 1.0
0 2.530000 1.270000 -1.670000 -1.000000 0.000000 0.000000 0.228600 -0.300600 1 0 1.0
bag_accent
0 2.600000 -1.300000 -1.670000 0.000000 -1.000000 0.000000 0.468000 -0.300600 1 0 1.0
0 2.600000 -1.300000 -1.030000 0.000000 -1.000000 0.000000 0.468000 -0.185400 1 0 1.0
0 2.560000 -1.300000 -1.030000 0.000000 -1.000000 0.000000 0.460800 -0.185400 1 0 1.0
bag_accent
0 2.600000 -1.300000 -1.670000 0.000000 -1.000000 0.000000 0.468000 -0.300600 1 0 1.0
0 2.560000 -1.300000 -1.030000 0.000000 -1.000000 0.000000 0.460800 -0.185400 1 0 1.0
0 2.560000 -1.300000 -1.670000 0.000000 -1.000000 0.000000 0.460800 -0.300600 1 0 1.0
bag_accent
0 2.600000 1.270000 -1.000000 0.000000 0.000000 1.000000 0.468000 0.228600 1 0 1.0
0 2.560000 1.270000 -1.000000 0.000000 0.000000 1.000000 0.460800 0.228600 1 0 1.0
0 2.560000 -1.270000 -1.000000 0.000000 0.000000 1.000000 0.460800 -0.228600 1 0 1.0
bag_accent
0 2.600000 1.270000 -1.000000 0.000000 0.000000 1.000000 0.468000 0.228600 1 0 1.0
0 2.560000 -1.270000 -1.000000 0.000000 0.000000 1.000000 0.460800 -0.228600 1 0 1.0
0 2.600000 -1.270000 -1.000000 0.000000 0.000000 1.000000 0.468000 -0.228600 1 0 1.0
bag_accent
0 2.560000 1.300000 -1.670000 0.000000 1.000000 0.000000 0.460800 -0.300600 1 0 1.0
0 2.560000 1.300000 -1.030000 0.000000 1.000000 0.000000 0.460800 -0.185400 1 0 1.0
0 2.600000 1.300000 -1.030000 0.000000 1.000000 0.000000 0.468000 -0.185400 1 0 1.0
bag_accent
0 2.560000 1.300000 -1.670000 0.000000 1.000000 0.000000 0.460800 -0.300600 1 0 1.0
0 2.600000 1.300000 -1.030000 0.000000 1.000000 0.000000 0.468000 -0.185400 1 0 1.0
0 2.600000 1.300000 -1.670000 0.000000 1.000000 0.000000 0.468000 -0.300600 1 0 1.0
bag_accent
0 2.630000 1.270000 -1.670000 1.000000 0.000000 0.000000 0.228600 -0.300600 1 0 1.0
0 2.630000 1.270000 -1.030000 1.000000 0.000000 0.000000 0.228600 -0.185400 1 0 1.0
0 2.630000 -1.270000 -1.030000 1.000000 0.000000 0.000000 -0.228600 -0.185400 1 0 1.0
bag_accent
0 2.630000 1.270000 -1.670000 1.000000 0.000000 0.000000 0.228600 -0.300600 1 0 1.0
0 2.630000 -1.270000 -1.030000 1.000000 0.000000 0.000000 -0.228600 -0.185400 1 0 1.0
0 2.630000 -1.270000 -1.670000 1.000000 0.000000 0.000000 -0.228600 -0.300600 1 0 1.0
bag_fabric
1 1.460660 4.810660 1.200000 0.555570 0.831470 0.000000 0.262919 0.216000 1 1 1.0
1 1.460660 4.810660 0.900000 0.555570 0.831470 0.000000 0.262919 0.162000 1 1 1.0
1 0.974025 5.135819 0.900000 0.555570 0.831470 0.000000 0.175325 0.162000 1 1 1.0
bag_fabric
1 1.460660 4.810660 1.200000 0.555570 0.831470 0.000000 0.262919 0.216000 1 1 1.0
1 0.974025 5.135819 0.900000 0.555570 0.831470 0.000000 0.175325 0.162000 1 1 1.0
1 0.974025 5.135819 1.200000 0.555570 0.831470 0.000000 0.175325 0.216000 1 1 1.0
bag_fabric
1 0.400000 -5.250000 1.200000 0.195090 -0.980785 0.000000 0.072000 0.216000 1 1 1.0
1 0.400000 -5.250000 0.900000 0.195090 -0.980785 0.000000 0.072000 0.162000 1 1 1.0
1 0.974025 -5.135819 0.900000 0.195090 -0.980785 0.000000 0.175325 0.162000 1 1 1.0
bag_fabric
1 0.400000 -5.250000 1.200000 0.195090 -0.980785 0.000000 0.072000 0.216000 1 1 1.0
1 0.974025 -5.135819 0.900000 0.195090 -0.980785 0.000000 0.175325 0.162000 1 1 1.0
1 0.974025 -5.135819 1.200000 0.195090 -0.980785 0.000000 0.175325 0.216000 1 1 1.0
bag_fabric
1 0.974025 -5.135819 1.200000 0.555570 -0.831470 0.000000 0.175325 0.216000 1 1 1.0
1 0.974025 -5.135819 0.900000 0.555570 -0.831470 0.000000 0.175325 0.162000 1 1 1.0
1 1.460660 -4.810660 0.900000 0.555570 -0.831470 0.000000 0.262919 0.162000 1 1 1.0
bag_fabric
1 0.974025 -5.135819 1.200000 0.555570 -0.831470 0.000000 0.175325 0.216000 1 1 1.0
1 1.460660 -4.810660 0.900000 0.555570 -0.831470 0.000000 0.262919 0.162000 1 1 1.0
1 1.460660 -4.810660 1.200000 0.555570 -0.831470 0.000000 0.262919 0.216000 1 1 1.0
bag_fabric
1 1.460660 -4.810660 1.200000 0.831470 -0.555570 0.000000 -0.865919 0.216000 1 1 1.0
1 1.460660 -4.810660 0.900000 0.831470 -0.555570 0.000000 -0.865919 0.162000 1 1 1.0
1 1.785819 -4.324025 0.900000 0.831470 -0.555570 0.000000 -0.778325 0.162000 1 1 1.0
bag_fabric
1 1.460660 -4.810660 1.200000 0.831470 -0.555570 0.000000 -0.865919 0.216000 1 1 1.0
1 1.785819 -4.324025 0.900000 0.831470 -0.555570 0.000000 -0.778325 0.162000 1 1 1.0
1 1.785819 -4.324025 1.200000 0.831470 -0.555570 0.000000 -0.778325 0.216000 1 1 1.0
bag_fabric
1 1.785819 -4.324025 1.200000 0.980785 -0.195090 0.000000 -0.778325 0.216000 1 1 1.0
1 1.785819 -4.324025 0.900000 0.980785 -0.195090 0.000000 -0.778325 0.162000 1 1 1.0
1 1.900000 -3.750000 0.900000 0.980785 -0.195090 0.000000 -0.675000 0.162000 1 1 1.0
bag_fabric
1 1.785819 -4.324025 1.200000 0.980785 -0.195091 0.000000 -0.778325 0.216000 1 1 1.0
1 1.900000 -3.750000 0.900000 0.980785 -0.195091 0.000000 -0.675000 0.162000 1 1 1.0
1 1.900000 -3.750000 1.200000 0.980785 -0.195091 0.000000 -0.675000 0.216000 1 1 1.0
bag_fabric
1 0.974025 5.135819 1.200000 0.195090 0.980785 0.000000 0.175325 0.216000 1 1 1.0
1 0.974025 5.135819 0.900000 0.195090 0.980785 0.000000 0.175325 0.162000 1 1 1.0
1 0.400000 5.250000 0.900000 0.195090 0.980785 0.000000 0.072000 0.162000 1 1 1.0
bag_fabric
1 0.974025 5.135819 1.200000 0.195090 0.980785 0.000000 0.175325 0.216000 1 1 1.0
1 0.400000 5.250000 0.900000 0.195090 0.980785 0.000000 0.072000 0.162000 1 1 1.0
1 0.400000 5.250000 1.200000 0.195090 0.980785 0.000000 0.072000 0.216000 1 1 1.0
bag_fabric
1 1.900000 -3.750000 0.900000 0.000001 -0.000000 -1.000000 0.342000 -0.675000 1 1 1.0
1 1.785819 -4.324025 0.900000 0.000001 -0.000000 -1.000000 0.321447 -0.778325 1 1 1.0
1 1.460660 -4.810660 0.900000 0.000001 -0.000000 -1.000000 0.262919 -0.865919 1 1 1.0
bag_fabric
1 1.460660 -4.810660 0.900000 -0.000000 0.000001 -1.000000 0.262919 -0.865919 1 1 1.0
1 0.974025 -5.135819 0.900000 -0.000000 0.000001 -1.000000 0.175325 -0.924447 1 1 1.0
1 0.400000 -5.250000 0.900000 -0.000000 0.000001 -1.000000 0.072000 -0.945000 1 1 1.0
bag_fabric
1 0.400000 -5.250000 0.900000 0.000000 0.000002 -1.000000 0.072000 -0.945000 1 1 1.0
1 -0.400000 -5.250000 0.900000 0.000000 0.000002 -1.000000 -0.072000 -0.945000 1 1 1.0
1 -0.974025 -5.135819 0.900000 0.000000 0.000002 -1.000000 -0.175325 -0.924447 1 1 1.0
bag_fabric
1 -0.974025 -5.135819 0.900000 0.000000 0.000000 -1.000000 -0.175325 -0.924447 1 1 1.0
1 -1.460660 -4.810660 0.900000 0.000000 0.000000 -1.000000 -0.262919 -0.865919 1 1 1.0
1 -1.785819 -4.324025 0.900000 0.000000 0.000000 -1.000000 -0.321447 -0.778325 1 1 1.0
bag_fabric
1 -1.785819 -4.324025 0.900000 0.000000 0.000000 -1.000000 -0.321447 -0.778325 1 1 1.0
1 -1.900000 -3.750000 0.900000 0.000000 0.000000 -1.000000 -0.342000 -0.675000 1 1 1.0
1 -1.900000 3.750000 0.900000 0.000000 0.000000 -1.000000 -0.342000 0.675000 1 1 1.0
bag_fabric
1 -1.900000 3.750000 0.900000 -0.000001 0.000000 -1.000000 -0.342000 0.675000 1 1 1.0
1 -1.785819 4.324025 0.900000 -0.000001 0.000000 -1.000000 -0.321447 0.778325 1 1 1.0
1 -1.460660 4.810660 0.900000 -0.000001 0.000000 -1.000000 -0.262919 0.865919 1 1 1.0
bag_fabric
1 -1.460660 4.810660 0.900000 0.000000 -0.000001 -1.000000 -0.262919 0.865919 1 1 1.0
1 -0.974025 5.135819 0.900000 0.000000 -0.000001 -1.000000 -0.175325 0.924447 1 1 1.0
1 -0.400000 5.250000 0.900000 0.000000 -0.000001 -1.000000 -0.072000 0.945000 1 1 1.0
bag_fabric
1 -0.400000 5.250000 0.900000 -0.000000 -0.000003 -1.000000 -0.072000 0.945000 1 1 1.0
1 0.400000 5.250000 0.900000 -0.000000 -0.000003 -1.000000 0.072000 0.945000 1 1 1.0
1 0.974025 5.135819 0.900000 -0.000000 -0.000003 -1.000000 0.175325 0.924447 1 1 1.0
bag_fabric
1 0.974025 5.135819 0.900000 -0.000000 0.000000 -1.000000 0.175325 0.924447 1 1 1.0
1 1.460660 4.810660 0.900000 -0.000000 0.000000 -1.000000 0.262919 0.865919 1 1 1.0
1 1.785819 4.324025 0.900000 -0.000000 0.000000 -1.000000 0.321447 0.778325 1 1 1.0
bag_fabric
1 1.785819 4.324025 0.900000 0.000001 -0.000000 -1.000000 0.321447 0.778325 1 1 1.0
1 1.900000 3.750000 0.900000 0.000001 -0.000000 -1.000000 0.342000 0.675000 1 1 1.0
1 1.900000 -3.750000 0.900000 0.000001 -0.000000 -1.000000 0.342000 -0.675000 1 1 1.0
bag_fabric
1 1.900000 -3.750000 0.900000 -0.000000 0.000000 -1.000000 0.342000 -0.675000 1 1 1.0
1 1.460660 -4.810660 0.900000 -0.000000 0.000000 -1.000000 0.262919 -0.865919 1 1 1.0
1 0.400000 -5.250000 0.900000 -0.000000 0.000000 -1.000000 0.072000 -0.945000 1 1 1.0
bag_fabric
1 0.400000 -5.250000 0.900000 0.000000 0.000000 -1.000000 0.072000 -0.945000 1 1 1.0
1 -0.974025 -5.135819 0.900000 0.000000 0.000000 -1.000000 -0.175325 -0.924447 1 1 1.0
1 -1.785819 -4.324025 0.900000 0.000000 0.000000 -1.000000 -0.321447 -0.778325 1 1 1.0
bag_fabric
1 -1.785819 -4.324025 0.900000 -0.000000 0.000000 -1.000000 -0.321447 -0.778325 1 1 1.0
1 -1.900000 3.750000 0.900000 -0.000000 0.000000 -1.000000 -0.342000 0.675000 1 1 1.0
1 -1.460660 4.810660 0.900000 -0.000000 0.000000 -1.000000 -0.262919 0.865919 1 1 1.0
bag_fabric
1 -1.460660 4.810660 0.900000 0.000000 -0.000000 -1.000000 -0.262919 0.865919 1 1 1.0
1 -0.400000 5.250000 0.900000 0.000000 -0.000000 -1.000000 -0.072000 0.945000 1 1 1.0
1 0.974025 5.135819 0.900000 0.000000 -0.000000 -1.000000 0.175325 0.924447 1 1 1.0
bag_fabric
1 0.974025 5.135819 0.900000 -0.000000 -0.000000 -1.000000 0.175325 0.924447 1 1 1.0
1 1.785819 4.324025 0.900000 -0.000000 -0.000000 -1.000000 0.321447 0.778325 1 1 1.0
1 1.900000 -3.750000 0.900000 -0.000000 -0.000000 -1.000000 0.342000 -0.675000 1 1 1.0
bag_fabric
1 1.900000 -3.750000 0.900000 0.000000 0.000000 -1.000000 0.342000 -0.675000 1 1 1.0
1 0.400000 -5.250000 0.900000 0.000000 0.000000 -1.000000 0.072000 -0.945000 1 1 1.0
1 -1.785819 -4.324025 0.900000 0.000000 0.000000 -1.000000 -0.321447 -0.778325 1 1 1.0
bag_fabric
1 -1.785819 -4.324025 0.900000 0.000000 -0.000000 -1.000000 -0.321447 -0.778325 1 1 1.0
1 -1.460660 4.810660 0.900000 0.000000 -0.000000 -1.000000 -0.262919 0.865919 1 1 1.0
1 0.974025 5.135819 0.900000 0.000000 -0.000000 -1.000000 0.175325 0.924447 1 1 1.0
bag_fabric
1 -1.785819 -4.324025 0.900000 0.000000 0.000000 -1.000000 -0.321447 -0.778325 1 1 1.0
1 0.974025 5.135819 0.900000 0.000000 0.000000 -1.000000 0.175325 0.924447 1 1 1.0
1 1.900000 -3.750000 0.900000 0.000000 0.000000 -1.000000 0.342000 -0.675000 1 1 1.0
bag_fabric
1 -0.400000 -5.250000 1.200000 -0.219443 -0.956879 0.190335 -0.072000 0.216000 1 1 1.0
1 -0.400000 -5.135819 1.774025 -0.219443 -0.956879 0.190335 -0.072000 0.319325 1 1 1.0
1 -0.988411 -4.998016 1.788411 -0.219443 -0.956879 0.190335 -0.177914 0.321914 1 1 1.0
bag_fabric
1 -0.400000 -5.250000 1.200000 -0.190335 -0.956879 0.219443 -0.072000 0.216000 1 1 1.0
1 -0.988411 -4.998016 1.788411 -0.190335 -0.956879 0.219443 -0.177914 0.321914 1 1 1.0
1 -0.974025 -5.135819 1.200000 -0.190335 -0.956879 0.219443 -0.175325 0.216000 1 1 1.0
bag_fabric
1 -0.400000 -5.135819 1.774025 -0.186111 -0.816943 0.545864 -0.072000 0.319325 1 1 1.0
1 -0.400000 -4.810660 2.260661 -0.186111 -0.816943 0.545864 -0.072000 0.406919 1 1 1.0
1 -0.958556 -4.734382 2.184382 -0.186111 -0.816943 0.545864 -0.172540 0.393189 1 1 1.0
bag_fabric
1 -0.400000 -5.135819 1.774025 -0.176855 -0.813062 0.554665 -0.072000 0.319325 1 1 1.0
1 -0.958556 -4.734382 2.184382 -0.176855 -0.813062 0.554665 -0.172540 0.393189 1 1 1.0
1 -0.988411 -4.998016 1.788411 -0.176855 -0.813062 0.554665 -0.177914 0.321914 1 1 1.0
bag_fabric
1 -0.974025 -5.135819 1.200000 -0.554665 -0.813062 0.176855 -0.175325 0.216000 1 1 1.0
1 -0.988411 -4.998016 1.788411 -0.554665 -0.813062 0.176855 -0.177914 0.321914 1 1 1.0
1 -1.384382 -4.734382 1.758556 -0.554665 -0.813062 0.176855 -0.249189 0.316540 1 1 1.0
bag_fabric
1 -0.974025 -5.135819 1.200000 -0.545864 -0.816943 0.186110 -0.175325 0.216000 1 1 1.0
1 -1.384382 -4.734382 1.758556 -0.545864 -0.816943 0.186110 -0.249189 0.316540 1 1 1.0
1 -1.460660 -4.810660 1.200000 -0.545864 -0.816943 0.186110 -0.262919 0.216000 1 1 1.0
bag_fabric
1 -0.988411 -4.998016 1.788411 -0.473137 -0.716450 0.512680 -0.177914 0.321914 1 1 1.0
1 -0.958556 -4.734382 2.184382 -0.473137 -0.716450 0.512680 -0.172540 0.393189 1 1 1.0
1 -1.266025 -4.616025 2.066025 -0.473137 -0.716450 0.512680 -0.227885 0.371885 1 1 1.0
bag_fabric
1 -0.988411 -4.998016 1.788411 -0.512680 -0.716450 0.473137 -0.177914 0.321914 1 1 1.0
1 -1.266025 -4.616025 2.066025 -0.512680 -0.716450 0.473137 -0.227885 0.371885 1 1 1.0
1 -1.384382 -4.734382 1.758556 -0.512680 -0.716450 0.473137 -0.249189 0.316540 1 1 1.0
bag_fabric
1 -0.400000 -3.750000 2.700000 -0.190334 -0.219443 0.956879 -0.072000 -0.675000 1 1 1.0
1 -0.974025 -3.750000 2.585820 -0.190334 -0.219443 0.956879 -0.175325 -0.675000 1 1 1.0
1 -0.988411 -4.338411 2.448017 -0.190334 -0.219443 0.956879 -0.177914 -0.780914 1 1 1.0
bag_fabric
1 -0.400000 -3.750000 2.700000 -0.219443 -0.190334 0.956879 -0.072000 -0.675000 1 1 1.0
1 -0.988411 -4.338411 2.448017 -0.219443 -0.190334 0.956879 -0.177914 -0.780914 1 1 1.0
1 -0.400000 -4.324025 2.585820 -0.219443 -0.190334 0.956879 -0.072000 -0.778325 1 1 1.0
bag_fabric
1 -0.974025 -3.750000 2.585820 -0.545864 -0.186110 0.816943 -0.175325 -0.675000 1 1 1.0
1 -1.460660 -3.750000 2.260660 -0.545864 -0.186110 0.816943 -0.262919 -0.675000 1 1 1.0
1 -1.384382 -4.308556 2.184382 -0.545864 -0.186110 0.816943 -0.249189 -0.775540 1 1 1.0
bag_fabric
1 -0.974025 -3.750000 2.585820 -0.554665 -0.176855 0.813062 -0.175325 -0.675000 1 1 1.0
1 -1.384382 -4.308556 2.184382 -0.554665 -0.176855 0.813062 -0.249189 -0.775540 1 1 1.0
1 -0.988411 -4.338411 2.448017 -0.554665 -0.176855 0.813062 -0.177914 -0.780914 1 1 1.0
bag_fabric
1 -0.400000 -4.324025 2.585820 -0.176855 -0.554665 0.813062 -0.072000 -0.778325 1 1 1.0
1 -0.988411 -4.338411 2.448017 -0.176855 -0.554665 0.813062 -0.177914 -0.780914 1 1 1.0
1 -0.958556 -4.734382 2.184382 -0.176855 -0.554665 0.813062 -0.172540 -0.852189 1 1 1.0
bag_fabric
1 -0.400000 -4.324025 2.585820 -0.186111 -0.545864 0.816943 -0.072000 -0.778325 1 1 1.0
1 -0.958556 -4.734382 2.184382 -0.186111 -0.545864 0.816943 -0.172540 -0.852189 1 1 1.0
1 -0.400000 -4.810660 2.260661 -0.186111 -0.545864 0.816943 -0.072000 -0.865919 1 1 1.0
bag_fabric
1 -0.988411 -4.338411 2.448017 -0.512680 -0.473137 0.716450 -0.177914 -0.780914 1 1 1.0
1 -1.384382 -4.308556 2.184382 -0.512680 -0.473137 0.716450 -0.249189 -0.775540 1 1 1.0
1 -1.266025 -4.616025 2.066025 -0.512680 -0.473137 0.716450 -0.227885 -0.830885 1 1 1.0
bag_fabric
1 -0.988411 -4.338411 2.448017 -0.473137 -0.512680 0.716450 -0.177914 -0.780914 1 1 1.0
1 -1.266025 -4.616025 2.066025 -0.473137 -0.512680 0.716450 -0.227885 -0.830885 1 1 1.0
1 -0.958556 -4.734382 2.184382 -0.473137 -0.512680 0.716450 -0.172540 -0.852189 1 1 1.0
bag_fabric
1 -1.900000 -3.750000 1.200000 -0.956879 -0.190335 0.219443 -0.675000 0.216000 1 1 1.0
1 -1.785819 -4.324025 1.200000 -0.956879 -0.190335 0.219443 -0.778325 0.216000 1 1 1.0
1 -1.648016 -4.338411 1.788411 -0.956879 -0.190335 0.219443 -0.780914 0.321914 1 1 1.0
bag_fabric
1 -1.900000 -3.750000 1.200000 -0.956879 -0.219443 0.190335 -0.675000 0.216000 1 1 1.0
1 -1.648016 -4.338411 1.788411 -0.956879 -0.219443 0.190335 -0.780914 0.321914 1 1 1.0
1 -1.785819 -3.750000 1.774025 -0.956879 -0.219443 0.190335 -0.675000 0.319325 1 1 1.0
bag_fabric
1 -1.785819 -4.324025 1.200000 -0.816943 -0.545864 0.186110 -0.778325 0.216000 1 1 1.0
1 -1.460660 -4.810660 1.200000 -0.816943 -0.545864 0.186110 -0.865919 0.216000 1 1 1.0
1 -1.384382 -4.734382 1.758556 -0.816943 -0.545864 0.186110 -0.852189 0.316540 1 1 1.0
bag_fabric
1 -1.785819 -4.324025 1.200000 -0.813062 -0.554665 0.176854 -0.778325 0.216000 1 1 1.0
1 -1.384382 -4.734382 1.758556 -0.813062 -0.554665 0.176854 -0.852189 0.316540 1 1 1.0
1 -1.648016 -4.338411 1.788411 -0.813062 -0.554665 0.176854 -0.780914 0.321914 1 1 1.0
bag_fabric
1 -1.785819 -3.750000 1.774025 -0.813062 -0.176854 0.554665 -0.675000 0.319325 1 1 1.0
1 -1.648016 -4.338411 1.788411 -0.813062 -0.176854 0.554665 -0.780914 0.321914 1 1 1.0
1 -1.384382 -4.308556 2.184382 -0.813062 -0.176854 0.554665 -0.775540 0.393189 1 1 1.0
bag_fabric
1 -1.785819 -3.750000 1.774025 -0.816943 -0.186110 0.545864 -0.675000 0.319325 1 1 1.0
1 -1.384382 -4.308556 2.184382 -0.816943 -0.186110 0.545864 -0.775540 0.393189 1 1 1.0
1 -1.460660 -3.750000 2.260660 -0.816943 -0.186110 0.545864 -0.675000 0.406919 1 1 1.0
bag_fabric
1 -1.648016 -4.338411 1.788411 -0.716449 -0.512680 0.473137 -0.780914 0.321914 1 1 1.0
1 -1.384382 -4.734382 1.758556 -0.716449 -0.512680 0.473137 -0.852189 0.316540 1 1 1.0
1 -1.266025 -4.616025 2.066025 -0.716449 -0.512680 0.473137 -0.830885 0.371885 1 1 1.0
bag_fabric
1 -1.648016 -4.338411 1.788411 -0.716449 -0.473137 0.512680 -0.780914 0.321914 1 1 1.0
1 -1.266025 -4.616025 2.066025 -0.716449 -0.473137 0.512680 -0.830885 0.371885 1 1 1.0
1 -1.384382 -4.308556 2.184382 -0.716449 -0.473137 0.512680 -0.775540 0.393189 1 1 1.0
bag_fabric
1 -0.400000 3.750000 2.700000 -0.219443 0.190335 0.956879 -0.072000 0.675000 1 1 1.0
1 -0.400000 4.324025 2.585819 -0.219443 0.190335 0.956879 -0.072000 0.778325 1 1 1.0
1 -0.988411 4.338411 2.448017 -0.219443 0.190335 0.956879 -0.177914 0.780914 1 1 1.0
bag_fabric
1 -0.400000 3.750000 2.700000 -0.190335 0.219442 0.956879 -0.072000 0.675000 1 1 1.0
1 -0.988411 4.338411 2.448017 -0.190335 0.219442 0.956879 -0.177914 0.780914 1 1 1.0
1 -0.974025 3.750000 2.585819 -0.190335 0.219442 0.956879 -0.175325 0.675000 1 1 1.0
bag_fabric
1 -0.400000 4.324025 2.585819 -0.186110 0.545864 0.816943 -0.072000 0.778325 1 1 1.0
1 -0.400000 4.810660 2.260660 -0.186110 0.545864 0.816943 -0.072000 0.865919 1 1 1.0
1 -0.958556 4.734382 2.184382 -0.186110 0.545864 0.816943 -0.172540 0.852189 1 1 1.0
bag_fabric
1 -0.400000 4.324025 2.585819 -0.176854 0.554666 0.813061 -0.072000 0.778325 1 1 1.0
1 -0.958556 4.734382 2.184382 -0.176854 0.554666 0.813061 -0.172540 0.852189 1 1 1.0
1 -0.988411 4.338411 2.448017 -0.176854 0.554666 0.813061 -0.177914 0.780914 1 1 1.0
bag_fabric
1 -0.974025 3.750000 2.585819 -0.554665 0.176854 0.813061 -0.175325 0.675000 1 1 1.0
1 -0.988411 4.338411 2.448017 -0.554665 0.176854 0.813061 -0.177914 0.780914 1 1 1.0
1 -1.384382 4.308556 2.184382 -0.554665 0.176854 0.813061 -0.249189 0.775540 1 1 1.0
bag_fabric
1 -0.974025 3.750000 2.585819 -0.545864 0.186110 0.816943 -0.175325 0.675000 1 1 1.0
1 -1.384382 4.308556 2.184382 -0.545864 0.186110 0.816943 -0.249189 0.775540 1 1 1.0
1 -1.460660 3.750000 2.260660 -0.545864 0.186110 0.816943 -0.262919 0.675000 1 1 1.0
bag_fabric
1 -0.988411 4.338411 2.448017 -0.473137 0.512681 0.716449 -0.177914 0.780914 1 1 1.0
1 -0.958556 4.734382 2.184382 -0.473137 0.512681 0.716449 -0.172540 0.852189 1 1 1.0
1 -1.266025 4.616025 2.066025 -0.473137 0.512681 0.716449 -0.227885 0.830885 1 1 1.0
bag_fabric
1 -0.988411 4.338411 2.448017 -0.512681 0.473137 0.716449 -0.177914 0.780914 1 1 1.0
1 -1.266025 4.616025 2.066025 -0.512681 0.473137 0.716449 -0.227885 0.830885 1 1 1.0
1 -1.384382 4.308556 2.184382 -0.512681 0.473137 0.716449 -0.249189 0.775540 1 1 1.0
bag_fabric
1 -0.400000 5.250000 1.200000 -0.190335 0.956879 0.219443 -0.072000 0.216000 1 1 1.0
1 -0.974025 5.135819 1.200000 -0.190335 0.956879 0.219443 -0.175325 0.216000 1 1 1.0
1 -0.988411 4.998016 1.788411 -0.190335 0.956879 0.219443 -0.177914 0.321914 1 1 1.0
bag_fabric
1 -0.400000 5.250000 1.200000 -0.219443 0.956879 0.190335 -0.072000 0.216000 1 1 1.0
1 -0.988411 4.998016 1.788411 -0.219443 0.956879 0.190335 -0.177914 0.321914 1 1 1.0
1 -0.400000 5.135819 1.774025 -0.219443 0.956879 0.190335 -0.072000 0.319325 1 1 1.0
bag_fabric
1 -0.974025 5.135819 1.200000 -0.545864 0.816943 0.186110 -0.175325 0.216000 1 1 1.0
1 -1.460660 4.810660 1.200000 -0.545864 0.816943 0.186110 -0.262919 0.216000 1 1 1.0
1 -1.384382 4.734382 1.758556 -0.545864 0.816943 0.186110 -0.249189 0.316540 1 1 1.0
bag_fabric
1 -0.974025 5.135819 1.200000 -0.554665 0.813062 0.176855 -0.175325 0.216000 1 1 1.0
1 -1.384382 4.734382 1.758556 -0.554665 0.813062 0.176855 -0.249189 0.316540 1 1 1.0
1 -0.988411 4.998016 1.788411 -0.554665 0.813062 0.176855 -0.177914 0.321914 1 1 1.0
bag_fabric
1 -0.400000 5.135819 1.774025 -0.176855 0.813062 0.554665 -0.072000 0.319325 1 1 1.0
1 -0.988411 4.998016 1.788411 -0.176855 0.813062 0.554665 -0.177914 0.321914 1 1 1.0
1 -0.958556 4.734382 2.184382 -0.176855 0.813062 0.554665 -0.172540 0.393189 1 1 1.0
bag_fabric
1 -0.400000 5.135819 1.774025 -0.186110 0.816943 0.545864 -0.072000 0.319325 1 1 1.0
1 -0.958556 4.734382 2.184382 -0.186110 0.816943 0.545864 -0.172540 0.393189 1 1 1.0
1 -0.400000 4.810660 2.260660 -0.186110 0.816943 0.545864 -0.072000 0.406919 1 1 1.0
bag_fabric
1 -0.988411 4.998016 1.788411 -0.512680 0.716450 0.473137 -0.177914 0.321914 1 1 1.0
1 -1.384382 4.734382 1.758556 -0.512680 0.716450 0.473137 -0.249189 0.316540 1 1 1.0
1 -1.266025 4.616025 2.066025 -0.512680 0.716450 0.473137 -0.227885 0.371885 1 1 1.0
bag_fabric
1 -0.988411 4.998016 1.788411 -0.473137 0.716450 0.512680 -0.177914 0.321914 1 1 1.0
1 -1.266025 4.616025 2.066025 -0.473137 0.716450 0.512680 -0.227885 0.371885 1 1 1.0
1 -0.958556 4.734382 2.184382 -0.473137 0.716450 0.512680 -0.172540 0.393189 1 1 1.0
bag_fabric
1 -1.900000 3.750000 1.200000 -0.956879 0.219443 0.190335 0.675000 0.216000 1 1 1.0
1 -1.785819 3.750000 1.774025 -0.956879 0.219443 0.190335 0.675000 0.319324 1 1 1.0
1 -1.648016 4.338411 1.788411 -0.956879 0.219443 0.190335 0.780914 0.321914 1 1 1.0
bag_fabric
1 -1.900000 3.750000 1.200000 -0.956879 0.190335 0.219443 0.675000 0.216000 1 1 1.0
1 -1.648016 4.338411 1.788411 -0.956879 0.190335 0.219443 0.780914 0.321914 1 1 1.0
1 -1.785819 4.324025 1.200000 -0.956879 0.190335 0.219443 0.778325 0.216000 1 1 1.0
bag_fabric
1 -1.785819 3.750000 1.774025 -0.816943 0.186110 0.545864 0.675000 0.319324 1 1 1.0
1 -1.460660 3.750000 2.260660 -0.816943 0.186110 0.545864 0.675000 0.406919 1 1 1.0
1 -1.384382 4.308556 2.184382 -0.816943 0.186110 0.545864 0.775540 0.393189 1 1 1.0
bag_fabric
1 -1.785819 3.750000 1.774025 -0.813062 0.176854 0.554665 0.675000 0.319324 1 1 1.0
1 -1.384382 4.308556 2.184382 -0.813062 0.176854 0.554665 0.775540 0.393189 1 1 1.0
1 -1.648016 4.338411 1.788411 -0.813062 0.176854 0.554665 0.780914 0.321914 1 1 1.0
bag_fabric
1 -1.785819 4.324025 1.200000 -0.813062 0.554665 0.176854 0.778325 0.216000 1 1 1.0
1 -1.648016 4.338411 1.788411 -0.813062 0.554665 0.176854 0.780914 0.321914 1 1 1.0
1 -1.384382 4.734382 1.758556 -0.813062 0.554665 0.176854 0.852189 0.316540 1 1 1.0
bag_fabric
1 -1.785819 4.324025 1.200000 -0.816943 0.545864 0.186110 0.778325 0.216000 1 1 1.0
1 -1.384382 4.734382 1.758556 -0.816943 0.545864 0.186110 0.852189 0.316540 1 1 1.0
1 -1.460660 4.810660 1.200000 -0.816943 0.545864 0.186110 0.865919 0.216000 1 1 1.0
bag_fabric
1 -1.648016 4.338411 1.788411 -0.716450 0.473137 0.512680 0.780914 0.321914 1 1 1.0
1 -1.384382 4.308556 2.184382 -0.716450 0.473137 0.512680 0.775540 0.393189 1 1 1.0
1 -1.266025 4.616025 2.066025 -0.716450 0.473137 0.512680 0.830885 0.371885 1 1 1.0
bag_fabric
1 -1.648016 4.338411 1.788411 -0.716450 0.512680 0.473137 0.780914 0.321914 1 1 1.0
1 -1.266025 4.616025 2.066025 -0.716450 0.512680 0.473137 0.830885 0.371885 1 1 1.0
1 -1.384382 4.734382 1.758556 -0.716450 0.512680 0.473137 0.852189 0.316540 1 1 1.0
bag_fabric
1 0.400000 -3.750000 2.700000 0.219443 -0.190335 0.956879 0.072000 -0.675000 1 1 1.0
1 0.400000 -4.324025 2.585819 0.219443 -0.190335 0.956879 0.072000 -0.778325 1 1 1.0
1 0.988411 -4.338411 2.448017 0.219443 -0.190335 0.956879 0.177914 -0.780914 1 1 1.0
bag_fabric
1 0.400000 -3.750000 2.700000 0.190335 -0.219443 0.956879 0.072000 -0.675000 1 1 1.0
1 0.988411 -4.338411 2.448017 0.190335 -0.219443 0.956879 0.177914 -0.780914 1 1 1.0
1 0.974025 -3.750000 2.585819 0.190335 -0.219443 0.956879 0.175325 -0.675000 1 1 1.0
bag_fabric
1 0.400000 -4.324025 2.585819 0.186110 -0.545864 0.816943 0.072000 -0.778325 1 1 1.0
1 0.400000 -4.810660 2.260660 0.186110 -0.545864 0.816943 0.072000 -0.865919 1 1 1.0
1 0.958556 -4.734382 2.184382 0.186110 -0.545864 0.816943 0.172540 -0.852189 1 1 1.0
bag_fabric
1 0.400000 -4.324025 2.585819 0.176854 -0.554665 0.813061 0.072000 -0.778325 1 1 1.0
1 0.958556 -4.734382 2.184382 0.176854 -0.554665 0.813061 0.172540 -0.852189 1 1 1.0
1 0.988411 -4.338411 2.448017 0.176854 -0.554665 0.813061 0.177914 -0.780914 1 1 1.0
bag_fabric
1 0.974025 -3.750000 2.585819 0.554665 -0.176854 0.813062 0.175325 -0.675000 1 1 1.0
1 0.988411 -4.338411 2.448017 0.554665 -0.176854 0.813062 0.177914 -0.780914 1 1 1.0
1 1.384382 -4.308556 2.184382 0.554665 -0.176854 0.813062 0.249189 -0.775540 1 1 1.0
bag_fabric
1 0.974025 -3.750000 2.585819 0.545864 -0.186110 0.816943 0.175325 -0.675000 1 1 1.0
1 1.384382 -4.308556 2.184382 0.545864 -0.186110 0.816943 0.249189 -0.775540 1 1 1.0
1 1.460660 -3.750000 2.260660 0.545864 -0.186110 0.816943 0.262919 -0.675000 1 1 1.0
bag_fabric
1 0.988411 -4.338411 2.448017 0.473138 -0.512680 0.716449 0.177914 -0.780914 1 1 1.0
1 0.958556 -4.734382 2.184382 0.473138 -0.512680 0.716449 0.172540 -0.852189 1 1 1.0
1 1.266025 -4.616025 2.066025 0.473138 -0.512680 0.716449 0.227885 -0.830885 1 1 1.0
bag_fabric
1 0.988411 -4.338411 2.448017 0.512680 -0.473138 0.716449 0.177914 -0.780914 1 1 1.0
1 1.266025 -4.616025 2.066025 0.512680 -0.473138 0.716449 0.227885 -0.830885 1 1 1.0
1 1.384382 -4.308556 2.184382 0.512680 -0.473138 0.716449 0.249189 -0.775540 1 1 1.0
bag_fabric
1 0.400000 -5.250000 1.200000 0.190335 -0.956879 0.219443 0.072000 0.216000 1 1 1.0
1 0.974025 -5.135819 1.200000 0.190335 -0.956879 0.219443 0.175325 0.216000 1 1 1.0
1 0.988411 -4.998016 1.788411 0.190335 -0.956879 0.219443 0.177914 0.321914 1 1 1.0
bag_fabric
1 0.400000 -5.250000 1.200000 0.219443 -0.956879 0.190335 0.072000 0.216000 1 1 1.0
1 0.988411 -4.998016 1.788411 0.219443 -0.956879 0.190335 0.177914 0.321914 1 1 1.0
1 0.400000 -5.135819 1.774025 0.219443 -0.956879 0.190335 0.072000 0.319325 1 1 1.0
bag_fabric
1 0.974025 -5.135819 1.200000 0.545864 -0.816943 0.186110 0.175325 0.216000 1 1 1.0
1 1.460660 -4.810660 1.200000 0.545864 -0.816943 0.186110 0.262919 0.216000 1 1 1.0
1 1.384382 -4.734382 1.758556 0.545864 -0.816943 0.186110 0.249189 0.316540 1 1 1.0
bag_fabric
1 0.974025 -5.135819 1.200000 0.554665 -0.813062 0.176855 0.175325 0.216000 1 1 1.0
1 1.384382 -4.734382 1.758556 0.554665 -0.813062 0.176855 0.249189 0.316540 1 1 1.0
1 0.988411 -4.998016 1.788411 0.554665 -0.813062 0.176855 0.177914 0.321914 1 1 1.0
bag_fabric
1 0.400000 -5.135819 1.774025 0.176855 -0.813062 0.554665 0.072000 0.319325 1 1 1.0
1 0.988411 -4.998016 1.788411 0.176855 -0.813062 0.554665 0.177914 0.321914 1 1 1.0
1 0.958556 -4.734382 2.184382 0.176855 -0.813062 0.554665 0.172540 0.393189 1 1 1.0
bag_fabric
1 0.400000 -5.135819 1.774025 0.186110 -0.816943 0.545864 0.072000 0.319325 1 1 1.0
1 0.958556 -4.734382 2.184382 0.186110 -0.816943 0.545864 0.172540 0.393189 1 1 1.0
1 0.400000 -4.810660 2.260660 0.186110 -0.816943 0.545864 0.072000 0.406919 1 1 1.0
bag_fabric
1 0.988411 -4.998016 1.788411 0.512680 -0.716450 0.473137 0.177914 0.321914 1 1 1.0
1 1.384382 -4.734382 1.758556 0.512680 -0.716450 0.473137 0.249189 0.316540 1 1 1.0
1 1.266025 -4.616025 2.066025 0.512680 -0.716450 0.473137 0.227885 0.371885 1 1 1.0
bag_fabric
1 0.988411 -4.998016 1.788411 0.473137 -0.716450 0.512680 0.177914 0.321914 1 1 1.0
1 1.266025 -4.616025 2.066025 0.473137 -0.716450 0.512680 0.227885 0.371885 1 1 1.0
1 0.958556 -4.734382 2.184382 0.473137 -0.716450 0.512680 0.172540 0.393189 1 1 1.0
bag_fabric
1 1.900000 -3.750000 1.200000 0.956879 -0.219442 0.190335 -0.675000 0.216000 1 1 1.0
1 1.785819 -3.750000 1.774025 0.956879 -0.219442 0.190335 -0.675000 0.319324 1 1 1.0
1 1.648017 -4.338411 1.788411 0.956879 -0.219442 0.190335 -0.780914 0.321914 1 1 1.0
bag_fabric
1 1.900000 -3.750000 1.200000 0.956879 -0.190335 0.219442 -0.675000 0.216000 1 1 1.0
1 1.648017 -4.338411 1.788411 0.956879 -0.190335 0.219442 -0.780914 0.321914 1 1 1.0
1 1.785819 -4.324025 1.200000 0.956879 -0.190335 0.219442 -0.778325 0.216000 1 1 1.0
bag_fabric
1 1.785819 -3.750000 1.774025 0.816943 -0.186110 0.545864 -0.675000 0.319324 1 1 1.0
1 1.460660 -3.750000 2.260660 0.816943 -0.186110 0.545864 -0.675000 0.406919 1 1 1.0
1 1.384382 -4.308556 2.184382 0.816943 -0.186110 0.545864 -0.775540 0.393189 1 1 1.0
bag_fabric
1 1.785819 -3.750000 1.774025 0.813062 -0.176854 0.554665 -0.675000 0.319324 1 1 1.0
1 1.384382 -4.308556 2.184382 0.813062 -0.176854 0.554665 -0.775540 0.393189 1 1 1.0
1 1.648017 -4.338411 1.788411 0.813062 -0.176854 0.554665 -0.780914 0.321914 1 1 1.0
bag_fabric
1 1.785819 -4.324025 1.200000 0.813062 -0.554665 0.176854 -0.778325 0.216000 1 1 1.0
1 1.648017 -4.338411 1.788411 0.813062 -0.554665 0.176854 -0.780914 0.321914 1 1 1.0
1 1.384382 -4.734382 1.758556 0.813062 -0.554665 0.176854 -0.852189 0.316540 1 1 1.0
bag_fabric
1 1.785819 -4.324025 1.200000 0.816943 -0.545864 0.186110 -0.778325 0.216000 1 1 1.0
1 1.384382 -4.734382 1.758556 0.816943 -0.545864 0.186110 -0.852189 0.316540 1 1 1.0
1 1.460660 -4.810660 1.200000 0.816943 -0.545864 0.186110 -0.865919 0.216000 1 1 1.0
bag_fabric
1 1.648017 -4.338411 1.788411 0.716449 -0.473138 0.512680 -0.780914 0.321914 1 1 1.0
1 1.384382 -4.308556 2.184382 0.716449 -0.473138 0.512680 -0.775540 0.393189 1 1 1.0
1 1.266025 -4.616025 2.066025 0.716449 -0.473138 0.512680 -0.830885 0.371885 1 1 1.0
bag_fabric
1 1.648017 -4.338411 1.788411 0.716449 -0.512680 0.473138 -0.780914 0.321914 1 1 1.0
1 1.266025 -4.616025 2.066025 0.716449 -0.512680 0.473138 -0.830885 0.371885 1 1 1.0
1 1.384382 -4.734382 1.758556 0.716449 -0.512680 0.473138 -0.852189 0.316540 1 1 1.0
bag_fabric
1 0.400000 3.750000 2.700000 0.190334 0.219443 0.956879 0.072000 0.675000 1 1 1.0
1 0.974025 3.750000 2.585820 0.190334 0.219443 0.956879 0.175325 0.675000 1 1 1.0
1 0.988411 4.338411 2.448017 0.190334 0.219443 0.956879 0.177914 0.780914 1 1 1.0
bag_fabric
1 0.400000 3.750000 2.700000 0.219443 0.190334 0.956879 0.072000 0.675000 1 1 1.0
1 0.988411 4.338411 2.448017 0.219443 0.190334 0.956879 0.177914 0.780914 1 1 1.0
1 0.400000 4.324025 2.585820 0.219443 0.190334 0.956879 0.072000 0.778325 1 1 1.0
bag_fabric
1 0.974025 3.750000 2.585820 0.545864 0.186109 0.816943 0.175325 0.675000 1 1 1.0
1 1.460660 3.750000 2.260660 0.545864 0.186109 0.816943 0.262919 0.675000 1 1 1.0
1 1.384382 4.308556 2.184382 0.545864 0.186109 0.816943 0.249189 0.775540 1 1 1.0
bag_fabric
1 0.974025 3.750000 2.585820 0.554665 0.176855 0.813062 0.175325 0.675000 1 1 1.0
1 1.384382 4.308556 2.184382 0.554665 0.176855 0.813062 0.249189 0.775540 1 1 1.0
1 0.988411 4.338411 2.448017 0.554665 0.176855 0.813062 0.177914 0.780914 1 1 1.0
bag_fabric
1 0.400000 4.324025 2.585820 0.176855 0.554665 0.813062 0.072000 0.778325 1 1 1.0
1 0.988411 4.338411 2.448017 0.176855 0.554665 0.813062 0.177914 0.780914 1 1 1.0
1 0.958556 4.734382 2.184382 0.176855 0.554665 0.813062 0.172540 0.852189 1 1 1.0
bag_fabric
1 0.400000 4.324025 2.585820 0.186110 0.545864 0.816943 0.072000 0.778325 1 1 1.0
1 0.958556 4.734382 2.184382 0.186110 0.545864 0.816943 0.172540 0.852189 1 1 1.0
1 0.400000 4.810660 2.260661 0.186110 0.545864 0.816943 0.072000 0.865919 1 1 1.0
bag_fabric
1 0.988411 4.338411 2.448017 0.512680 0.473137 0.716450 0.177914 0.780914 1 1 1.0
1 1.384382 4.308556 2.184382 0.512680 0.473137 0.716450 0.249189 0.775540 1 1 1.0
1 1.266025 4.616025 2.066026 0.512680 0.473137 0.716450 0.227885 0.830885 1 1 1.0
bag_fabric
1 0.988411 4.338411 2.448017 0.473137 0.512680 0.716450 0.177914 0.780914 1 1 1.0
1 1.266025 4.616025 2.066026 0.473137 0.512680 0.716450 0.227885 0.830885 1 1 1.0
1 0.958556 4.734382 2.184382 0.473137 0.512680 0.716450 0.172540 0.852189 1 1 1.0
bag_fabric
1 1.900000 3.750000 1.200000 0.956879 0.190335 0.219442 0.675000 0.216000 1 1 1.0
1 1.785819 4.324025 1.200000 0.956879 0.190335 0.219442 0.778325 0.216000 1 1 1.0
1 1.648017 4.338411 1.788411 0.956879 0.190335 0.219442 0.780914 0.321914 1 1 1.0
bag_fabric
1 1.900000 3.750000 1.200000 0.956879 0.219442 0.190335 0.675000 0.216000 1 1 1.0
1 1.648017 4.338411 1.788411 0.956879 0.219442 0.190335 0.780914 0.321914 1 1 1.0
1 1.785819 3.750000 1.774025 0.956879 0.219442 0.190335 0.675000 0.319325 1 1 1.0
bag_fabric
1 1.785819 4.324025 1.200000 0.816943 0.545864 0.186110 0.778325 0.216000 1 1 1.0
1 1.460660 4.810660 1.200000 0.816943 0.545864 0.186110 0.865919 0.216000 1 1 1.0
1 1.384382 4.734382 1.758556 0.816943 0.545864 0.186110 0.852189 0.316540 1 1 1.0
bag_fabric
1 1.785819 4.324025 1.200000 0.813062 0.554665 0.176854 0.778325 0.216000 1 1 1.0
1 1.384382 4.734382 1.758556 0.813062 0.554665 0.176854 0.852189 0.316540 1 1 1.0
1 1.648017 4.338411 1.788411 0.813062 0.554665 0.176854 0.780914 0.321914 1 1 1.0
bag_fabric
1 1.785819 3.750000 1.774025 0.813062 0.176854 0.554665 0.675000 0.319325 1 1 1.0
1 1.648017 4.338411 1.788411 0.813062 0.176854 0.554665 0.780914 0.321914 1 1 1.0
1 1.384382 4.308556 2.184382 0.813062 0.176854 0.554665 0.775540 0.393189 1 1 1.0
bag_fabric
1 1.785819 3.750000 1.774025 0.816943 0.186109 0.545864 0.675000 0.319325 1 1 1.0
1 1.384382 4.308556 2.184382 0.816943 0.186109 0.545864 0.775540 0.393189 1 1 1.0
1 1.460660 3.750000 2.260660 0.816943 0.186109 0.545864 0.675000 0.406919 1 1 1.0
bag_fabric
1 1.648017 4.338411 1.788411 0.716449 0.512680 0.473137 0.780914 0.321914 1 1 1.0
1 1.384382 4.734382 1.758556 0.716449 0.512680 0.473137 0.852189 0.316540 1 1 1.0
1 1.266025 4.616025 2.066026 0.716449 0.512680 0.473137 0.830885 0.371885 1 1 1.0
bag_fabric
1 1.648017 4.338411 1.788411 0.716449 0.473137 0.512680 0.780914 0.321914 1 1 1.0
1 1.266025 4.616025 2.066026 0.716449 0.473137 0.512680 0.830885 0.371885 1 1 1.0
1 1.384382 4.308556 2.184382 0.716449 0.473137 0.512680 0.775540 0.393189 1 1 1.0
bag_fabric
1 0.400000 5.250000 1.200000 0.219443 0.956879 0.190335 0.072000 0.216000 1 1 1.0
1 0.400000 5.135819 1.774025 0.219443 0.956879 0.190335 0.072000 0.319325 1 1 1.0
1 0.988411 4.998016 1.788411 0.219443 0.956879 0.190335 0.177914 0.321914 1 1 1.0
bag_fabric
1 0.400000 5.250000 1.200000 0.190335 0.956879 0.219443 0.072000 0.216000 1 1 1.0
1 0.988411 4.998016 1.788411 0.190335 0.956879 0.219443 0.177914 0.321914 1 1 1.0
1 0.974025 5.135819 1.200000 0.190335 0.956879 0.219443 0.175325 0.216000 1 1 1.0
bag_fabric
1 0.400000 5.135819 1.774025 0.186110 0.816943 0.545864 0.072000 0.319325 1 1 1.0
1 0.400000 4.810660 2.260661 0.186110 0.816943 0.545864 0.072000 0.406919 1 1 1.0
1 0.958556 4.734382 2.184382 0.186110 0.816943 0.545864 0.172540 0.393189 1 1 1.0
bag_fabric
1 0.400000 5.135819 1.774025 0.176855 0.813062 0.554665 0.072000 0.319325 1 1 1.0
1 0.958556 4.734382 2.184382 0.176855 0.813062 0.554665 0.172540 0.393189 1 1 1.0
1 0.988411 4.998016 1.788411 0.176855 0.813062 0.554665 0.177914 0.321914 1 1 1.0
bag_fabric
1 0.974025 5.135819 1.200000 0.554665 0.813062 0.176855 0.175325 0.216000 1 1 1.0
1 0.988411 4.998016 1.788411 0.554665 0.813062 0.176855 0.177914 0.321914 1 1 1.0
1 1.384382 4.734382 1.758556 0.554665 0.813062 0.176855 0.249189 0.316540 1 1 1.0
bag_fabric
1 0.974025 5.135819 1.200000 0.545864 0.816943 0.186110 0.175325 0.216000 1 1 1.0
1 1.384382 4.734382 1.758556 0.545864 0.816943 0.186110 0.249189 0.316540 1 1 1.0
1 1.460660 4.810660 1.200000 0.545864 0.816943 0.186110 0.262919 0.216000 1 1 1.0
bag_fabric
1 0.988411 4.998016 1.788411 0.473137 0.716450 0.512680 0.177914 0.321914 1 1 1.0
1 0.958556 4.734382 2.184382 0.473137 0.716450 0.512680 0.172540 0.393189 1 1 1.0
1 1.266025 4.616025 2.066026 0.473137 0.716450 0.512680 0.227885 0.371885 1 1 1.0
bag_fabric
1 0.988411 4.998016 1.788411 0.512680 0.716450 0.473137 0.177914 0.321914 1 1 1.0
1 1.266025 4.616025 2.066026 0.512680 0.716450 0.473137 0.227885 0.371885 1 1 1.0
1 1.384382 4.734382 1.758556 0.512680 0.716450 0.473137 0.249189 0.316540 1 1 1.0
bag_fabric
1 -0.400000 -5.250000 0.900000 -0.195090 -0.980785 0.000000 -0.072000 0.162000 1 1 1.0
1 -0.400000 -5.250000 1.200000 -0.195090 -0.980785 0.000000 -0.072000 0.216000 1 1 1.0
1 -0.974025 -5.135819 1.200000 -0.195090 -0.980785 0.000000 -0.175325 0.216000 1 1 1.0
bag_fabric
1 -0.400000 -5.250000 0.900000 -0.195090 -0.980785 0.000000 -0.072000 0.162000 1 1 1.0
1 -0.974025 -5.135819 1.200000 -0.195090 -0.980785 0.000000 -0.175325 0.216000 1 1 1.0
1 -0.974025 -5.135819 0.900000 -0.195090 -0.980785 0.000000 -0.175325 0.162000 1 1 1.0
bag_fabric
1 -0.974025 -5.135819 0.900000 -0.555570 -0.831470 0.000000 -0.175325 0.162000 1 1 1.0
1 -0.974025 -5.135819 1.200000 -0.555570 -0.831470 0.000000 -0.175325 0.216000 1 1 1.0
1 -1.460660 -4.810660 1.200000 -0.555570 -0.831470 0.000000 -0.262919 0.216000 1 1 1.0
bag_fabric
1 -0.974025 -5.135819 0.900000 -0.555570 -0.831470 0.000000 -0.175325 0.162000 1 1 1.0
1 -1.460660 -4.810660 1.200000 -0.555570 -0.831470 0.000000 -0.262919 0.216000 1 1 1.0
1 -1.460660 -4.810660 0.900000 -0.555570 -0.831470 0.000000 -0.262919 0.162000 1 1 1.0
bag_fabric
1 -1.460660 -4.810660 0.900000 -0.831470 -0.555570 0.000000 -0.865919 0.162000 1 1 1.0
1 -1.460660 -4.810660 1.200000 -0.831470 -0.555570 0.000000 -0.865919 0.216000 1 1 1.0
1 -1.785819 -4.324025 1.200000 -0.831470 -0.555570 0.000000 -0.778325 0.216000 1 1 1.0
bag_fabric
1 -1.460660 -4.810660 0.900000 -0.831470 -0.555570 0.000000 -0.865919 0.162000 1 1 1.0
1 -1.785819 -4.324025 1.200000 -0.831470 -0.555570 0.000000 -0.778325 0.216000 1 1 1.0
1 -1.785819 -4.324025 0.900000 -0.831470 -0.555570 0.000000 -0.778325 0.162000 1 1 1.0
bag_fabric
1 -1.785819 -4.324025 0.900000 -0.980785 -0.195090 0.000000 -0.778325 0.162000 1 1 1.0
1 -1.785819 -4.324025 1.200000 -0.980785 -0.195090 0.000000 -0.778325 0.216000 1 1 1.0
1 -1.900000 -3.750000 1.200000 -0.980785 -0.195090 0.000000 -0.675000 0.216000 1 1 1.0
bag_fabric
1 -1.785819 -4.324025 0.900000 -0.980785 -0.195090 0.000000 -0.778325 0.162000 1 1 1.0
1 -1.900000 -3.750000 1.200000 -0.980785 -0.195090 0.000000 -0.675000 0.216000 1 1 1.0
1 -1.900000 -3.750000 0.900000 -0.980785 -0.195090 0.000000 -0.675000 0.162000 1 1 1.0
bag_fabric
1 -0.400000 -3.750000 2.700000 -0.195090 0.000000 0.980785 -0.072000 -0.675000 1 1 1.0
1 -0.400000 3.750000 2.700000 -0.195090 0.000000 0.980785 -0.072000 0.675000 1 1 1.0
1 -0.974025 3.750000 2.585819 -0.195090 0.000000 0.980785 -0.175325 0.675000 1 1 1.0
bag_fabric
1 -0.400000 -3.750000 2.700000 -0.195090 0.000000 0.980785 -0.072000 -0.675000 1 1 1.0
1 -0.974025 3.750000 2.585819 -0.195090 0.000000 0.980785 -0.175325 0.675000 1 1 1.0
1 -0.974025 -3.750000 2.585820 -0.195090 0.000000 0.980785 -0.175325 -0.675000 1 1 1.0
bag_fabric
1 -0.974025 -3.750000 2.585820 -0.555570 0.000000 0.831470 -0.175325 -0.675000 1 1 1.0
1 -0.974025 3.750000 2.585819 -0.555570 0.000000 0.831470 -0.175325 0.675000 1 1 1.0
1 -1.460660 3.750000 2.260660 -0.555570 0.000000 0.831470 -0.262919 0.675000 1 1 1.0
bag_fabric
1 -0.974025 -3.750000 2.585820 -0.555571 0.000000 0.831469 -0.175325 -0.675000 1 1 1.0
1 -1.460660 3.750000 2.260660 -0.555571 0.000000 0.831469 -0.262919 0.675000 1 1 1.0
1 -1.460660 -3.750000 2.260660 -0.555571 0.000000 0.831469 -0.262919 -0.675000 1 1 1.0
bag_fabric
1 -1.460660 -3.750000 2.260660 -0.831470 0.000000 0.555570 -0.675000 0.406919 1 1 1.0
1 -1.460660 3.750000 2.260660 -0.831470 0.000000 0.555570 0.675000 0.406919 1 1 1.0
1 -1.785819 3.750000 1.774025 -0.831470 0.000000 0.555570 0.675000 0.319324 1 1 1.0
bag_fabric
1 -1.460660 -3.750000 2.260660 -0.831470 0.000000 0.555570 -0.675000 0.406919 1 1 1.0
1 -1.785819 3.750000 1.774025 -0.831470 0.000000 0.555570 0.675000 0.319324 1 1 1.0
1 -1.785819 -3.750000 1.774025 -0.831470 0.000000 0.555570 -0.675000 0.319325 1 1 1.0
bag_fabric
1 -1.785819 -3.750000 1.774025 -0.980785 0.000000 0.195090 -0.675000 0.319325 1 1 1.0
1 -1.785819 3.750000 1.774025 -0.980785 0.000000 0.195090 0.675000 0.319324 1 1 1.0
1 -1.900000 3.750000 1.200000 -0.980785 0.000000 0.195090 0.675000 0.216000 1 1 1.0
bag_fabric
1 -1.785819 -3.750000 1.774025 -0.980785 0.000000 0.195090 -0.675000 0.319325 1 1 1.0
1 -1.900000 3.750000 1.200000 -0.980785 0.000000 0.195090 0.675000 0.216000 1 1 1.0
1 -1.900000 -3.750000 1.200000 -0.980785 0.000000 0.195090 -0.675000 0.216000 1 1 1.0
bag_fabric
1 -0.400000 3.750000 2.700000 0.000000 0.195090 0.980785 -0.072000 0.675000 1 1 1.0
1 0.400000 3.750000 2.700000 0.000000 0.195090 0.980785 0.072000 0.675000 1 1 1.0
1 0.400000 4.324025 2.585820 0.000000 0.195090 0.980785 0.072000 0.778325 1 1 1.0
bag_fabric
1 -0.400000 3.750000 2.700000 -0.000001 0.195090 0.980785 -0.072000 0.675000 1 1 1.0
1 0.400000 4.324025 2.585820 -0.000001 0.195090 0.980785 0.072000 0.778325 1 1 1.0
1 -0.400000 4.324025 2.585819 -0.000001 0.195090 0.980785 -0.072000 0.778325 1 1 1.0
bag_fabric
1 -0.400000 4.324025 2.585819 -0.000000 0.555570 0.831470 -0.072000 0.778325 1 1 1.0
1 0.400000 4.324025 2.585820 -0.000000 0.555570 0.831470 0.072000 0.778325 1 1 1.0
1 0.400000 4.810660 2.260661 -0.000000 0.555570 0.831470 0.072000 0.865919 1 1 1.0
bag_fabric
1 -0.400000 4.324025 2.585819 -0.000000 0.555570 0.831470 -0.072000 0.778325 1 1 1.0
1 0.400000 4.810660 2.260661 -0.000000 0.555570 0.831470 0.072000 0.865919 1 1 1.0
1 -0.400000 4.810660 2.260660 -0.000000 0.555570 0.831470 -0.072000 0.865919 1 1 1.0
bag_fabric
1 -0.400000 4.810660 2.260660 -0.000000 0.831470 0.555570 -0.072000 0.406919 1 1 1.0
1 0.400000 4.810660 2.260661 -0.000000 0.831470 0.555570 0.072000 0.406919 1 1 1.0
1 0.400000 5.135819 1.774025 -0.000000 0.831470 0.555570 0.072000 0.319325 1 1 1.0
bag_fabric
1 -0.400000 4.810660 2.260660 -0.000000 0.831470 0.555570 -0.072000 0.406919 1 1 1.0
1 0.400000 5.135819 1.774025 -0.000000 0.831470 0.555570 0.072000 0.319325 1 1 1.0
1 -0.400000 5.135819 1.774025 -0.000000 0.831470 0.555570 -0.072000 0.319325 1 1 1.0
bag_fabric
1 -0.400000 5.135819 1.774025 -0.000000 0.980785 0.195090 -0.072000 0.319325 1 1 1.0
1 0.400000 5.135819 1.774025 -0.000000 0.980785 0.195090 0.072000 0.319325 1 1 1.0
1 0.400000 5.250000 1.200000 -0.000000 0.980785 0.195090 0.072000 0.216000 1 1 1.0
bag_fabric
1 -0.400000 5.135819 1.774025 -0.000000 0.980785 0.195090 -0.072000 0.319325 1 1 1.0
1 0.400000 5.250000 1.200000 -0.000000 0.980785 0.195090 0.072000 0.216000 1 1 1.0
1 -0.400000 5.250000 1.200000 -0.000000 0.980785 0.195090 -0.072000 0.216000 1 1 1.0
bag_fabric
1 0.400000 3.750000 2.700000 0.195090 0.000000 0.980785 0.072000 0.675000 1 1 1.0
1 0.400000 -3.750000 2.700000 0.195090 0.000000 0.980785 0.072000 -0.675000 1 1 1.0
1 0.974025 -3.750000 2.585819 0.195090 0.000000 0.980785 0.175325 -0.675000 1 1 1.0
bag_fabric
1 0.400000 3.750000 2.700000 0.195090 -0.000000 0.980785 0.072000 0.675000 1 1 1.0
1 0.974025 -3.750000 2.585819 0.195090 -0.000000 0.980785 0.175325 -0.675000 1 1 1.0
1 0.974025 3.750000 2.585820 0.195090 -0.000000 0.980785 0.175325 0.675000 1 1 1.0
bag_fabric
1 0.974025 3.750000 2.585820 0.555570 -0.000000 0.831470 0.175325 0.675000 1 1 1.0
1 0.974025 -3.750000 2.585819 0.555570 -0.000000 0.831470 0.175325 -0.675000 1 1 1.0
1 1.460660 -3.750000 2.260660 0.555570 -0.000000 0.831470 0.262919 -0.675000 1 1 1.0
bag_fabric
1 0.974025 3.750000 2.585820 0.555571 0.000000 0.831469 0.175325 0.675000 1 1 1.0
1 1.460660 -3.750000 2.260660 0.555571 0.000000 0.831469 0.262919 -0.675000 1 1 1.0
1 1.460660 3.750000 2.260660 0.555571 0.000000 0.831469 0.262919 0.675000 1 1 1.0
bag_fabric
1 1.460660 3.750000 2.260660 0.831470 0.000000 0.555570 0.675000 0.406919 1 1 1.0
1 1.460660 -3.750000 2.260660 0.831470 0.000000 0.555570 -0.675000 0.406919 1 1 1.0
1 1.785819 -3.750000 1.774025 0.831470 0.000000 0.555570 -0.675000 0.319324 1 1 1.0
bag_fabric
1 1.460660 3.750000 2.260660 0.831470 -0.000000 0.555570 0.675000 0.406919 1 1 1.0
1 1.785819 -3.750000 1.774025 0.831470 -0.000000 0.555570 -0.675000 0.319324 1 1 1.0
1 1.785819 3.750000 1.774025 0.831470 -0.000000 0.555570 0.675000 0.319325 1 1 1.0
bag_fabric
1 1.785819 3.750000 1.774025 0.980785 -0.000000 0.195091 0.675000 0.319325 1 1 1.0
1 1.785819 -3.750000 1.774025 0.980785 -0.000000 0.195091 -0.675000 0.319324 1 1 1.0
1 1.900000 -3.750000 1.200000 0.980785 -0.000000 0.195091 -0.675000 0.216000 1 1 1.0
bag_fabric
1 1.785819 3.750000 1.774025 0.980785 -0.000000 0.195090 0.675000 0.319325 1 1 1.0
1 1.900000 -3.750000 1.200000 0.980785 -0.000000 0.195090 -0.675000 0.216000 1 1 1.0
1 1.900000 3.750000 1.200000 0.980785 -0.000000 0.195090 0.675000 0.216000 1 1 1.0
bag_fabric
1 0.400000 -3.750000 2.700000 0.000000 -0.195090 0.980785 0.072000 -0.675000 1 1 1.0
1 -0.400000 -3.750000 2.700000 0.000000 -0.195090 0.980785 -0.072000 -0.675000 1 1 1.0
1 -0.400000 -4.324025 2.585820 0.000000 -0.195090 0.980785 -0.072000 -0.778325 1 1 1.0
bag_fabric
1 0.400000 -3.750000 2.700000 0.000001 -0.195090 0.980785 0.072000 -0.675000 1 1 1.0
1 -0.400000 -4.324025 2.585820 0.000001 -0.195090 0.980785 -0.072000 -0.778325 1 1 1.0
1 0.400000 -4.324025 2.585819 0.000001 -0.195090 0.980785 0.072000 -0.778325 1 1 1.0
bag_fabric
1 0.400000 -4.324025 2.585819 0.000000 -0.555570 0.831470 0.072000 -0.778325 1 1 1.0
1 -0.400000 -4.324025 2.585820 0.000000 -0.555570 0.831470 -0.072000 -0.778325 1 1 1.0
1 -0.400000 -4.810660 2.260661 0.000000 -0.555570 0.831470 -0.072000 -0.865919 1 1 1.0
bag_fabric
1 0.400000 -4.324025 2.585819 0.000000 -0.555570 0.831470 0.072000 -0.778325 1 1 1.0
1 -0.400000 -4.810660 2.260661 0.000000 -0.555570 0.831470 -0.072000 -0.865919 1 1 1.0
1 0.400000 -4.810660 2.260660 0.000000 -0.555570 0.831470 0.072000 -0.865919 1 1 1.0
bag_fabric
1 0.400000 -4.810660 2.260660 0.000000 -0.831470 0.555570 0.072000 0.406919 1 1 1.0
1 -0.400000 -4.810660 2.260661 0.000000 -0.831470 0.555570 -0.072000 0.406919 1 1 1.0
1 -0.400000 -5.135819 1.774025 0.000000 -0.831470 0.555570 -0.072000 0.319325 1 1 1.0
bag_fabric
1 0.400000 -4.810660 2.260660 0.000000 -0.831470 0.555570 0.072000 0.406919 1 1 1.0
1 -0.400000 -5.135819 1.774025 0.000000 -0.831470 0.555570 -0.072000 0.319325 1 1 1.0
1 0.400000 -5.135819 1.774025 0.000000 -0.831470 0.555570 0.072000 0.319325 1 1 1.0
bag_fabric
1 0.400000 -5.135819 1.774025 0.000000 -0.980785 0.195090 0.072000 0.319325 1 1 1.0
1 -0.400000 -5.135819 1.774025 0.000000 -0.980785 0.195090 -0.072000 0.319325 1 1 1.0
1 -0.400000 -5.250000 1.200000 0.000000 -0.980785 0.195090 -0.072000 0.216000 1 1 1.0
bag_fabric
1 0.400000 -5.135819 1.774025 0.000000 -0.980785 0.195090 0.072000 0.319325 1 1 1.0
1 -0.400000 -5.250000 1.200000 0.000000 -0.980785 0.195090 -0.072000 0.216000 1 1 1.0
1 0.400000 -5.250000 1.200000 0.000000 -0.980785 0.195090 0.072000 0.216000 1 1 1.0
bag_fabric
1 -1.900000 -3.750000 0.900000 -1.000000 0.000000 0.000000 -0.675000 0.162000 1 1 1.0
1 -1.900000 -3.750000 1.200000 -1.000000 0.000000 0.000000 -0.675000 0.216000 1 1 1.0
1 -1.900000 3.750000 1.200000 -1.000000 0.000000 0.000000 0.675000 0.216000 1 1 1.0
bag_fabric
1 -1.900000 -3.750000 0.900000 -1.000000 0.000000 0.000000 -0.675000 0.162000 1 1 1.0
1 -1.900000 3.750000 1.200000 -1.000000 0.000000 0.000000 0.675000 0.216000 1 1 1.0
1 -1.900000 3.750000 0.900000 -1.000000 0.000000 0.000000 0.675000 0.162000 1 1 1.0
bag_fabric
1 0.400000 -5.250000 0.900000 0.000000 -1.000000 0.000000 0.072000 0.162000 1 1 1.0
1 0.400000 -5.250000 1.200000 0.000000 -1.000000 0.000000 0.072000 0.216000 1 1 1.0
1 -0.400000 -5.250000 1.200000 0.000000 -1.000000 0.000000 -0.072000 0.216000 1 1 1.0
bag_fabric
1 0.400000 -5.250000 0.900000 0.000000 -1.000000 0.000000 0.072000 0.162000 1 1 1.0
1 -0.400000 -5.250000 1.200000 0.000000 -1.000000 0.000000 -0.072000 0.216000 1 1 1.0
1 -0.400000 -5.250000 0.900000 0.000000 -1.000000 0.000000 -0.072000 0.162000 1 1 1.0
bag_fabric
1 0.400000 3.750000 2.700000 0.000000 0.000000 1.000000 0.072000 0.675000 1 1 1.0
1 -0.400000 3.750000 2.700000 0.000000 0.000000 1.000000 -0.072000 0.675000 1 1 1.0
1 -0.400000 -3.750000 2.700000 0.000000 0.000000 1.000000 -0.072000 -0.675000 1 1 1.0
bag_fabric
1 0.400000 3.750000 2.700000 0.000000 0.000000 1.000000 0.072000 0.675000 1 1 1.0
1 -0.400000 -3.750000 2.700000 0.000000 0.000000 1.000000 -0.072000 -0.675000 1 1 1.0
1 0.400000 -3.750000 2.700000 0.000000 0.000000 1.000000 0.072000 -0.675000 1 1 1.0
bag_fabric
1 -0.400000 5.250000 0.900000 0.000000 1.000000 0.000000 -0.072000 0.162000 1 1 1.0
1 -0.400000 5.250000 1.200000 0.000000 1.000000 0.000000 -0.072000 0.216000 1 1 1.0
1 0.400000 5.250000 1.200000 0.000000 1.000000 0.000000 0.072000 0.216000 1 1 1.0
bag_fabric
1 -0.400000 5.250000 0.900000 0.000000 1.000000 0.000000 -0.072000 0.162000 1 1 1.0
1 0.400000 5.250000 1.200000 0.000000 1.000000 0.000000 0.072000 0.216000 1 1 1.0
1 0.400000 5.250000 0.900000 0.000000 1.000000 0.000000 0.072000 0.162000 1 1 1.0
bag_fabric
1 1.900000 3.750000 0.900000 1.000000 0.000000 0.000000 0.675000 0.162000 1 1 1.0
1 1.900000 3.750000 1.200000 1.000000 0.000000 0.000000 0.675000 0.216000 1 1 1.0
1 1.900000 -3.750000 1.200000 1.000000 0.000000 0.000000 -0.675000 0.216000 1 1 1.0
bag_fabric
1 1.900000 3.750000 0.900000 1.000000 0.000000 0.000000 0.675000 0.162000 1 1 1.0
1 1.900000 -3.750000 1.200000 1.000000 0.000000 0.000000 -0.675000 0.216000 1 1 1.0
1 1.900000 -3.750000 0.900000 1.000000 0.000000 0.000000 -0.675000 0.162000 1 1 1.0
bag_fabric
1 1.785819 4.324025 1.200000 0.831470 0.555570 0.000000 0.778325 0.216000 1 1 1.0
1 1.785819 4.324025 0.900000 0.831470 0.555570 0.000000 0.778325 0.162000 1 1 1.0
1 1.460660 4.810660 0.900000 0.831470 0.555570 0.000000 0.865919 0.162000 1 1 1.0
bag_fabric
1 1.785819 4.324025 1.200000 0.831470 0.555570 0.000000 0.778325 0.216000 1 1 1.0
1 1.460660 4.810660 0.900000 0.831470 0.555570 0.000000 0.865919 0.162000 1 1 1.0
1 1.460660 4.810660 1.200000 0.831470 0.555570 0.000000 0.865919 0.216000 1 1 1.0
bag_fabric
1 1.900000 3.750000 1.200000 0.980785 0.195090 0.000000 0.675000 0.216000 1 1 1.0
1 1.900000 3.750000 0.900000 0.980785 0.195090 0.000000 0.675000 0.162000 1 1 1.0
1 1.785819 4.324025 0.900000 0.980785 0.195090 0.000000 0.778325 0.162000 1 1 1.0
bag_fabric
1 1.900000 3.750000 1.200000 0.980785 0.195090 0.000000 0.675000 0.216000 1 1 1.0
1 1.785819 4.324025 0.900000 0.980785 0.195090 0.000000 0.778325 0.162000 1 1 1.0
1 1.785819 4.324025 1.200000 0.980785 0.195090 0.000000 0.778325 0.216000 1 1 1.0
bag_fabric
1 -1.785819 4.324025 1.200000 -0.980785 0.195090 0.000000 0.778325 0.216000 1 1 1.0
1 -1.785819 4.324025 0.900000 -0.980785 0.195090 0.000000 0.778325 0.162000 1 1 1.0
1 -1.900000 3.750000 0.900000 -0.980785 0.195090 0.000000 0.675000 0.162000 1 1 1.0
bag_fabric
1 -1.785819 4.324025 1.200000 -0.980785 0.195090 0.000000 0.778325 0.216000 1 1 1.0
1 -1.900000 3.750000 0.900000 -0.980785 0.195090 0.000000 0.675000 0.162000 1 1 1.0
1 -1.900000 3.750000 1.200000 -0.980785 0.195090 0.000000 0.675000 0.216000 1 1 1.0
bag_fabric
1 -1.460660 4.810660 1.200000 -0.831470 0.555570 0.000000 0.865919 0.216000 1 1 1.0
1 -1.460660 4.810660 0.900000 -0.831470 0.555570 0.000000 0.865919 0.162000 1 1 1.0
1 -1.785819 4.324025 0.900000 -0.831470 0.555570 0.000000 0.778325 0.162000 1 1 1.0
bag_fabric
1 -1.460660 4.810660 1.200000 -0.831470 0.555570 0.000000 0.865919 0.216000 1 1 1.0
1 -1.785819 4.324025 0.900000 -0.831470 0.555570 0.000000 0.778325 0.162000 1 1 1.0
1 -1.785819 4.324025 1.200000 -0.831470 0.555570 0.000000 0.778325 0.216000 1 1 1.0
bag_fabric
1 -0.974025 5.135819 1.200000 -0.555570 0.831470 0.000000 -0.175325 0.216000 1 1 1.0
1 -0.974025 5.135819 0.900000 -0.555570 0.831470 0.000000 -0.175325 0.162000 1 1 1.0
1 -1.460660 4.810660 0.900000 -0.555570 0.831470 0.000000 -0.262919 0.162000 1 1 1.0
bag_fabric
1 -0.974025 5.135819 1.200000 -0.555570 0.831470 0.000000 -0.175325 0.216000 1 1 1.0
1 -1.460660 4.810660 0.900000 -0.555570 0.831470 0.000000 -0.262919 0.162000 1 1 1.0
1 -1.460660 4.810660 1.200000 -0.555570 0.831470 0.000000 -0.262919 0.216000 1 1 1.0
bag_fabric
1 -0.400000 5.250000 1.200000 -0.195090 0.980785 0.000000 -0.072000 0.216000 1 1 1.0
1 -0.400000 5.250000 0.900000 -0.195090 0.980785 0.000000 -0.072000 0.162000 1 1 1.0
1 -0.974025 5.135819 0.900000 -0.195090 0.980785 0.000000 -0.175325 0.162000 1 1 1.0
bag_fabric
1 -0.400000 5.250000 1.200000 -0.195090 0.980785 0.000000 -0.072000 0.216000 1 1 1.0
1 -0.974025 5.135819 0.900000 -0.195090 0.980785 0.000000 -0.175325 0.162000 1 1 1.0
1 -0.974025 5.135819 1.200000 -0.195090 0.980785 0.000000 -0.175325 0.216000 1 1 1.0
bag_metal
2 1.750000 2.920000 0.780000 -0.281746 -0.367181 -0.886452 0.315000 0.525600 1 2 1.0
2 1.750000 2.835147 0.815147 -0.281746 -0.367181 -0.886452 0.315000 0.510326 1 2 1.0
2 1.680718 2.850718 0.830718 -0.281746 -0.367181 -0.886452 0.302529 0.513129 1 2 1.0
bag_metal
2 1.750000 2.920000 0.780000 -0.367180 -0.281747 -0.886452 0.315000 0.525600 1 2 1.0
2 1.680718 2.850718 0.830718 -0.367180 -0.281747 -0.886452 0.302529 0.513129 1 2 1.0
2 1.665147 2.920000 0.815147 -0.367180 -0.281747 -0.886452 0.299726 0.525600 1 2 1.0
bag_metal
2 1.750000 2.800000 0.900000 -0.367179 -0.886453 -0.281745 0.315000 0.162000 1 2 1.0
2 1.665147 2.835147 0.900000 -0.367179 -0.886453 -0.281745 0.299726 0.162000 1 2 1.0
2 1.680718 2.850718 0.830718 -0.367179 -0.886453 -0.281745 0.302529 0.149529 1 2 1.0
bag_metal
2 1.750000 2.800000 0.900000 -0.281745 -0.886453 -0.367179 0.315000 0.162000 1 2 1.0
2 1.680718 2.850718 0.830718 -0.281745 -0.886453 -0.367179 0.302529 0.149529 1 2 1.0
2 1.750000 2.835147 0.815147 -0.281745 -0.886453 -0.367179 0.315000 0.146727 1 2 1.0
bag_metal
2 1.630000 2.920000 0.900000 -0.886452 -0.281747 -0.367180 0.525600 0.162000 1 2 1.0
2 1.665147 2.920000 0.815147 -0.886452 -0.281747 -0.367180 0.525600 0.146727 1 2 1.0
2 1.680718 2.850718 0.830718 -0.886452 -0.281747 -0.367180 0.513129 0.149529 1 2 1.0
bag_metal
2 1.630000 2.920000 0.900000 -0.886452 -0.367180 -0.281746 0.525600 0.162000 1 2 1.0
2 1.680718 2.850718 0.830718 -0.886452 -0.367180 -0.281746 0.513129 0.149529 1 2 1.0
2 1.665147 2.835147 0.900000 -0.886452 -0.367180 -0.281746 0.510326 0.162000 1 2 1.0
bag_metal
2 1.750000 2.800000 1.060000 -0.281745 -0.886453 0.367179 0.315000 0.190800 1 2 1.0
2 1.750000 2.835147 1.144853 -0.281745 -0.886453 0.367179 0.315000 0.206074 1 2 1.0
2 1.680718 2.850718 1.129282 -0.281745 -0.886453 0.367179 0.302529 0.203271 1 2 1.0
bag_metal
2 1.750000 2.800000 1.060000 -0.367179 -0.886453 0.281745 0.315000 0.190800 1 2 1.0
2 1.680718 2.850718 1.129282 -0.367179 -0.886453 0.281745 0.302529 0.203271 1 2 1.0
2 1.665147 2.835147 1.060000 -0.367179 -0.886453 0.281745 0.299726 0.190800 1 2 1.0
bag_metal
2 1.750000 2.920000 1.180000 -0.367180 -0.281747 0.886452 0.315000 0.525600 1 2 1.0
2 1.665147 2.920000 1.144853 -0.367180 -0.281747 0.886452 0.299726 0.525600 1 2 1.0
2 1.680718 2.850718 1.129282 -0.367180 -0.281747 0.886452 0.302529 0.513129 1 2 1.0
bag_metal
2 1.750000 2.920000 1.180000 -0.281746 -0.367180 0.886452 0.315000 0.525600 1 2 1.0
2 1.680718 2.850718 1.129282 -0.281746 -0.367180 0.886452 0.302529 0.513129 1 2 1.0
2 1.750000 2.835147 1.144853 -0.281746 -0.367180 0.886452 0.315000 0.510326 1 2 1.0
bag_metal
2 1.630000 2.920000 1.060000 -0.886452 -0.367180 0.281746 0.525600 0.190800 1 2 1.0
2 1.665147 2.835147 1.060000 -0.886452 -0.367180 0.281746 0.510326 0.190800 1 2 1.0
2 1.680718 2.850718 1.129282 -0.886452 -0.367180 0.281746 0.513129 0.203271 1 2 1.0
bag_metal
2 1.630000 2.920000 1.060000 -0.886452 -0.281747 0.367180 0.525600 0.190800 1 2 1.0
2 1.680718 2.850718 1.129282 -0.886452 -0.281747 0.367180 0.513129 0.203271 1 2 1.0
2 1.665147 2.920000 1.144853 -0.886452 -0.281747 0.367180 0.525600 0.206074 1 2 1.0
bag_metal
2 1.750000 3.580000 0.780000 -0.367180 0.281747 -0.886452 0.315000 0.644400 1 2 1.0
2 1.665147 3.580000 0.815147 -0.367180 0.281747 -0.886452 0.299726 0.644400 1 2 1.0
2 1.680718 3.649282 0.830718 -0.367180 0.281747 -0.886452 0.302529 0.656871 1 2 1.0
bag_metal
2 1.750000 3.580000 0.780000 -0.281746 0.367181 -0.886452 0.315000 0.644400 1 2 1.0
2 1.680718 3.649282 0.830718 -0.281746 0.367181 -0.886452 0.302529 0.656871 1 2 1.0
2 1.750000 3.664853 0.815147 -0.281746 0.367181 -0.886452 0.315000 0.659674 1 2 1.0
bag_metal
2 1.630000 3.580000 0.900000 -0.886452 0.367180 -0.281746 0.644400 0.162000 1 2 1.0
2 1.665147 3.664853 0.900000 -0.886452 0.367180 -0.281746 0.659674 0.162000 1 2 1.0
2 1.680718 3.649282 0.830718 -0.886452 0.367180 -0.281746 0.656871 0.149529 1 2 1.0
bag_metal
2 1.630000 3.580000 0.900000 -0.886452 0.281747 -0.367180 0.644400 0.162000 1 2 1.0
2 1.680718 3.649282 0.830718 -0.886452 0.281747 -0.367180 0.656871 0.149529 1 2 1.0
2 1.665147 3.580000 0.815147 -0.886452 0.281747 -0.367180 0.644400 0.146727 1 2 1.0
bag_metal
2 1.750000 3.700000 0.900000 -0.281745 0.886453 -0.367179 0.315000 0.162000 1 2 1.0
2 1.750000 3.664853 0.815147 -0.281745 0.886453 -0.367179 0.315000 0.146727 1 2 1.0
2 1.680718 3.649282 0.830718 -0.281745 0.886453 -0.367179 0.302529 0.149529 1 2 1.0
bag_metal
2 1.750000 3.700000 0.900000 -0.367179 0.886453 -0.281745 0.315000 0.162000 1 2 1.0
2 1.680718 3.649282 0.830718 -0.367179 0.886453 -0.281745 0.302529 0.149529 1 2 1.0
2 1.665147 3.664853 0.900000 -0.367179 0.886453 -0.281745 0.299726 0.162000 1 2 1.0
bag_metal
2 1.750000 3.580000 1.180000 -0.281746 0.367180 0.886452 0.315000 0.644400 1 2 1.0
2 1.750000 3.664853 1.144853 -0.281746 0.367180 0.886452 0.315000 0.659674 1 2 1.0
2 1.680718 3.649282 1.129282 -0.281746 0.367180 0.886452 0.302529 0.656871 1 2 1.0
bag_metal
2 1.750000 3.580000 1.180000 -0.367180 0.281747 0.886452 0.315000 0.644400 1 2 1.0
2 1.680718 3.649282 1.129282 -0.367180 0.281747 0.886452 0.302529 0.656871 1 2 1.0
2 1.665147 3.580000 1.144853 -0.367180 0.281747 0.886452 0.299726 0.644400 1 2 1.0
bag_metal
2 1.750000 3.700000 1.060000 -0.367179 0.886453 0.281745 0.315000 0.190800 1 2 1.0
2 1.665147 3.664853 1.060000 -0.367179 0.886453 0.281745 0.299726 0.190800 1 2 1.0
2 1.680718 3.649282 1.129282 -0.367179 0.886453 0.281745 0.302529 0.203271 1 2 1.0
bag_metal
2 1.750000 3.700000 1.060000 -0.281745 0.886453 0.367179 0.315000 0.190800 1 2 1.0
2 1.680718 3.649282 1.129282 -0.281745 0.886453 0.367179 0.302529 0.203271 1 2 1.0
2 1.750000 3.664853 1.144853 -0.281745 0.886453 0.367179 0.315000 0.206074 1 2 1.0
bag_metal
2 1.630000 3.580000 1.060000 -0.886452 0.281747 0.367180 0.644400 0.190800 1 2 1.0
2 1.665147 3.580000 1.144853 -0.886452 0.281747 0.367180 0.644400 0.206074 1 2 1.0
2 1.680718 3.649282 1.129282 -0.886452 0.281747 0.367180 0.656871 0.203271 1 2 1.0
bag_metal
2 1.630000 3.580000 1.060000 -0.886452 0.367180 0.281746 0.644400 0.190800 1 2 1.0
2 1.680718 3.649282 1.129282 -0.886452 0.367180 0.281746 0.656871 0.203271 1 2 1.0
2 1.665147 3.664853 1.060000 -0.886452 0.367180 0.281746 0.659674 0.190800 1 2 1.0
bag_metal
2 2.210000 2.920000 0.780000 0.367181 -0.281746 -0.886452 0.397800 0.525600 1 2 1.0
2 2.294853 2.920000 0.815147 0.367181 -0.281746 -0.886452 0.413073 0.525600 1 2 1.0
2 2.279282 2.850718 0.830718 0.367181 -0.281746 -0.886452 0.410271 0.513129 1 2 1.0
bag_metal
2 2.210000 2.920000 0.780000 0.281746 -0.367181 -0.886452 0.397800 0.525600 1 2 1.0
2 2.279282 2.850718 0.830718 0.281746 -0.367181 -0.886452 0.410271 0.513129 1 2 1.0
2 2.210000 2.835147 0.815147 0.281746 -0.367181 -0.886452 0.397800 0.510326 1 2 1.0
bag_metal
2 2.330000 2.920000 0.900000 0.886453 -0.367180 -0.281745 0.525600 0.162000 1 2 1.0
2 2.294853 2.835147 0.900000 0.886453 -0.367180 -0.281745 0.510326 0.162000 1 2 1.0
2 2.279282 2.850718 0.830718 0.886453 -0.367180 -0.281745 0.513129 0.149529 1 2 1.0
bag_metal
2 2.330000 2.920000 0.900000 0.886453 -0.281746 -0.367180 0.525600 0.162000 1 2 1.0
2 2.279282 2.850718 0.830718 0.886453 -0.281746 -0.367180 0.513129 0.149529 1 2 1.0
2 2.294853 2.920000 0.815147 0.886453 -0.281746 -0.367180 0.525600 0.146727 1 2 1.0
bag_metal
2 2.210000 2.800000 0.900000 0.281745 -0.886453 -0.367179 0.397800 0.162000 1 2 1.0
2 2.210000 2.835147 0.815147 0.281745 -0.886453 -0.367179 0.397800 0.146727 1 2 1.0
2 2.279282 2.850718 0.830718 0.281745 -0.886453 -0.367179 0.410271 0.149529 1 2 1.0
bag_metal
2 2.210000 2.800000 0.900000 0.367179 -0.886453 -0.281745 0.397800 0.162000 1 2 1.0
2 2.279282 2.850718 0.830718 0.367179 -0.886453 -0.281745 0.410271 0.149529 1 2 1.0
2 2.294853 2.835147 0.900000 0.367179 -0.886453 -0.281745 0.413073 0.162000 1 2 1.0
bag_metal
2 2.210000 2.920000 1.180000 0.281746 -0.367180 0.886452 0.397800 0.525600 1 2 1.0
2 2.210000 2.835147 1.144853 0.281746 -0.367180 0.886452 0.397800 0.510326 1 2 1.0
2 2.279282 2.850718 1.129282 0.281746 -0.367180 0.886452 0.410271 0.513129 1 2 1.0
bag_metal
2 2.210000 2.920000 1.180000 0.367180 -0.281746 0.886452 0.397800 0.525600 1 2 1.0
2 2.279282 2.850718 1.129282 0.367180 -0.281746 0.886452 0.410271 0.513129 1 2 1.0
2 2.294853 2.920000 1.144853 0.367180 -0.281746 0.886452 0.413073 0.525600 1 2 1.0
bag_metal
2 2.210000 2.800000 1.060000 0.367179 -0.886453 0.281745 0.397800 0.190800 1 2 1.0
2 2.294853 2.835147 1.060000 0.367179 -0.886453 0.281745 0.413073 0.190800 1 2 1.0
2 2.279282 2.850718 1.129282 0.367179 -0.886453 0.281745 0.410271 0.203271 1 2 1.0
bag_metal
2 2.210000 2.800000 1.060000 0.281745 -0.886453 0.367179 0.397800 0.190800 1 2 1.0
2 2.279282 2.850718 1.129282 0.281745 -0.886453 0.367179 0.410271 0.203271 1 2 1.0
2 2.210000 2.835147 1.144853 0.281745 -0.886453 0.367179 0.397800 0.206074 1 2 1.0
bag_metal
2 2.330000 2.920000 1.060000 0.886453 -0.281745 0.367180 0.525600 0.190800 1 2 1.0
2 2.294853 2.920000 1.144853 0.886453 -0.281745 0.367180 0.525600 0.206074 1 2 1.0
2 2.279282 2.850718 1.129282 0.886453 -0.281745 0.367180 0.513129 0.203271 1 2 1.0
bag_metal
2 2.330000 2.920000 1.060000 0.886453 -0.367180 0.281745 0.525600 0.190800 1 2 1.0
2 2.279282 2.850718 1.129282 0.886453 -0.367180 0.281745 0.513129 0.203271 1 2 1.0
2 2.294853 2.835147 1.060000 0.886453 -0.367180 0.281745 0.510326 0.190800 1 2 1.0
bag_metal
2 2.210000 3.580000 0.780000 0.281746 0.367181 -0.886452 0.397800 0.644400 1 2 1.0
2 2.210000 3.664853 0.815147 0.281746 0.367181 -0.886452 0.397800 0.659674 1 2 1.0
2 2.279282 3.649282 0.830718 0.281746 0.367181 -0.886452 0.410271 0.656871 1 2 1.0
bag_metal
2 2.210000 3.580000 0.780000 0.367181 0.281746 -0.886452 0.397800 0.644400 1 2 1.0
2 2.279282 3.649282 0.830718 0.367181 0.281746 -0.886452 0.410271 0.656871 1 2 1.0
2 2.294853 3.580000 0.815147 0.367181 0.281746 -0.886452 0.413073 0.644400 1 2 1.0
bag_metal
2 2.210000 3.700000 0.900000 0.367179 0.886453 -0.281745 0.397800 0.162000 1 2 1.0
2 2.294853 3.664853 0.900000 0.367179 0.886453 -0.281745 0.413073 0.162000 1 2 1.0
2 2.279282 3.649282 0.830718 0.367179 0.886453 -0.281745 0.410271 0.149529 1 2 1.0
bag_metal
2 2.210000 3.700000 0.900000 0.281745 0.886453 -0.367179 0.397800 0.162000 1 2 1.0
2 2.279282 3.649282 0.830718 0.281745 0.886453 -0.367179 0.410271 0.149529 1 2 1.0
2 2.210000 3.664853 0.815147 0.281745 0.886453 -0.367179 0.397800 0.146727 1 2 1.0
bag_metal
2 2.330000 3.580000 0.900000 0.886453 0.281746 -0.367180 0.644400 0.162000 1 2 1.0
2 2.294853 3.580000 0.815147 0.886453 0.281746 -0.367180 0.644400 0.146727 1 2 1.0
2 2.279282 3.649282 0.830718 0.886453 0.281746 -0.367180 0.656871 0.149529 1 2 1.0
bag_metal
2 2.330000 3.580000 0.900000 0.886453 0.367180 -0.281745 0.644400 0.162000 1 2 1.0
2 2.279282 3.649282 0.830718 0.886453 0.367180 -0.281745 0.656871 0.149529 1 2 1.0
2 2.294853 3.664853 0.900000 0.886453 0.367180 -0.281745 0.659674 0.162000 1 2 1.0
bag_metal
2 2.210000 3.580000 1.180000 0.367180 0.281746 0.886452 0.397800 0.644400 1 2 1.0
2 2.294853 3.580000 1.144853 0.367180 0.281746 0.886452 0.413073 0.644400 1 2 1.0
2 2.279282 3.649282 1.129282 0.367180 0.281746 0.886452 0.410271 0.656871 1 2 1.0
bag_metal
2 2.210000 3.580000 1.180000 0.281746 0.367180 0.886452 0.397800 0.644400 1 2 1.0
2 2.279282 3.649282 1.129282 0.281746 0.367180 0.886452 0.410271 0.656871 1 2 1.0
2 2.210000 3.664853 1.144853 0.281746 0.367180 0.886452 0.397800 0.659674 1 2 1.0
bag_metal
2 2.330000 3.580000 1.060000 0.886453 0.367180 0.281745 0.644400 0.190800 1 2 1.0
2 2.294853 3.664853 1.060000 0.886453 0.367180 0.281745 0.659674 0.190800 1 2 1.0
2 2.279282 3.649282 1.129282 0.886453 0.367180 0.281745 0.656871 0.203271 1 2 1.0
bag_metal
2 2.330000 3.580000 1.060000 0.886453 0.281745 0.367180 0.644400 0.190800 1 2 1.0
2 2.279282 3.649282 1.129282 0.886453 0.281745 0.367180 0.656871 0.203271 1 2 1.0
2 2.294853 3.580000 1.144853 0.886453 0.281745 0.367180 0.644400 0.206074 1 2 1.0
bag_metal
2 2.210000 3.700000 1.060000 0.281745 0.886453 0.367179 0.397800 0.190800 1 2 1.0
2 2.210000 3.664853 1.144853 0.281745 0.886453 0.367179 0.397800 0.206074 1 2 1.0
2 2.279282 3.649282 1.129282 0.281745 0.886453 0.367179 0.410271 0.203271 1 2 1.0
bag_metal
2 2.210000 3.700000 1.060000 0.367179 0.886453 0.281745 0.397800 0.190800 1 2 1.0
2 2.279282 3.649282 1.129282 0.367179 0.886453 0.281745 0.410271 0.203271 1 2 1.0
2 2.294853 3.664853 1.060000 0.367179 0.886453 0.281745 0.413073 0.190800 1 2 1.0
bag_metal
2 1.750000 3.580000 0.780000 -0.382684 0.000000 -0.923879 0.315000 0.644400 1 2 1.0
2 1.750000 2.920000 0.780000 -0.382684 0.000000 -0.923879 0.315000 0.525600 1 2 1.0
2 1.665147 2.920000 0.815147 -0.382684 0.000000 -0.923879 0.299726 0.525600 1 2 1.0
bag_metal
2 1.750000 3.580000 0.780000 -0.382684 0.000000 -0.923879 0.315000 0.644400 1 2 1.0
2 1.665147 2.920000 0.815147 -0.382684 0.000000 -0.923879 0.299726 0.525600 1 2 1.0
2 1.665147 3.580000 0.815147 -0.382684 0.000000 -0.923879 0.299726 0.644400 1 2 1.0
bag_metal
2 1.665147 3.580000 0.815147 -0.923879 0.000000 -0.382684 0.644400 0.146727 1 2 1.0
2 1.665147 2.920000 0.815147 -0.923879 0.000000 -0.382684 0.525600 0.146727 1 2 1.0
2 1.630000 2.920000 0.900000 -0.923879 0.000000 -0.382684 0.525600 0.162000 1 2 1.0
bag_metal
2 1.665147 3.580000 0.815147 -0.923879 0.000000 -0.382684 0.644400 0.146727 1 2 1.0
2 1.630000 2.920000 0.900000 -0.923879 0.000000 -0.382684 0.525600 0.162000 1 2 1.0
2 1.630000 3.580000 0.900000 -0.923879 0.000000 -0.382684 0.644400 0.162000 1 2 1.0
bag_metal
2 1.750000 2.800000 0.900000 -0.382681 -0.923880 0.000000 0.315000 0.162000 1 2 1.0
2 1.750000 2.800000 1.060000 -0.382681 -0.923880 0.000000 0.315000 0.190800 1 2 1.0
2 1.665147 2.835147 1.060000 -0.382681 -0.923880 0.000000 0.299726 0.190800 1 2 1.0
bag_metal
2 1.750000 2.800000 0.900000 -0.382681 -0.923880 0.000000 0.315000 0.162000 1 2 1.0
2 1.665147 2.835147 1.060000 -0.382681 -0.923880 0.000000 0.299726 0.190800 1 2 1.0
2 1.665147 2.835147 0.900000 -0.382681 -0.923880 0.000000 0.299726 0.162000 1 2 1.0
bag_metal
2 1.665147 2.835147 0.900000 -0.923880 -0.382683 0.000000 0.510326 0.162000 1 2 1.0
2 1.665147 2.835147 1.060000 -0.923880 -0.382683 0.000000 0.510326 0.190800 1 2 1.0
2 1.630000 2.920000 1.060000 -0.923880 -0.382683 0.000000 0.525600 0.190800 1 2 1.0
bag_metal
2 1.665147 2.835147 0.900000 -0.923880 -0.382683 0.000000 0.510326 0.162000 1 2 1.0
2 1.630000 2.920000 1.060000 -0.923880 -0.382683 0.000000 0.525600 0.190800 1 2 1.0
2 1.630000 2.920000 0.900000 -0.923880 -0.382683 0.000000 0.525600 0.162000 1 2 1.0
bag_metal
2 1.750000 2.920000 1.180000 -0.382683 0.000000 0.923880 0.315000 0.525600 1 2 1.0
2 1.750000 3.580000 1.180000 -0.382683 0.000000 0.923880 0.315000 0.644400 1 2 1.0
2 1.665147 3.580000 1.144853 -0.382683 0.000000 0.923880 0.299726 0.644400 1 2 1.0
bag_metal
2 1.750000 2.920000 1.180000 -0.382683 0.000000 0.923880 0.315000 0.525600 1 2 1.0
2 1.665147 3.580000 1.144853 -0.382683 0.000000 0.923880 0.299726 0.644400 1 2 1.0
2 1.665147 2.920000 1.144853 -0.382683 0.000000 0.923880 0.299726 0.525600 1 2 1.0
bag_metal
2 1.665147 2.920000 1.144853 -0.923880 0.000000 0.382683 0.525600 0.206074 1 2 1.0
2 1.665147 3.580000 1.144853 -0.923880 0.000000 0.382683 0.644400 0.206074 1 2 1.0
2 1.630000 3.580000 1.060000 -0.923880 0.000000 0.382683 0.644400 0.190800 1 2 1.0
bag_metal
2 1.665147 2.920000 1.144853 -0.923880 0.000000 0.382683 0.525600 0.206074 1 2 1.0
2 1.630000 3.580000 1.060000 -0.923880 0.000000 0.382683 0.644400 0.190800 1 2 1.0
2 1.630000 2.920000 1.060000 -0.923880 0.000000 0.382683 0.525600 0.190800 1 2 1.0
bag_metal
2 1.750000 3.700000 1.060000 -0.382681 0.923880 0.000000 0.315000 0.190800 1 2 1.0
2 1.750000 3.700000 0.900000 -0.382681 0.923880 0.000000 0.315000 0.162000 1 2 1.0
2 1.665147 3.664853 0.900000 -0.382681 0.923880 0.000000 0.299726 0.162000 1 2 1.0
bag_metal
2 1.750000 3.700000 1.060000 -0.382681 0.923880 0.000000 0.315000 0.190800 1 2 1.0
2 1.665147 3.664853 0.900000 -0.382681 0.923880 0.000000 0.299726 0.162000 1 2 1.0
2 1.665147 3.664853 1.060000 -0.382681 0.923880 0.000000 0.299726 0.190800 1 2 1.0
bag_metal
2 1.665147 3.664853 1.060000 -0.923880 0.382683 0.000000 0.659674 0.190800 1 2 1.0
2 1.665147 3.664853 0.900000 -0.923880 0.382683 0.000000 0.659674 0.162000 1 2 1.0
2 1.630000 3.580000 0.900000 -0.923880 0.382683 0.000000 0.644400 0.162000 1 2 1.0
bag_metal
2 1.665147 3.664853 1.060000 -0.923880 0.382683 0.000000 0.659674 0.190800 1 2 1.0
2 1.630000 3.580000 0.900000 -0.923880 0.382683 0.000000 0.644400 0.162000 1 2 1.0
2 1.630000 3.580000 1.060000 -0.923880 0.382683 0.000000 0.644400 0.190800 1 2 1.0
bag_metal
2 2.210000 3.580000 0.780000 0.000000 0.382684 -0.923879 0.397800 0.644400 1 2 1.0
2 1.750000 3.580000 0.780000 0.000000 0.382684 -0.923879 0.315000 0.644400 1 2 1.0
2 1.750000 3.664853 0.815147 0.000000 0.382684 -0.923879 0.315000 0.659674 1 2 1.0
bag_metal
2 2.210000 3.580000 0.780000 0.000000 0.382684 -0.923879 0.397800 0.644400 1 2 1.0
2 1.750000 3.664853 0.815147 0.000000 0.382684 -0.923879 0.315000 0.659674 1 2 1.0
2 2.210000 3.664853 0.815147 0.000000 0.382684 -0.923879 0.397800 0.659674 1 2 1.0
bag_metal
2 2.210000 3.664853 0.815147 0.000000 0.923880 -0.382682 0.397800 0.146727 1 2 1.0
2 1.750000 3.664853 0.815147 0.000000 0.923880 -0.382682 0.315000 0.146727 1 2 1.0
2 1.750000 3.700000 0.900000 0.000000 0.923880 -0.382682 0.315000 0.162000 1 2 1.0
bag_metal
2 2.210000 3.664853 0.815147 0.000000 0.923880 -0.382682 0.397800 0.146727 1 2 1.0
2 1.750000 3.700000 0.900000 0.000000 0.923880 -0.382682 0.315000 0.162000 1 2 1.0
2 2.210000 3.700000 0.900000 0.000000 0.923880 -0.382682 0.397800 0.162000 1 2 1.0
bag_metal
2 1.750000 3.580000 1.180000 0.000000 0.382683 0.923880 0.315000 0.644400 1 2 1.0
2 2.210000 3.580000 1.180000 0.000000 0.382683 0.923880 0.397800 0.644400 1 2 1.0
2 2.210000 3.664853 1.144853 0.000000 0.382683 0.923880 0.397800 0.659674 1 2 1.0
bag_metal
2 1.750000 3.580000 1.180000 0.000000 0.382683 0.923880 0.315000 0.644400 1 2 1.0
2 2.210000 3.664853 1.144853 0.000000 0.382683 0.923880 0.397800 0.659674 1 2 1.0
2 1.750000 3.664853 1.144853 0.000000 0.382683 0.923880 0.315000 0.659674 1 2 1.0
bag_metal
2 1.750000 3.664853 1.144853 0.000000 0.923880 0.382681 0.315000 0.206074 1 2 1.0
2 2.210000 3.664853 1.144853 0.000000 0.923880 0.382681 0.397800 0.206074 1 2 1.0
2 2.210000 3.700000 1.060000 0.000000 0.923880 0.382681 0.397800 0.190800 1 2 1.0
bag_metal
2 1.750000 3.664853 1.144853 0.000000 0.923880 0.382681 0.315000 0.206074 1 2 1.0
2 2.210000 3.700000 1.060000 0.000000 0.923880 0.382681 0.397800 0.190800 1 2 1.0
2 1.750000 3.700000 1.060000 0.000000 0.923880 0.382681 0.315000 0.190800 1 2 1.0
bag_metal
2 2.330000 3.580000 1.060000 0.923880 0.382683 0.000000 0.644400 0.190800 1 2 1.0
2 2.330000 3.580000 0.900000 0.923880 0.382683 0.000000 0.644400 0.162000 1 2 1.0
2 2.294853 3.664853 0.900000 0.923880 0.382683 0.000000 0.659674 0.162000 1 2 1.0
bag_metal
2 2.330000 3.580000 1.060000 0.923880 0.382683 0.000000 0.644400 0.190800 1 2 1.0
2 2.294853 3.664853 0.900000 0.923880 0.382683 0.000000 0.659674 0.162000 1 2 1.0
2 2.294853 3.664853 1.060000 0.923880 0.382683 0.000000 0.659674 0.190800 1 2 1.0
bag_metal
2 2.294853 3.664853 1.060000 0.382682 0.923880 0.000000 0.413073 0.190800 1 2 1.0
2 2.294853 3.664853 0.900000 0.382682 0.923880 0.000000 0.413073 0.162000 1 2 1.0
2 2.210000 3.700000 0.900000 0.382682 0.923880 0.000000 0.397800 0.162000 1 2 1.0
bag_metal
2 2.294853 3.664853 1.060000 0.382682 0.923880 0.000000 0.413073 0.190800 1 2 1.0
2 2.210000 3.700000 0.900000 0.382682 0.923880 0.000000 0.397800 0.162000 1 2 1.0
2 2.210000 3.700000 1.060000 0.382682 0.923880 0.000000 0.397800 0.190800 1 2 1.0
bag_metal
2 2.210000 2.920000 0.780000 0.382684 0.000000 -0.923879 0.397800 0.525600 1 2 1.0
2 2.210000 3.580000 0.780000 0.382684 0.000000 -0.923879 0.397800 0.644400 1 2 1.0
2 2.294853 3.580000 0.815147 0.382684 0.000000 -0.923879 0.413073 0.644400 1 2 1.0
bag_metal
2 2.210000 2.920000 0.780000 0.382684 0.000000 -0.923879 0.397800 0.525600 1 2 1.0
2 2.294853 3.580000 0.815147 0.382684 0.000000 -0.923879 0.413073 0.644400 1 2 1.0
2 2.294853 2.920000 0.815147 0.382684 0.000000 -0.923879 0.413073 0.525600 1 2 1.0
bag_metal
2 2.294853 2.920000 0.815147 0.923879 0.000000 -0.382684 0.525600 0.146727 1 2 1.0
2 2.294853 3.580000 0.815147 0.923879 0.000000 -0.382684 0.644400 0.146727 1 2 1.0
2 2.330000 3.580000 0.900000 0.923879 0.000000 -0.382684 0.644400 0.162000 1 2 1.0
bag_metal
2 2.294853 2.920000 0.815147 0.923879 0.000000 -0.382684 0.525600 0.146727 1 2 1.0
2 2.330000 3.580000 0.900000 0.923879 0.000000 -0.382684 0.644400 0.162000 1 2 1.0
2 2.330000 2.920000 0.900000 0.923879 0.000000 -0.382684 0.525600 0.162000 1 2 1.0
bag_metal
2 2.210000 3.580000 1.180000 0.382684 0.000000 0.923879 0.397800 0.644400 1 2 1.0
2 2.210000 2.920000 1.180000 0.382684 0.000000 0.923879 0.397800 0.525600 1 2 1.0
2 2.294853 2.920000 1.144853 0.382684 0.000000 0.923879 0.413073 0.525600 1 2 1.0
bag_metal
2 2.210000 3.580000 1.180000 0.382684 0.000000 0.923879 0.397800 0.644400 1 2 1.0
2 2.294853 2.920000 1.144853 0.382684 0.000000 0.923879 0.413073 0.525600 1 2 1.0
2 2.294853 3.580000 1.144853 0.382684 0.000000 0.923879 0.413073 0.644400 1 2 1.0
bag_metal
2 2.294853 3.580000 1.144853 0.923880 0.000000 0.382683 0.644400 0.206074 1 2 1.0
2 2.294853 2.920000 1.144853 0.923880 0.000000 0.382683 0.525600 0.206074 1 2 1.0
2 2.330000 2.920000 1.060000 0.923880 0.000000 0.382683 0.525600 0.190800 1 2 1.0
bag_metal
2 2.294853 3.580000 1.144853 0.923880 0.000000 0.382683 0.644400 0.206074 1 2 1.0
2 2.330000 2.920000 1.060000 0.923880 0.000000 0.382683 0.525600 0.190800 1 2 1.0
2 2.330000 3.580000 1.060000 0.923880 0.000000 0.382683 0.644400 0.190800 1 2 1.0
bag_metal
2 2.210000 2.800000 1.060000 0.382682 -0.923880 0.000000 0.397800 0.190800 1 2 1.0
2 2.210000 2.800000 0.900000 0.382682 -0.923880 0.000000 0.397800 0.162000 1 2 1.0
2 2.294853 2.835147 0.900000 0.382682 -0.923880 0.000000 0.413073 0.162000 1 2 1.0
bag_metal
2 2.210000 2.800000 1.060000 0.382682 -0.923880 0.000000 0.397800 0.190800 1 2 1.0
2 2.294853 2.835147 0.900000 0.382682 -0.923880 0.000000 0.413073 0.162000 1 2 1.0
2 2.294853 2.835147 1.060000 0.382682 -0.923880 0.000000 0.413073 0.190800 1 2 1.0
bag_metal
2 2.294853 2.835147 1.060000 0.923880 -0.382683 0.000000 0.510326 0.190800 1 2 1.0
2 2.294853 2.835147 0.900000 0.923880 -0.382683 0.000000 0.510326 0.162000 1 2 1.0
2 2.330000 2.920000 0.900000 0.923880 -0.382683 0.000000 0.525600 0.162000 1 2 1.0
bag_metal
2 2.294853 2.835147 1.060000 0.923880 -0.382683 0.000000 0.510326 0.190800 1 2 1.0
2 2.330000 2.920000 0.900000 0.923880 -0.382683 0.000000 0.525600 0.162000 1 2 1.0
2 2.330000 2.920000 1.060000 0.923880 -0.382683 0.000000 0.525600 0.190800 1 2 1.0
bag_metal
2 1.750000 2.920000 0.780000 0.000000 -0.382684 -0.923879 0.315000 0.525600 1 2 1.0
2 2.210000 2.920000 0.780000 0.000000 -0.382684 -0.923879 0.397800 0.525600 1 2 1.0
2 2.210000 2.835147 0.815147 0.000000 -0.382684 -0.923879 0.397800 0.510326 1 2 1.0
bag_metal
2 1.750000 2.920000 0.780000 0.000000 -0.382684 -0.923879 0.315000 0.525600 1 2 1.0
2 2.210000 2.835147 0.815147 0.000000 -0.382684 -0.923879 0.397800 0.510326 1 2 1.0
2 1.750000 2.835147 0.815147 0.000000 -0.382684 -0.923879 0.315000 0.510326 1 2 1.0
bag_metal
2 1.750000 2.835147 0.815147 0.000000 -0.923880 -0.382682 0.315000 0.146727 1 2 1.0
2 2.210000 2.835147 0.815147 0.000000 -0.923880 -0.382682 0.397800 0.146727 1 2 1.0
2 2.210000 2.800000 0.900000 0.000000 -0.923880 -0.382682 0.397800 0.162000 1 2 1.0
bag_metal
2 1.750000 2.835147 0.815147 0.000000 -0.923880 -0.382682 0.315000 0.146727 1 2 1.0
2 2.210000 2.800000 0.900000 0.000000 -0.923880 -0.382682 0.397800 0.162000 1 2 1.0
2 1.750000 2.800000 0.900000 0.000000 -0.923880 -0.382682 0.315000 0.162000 1 2 1.0
bag_metal
2 2.210000 2.920000 1.180000 0.000000 -0.382683 0.923880 0.397800 0.525600 1 2 1.0
2 1.750000 2.920000 1.180000 0.000000 -0.382683 0.923880 0.315000 0.525600 1 2 1.0
2 1.750000 2.835147 1.144853 0.000000 -0.382683 0.923880 0.315000 0.510326 1 2 1.0
bag_metal
2 2.210000 2.920000 1.180000 0.000000 -0.382683 0.923880 0.397800 0.525600 1 2 1.0
2 1.750000 2.835147 1.144853 0.000000 -0.382683 0.923880 0.315000 0.510326 1 2 1.0
2 2.210000 2.835147 1.144853 0.000000 -0.382683 0.923880 0.397800 0.510326 1 2 1.0
bag_metal
2 2.210000 2.835147 1.144853 0.000000 -0.923880 0.382681 0.397800 0.206074 1 2 1.0
2 1.750000 2.835147 1.144853 0.000000 -0.923880 0.382681 0.315000 0.206074 1 2 1.0
2 1.750000 2.800000 1.060000 0.000000 -0.923880 0.382681 0.315000 0.190800 1 2 1.0
bag_metal
2 2.210000 2.835147 1.144853 0.000000 -0.923880 0.382681 0.397800 0.206074 1 2 1.0
2 1.750000 2.800000 1.060000 0.000000 -0.923880 0.382681 0.315000 0.190800 1 2 1.0
2 2.210000 2.800000 1.060000 0.000000 -0.923880 0.382681 0.397800 0.190800 1 2 1.0
bag_metal
2 1.750000 3.580000 0.780000 0.000000 0.000000 -1.000000 0.315000 0.644400 1 2 1.0
2 2.210000 3.580000 0.780000 0.000000 0.000000 -1.000000 0.397800 0.644400 1 2 1.0
2 2.210000 2.920000 0.780000 0.000000 0.000000 -1.000000 0.397800 0.525600 1 2 1.0
bag_metal
2 1.750000 3.580000 0.780000 0.000000 0.000000 -1.000000 0.315000 0.644400 1 2 1.0
2 2.210000 2.920000 0.780000 0.000000 0.000000 -1.000000 0.397800 0.525600 1 2 1.0
2 1.750000 2.920000 0.780000 0.000000 0.000000 -1.000000 0.315000 0.525600 1 2 1.0
bag_metal
2 1.630000 2.920000 0.900000 -1.000000 0.000000 0.000000 0.525600 0.162000 1 2 1.0
2 1.630000 2.920000 1.060000 -1.000000 0.000000 0.000000 0.525600 0.190800 1 2 1.0
2 1.630000 3.580000 1.060000 -1.000000 0.000000 0.000000 0.644400 0.190800 1 2 1.0
bag_metal
2 1.630000 2.920000 0.900000 -1.000000 0.000000 0.000000 0.525600 0.162000 1 2 1.0
2 1.630000 3.580000 1.060000 -1.000000 0.000000 0.000000 0.644400 0.190800 1 2 1.0
2 1.630000 3.580000 0.900000 -1.000000 0.000000 0.000000 0.644400 0.162000 1 2 1.0
bag_metal
2 2.210000 2.800000 0.900000 0.000000 -1.000000 0.000000 0.397800 0.162000 1 2 1.0
2 2.210000 2.800000 1.060000 0.000000 -1.000000 0.000000 0.397800 0.190800 1 2 1.0
2 1.750000 2.800000 1.060000 0.000000 -1.000000 0.000000 0.315000 0.190800 1 2 1.0
bag_metal
2 2.210000 2.800000 0.900000 0.000000 -1.000000 0.000000 0.397800 0.162000 1 2 1.0
2 1.750000 2.800000 1.060000 0.000000 -1.000000 0.000000 0.315000 0.190800 1 2 1.0
2 1.750000 2.800000 0.900000 0.000000 -1.000000 0.000000 0.315000 0.162000 1 2 1.0
bag_metal
2 2.210000 3.580000 1.180000 0.000000 0.000000 1.000000 0.397800 0.644400 1 2 1.0
2 1.750000 3.580000 1.180000 0.000000 0.000000 1.000000 0.315000 0.644400 1 2 1.0
2 1.750000 2.920000 1.180000 0.000000 0.000000 1.000000 0.315000 0.525600 1 2 1.0
bag_metal
2 2.210000 3.580000 1.180000 0.000000 0.000000 1.000000 0.397800 0.644400 1 2 1.0
2 1.750000 2.920000 1.180000 0.000000 0.000000 1.000000 0.315000 0.525600 1 2 1.0
2 2.210000 2.920000 1.180000 0.000000 0.000000 1.000000 0.397800 0.525600 1 2 1.0
bag_metal
2 1.750000 3.700000 0.900000 0.000000 1.000000 0.000000 0.315000 0.162000 1 2 1.0
2 1.750000 3.700000 1.060000 0.000000 1.000000 0.000000 0.315000 0.190800 1 2 1.0
2 2.210000 3.700000 1.060000 0.000000 1.000000 0.000000 0.397800 0.190800 1 2 1.0
bag_metal
2 1.750000 3.700000 0.900000 0.000000 1.000000 0.000000 0.315000 0.162000 1 2 1.0
2 2.210000 3.700000 1.060000 0.000000 1.000000 0.000000 0.397800 0.190800 1 2 1.0
2 2.210000 3.700000 0.900000 0.000000 1.000000 0.000000 0.397800 0.162000 1 2 1.0
bag_metal
2 2.330000 3.580000 0.900000 1.000000 0.000000 0.000000 0.644400 0.162000 1 2 1.0
2 2.330000 3.580000 1.060000 1.000000 0.000000 0.000000 0.644400 0.190800 1 2 1.0
2 2.330000 2.920000 1.060000 1.000000 0.000000 0.000000 0.525600 0.190800 1 2 1.0
bag_metal
2 2.330000 3.580000 0.900000 1.000000 0.000000 0.000000 0.644400 0.162000 1 2 1.0
2 2.330000 2.920000 1.060000 1.000000 0.000000 0.000000 0.525600 0.190800 1 2 1.0
2 2.330000 2.920000 0.900000 1.000000 0.000000 0.000000 0.525600 0.162000 1 2 1.0
bag_accent
2 2.230000 3.025000 0.055000 -0.577350 -0.577350 -0.577350 0.544500 0.009900 1 2 1.0
2 2.230000 2.975000 0.105000 -0.577350 -0.577350 -0.577350 0.535500 0.018900 1 2 1.0
2 2.180000 3.025000 0.105000 -0.577350 -0.577350 -0.577350 0.544500 0.018900 1 2 1.0
bag_accent
2 2.230000 2.975000 0.855000 -0.577350 -0.577350 0.577350 0.535500 0.153900 1 2 1.0
2 2.230000 3.025000 0.905000 -0.577350 -0.577350 0.577350 0.544500 0.162900 1 2 1.0
2 2.180000 3.025000 0.855000 -0.577350 -0.577350 0.577350 0.544500 0.153900 1 2 1.0
bag_accent
2 2.230000 3.475000 0.055000 -0.577350 0.577350 -0.577350 0.625500 0.009900 1 2 1.0
2 2.180000 3.475000 0.105000 -0.577350 0.577350 -0.577350 0.625500 0.018900 1 2 1.0
2 2.230000 3.525000 0.105000 -0.577350 0.577350 -0.577350 0.634500 0.018900 1 2 1.0
bag_accent
2 2.230000 3.475000 0.905000 -0.577350 0.577350 0.577350 0.625500 0.162900 1 2 1.0
2 2.230000 3.525000 0.855000 -0.577350 0.577350 0.577350 0.634500 0.153900 1 2 1.0
2 2.180000 3.475000 0.855000 -0.577350 0.577350 0.577350 0.625500 0.153900 1 2 1.0
bag_accent
2 2.270000 3.025000 0.055000 0.577350 -0.577350 -0.577350 0.544500 0.009900 1 2 1.0
2 2.320000 3.025000 0.105000 0.577350 -0.577350 -0.577350 0.544500 0.018900 1 2 1.0
2 2.270000 2.975000 0.105000 0.577350 -0.577350 -0.577350 0.535500 0.018900 1 2 1.0
bag_accent
2 2.270000 3.025000 0.905000 0.577350 -0.577350 0.577350 0.544500 0.162900 1 2 1.0
2 2.270000 2.975000 0.855000 0.577350 -0.577350 0.577350 0.535500 0.153900 1 2 1.0
2 2.320000 3.025000 0.855000 0.577350 -0.577350 0.577350 0.544500 0.153900 1 2 1.0
bag_accent
2 2.270000 3.475000 0.055000 0.577350 0.577350 -0.577350 0.625500 0.009900 1 2 1.0
2 2.270000 3.525000 0.105000 0.577350 0.577350 -0.577350 0.634500 0.018900 1 2 1.0
2 2.320000 3.475000 0.105000 0.577350 0.577350 -0.577350 0.625500 0.018900 1 2 1.0
bag_accent
2 2.270000 3.475000 0.905000 0.577350 0.577350 0.577350 0.625500 0.162900 1 2 1.0
2 2.320000 3.475000 0.855000 0.577350 0.577350 0.577350 0.625500 0.153900 1 2 1.0
2 2.270000 3.525000 0.855000 0.577350 0.577350 0.577350 0.634500 0.153900 1 2 1.0
bag_accent
2 2.230000 3.475000 0.055000 -0.707107 0.000000 -0.707106 0.625500 0.009900 1 2 1.0
2 2.230000 3.025000 0.055000 -0.707107 0.000000 -0.707106 0.544500 0.009900 1 2 1.0
2 2.180000 3.025000 0.105000 -0.707107 0.000000 -0.707106 0.544500 0.018900 1 2 1.0
bag_accent
2 2.230000 3.475000 0.055000 -0.707107 0.000000 -0.707106 0.625500 0.009900 1 2 1.0
2 2.180000 3.025000 0.105000 -0.707107 0.000000 -0.707106 0.544500 0.018900 1 2 1.0
2 2.180000 3.475000 0.105000 -0.707107 0.000000 -0.707106 0.625500 0.018900 1 2 1.0
bag_accent
2 2.230000 2.975000 0.105000 -0.707107 -0.707107 0.000000 0.535500 0.018900 1 2 1.0
2 2.230000 2.975000 0.855000 -0.707107 -0.707107 0.000000 0.535500 0.153900 1 2 1.0
2 2.180000 3.025000 0.855000 -0.707107 -0.707107 0.000000 0.544500 0.153900 1 2 1.0
bag_accent
2 2.230000 2.975000 0.105000 -0.707107 -0.707107 0.000000 0.535500 0.018900 1 2 1.0
2 2.180000 3.025000 0.855000 -0.707107 -0.707107 0.000000 0.544500 0.153900 1 2 1.0
2 2.180000 3.025000 0.105000 -0.707107 -0.707107 0.000000 0.544500 0.018900 1 2 1.0
bag_accent
2 2.230000 3.025000 0.905000 -0.707107 0.000000 0.707106 0.544500 0.162900 1 2 1.0
2 2.230000 3.475000 0.905000 -0.707107 0.000000 0.707106 0.625500 0.162900 1 2 1.0
2 2.180000 3.475000 0.855000 -0.707107 0.000000 0.707106 0.625500 0.153900 1 2 1.0
bag_accent
2 2.230000 3.025000 0.905000 -0.707107 0.000000 0.707106 0.544500 0.162900 1 2 1.0
2 2.180000 3.475000 0.855000 -0.707107 0.000000 0.707106 0.625500 0.153900 1 2 1.0
2 2.180000 3.025000 0.855000 -0.707107 0.000000 0.707106 0.544500 0.153900 1 2 1.0
bag_accent
2 2.230000 3.525000 0.855000 -0.707107 0.707107 0.000000 0.634500 0.153900 1 2 1.0
2 2.230000 3.525000 0.105000 -0.707107 0.707107 0.000000 0.634500 0.018900 1 2 1.0
2 2.180000 3.475000 0.105000 -0.707107 0.707107 0.000000 0.625500 0.018900 1 2 1.0
bag_accent
2 2.230000 3.525000 0.855000 -0.707107 0.707107 0.000000 0.634500 0.153900 1 2 1.0
2 2.180000 3.475000 0.105000 -0.707107 0.707107 0.000000 0.625500 0.018900 1 2 1.0
2 2.180000 3.475000 0.855000 -0.707107 0.707107 0.000000 0.625500 0.153900 1 2 1.0
bag_accent
2 2.270000 3.475000 0.055000 0.000000 0.707107 -0.707106 0.408600 0.009900 1 2 1.0
2 2.230000 3.475000 0.055000 0.000000 0.707107 -0.707106 0.401400 0.009900 1 2 1.0
2 2.230000 3.525000 0.105000 0.000000 0.707107 -0.707106 0.401400 0.018900 1 2 1.0
bag_accent
2 2.270000 3.475000 0.055000 0.000000 0.707107 -0.707106 0.408600 0.009900 1 2 1.0
2 2.230000 3.525000 0.105000 0.000000 0.707107 -0.707106 0.401400 0.018900 1 2 1.0
2 2.270000 3.525000 0.105000 0.000000 0.707107 -0.707106 0.408600 0.018900 1 2 1.0
bag_accent
2 2.230000 3.475000 0.905000 0.000000 0.707107 0.707106 0.401400 0.162900 1 2 1.0
2 2.270000 3.475000 0.905000 0.000000 0.707107 0.707106 0.408600 0.162900 1 2 1.0
2 2.270000 3.525000 0.855000 0.000000 0.707107 0.707106 0.408600 0.153900 1 2 1.0
bag_accent
2 2.230000 3.475000 0.905000 0.000000 0.707107 0.707106 0.401400 0.162900 1 2 1.0
2 2.270000 3.525000 0.855000 0.000000 0.707107 0.707106 0.408600 0.153900 1 2 1.0
2 2.230000 3.525000 0.855000 0.000000 0.707107 0.707106 0.401400 0.153900 1 2 1.0
bag_accent
2 2.320000 3.475000 0.855000 0.707107 0.707107 0.000000 0.625500 0.153900 1 2 1.0
2 2.320000 3.475000 0.105000 0.707107 0.707107 0.000000 0.625500 0.018900 1 2 1.0
2 2.270000 3.525000 0.105000 0.707107 0.707107 0.000000 0.634500 0.018900 1 2 1.0
bag_accent
2 2.320000 3.475000 0.855000 0.707107 0.707107 0.000000 0.625500 0.153900 1 2 1.0
2 2.270000 3.525000 0.105000 0.707107 0.707107 0.000000 0.634500 0.018900 1 2 1.0
2 2.270000 3.525000 0.855000 0.707107 0.707107 0.000000 0.634500 0.153900 1 2 1.0
bag_accent
2 2.270000 3.025000 0.055000 0.707107 0.000000 -0.707106 0.544500 0.009900 1 2 1.0
2 2.270000 3.475000 0.055000 0.707107 0.000000 -0.707106 0.625500 0.009900 1 2 1.0
2 2.320000 3.475000 0.105000 0.707107 0.000000 -0.707106 0.625500 0.018900 1 2 1.0
bag_accent
2 2.270000 3.025000 0.055000 0.707107 0.000000 -0.707106 0.544500 0.009900 1 2 1.0
2 2.320000 3.475000 0.105000 0.707107 0.000000 -0.707106 0.625500 0.018900 1 2 1.0
2 2.320000 3.025000 0.105000 0.707107 0.000000 -0.707106 0.544500 0.018900 1 2 1.0
bag_accent
2 2.270000 3.475000 0.905000 0.707107 0.000000 0.707106 0.625500 0.162900 1 2 1.0
2 2.270000 3.025000 0.905000 0.707107 0.000000 0.707106 0.544500 0.162900 1 2 1.0
2 2.320000 3.025000 0.855000 0.707107 0.000000 0.707106 0.544500 0.153900 1 2 1.0
bag_accent
2 2.270000 3.475000 0.905000 0.707107 0.000000 0.707106 0.625500 0.162900 1 2 1.0
2 2.320000 3.025000 0.855000 0.707107 0.000000 0.707106 0.544500 0.153900 1 2 1.0
2 2.320000 3.475000 0.855000 0.707107 0.000000 0.707106 0.625500 0.153900 1 2 1.0
bag_accent
2 2.270000 2.975000 0.855000 0.707107 -0.707107 0.000000 0.535500 0.153900 1 2 1.0
2 2.270000 2.975000 0.105000 0.707107 -0.707107 0.000000 0.535500 0.018900 1 2 1.0
2 2.320000 3.025000 0.105000 0.707107 -0.707107 0.000000 0.544500 0.018900 1 2 1.0
bag_accent
2 2.270000 2.975000 0.855000 0.707107 -0.707107 0.000000 0.535500 0.153900 1 2 1.0
2 2.320000 3.025000 0.105000 0.707107 -0.707107 0.000000 0.544500 0.018900 1 2 1.0
2 2.320000 3.025000 0.855000 0.707107 -0.707107 0.000000 0.544500 0.153900 1 2 1.0
bag_accent
2 2.230000 3.025000 0.055000 0.000000 -0.707107 -0.707106 0.401400 0.009900 1 2 1.0
2 2.270000 3.025000 0.055000 0.000000 -0.707107 -0.707106 0.408600 0.009900 1 2 1.0
2 2.270000 2.975000 0.105000 0.000000 -0.707107 -0.707106 0.408600 0.018900 1 2 1.0
bag_accent
2 2.230000 3.025000 0.055000 0.000000 -0.707107 -0.707106 0.401400 0.009900 1 2 1.0
2 2.270000 2.975000 0.105000 0.000000 -0.707107 -0.707106 0.408600 0.018900 1 2 1.0
2 2.230000 2.975000 0.105000 0.000000 -0.707107 -0.707106 0.401400 0.018900 1 2 1.0
bag_accent
2 2.270000 3.025000 0.905000 0.000000 -0.707107 0.707106 0.408600 0.162900 1 2 1.0
2 2.230000 3.025000 0.905000 0.000000 -0.707107 0.707106 0.401400 0.162900 1 2 1.0
2 2.230000 2.975000 0.855000 0.000000 -0.707107 0.707106 0.401400 0.153900 1 2 1.0
bag_accent
2 2.270000 3.025000 0.905000 0.000000 -0.707107 0.707106 0.408600 0.162900 1 2 1.0
2 2.230000 2.975000 0.855000 0.000000 -0.707107 0.707106 0.401400 0.153900 1 2 1.0
2 2.270000 2.975000 0.855000 0.000000 -0.707107 0.707106 0.408600 0.153900 1 2 1.0
bag_accent
2 2.230000 3.475000 0.055000 0.000000 0.000000 -1.000000 0.401400 0.625500 1 2 1.0
2 2.270000 3.475000 0.055000 0.000000 0.000000 -1.000000 0.408600 0.625500 1 2 1.0
2 2.270000 3.025000 0.055000 0.000000 0.000000 -1.000000 0.408600 0.544500 1 2 1.0
bag_accent
2 2.230000 3.475000 0.055000 0.000000 0.000000 -1.000000 0.401400 0.625500 1 2 1.0
2 2.270000 3.025000 0.055000 0.000000 0.000000 -1.000000 0.408600 0.544500 1 2 1.0
2 2.230000 3.025000 0.055000 0.000000 0.000000 -1.000000 0.401400 0.544500 1 2 1.0
bag_accent
2 2.180000 3.025000 0.105000 -1.000000 0.000000 0.000000 0.544500 0.018900 1 2 1.0
2 2.180000 3.025000 0.855000 -1.000000 0.000000 0.000000 0.544500 0.153900 1 2 1.0
2 2.180000 3.475000 0.855000 -1.000000 0.000000 0.000000 0.625500 0.153900 1 2 1.0
bag_accent
2 2.180000 3.025000 0.105000 -1.000000 0.000000 0.000000 0.544500 0.018900 1 2 1.0
2 2.180000 3.475000 0.855000 -1.000000 0.000000 0.000000 0.625500 0.153900 1 2 1.0
2 2.180000 3.475000 0.105000 -1.000000 0.000000 0.000000 0.625500 0.018900 1 2 1.0
bag_accent
2 2.270000 2.975000 0.105000 0.000000 -1.000000 0.000000 0.408600 0.018900 1 2 1.0
2 2.270000 2.975000 0.855000 0.000000 -1.000000 0.000000 0.408600 0.153900 1 2 1.0
2 2.230000 2.975000 0.855000 0.000000 -1.000000 0.000000 0.401400 0.153900 1 2 1.0
bag_accent
2 2.270000 2.975000 0.105000 0.000000 -1.000000 0.000000 0.408600 0.018900 1 2 1.0
2 2.230000 2.975000 0.855000 0.000000 -1.000000 0.000000 0.401400 0.153900 1 2 1.0
2 2.230000 2.975000 0.105000 0.000000 -1.000000 0.000000 0.401400 0.018900 1 2 1.0
bag_accent
2 2.270000 3.475000 0.905000 0.000000 0.000000 1.000000 0.408600 0.625500 1 2 1.0
2 2.230000 3.475000 0.905000 0.000000 0.000000 1.000000 0.401400 0.625500 1 2 1.0
2 2.230000 3.025000 0.905000 0.000000 0.000000 1.000000 0.401400 0.544500 1 2 1.0
bag_accent
2 2.270000 3.475000 0.905000 0.000000 0.000000 1.000000 0.408600 0.625500 1 2 1.0
2 2.230000 3.025000 0.905000 0.000000 0.000000 1.000000 0.401400 0.544500 1 2 1.0
2 2.270000 3.025000 0.905000 0.000000 0.000000 1.000000 0.408600 0.544500 1 2 1.0
bag_accent
2 2.230000 3.525000 0.105000 0.000000 1.000000 0.000000 0.401400 0.018900 1 2 1.0
2 2.230000 3.525000 0.855000 0.000000 1.000000 0.000000 0.401400 0.153900 1 2 1.0
2 2.270000 3.525000 0.855000 0.000000 1.000000 0.000000 0.408600 0.153900 1 2 1.0
bag_accent
2 2.230000 3.525000 0.105000 0.000000 1.000000 0.000000 0.401400 0.018900 1 2 1.0
2 2.270000 3.525000 0.855000 0.000000 1.000000 0.000000 0.408600 0.153900 1 2 1.0
2 2.270000 3.525000 0.105000 0.000000 1.000000 0.000000 0.408600 0.018900 1 2 1.0
bag_accent
2 2.320000 3.475000 0.105000 1.000000 0.000000 0.000000 0.625500 0.018900 1 2 1.0
2 2.320000 3.475000 0.855000 1.000000 0.000000 0.000000 0.625500 0.153900 1 2 1.0
2 2.320000 3.025000 0.855000 1.000000 0.000000 0.000000 0.544500 0.153900 1 2 1.0
bag_accent
2 2.320000 3.475000 0.105000 1.000000 0.000000 0.000000 0.625500 0.018900 1 2 1.0
2 2.320000 3.025000 0.855000 1.000000 0.000000 0.000000 0.544500 0.153900 1 2 1.0
2 2.320000 3.025000 0.105000 1.000000 0.000000 0.000000 0.544500 0.018900 1 2 1.0
end
