version 1
nodes
0 "root" -1
end
skeleton
time 0
0 0 0 0 0 0 0
end
triangles
bag_strap
0 -0.70832 5.00490 0.15000 0.50791 0.85820 0.07433 -0.12750 0.02700 1 0 1.0
0 -2.62546 6.13952 0.15000 0.50791 0.85820 0.07433 -0.47258 0.02700 1 0 1.0
0 -2.65333 6.09476 0.85711 0.50791 0.85820 0.07433 -0.47760 0.15428 1 0 1.0
bag_strap
0 -0.70832 5.00490 0.15000 0.50791 0.85820 0.07435 -0.12750 0.02700 1 0 1.0
0 -2.65333 6.09476 0.85711 0.50791 0.85820 0.07435 -0.47760 0.15428 1 0 1.0
0 -0.73517 4.95953 0.85711 0.50791 0.85820 0.07435 -0.13233 0.15428 1 0 1.0
bag_strap
0 -0.73517 4.95953 0.85711 0.46714 0.78931 0.39847 -0.13233 0.15428 1 0 1.0
0 -2.65333 6.09476 0.85711 0.46714 0.78931 0.39847 -0.47760 0.15428 1 0 1.0
0 -2.72062 5.98673 1.15000 0.46714 0.78931 0.39847 -0.48971 0.20700 1 0 1.0
bag_strap
0 -0.73517 4.95953 0.85711 0.46713 0.78927 0.39855 -0.13233 0.15428 1 0 1.0
0 -2.72062 5.98673 1.15000 0.46713 0.78927 0.39855 -0.48971 0.20700 1 0 1.0
0 -0.80000 4.85000 1.15000 0.46713 0.78927 0.39855 -0.14400 0.20700 1 0 1.0
bag_strap
0 -0.80000 4.85000 1.15000 -0.46715 -0.78930 0.39847 -0.14400 0.20700 1 0 1.0
0 -2.72062 5.98673 1.15000 -0.46715 -0.78930 0.39847 -0.48971 0.20700 1 0 1.0
0 -2.78791 5.87869 0.85711 -0.46715 -0.78930 0.39847 -0.50182 0.15428 1 0 1.0
bag_strap
0 -0.80000 4.85000 1.15000 -0.46714 -0.78926 0.39855 -0.14400 0.20700 1 0 1.0
0 -2.78791 5.87869 0.85711 -0.46714 -0.78926 0.39855 -0.50182 0.15428 1 0 1.0
0 -0.86483 4.74047 0.85711 -0.46714 -0.78926 0.39855 -0.15567 0.15428 1 0 1.0
bag_strap
0 -0.86483 4.74047 0.85711 -0.50794 -0.85818 0.07433 -0.15567 0.15428 1 0 1.0
0 -2.78791 5.87869 0.85711 -0.50794 -0.85818 0.07433 -0.50182 0.15428 1 0 1.0
0 -2.81578 5.83394 0.15000 -0.50794 -0.85818 0.07433 -0.50684 0.02700 1 0 1.0
bag_strap
0 -0.86483 4.74047 0.85711 -0.50794 -0.85818 0.07435 -0.15567 0.15428 1 0 1.0
0 -2.81578 5.83394 0.15000 -0.50794 -0.85818 0.07435 -0.50684 0.02700 1 0 1.0
0 -0.89168 4.69510 0.15000 -0.50794 -0.85818 0.07435 -0.16050 0.02700 1 0 1.0
bag_strap
0 -0.89168 4.69510 0.15000 -0.50794 -0.85818 -0.07433 -0.16050 0.02700 1 0 1.0
0 -2.81578 5.83394 0.15000 -0.50794 -0.85818 -0.07433 -0.50684 0.02700 1 0 1.0
0 -2.78791 5.87869 -0.55711 -0.50794 -0.85818 -0.07433 -0.50182 -0.10028 1 0 1.0
bag_strap
0 -0.89168 4.69510 0.15000 -0.50794 -0.85818 -0.07435 -0.16050 0.02700 1 0 1.0
0 -2.78791 5.87869 -0.55711 -0.50794 -0.85818 -0.07435 -0.50182 -0.10028 1 0 1.0
0 -0.86483 4.74047 -0.55711 -0.50794 -0.85818 -0.07435 -0.15567 -0.10028 1 0 1.0
bag_strap
0 -0.86483 4.74047 -0.55711 -0.46716 -0.78929 -0.39847 -0.15567 -0.10028 1 0 1.0
0 -2.78791 5.87869 -0.55711 -0.46716 -0.78929 -0.39847 -0.50182 -0.10028 1 0 1.0
0 -2.72062 5.98673 -0.85000 -0.46716 -0.78929 -0.39847 -0.48971 -0.15300 1 0 1.0
bag_strap
0 -0.86483 4.74047 -0.55711 -0.46713 -0.78927 -0.39855 -0.15567 -0.10028 1 0 1.0
0 -2.72062 5.98673 -0.85000 -0.46713 -0.78927 -0.39855 -0.48971 -0.15300 1 0 1.0
0 -0.80000 4.85000 -0.85000 -0.46713 -0.78927 -0.39855 -0.14400 -0.15300 1 0 1.0
bag_strap
0 -0.80000 4.85000 -0.85000 0.46715 0.78930 -0.39847 -0.14400 -0.15300 1 0 1.0
0 -2.72062 5.98673 -0.85000 0.46715 0.78930 -0.39847 -0.48971 -0.15300 1 0 1.0
0 -2.65333 6.09476 -0.55711 0.46715 0.78930 -0.39847 -0.47760 -0.10028 1 0 1.0
bag_strap
0 -0.80000 4.85000 -0.85000 0.46712 0.78927 -0.39855 -0.14400 -0.15300 1 0 1.0
0 -2.65333 6.09476 -0.55711 0.46712 0.78927 -0.39855 -0.47760 -0.10028 1 0 1.0
0 -0.73517 4.95953 -0.55711 0.46712 0.78927 -0.39855 -0.13233 -0.10028 1 0 1.0
bag_strap
0 -0.73517 4.95953 -0.55711 0.50791 0.85820 -0.07433 -0.13233 -0.10028 1 0 1.0
0 -2.65333 6.09476 -0.55711 0.50791 0.85820 -0.07433 -0.47760 -0.10028 1 0 1.0
0 -2.62546 6.13952 0.15000 0.50791 0.85820 -0.07433 -0.47258 0.02700 1 0 1.0
bag_strap
0 -0.73517 4.95953 -0.55711 0.50790 0.85820 -0.07435 -0.13233 -0.10028 1 0 1.0
0 -2.62546 6.13952 0.15000 0.50790 0.85820 -0.07435 -0.47258 0.02700 1 0 1.0
0 -0.70832 5.00490 0.15000 0.50790 0.85820 -0.07435 -0.12750 0.02700 1 0 1.0
bag_strap
0 -2.62546 6.13952 0.15000 0.56898 0.81900 0.07413 -0.47258 0.02700 1 0 1.0
0 -3.45122 6.71320 0.15000 0.56898 0.81900 0.07413 -0.62122 0.02700 1 0 1.0
0 -3.47788 6.66771 0.85711 0.56898 0.81900 0.07413 -0.62602 0.15428 1 0 1.0
bag_strap
0 -2.62546 6.13952 0.15000 0.56905 0.81894 0.07426 -0.47258 0.02700 1 0 1.0
0 -3.47788 6.66771 0.85711 0.56905 0.81894 0.07426 -0.62602 0.15428 1 0 1.0
0 -2.65333 6.09476 0.85711 0.56905 0.81894 0.07426 -0.47760 0.15428 1 0 1.0
bag_strap
0 -2.65333 6.09476 0.85711 0.52359 0.75352 0.39756 -0.47760 0.15428 1 0 1.0
0 -3.47788 6.66771 0.85711 0.52359 0.75352 0.39756 -0.62602 0.15428 1 0 1.0
0 -3.54225 6.55791 1.15000 0.52359 0.75352 0.39756 -0.63760 0.20700 1 0 1.0
bag_strap
0 -2.65333 6.09476 0.85711 0.52362 0.75321 0.39813 -0.47760 0.15428 1 0 1.0
0 -3.54225 6.55791 1.15000 0.52362 0.75321 0.39813 -0.63760 0.20700 1 0 1.0
0 -2.72062 5.98673 1.15000 0.52362 0.75321 0.39813 -0.48971 0.20700 1 0 1.0
bag_strap
0 -2.72062 5.98673 1.15000 -0.52376 -0.75341 0.39755 -0.48971 0.20700 1 0 1.0
0 -3.54225 6.55791 1.15000 -0.52376 -0.75341 0.39755 -0.63760 0.20700 1 0 1.0
0 -3.60661 6.44810 0.85711 -0.52376 -0.75341 0.39755 -0.64919 0.15428 1 0 1.0
bag_strap
0 -2.72062 5.98673 1.15000 -0.52378 -0.75309 0.39812 -0.48971 0.20700 1 0 1.0
0 -3.60661 6.44810 0.85711 -0.52378 -0.75309 0.39812 -0.64919 0.15428 1 0 1.0
0 -2.78791 5.87869 0.85711 -0.52378 -0.75309 0.39812 -0.50182 0.15428 1 0 1.0
bag_strap
0 -2.78791 5.87869 0.85711 -0.56941 -0.81870 0.07413 -0.50182 0.15428 1 0 1.0
0 -3.60661 6.44810 0.85711 -0.56941 -0.81870 0.07413 -0.64919 0.15428 1 0 1.0
0 -3.63327 6.40262 0.15000 -0.56941 -0.81870 0.07413 -0.65399 0.02700 1 0 1.0
bag_strap
0 -2.78791 5.87869 0.85711 -0.56948 -0.81864 0.07426 -0.50182 0.15428 1 0 1.0
0 -3.63327 6.40262 0.15000 -0.56948 -0.81864 0.07426 -0.65399 0.02700 1 0 1.0
0 -2.81578 5.83394 0.15000 -0.56948 -0.81864 0.07426 -0.50684 0.02700 1 0 1.0
bag_strap
0 -2.81578 5.83394 0.15000 -0.56949 -0.81865 -0.07413 -0.50684 0.02700 1 0 1.0
0 -3.63327 6.40262 0.15000 -0.56949 -0.81865 -0.07413 -0.65399 0.02700 1 0 1.0
0 -3.60661 6.44810 -0.55711 -0.56949 -0.81865 -0.07413 -0.64919 -0.10028 1 0 1.0
bag_strap
0 -2.81578 5.83394 0.15000 -0.56941 -0.81870 -0.07426 -0.50684 0.02700 1 0 1.0
0 -3.60661 6.44810 -0.55711 -0.56941 -0.81870 -0.07426 -0.64919 -0.10028 1 0 1.0
0 -2.78791 5.87869 -0.55711 -0.56941 -0.81870 -0.07426 -0.50182 -0.10028 1 0 1.0
bag_strap
0 -2.78791 5.87869 -0.55711 -0.52392 -0.75330 -0.39755 -0.50182 -0.10028 1 0 1.0
0 -3.60661 6.44810 -0.55711 -0.52392 -0.75330 -0.39755 -0.64919 -0.10028 1 0 1.0
0 -3.54225 6.55791 -0.85000 -0.52392 -0.75330 -0.39755 -0.63760 -0.15300 1 0 1.0
bag_strap
0 -2.78791 5.87869 -0.55711 -0.52362 -0.75321 -0.39813 -0.50182 -0.10028 1 0 1.0
0 -3.54225 6.55791 -0.85000 -0.52362 -0.75321 -0.39813 -0.63760 -0.15300 1 0 1.0
0 -2.72062 5.98673 -0.85000 -0.52362 -0.75321 -0.39813 -0.48971 -0.15300 1 0 1.0
bag_strap
0 -2.72062 5.98673 -0.85000 0.52376 0.75341 -0.39755 -0.48971 -0.15300 1 0 1.0
0 -3.54225 6.55791 -0.85000 0.52376 0.75341 -0.39755 -0.63760 -0.15300 1 0 1.0
0 -3.47788 6.66771 -0.55711 0.52376 0.75341 -0.39755 -0.62602 -0.10028 1 0 1.0
bag_strap
0 -2.72062 5.98673 -0.85000 0.52345 0.75332 -0.39813 -0.48971 -0.15300 1 0 1.0
0 -3.47788 6.66771 -0.55711 0.52345 0.75332 -0.39813 -0.62602 -0.10028 1 0 1.0
0 -2.65333 6.09476 -0.55711 0.52345 0.75332 -0.39813 -0.47760 -0.10028 1 0 1.0
bag_strap
0 -2.65333 6.09476 -0.55711 0.56906 0.81895 -0.07413 -0.47760 -0.10028 1 0 1.0
0 -3.47788 6.66771 -0.55711 0.56906 0.81895 -0.07413 -0.62602 -0.10028 1 0 1.0
0 -3.45122 6.71320 0.15000 0.56906 0.81895 -0.07413 -0.62122 0.02700 1 0 1.0
bag_strap
0 -2.65333 6.09476 -0.55711 0.56898 0.81899 -0.07426 -0.47760 -0.10028 1 0 1.0
0 -3.45122 6.71320 0.15000 0.56898 0.81899 -0.07426 -0.62122 0.02700 1 0 1.0
0 -2.62546 6.13952 0.15000 0.56898 0.81899 -0.07426 -0.47258 0.02700 1 0 1.0
bag_strap
0 -3.45122 6.71320 0.15000 0.43531 0.89722 0.07412 -0.62122 0.02700 1 0 1.0
0 -4.36401 7.15606 0.15000 0.43531 0.89722 0.07412 -0.78552 0.02700 1 0 1.0
0 -4.38319 7.10695 0.85711 0.43531 0.89722 0.07412 -0.78897 0.15428 1 0 1.0
bag_strap
0 -3.45122 6.71320 0.15000 0.43531 0.89722 0.07412 -0.62122 0.02700 1 0 1.0
0 -4.38319 7.10695 0.85711 0.43531 0.89722 0.07412 -0.78897 0.15428 1 0 1.0
0 -3.47788 6.66771 0.85711 0.43531 0.89722 0.07412 -0.62602 0.15428 1 0 1.0
bag_strap
0 -3.47788 6.66771 0.85711 0.40055 0.82557 0.39749 -0.62602 0.15428 1 0 1.0
0 -4.38319 7.10695 0.85711 0.40055 0.82557 0.39749 -0.78897 0.15428 1 0 1.0
0 -4.42948 6.98839 1.15000 0.40055 0.82557 0.39749 -0.79731 0.20700 1 0 1.0
bag_strap
0 -3.47788 6.66771 0.85711 0.40055 0.82555 0.39752 -0.62602 0.15428 1 0 1.0
0 -4.42948 6.98839 1.15000 0.40055 0.82555 0.39752 -0.79731 0.20700 1 0 1.0
0 -3.54225 6.55791 1.15000 0.40055 0.82555 0.39752 -0.63760 0.20700 1 0 1.0
bag_strap
0 -3.54225 6.55791 1.15000 -0.40056 -0.82556 0.39749 -0.63760 0.20700 1 0 1.0
0 -4.42948 6.98839 1.15000 -0.40056 -0.82556 0.39749 -0.79731 0.20700 1 0 1.0
0 -4.47577 6.86982 0.85711 -0.40056 -0.82556 0.39749 -0.80564 0.15428 1 0 1.0
bag_strap
0 -3.54225 6.55791 1.15000 -0.40056 -0.82555 0.39752 -0.63760 0.20700 1 0 1.0
0 -4.47577 6.86982 0.85711 -0.40056 -0.82555 0.39752 -0.80564 0.15428 1 0 1.0
0 -3.60661 6.44810 0.85711 -0.40056 -0.82555 0.39752 -0.64919 0.15428 1 0 1.0
bag_strap
0 -3.60661 6.44810 0.85711 -0.43533 -0.89721 0.07412 -0.64919 0.15428 1 0 1.0
0 -4.47577 6.86982 0.85711 -0.43533 -0.89721 0.07412 -0.80564 0.15428 1 0 1.0
0 -4.49495 6.82071 0.15000 -0.43533 -0.89721 0.07412 -0.80909 0.02700 1 0 1.0
bag_strap
0 -3.60661 6.44810 0.85711 -0.43534 -0.89721 0.07412 -0.64919 0.15428 1 0 1.0
0 -4.49495 6.82071 0.15000 -0.43534 -0.89721 0.07412 -0.80909 0.02700 1 0 1.0
0 -3.63327 6.40262 0.15000 -0.43534 -0.89721 0.07412 -0.65399 0.02700 1 0 1.0
bag_strap
0 -3.63327 6.40262 0.15000 -0.43534 -0.89721 -0.07412 -0.65399 0.02700 1 0 1.0
0 -4.49495 6.82071 0.15000 -0.43534 -0.89721 -0.07412 -0.80909 0.02700 1 0 1.0
0 -4.47577 6.86982 -0.55711 -0.43534 -0.89721 -0.07412 -0.80564 -0.10028 1 0 1.0
bag_strap
0 -3.63327 6.40262 0.15000 -0.43533 -0.89721 -0.07412 -0.65399 0.02700 1 0 1.0
0 -4.47577 6.86982 -0.55711 -0.43533 -0.89721 -0.07412 -0.80564 -0.10028 1 0 1.0
0 -3.60661 6.44810 -0.55711 -0.43533 -0.89721 -0.07412 -0.64919 -0.10028 1 0 1.0
bag_strap
0 -3.60661 6.44810 -0.55711 -0.40057 -0.82556 -0.39749 -0.64919 -0.10028 1 0 1.0
0 -4.47577 6.86982 -0.55711 -0.40057 -0.82556 -0.39749 -0.80564 -0.10028 1 0 1.0
0 -4.42948 6.98839 -0.85000 -0.40057 -0.82556 -0.39749 -0.79731 -0.15300 1 0 1.0
bag_strap
0 -3.60661 6.44810 -0.55711 -0.40055 -0.82555 -0.39752 -0.64919 -0.10028 1 0 1.0
0 -4.42948 6.98839 -0.85000 -0.40055 -0.82555 -0.39752 -0.79731 -0.15300 1 0 1.0
0 -3.54225 6.55791 -0.85000 -0.40055 -0.82555 -0.39752 -0.63760 -0.15300 1 0 1.0
bag_strap
0 -3.54225 6.55791 -0.85000 0.40056 0.82556 -0.39749 -0.63760 -0.15300 1 0 1.0
0 -4.42948 6.98839 -0.85000 0.40056 0.82556 -0.39749 -0.79731 -0.15300 1 0 1.0
0 -4.38319 7.10695 -0.55711 0.40056 0.82556 -0.39749 -0.78897 -0.10028 1 0 1.0
bag_strap
0 -3.54225 6.55791 -0.85000 0.40054 0.82556 -0.39752 -0.63760 -0.15300 1 0 1.0
0 -4.38319 7.10695 -0.55711 0.40054 0.82556 -0.39752 -0.78897 -0.10028 1 0 1.0
0 -3.47788 6.66771 -0.55711 0.40054 0.82556 -0.39752 -0.62602 -0.10028 1 0 1.0
bag_strap
0 -3.47788 6.66771 -0.55711 0.43531 0.89722 -0.07412 -0.62602 -0.10028 1 0 1.0
0 -4.38319 7.10695 -0.55711 0.43531 0.89722 -0.07412 -0.78897 -0.10028 1 0 1.0
0 -4.36401 7.15606 0.15000 0.43531 0.89722 -0.07412 -0.78552 0.02700 1 0 1.0
bag_strap
0 -3.47788 6.66771 -0.55711 0.43531 0.89722 -0.07412 -0.62602 -0.10028 1 0 1.0
0 -4.36401 7.15606 0.15000 0.43531 0.89722 -0.07412 -0.78552 0.02700 1 0 1.0
0 -3.45122 6.71320 0.15000 0.43531 0.89722 -0.07412 -0.62122 0.02700 1 0 1.0
bag_strap
0 -4.36401 7.15606 0.15000 0.28692 0.95508 0.07411 -0.78552 0.02700 1 0 1.0
0 -5.32564 7.44494 0.15000 0.28692 0.95508 0.07411 -0.95861 0.02700 1 0 1.0
0 -5.33666 7.39339 0.85711 0.28692 0.95508 0.07411 -0.96060 0.15428 1 0 1.0
bag_strap
0 -4.36401 7.15606 0.15000 0.28693 0.95508 0.07411 -0.78552 0.02700 1 0 1.0
0 -5.33666 7.39339 0.85711 0.28693 0.95508 0.07411 -0.96060 0.15428 1 0 1.0
0 -4.38319 7.10695 0.85711 0.28693 0.95508 0.07411 -0.78897 0.15428 1 0 1.0
bag_strap
0 -4.38319 7.10695 0.85711 0.26402 0.87882 0.39745 -0.78897 0.15428 1 0 1.0
0 -5.33666 7.39339 0.85711 0.26402 0.87882 0.39745 -0.96060 0.15428 1 0 1.0
0 -5.36328 7.26893 1.15000 0.26402 0.87882 0.39745 -0.96539 0.20700 1 0 1.0
bag_strap
0 -4.38319 7.10695 0.85711 0.26402 0.87881 0.39747 -0.78897 0.15428 1 0 1.0
0 -5.36328 7.26893 1.15000 0.26402 0.87881 0.39747 -0.96539 0.20700 1 0 1.0
0 -4.42948 6.98839 1.15000 0.26402 0.87881 0.39747 -0.79731 0.20700 1 0 1.0
bag_strap
0 -4.42948 6.98839 1.15000 -0.26402 -0.87882 0.39745 -0.79731 0.20700 1 0 1.0
0 -5.36328 7.26893 1.15000 -0.26402 -0.87882 0.39745 -0.96539 0.20700 1 0 1.0
0 -5.38990 7.14446 0.85711 -0.26402 -0.87882 0.39745 -0.97018 0.15428 1 0 1.0
bag_strap
0 -4.42948 6.98839 1.15000 -0.26403 -0.87881 0.39747 -0.79731 0.20700 1 0 1.0
0 -5.38990 7.14446 0.85711 -0.26403 -0.87881 0.39747 -0.97018 0.15428 1 0 1.0
0 -4.47577 6.86982 0.85711 -0.26403 -0.87881 0.39747 -0.80564 0.15428 1 0 1.0
bag_strap
0 -4.47577 6.86982 0.85711 -0.28694 -0.95508 0.07411 -0.80564 0.15428 1 0 1.0
0 -5.38990 7.14446 0.85711 -0.28694 -0.95508 0.07411 -0.97018 0.15428 1 0 1.0
0 -5.40093 7.09291 0.15000 -0.28694 -0.95508 0.07411 -0.97217 0.02700 1 0 1.0
bag_strap
0 -4.47577 6.86982 0.85711 -0.28694 -0.95508 0.07411 -0.80564 0.15428 1 0 1.0
0 -5.40093 7.09291 0.15000 -0.28694 -0.95508 0.07411 -0.97217 0.02700 1 0 1.0
0 -4.49495 6.82071 0.15000 -0.28694 -0.95508 0.07411 -0.80909 0.02700 1 0 1.0
bag_strap
0 -4.49495 6.82071 0.15000 -0.28694 -0.95508 -0.07411 -0.80909 0.02700 1 0 1.0
0 -5.40093 7.09291 0.15000 -0.28694 -0.95508 -0.07411 -0.97217 0.02700 1 0 1.0
0 -5.38990 7.14446 -0.55711 -0.28694 -0.95508 -0.07411 -0.97018 -0.10028 1 0 1.0
bag_strap
0 -4.49495 6.82071 0.15000 -0.28694 -0.95508 -0.07411 -0.80909 0.02700 1 0 1.0
0 -5.38990 7.14446 -0.55711 -0.28694 -0.95508 -0.07411 -0.97018 -0.10028 1 0 1.0
0 -4.47577 6.86982 -0.55711 -0.28694 -0.95508 -0.07411 -0.80564 -0.10028 1 0 1.0
bag_strap
0 -4.47577 6.86982 -0.55711 -0.26403 -0.87882 -0.39745 -0.80564 -0.10028 1 0 1.0
0 -5.38990 7.14446 -0.55711 -0.26403 -0.87882 -0.39745 -0.97018 -0.10028 1 0 1.0
0 -5.36328 7.26893 -0.85000 -0.26403 -0.87882 -0.39745 -0.96539 -0.15300 1 0 1.0
bag_strap
0 -4.47577 6.86982 -0.55711 -0.26402 -0.87881 -0.39747 -0.80564 -0.10028 1 0 1.0
0 -5.36328 7.26893 -0.85000 -0.26402 -0.87881 -0.39747 -0.96539 -0.15300 1 0 1.0
0 -4.42948 6.98839 -0.85000 -0.26402 -0.87881 -0.39747 -0.79731 -0.15300 1 0 1.0
bag_strap
0 -4.42948 6.98839 -0.85000 0.26402 0.87882 -0.39745 -0.79731 -0.15300 1 0 1.0
0 -5.36328 7.26893 -0.85000 0.26402 0.87882 -0.39745 -0.96539 -0.15300 1 0 1.0
0 -5.33666 7.39339 -0.55711 0.26402 0.87882 -0.39745 -0.96060 -0.10028 1 0 1.0
bag_strap
0 -4.42948 6.98839 -0.85000 0.26401 0.87881 -0.39747 -0.79731 -0.15300 1 0 1.0
0 -5.33666 7.39339 -0.55711 0.26401 0.87881 -0.39747 -0.96060 -0.10028 1 0 1.0
0 -4.38319 7.10695 -0.55711 0.26401 0.87881 -0.39747 -0.78897 -0.10028 1 0 1.0
bag_strap
0 -4.38319 7.10695 -0.55711 0.28693 0.95508 -0.07411 -0.78897 -0.10028 1 0 1.0
0 -5.33666 7.39339 -0.55711 0.28693 0.95508 -0.07411 -0.96060 -0.10028 1 0 1.0
0 -5.32564 7.44494 0.15000 0.28693 0.95508 -0.07411 -0.95861 0.02700 1 0 1.0
bag_strap
0 -4.38319 7.10695 -0.55711 0.28692 0.95508 -0.07411 -0.78897 -0.10028 1 0 1.0
0 -5.32564 7.44494 0.15000 0.28692 0.95508 -0.07411 -0.95861 0.02700 1 0 1.0
0 -4.36401 7.15606 0.15000 0.28692 0.95508 -0.07411 -0.78552 0.02700 1 0 1.0
bag_strap
0 -5.32564 7.44494 0.15000 0.12829 0.98896 0.07410 -0.95861 0.02700 1 0 1.0
0 -6.31517 7.57331 0.15000 0.12829 0.98896 0.07410 -1.13673 0.02700 1 0 1.0
0 -6.31765 7.52065 0.85711 0.12829 0.98896 0.07410 -1.13718 0.15428 1 0 1.0
bag_strap
0 -5.32564 7.44494 0.15000 0.12829 0.98896 0.07411 -0.95861 0.02700 1 0 1.0
0 -6.31765 7.52065 0.85711 0.12829 0.98896 0.07411 -1.13718 0.15428 1 0 1.0
0 -5.33666 7.39339 0.85711 0.12829 0.98896 0.07411 -0.96060 0.15428 1 0 1.0
bag_strap
0 -5.33666 7.39339 0.85711 0.11805 0.91001 0.39743 -0.96060 0.15428 1 0 1.0
0 -6.31765 7.52065 0.85711 0.11805 0.91001 0.39743 -1.13718 0.15428 1 0 1.0
0 -6.32362 7.39351 1.15000 0.11805 0.91001 0.39743 -1.13825 0.20700 1 0 1.0
bag_strap
0 -5.33666 7.39339 0.85711 0.11805 0.91001 0.39743 -0.96060 0.15428 1 0 1.0
0 -6.32362 7.39351 1.15000 0.11805 0.91001 0.39743 -1.13825 0.20700 1 0 1.0
0 -5.36328 7.26893 1.15000 0.11805 0.91001 0.39743 -0.96539 0.20700 1 0 1.0
bag_strap
0 -5.36328 7.26893 1.15000 -0.11805 -0.91001 0.39743 -0.96539 0.20700 1 0 1.0
0 -6.32362 7.39351 1.15000 -0.11805 -0.91001 0.39743 -1.13825 0.20700 1 0 1.0
0 -6.32960 7.26637 0.85711 -0.11805 -0.91001 0.39743 -1.13933 0.15428 1 0 1.0
bag_strap
0 -5.36328 7.26893 1.15000 -0.11806 -0.91000 0.39743 -0.96539 0.20700 1 0 1.0
0 -6.32960 7.26637 0.85711 -0.11806 -0.91000 0.39743 -1.13933 0.15428 1 0 1.0
0 -5.38990 7.14446 0.85711 -0.11806 -0.91000 0.39743 -0.97018 0.15428 1 0 1.0
bag_strap
0 -5.38990 7.14446 0.85711 -0.12830 -0.98896 0.07410 -0.97018 0.15428 1 0 1.0
0 -6.32960 7.26637 0.85711 -0.12830 -0.98896 0.07410 -1.13933 0.15428 1 0 1.0
0 -6.33207 7.21371 0.15000 -0.12830 -0.98896 0.07410 -1.13977 0.02700 1 0 1.0
bag_strap
0 -5.38990 7.14446 0.85711 -0.12830 -0.98896 0.07411 -0.97018 0.15428 1 0 1.0
0 -6.33207 7.21371 0.15000 -0.12830 -0.98896 0.07411 -1.13977 0.02700 1 0 1.0
0 -5.40093 7.09291 0.15000 -0.12830 -0.98896 0.07411 -0.97217 0.02700 1 0 1.0
bag_strap
0 -5.40093 7.09291 0.15000 -0.12830 -0.98896 -0.07410 -0.97217 0.02700 1 0 1.0
0 -6.33207 7.21371 0.15000 -0.12830 -0.98896 -0.07410 -1.13977 0.02700 1 0 1.0
0 -6.32960 7.26637 -0.55711 -0.12830 -0.98896 -0.07410 -1.13933 -0.10028 1 0 1.0
bag_strap
0 -5.40093 7.09291 0.15000 -0.12830 -0.98896 -0.07411 -0.97217 0.02700 1 0 1.0
0 -6.32960 7.26637 -0.55711 -0.12830 -0.98896 -0.07411 -1.13933 -0.10028 1 0 1.0
0 -5.38990 7.14446 -0.55711 -0.12830 -0.98896 -0.07411 -0.97018 -0.10028 1 0 1.0
bag_strap
0 -5.38990 7.14446 -0.55711 -0.11806 -0.91001 -0.39742 -0.97018 -0.10028 1 0 1.0
0 -6.32960 7.26637 -0.55711 -0.11806 -0.91001 -0.39742 -1.13933 -0.10028 1 0 1.0
0 -6.32362 7.39351 -0.85000 -0.11806 -0.91001 -0.39742 -1.13825 -0.15300 1 0 1.0
bag_strap
0 -5.38990 7.14446 -0.55711 -0.11805 -0.91001 -0.39743 -0.97018 -0.10028 1 0 1.0
0 -6.32362 7.39351 -0.85000 -0.11805 -0.91001 -0.39743 -1.13825 -0.15300 1 0 1.0
0 -5.36328 7.26893 -0.85000 -0.11805 -0.91001 -0.39743 -0.96539 -0.15300 1 0 1.0
bag_strap
0 -5.36328 7.26893 -0.85000 0.11805 0.91001 -0.39742 -0.96539 -0.15300 1 0 1.0
0 -6.32362 7.39351 -0.85000 0.11805 0.91001 -0.39742 -1.13825 -0.15300 1 0 1.0
0 -6.31765 7.52065 -0.55711 0.11805 0.91001 -0.39742 -1.13718 -0.10028 1 0 1.0
bag_strap
0 -5.36328 7.26893 -0.85000 0.11805 0.91001 -0.39743 -0.96539 -0.15300 1 0 1.0
0 -6.31765 7.52065 -0.55711 0.11805 0.91001 -0.39743 -1.13718 -0.10028 1 0 1.0
0 -5.33666 7.39339 -0.55711 0.11805 0.91001 -0.39743 -0.96060 -0.10028 1 0 1.0
bag_strap
0 -5.33666 7.39339 -0.55711 0.12829 0.98896 -0.07410 -0.96060 -0.10028 1 0 1.0
0 -6.31765 7.52065 -0.55711 0.12829 0.98896 -0.07410 -1.13718 -0.10028 1 0 1.0
0 -6.31517 7.57331 0.15000 0.12829 0.98896 -0.07410 -1.13673 0.02700 1 0 1.0
bag_strap
0 -5.33666 7.39339 -0.55711 0.12829 0.98896 -0.07411 -0.96060 -0.10028 1 0 1.0
0 -6.31517 7.57331 0.15000 0.12829 0.98896 -0.07411 -1.13673 0.02700 1 0 1.0
0 -5.32564 7.44494 0.15000 0.12829 0.98896 -0.07411 -0.95861 0.02700 1 0 1.0
bag_strap
0 -6.31517 7.57331 0.15000 -0.03512 0.99663 0.07410 -1.13673 0.02700 1 0 1.0
0 -7.31095 7.53823 0.15000 -0.03512 0.99663 0.07410 -1.31597 0.02700 1 0 1.0
0 -7.30478 7.48587 0.85711 -0.03512 0.99663 0.07410 -1.31486 0.15428 1 0 1.0
bag_strap
0 -6.31517 7.57331 0.15000 -0.03512 0.99663 0.07410 -1.13673 0.02700 1 0 1.0
0 -7.30478 7.48587 0.85711 -0.03512 0.99663 0.07410 -1.31486 0.15428 1 0 1.0
0 -6.31765 7.52065 0.85711 -0.03512 0.99663 0.07410 -1.13718 0.15428 1 0 1.0
bag_strap
0 -6.31765 7.52065 0.85711 -0.03231 0.91707 0.39742 -1.13718 0.15428 1 0 1.0
0 -7.30478 7.48587 0.85711 -0.03231 0.91707 0.39742 -1.31486 0.15428 1 0 1.0
0 -7.28989 7.35946 1.15000 -0.03231 0.91707 0.39742 -1.31218 0.20700 1 0 1.0
bag_strap
0 -6.31765 7.52065 0.85711 -0.03231 0.91707 0.39742 -1.13718 0.15428 1 0 1.0
0 -7.28989 7.35946 1.15000 -0.03231 0.91707 0.39742 -1.31218 0.20700 1 0 1.0
0 -6.32362 7.39351 1.15000 -0.03231 0.91707 0.39742 -1.13825 0.20700 1 0 1.0
bag_strap
0 -6.32362 7.39351 1.15000 0.03231 -0.91707 0.39742 -1.13825 0.20700 1 0 1.0
0 -7.28989 7.35946 1.15000 0.03231 -0.91707 0.39742 -1.31218 0.20700 1 0 1.0
0 -7.27499 7.23306 0.85711 0.03231 -0.91707 0.39742 -1.30950 0.15428 1 0 1.0
bag_strap
0 -6.32362 7.39351 1.15000 0.03231 -0.91707 0.39742 -1.13825 0.20700 1 0 1.0
0 -7.27499 7.23306 0.85711 0.03231 -0.91707 0.39742 -1.30950 0.15428 1 0 1.0
0 -6.32960 7.26637 0.85711 0.03231 -0.91707 0.39742 -1.13933 0.15428 1 0 1.0
bag_strap
0 -6.32960 7.26637 0.85711 0.03512 -0.99663 0.07410 -1.13933 0.15428 1 0 1.0
0 -7.27499 7.23306 0.85711 0.03512 -0.99663 0.07410 -1.30950 0.15428 1 0 1.0
0 -7.26882 7.18070 0.15000 0.03512 -0.99663 0.07410 -1.30839 0.02700 1 0 1.0
bag_strap
0 -6.32960 7.26637 0.85711 0.03512 -0.99663 0.07410 -1.13933 0.15428 1 0 1.0
0 -7.26882 7.18070 0.15000 0.03512 -0.99663 0.07410 -1.30839 0.02700 1 0 1.0
0 -6.33207 7.21371 0.15000 0.03512 -0.99663 0.07410 -1.13977 0.02700 1 0 1.0
bag_strap
0 -6.33207 7.21371 0.15000 0.03512 -0.99663 -0.07410 -1.13977 0.02700 1 0 1.0
0 -7.26882 7.18070 0.15000 0.03512 -0.99663 -0.07410 -1.30839 0.02700 1 0 1.0
0 -7.27499 7.23306 -0.55711 0.03512 -0.99663 -0.07410 -1.30950 -0.10028 1 0 1.0
bag_strap
0 -6.33207 7.21371 0.15000 0.03512 -0.99663 -0.07410 -1.13977 0.02700 1 0 1.0
0 -7.27499 7.23306 -0.55711 0.03512 -0.99663 -0.07410 -1.30950 -0.10028 1 0 1.0
0 -6.32960 7.26637 -0.55711 0.03512 -0.99663 -0.07410 -1.13933 -0.10028 1 0 1.0
bag_strap
0 -6.32960 7.26637 -0.55711 0.03231 -0.91707 -0.39742 -1.13933 -0.10028 1 0 1.0
0 -7.27499 7.23306 -0.55711 0.03231 -0.91707 -0.39742 -1.30950 -0.10028 1 0 1.0
0 -7.28989 7.35946 -0.85000 0.03231 -0.91707 -0.39742 -1.31218 -0.15300 1 0 1.0
bag_strap
0 -6.32960 7.26637 -0.55711 0.03231 -0.91707 -0.39742 -1.13933 -0.10028 1 0 1.0
0 -7.28989 7.35946 -0.85000 0.03231 -0.91707 -0.39742 -1.31218 -0.15300 1 0 1.0
0 -6.32362 7.39351 -0.85000 0.03231 -0.91707 -0.39742 -1.13825 -0.15300 1 0 1.0
bag_strap
0 -6.32362 7.39351 -0.85000 -0.03231 0.91707 -0.39742 -1.13825 -0.15300 1 0 1.0
0 -7.28989 7.35946 -0.85000 -0.03231 0.91707 -0.39742 -1.31218 -0.15300 1 0 1.0
0 -7.30478 7.48587 -0.55711 -0.03231 0.91707 -0.39742 -1.31486 -0.10028 1 0 1.0
bag_strap
0 -6.32362 7.39351 -0.85000 -0.03231 0.91707 -0.39742 -1.13825 -0.15300 1 0 1.0
0 -7.30478 7.48587 -0.55711 -0.03231 0.91707 -0.39742 -1.31486 -0.10028 1 0 1.0
0 -6.31765 7.52065 -0.55711 -0.03231 0.91707 -0.39742 -1.13718 -0.10028 1 0 1.0
bag_strap
0 -6.31765 7.52065 -0.55711 -0.03512 0.99663 -0.07410 -1.13718 -0.10028 1 0 1.0
0 -7.30478 7.48587 -0.55711 -0.03512 0.99663 -0.07410 -1.31486 -0.10028 1 0 1.0
0 -7.31095 7.53823 0.15000 -0.03512 0.99663 -0.07410 -1.31597 0.02700 1 0 1.0
bag_strap
0 -6.31765 7.52065 -0.55711 -0.03512 0.99663 -0.07410 -1.13718 -0.10028 1 0 1.0
0 -7.31095 7.53823 0.15000 -0.03512 0.99663 -0.07410 -1.31597 0.02700 1 0 1.0
0 -6.31517 7.57331 0.15000 -0.03512 0.99663 -0.07410 -1.13673 0.02700 1 0 1.0
bag_strap
0 -7.31095 7.53823 0.15000 -0.19720 0.97756 0.07411 -1.31597 0.02700 1 0 1.0
0 -8.29115 7.34049 0.15000 -0.19720 0.97756 0.07411 -1.49241 0.02700 1 0 1.0
0 -8.27656 7.28983 0.85711 -0.19720 0.97756 0.07411 -1.48978 0.15428 1 0 1.0
bag_strap
0 -7.31095 7.53823 0.15000 -0.19721 0.97756 0.07410 -1.31597 0.02700 1 0 1.0
0 -8.27656 7.28983 0.85711 -0.19721 0.97756 0.07410 -1.48978 0.15428 1 0 1.0
0 -7.30478 7.48587 0.85711 -0.19721 0.97756 0.07410 -1.31486 0.15428 1 0 1.0
bag_strap
0 -7.30478 7.48587 0.85711 -0.18146 0.89950 0.39745 -1.31486 0.15428 1 0 1.0
0 -8.27656 7.28983 0.85711 -0.18146 0.89950 0.39745 -1.48978 0.15428 1 0 1.0
0 -8.24135 7.16752 1.15000 -0.18146 0.89950 0.39745 -1.48344 0.20700 1 0 1.0
bag_strap
0 -7.30478 7.48587 0.85711 -0.18147 0.89951 0.39743 -1.31486 0.15428 1 0 1.0
0 -8.24135 7.16752 1.15000 -0.18147 0.89951 0.39743 -1.48344 0.20700 1 0 1.0
0 -7.28989 7.35946 1.15000 -0.18147 0.89951 0.39743 -1.31218 0.20700 1 0 1.0
bag_strap
0 -7.28989 7.35946 1.15000 0.18146 -0.89950 0.39745 -1.31218 0.20700 1 0 1.0
0 -8.24135 7.16752 1.15000 0.18146 -0.89950 0.39745 -1.48344 0.20700 1 0 1.0
0 -8.20614 7.04520 0.85711 0.18146 -0.89950 0.39745 -1.47711 0.15428 1 0 1.0
bag_strap
0 -7.28989 7.35946 1.15000 0.18147 -0.89951 0.39743 -1.31218 0.20700 1 0 1.0
0 -8.20614 7.04520 0.85711 0.18147 -0.89951 0.39743 -1.47711 0.15428 1 0 1.0
0 -7.27499 7.23306 0.85711 0.18147 -0.89951 0.39743 -1.30950 0.15428 1 0 1.0
bag_strap
0 -7.27499 7.23306 0.85711 0.19722 -0.97756 0.07411 -1.30950 0.15428 1 0 1.0
0 -8.20614 7.04520 0.85711 0.19722 -0.97756 0.07411 -1.47711 0.15428 1 0 1.0
0 -8.19156 6.99454 0.15000 0.19722 -0.97756 0.07411 -1.47448 0.02700 1 0 1.0
bag_strap
0 -7.27499 7.23306 0.85711 0.19722 -0.97755 0.07410 -1.30950 0.15428 1 0 1.0
0 -8.19156 6.99454 0.15000 0.19722 -0.97755 0.07410 -1.47448 0.02700 1 0 1.0
0 -7.26882 7.18070 0.15000 0.19722 -0.97755 0.07410 -1.30839 0.02700 1 0 1.0
bag_strap
0 -7.26882 7.18070 0.15000 0.19722 -0.97755 -0.07411 -1.30839 0.02700 1 0 1.0
0 -8.19156 6.99454 0.15000 0.19722 -0.97755 -0.07411 -1.47448 0.02700 1 0 1.0
0 -8.20614 7.04520 -0.55711 0.19722 -0.97755 -0.07411 -1.47711 -0.10028 1 0 1.0
bag_strap
0 -7.26882 7.18070 0.15000 0.19722 -0.97756 -0.07410 -1.30839 0.02700 1 0 1.0
0 -8.20614 7.04520 -0.55711 0.19722 -0.97756 -0.07410 -1.47711 -0.10028 1 0 1.0
0 -7.27499 7.23306 -0.55711 0.19722 -0.97756 -0.07410 -1.30950 -0.10028 1 0 1.0
bag_strap
0 -7.27499 7.23306 -0.55711 0.18147 -0.89950 -0.39745 -1.30950 -0.10028 1 0 1.0
0 -8.20614 7.04520 -0.55711 0.18147 -0.89950 -0.39745 -1.47711 -0.10028 1 0 1.0
0 -8.24135 7.16752 -0.85000 0.18147 -0.89950 -0.39745 -1.48344 -0.15300 1 0 1.0
bag_strap
0 -7.27499 7.23306 -0.55711 0.18147 -0.89951 -0.39743 -1.30950 -0.10028 1 0 1.0
0 -8.24135 7.16752 -0.85000 0.18147 -0.89951 -0.39743 -1.48344 -0.15300 1 0 1.0
0 -7.28989 7.35946 -0.85000 0.18147 -0.89951 -0.39743 -1.31218 -0.15300 1 0 1.0
bag_strap
0 -7.28989 7.35946 -0.85000 -0.18146 0.89950 -0.39745 -1.31218 -0.15300 1 0 1.0
0 -8.24135 7.16752 -0.85000 -0.18146 0.89950 -0.39745 -1.48344 -0.15300 1 0 1.0
0 -8.27656 7.28983 -0.55711 -0.18146 0.89950 -0.39745 -1.48978 -0.10028 1 0 1.0
bag_strap
0 -7.28989 7.35946 -0.85000 -0.18146 0.89951 -0.39743 -1.31218 -0.15300 1 0 1.0
0 -8.27656 7.28983 -0.55711 -0.18146 0.89951 -0.39743 -1.48978 -0.10028 1 0 1.0
0 -7.30478 7.48587 -0.55711 -0.18146 0.89951 -0.39743 -1.31486 -0.10028 1 0 1.0
bag_strap
0 -7.30478 7.48587 -0.55711 -0.19721 0.97756 -0.07411 -1.31486 -0.10028 1 0 1.0
0 -8.27656 7.28983 -0.55711 -0.19721 0.97756 -0.07411 -1.48978 -0.10028 1 0 1.0
0 -8.29115 7.34049 0.15000 -0.19721 0.97756 -0.07411 -1.49241 0.02700 1 0 1.0
bag_strap
0 -7.30478 7.48587 -0.55711 -0.19720 0.97756 -0.07410 -1.31486 -0.10028 1 0 1.0
0 -8.29115 7.34049 0.15000 -0.19720 0.97756 -0.07410 -1.49241 0.02700 1 0 1.0
0 -7.31095 7.53823 0.15000 -0.19720 0.97756 -0.07410 -1.31597 0.02700 1 0 1.0
bag_strap
0 -8.29115 7.34049 0.15000 -0.35205 0.93304 0.07412 -1.49241 0.02700 1 0 1.0
0 -9.23434 6.98461 0.15000 -0.35205 0.93304 0.07412 -1.66218 0.02700 1 0 1.0
0 -9.21187 6.93692 0.85711 -0.35205 0.93304 0.07412 -1.65814 0.15428 1 0 1.0
bag_strap
0 -8.29115 7.34049 0.15000 -0.35205 0.93304 0.07411 -1.49241 0.02700 1 0 1.0
0 -9.21187 6.93692 0.85711 -0.35205 0.93304 0.07411 -1.65814 0.15428 1 0 1.0
0 -8.27656 7.28983 0.85711 -0.35205 0.93304 0.07411 -1.48978 0.15428 1 0 1.0
bag_strap
0 -8.27656 7.28983 0.85711 -0.32394 0.85853 0.39749 -1.48978 0.15428 1 0 1.0
0 -9.21187 6.93692 0.85711 -0.32394 0.85853 0.39749 -1.65814 0.15428 1 0 1.0
0 -9.15760 6.82179 1.15000 -0.32394 0.85853 0.39749 -1.64837 0.20700 1 0 1.0
bag_strap
0 -8.27656 7.28983 0.85711 -0.32395 0.85853 0.39747 -1.48978 0.15428 1 0 1.0
0 -9.15760 6.82179 1.15000 -0.32395 0.85853 0.39747 -1.64837 0.20700 1 0 1.0
0 -8.24135 7.16752 1.15000 -0.32395 0.85853 0.39747 -1.48344 0.20700 1 0 1.0
bag_strap
0 -8.24135 7.16752 1.15000 0.32395 -0.85852 0.39749 -1.48344 0.20700 1 0 1.0
0 -9.15760 6.82179 1.15000 0.32395 -0.85852 0.39749 -1.64837 0.20700 1 0 1.0
0 -9.10334 6.70666 0.85711 0.32395 -0.85852 0.39749 -1.63860 0.15428 1 0 1.0
bag_strap
0 -8.24135 7.16752 1.15000 0.32396 -0.85853 0.39747 -1.48344 0.20700 1 0 1.0
0 -9.10334 6.70666 0.85711 0.32396 -0.85853 0.39747 -1.63860 0.15428 1 0 1.0
0 -8.20614 7.04520 0.85711 0.32396 -0.85853 0.39747 -1.47711 0.15428 1 0 1.0
bag_strap
0 -8.20614 7.04520 0.85711 0.35207 -0.93303 0.07412 -1.47711 0.15428 1 0 1.0
0 -9.10334 6.70666 0.85711 0.35207 -0.93303 0.07412 -1.63860 0.15428 1 0 1.0
0 -9.08086 6.65897 0.15000 0.35207 -0.93303 0.07412 -1.63456 0.02700 1 0 1.0
bag_strap
0 -8.20614 7.04520 0.85711 0.35207 -0.93303 0.07411 -1.47711 0.15428 1 0 1.0
0 -9.08086 6.65897 0.15000 0.35207 -0.93303 0.07411 -1.63456 0.02700 1 0 1.0
0 -8.19156 6.99454 0.15000 0.35207 -0.93303 0.07411 -1.47448 0.02700 1 0 1.0
bag_strap
0 -8.19156 6.99454 0.15000 0.35207 -0.93303 -0.07412 -1.47448 0.02700 1 0 1.0
0 -9.08086 6.65897 0.15000 0.35207 -0.93303 -0.07412 -1.63456 0.02700 1 0 1.0
0 -9.10334 6.70666 -0.55711 0.35207 -0.93303 -0.07412 -1.63860 -0.10028 1 0 1.0
bag_strap
0 -8.19156 6.99454 0.15000 0.35207 -0.93303 -0.07411 -1.47448 0.02700 1 0 1.0
0 -9.10334 6.70666 -0.55711 0.35207 -0.93303 -0.07411 -1.63860 -0.10028 1 0 1.0
0 -8.20614 7.04520 -0.55711 0.35207 -0.93303 -0.07411 -1.47711 -0.10028 1 0 1.0
bag_strap
0 -8.20614 7.04520 -0.55711 0.32395 -0.85852 -0.39749 -1.47711 -0.10028 1 0 1.0
0 -9.10334 6.70666 -0.55711 0.32395 -0.85852 -0.39749 -1.63860 -0.10028 1 0 1.0
0 -9.15760 6.82179 -0.85000 0.32395 -0.85852 -0.39749 -1.64837 -0.15300 1 0 1.0
bag_strap
0 -8.20614 7.04520 -0.55711 0.32395 -0.85853 -0.39747 -1.47711 -0.10028 1 0 1.0
0 -9.15760 6.82179 -0.85000 0.32395 -0.85853 -0.39747 -1.64837 -0.15300 1 0 1.0
0 -8.24135 7.16752 -0.85000 0.32395 -0.85853 -0.39747 -1.48344 -0.15300 1 0 1.0
bag_strap
0 -8.24135 7.16752 -0.85000 -0.32395 0.85852 -0.39749 -1.48344 -0.15300 1 0 1.0
0 -9.15760 6.82179 -0.85000 -0.32395 0.85852 -0.39749 -1.64837 -0.15300 1 0 1.0
0 -9.21187 6.93692 -0.55711 -0.32395 0.85852 -0.39749 -1.65814 -0.10028 1 0 1.0
bag_strap
0 -8.24135 7.16752 -0.85000 -0.32394 0.85853 -0.39747 -1.48344 -0.15300 1 0 1.0
0 -9.21187 6.93692 -0.55711 -0.32394 0.85853 -0.39747 -1.65814 -0.10028 1 0 1.0
0 -8.27656 7.28983 -0.55711 -0.32394 0.85853 -0.39747 -1.48978 -0.10028 1 0 1.0
bag_strap
0 -8.27656 7.28983 -0.55711 -0.35205 0.93304 -0.07412 -1.48978 -0.10028 1 0 1.0
0 -9.21187 6.93692 -0.55711 -0.35205 0.93304 -0.07412 -1.65814 -0.10028 1 0 1.0
0 -9.23434 6.98461 0.15000 -0.35205 0.93304 -0.07412 -1.66218 0.02700 1 0 1.0
bag_strap
0 -8.27656 7.28983 -0.55711 -0.35205 0.93304 -0.07411 -1.48978 -0.10028 1 0 1.0
0 -9.23434 6.98461 0.15000 -0.35205 0.93304 -0.07411 -1.66218 0.02700 1 0 1.0
0 -8.29115 7.34049 0.15000 -0.35205 0.93304 -0.07411 -1.49241 0.02700 1 0 1.0
bag_strap
0 -9.23434 6.98461 0.15000 -0.49467 0.86592 0.07413 -1.66218 0.02700 1 0 1.0
0 -10.12010 6.47861 0.15000 -0.49467 0.86592 0.07413 -1.82162 0.02700 1 0 1.0
0 -10.09048 6.43499 0.85711 -0.49467 0.86592 0.07413 -1.81629 0.15428 1 0 1.0
bag_strap
0 -9.23434 6.98461 0.15000 -0.49467 0.86591 0.07412 -1.66218 0.02700 1 0 1.0
0 -10.09048 6.43499 0.85711 -0.49467 0.86591 0.07412 -1.81629 0.15428 1 0 1.0
0 -9.21187 6.93692 0.85711 -0.49467 0.86591 0.07412 -1.65814 0.15428 1 0 1.0
bag_strap
0 -9.21187 6.93692 0.85711 -0.45515 0.79674 0.39755 -1.65814 0.15428 1 0 1.0
0 -10.09048 6.43499 0.85711 -0.45515 0.79674 0.39755 -1.81629 0.15428 1 0 1.0
0 -10.01898 6.32970 1.15000 -0.45515 0.79674 0.39755 -1.80342 0.20700 1 0 1.0
bag_strap
0 -9.21187 6.93692 0.85711 -0.45517 0.79674 0.39752 -1.65814 0.15428 1 0 1.0
0 -10.01898 6.32970 1.15000 -0.45517 0.79674 0.39752 -1.80342 0.20700 1 0 1.0
0 -9.15760 6.82179 1.15000 -0.45517 0.79674 0.39752 -1.64837 0.20700 1 0 1.0
bag_strap
0 -9.15760 6.82179 1.15000 0.45516 -0.79673 0.39755 -1.64837 0.20700 1 0 1.0
0 -10.01898 6.32970 1.15000 0.45516 -0.79673 0.39755 -1.80342 0.20700 1 0 1.0
0 -9.94748 6.22440 0.85711 0.45516 -0.79673 0.39755 -1.79055 0.15428 1 0 1.0
bag_strap
0 -9.15760 6.82179 1.15000 0.45518 -0.79674 0.39752 -1.64837 0.20700 1 0 1.0
0 -9.94748 6.22440 0.85711 0.45518 -0.79674 0.39752 -1.79055 0.15428 1 0 1.0
0 -9.10334 6.70666 0.85711 0.45518 -0.79674 0.39752 -1.63860 0.15428 1 0 1.0
bag_strap
0 -9.10334 6.70666 0.85711 0.49469 -0.86590 0.07413 -1.63860 0.15428 1 0 1.0
0 -9.94748 6.22440 0.85711 0.49469 -0.86590 0.07413 -1.79055 0.15428 1 0 1.0
0 -9.91786 6.18078 0.15000 0.49469 -0.86590 0.07413 -1.78522 0.02700 1 0 1.0
bag_strap
0 -9.10334 6.70666 0.85711 0.49470 -0.86590 0.07412 -1.63860 0.15428 1 0 1.0
0 -9.91786 6.18078 0.15000 0.49470 -0.86590 0.07412 -1.78522 0.02700 1 0 1.0
0 -9.08086 6.65897 0.15000 0.49470 -0.86590 0.07412 -1.63456 0.02700 1 0 1.0
bag_strap
0 -9.08086 6.65897 0.15000 0.49470 -0.86590 -0.07413 -1.63456 0.02700 1 0 1.0
0 -9.91786 6.18078 0.15000 0.49470 -0.86590 -0.07413 -1.78522 0.02700 1 0 1.0
0 -9.94748 6.22440 -0.55711 0.49470 -0.86590 -0.07413 -1.79055 -0.10028 1 0 1.0
bag_strap
0 -9.08086 6.65897 0.15000 0.49469 -0.86590 -0.07412 -1.63456 0.02700 1 0 1.0
0 -9.94748 6.22440 -0.55711 0.49469 -0.86590 -0.07412 -1.79055 -0.10028 1 0 1.0
0 -9.10334 6.70666 -0.55711 0.49469 -0.86590 -0.07412 -1.63860 -0.10028 1 0 1.0
bag_strap
0 -9.10334 6.70666 -0.55711 0.45517 -0.79673 -0.39755 -1.63860 -0.10028 1 0 1.0
0 -9.94748 6.22440 -0.55711 0.45517 -0.79673 -0.39755 -1.79055 -0.10028 1 0 1.0
0 -10.01898 6.32970 -0.85000 0.45517 -0.79673 -0.39755 -1.80342 -0.15300 1 0 1.0
bag_strap
0 -9.10334 6.70666 -0.55711 0.45517 -0.79674 -0.39752 -1.63860 -0.10028 1 0 1.0
0 -10.01898 6.32970 -0.85000 0.45517 -0.79674 -0.39752 -1.80342 -0.15300 1 0 1.0
0 -9.15760 6.82179 -0.85000 0.45517 -0.79674 -0.39752 -1.64837 -0.15300 1 0 1.0
bag_strap
0 -9.15760 6.82179 -0.85000 -0.45516 0.79673 -0.39755 -1.64837 -0.15300 1 0 1.0
0 -10.01898 6.32970 -0.85000 -0.45516 0.79673 -0.39755 -1.80342 -0.15300 1 0 1.0
0 -10.09048 6.43499 -0.55711 -0.45516 0.79673 -0.39755 -1.81629 -0.10028 1 0 1.0
bag_strap
0 -9.15760 6.82179 -0.85000 -0.45516 0.79675 -0.39752 -1.64837 -0.15300 1 0 1.0
0 -10.09048 6.43499 -0.55711 -0.45516 0.79675 -0.39752 -1.81629 -0.10028 1 0 1.0
0 -9.21187 6.93692 -0.55711 -0.45516 0.79675 -0.39752 -1.65814 -0.10028 1 0 1.0
bag_strap
0 -9.21187 6.93692 -0.55711 -0.49467 0.86591 -0.07413 -1.65814 -0.10028 1 0 1.0
0 -10.09048 6.43499 -0.55711 -0.49467 0.86591 -0.07413 -1.81629 -0.10028 1 0 1.0
0 -10.12010 6.47861 0.15000 -0.49467 0.86591 -0.07413 -1.82162 0.02700 1 0 1.0
bag_strap
0 -9.21187 6.93692 -0.55711 -0.49467 0.86592 -0.07412 -1.65814 -0.10028 1 0 1.0
0 -10.12010 6.47861 0.15000 -0.49467 0.86592 -0.07412 -1.82162 0.02700 1 0 1.0
0 -9.23434 6.98461 0.15000 -0.49467 0.86592 -0.07412 -1.66218 0.02700 1 0 1.0
bag_strap
0 -10.12010 6.47861 0.15000 -0.62144 0.77994 0.07414 -1.82162 0.02700 1 0 1.0
0 -10.92941 5.83377 0.15000 -0.62144 0.77994 0.07414 -1.96729 0.02700 1 0 1.0
0 -10.89355 5.79511 0.85711 -0.62144 0.77994 0.07414 -1.96084 0.15428 1 0 1.0
bag_strap
0 -10.12010 6.47861 0.15000 -0.62145 0.77994 0.07414 -1.82162 0.02700 1 0 1.0
0 -10.89355 5.79511 0.85711 -0.62145 0.77994 0.07414 -1.96084 0.15428 1 0 1.0
0 -10.09048 6.43499 0.85711 -0.62145 0.77994 0.07414 -1.81629 0.15428 1 0 1.0
bag_strap
0 -10.09048 6.43499 0.85711 -0.57178 0.71761 0.39761 -1.81629 0.15428 1 0 1.0
0 -10.89355 5.79511 0.85711 -0.57178 0.71761 0.39761 -1.96084 0.15428 1 0 1.0
0 -10.80700 5.70180 1.15000 -0.57178 0.71761 0.39761 -1.94526 0.20700 1 0 1.0
bag_strap
0 -10.09048 6.43499 0.85711 -0.57180 0.71762 0.39758 -1.81629 0.15428 1 0 1.0
0 -10.80700 5.70180 1.15000 -0.57180 0.71762 0.39758 -1.94526 0.20700 1 0 1.0
0 -10.01898 6.32970 1.15000 -0.57180 0.71762 0.39758 -1.80342 0.20700 1 0 1.0
bag_strap
0 -10.01898 6.32970 1.15000 0.57179 -0.71761 0.39761 -1.80342 0.20700 1 0 1.0
0 -10.80700 5.70180 1.15000 0.57179 -0.71761 0.39761 -1.94526 0.20700 1 0 1.0
0 -10.72044 5.60848 0.85711 0.57179 -0.71761 0.39761 -1.92968 0.15428 1 0 1.0
bag_strap
0 -10.01898 6.32970 1.15000 0.57181 -0.71761 0.39758 -1.80342 0.20700 1 0 1.0
0 -10.72044 5.60848 0.85711 0.57181 -0.71761 0.39758 -1.92968 0.15428 1 0 1.0
0 -9.94748 6.22440 0.85711 0.57181 -0.71761 0.39758 -1.79055 0.15428 1 0 1.0
bag_strap
0 -9.94748 6.22440 0.85711 0.62146 -0.77993 0.07414 -1.79055 0.15428 1 0 1.0
0 -10.72044 5.60848 0.85711 0.62146 -0.77993 0.07414 -1.92968 0.15428 1 0 1.0
0 -10.68459 5.56983 0.15000 0.62146 -0.77993 0.07414 -1.92323 0.02700 1 0 1.0
bag_strap
0 -9.94748 6.22440 0.85711 0.62147 -0.77992 0.07414 -1.79055 0.15428 1 0 1.0
0 -10.68459 5.56983 0.15000 0.62147 -0.77992 0.07414 -1.92323 0.02700 1 0 1.0
0 -9.91786 6.18078 0.15000 0.62147 -0.77992 0.07414 -1.78522 0.02700 1 0 1.0
bag_strap
0 -9.91786 6.18078 0.15000 0.62147 -0.77992 -0.07414 -1.78522 0.02700 1 0 1.0
0 -10.68459 5.56983 0.15000 0.62147 -0.77992 -0.07414 -1.92323 0.02700 1 0 1.0
0 -10.72044 5.60848 -0.55711 0.62147 -0.77992 -0.07414 -1.92968 -0.10028 1 0 1.0
bag_strap
0 -9.91786 6.18078 0.15000 0.62146 -0.77993 -0.07414 -1.78522 0.02700 1 0 1.0
0 -10.72044 5.60848 -0.55711 0.62146 -0.77993 -0.07414 -1.92968 -0.10028 1 0 1.0
0 -9.94748 6.22440 -0.55711 0.62146 -0.77993 -0.07414 -1.79055 -0.10028 1 0 1.0
bag_strap
0 -9.94748 6.22440 -0.55711 0.57180 -0.71760 -0.39761 -1.79055 -0.10028 1 0 1.0
0 -10.72044 5.60848 -0.55711 0.57180 -0.71760 -0.39761 -1.92968 -0.10028 1 0 1.0
0 -10.80700 5.70180 -0.85000 0.57180 -0.71760 -0.39761 -1.94526 -0.15300 1 0 1.0
bag_strap
0 -9.94748 6.22440 -0.55711 0.57180 -0.71762 -0.39758 -1.79055 -0.10028 1 0 1.0
0 -10.80700 5.70180 -0.85000 0.57180 -0.71762 -0.39758 -1.94526 -0.15300 1 0 1.0
0 -10.01898 6.32970 -0.85000 0.57180 -0.71762 -0.39758 -1.80342 -0.15300 1 0 1.0
bag_strap
0 -10.01898 6.32970 -0.85000 -0.57179 0.71761 -0.39761 -1.80342 -0.15300 1 0 1.0
0 -10.80700 5.70180 -0.85000 -0.57179 0.71761 -0.39761 -1.94526 -0.15300 1 0 1.0
0 -10.89355 5.79511 -0.55711 -0.57179 0.71761 -0.39761 -1.96084 -0.10028 1 0 1.0
bag_strap
0 -10.01898 6.32970 -0.85000 -0.57179 0.71762 -0.39758 -1.80342 -0.15300 1 0 1.0
0 -10.89355 5.79511 -0.55711 -0.57179 0.71762 -0.39758 -1.96084 -0.10028 1 0 1.0
0 -10.09048 6.43499 -0.55711 -0.57179 0.71762 -0.39758 -1.81629 -0.10028 1 0 1.0
bag_strap
0 -10.09048 6.43499 -0.55711 -0.62145 0.77994 -0.07414 -1.81629 -0.10028 1 0 1.0
0 -10.89355 5.79511 -0.55711 -0.62145 0.77994 -0.07414 -1.96084 -0.10028 1 0 1.0
0 -10.92941 5.83377 0.15000 -0.62145 0.77994 -0.07414 -1.96729 0.02700 1 0 1.0
bag_strap
0 -10.09048 6.43499 -0.55711 -0.62144 0.77994 -0.07414 -1.81629 -0.10028 1 0 1.0
0 -10.92941 5.83377 0.15000 -0.62144 0.77994 -0.07414 -1.96729 0.02700 1 0 1.0
0 -10.12010 6.47861 0.15000 -0.62144 0.77994 -0.07414 -1.82162 0.02700 1 0 1.0
bag_strap
0 -10.92941 5.83377 0.15000 -0.73022 0.67917 0.07416 1.05008 0.02700 1 0 1.0
0 -11.64510 5.06427 0.15000 -0.73022 0.67917 0.07416 0.91157 0.02700 1 0 1.0
0 -11.60400 5.03126 0.85711 -0.73022 0.67917 0.07416 0.90563 0.15428 1 0 1.0
bag_strap
0 -10.92941 5.83377 0.15000 -0.73023 0.67917 0.07415 1.05008 0.02700 1 0 1.0
0 -11.60400 5.03126 0.85711 -0.73023 0.67917 0.07415 0.90563 0.15428 1 0 1.0
0 -10.89355 5.79511 0.85711 -0.73023 0.67917 0.07415 1.04312 0.15428 1 0 1.0
bag_strap
0 -10.89355 5.79511 0.85711 -0.67185 0.62488 0.39767 1.04312 0.15428 1 0 1.0
0 -11.60400 5.03126 0.85711 -0.67185 0.62488 0.39767 0.90563 0.15428 1 0 1.0
0 -11.50476 4.95157 1.15000 -0.67185 0.62488 0.39767 0.89128 0.20700 1 0 1.0
bag_strap
0 -10.89355 5.79511 0.85711 -0.67187 0.62488 0.39764 1.04312 0.15428 1 0 1.0
0 -11.50476 4.95157 1.15000 -0.67187 0.62488 0.39764 0.89128 0.20700 1 0 1.0
0 -10.80700 5.70180 1.15000 -0.67187 0.62488 0.39764 1.02632 0.20700 1 0 1.0
bag_strap
0 -10.80700 5.70180 1.15000 0.67186 -0.62487 0.39767 1.02632 0.20700 1 0 1.0
0 -11.50476 4.95157 1.15000 0.67186 -0.62487 0.39767 0.89128 0.20700 1 0 1.0
0 -11.40552 4.87187 0.85711 0.67186 -0.62487 0.39767 0.87694 0.15428 1 0 1.0
bag_strap
0 -10.80700 5.70180 1.15000 0.67188 -0.62487 0.39764 1.02632 0.20700 1 0 1.0
0 -11.40552 4.87187 0.85711 0.67188 -0.62487 0.39764 0.87694 0.15428 1 0 1.0
0 -10.72044 5.60848 0.85711 0.67188 -0.62487 0.39764 1.00953 0.15428 1 0 1.0
bag_strap
0 -10.72044 5.60848 0.85711 0.73024 -0.67915 0.07416 1.00953 0.15428 1 0 1.0
0 -11.40552 4.87187 0.85711 0.73024 -0.67915 0.07416 0.87694 0.15428 1 0 1.0
0 -11.36441 4.83886 0.15000 0.73024 -0.67915 0.07416 0.87099 0.02700 1 0 1.0
bag_strap
0 -10.72044 5.60848 0.85711 0.73025 -0.67915 0.07415 1.00953 0.15428 1 0 1.0
0 -11.36441 4.83886 0.15000 0.73025 -0.67915 0.07415 0.87099 0.02700 1 0 1.0
0 -10.68459 5.56983 0.15000 0.73025 -0.67915 0.07415 1.00257 0.02700 1 0 1.0
bag_strap
0 -10.68459 5.56983 0.15000 0.73025 -0.67915 -0.07416 1.00257 0.02700 1 0 1.0
0 -11.36441 4.83886 0.15000 0.73025 -0.67915 -0.07416 0.87099 0.02700 1 0 1.0
0 -11.40552 4.87187 -0.55711 0.73025 -0.67915 -0.07416 0.87694 -0.10028 1 0 1.0
bag_strap
0 -10.68459 5.56983 0.15000 0.73024 -0.67915 -0.07415 1.00257 0.02700 1 0 1.0
0 -11.40552 4.87187 -0.55711 0.73024 -0.67915 -0.07415 0.87694 -0.10028 1 0 1.0
0 -10.72044 5.60848 -0.55711 0.73024 -0.67915 -0.07415 1.00953 -0.10028 1 0 1.0
bag_strap
0 -10.72044 5.60848 -0.55711 0.67187 -0.62486 -0.39767 1.00953 -0.10028 1 0 1.0
0 -11.40552 4.87187 -0.55711 0.67187 -0.62486 -0.39767 0.87694 -0.10028 1 0 1.0
0 -11.50476 4.95157 -0.85000 0.67187 -0.62486 -0.39767 0.89128 -0.15300 1 0 1.0
bag_strap
0 -10.72044 5.60848 -0.55711 0.67187 -0.62488 -0.39764 1.00953 -0.10028 1 0 1.0
0 -11.50476 4.95157 -0.85000 0.67187 -0.62488 -0.39764 0.89128 -0.15300 1 0 1.0
0 -10.80700 5.70180 -0.85000 0.67187 -0.62488 -0.39764 1.02632 -0.15300 1 0 1.0
bag_strap
0 -10.80700 5.70180 -0.85000 -0.67186 0.62487 -0.39767 1.02632 -0.15300 1 0 1.0
0 -11.50476 4.95157 -0.85000 -0.67186 0.62487 -0.39767 0.89128 -0.15300 1 0 1.0
0 -11.60400 5.03126 -0.55711 -0.67186 0.62487 -0.39767 0.90563 -0.10028 1 0 1.0
bag_strap
0 -10.80700 5.70180 -0.85000 -0.67186 0.62489 -0.39764 1.02632 -0.15300 1 0 1.0
0 -11.60400 5.03126 -0.55711 -0.67186 0.62489 -0.39764 0.90563 -0.10028 1 0 1.0
0 -10.89355 5.79511 -0.55711 -0.67186 0.62489 -0.39764 1.04312 -0.10028 1 0 1.0
bag_strap
0 -10.89355 5.79511 -0.55711 -0.73023 0.67917 -0.07416 1.04312 -0.10028 1 0 1.0
0 -11.60400 5.03126 -0.55711 -0.73023 0.67917 -0.07416 0.90563 -0.10028 1 0 1.0
0 -11.64510 5.06427 0.15000 -0.73023 0.67917 -0.07416 0.91157 0.02700 1 0 1.0
bag_strap
0 -10.89355 5.79511 -0.55711 -0.73022 0.67917 -0.07415 1.04312 -0.10028 1 0 1.0
0 -11.64510 5.06427 0.15000 -0.73022 0.67917 -0.07415 0.91157 0.02700 1 0 1.0
0 -10.92941 5.83377 0.15000 -0.73022 0.67917 -0.07415 1.05008 0.02700 1 0 1.0
bag_strap
0 -11.64510 5.06427 0.15000 -0.82011 0.56738 0.07417 0.91157 0.02700 1 0 1.0
0 -12.25213 4.18686 0.15000 -0.82011 0.56738 0.07417 0.75363 0.02700 1 0 1.0
0 -12.20678 4.15998 0.85711 -0.82011 0.56738 0.07417 0.74880 0.15428 1 0 1.0
bag_strap
0 -11.64510 5.06427 0.15000 -0.82011 0.56738 0.07416 0.91157 0.02700 1 0 1.0
0 -12.20678 4.15998 0.85711 -0.82011 0.56738 0.07416 0.74880 0.15428 1 0 1.0
0 -11.60400 5.03126 0.85711 -0.82011 0.56738 0.07416 0.90563 0.15428 1 0 1.0
bag_strap
0 -11.60400 5.03126 0.85711 -0.75453 0.52201 0.39772 0.90563 0.15428 1 0 1.0
0 -12.20678 4.15998 0.85711 -0.75453 0.52201 0.39772 0.74880 0.15428 1 0 1.0
0 -12.09728 4.09510 1.15000 -0.75453 0.52201 0.39772 0.73712 0.20700 1 0 1.0
bag_strap
0 -11.60400 5.03126 0.85711 -0.75455 0.52201 0.39770 0.90563 0.15428 1 0 1.0
0 -12.09728 4.09510 1.15000 -0.75455 0.52201 0.39770 0.73712 0.20700 1 0 1.0
0 -11.50476 4.95157 1.15000 -0.75455 0.52201 0.39770 0.89128 0.20700 1 0 1.0
bag_strap
0 -11.50476 4.95157 1.15000 0.75454 -0.52201 0.39772 0.89128 0.20700 1 0 1.0
0 -12.09728 4.09510 1.15000 0.75454 -0.52201 0.39772 0.73712 0.20700 1 0 1.0
0 -11.98778 4.03021 0.85711 0.75454 -0.52201 0.39772 0.72544 0.15428 1 0 1.0
bag_strap
0 -11.50476 4.95157 1.15000 0.75455 -0.52200 0.39770 0.89128 0.20700 1 0 1.0
0 -11.98778 4.03021 0.85711 0.75455 -0.52200 0.39770 0.72544 0.15428 1 0 1.0
0 -11.40552 4.87187 0.85711 0.75455 -0.52200 0.39770 0.87694 0.15428 1 0 1.0
bag_strap
0 -11.40552 4.87187 0.85711 0.82012 -0.56737 0.07417 0.87694 0.15428 1 0 1.0
0 -11.98778 4.03021 0.85711 0.82012 -0.56737 0.07417 0.72544 0.15428 1 0 1.0
0 -11.94243 4.00334 0.15000 0.82012 -0.56737 0.07417 0.72060 0.02700 1 0 1.0
bag_strap
0 -11.40552 4.87187 0.85711 0.82012 -0.56736 0.07416 0.87694 0.15428 1 0 1.0
0 -11.94243 4.00334 0.15000 0.82012 -0.56736 0.07416 0.72060 0.02700 1 0 1.0
0 -11.36441 4.83886 0.15000 0.82012 -0.56736 0.07416 0.87099 0.02700 1 0 1.0
bag_strap
0 -11.36441 4.83886 0.15000 0.82012 -0.56736 -0.07417 0.87099 0.02700 1 0 1.0
0 -11.94243 4.00334 0.15000 0.82012 -0.56736 -0.07417 0.72060 0.02700 1 0 1.0
0 -11.98778 4.03021 -0.55711 0.82012 -0.56736 -0.07417 0.72544 -0.10028 1 0 1.0
bag_strap
0 -11.36441 4.83886 0.15000 0.82012 -0.56737 -0.07416 0.87099 0.02700 1 0 1.0
0 -11.98778 4.03021 -0.55711 0.82012 -0.56737 -0.07416 0.72544 -0.10028 1 0 1.0
0 -11.40552 4.87187 -0.55711 0.82012 -0.56737 -0.07416 0.87694 -0.10028 1 0 1.0
bag_strap
0 -11.40552 4.87187 -0.55711 0.75454 -0.52200 -0.39772 0.87694 -0.10028 1 0 1.0
0 -11.98778 4.03021 -0.55711 0.75454 -0.52200 -0.39772 0.72544 -0.10028 1 0 1.0
0 -12.09728 4.09510 -0.85000 0.75454 -0.52200 -0.39772 0.73712 -0.15300 1 0 1.0
bag_strap
0 -11.40552 4.87187 -0.55711 0.75455 -0.52201 -0.39770 0.87694 -0.10028 1 0 1.0
0 -12.09728 4.09510 -0.85000 0.75455 -0.52201 -0.39770 0.73712 -0.15300 1 0 1.0
0 -11.50476 4.95157 -0.85000 0.75455 -0.52201 -0.39770 0.89128 -0.15300 1 0 1.0
bag_strap
0 -11.50476 4.95157 -0.85000 -0.75454 0.52201 -0.39772 0.89128 -0.15300 1 0 1.0
0 -12.09728 4.09510 -0.85000 -0.75454 0.52201 -0.39772 0.73712 -0.15300 1 0 1.0
0 -12.20678 4.15998 -0.55711 -0.75454 0.52201 -0.39772 0.74880 -0.10028 1 0 1.0
bag_strap
0 -11.50476 4.95157 -0.85000 -0.75454 0.52202 -0.39770 0.89128 -0.15300 1 0 1.0
0 -12.20678 4.15998 -0.55711 -0.75454 0.52202 -0.39770 0.74880 -0.10028 1 0 1.0
0 -11.60400 5.03126 -0.55711 -0.75454 0.52202 -0.39770 0.90563 -0.10028 1 0 1.0
bag_strap
0 -11.60400 5.03126 -0.55711 -0.82011 0.56738 -0.07417 0.90563 -0.10028 1 0 1.0
0 -12.20678 4.15998 -0.55711 -0.82011 0.56738 -0.07417 0.74880 -0.10028 1 0 1.0
0 -12.25213 4.18686 0.15000 -0.82011 0.56738 -0.07417 0.75363 0.02700 1 0 1.0
bag_strap
0 -11.60400 5.03126 -0.55711 -0.82011 0.56738 -0.07416 0.90563 -0.10028 1 0 1.0
0 -12.25213 4.18686 0.15000 -0.82011 0.56738 -0.07416 0.75363 0.02700 1 0 1.0
0 -11.64510 5.06427 0.15000 -0.82011 0.56738 -0.07416 0.91157 0.02700 1 0 1.0
bag_strap
0 -12.25213 4.18686 0.15000 -0.89105 0.44781 0.07418 0.75363 0.02700 1 0 1.0
0 -12.73783 3.22043 0.15000 -0.89105 0.44781 0.07418 0.57968 0.02700 1 0 1.0
0 -12.68922 3.20002 0.85711 -0.89105 0.44781 0.07418 0.57600 0.15428 1 0 1.0
bag_strap
0 -12.25213 4.18686 0.15000 -0.89105 0.44781 0.07418 0.75363 0.02700 1 0 1.0
0 -12.68922 3.20002 0.85711 -0.89105 0.44781 0.07418 0.57600 0.15428 1 0 1.0
0 -12.20678 4.15998 0.85711 -0.89105 0.44781 0.07418 0.74880 0.15428 1 0 1.0
bag_strap
0 -12.20678 4.15998 0.85711 -0.81978 0.41199 0.39777 0.74880 0.15428 1 0 1.0
0 -12.68922 3.20002 0.85711 -0.81978 0.41199 0.39777 0.57600 0.15428 1 0 1.0
0 -12.57186 3.15077 1.15000 -0.81978 0.41199 0.39777 0.56714 0.20700 1 0 1.0
bag_strap
0 -12.20678 4.15998 0.85711 -0.81979 0.41199 0.39775 0.74880 0.15428 1 0 1.0
0 -12.57186 3.15077 1.15000 -0.81979 0.41199 0.39775 0.56714 0.20700 1 0 1.0
0 -12.09728 4.09510 1.15000 -0.81979 0.41199 0.39775 0.73712 0.20700 1 0 1.0
bag_strap
0 -12.09728 4.09510 1.15000 0.81978 -0.41199 0.39777 0.73712 0.20700 1 0 1.0
0 -12.57186 3.15077 1.15000 0.81978 -0.41199 0.39777 0.56714 0.20700 1 0 1.0
0 -12.45450 3.10151 0.85711 0.81978 -0.41199 0.39777 0.55827 0.15428 1 0 1.0
bag_strap
0 -12.09728 4.09510 1.15000 0.81980 -0.41198 0.39775 0.73712 0.20700 1 0 1.0
0 -12.45450 3.10151 0.85711 0.81980 -0.41198 0.39775 0.55827 0.15428 1 0 1.0
0 -11.98778 4.03021 0.85711 0.81980 -0.41198 0.39775 0.72544 0.15428 1 0 1.0
bag_strap
0 -11.98778 4.03021 0.85711 0.89105 -0.44779 0.07418 0.72544 0.15428 1 0 1.0
0 -12.45450 3.10151 0.85711 0.89105 -0.44779 0.07418 0.55827 0.15428 1 0 1.0
0 -12.40588 3.08111 0.15000 0.89105 -0.44779 0.07418 0.55460 0.02700 1 0 1.0
bag_strap
0 -11.98778 4.03021 0.85711 0.89106 -0.44779 0.07417 0.72544 0.15428 1 0 1.0
0 -12.40588 3.08111 0.15000 0.89106 -0.44779 0.07417 0.55460 0.02700 1 0 1.0
0 -11.94243 4.00334 0.15000 0.89106 -0.44779 0.07417 0.72060 0.02700 1 0 1.0
bag_strap
0 -11.94243 4.00334 0.15000 0.89106 -0.44779 -0.07418 0.72060 0.02700 1 0 1.0
0 -12.40588 3.08111 0.15000 0.89106 -0.44779 -0.07418 0.55460 0.02700 1 0 1.0
0 -12.45450 3.10151 -0.55711 0.89106 -0.44779 -0.07418 0.55827 -0.10028 1 0 1.0
bag_strap
0 -11.94243 4.00334 0.15000 0.89105 -0.44779 -0.07417 0.72060 0.02700 1 0 1.0
0 -12.45450 3.10151 -0.55711 0.89105 -0.44779 -0.07417 0.55827 -0.10028 1 0 1.0
0 -11.98778 4.03021 -0.55711 0.89105 -0.44779 -0.07417 0.72544 -0.10028 1 0 1.0
bag_strap
0 -11.98778 4.03021 -0.55711 0.81979 -0.41198 -0.39777 0.72544 -0.10028 1 0 1.0
0 -12.45450 3.10151 -0.55711 0.81979 -0.41198 -0.39777 0.55827 -0.10028 1 0 1.0
0 -12.57186 3.15077 -0.85000 0.81979 -0.41198 -0.39777 0.56714 -0.15300 1 0 1.0
bag_strap
0 -11.98778 4.03021 -0.55711 0.81979 -0.41199 -0.39775 0.72544 -0.10028 1 0 1.0
0 -12.57186 3.15077 -0.85000 0.81979 -0.41199 -0.39775 0.56714 -0.15300 1 0 1.0
0 -12.09728 4.09510 -0.85000 0.81979 -0.41199 -0.39775 0.73712 -0.15300 1 0 1.0
bag_strap
0 -12.09728 4.09510 -0.85000 -0.81978 0.41199 -0.39777 0.73712 -0.15300 1 0 1.0
0 -12.57186 3.15077 -0.85000 -0.81978 0.41199 -0.39777 0.56714 -0.15300 1 0 1.0
0 -12.68922 3.20002 -0.55711 -0.81978 0.41199 -0.39777 0.57600 -0.10028 1 0 1.0
bag_strap
0 -12.09728 4.09510 -0.85000 -0.81979 0.41200 -0.39775 0.73712 -0.15300 1 0 1.0
0 -12.68922 3.20002 -0.55711 -0.81979 0.41200 -0.39775 0.57600 -0.10028 1 0 1.0
0 -12.20678 4.15998 -0.55711 -0.81979 0.41200 -0.39775 0.74880 -0.10028 1 0 1.0
bag_strap
0 -12.20678 4.15998 -0.55711 -0.89105 0.44781 -0.07418 0.74880 -0.10028 1 0 1.0
0 -12.68922 3.20002 -0.55711 -0.89105 0.44781 -0.07418 0.57600 -0.10028 1 0 1.0
0 -12.73783 3.22043 0.15000 -0.89105 0.44781 -0.07418 0.57968 0.02700 1 0 1.0
bag_strap
0 -12.20678 4.15998 -0.55711 -0.89105 0.44781 -0.07418 0.74880 -0.10028 1 0 1.0
0 -12.73783 3.22043 0.15000 -0.89105 0.44781 -0.07418 0.57968 0.02700 1 0 1.0
0 -12.25213 4.18686 0.15000 -0.89105 0.44781 -0.07418 0.75363 0.02700 1 0 1.0
bag_strap
0 -12.73783 3.22043 0.15000 -0.94348 0.32302 0.07419 0.57968 0.02700 1 0 1.0
0 -13.09212 2.18564 0.15000 -0.94348 0.32302 0.07419 0.39341 0.02700 1 0 1.0
0 -13.04121 2.17193 0.85711 -0.94348 0.32302 0.07419 0.39095 0.15428 1 0 1.0
bag_strap
0 -12.73783 3.22043 0.15000 -0.94348 0.32302 0.07418 0.57968 0.02700 1 0 1.0
0 -13.04121 2.17193 0.85711 -0.94348 0.32302 0.07418 0.39095 0.15428 1 0 1.0
0 -12.68922 3.20002 0.85711 -0.94348 0.32302 0.07418 0.57600 0.15428 1 0 1.0
bag_strap
0 -12.68922 3.20002 0.85711 -0.86801 0.29718 0.39780 0.57600 0.15428 1 0 1.0
0 -13.04121 2.17193 0.85711 -0.86801 0.29718 0.39780 0.39095 0.15428 1 0 1.0
0 -12.91831 2.13884 1.15000 -0.86801 0.29718 0.39780 0.38499 0.20700 1 0 1.0
bag_strap
0 -12.68922 3.20002 0.85711 -0.86801 0.29718 0.39779 0.57600 0.15428 1 0 1.0
0 -12.91831 2.13884 1.15000 -0.86801 0.29718 0.39779 0.38499 0.20700 1 0 1.0
0 -12.57186 3.15077 1.15000 -0.86801 0.29718 0.39779 0.56714 0.20700 1 0 1.0
bag_strap
0 -12.57186 3.15077 1.15000 0.86801 -0.29718 0.39780 0.56714 0.20700 1 0 1.0
0 -12.91831 2.13884 1.15000 0.86801 -0.29718 0.39780 0.38499 0.20700 1 0 1.0
0 -12.79541 2.10574 0.85711 0.86801 -0.29718 0.39780 0.37903 0.15428 1 0 1.0
bag_strap
0 -12.57186 3.15077 1.15000 0.86802 -0.29717 0.39779 0.56714 0.20700 1 0 1.0
0 -12.79541 2.10574 0.85711 0.86802 -0.29717 0.39779 0.37903 0.15428 1 0 1.0
0 -12.45450 3.10151 0.85711 0.86802 -0.29717 0.39779 0.55827 0.15428 1 0 1.0
bag_strap
0 -12.45450 3.10151 0.85711 0.94348 -0.32301 0.07419 0.55827 0.15428 1 0 1.0
0 -12.79541 2.10574 0.85711 0.94348 -0.32301 0.07419 0.37903 0.15428 1 0 1.0
0 -12.74450 2.09203 0.15000 0.94348 -0.32301 0.07419 0.37657 0.02700 1 0 1.0
bag_strap
0 -12.45450 3.10151 0.85711 0.94348 -0.32301 0.07418 0.55827 0.15428 1 0 1.0
0 -12.74450 2.09203 0.15000 0.94348 -0.32301 0.07418 0.37657 0.02700 1 0 1.0
0 -12.40588 3.08111 0.15000 0.94348 -0.32301 0.07418 0.55460 0.02700 1 0 1.0
bag_strap
0 -12.40588 3.08111 0.15000 0.94348 -0.32301 -0.07419 0.55460 0.02700 1 0 1.0
0 -12.74450 2.09203 0.15000 0.94348 -0.32301 -0.07419 0.37657 0.02700 1 0 1.0
0 -12.79541 2.10574 -0.55711 0.94348 -0.32301 -0.07419 0.37903 -0.10028 1 0 1.0
bag_strap
0 -12.40588 3.08111 0.15000 0.94348 -0.32301 -0.07418 0.55460 0.02700 1 0 1.0
0 -12.79541 2.10574 -0.55711 0.94348 -0.32301 -0.07418 0.37903 -0.10028 1 0 1.0
0 -12.45450 3.10151 -0.55711 0.94348 -0.32301 -0.07418 0.55827 -0.10028 1 0 1.0
bag_strap
0 -12.45450 3.10151 -0.55711 0.86801 -0.29717 -0.39780 0.55827 -0.10028 1 0 1.0
0 -12.79541 2.10574 -0.55711 0.86801 -0.29717 -0.39780 0.37903 -0.10028 1 0 1.0
0 -12.91831 2.13884 -0.85000 0.86801 -0.29717 -0.39780 0.38499 -0.15300 1 0 1.0
bag_strap
0 -12.45450 3.10151 -0.55711 0.86801 -0.29718 -0.39779 0.55827 -0.10028 1 0 1.0
0 -12.91831 2.13884 -0.85000 0.86801 -0.29718 -0.39779 0.38499 -0.15300 1 0 1.0
0 -12.57186 3.15077 -0.85000 0.86801 -0.29718 -0.39779 0.56714 -0.15300 1 0 1.0
bag_strap
0 -12.57186 3.15077 -0.85000 -0.86801 0.29718 -0.39780 0.56714 -0.15300 1 0 1.0
0 -12.91831 2.13884 -0.85000 -0.86801 0.29718 -0.39780 0.38499 -0.15300 1 0 1.0
0 -13.04121 2.17193 -0.55711 -0.86801 0.29718 -0.39780 0.39095 -0.10028 1 0 1.0
bag_strap
0 -12.57186 3.15077 -0.85000 -0.86801 0.29718 -0.39779 0.56714 -0.15300 1 0 1.0
0 -13.04121 2.17193 -0.55711 -0.86801 0.29718 -0.39779 0.39095 -0.10028 1 0 1.0
0 -12.68922 3.20002 -0.55711 -0.86801 0.29718 -0.39779 0.57600 -0.10028 1 0 1.0
bag_strap
0 -12.68922 3.20002 -0.55711 -0.94348 0.32302 -0.07419 0.57600 -0.10028 1 0 1.0
0 -13.04121 2.17193 -0.55711 -0.94348 0.32302 -0.07419 0.39095 -0.10028 1 0 1.0
0 -13.09212 2.18564 0.15000 -0.94348 0.32302 -0.07419 0.39341 0.02700 1 0 1.0
bag_strap
0 -12.68922 3.20002 -0.55711 -0.94348 0.32302 -0.07418 0.57600 -0.10028 1 0 1.0
0 -13.09212 2.18564 0.15000 -0.94348 0.32302 -0.07418 0.39341 0.02700 1 0 1.0
0 -12.73783 3.22043 0.15000 -0.94348 0.32302 -0.07418 0.57968 0.02700 1 0 1.0
bag_strap
0 -13.09212 2.18564 0.15000 -0.97800 0.19498 0.07419 0.39341 0.02700 1 0 1.0
0 -13.30766 1.10452 0.15000 -0.97800 0.19498 0.07419 0.19881 0.02700 1 0 1.0
0 -13.25539 1.09763 0.85711 -0.97800 0.19498 0.07419 0.19757 0.15428 1 0 1.0
bag_strap
0 -13.09212 2.18564 0.15000 -0.97800 0.19498 0.07419 0.39341 0.02700 1 0 1.0
0 -13.25539 1.09763 0.85711 -0.97800 0.19498 0.07419 0.19757 0.15428 1 0 1.0
0 -13.04121 2.17193 0.85711 -0.97800 0.19498 0.07419 0.39095 0.15428 1 0 1.0
bag_strap
0 -13.04121 2.17193 0.85711 -0.89975 0.17938 0.39783 0.39095 0.15428 1 0 1.0
0 -13.25539 1.09763 0.85711 -0.89975 0.17938 0.39783 0.19757 0.15428 1 0 1.0
0 -13.12920 1.08101 1.15000 -0.89975 0.17938 0.39783 0.19458 0.20700 1 0 1.0
bag_strap
0 -13.04121 2.17193 0.85711 -0.89976 0.17938 0.39782 0.39095 0.15428 1 0 1.0
0 -13.12920 1.08101 1.15000 -0.89976 0.17938 0.39782 0.19458 0.20700 1 0 1.0
0 -12.91831 2.13884 1.15000 -0.89976 0.17938 0.39782 0.38499 0.20700 1 0 1.0
bag_strap
0 -12.91831 2.13884 1.15000 0.89975 -0.17938 0.39783 0.38499 0.20700 1 0 1.0
0 -13.12920 1.08101 1.15000 0.89975 -0.17938 0.39783 0.19458 0.20700 1 0 1.0
0 -13.00301 1.06439 0.85711 0.89975 -0.17938 0.39783 0.19159 0.15428 1 0 1.0
bag_strap
0 -12.91831 2.13884 1.15000 0.89976 -0.17937 0.39782 0.38499 0.20700 1 0 1.0
0 -13.00301 1.06439 0.85711 0.89976 -0.17937 0.39782 0.19159 0.15428 1 0 1.0
0 -12.79541 2.10574 0.85711 0.89976 -0.17937 0.39782 0.37903 0.15428 1 0 1.0
bag_strap
0 -12.79541 2.10574 0.85711 0.97800 -0.19497 0.07419 0.37903 0.15428 1 0 1.0
0 -13.00301 1.06439 0.85711 0.97800 -0.19497 0.07419 0.19159 0.15428 1 0 1.0
0 -12.95074 1.05751 0.15000 0.97800 -0.19497 0.07419 0.19035 0.02700 1 0 1.0
bag_strap
0 -12.79541 2.10574 0.85711 0.97800 -0.19497 0.07419 0.37903 0.15428 1 0 1.0
0 -12.95074 1.05751 0.15000 0.97800 -0.19497 0.07419 0.19035 0.02700 1 0 1.0
0 -12.74450 2.09203 0.15000 0.97800 -0.19497 0.07419 0.37657 0.02700 1 0 1.0
bag_strap
0 -12.74450 2.09203 0.15000 0.97800 -0.19497 -0.07419 0.37657 0.02700 1 0 1.0
0 -12.95074 1.05751 0.15000 0.97800 -0.19497 -0.07419 0.19035 0.02700 1 0 1.0
0 -13.00301 1.06439 -0.55711 0.97800 -0.19497 -0.07419 0.19159 -0.10028 1 0 1.0
bag_strap
0 -12.74450 2.09203 0.15000 0.97800 -0.19497 -0.07419 0.37657 0.02700 1 0 1.0
0 -13.00301 1.06439 -0.55711 0.97800 -0.19497 -0.07419 0.19159 -0.10028 1 0 1.0
0 -12.79541 2.10574 -0.55711 0.97800 -0.19497 -0.07419 0.37903 -0.10028 1 0 1.0
bag_strap
0 -12.79541 2.10574 -0.55711 0.89976 -0.17937 -0.39783 0.37903 -0.10028 1 0 1.0
0 -13.00301 1.06439 -0.55711 0.89976 -0.17937 -0.39783 0.19159 -0.10028 1 0 1.0
0 -13.12920 1.08101 -0.85000 0.89976 -0.17937 -0.39783 0.19458 -0.15300 1 0 1.0
bag_strap
0 -12.79541 2.10574 -0.55711 0.89976 -0.17938 -0.39782 0.37903 -0.10028 1 0 1.0
0 -13.12920 1.08101 -0.85000 0.89976 -0.17938 -0.39782 0.19458 -0.15300 1 0 1.0
0 -12.91831 2.13884 -0.85000 0.89976 -0.17938 -0.39782 0.38499 -0.15300 1 0 1.0
bag_strap
0 -12.91831 2.13884 -0.85000 -0.89975 0.17938 -0.39783 0.38499 -0.15300 1 0 1.0
0 -13.12920 1.08101 -0.85000 -0.89975 0.17938 -0.39783 0.19458 -0.15300 1 0 1.0
0 -13.25539 1.09763 -0.55711 -0.89975 0.17938 -0.39783 0.19757 -0.10028 1 0 1.0
bag_strap
0 -12.91831 2.13884 -0.85000 -0.89976 0.17938 -0.39782 0.38499 -0.15300 1 0 1.0
0 -13.25539 1.09763 -0.55711 -0.89976 0.17938 -0.39782 0.19757 -0.10028 1 0 1.0
0 -13.04121 2.17193 -0.55711 -0.89976 0.17938 -0.39782 0.39095 -0.10028 1 0 1.0
bag_strap
0 -13.04121 2.17193 -0.55711 -0.97800 0.19498 -0.07419 0.39095 -0.10028 1 0 1.0
0 -13.25539 1.09763 -0.55711 -0.97800 0.19498 -0.07419 0.19757 -0.10028 1 0 1.0
0 -13.30766 1.10452 0.15000 -0.97800 0.19498 -0.07419 0.19881 0.02700 1 0 1.0
bag_strap
0 -13.04121 2.17193 -0.55711 -0.97800 0.19498 -0.07419 0.39095 -0.10028 1 0 1.0
0 -13.30766 1.10452 0.15000 -0.97800 0.19498 -0.07419 0.19881 0.02700 1 0 1.0
0 -13.09212 2.18564 0.15000 -0.97800 0.19498 -0.07419 0.39341 0.02700 1 0 1.0
bag_strap
0 -13.30766 1.10452 0.15000 -0.99511 0.06518 0.07419 0.19881 0.02700 1 0 1.0
0 -13.38000 0.00000 0.15000 -0.99511 0.06518 0.07419 0.00000 0.02700 1 0 1.0
0 -13.32728 0.00000 0.85711 -0.99511 0.06518 0.07419 0.00000 0.15428 1 0 1.0
bag_strap
0 -13.30766 1.10452 0.15000 -0.99511 0.06518 0.07419 0.19881 0.02700 1 0 1.0
0 -13.32728 0.00000 0.85711 -0.99511 0.06518 0.07419 0.00000 0.15428 1 0 1.0
0 -13.25539 1.09763 0.85711 -0.99511 0.06518 0.07419 0.19757 0.15428 1 0 1.0
bag_strap
0 -13.25539 1.09763 0.85711 -0.91549 0.05996 0.39784 0.19757 0.15428 1 0 1.0
0 -13.32728 0.00000 0.85711 -0.91549 0.05996 0.39784 0.00000 0.15428 1 0 1.0
0 -13.20000 0.00000 1.15000 -0.91549 0.05996 0.39784 0.00000 0.20700 1 0 1.0
bag_strap
0 -13.25539 1.09763 0.85711 -0.91550 0.05996 0.39783 0.19757 0.15428 1 0 1.0
0 -13.20000 0.00000 1.15000 -0.91550 0.05996 0.39783 0.00000 0.20700 1 0 1.0
0 -13.12920 1.08101 1.15000 -0.91550 0.05996 0.39783 0.19458 0.20700 1 0 1.0
bag_strap
0 -13.12920 1.08101 1.15000 0.91549 -0.05996 0.39784 0.19458 0.20700 1 0 1.0
0 -13.20000 0.00000 1.15000 0.91549 -0.05996 0.39784 0.00000 0.20700 1 0 1.0
0 -13.07272 0.00000 0.85711 0.91549 -0.05996 0.39784 0.00000 0.15428 1 0 1.0
bag_strap
0 -13.12920 1.08101 1.15000 0.91550 -0.05996 0.39783 0.19458 0.20700 1 0 1.0
0 -13.07272 0.00000 0.85711 0.91550 -0.05996 0.39783 0.00000 0.15428 1 0 1.0
0 -13.00301 1.06439 0.85711 0.91550 -0.05996 0.39783 0.19159 0.15428 1 0 1.0
bag_strap
0 -13.00301 1.06439 0.85711 0.99511 -0.06517 0.07419 0.19159 0.15428 1 0 1.0
0 -13.07272 0.00000 0.85711 0.99511 -0.06517 0.07419 0.00000 0.15428 1 0 1.0
0 -13.02000 0.00000 0.15000 0.99511 -0.06517 0.07419 0.00000 0.02700 1 0 1.0
bag_strap
0 -13.00301 1.06439 0.85711 0.99511 -0.06517 0.07419 0.19159 0.15428 1 0 1.0
0 -13.02000 0.00000 0.15000 0.99511 -0.06517 0.07419 0.00000 0.02700 1 0 1.0
0 -12.95074 1.05751 0.15000 0.99511 -0.06517 0.07419 0.19035 0.02700 1 0 1.0
bag_strap
0 -12.95074 1.05751 0.15000 0.99511 -0.06517 -0.07419 0.19035 0.02700 1 0 1.0
0 -13.02000 0.00000 0.15000 0.99511 -0.06517 -0.07419 0.00000 0.02700 1 0 1.0
0 -13.07272 0.00000 -0.55711 0.99511 -0.06517 -0.07419 0.00000 -0.10028 1 0 1.0
bag_strap
0 -12.95074 1.05751 0.15000 0.99511 -0.06517 -0.07419 0.19035 0.02700 1 0 1.0
0 -13.07272 0.00000 -0.55711 0.99511 -0.06517 -0.07419 0.00000 -0.10028 1 0 1.0
0 -13.00301 1.06439 -0.55711 0.99511 -0.06517 -0.07419 0.19159 -0.10028 1 0 1.0
bag_strap
0 -13.00301 1.06439 -0.55711 0.91550 -0.05996 -0.39784 0.19159 -0.10028 1 0 1.0
0 -13.07272 0.00000 -0.55711 0.91550 -0.05996 -0.39784 0.00000 -0.10028 1 0 1.0
0 -13.20000 0.00000 -0.85000 0.91550 -0.05996 -0.39784 0.00000 -0.15300 1 0 1.0
bag_strap
0 -13.00301 1.06439 -0.55711 0.91550 -0.05996 -0.39783 0.19159 -0.10028 1 0 1.0
0 -13.20000 0.00000 -0.85000 0.91550 -0.05996 -0.39783 0.00000 -0.15300 1 0 1.0
0 -13.12920 1.08101 -0.85000 0.91550 -0.05996 -0.39783 0.19458 -0.15300 1 0 1.0
bag_strap
0 -13.12920 1.08101 -0.85000 -0.91550 0.05996 -0.39784 0.19458 -0.15300 1 0 1.0
0 -13.20000 0.00000 -0.85000 -0.91550 0.05996 -0.39784 0.00000 -0.15300 1 0 1.0
0 -13.32728 0.00000 -0.55711 -0.91550 0.05996 -0.39784 0.00000 -0.10028 1 0 1.0
bag_strap
0 -13.12920 1.08101 -0.85000 -0.91550 0.05996 -0.39783 0.19458 -0.15300 1 0 1.0
0 -13.32728 0.00000 -0.55711 -0.91550 0.05996 -0.39783 0.00000 -0.10028 1 0 1.0
0 -13.25539 1.09763 -0.55711 -0.91550 0.05996 -0.39783 0.19757 -0.10028 1 0 1.0
bag_strap
0 -13.25539 1.09763 -0.55711 -0.99511 0.06518 -0.07419 0.19757 -0.10028 1 0 1.0
0 -13.32728 0.00000 -0.55711 -0.99511 0.06518 -0.07419 0.00000 -0.10028 1 0 1.0
0 -13.38000 0.00000 0.15000 -0.99511 0.06518 -0.07419 0.00000 0.02700 1 0 1.0
bag_strap
0 -13.25539 1.09763 -0.55711 -0.99511 0.06518 -0.07419 0.19757 -0.10028 1 0 1.0
0 -13.38000 0.00000 0.15000 -0.99511 0.06518 -0.07419 0.00000 0.02700 1 0 1.0
0 -13.30766 1.10452 0.15000 -0.99511 0.06518 -0.07419 0.19881 0.02700 1 0 1.0
bag_strap
0 -13.38000 0.00000 0.15000 -0.99511 -0.06518 0.07419 0.00000 0.02700 1 0 1.0
0 -13.30766 -1.10452 0.15000 -0.99511 -0.06518 0.07419 -0.19881 0.02700 1 0 1.0
0 -13.25539 -1.09763 0.85711 -0.99511 -0.06518 0.07419 -0.19757 0.15428 1 0 1.0
bag_strap
0 -13.38000 0.00000 0.15000 -0.99511 -0.06518 0.07419 0.00000 0.02700 1 0 1.0
0 -13.25539 -1.09763 0.85711 -0.99511 -0.06518 0.07419 -0.19757 0.15428 1 0 1.0
0 -13.32728 0.00000 0.85711 -0.99511 -0.06518 0.07419 0.00000 0.15428 1 0 1.0
bag_strap
0 -13.32728 0.00000 0.85711 -0.91550 -0.05996 0.39783 0.00000 0.15428 1 0 1.0
0 -13.25539 -1.09763 0.85711 -0.91550 -0.05996 0.39783 -0.19757 0.15428 1 0 1.0
0 -13.12920 -1.08101 1.15000 -0.91550 -0.05996 0.39783 -0.19458 0.20700 1 0 1.0
bag_strap
0 -13.32728 0.00000 0.85711 -0.91549 -0.05996 0.39784 0.00000 0.15428 1 0 1.0
0 -13.12920 -1.08101 1.15000 -0.91549 -0.05996 0.39784 -0.19458 0.20700 1 0 1.0
0 -13.20000 0.00000 1.15000 -0.91549 -0.05996 0.39784 0.00000 0.20700 1 0 1.0
bag_strap
0 -13.20000 0.00000 1.15000 0.91550 0.05996 0.39783 0.00000 0.20700 1 0 1.0
0 -13.12920 -1.08101 1.15000 0.91550 0.05996 0.39783 -0.19458 0.20700 1 0 1.0
0 -13.00301 -1.06439 0.85711 0.91550 0.05996 0.39783 -0.19159 0.15428 1 0 1.0
bag_strap
0 -13.20000 0.00000 1.15000 0.91549 0.05996 0.39784 0.00000 0.20700 1 0 1.0
0 -13.00301 -1.06439 0.85711 0.91549 0.05996 0.39784 -0.19159 0.15428 1 0 1.0
0 -13.07272 0.00000 0.85711 0.91549 0.05996 0.39784 0.00000 0.15428 1 0 1.0
bag_strap
0 -13.07272 0.00000 0.85711 0.99511 0.06517 0.07419 0.00000 0.15428 1 0 1.0
0 -13.00301 -1.06439 0.85711 0.99511 0.06517 0.07419 -0.19159 0.15428 1 0 1.0
0 -12.95074 -1.05751 0.15000 0.99511 0.06517 0.07419 -0.19035 0.02700 1 0 1.0
bag_strap
0 -13.07272 0.00000 0.85711 0.99511 0.06517 0.07419 0.00000 0.15428 1 0 1.0
0 -12.95074 -1.05751 0.15000 0.99511 0.06517 0.07419 -0.19035 0.02700 1 0 1.0
0 -13.02000 0.00000 0.15000 0.99511 0.06517 0.07419 0.00000 0.02700 1 0 1.0
bag_strap
0 -13.02000 0.00000 0.15000 0.99511 0.06517 -0.07419 0.00000 0.02700 1 0 1.0
0 -12.95074 -1.05751 0.15000 0.99511 0.06517 -0.07419 -0.19035 0.02700 1 0 1.0
0 -13.00301 -1.06439 -0.55711 0.99511 0.06517 -0.07419 -0.19159 -0.10028 1 0 1.0
bag_strap
0 -13.02000 0.00000 0.15000 0.99511 0.06517 -0.07419 0.00000 0.02700 1 0 1.0
0 -13.00301 -1.06439 -0.55711 0.99511 0.06517 -0.07419 -0.19159 -0.10028 1 0 1.0
0 -13.07272 0.00000 -0.55711 0.99511 0.06517 -0.07419 0.00000 -0.10028 1 0 1.0
bag_strap
0 -13.07272 0.00000 -0.55711 0.91550 0.05996 -0.39783 0.00000 -0.10028 1 0 1.0
0 -13.00301 -1.06439 -0.55711 0.91550 0.05996 -0.39783 -0.19159 -0.10028 1 0 1.0
0 -13.12920 -1.08101 -0.85000 0.91550 0.05996 -0.39783 -0.19458 -0.15300 1 0 1.0
bag_strap
0 -13.07272 0.00000 -0.55711 0.91550 0.05996 -0.39784 0.00000 -0.10028 1 0 1.0
0 -13.12920 -1.08101 -0.85000 0.91550 0.05996 -0.39784 -0.19458 -0.15300 1 0 1.0
0 -13.20000 0.00000 -0.85000 0.91550 0.05996 -0.39784 0.00000 -0.15300 1 0 1.0
bag_strap
0 -13.20000 0.00000 -0.85000 -0.91550 -0.05996 -0.39783 0.00000 -0.15300 1 0 1.0
0 -13.12920 -1.08101 -0.85000 -0.91550 -0.05996 -0.39783 -0.19458 -0.15300 1 0 1.0
0 -13.25539 -1.09763 -0.55711 -0.91550 -0.05996 -0.39783 -0.19757 -0.10028 1 0 1.0
bag_strap
0 -13.20000 0.00000 -0.85000 -0.91549 -0.05996 -0.39784 0.00000 -0.15300 1 0 1.0
0 -13.25539 -1.09763 -0.55711 -0.91549 -0.05996 -0.39784 -0.19757 -0.10028 1 0 1.0
0 -13.32728 0.00000 -0.55711 -0.91549 -0.05996 -0.39784 0.00000 -0.10028 1 0 1.0
bag_strap
0 -13.32728 0.00000 -0.55711 -0.99511 -0.06518 -0.07419 0.00000 -0.10028 1 0 1.0
0 -13.25539 -1.09763 -0.55711 -0.99511 -0.06518 -0.07419 -0.19757 -0.10028 1 0 1.0
0 -13.30766 -1.10452 0.15000 -0.99511 -0.06518 -0.07419 -0.19881 0.02700 1 0 1.0
bag_strap
0 -13.32728 0.00000 -0.55711 -0.99511 -0.06518 -0.07419 0.00000 -0.10028 1 0 1.0
0 -13.30766 -1.10452 0.15000 -0.99511 -0.06518 -0.07419 -0.19881 0.02700 1 0 1.0
0 -13.38000 0.00000 0.15000 -0.99511 -0.06518 -0.07419 0.00000 0.02700 1 0 1.0
bag_strap
0 -13.30766 -1.10452 0.15000 -0.97800 -0.19498 0.07419 -0.19881 0.02700 1 0 1.0
0 -13.09212 -2.18564 0.15000 -0.97800 -0.19498 0.07419 -0.39341 0.02700 1 0 1.0
0 -13.04121 -2.17193 0.85711 -0.97800 -0.19498 0.07419 -0.39095 0.15428 1 0 1.0
bag_strap
0 -13.30766 -1.10452 0.15000 -0.97800 -0.19498 0.07419 -0.19881 0.02700 1 0 1.0
0 -13.04121 -2.17193 0.85711 -0.97800 -0.19498 0.07419 -0.39095 0.15428 1 0 1.0
0 -13.25539 -1.09763 0.85711 -0.97800 -0.19498 0.07419 -0.19757 0.15428 1 0 1.0
bag_strap
0 -13.25539 -1.09763 0.85711 -0.89976 -0.17938 0.39782 -0.19757 0.15428 1 0 1.0
0 -13.04121 -2.17193 0.85711 -0.89976 -0.17938 0.39782 -0.39095 0.15428 1 0 1.0
0 -12.91831 -2.13884 1.15000 -0.89976 -0.17938 0.39782 -0.38499 0.20700 1 0 1.0
bag_strap
0 -13.25539 -1.09763 0.85711 -0.89975 -0.17938 0.39783 -0.19757 0.15428 1 0 1.0
0 -12.91831 -2.13884 1.15000 -0.89975 -0.17938 0.39783 -0.38499 0.20700 1 0 1.0
0 -13.12920 -1.08101 1.15000 -0.89975 -0.17938 0.39783 -0.19458 0.20700 1 0 1.0
bag_strap
0 -13.12920 -1.08101 1.15000 0.89976 0.17938 0.39782 -0.19458 0.20700 1 0 1.0
0 -12.91831 -2.13884 1.15000 0.89976 0.17938 0.39782 -0.38499 0.20700 1 0 1.0
0 -12.79541 -2.10574 0.85711 0.89976 0.17938 0.39782 -0.37903 0.15428 1 0 1.0
bag_strap
0 -13.12920 -1.08101 1.15000 0.89976 0.17937 0.39783 -0.19458 0.20700 1 0 1.0
0 -12.79541 -2.10574 0.85711 0.89976 0.17937 0.39783 -0.37903 0.15428 1 0 1.0
0 -13.00301 -1.06439 0.85711 0.89976 0.17937 0.39783 -0.19159 0.15428 1 0 1.0
bag_strap
0 -13.00301 -1.06439 0.85711 0.97800 0.19497 0.07419 -0.19159 0.15428 1 0 1.0
0 -12.79541 -2.10574 0.85711 0.97800 0.19497 0.07419 -0.37903 0.15428 1 0 1.0
0 -12.74450 -2.09203 0.15000 0.97800 0.19497 0.07419 -0.37657 0.02700 1 0 1.0
bag_strap
0 -13.00301 -1.06439 0.85711 0.97800 0.19497 0.07419 -0.19159 0.15428 1 0 1.0
0 -12.74450 -2.09203 0.15000 0.97800 0.19497 0.07419 -0.37657 0.02700 1 0 1.0
0 -12.95074 -1.05751 0.15000 0.97800 0.19497 0.07419 -0.19035 0.02700 1 0 1.0
bag_strap
0 -12.95074 -1.05751 0.15000 0.97800 0.19497 -0.07419 -0.19035 0.02700 1 0 1.0
0 -12.74450 -2.09203 0.15000 0.97800 0.19497 -0.07419 -0.37657 0.02700 1 0 1.0
0 -12.79541 -2.10574 -0.55711 0.97800 0.19497 -0.07419 -0.37903 -0.10028 1 0 1.0
bag_strap
0 -12.95074 -1.05751 0.15000 0.97800 0.19497 -0.07419 -0.19035 0.02700 1 0 1.0
0 -12.79541 -2.10574 -0.55711 0.97800 0.19497 -0.07419 -0.37903 -0.10028 1 0 1.0
0 -13.00301 -1.06439 -0.55711 0.97800 0.19497 -0.07419 -0.19159 -0.10028 1 0 1.0
bag_strap
0 -13.00301 -1.06439 -0.55711 0.89976 0.17937 -0.39782 -0.19159 -0.10028 1 0 1.0
0 -12.79541 -2.10574 -0.55711 0.89976 0.17937 -0.39782 -0.37903 -0.10028 1 0 1.0
0 -12.91831 -2.13884 -0.85000 0.89976 0.17937 -0.39782 -0.38499 -0.15300 1 0 1.0
bag_strap
0 -13.00301 -1.06439 -0.55711 0.89975 0.17938 -0.39783 -0.19159 -0.10028 1 0 1.0
0 -12.91831 -2.13884 -0.85000 0.89975 0.17938 -0.39783 -0.38499 -0.15300 1 0 1.0
0 -13.12920 -1.08101 -0.85000 0.89975 0.17938 -0.39783 -0.19458 -0.15300 1 0 1.0
bag_strap
0 -13.12920 -1.08101 -0.85000 -0.89976 -0.17938 -0.39782 -0.19458 -0.15300 1 0 1.0
0 -12.91831 -2.13884 -0.85000 -0.89976 -0.17938 -0.39782 -0.38499 -0.15300 1 0 1.0
0 -13.04121 -2.17193 -0.55711 -0.89976 -0.17938 -0.39782 -0.39095 -0.10028 1 0 1.0
bag_strap
0 -13.12920 -1.08101 -0.85000 -0.89975 -0.17938 -0.39783 -0.19458 -0.15300 1 0 1.0
0 -13.04121 -2.17193 -0.55711 -0.89975 -0.17938 -0.39783 -0.39095 -0.10028 1 0 1.0
0 -13.25539 -1.09763 -0.55711 -0.89975 -0.17938 -0.39783 -0.19757 -0.10028 1 0 1.0
bag_strap
0 -13.25539 -1.09763 -0.55711 -0.97800 -0.19498 -0.07419 -0.19757 -0.10028 1 0 1.0
0 -13.04121 -2.17193 -0.55711 -0.97800 -0.19498 -0.07419 -0.39095 -0.10028 1 0 1.0
0 -13.09212 -2.18564 0.15000 -0.97800 -0.19498 -0.07419 -0.39341 0.02700 1 0 1.0
bag_strap
0 -13.25539 -1.09763 -0.55711 -0.97800 -0.19498 -0.07419 -0.19757 -0.10028 1 0 1.0
0 -13.09212 -2.18564 0.15000 -0.97800 -0.19498 -0.07419 -0.39341 0.02700 1 0 1.0
0 -13.30766 -1.10452 0.15000 -0.97800 -0.19498 -0.07419 -0.19881 0.02700 1 0 1.0
bag_strap
0 -13.09212 -2.18564 0.15000 -0.94348 -0.32302 0.07418 -0.39341 0.02700 1 0 1.0
0 -12.73783 -3.22043 0.15000 -0.94348 -0.32302 0.07418 -0.57968 0.02700 1 0 1.0
0 -12.68922 -3.20002 0.85711 -0.94348 -0.32302 0.07418 -0.57600 0.15428 1 0 1.0
bag_strap
0 -13.09212 -2.18564 0.15000 -0.94348 -0.32302 0.07419 -0.39341 0.02700 1 0 1.0
0 -12.68922 -3.20002 0.85711 -0.94348 -0.32302 0.07419 -0.57600 0.15428 1 0 1.0
0 -13.04121 -2.17193 0.85711 -0.94348 -0.32302 0.07419 -0.39095 0.15428 1 0 1.0
bag_strap
0 -13.04121 -2.17193 0.85711 -0.86801 -0.29718 0.39779 -0.39095 0.15428 1 0 1.0
0 -12.68922 -3.20002 0.85711 -0.86801 -0.29718 0.39779 -0.57600 0.15428 1 0 1.0
0 -12.57186 -3.15077 1.15000 -0.86801 -0.29718 0.39779 -0.56714 0.20700 1 0 1.0
bag_strap
0 -13.04121 -2.17193 0.85711 -0.86801 -0.29718 0.39780 -0.39095 0.15428 1 0 1.0
0 -12.57186 -3.15077 1.15000 -0.86801 -0.29718 0.39780 -0.56714 0.20700 1 0 1.0
0 -12.91831 -2.13884 1.15000 -0.86801 -0.29718 0.39780 -0.38499 0.20700 1 0 1.0
bag_strap
0 -12.91831 -2.13884 1.15000 0.86801 0.29718 0.39779 -0.38499 0.20700 1 0 1.0
0 -12.57186 -3.15077 1.15000 0.86801 0.29718 0.39779 -0.56714 0.20700 1 0 1.0
0 -12.45450 -3.10151 0.85711 0.86801 0.29718 0.39779 -0.55827 0.15428 1 0 1.0
bag_strap
0 -12.91831 -2.13884 1.15000 0.86801 0.29717 0.39780 -0.38499 0.20700 1 0 1.0
0 -12.45450 -3.10151 0.85711 0.86801 0.29717 0.39780 -0.55827 0.15428 1 0 1.0
0 -12.79541 -2.10574 0.85711 0.86801 0.29717 0.39780 -0.37903 0.15428 1 0 1.0
bag_strap
0 -12.79541 -2.10574 0.85711 0.94348 0.32301 0.07418 -0.37903 0.15428 1 0 1.0
0 -12.45450 -3.10151 0.85711 0.94348 0.32301 0.07418 -0.55827 0.15428 1 0 1.0
0 -12.40588 -3.08111 0.15000 0.94348 0.32301 0.07418 -0.55460 0.02700 1 0 1.0
bag_strap
0 -12.79541 -2.10574 0.85711 0.94348 0.32301 0.07419 -0.37903 0.15428 1 0 1.0
0 -12.40588 -3.08111 0.15000 0.94348 0.32301 0.07419 -0.55460 0.02700 1 0 1.0
0 -12.74450 -2.09203 0.15000 0.94348 0.32301 0.07419 -0.37657 0.02700 1 0 1.0
bag_strap
0 -12.74450 -2.09203 0.15000 0.94348 0.32301 -0.07418 -0.37657 0.02700 1 0 1.0
0 -12.40588 -3.08111 0.15000 0.94348 0.32301 -0.07418 -0.55460 0.02700 1 0 1.0
0 -12.45450 -3.10151 -0.55711 0.94348 0.32301 -0.07418 -0.55827 -0.10028 1 0 1.0
bag_strap
0 -12.74450 -2.09203 0.15000 0.94348 0.32301 -0.07419 -0.37657 0.02700 1 0 1.0
0 -12.45450 -3.10151 -0.55711 0.94348 0.32301 -0.07419 -0.55827 -0.10028 1 0 1.0
0 -12.79541 -2.10574 -0.55711 0.94348 0.32301 -0.07419 -0.37903 -0.10028 1 0 1.0
bag_strap
0 -12.79541 -2.10574 -0.55711 0.86802 0.29717 -0.39779 -0.37903 -0.10028 1 0 1.0
0 -12.45450 -3.10151 -0.55711 0.86802 0.29717 -0.39779 -0.55827 -0.10028 1 0 1.0
0 -12.57186 -3.15077 -0.85000 0.86802 0.29717 -0.39779 -0.56714 -0.15300 1 0 1.0
bag_strap
0 -12.79541 -2.10574 -0.55711 0.86801 0.29718 -0.39780 -0.37903 -0.10028 1 0 1.0
0 -12.57186 -3.15077 -0.85000 0.86801 0.29718 -0.39780 -0.56714 -0.15300 1 0 1.0
0 -12.91831 -2.13884 -0.85000 0.86801 0.29718 -0.39780 -0.38499 -0.15300 1 0 1.0
bag_strap
0 -12.91831 -2.13884 -0.85000 -0.86801 -0.29718 -0.39779 -0.38499 -0.15300 1 0 1.0
0 -12.57186 -3.15077 -0.85000 -0.86801 -0.29718 -0.39779 -0.56714 -0.15300 1 0 1.0
0 -12.68922 -3.20002 -0.55711 -0.86801 -0.29718 -0.39779 -0.57600 -0.10028 1 0 1.0
bag_strap
0 -12.91831 -2.13884 -0.85000 -0.86801 -0.29718 -0.39780 -0.38499 -0.15300 1 0 1.0
0 -12.68922 -3.20002 -0.55711 -0.86801 -0.29718 -0.39780 -0.57600 -0.10028 1 0 1.0
0 -13.04121 -2.17193 -0.55711 -0.86801 -0.29718 -0.39780 -0.39095 -0.10028 1 0 1.0
bag_strap
0 -13.04121 -2.17193 -0.55711 -0.94348 -0.32302 -0.07418 -0.39095 -0.10028 1 0 1.0
0 -12.68922 -3.20002 -0.55711 -0.94348 -0.32302 -0.07418 -0.57600 -0.10028 1 0 1.0
0 -12.73783 -3.22043 0.15000 -0.94348 -0.32302 -0.07418 -0.57968 0.02700 1 0 1.0
bag_strap
0 -13.04121 -2.17193 -0.55711 -0.94348 -0.32302 -0.07419 -0.39095 -0.10028 1 0 1.0
0 -12.73783 -3.22043 0.15000 -0.94348 -0.32302 -0.07419 -0.57968 0.02700 1 0 1.0
0 -13.09212 -2.18564 0.15000 -0.94348 -0.32302 -0.07419 -0.39341 0.02700 1 0 1.0
bag_strap
0 -12.73783 -3.22043 0.15000 -0.89105 -0.44781 0.07418 -0.57968 0.02700 1 0 1.0
0 -12.25213 -4.18686 0.15000 -0.89105 -0.44781 0.07418 -0.75363 0.02700 1 0 1.0
0 -12.20678 -4.15998 0.85711 -0.89105 -0.44781 0.07418 -0.74880 0.15428 1 0 1.0
bag_strap
0 -12.73783 -3.22043 0.15000 -0.89105 -0.44781 0.07418 -0.57968 0.02700 1 0 1.0
0 -12.20678 -4.15998 0.85711 -0.89105 -0.44781 0.07418 -0.74880 0.15428 1 0 1.0
0 -12.68922 -3.20002 0.85711 -0.89105 -0.44781 0.07418 -0.57600 0.15428 1 0 1.0
bag_strap
0 -12.68922 -3.20002 0.85711 -0.81979 -0.41200 0.39775 -0.57600 0.15428 1 0 1.0
0 -12.20678 -4.15998 0.85711 -0.81979 -0.41200 0.39775 -0.74880 0.15428 1 0 1.0
0 -12.09728 -4.09510 1.15000 -0.81979 -0.41200 0.39775 -0.73712 0.20700 1 0 1.0
bag_strap
0 -12.68922 -3.20002 0.85711 -0.81978 -0.41199 0.39777 -0.57600 0.15428 1 0 1.0
0 -12.09728 -4.09510 1.15000 -0.81978 -0.41199 0.39777 -0.73712 0.20700 1 0 1.0
0 -12.57186 -3.15077 1.15000 -0.81978 -0.41199 0.39777 -0.56714 0.20700 1 0 1.0
bag_strap
0 -12.57186 -3.15077 1.15000 0.81979 0.41199 0.39775 -0.56714 0.20700 1 0 1.0
0 -12.09728 -4.09510 1.15000 0.81979 0.41199 0.39775 -0.73712 0.20700 1 0 1.0
0 -11.98778 -4.03021 0.85711 0.81979 0.41199 0.39775 -0.72544 0.15428 1 0 1.0
bag_strap
0 -12.57186 -3.15077 1.15000 0.81979 0.41198 0.39777 -0.56714 0.20700 1 0 1.0
0 -11.98778 -4.03021 0.85711 0.81979 0.41198 0.39777 -0.72544 0.15428 1 0 1.0
0 -12.45450 -3.10151 0.85711 0.81979 0.41198 0.39777 -0.55827 0.15428 1 0 1.0
bag_strap
0 -12.45450 -3.10151 0.85711 0.89105 0.44779 0.07417 -0.55827 0.15428 1 0 1.0
0 -11.98778 -4.03021 0.85711 0.89105 0.44779 0.07417 -0.72544 0.15428 1 0 1.0
0 -11.94243 -4.00334 0.15000 0.89105 0.44779 0.07417 -0.72060 0.02700 1 0 1.0
bag_strap
0 -12.45450 -3.10151 0.85711 0.89106 0.44779 0.07418 -0.55827 0.15428 1 0 1.0
0 -11.94243 -4.00334 0.15000 0.89106 0.44779 0.07418 -0.72060 0.02700 1 0 1.0
0 -12.40588 -3.08111 0.15000 0.89106 0.44779 0.07418 -0.55460 0.02700 1 0 1.0
bag_strap
0 -12.40588 -3.08111 0.15000 0.89106 0.44779 -0.07417 -0.55460 0.02700 1 0 1.0
0 -11.94243 -4.00334 0.15000 0.89106 0.44779 -0.07417 -0.72060 0.02700 1 0 1.0
0 -11.98778 -4.03021 -0.55711 0.89106 0.44779 -0.07417 -0.72544 -0.10028 1 0 1.0
bag_strap
0 -12.40588 -3.08111 0.15000 0.89105 0.44779 -0.07418 -0.55460 0.02700 1 0 1.0
0 -11.98778 -4.03021 -0.55711 0.89105 0.44779 -0.07418 -0.72544 -0.10028 1 0 1.0
0 -12.45450 -3.10151 -0.55711 0.89105 0.44779 -0.07418 -0.55827 -0.10028 1 0 1.0
bag_strap
0 -12.45450 -3.10151 -0.55711 0.81980 0.41198 -0.39775 -0.55827 -0.10028 1 0 1.0
0 -11.98778 -4.03021 -0.55711 0.81980 0.41198 -0.39775 -0.72544 -0.10028 1 0 1.0
0 -12.09728 -4.09510 -0.85000 0.81980 0.41198 -0.39775 -0.73712 -0.15300 1 0 1.0
bag_strap
0 -12.45450 -3.10151 -0.55711 0.81978 0.41199 -0.39777 -0.55827 -0.10028 1 0 1.0
0 -12.09728 -4.09510 -0.85000 0.81978 0.41199 -0.39777 -0.73712 -0.15300 1 0 1.0
0 -12.57186 -3.15077 -0.85000 0.81978 0.41199 -0.39777 -0.56714 -0.15300 1 0 1.0
bag_strap
0 -12.57186 -3.15077 -0.85000 -0.81979 -0.41199 -0.39775 -0.56714 -0.15300 1 0 1.0
0 -12.09728 -4.09510 -0.85000 -0.81979 -0.41199 -0.39775 -0.73712 -0.15300 1 0 1.0
0 -12.20678 -4.15998 -0.55711 -0.81979 -0.41199 -0.39775 -0.74880 -0.10028 1 0 1.0
bag_strap
0 -12.57186 -3.15077 -0.85000 -0.81978 -0.41199 -0.39777 -0.56714 -0.15300 1 0 1.0
0 -12.20678 -4.15998 -0.55711 -0.81978 -0.41199 -0.39777 -0.74880 -0.10028 1 0 1.0
0 -12.68922 -3.20002 -0.55711 -0.81978 -0.41199 -0.39777 -0.57600 -0.10028 1 0 1.0
bag_strap
0 -12.68922 -3.20002 -0.55711 -0.89105 -0.44781 -0.07418 -0.57600 -0.10028 1 0 1.0
0 -12.20678 -4.15998 -0.55711 -0.89105 -0.44781 -0.07418 -0.74880 -0.10028 1 0 1.0
0 -12.25213 -4.18686 0.15000 -0.89105 -0.44781 -0.07418 -0.75363 0.02700 1 0 1.0
bag_strap
0 -12.68922 -3.20002 -0.55711 -0.89105 -0.44781 -0.07418 -0.57600 -0.10028 1 0 1.0
0 -12.25213 -4.18686 0.15000 -0.89105 -0.44781 -0.07418 -0.75363 0.02700 1 0 1.0
0 -12.73783 -3.22043 0.15000 -0.89105 -0.44781 -0.07418 -0.57968 0.02700 1 0 1.0
bag_strap
0 -12.25213 -4.18686 0.15000 -0.82011 -0.56738 0.07416 -0.75363 0.02700 1 0 1.0
0 -11.64510 -5.06427 0.15000 -0.82011 -0.56738 0.07416 -0.91157 0.02700 1 0 1.0
0 -11.60400 -5.03126 0.85711 -0.82011 -0.56738 0.07416 -0.90563 0.15428 1 0 1.0
bag_strap
0 -12.25213 -4.18686 0.15000 -0.82011 -0.56738 0.07417 -0.75363 0.02700 1 0 1.0
0 -11.60400 -5.03126 0.85711 -0.82011 -0.56738 0.07417 -0.90563 0.15428 1 0 1.0
0 -12.20678 -4.15998 0.85711 -0.82011 -0.56738 0.07417 -0.74880 0.15428 1 0 1.0
bag_strap
0 -12.20678 -4.15998 0.85711 -0.75454 -0.52202 0.39770 -0.74880 0.15428 1 0 1.0
0 -11.60400 -5.03126 0.85711 -0.75454 -0.52202 0.39770 -0.90563 0.15428 1 0 1.0
0 -11.50476 -4.95157 1.15000 -0.75454 -0.52202 0.39770 -0.89128 0.20700 1 0 1.0
bag_strap
0 -12.20678 -4.15998 0.85711 -0.75454 -0.52201 0.39772 -0.74880 0.15428 1 0 1.0
0 -11.50476 -4.95157 1.15000 -0.75454 -0.52201 0.39772 -0.89128 0.20700 1 0 1.0
0 -12.09728 -4.09510 1.15000 -0.75454 -0.52201 0.39772 -0.73712 0.20700 1 0 1.0
bag_strap
0 -12.09728 -4.09510 1.15000 0.75455 0.52201 0.39770 -0.73712 0.20700 1 0 1.0
0 -11.50476 -4.95157 1.15000 0.75455 0.52201 0.39770 -0.89128 0.20700 1 0 1.0
0 -11.40552 -4.87187 0.85711 0.75455 0.52201 0.39770 -0.87694 0.15428 1 0 1.0
bag_strap
0 -12.09728 -4.09510 1.15000 0.75454 0.52200 0.39773 -0.73712 0.20700 1 0 1.0
0 -11.40552 -4.87187 0.85711 0.75454 0.52200 0.39773 -0.87694 0.15428 1 0 1.0
0 -11.98778 -4.03021 0.85711 0.75454 0.52200 0.39773 -0.72544 0.15428 1 0 1.0
bag_strap
0 -11.98778 -4.03021 0.85711 0.82012 0.56737 0.07416 -0.72544 0.15428 1 0 1.0
0 -11.40552 -4.87187 0.85711 0.82012 0.56737 0.07416 -0.87694 0.15428 1 0 1.0
0 -11.36441 -4.83886 0.15000 0.82012 0.56737 0.07416 -0.87099 0.02700 1 0 1.0
bag_strap
0 -11.98778 -4.03021 0.85711 0.82012 0.56736 0.07417 -0.72544 0.15428 1 0 1.0
0 -11.36441 -4.83886 0.15000 0.82012 0.56736 0.07417 -0.87099 0.02700 1 0 1.0
0 -11.94243 -4.00334 0.15000 0.82012 0.56736 0.07417 -0.72060 0.02700 1 0 1.0
bag_strap
0 -11.94243 -4.00334 0.15000 0.82012 0.56736 -0.07416 -0.72060 0.02700 1 0 1.0
0 -11.36441 -4.83886 0.15000 0.82012 0.56736 -0.07416 -0.87099 0.02700 1 0 1.0
0 -11.40552 -4.87187 -0.55711 0.82012 0.56736 -0.07416 -0.87694 -0.10028 1 0 1.0
bag_strap
0 -11.94243 -4.00334 0.15000 0.82012 0.56737 -0.07417 -0.72060 0.02700 1 0 1.0
0 -11.40552 -4.87187 -0.55711 0.82012 0.56737 -0.07417 -0.87694 -0.10028 1 0 1.0
0 -11.98778 -4.03021 -0.55711 0.82012 0.56737 -0.07417 -0.72544 -0.10028 1 0 1.0
bag_strap
0 -11.98778 -4.03021 -0.55711 0.75455 0.52200 -0.39770 -0.72544 -0.10028 1 0 1.0
0 -11.40552 -4.87187 -0.55711 0.75455 0.52200 -0.39770 -0.87694 -0.10028 1 0 1.0
0 -11.50476 -4.95157 -0.85000 0.75455 0.52200 -0.39770 -0.89128 -0.15300 1 0 1.0
bag_strap
0 -11.98778 -4.03021 -0.55711 0.75454 0.52201 -0.39772 -0.72544 -0.10028 1 0 1.0
0 -11.50476 -4.95157 -0.85000 0.75454 0.52201 -0.39772 -0.89128 -0.15300 1 0 1.0
0 -12.09728 -4.09510 -0.85000 0.75454 0.52201 -0.39772 -0.73712 -0.15300 1 0 1.0
bag_strap
0 -12.09728 -4.09510 -0.85000 -0.75455 -0.52201 -0.39770 -0.73712 -0.15300 1 0 1.0
0 -11.50476 -4.95157 -0.85000 -0.75455 -0.52201 -0.39770 -0.89128 -0.15300 1 0 1.0
0 -11.60400 -5.03126 -0.55711 -0.75455 -0.52201 -0.39770 -0.90563 -0.10028 1 0 1.0
bag_strap
0 -12.09728 -4.09510 -0.85000 -0.75453 -0.52201 -0.39772 -0.73712 -0.15300 1 0 1.0
0 -11.60400 -5.03126 -0.55711 -0.75453 -0.52201 -0.39772 -0.90563 -0.10028 1 0 1.0
0 -12.20678 -4.15998 -0.55711 -0.75453 -0.52201 -0.39772 -0.74880 -0.10028 1 0 1.0
bag_strap
0 -12.20678 -4.15998 -0.55711 -0.82011 -0.56738 -0.07416 -0.74880 -0.10028 1 0 1.0
0 -11.60400 -5.03126 -0.55711 -0.82011 -0.56738 -0.07416 -0.90563 -0.10028 1 0 1.0
0 -11.64510 -5.06427 0.15000 -0.82011 -0.56738 -0.07416 -0.91157 0.02700 1 0 1.0
bag_strap
0 -12.20678 -4.15998 -0.55711 -0.82011 -0.56738 -0.07417 -0.74880 -0.10028 1 0 1.0
0 -11.64510 -5.06427 0.15000 -0.82011 -0.56738 -0.07417 -0.91157 0.02700 1 0 1.0
0 -12.25213 -4.18686 0.15000 -0.82011 -0.56738 -0.07417 -0.75363 0.02700 1 0 1.0
bag_strap
0 -11.64510 -5.06427 0.15000 -0.73022 -0.67917 0.07415 -0.91157 0.02700 1 0 1.0
0 -10.92941 -5.83377 0.15000 -0.73022 -0.67917 0.07415 -1.05008 0.02700 1 0 1.0
0 -10.89355 -5.79511 0.85711 -0.73022 -0.67917 0.07415 -1.04312 0.15428 1 0 1.0
bag_strap
0 -11.64510 -5.06427 0.15000 -0.73023 -0.67917 0.07416 -0.91157 0.02700 1 0 1.0
0 -10.89355 -5.79511 0.85711 -0.73023 -0.67917 0.07416 -1.04312 0.15428 1 0 1.0
0 -11.60400 -5.03126 0.85711 -0.73023 -0.67917 0.07416 -0.90563 0.15428 1 0 1.0
bag_strap
0 -11.60400 -5.03126 0.85711 -0.67186 -0.62489 0.39764 -0.90563 0.15428 1 0 1.0
0 -10.89355 -5.79511 0.85711 -0.67186 -0.62489 0.39764 -1.04312 0.15428 1 0 1.0
0 -10.80700 -5.70180 1.15000 -0.67186 -0.62489 0.39764 -1.02632 0.20700 1 0 1.0
bag_strap
0 -11.60400 -5.03126 0.85711 -0.67186 -0.62487 0.39767 -0.90563 0.15428 1 0 1.0
0 -10.80700 -5.70180 1.15000 -0.67186 -0.62487 0.39767 -1.02632 0.20700 1 0 1.0
0 -11.50476 -4.95157 1.15000 -0.67186 -0.62487 0.39767 -0.89128 0.20700 1 0 1.0
bag_strap
0 -11.50476 -4.95157 1.15000 0.67187 0.62488 0.39764 -0.89128 0.20700 1 0 1.0
0 -10.80700 -5.70180 1.15000 0.67187 0.62488 0.39764 -1.02632 0.20700 1 0 1.0
0 -10.72044 -5.60848 0.85711 0.67187 0.62488 0.39764 -1.00953 0.15428 1 0 1.0
bag_strap
0 -11.50476 -4.95157 1.15000 0.67187 0.62486 0.39767 -0.89128 0.20700 1 0 1.0
0 -10.72044 -5.60848 0.85711 0.67187 0.62486 0.39767 -1.00953 0.15428 1 0 1.0
0 -11.40552 -4.87187 0.85711 0.67187 0.62486 0.39767 -0.87694 0.15428 1 0 1.0
bag_strap
0 -11.40552 -4.87187 0.85711 0.73024 0.67915 0.07415 -0.87694 0.15428 1 0 1.0
0 -10.72044 -5.60848 0.85711 0.73024 0.67915 0.07415 -1.00953 0.15428 1 0 1.0
0 -10.68459 -5.56983 0.15000 0.73024 0.67915 0.07415 -1.00257 0.02700 1 0 1.0
bag_strap
0 -11.40552 -4.87187 0.85711 0.73025 0.67915 0.07416 -0.87694 0.15428 1 0 1.0
0 -10.68459 -5.56983 0.15000 0.73025 0.67915 0.07416 -1.00257 0.02700 1 0 1.0
0 -11.36441 -4.83886 0.15000 0.73025 0.67915 0.07416 -0.87099 0.02700 1 0 1.0
bag_strap
0 -11.36441 -4.83886 0.15000 0.73025 0.67915 -0.07415 -0.87099 0.02700 1 0 1.0
0 -10.68459 -5.56983 0.15000 0.73025 0.67915 -0.07415 -1.00257 0.02700 1 0 1.0
0 -10.72044 -5.60848 -0.55711 0.73025 0.67915 -0.07415 -1.00953 -0.10028 1 0 1.0
bag_strap
0 -11.36441 -4.83886 0.15000 0.73024 0.67915 -0.07416 -0.87099 0.02700 1 0 1.0
0 -10.72044 -5.60848 -0.55711 0.73024 0.67915 -0.07416 -1.00953 -0.10028 1 0 1.0
0 -11.40552 -4.87187 -0.55711 0.73024 0.67915 -0.07416 -0.87694 -0.10028 1 0 1.0
bag_strap
0 -11.40552 -4.87187 -0.55711 0.67188 0.62487 -0.39764 -0.87694 -0.10028 1 0 1.0
0 -10.72044 -5.60848 -0.55711 0.67188 0.62487 -0.39764 -1.00953 -0.10028 1 0 1.0
0 -10.80700 -5.70180 -0.85000 0.67188 0.62487 -0.39764 -1.02632 -0.15300 1 0 1.0
bag_strap
0 -11.40552 -4.87187 -0.55711 0.67186 0.62487 -0.39767 -0.87694 -0.10028 1 0 1.0
0 -10.80700 -5.70180 -0.85000 0.67186 0.62487 -0.39767 -1.02632 -0.15300 1 0 1.0
0 -11.50476 -4.95157 -0.85000 0.67186 0.62487 -0.39767 -0.89128 -0.15300 1 0 1.0
bag_strap
0 -11.50476 -4.95157 -0.85000 -0.67187 -0.62488 -0.39764 -0.89128 -0.15300 1 0 1.0
0 -10.80700 -5.70180 -0.85000 -0.67187 -0.62488 -0.39764 -1.02632 -0.15300 1 0 1.0
0 -10.89355 -5.79511 -0.55711 -0.67187 -0.62488 -0.39764 -1.04312 -0.10028 1 0 1.0
bag_strap
0 -11.50476 -4.95157 -0.85000 -0.67185 -0.62488 -0.39767 -0.89128 -0.15300 1 0 1.0
0 -10.89355 -5.79511 -0.55711 -0.67185 -0.62488 -0.39767 -1.04312 -0.10028 1 0 1.0
0 -11.60400 -5.03126 -0.55711 -0.67185 -0.62488 -0.39767 -0.90563 -0.10028 1 0 1.0
bag_strap
0 -11.60400 -5.03126 -0.55711 -0.73023 -0.67917 -0.07415 -0.90563 -0.10028 1 0 1.0
0 -10.89355 -5.79511 -0.55711 -0.73023 -0.67917 -0.07415 -1.04312 -0.10028 1 0 1.0
0 -10.92941 -5.83377 0.15000 -0.73023 -0.67917 -0.07415 -1.05008 0.02700 1 0 1.0
bag_strap
0 -11.60400 -5.03126 -0.55711 -0.73022 -0.67917 -0.07416 -0.90563 -0.10028 1 0 1.0
0 -10.92941 -5.83377 0.15000 -0.73022 -0.67917 -0.07416 -1.05008 0.02700 1 0 1.0
0 -11.64510 -5.06427 0.15000 -0.73022 -0.67917 -0.07416 -0.91157 0.02700 1 0 1.0
bag_strap
0 -10.92941 -5.83377 0.15000 -0.62144 -0.77994 0.07414 -1.96729 0.02700 1 0 1.0
0 -10.12010 -6.47861 0.15000 -0.62144 -0.77994 0.07414 -1.82162 0.02700 1 0 1.0
0 -10.09048 -6.43499 0.85711 -0.62144 -0.77994 0.07414 -1.81629 0.15428 1 0 1.0
bag_strap
0 -10.92941 -5.83377 0.15000 -0.62145 -0.77994 0.07414 -1.96729 0.02700 1 0 1.0
0 -10.09048 -6.43499 0.85711 -0.62145 -0.77994 0.07414 -1.81629 0.15428 1 0 1.0
0 -10.89355 -5.79511 0.85711 -0.62145 -0.77994 0.07414 -1.96084 0.15428 1 0 1.0
bag_strap
0 -10.89355 -5.79511 0.85711 -0.57179 -0.71762 0.39758 -1.96084 0.15428 1 0 1.0
0 -10.09048 -6.43499 0.85711 -0.57179 -0.71762 0.39758 -1.81629 0.15428 1 0 1.0
0 -10.01898 -6.32970 1.15000 -0.57179 -0.71762 0.39758 -1.80342 0.20700 1 0 1.0
bag_strap
0 -10.89355 -5.79511 0.85711 -0.57179 -0.71761 0.39761 -1.96084 0.15428 1 0 1.0
0 -10.01898 -6.32970 1.15000 -0.57179 -0.71761 0.39761 -1.80342 0.20700 1 0 1.0
0 -10.80700 -5.70180 1.15000 -0.57179 -0.71761 0.39761 -1.94526 0.20700 1 0 1.0
bag_strap
0 -10.80700 -5.70180 1.15000 0.57180 0.71762 0.39758 -1.94526 0.20700 1 0 1.0
0 -10.01898 -6.32970 1.15000 0.57180 0.71762 0.39758 -1.80342 0.20700 1 0 1.0
0 -9.94748 -6.22440 0.85711 0.57180 0.71762 0.39758 -1.79055 0.15428 1 0 1.0
bag_strap
0 -10.80700 -5.70180 1.15000 0.57180 0.71760 0.39761 -1.94526 0.20700 1 0 1.0
0 -9.94748 -6.22440 0.85711 0.57180 0.71760 0.39761 -1.79055 0.15428 1 0 1.0
0 -10.72044 -5.60848 0.85711 0.57180 0.71760 0.39761 -1.92968 0.15428 1 0 1.0
bag_strap
0 -10.72044 -5.60848 0.85711 0.62146 0.77993 0.07414 -1.92968 0.15428 1 0 1.0
0 -9.94748 -6.22440 0.85711 0.62146 0.77993 0.07414 -1.79055 0.15428 1 0 1.0
0 -9.91786 -6.18078 0.15000 0.62146 0.77993 0.07414 -1.78522 0.02700 1 0 1.0
bag_strap
0 -10.72044 -5.60848 0.85711 0.62147 0.77992 0.07414 -1.92968 0.15428 1 0 1.0
0 -9.91786 -6.18078 0.15000 0.62147 0.77992 0.07414 -1.78522 0.02700 1 0 1.0
0 -10.68459 -5.56983 0.15000 0.62147 0.77992 0.07414 -1.92323 0.02700 1 0 1.0
bag_strap
0 -10.68459 -5.56983 0.15000 0.62147 0.77992 -0.07414 -1.92323 0.02700 1 0 1.0
0 -9.91786 -6.18078 0.15000 0.62147 0.77992 -0.07414 -1.78522 0.02700 1 0 1.0
0 -9.94748 -6.22440 -0.55711 0.62147 0.77992 -0.07414 -1.79055 -0.10028 1 0 1.0
bag_strap
0 -10.68459 -5.56983 0.15000 0.62146 0.77993 -0.07414 -1.92323 0.02700 1 0 1.0
0 -9.94748 -6.22440 -0.55711 0.62146 0.77993 -0.07414 -1.79055 -0.10028 1 0 1.0
0 -10.72044 -5.60848 -0.55711 0.62146 0.77993 -0.07414 -1.92968 -0.10028 1 0 1.0
bag_strap
0 -10.72044 -5.60848 -0.55711 0.57181 0.71761 -0.39758 -1.92968 -0.10028 1 0 1.0
0 -9.94748 -6.22440 -0.55711 0.57181 0.71761 -0.39758 -1.79055 -0.10028 1 0 1.0
0 -10.01898 -6.32970 -0.85000 0.57181 0.71761 -0.39758 -1.80342 -0.15300 1 0 1.0
bag_strap
0 -10.72044 -5.60848 -0.55711 0.57179 0.71761 -0.39761 -1.92968 -0.10028 1 0 1.0
0 -10.01898 -6.32970 -0.85000 0.57179 0.71761 -0.39761 -1.80342 -0.15300 1 0 1.0
0 -10.80700 -5.70180 -0.85000 0.57179 0.71761 -0.39761 -1.94526 -0.15300 1 0 1.0
bag_strap
0 -10.80700 -5.70180 -0.85000 -0.57180 -0.71762 -0.39758 -1.94526 -0.15300 1 0 1.0
0 -10.01898 -6.32970 -0.85000 -0.57180 -0.71762 -0.39758 -1.80342 -0.15300 1 0 1.0
0 -10.09048 -6.43499 -0.55711 -0.57180 -0.71762 -0.39758 -1.81629 -0.10028 1 0 1.0
bag_strap
0 -10.80700 -5.70180 -0.85000 -0.57178 -0.71761 -0.39761 -1.94526 -0.15300 1 0 1.0
0 -10.09048 -6.43499 -0.55711 -0.57178 -0.71761 -0.39761 -1.81629 -0.10028 1 0 1.0
0 -10.89355 -5.79511 -0.55711 -0.57178 -0.71761 -0.39761 -1.96084 -0.10028 1 0 1.0
bag_strap
0 -10.89355 -5.79511 -0.55711 -0.62145 -0.77994 -0.07414 -1.96084 -0.10028 1 0 1.0
0 -10.09048 -6.43499 -0.55711 -0.62145 -0.77994 -0.07414 -1.81629 -0.10028 1 0 1.0
0 -10.12010 -6.47861 0.15000 -0.62145 -0.77994 -0.07414 -1.82162 0.02700 1 0 1.0
bag_strap
0 -10.89355 -5.79511 -0.55711 -0.62144 -0.77994 -0.07414 -1.96084 -0.10028 1 0 1.0
0 -10.12010 -6.47861 0.15000 -0.62144 -0.77994 -0.07414 -1.82162 0.02700 1 0 1.0
0 -10.92941 -5.83377 0.15000 -0.62144 -0.77994 -0.07414 -1.96729 0.02700 1 0 1.0
bag_strap
0 -10.12010 -6.47861 0.15000 -0.49467 -0.86592 0.07412 -1.82162 0.02700 1 0 1.0
0 -9.23434 -6.98461 0.15000 -0.49467 -0.86592 0.07412 -1.66218 0.02700 1 0 1.0
0 -9.21187 -6.93692 0.85711 -0.49467 -0.86592 0.07412 -1.65814 0.15428 1 0 1.0
bag_strap
0 -10.12010 -6.47861 0.15000 -0.49467 -0.86591 0.07413 -1.82162 0.02700 1 0 1.0
0 -9.21187 -6.93692 0.85711 -0.49467 -0.86591 0.07413 -1.65814 0.15428 1 0 1.0
0 -10.09048 -6.43499 0.85711 -0.49467 -0.86591 0.07413 -1.81629 0.15428 1 0 1.0
bag_strap
0 -10.09048 -6.43499 0.85711 -0.45516 -0.79675 0.39752 -1.81629 0.15428 1 0 1.0
0 -9.21187 -6.93692 0.85711 -0.45516 -0.79675 0.39752 -1.65814 0.15428 1 0 1.0
0 -9.15760 -6.82179 1.15000 -0.45516 -0.79675 0.39752 -1.64837 0.20700 1 0 1.0
bag_strap
0 -10.09048 -6.43499 0.85711 -0.45516 -0.79673 0.39755 -1.81629 0.15428 1 0 1.0
0 -9.15760 -6.82179 1.15000 -0.45516 -0.79673 0.39755 -1.64837 0.20700 1 0 1.0
0 -10.01898 -6.32970 1.15000 -0.45516 -0.79673 0.39755 -1.80342 0.20700 1 0 1.0
bag_strap
0 -10.01898 -6.32970 1.15000 0.45517 0.79674 0.39752 -1.80342 0.20700 1 0 1.0
0 -9.15760 -6.82179 1.15000 0.45517 0.79674 0.39752 -1.64837 0.20700 1 0 1.0
0 -9.10334 -6.70666 0.85711 0.45517 0.79674 0.39752 -1.63860 0.15428 1 0 1.0
bag_strap
0 -10.01898 -6.32970 1.15000 0.45517 0.79673 0.39755 -1.80342 0.20700 1 0 1.0
0 -9.10334 -6.70666 0.85711 0.45517 0.79673 0.39755 -1.63860 0.15428 1 0 1.0
0 -9.94748 -6.22440 0.85711 0.45517 0.79673 0.39755 -1.79055 0.15428 1 0 1.0
bag_strap
0 -9.94748 -6.22440 0.85711 0.49469 0.86590 0.07412 -1.79055 0.15428 1 0 1.0
0 -9.10334 -6.70666 0.85711 0.49469 0.86590 0.07412 -1.63860 0.15428 1 0 1.0
0 -9.08086 -6.65897 0.15000 0.49469 0.86590 0.07412 -1.63456 0.02700 1 0 1.0
bag_strap
0 -9.94748 -6.22440 0.85711 0.49470 0.86590 0.07413 -1.79055 0.15428 1 0 1.0
0 -9.08086 -6.65897 0.15000 0.49470 0.86590 0.07413 -1.63456 0.02700 1 0 1.0
0 -9.91786 -6.18078 0.15000 0.49470 0.86590 0.07413 -1.78522 0.02700 1 0 1.0
bag_strap
0 -9.91786 -6.18078 0.15000 0.49470 0.86590 -0.07412 -1.78522 0.02700 1 0 1.0
0 -9.08086 -6.65897 0.15000 0.49470 0.86590 -0.07412 -1.63456 0.02700 1 0 1.0
0 -9.10334 -6.70666 -0.55711 0.49470 0.86590 -0.07412 -1.63860 -0.10028 1 0 1.0
bag_strap
0 -9.91786 -6.18078 0.15000 0.49469 0.86590 -0.07413 -1.78522 0.02700 1 0 1.0
0 -9.10334 -6.70666 -0.55711 0.49469 0.86590 -0.07413 -1.63860 -0.10028 1 0 1.0
0 -9.94748 -6.22440 -0.55711 0.49469 0.86590 -0.07413 -1.79055 -0.10028 1 0 1.0
bag_strap
0 -9.94748 -6.22440 -0.55711 0.45518 0.79674 -0.39752 -1.79055 -0.10028 1 0 1.0
0 -9.10334 -6.70666 -0.55711 0.45518 0.79674 -0.39752 -1.63860 -0.10028 1 0 1.0
0 -9.15760 -6.82179 -0.85000 0.45518 0.79674 -0.39752 -1.64837 -0.15300 1 0 1.0
bag_strap
0 -9.94748 -6.22440 -0.55711 0.45516 0.79673 -0.39755 -1.79055 -0.10028 1 0 1.0
0 -9.15760 -6.82179 -0.85000 0.45516 0.79673 -0.39755 -1.64837 -0.15300 1 0 1.0
0 -10.01898 -6.32970 -0.85000 0.45516 0.79673 -0.39755 -1.80342 -0.15300 1 0 1.0
bag_strap
0 -10.01898 -6.32970 -0.85000 -0.45517 -0.79674 -0.39752 -1.80342 -0.15300 1 0 1.0
0 -9.15760 -6.82179 -0.85000 -0.45517 -0.79674 -0.39752 -1.64837 -0.15300 1 0 1.0
0 -9.21187 -6.93692 -0.55711 -0.45517 -0.79674 -0.39752 -1.65814 -0.10028 1 0 1.0
bag_strap
0 -10.01898 -6.32970 -0.85000 -0.45515 -0.79674 -0.39755 -1.80342 -0.15300 1 0 1.0
0 -9.21187 -6.93692 -0.55711 -0.45515 -0.79674 -0.39755 -1.65814 -0.10028 1 0 1.0
0 -10.09048 -6.43499 -0.55711 -0.45515 -0.79674 -0.39755 -1.81629 -0.10028 1 0 1.0
bag_strap
0 -10.09048 -6.43499 -0.55711 -0.49467 -0.86591 -0.07412 -1.81629 -0.10028 1 0 1.0
0 -9.21187 -6.93692 -0.55711 -0.49467 -0.86591 -0.07412 -1.65814 -0.10028 1 0 1.0
0 -9.23434 -6.98461 0.15000 -0.49467 -0.86591 -0.07412 -1.66218 0.02700 1 0 1.0
bag_strap
0 -10.09048 -6.43499 -0.55711 -0.49467 -0.86592 -0.07413 -1.81629 -0.10028 1 0 1.0
0 -9.23434 -6.98461 0.15000 -0.49467 -0.86592 -0.07413 -1.66218 0.02700 1 0 1.0
0 -10.12010 -6.47861 0.15000 -0.49467 -0.86592 -0.07413 -1.82162 0.02700 1 0 1.0
bag_strap
0 -9.23434 -6.98461 0.15000 -0.35205 -0.93304 0.07411 -1.66218 0.02700 1 0 1.0
0 -8.29115 -7.34049 0.15000 -0.35205 -0.93304 0.07411 -1.49241 0.02700 1 0 1.0
0 -8.27656 -7.28983 0.85711 -0.35205 -0.93304 0.07411 -1.48978 0.15428 1 0 1.0
bag_strap
0 -9.23434 -6.98461 0.15000 -0.35205 -0.93304 0.07412 -1.66218 0.02700 1 0 1.0
0 -8.27656 -7.28983 0.85711 -0.35205 -0.93304 0.07412 -1.48978 0.15428 1 0 1.0
0 -9.21187 -6.93692 0.85711 -0.35205 -0.93304 0.07412 -1.65814 0.15428 1 0 1.0
bag_strap
0 -9.21187 -6.93692 0.85711 -0.32394 -0.85853 0.39747 -1.65814 0.15428 1 0 1.0
0 -8.27656 -7.28983 0.85711 -0.32394 -0.85853 0.39747 -1.48978 0.15428 1 0 1.0
0 -8.24135 -7.16752 1.15000 -0.32394 -0.85853 0.39747 -1.48344 0.20700 1 0 1.0
bag_strap
0 -9.21187 -6.93692 0.85711 -0.32395 -0.85852 0.39749 -1.65814 0.15428 1 0 1.0
0 -8.24135 -7.16752 1.15000 -0.32395 -0.85852 0.39749 -1.48344 0.20700 1 0 1.0
0 -9.15760 -6.82179 1.15000 -0.32395 -0.85852 0.39749 -1.64837 0.20700 1 0 1.0
bag_strap
0 -9.15760 -6.82179 1.15000 0.32395 0.85853 0.39747 -1.64837 0.20700 1 0 1.0
0 -8.24135 -7.16752 1.15000 0.32395 0.85853 0.39747 -1.48344 0.20700 1 0 1.0
0 -8.20614 -7.04520 0.85711 0.32395 0.85853 0.39747 -1.47711 0.15428 1 0 1.0
bag_strap
0 -9.15760 -6.82179 1.15000 0.32395 0.85852 0.39749 -1.64837 0.20700 1 0 1.0
0 -8.20614 -7.04520 0.85711 0.32395 0.85852 0.39749 -1.47711 0.15428 1 0 1.0
0 -9.10334 -6.70666 0.85711 0.32395 0.85852 0.39749 -1.63860 0.15428 1 0 1.0
bag_strap
0 -9.10334 -6.70666 0.85711 0.35207 0.93303 0.07411 -1.63860 0.15428 1 0 1.0
0 -8.20614 -7.04520 0.85711 0.35207 0.93303 0.07411 -1.47711 0.15428 1 0 1.0
0 -8.19156 -6.99454 0.15000 0.35207 0.93303 0.07411 -1.47448 0.02700 1 0 1.0
bag_strap
0 -9.10334 -6.70666 0.85711 0.35207 0.93303 0.07412 -1.63860 0.15428 1 0 1.0
0 -8.19156 -6.99454 0.15000 0.35207 0.93303 0.07412 -1.47448 0.02700 1 0 1.0
0 -9.08086 -6.65897 0.15000 0.35207 0.93303 0.07412 -1.63456 0.02700 1 0 1.0
bag_strap
0 -9.08086 -6.65897 0.15000 0.35207 0.93303 -0.07411 -1.63456 0.02700 1 0 1.0
0 -8.19156 -6.99454 0.15000 0.35207 0.93303 -0.07411 -1.47448 0.02700 1 0 1.0
0 -8.20614 -7.04520 -0.55711 0.35207 0.93303 -0.07411 -1.47711 -0.10028 1 0 1.0
bag_strap
0 -9.08086 -6.65897 0.15000 0.35207 0.93303 -0.07412 -1.63456 0.02700 1 0 1.0
0 -8.20614 -7.04520 -0.55711 0.35207 0.93303 -0.07412 -1.47711 -0.10028 1 0 1.0
0 -9.10334 -6.70666 -0.55711 0.35207 0.93303 -0.07412 -1.63860 -0.10028 1 0 1.0
bag_strap
0 -9.10334 -6.70666 -0.55711 0.32396 0.85853 -0.39747 -1.63860 -0.10028 1 0 1.0
0 -8.20614 -7.04520 -0.55711 0.32396 0.85853 -0.39747 -1.47711 -0.10028 1 0 1.0
0 -8.24135 -7.16752 -0.85000 0.32396 0.85853 -0.39747 -1.48344 -0.15300 1 0 1.0
bag_strap
0 -9.10334 -6.70666 -0.55711 0.32395 0.85852 -0.39749 -1.63860 -0.10028 1 0 1.0
0 -8.24135 -7.16752 -0.85000 0.32395 0.85852 -0.39749 -1.48344 -0.15300 1 0 1.0
0 -9.15760 -6.82179 -0.85000 0.32395 0.85852 -0.39749 -1.64837 -0.15300 1 0 1.0
bag_strap
0 -9.15760 -6.82179 -0.85000 -0.32395 -0.85853 -0.39747 -1.64837 -0.15300 1 0 1.0
0 -8.24135 -7.16752 -0.85000 -0.32395 -0.85853 -0.39747 -1.48344 -0.15300 1 0 1.0
0 -8.27656 -7.28983 -0.55711 -0.32395 -0.85853 -0.39747 -1.48978 -0.10028 1 0 1.0
bag_strap
0 -9.15760 -6.82179 -0.85000 -0.32394 -0.85853 -0.39749 -1.64837 -0.15300 1 0 1.0
0 -8.27656 -7.28983 -0.55711 -0.32394 -0.85853 -0.39749 -1.48978 -0.10028 1 0 1.0
0 -9.21187 -6.93692 -0.55711 -0.32394 -0.85853 -0.39749 -1.65814 -0.10028 1 0 1.0
bag_strap
0 -9.21187 -6.93692 -0.55711 -0.35205 -0.93304 -0.07411 -1.65814 -0.10028 1 0 1.0
0 -8.27656 -7.28983 -0.55711 -0.35205 -0.93304 -0.07411 -1.48978 -0.10028 1 0 1.0
0 -8.29115 -7.34049 0.15000 -0.35205 -0.93304 -0.07411 -1.49241 0.02700 1 0 1.0
bag_strap
0 -9.21187 -6.93692 -0.55711 -0.35205 -0.93304 -0.07412 -1.65814 -0.10028 1 0 1.0
0 -8.29115 -7.34049 0.15000 -0.35205 -0.93304 -0.07412 -1.49241 0.02700 1 0 1.0
0 -9.23434 -6.98461 0.15000 -0.35205 -0.93304 -0.07412 -1.66218 0.02700 1 0 1.0
bag_strap
0 -8.29115 -7.34049 0.15000 -0.19720 -0.97756 0.07410 -1.49241 0.02700 1 0 1.0
0 -7.31095 -7.53823 0.15000 -0.19720 -0.97756 0.07410 -1.31597 0.02700 1 0 1.0
0 -7.30478 -7.48587 0.85711 -0.19720 -0.97756 0.07410 -1.31486 0.15428 1 0 1.0
bag_strap
0 -8.29115 -7.34049 0.15000 -0.19721 -0.97756 0.07411 -1.49241 0.02700 1 0 1.0
0 -7.30478 -7.48587 0.85711 -0.19721 -0.97756 0.07411 -1.31486 0.15428 1 0 1.0
0 -8.27656 -7.28983 0.85711 -0.19721 -0.97756 0.07411 -1.48978 0.15428 1 0 1.0
bag_strap
0 -8.27656 -7.28983 0.85711 -0.18146 -0.89951 0.39743 -1.48978 0.15428 1 0 1.0
0 -7.30478 -7.48587 0.85711 -0.18146 -0.89951 0.39743 -1.31486 0.15428 1 0 1.0
0 -7.28989 -7.35946 1.15000 -0.18146 -0.89951 0.39743 -1.31218 0.20700 1 0 1.0
bag_strap
0 -8.27656 -7.28983 0.85711 -0.18146 -0.89950 0.39745 -1.48978 0.15428 1 0 1.0
0 -7.28989 -7.35946 1.15000 -0.18146 -0.89950 0.39745 -1.31218 0.20700 1 0 1.0
0 -8.24135 -7.16752 1.15000 -0.18146 -0.89950 0.39745 -1.48344 0.20700 1 0 1.0
bag_strap
0 -8.24135 -7.16752 1.15000 0.18147 0.89951 0.39743 -1.48344 0.20700 1 0 1.0
0 -7.28989 -7.35946 1.15000 0.18147 0.89951 0.39743 -1.31218 0.20700 1 0 1.0
0 -7.27499 -7.23306 0.85711 0.18147 0.89951 0.39743 -1.30950 0.15428 1 0 1.0
bag_strap
0 -8.24135 -7.16752 1.15000 0.18147 0.89950 0.39745 -1.48344 0.20700 1 0 1.0
0 -7.27499 -7.23306 0.85711 0.18147 0.89950 0.39745 -1.30950 0.15428 1 0 1.0
0 -8.20614 -7.04520 0.85711 0.18147 0.89950 0.39745 -1.47711 0.15428 1 0 1.0
bag_strap
0 -8.20614 -7.04520 0.85711 0.19722 0.97756 0.07410 -1.47711 0.15428 1 0 1.0
0 -7.27499 -7.23306 0.85711 0.19722 0.97756 0.07410 -1.30950 0.15428 1 0 1.0
0 -7.26882 -7.18070 0.15000 0.19722 0.97756 0.07410 -1.30839 0.02700 1 0 1.0
bag_strap
0 -8.20614 -7.04520 0.85711 0.19722 0.97755 0.07411 -1.47711 0.15428 1 0 1.0
0 -7.26882 -7.18070 0.15000 0.19722 0.97755 0.07411 -1.30839 0.02700 1 0 1.0
0 -8.19156 -6.99454 0.15000 0.19722 0.97755 0.07411 -1.47448 0.02700 1 0 1.0
bag_strap
0 -8.19156 -6.99454 0.15000 0.19722 0.97755 -0.07410 -1.47448 0.02700 1 0 1.0
0 -7.26882 -7.18070 0.15000 0.19722 0.97755 -0.07410 -1.30839 0.02700 1 0 1.0
0 -7.27499 -7.23306 -0.55711 0.19722 0.97755 -0.07410 -1.30950 -0.10028 1 0 1.0
bag_strap
0 -8.19156 -6.99454 0.15000 0.19722 0.97755 -0.07411 -1.47448 0.02700 1 0 1.0
0 -7.27499 -7.23306 -0.55711 0.19722 0.97755 -0.07411 -1.30950 -0.10028 1 0 1.0
0 -8.20614 -7.04520 -0.55711 0.19722 0.97755 -0.07411 -1.47711 -0.10028 1 0 1.0
bag_strap
0 -8.20614 -7.04520 -0.55711 0.18147 0.89951 -0.39743 -1.47711 -0.10028 1 0 1.0
0 -7.27499 -7.23306 -0.55711 0.18147 0.89951 -0.39743 -1.30950 -0.10028 1 0 1.0
0 -7.28989 -7.35946 -0.85000 0.18147 0.89951 -0.39743 -1.31218 -0.15300 1 0 1.0
bag_strap
0 -8.20614 -7.04520 -0.55711 0.18146 0.89950 -0.39745 -1.47711 -0.10028 1 0 1.0
0 -7.28989 -7.35946 -0.85000 0.18146 0.89950 -0.39745 -1.31218 -0.15300 1 0 1.0
0 -8.24135 -7.16752 -0.85000 0.18146 0.89950 -0.39745 -1.48344 -0.15300 1 0 1.0
bag_strap
0 -8.24135 -7.16752 -0.85000 -0.18147 -0.89951 -0.39743 -1.48344 -0.15300 1 0 1.0
0 -7.28989 -7.35946 -0.85000 -0.18147 -0.89951 -0.39743 -1.31218 -0.15300 1 0 1.0
0 -7.30478 -7.48587 -0.55711 -0.18147 -0.89951 -0.39743 -1.31486 -0.10028 1 0 1.0
bag_strap
0 -8.24135 -7.16752 -0.85000 -0.18146 -0.89950 -0.39745 -1.48344 -0.15300 1 0 1.0
0 -7.30478 -7.48587 -0.55711 -0.18146 -0.89950 -0.39745 -1.31486 -0.10028 1 0 1.0
0 -8.27656 -7.28983 -0.55711 -0.18146 -0.89950 -0.39745 -1.48978 -0.10028 1 0 1.0
bag_strap
0 -8.27656 -7.28983 -0.55711 -0.19721 -0.97756 -0.07410 -1.48978 -0.10028 1 0 1.0
0 -7.30478 -7.48587 -0.55711 -0.19721 -0.97756 -0.07410 -1.31486 -0.10028 1 0 1.0
0 -7.31095 -7.53823 0.15000 -0.19721 -0.97756 -0.07410 -1.31597 0.02700 1 0 1.0
bag_strap
0 -8.27656 -7.28983 -0.55711 -0.19720 -0.97756 -0.07411 -1.48978 -0.10028 1 0 1.0
0 -7.31095 -7.53823 0.15000 -0.19720 -0.97756 -0.07411 -1.31597 0.02700 1 0 1.0
0 -8.29115 -7.34049 0.15000 -0.19720 -0.97756 -0.07411 -1.49241 0.02700 1 0 1.0
bag_strap
0 -7.31095 -7.53823 0.15000 -0.03512 -0.99663 0.07410 -1.31597 0.02700 1 0 1.0
0 -6.31517 -7.57331 0.15000 -0.03512 -0.99663 0.07410 -1.13673 0.02700 1 0 1.0
0 -6.31765 -7.52065 0.85711 -0.03512 -0.99663 0.07410 -1.13718 0.15428 1 0 1.0
bag_strap
0 -7.31095 -7.53823 0.15000 -0.03512 -0.99663 0.07410 -1.31597 0.02700 1 0 1.0
0 -6.31765 -7.52065 0.85711 -0.03512 -0.99663 0.07410 -1.13718 0.15428 1 0 1.0
0 -7.30478 -7.48587 0.85711 -0.03512 -0.99663 0.07410 -1.31486 0.15428 1 0 1.0
bag_strap
0 -7.30478 -7.48587 0.85711 -0.03231 -0.91707 0.39742 -1.31486 0.15428 1 0 1.0
0 -6.31765 -7.52065 0.85711 -0.03231 -0.91707 0.39742 -1.13718 0.15428 1 0 1.0
0 -6.32362 -7.39351 1.15000 -0.03231 -0.91707 0.39742 -1.13825 0.20700 1 0 1.0
bag_strap
0 -7.30478 -7.48587 0.85711 -0.03231 -0.91707 0.39742 -1.31486 0.15428 1 0 1.0
0 -6.32362 -7.39351 1.15000 -0.03231 -0.91707 0.39742 -1.13825 0.20700 1 0 1.0
0 -7.28989 -7.35946 1.15000 -0.03231 -0.91707 0.39742 -1.31218 0.20700 1 0 1.0
bag_strap
0 -7.28989 -7.35946 1.15000 0.03231 0.91707 0.39742 -1.31218 0.20700 1 0 1.0
0 -6.32362 -7.39351 1.15000 0.03231 0.91707 0.39742 -1.13825 0.20700 1 0 1.0
0 -6.32960 -7.26637 0.85711 0.03231 0.91707 0.39742 -1.13933 0.15428 1 0 1.0
bag_strap
0 -7.28989 -7.35946 1.15000 0.03231 0.91707 0.39742 -1.31218 0.20700 1 0 1.0
0 -6.32960 -7.26637 0.85711 0.03231 0.91707 0.39742 -1.13933 0.15428 1 0 1.0
0 -7.27499 -7.23306 0.85711 0.03231 0.91707 0.39742 -1.30950 0.15428 1 0 1.0
bag_strap
0 -7.27499 -7.23306 0.85711 0.03512 0.99663 0.07410 -1.30950 0.15428 1 0 1.0
0 -6.32960 -7.26637 0.85711 0.03512 0.99663 0.07410 -1.13933 0.15428 1 0 1.0
0 -6.33207 -7.21371 0.15000 0.03512 0.99663 0.07410 -1.13977 0.02700 1 0 1.0
bag_strap
0 -7.27499 -7.23306 0.85711 0.03512 0.99663 0.07410 -1.30950 0.15428 1 0 1.0
0 -6.33207 -7.21371 0.15000 0.03512 0.99663 0.07410 -1.13977 0.02700 1 0 1.0
0 -7.26882 -7.18070 0.15000 0.03512 0.99663 0.07410 -1.30839 0.02700 1 0 1.0
bag_strap
0 -7.26882 -7.18070 0.15000 0.03512 0.99663 -0.07410 -1.30839 0.02700 1 0 1.0
0 -6.33207 -7.21371 0.15000 0.03512 0.99663 -0.07410 -1.13977 0.02700 1 0 1.0
0 -6.32960 -7.26637 -0.55711 0.03512 0.99663 -0.07410 -1.13933 -0.10028 1 0 1.0
bag_strap
0 -7.26882 -7.18070 0.15000 0.03512 0.99663 -0.07410 -1.30839 0.02700 1 0 1.0
0 -6.32960 -7.26637 -0.55711 0.03512 0.99663 -0.07410 -1.13933 -0.10028 1 0 1.0
0 -7.27499 -7.23306 -0.55711 0.03512 0.99663 -0.07410 -1.30950 -0.10028 1 0 1.0
bag_strap
0 -7.27499 -7.23306 -0.55711 0.03231 0.91707 -0.39742 -1.30950 -0.10028 1 0 1.0
0 -6.32960 -7.26637 -0.55711 0.03231 0.91707 -0.39742 -1.13933 -0.10028 1 0 1.0
0 -6.32362 -7.39351 -0.85000 0.03231 0.91707 -0.39742 -1.13825 -0.15300 1 0 1.0
bag_strap
0 -7.27499 -7.23306 -0.55711 0.03231 0.91707 -0.39742 -1.30950 -0.10028 1 0 1.0
0 -6.32362 -7.39351 -0.85000 0.03231 0.91707 -0.39742 -1.13825 -0.15300 1 0 1.0
0 -7.28989 -7.35946 -0.85000 0.03231 0.91707 -0.39742 -1.31218 -0.15300 1 0 1.0
bag_strap
0 -7.28989 -7.35946 -0.85000 -0.03231 -0.91707 -0.39742 -1.31218 -0.15300 1 0 1.0
0 -6.32362 -7.39351 -0.85000 -0.03231 -0.91707 -0.39742 -1.13825 -0.15300 1 0 1.0
0 -6.31765 -7.52065 -0.55711 -0.03231 -0.91707 -0.39742 -1.13718 -0.10028 1 0 1.0
bag_strap
0 -7.28989 -7.35946 -0.85000 -0.03231 -0.91707 -0.39742 -1.31218 -0.15300 1 0 1.0
0 -6.31765 -7.52065 -0.55711 -0.03231 -0.91707 -0.39742 -1.13718 -0.10028 1 0 1.0
0 -7.30478 -7.48587 -0.55711 -0.03231 -0.91707 -0.39742 -1.31486 -0.10028 1 0 1.0
bag_strap
0 -7.30478 -7.48587 -0.55711 -0.03512 -0.99663 -0.07410 -1.31486 -0.10028 1 0 1.0
0 -6.31765 -7.52065 -0.55711 -0.03512 -0.99663 -0.07410 -1.13718 -0.10028 1 0 1.0
0 -6.31517 -7.57331 0.15000 -0.03512 -0.99663 -0.07410 -1.13673 0.02700 1 0 1.0
bag_strap
0 -7.30478 -7.48587 -0.55711 -0.03512 -0.99663 -0.07410 -1.31486 -0.10028 1 0 1.0
0 -6.31517 -7.57331 0.15000 -0.03512 -0.99663 -0.07410 -1.13673 0.02700 1 0 1.0
0 -7.31095 -7.53823 0.15000 -0.03512 -0.99663 -0.07410 -1.31597 0.02700 1 0 1.0
bag_strap
0 -6.31517 -7.57331 0.15000 0.12829 -0.98896 0.07411 -1.13673 0.02700 1 0 1.0
0 -5.32564 -7.44494 0.15000 0.12829 -0.98896 0.07411 -0.95861 0.02700 1 0 1.0
0 -5.33666 -7.39339 0.85711 0.12829 -0.98896 0.07411 -0.96060 0.15428 1 0 1.0
bag_strap
0 -6.31517 -7.57331 0.15000 0.12829 -0.98896 0.07410 -1.13673 0.02700 1 0 1.0
0 -5.33666 -7.39339 0.85711 0.12829 -0.98896 0.07410 -0.96060 0.15428 1 0 1.0
0 -6.31765 -7.52065 0.85711 0.12829 -0.98896 0.07410 -1.13718 0.15428 1 0 1.0
bag_strap
0 -6.31765 -7.52065 0.85711 0.11805 -0.91001 0.39743 -1.13718 0.15428 1 0 1.0
0 -5.33666 -7.39339 0.85711 0.11805 -0.91001 0.39743 -0.96060 0.15428 1 0 1.0
0 -5.36328 -7.26893 1.15000 0.11805 -0.91001 0.39743 -0.96539 0.20700 1 0 1.0
bag_strap
0 -6.31765 -7.52065 0.85711 0.11805 -0.91001 0.39743 -1.13718 0.15428 1 0 1.0
0 -5.36328 -7.26893 1.15000 0.11805 -0.91001 0.39743 -0.96539 0.20700 1 0 1.0
0 -6.32362 -7.39351 1.15000 0.11805 -0.91001 0.39743 -1.13825 0.20700 1 0 1.0
bag_strap
0 -6.32362 -7.39351 1.15000 -0.11805 0.91001 0.39743 -1.13825 0.20700 1 0 1.0
0 -5.36328 -7.26893 1.15000 -0.11805 0.91001 0.39743 -0.96539 0.20700 1 0 1.0
0 -5.38990 -7.14446 0.85711 -0.11805 0.91001 0.39743 -0.97018 0.15428 1 0 1.0
bag_strap
0 -6.32362 -7.39351 1.15000 -0.11806 0.91001 0.39742 -1.13825 0.20700 1 0 1.0
0 -5.38990 -7.14446 0.85711 -0.11806 0.91001 0.39742 -0.97018 0.15428 1 0 1.0
0 -6.32960 -7.26637 0.85711 -0.11806 0.91001 0.39742 -1.13933 0.15428 1 0 1.0
bag_strap
0 -6.32960 -7.26637 0.85711 -0.12830 0.98896 0.07411 -1.13933 0.15428 1 0 1.0
0 -5.38990 -7.14446 0.85711 -0.12830 0.98896 0.07411 -0.97018 0.15428 1 0 1.0
0 -5.40093 -7.09291 0.15000 -0.12830 0.98896 0.07411 -0.97217 0.02700 1 0 1.0
bag_strap
0 -6.32960 -7.26637 0.85711 -0.12830 0.98896 0.07410 -1.13933 0.15428 1 0 1.0
0 -5.40093 -7.09291 0.15000 -0.12830 0.98896 0.07410 -0.97217 0.02700 1 0 1.0
0 -6.33207 -7.21371 0.15000 -0.12830 0.98896 0.07410 -1.13977 0.02700 1 0 1.0
bag_strap
0 -6.33207 -7.21371 0.15000 -0.12830 0.98896 -0.07411 -1.13977 0.02700 1 0 1.0
0 -5.40093 -7.09291 0.15000 -0.12830 0.98896 -0.07411 -0.97217 0.02700 1 0 1.0
0 -5.38990 -7.14446 -0.55711 -0.12830 0.98896 -0.07411 -0.97018 -0.10028 1 0 1.0
bag_strap
0 -6.33207 -7.21371 0.15000 -0.12830 0.98896 -0.07410 -1.13977 0.02700 1 0 1.0
0 -5.38990 -7.14446 -0.55711 -0.12830 0.98896 -0.07410 -0.97018 -0.10028 1 0 1.0
0 -6.32960 -7.26637 -0.55711 -0.12830 0.98896 -0.07410 -1.13933 -0.10028 1 0 1.0
bag_strap
0 -6.32960 -7.26637 -0.55711 -0.11806 0.91001 -0.39743 -1.13933 -0.10028 1 0 1.0
0 -5.38990 -7.14446 -0.55711 -0.11806 0.91001 -0.39743 -0.97018 -0.10028 1 0 1.0
0 -5.36328 -7.26893 -0.85000 -0.11806 0.91001 -0.39743 -0.96539 -0.15300 1 0 1.0
bag_strap
0 -6.32960 -7.26637 -0.55711 -0.11805 0.91001 -0.39742 -1.13933 -0.10028 1 0 1.0
0 -5.36328 -7.26893 -0.85000 -0.11805 0.91001 -0.39742 -0.96539 -0.15300 1 0 1.0
0 -6.32362 -7.39351 -0.85000 -0.11805 0.91001 -0.39742 -1.13825 -0.15300 1 0 1.0
bag_strap
0 -6.32362 -7.39351 -0.85000 0.11805 -0.91001 -0.39743 -1.13825 -0.15300 1 0 1.0
0 -5.36328 -7.26893 -0.85000 0.11805 -0.91001 -0.39743 -0.96539 -0.15300 1 0 1.0
0 -5.33666 -7.39339 -0.55711 0.11805 -0.91001 -0.39743 -0.96060 -0.10028 1 0 1.0
bag_strap
0 -6.32362 -7.39351 -0.85000 0.11805 -0.91001 -0.39742 -1.13825 -0.15300 1 0 1.0
0 -5.33666 -7.39339 -0.55711 0.11805 -0.91001 -0.39742 -0.96060 -0.10028 1 0 1.0
0 -6.31765 -7.52065 -0.55711 0.11805 -0.91001 -0.39742 -1.13718 -0.10028 1 0 1.0
bag_strap
0 -6.31765 -7.52065 -0.55711 0.12829 -0.98896 -0.07411 -1.13718 -0.10028 1 0 1.0
0 -5.33666 -7.39339 -0.55711 0.12829 -0.98896 -0.07411 -0.96060 -0.10028 1 0 1.0
0 -5.32564 -7.44494 0.15000 0.12829 -0.98896 -0.07411 -0.95861 0.02700 1 0 1.0
bag_strap
0 -6.31765 -7.52065 -0.55711 0.12829 -0.98896 -0.07410 -1.13718 -0.10028 1 0 1.0
0 -5.32564 -7.44494 0.15000 0.12829 -0.98896 -0.07410 -0.95861 0.02700 1 0 1.0
0 -6.31517 -7.57331 0.15000 0.12829 -0.98896 -0.07410 -1.13673 0.02700 1 0 1.0
bag_strap
0 -5.32564 -7.44494 0.15000 0.28692 -0.95508 0.07411 -0.95861 0.02700 1 0 1.0
0 -4.36401 -7.15606 0.15000 0.28692 -0.95508 0.07411 -0.78552 0.02700 1 0 1.0
0 -4.38319 -7.10695 0.85711 0.28692 -0.95508 0.07411 -0.78897 0.15428 1 0 1.0
bag_strap
0 -5.32564 -7.44494 0.15000 0.28693 -0.95508 0.07411 -0.95861 0.02700 1 0 1.0
0 -4.38319 -7.10695 0.85711 0.28693 -0.95508 0.07411 -0.78897 0.15428 1 0 1.0
0 -5.33666 -7.39339 0.85711 0.28693 -0.95508 0.07411 -0.96060 0.15428 1 0 1.0
bag_strap
0 -5.33666 -7.39339 0.85711 0.26401 -0.87881 0.39747 -0.96060 0.15428 1 0 1.0
0 -4.38319 -7.10695 0.85711 0.26401 -0.87881 0.39747 -0.78897 0.15428 1 0 1.0
0 -4.42948 -6.98839 1.15000 0.26401 -0.87881 0.39747 -0.79731 0.20700 1 0 1.0
bag_strap
0 -5.33666 -7.39339 0.85711 0.26402 -0.87882 0.39745 -0.96060 0.15428 1 0 1.0
0 -4.42948 -6.98839 1.15000 0.26402 -0.87882 0.39745 -0.79731 0.20700 1 0 1.0
0 -5.36328 -7.26893 1.15000 0.26402 -0.87882 0.39745 -0.96539 0.20700 1 0 1.0
bag_strap
0 -5.36328 -7.26893 1.15000 -0.26402 0.87881 0.39747 -0.96539 0.20700 1 0 1.0
0 -4.42948 -6.98839 1.15000 -0.26402 0.87881 0.39747 -0.79731 0.20700 1 0 1.0
0 -4.47577 -6.86982 0.85711 -0.26402 0.87881 0.39747 -0.80564 0.15428 1 0 1.0
bag_strap
0 -5.36328 -7.26893 1.15000 -0.26403 0.87882 0.39745 -0.96539 0.20700 1 0 1.0
0 -4.47577 -6.86982 0.85711 -0.26403 0.87882 0.39745 -0.80564 0.15428 1 0 1.0
0 -5.38990 -7.14446 0.85711 -0.26403 0.87882 0.39745 -0.97018 0.15428 1 0 1.0
bag_strap
0 -5.38990 -7.14446 0.85711 -0.28694 0.95508 0.07411 -0.97018 0.15428 1 0 1.0
0 -4.47577 -6.86982 0.85711 -0.28694 0.95508 0.07411 -0.80564 0.15428 1 0 1.0
0 -4.49495 -6.82071 0.15000 -0.28694 0.95508 0.07411 -0.80909 0.02700 1 0 1.0
bag_strap
0 -5.38990 -7.14446 0.85711 -0.28694 0.95508 0.07411 -0.97018 0.15428 1 0 1.0
0 -4.49495 -6.82071 0.15000 -0.28694 0.95508 0.07411 -0.80909 0.02700 1 0 1.0
0 -5.40093 -7.09291 0.15000 -0.28694 0.95508 0.07411 -0.97217 0.02700 1 0 1.0
bag_strap
0 -5.40093 -7.09291 0.15000 -0.28694 0.95508 -0.07411 -0.97217 0.02700 1 0 1.0
0 -4.49495 -6.82071 0.15000 -0.28694 0.95508 -0.07411 -0.80909 0.02700 1 0 1.0
0 -4.47577 -6.86982 -0.55711 -0.28694 0.95508 -0.07411 -0.80564 -0.10028 1 0 1.0
bag_strap
0 -5.40093 -7.09291 0.15000 -0.28694 0.95508 -0.07411 -0.97217 0.02700 1 0 1.0
0 -4.47577 -6.86982 -0.55711 -0.28694 0.95508 -0.07411 -0.80564 -0.10028 1 0 1.0
0 -5.38990 -7.14446 -0.55711 -0.28694 0.95508 -0.07411 -0.97018 -0.10028 1 0 1.0
bag_strap
0 -5.38990 -7.14446 -0.55711 -0.26403 0.87881 -0.39747 -0.97018 -0.10028 1 0 1.0
0 -4.47577 -6.86982 -0.55711 -0.26403 0.87881 -0.39747 -0.80564 -0.10028 1 0 1.0
0 -4.42948 -6.98839 -0.85000 -0.26403 0.87881 -0.39747 -0.79731 -0.15300 1 0 1.0
bag_strap
0 -5.38990 -7.14446 -0.55711 -0.26402 0.87882 -0.39745 -0.97018 -0.10028 1 0 1.0
0 -4.42948 -6.98839 -0.85000 -0.26402 0.87882 -0.39745 -0.79731 -0.15300 1 0 1.0
0 -5.36328 -7.26893 -0.85000 -0.26402 0.87882 -0.39745 -0.96539 -0.15300 1 0 1.0
bag_strap
0 -5.36328 -7.26893 -0.85000 0.26402 -0.87881 -0.39747 -0.96539 -0.15300 1 0 1.0
0 -4.42948 -6.98839 -0.85000 0.26402 -0.87881 -0.39747 -0.79731 -0.15300 1 0 1.0
0 -4.38319 -7.10695 -0.55711 0.26402 -0.87881 -0.39747 -0.78897 -0.10028 1 0 1.0
bag_strap
0 -5.36328 -7.26893 -0.85000 0.26402 -0.87882 -0.39745 -0.96539 -0.15300 1 0 1.0
0 -4.38319 -7.10695 -0.55711 0.26402 -0.87882 -0.39745 -0.78897 -0.10028 1 0 1.0
0 -5.33666 -7.39339 -0.55711 0.26402 -0.87882 -0.39745 -0.96060 -0.10028 1 0 1.0
bag_strap
0 -5.33666 -7.39339 -0.55711 0.28693 -0.95508 -0.07411 -0.96060 -0.10028 1 0 1.0
0 -4.38319 -7.10695 -0.55711 0.28693 -0.95508 -0.07411 -0.78897 -0.10028 1 0 1.0
0 -4.36401 -7.15606 0.15000 0.28693 -0.95508 -0.07411 -0.78552 0.02700 1 0 1.0
bag_strap
0 -5.33666 -7.39339 -0.55711 0.28692 -0.95508 -0.07411 -0.96060 -0.10028 1 0 1.0
0 -4.36401 -7.15606 0.15000 0.28692 -0.95508 -0.07411 -0.78552 0.02700 1 0 1.0
0 -5.32564 -7.44494 0.15000 0.28692 -0.95508 -0.07411 -0.95861 0.02700 1 0 1.0
bag_strap
0 -4.36401 -7.15606 0.15000 0.43531 -0.89722 0.07412 -0.78552 0.02700 1 0 1.0
0 -3.45122 -6.71320 0.15000 0.43531 -0.89722 0.07412 -0.62122 0.02700 1 0 1.0
0 -3.47788 -6.66771 0.85711 0.43531 -0.89722 0.07412 -0.62602 0.15428 1 0 1.0
bag_strap
0 -4.36401 -7.15606 0.15000 0.43531 -0.89722 0.07412 -0.78552 0.02700 1 0 1.0
0 -3.47788 -6.66771 0.85711 0.43531 -0.89722 0.07412 -0.62602 0.15428 1 0 1.0
0 -4.38319 -7.10695 0.85711 0.43531 -0.89722 0.07412 -0.78897 0.15428 1 0 1.0
bag_strap
0 -4.38319 -7.10695 0.85711 0.40054 -0.82556 0.39752 -0.78897 0.15428 1 0 1.0
0 -3.47788 -6.66771 0.85711 0.40054 -0.82556 0.39752 -0.62602 0.15428 1 0 1.0
0 -3.54225 -6.55791 1.15000 0.40054 -0.82556 0.39752 -0.63760 0.20700 1 0 1.0
bag_strap
0 -4.38319 -7.10695 0.85711 0.40056 -0.82556 0.39749 -0.78897 0.15428 1 0 1.0
0 -3.54225 -6.55791 1.15000 0.40056 -0.82556 0.39749 -0.63760 0.20700 1 0 1.0
0 -4.42948 -6.98839 1.15000 0.40056 -0.82556 0.39749 -0.79731 0.20700 1 0 1.0
bag_strap
0 -4.42948 -6.98839 1.15000 -0.40055 0.82555 0.39752 -0.79731 0.20700 1 0 1.0
0 -3.54225 -6.55791 1.15000 -0.40055 0.82555 0.39752 -0.63760 0.20700 1 0 1.0
0 -3.60661 -6.44810 0.85711 -0.40055 0.82555 0.39752 -0.64919 0.15428 1 0 1.0
bag_strap
0 -4.42948 -6.98839 1.15000 -0.40057 0.82556 0.39749 -0.79731 0.20700 1 0 1.0
0 -3.60661 -6.44810 0.85711 -0.40057 0.82556 0.39749 -0.64919 0.15428 1 0 1.0
0 -4.47577 -6.86982 0.85711 -0.40057 0.82556 0.39749 -0.80564 0.15428 1 0 1.0
bag_strap
0 -4.47577 -6.86982 0.85711 -0.43533 0.89721 0.07412 -0.80564 0.15428 1 0 1.0
0 -3.60661 -6.44810 0.85711 -0.43533 0.89721 0.07412 -0.64919 0.15428 1 0 1.0
0 -3.63327 -6.40262 0.15000 -0.43533 0.89721 0.07412 -0.65399 0.02700 1 0 1.0
bag_strap
0 -4.47577 -6.86982 0.85711 -0.43534 0.89721 0.07412 -0.80564 0.15428 1 0 1.0
0 -3.63327 -6.40262 0.15000 -0.43534 0.89721 0.07412 -0.65399 0.02700 1 0 1.0
0 -4.49495 -6.82071 0.15000 -0.43534 0.89721 0.07412 -0.80909 0.02700 1 0 1.0
bag_strap
0 -4.49495 -6.82071 0.15000 -0.43534 0.89721 -0.07412 -0.80909 0.02700 1 0 1.0
0 -3.63327 -6.40262 0.15000 -0.43534 0.89721 -0.07412 -0.65399 0.02700 1 0 1.0
0 -3.60661 -6.44810 -0.55711 -0.43534 0.89721 -0.07412 -0.64919 -0.10028 1 0 1.0
bag_strap
0 -4.49495 -6.82071 0.15000 -0.43533 0.89721 -0.07412 -0.80909 0.02700 1 0 1.0
0 -3.60661 -6.44810 -0.55711 -0.43533 0.89721 -0.07412 -0.64919 -0.10028 1 0 1.0
0 -4.47577 -6.86982 -0.55711 -0.43533 0.89721 -0.07412 -0.80564 -0.10028 1 0 1.0
bag_strap
0 -4.47577 -6.86982 -0.55711 -0.40056 0.82555 -0.39752 -0.80564 -0.10028 1 0 1.0
0 -3.60661 -6.44810 -0.55711 -0.40056 0.82555 -0.39752 -0.64919 -0.10028 1 0 1.0
0 -3.54225 -6.55791 -0.85000 -0.40056 0.82555 -0.39752 -0.63760 -0.15300 1 0 1.0
bag_strap
0 -4.47577 -6.86982 -0.55711 -0.40056 0.82556 -0.39749 -0.80564 -0.10028 1 0 1.0
0 -3.54225 -6.55791 -0.85000 -0.40056 0.82556 -0.39749 -0.63760 -0.15300 1 0 1.0
0 -4.42948 -6.98839 -0.85000 -0.40056 0.82556 -0.39749 -0.79731 -0.15300 1 0 1.0
bag_strap
0 -4.42948 -6.98839 -0.85000 0.40055 -0.82555 -0.39752 -0.79731 -0.15300 1 0 1.0
0 -3.54225 -6.55791 -0.85000 0.40055 -0.82555 -0.39752 -0.63760 -0.15300 1 0 1.0
0 -3.47788 -6.66771 -0.55711 0.40055 -0.82555 -0.39752 -0.62602 -0.10028 1 0 1.0
bag_strap
0 -4.42948 -6.98839 -0.85000 0.40055 -0.82557 -0.39749 -0.79731 -0.15300 1 0 1.0
0 -3.47788 -6.66771 -0.55711 0.40055 -0.82557 -0.39749 -0.62602 -0.10028 1 0 1.0
0 -4.38319 -7.10695 -0.55711 0.40055 -0.82557 -0.39749 -0.78897 -0.10028 1 0 1.0
bag_strap
0 -4.38319 -7.10695 -0.55711 0.43531 -0.89722 -0.07412 -0.78897 -0.10028 1 0 1.0
0 -3.47788 -6.66771 -0.55711 0.43531 -0.89722 -0.07412 -0.62602 -0.10028 1 0 1.0
0 -3.45122 -6.71320 0.15000 0.43531 -0.89722 -0.07412 -0.62122 0.02700 1 0 1.0
bag_strap
0 -4.38319 -7.10695 -0.55711 0.43531 -0.89722 -0.07412 -0.78897 -0.10028 1 0 1.0
0 -3.45122 -6.71320 0.15000 0.43531 -0.89722 -0.07412 -0.62122 0.02700 1 0 1.0
0 -4.36401 -7.15606 0.15000 0.43531 -0.89722 -0.07412 -0.78552 0.02700 1 0 1.0
bag_strap
0 -3.45122 -6.71320 0.15000 0.56898 -0.81899 0.07426 -0.62122 0.02700 1 0 1.0
0 -2.62546 -6.13952 0.15000 0.56898 -0.81899 0.07426 -0.47258 0.02700 1 0 1.0
0 -2.65333 -6.09476 0.85711 0.56898 -0.81899 0.07426 -0.47760 0.15428 1 0 1.0
bag_strap
0 -3.45122 -6.71320 0.15000 0.56906 -0.81895 0.07413 -0.62122 0.02700 1 0 1.0
0 -2.65333 -6.09476 0.85711 0.56906 -0.81895 0.07413 -0.47760 0.15428 1 0 1.0
0 -3.47788 -6.66771 0.85711 0.56906 -0.81895 0.07413 -0.62602 0.15428 1 0 1.0
bag_strap
0 -3.47788 -6.66771 0.85711 0.52345 -0.75332 0.39813 -0.62602 0.15428 1 0 1.0
0 -2.65333 -6.09476 0.85711 0.52345 -0.75332 0.39813 -0.47760 0.15428 1 0 1.0
0 -2.72062 -5.98673 1.15000 0.52345 -0.75332 0.39813 -0.48971 0.20700 1 0 1.0
bag_strap
0 -3.47788 -6.66771 0.85711 0.52376 -0.75341 0.39755 -0.62602 0.15428 1 0 1.0
0 -2.72062 -5.98673 1.15000 0.52376 -0.75341 0.39755 -0.48971 0.20700 1 0 1.0
0 -3.54225 -6.55791 1.15000 0.52376 -0.75341 0.39755 -0.63760 0.20700 1 0 1.0
bag_strap
0 -3.54225 -6.55791 1.15000 -0.52362 0.75321 0.39813 -0.63760 0.20700 1 0 1.0
0 -2.72062 -5.98673 1.15000 -0.52362 0.75321 0.39813 -0.48971 0.20700 1 0 1.0
0 -2.78791 -5.87869 0.85711 -0.52362 0.75321 0.39813 -0.50182 0.15428 1 0 1.0
bag_strap
0 -3.54225 -6.55791 1.15000 -0.52392 0.75330 0.39755 -0.63760 0.20700 1 0 1.0
0 -2.78791 -5.87869 0.85711 -0.52392 0.75330 0.39755 -0.50182 0.15428 1 0 1.0
0 -3.60661 -6.44810 0.85711 -0.52392 0.75330 0.39755 -0.64919 0.15428 1 0 1.0
bag_strap
0 -3.60661 -6.44810 0.85711 -0.56941 0.81870 0.07426 -0.64919 0.15428 1 0 1.0
0 -2.78791 -5.87869 0.85711 -0.56941 0.81870 0.07426 -0.50182 0.15428 1 0 1.0
0 -2.81578 -5.83394 0.15000 -0.56941 0.81870 0.07426 -0.50684 0.02700 1 0 1.0
bag_strap
0 -3.60661 -6.44810 0.85711 -0.56949 0.81865 0.07413 -0.64919 0.15428 1 0 1.0
0 -2.81578 -5.83394 0.15000 -0.56949 0.81865 0.07413 -0.50684 0.02700 1 0 1.0
0 -3.63327 -6.40262 0.15000 -0.56949 0.81865 0.07413 -0.65399 0.02700 1 0 1.0
bag_strap
0 -3.63327 -6.40262 0.15000 -0.56948 0.81864 -0.07426 -0.65399 0.02700 1 0 1.0
0 -2.81578 -5.83394 0.15000 -0.56948 0.81864 -0.07426 -0.50684 0.02700 1 0 1.0
0 -2.78791 -5.87869 -0.55711 -0.56948 0.81864 -0.07426 -0.50182 -0.10028 1 0 1.0
bag_strap
0 -3.63327 -6.40262 0.15000 -0.56941 0.81870 -0.07413 -0.65399 0.02700 1 0 1.0
0 -2.78791 -5.87869 -0.55711 -0.56941 0.81870 -0.07413 -0.50182 -0.10028 1 0 1.0
0 -3.60661 -6.44810 -0.55711 -0.56941 0.81870 -0.07413 -0.64919 -0.10028 1 0 1.0
bag_strap
0 -3.60661 -6.44810 -0.55711 -0.52378 0.75309 -0.39812 -0.64919 -0.10028 1 0 1.0
0 -2.78791 -5.87869 -0.55711 -0.52378 0.75309 -0.39812 -0.50182 -0.10028 1 0 1.0
0 -2.72062 -5.98673 -0.85000 -0.52378 0.75309 -0.39812 -0.48971 -0.15300 1 0 1.0
bag_strap
0 -3.60661 -6.44810 -0.55711 -0.52376 0.75341 -0.39755 -0.64919 -0.10028 1 0 1.0
0 -2.72062 -5.98673 -0.85000 -0.52376 0.75341 -0.39755 -0.48971 -0.15300 1 0 1.0
0 -3.54225 -6.55791 -0.85000 -0.52376 0.75341 -0.39755 -0.63760 -0.15300 1 0 1.0
bag_strap
0 -3.54225 -6.55791 -0.85000 0.52362 -0.75321 -0.39813 -0.63760 -0.15300 1 0 1.0
0 -2.72062 -5.98673 -0.85000 0.52362 -0.75321 -0.39813 -0.48971 -0.15300 1 0 1.0
0 -2.65333 -6.09476 -0.55711 0.52362 -0.75321 -0.39813 -0.47760 -0.10028 1 0 1.0
bag_strap
0 -3.54225 -6.55791 -0.85000 0.52359 -0.75352 -0.39756 -0.63760 -0.15300 1 0 1.0
0 -2.65333 -6.09476 -0.55711 0.52359 -0.75352 -0.39756 -0.47760 -0.10028 1 0 1.0
0 -3.47788 -6.66771 -0.55711 0.52359 -0.75352 -0.39756 -0.62602 -0.10028 1 0 1.0
bag_strap
0 -3.47788 -6.66771 -0.55711 0.56905 -0.81894 -0.07426 -0.62602 -0.10028 1 0 1.0
0 -2.65333 -6.09476 -0.55711 0.56905 -0.81894 -0.07426 -0.47760 -0.10028 1 0 1.0
0 -2.62546 -6.13952 0.15000 0.56905 -0.81894 -0.07426 -0.47258 0.02700 1 0 1.0
bag_strap
0 -3.47788 -6.66771 -0.55711 0.56898 -0.81900 -0.07413 -0.62602 -0.10028 1 0 1.0
0 -2.62546 -6.13952 0.15000 0.56898 -0.81900 -0.07413 -0.47258 0.02700 1 0 1.0
0 -3.45122 -6.71320 0.15000 0.56898 -0.81900 -0.07413 -0.62122 0.02700 1 0 1.0
bag_strap
0 -2.62546 -6.13952 0.15000 0.50790 -0.85820 0.07435 -0.47258 0.02700 1 0 1.0
0 -0.70832 -5.00490 0.15000 0.50790 -0.85820 0.07435 -0.12750 0.02700 1 0 1.0
0 -0.73517 -4.95953 0.85711 0.50790 -0.85820 0.07435 -0.13233 0.15428 1 0 1.0
bag_strap
0 -2.62546 -6.13952 0.15000 0.50791 -0.85820 0.07433 -0.47258 0.02700 1 0 1.0
0 -0.73517 -4.95953 0.85711 0.50791 -0.85820 0.07433 -0.13233 0.15428 1 0 1.0
0 -2.65333 -6.09476 0.85711 0.50791 -0.85820 0.07433 -0.47760 0.15428 1 0 1.0
bag_strap
0 -2.65333 -6.09476 0.85711 0.46712 -0.78927 0.39855 -0.47760 0.15428 1 0 1.0
0 -0.73517 -4.95953 0.85711 0.46712 -0.78927 0.39855 -0.13233 0.15428 1 0 1.0
0 -0.80000 -4.85000 1.15000 0.46712 -0.78927 0.39855 -0.14400 0.20700 1 0 1.0
bag_strap
0 -2.65333 -6.09476 0.85711 0.46715 -0.78930 0.39847 -0.47760 0.15428 1 0 1.0
0 -0.80000 -4.85000 1.15000 0.46715 -0.78930 0.39847 -0.14400 0.20700 1 0 1.0
0 -2.72062 -5.98673 1.15000 0.46715 -0.78930 0.39847 -0.48971 0.20700 1 0 1.0
bag_strap
0 -2.72062 -5.98673 1.15000 -0.46713 0.78927 0.39855 -0.48971 0.20700 1 0 1.0
0 -0.80000 -4.85000 1.15000 -0.46713 0.78927 0.39855 -0.14400 0.20700 1 0 1.0
0 -0.86483 -4.74047 0.85711 -0.46713 0.78927 0.39855 -0.15567 0.15428 1 0 1.0
bag_strap
0 -2.72062 -5.98673 1.15000 -0.46716 0.78929 0.39847 -0.48971 0.20700 1 0 1.0
0 -0.86483 -4.74047 0.85711 -0.46716 0.78929 0.39847 -0.15567 0.15428 1 0 1.0
0 -2.78791 -5.87869 0.85711 -0.46716 0.78929 0.39847 -0.50182 0.15428 1 0 1.0
bag_strap
0 -2.78791 -5.87869 0.85711 -0.50793 0.85818 0.07435 -0.50182 0.15428 1 0 1.0
0 -0.86483 -4.74047 0.85711 -0.50793 0.85818 0.07435 -0.15567 0.15428 1 0 1.0
0 -0.89168 -4.69510 0.15000 -0.50793 0.85818 0.07435 -0.16050 0.02700 1 0 1.0
bag_strap
0 -2.78791 -5.87869 0.85711 -0.50794 0.85818 0.07433 -0.50182 0.15428 1 0 1.0
0 -0.89168 -4.69510 0.15000 -0.50794 0.85818 0.07433 -0.16050 0.02700 1 0 1.0
0 -2.81578 -5.83394 0.15000 -0.50794 0.85818 0.07433 -0.50684 0.02700 1 0 1.0
bag_strap
0 -2.81578 -5.83394 0.15000 -0.50794 0.85818 -0.07435 -0.50684 0.02700 1 0 1.0
0 -0.89168 -4.69510 0.15000 -0.50794 0.85818 -0.07435 -0.16050 0.02700 1 0 1.0
0 -0.86483 -4.74047 -0.55711 -0.50794 0.85818 -0.07435 -0.15567 -0.10028 1 0 1.0
bag_strap
0 -2.81578 -5.83394 0.15000 -0.50794 0.85818 -0.07433 -0.50684 0.02700 1 0 1.0
0 -0.86483 -4.74047 -0.55711 -0.50794 0.85818 -0.07433 -0.15567 -0.10028 1 0 1.0
0 -2.78791 -5.87869 -0.55711 -0.50794 0.85818 -0.07433 -0.50182 -0.10028 1 0 1.0
bag_strap
0 -2.78791 -5.87869 -0.55711 -0.46714 0.78926 -0.39855 -0.50182 -0.10028 1 0 1.0
0 -0.86483 -4.74047 -0.55711 -0.46714 0.78926 -0.39855 -0.15567 -0.10028 1 0 1.0
0 -0.80000 -4.85000 -0.85000 -0.46714 0.78926 -0.39855 -0.14400 -0.15300 1 0 1.0
bag_strap
0 -2.78791 -5.87869 -0.55711 -0.46715 0.78930 -0.39847 -0.50182 -0.10028 1 0 1.0
0 -0.80000 -4.85000 -0.85000 -0.46715 0.78930 -0.39847 -0.14400 -0.15300 1 0 1.0
0 -2.72062 -5.98673 -0.85000 -0.46715 0.78930 -0.39847 -0.48971 -0.15300 1 0 1.0
bag_strap
0 -2.72062 -5.98673 -0.85000 0.46713 -0.78927 -0.39855 -0.48971 -0.15300 1 0 1.0
0 -0.80000 -4.85000 -0.85000 0.46713 -0.78927 -0.39855 -0.14400 -0.15300 1 0 1.0
0 -0.73517 -4.95953 -0.55711 0.46713 -0.78927 -0.39855 -0.13233 -0.10028 1 0 1.0
bag_strap
0 -2.72062 -5.98673 -0.85000 0.46714 -0.78931 -0.39847 -0.48971 -0.15300 1 0 1.0
0 -0.73517 -4.95953 -0.55711 0.46714 -0.78931 -0.39847 -0.13233 -0.10028 1 0 1.0
0 -2.65333 -6.09476 -0.55711 0.46714 -0.78931 -0.39847 -0.47760 -0.10028 1 0 1.0
bag_strap
0 -2.65333 -6.09476 -0.55711 0.50791 -0.85820 -0.07435 -0.47760 -0.10028 1 0 1.0
0 -0.73517 -4.95953 -0.55711 0.50791 -0.85820 -0.07435 -0.13233 -0.10028 1 0 1.0
0 -0.70832 -5.00490 0.15000 0.50791 -0.85820 -0.07435 -0.12750 0.02700 1 0 1.0
bag_strap
0 -2.65333 -6.09476 -0.55711 0.50791 -0.85820 -0.07433 -0.47760 -0.10028 1 0 1.0
0 -0.70832 -5.00490 0.15000 0.50791 -0.85820 -0.07433 -0.12750 0.02700 1 0 1.0
0 -2.62546 -6.13952 0.15000 0.50791 -0.85820 -0.07433 -0.47258 0.02700 1 0 1.0
bag_strap
0 -0.80000 4.85000 -0.85000 0.86057 -0.50933 -0.00000 0.87300 -0.15300 1 0 1.0
0 -0.73517 4.95953 -0.55711 0.86057 -0.50933 -0.00000 0.89272 -0.10028 1 0 1.0
0 -0.70832 5.00490 0.15000 0.86057 -0.50933 -0.00000 0.90088 0.02700 1 0 1.0
bag_strap
0 -0.70832 5.00490 0.15000 0.86057 -0.50933 0.00000 0.90088 0.02700 1 0 1.0
0 -0.73517 4.95953 0.85711 0.86057 -0.50933 0.00000 0.89272 0.15428 1 0 1.0
0 -0.80000 4.85000 1.15000 0.86057 -0.50933 0.00000 0.87300 0.20700 1 0 1.0
bag_strap
0 -0.80000 4.85000 1.15000 0.86057 -0.50933 -0.00000 0.87300 0.20700 1 0 1.0
0 -0.86483 4.74047 0.85711 0.86057 -0.50933 -0.00000 0.85328 0.15428 1 0 1.0
0 -0.89168 4.69510 0.15000 0.86057 -0.50933 -0.00000 0.84512 0.02700 1 0 1.0
bag_strap
0 -0.89168 4.69510 0.15000 0.86057 -0.50933 0.00000 0.84512 0.02700 1 0 1.0
0 -0.86483 4.74047 -0.55711 0.86057 -0.50933 0.00000 0.85328 -0.10028 1 0 1.0
0 -0.80000 4.85000 -0.85000 0.86057 -0.50933 0.00000 0.87300 -0.15300 1 0 1.0
bag_strap
0 -0.80000 4.85000 -0.85000 0.86057 -0.50933 0.00000 0.87300 -0.15300 1 0 1.0
0 -0.70832 5.00490 0.15000 0.86057 -0.50933 0.00000 0.90088 0.02700 1 0 1.0
0 -0.80000 4.85000 1.15000 0.86057 -0.50933 0.00000 0.87300 0.20700 1 0 1.0
bag_strap
0 -0.80000 4.85000 1.15000 0.86057 -0.50933 0.00000 0.87300 0.20700 1 0 1.0
0 -0.89168 4.69510 0.15000 0.86057 -0.50933 0.00000 0.84512 0.02700 1 0 1.0
0 -0.80000 4.85000 -0.85000 0.86057 -0.50933 0.00000 0.87300 -0.15300 1 0 1.0
bag_strap
0 -0.73517 -4.95953 0.85711 0.86057 0.50934 0.00000 -0.89272 0.15428 1 0 1.0
0 -0.70832 -5.00490 0.15000 0.86057 0.50934 0.00000 -0.90088 0.02700 1 0 1.0
0 -0.73517 -4.95953 -0.55711 0.86057 0.50934 0.00000 -0.89272 -0.10028 1 0 1.0
bag_strap
0 -0.73517 -4.95953 -0.55711 0.86057 0.50933 0.00000 -0.89272 -0.10028 1 0 1.0
0 -0.80000 -4.85000 -0.85000 0.86057 0.50933 0.00000 -0.87300 -0.15300 1 0 1.0
0 -0.86483 -4.74047 -0.55711 0.86057 0.50933 0.00000 -0.85328 -0.10028 1 0 1.0
bag_strap
0 -0.86483 -4.74047 -0.55711 0.86057 0.50934 0.00000 -0.85328 -0.10028 1 0 1.0
0 -0.89168 -4.69510 0.15000 0.86057 0.50934 0.00000 -0.84512 0.02700 1 0 1.0
0 -0.86483 -4.74047 0.85711 0.86057 0.50934 0.00000 -0.85328 0.15428 1 0 1.0
bag_strap
0 -0.86483 -4.74047 0.85711 0.86057 0.50933 0.00000 -0.85328 0.15428 1 0 1.0
0 -0.80000 -4.85000 1.15000 0.86057 0.50933 0.00000 -0.87300 0.20700 1 0 1.0
0 -0.73517 -4.95953 0.85711 0.86057 0.50933 0.00000 -0.89272 0.15428 1 0 1.0
bag_strap
0 -0.73517 -4.95953 0.85711 0.86057 0.50933 0.00000 -0.89272 0.15428 1 0 1.0
0 -0.73517 -4.95953 -0.55711 0.86057 0.50933 0.00000 -0.89272 -0.10028 1 0 1.0
0 -0.86483 -4.74047 -0.55711 0.86057 0.50933 0.00000 -0.85328 -0.10028 1 0 1.0
bag_strap
0 -0.86483 -4.74047 -0.55711 0.86057 0.50933 0.00000 -0.85328 -0.10028 1 0 1.0
0 -0.86483 -4.74047 0.85711 0.86057 0.50933 0.00000 -0.85328 0.15428 1 0 1.0
0 -0.73517 -4.95953 0.85711 0.86057 0.50933 0.00000 -0.89272 0.15428 1 0 1.0
bag_strap
0 -2.00000 3.75000 0.70000 0.00000 0.00000 -1.00000 -0.36000 0.67500 1 0 1.0
0 -1.87821 4.36229 0.70000 0.00000 0.00000 -1.00000 -0.33808 0.78521 1 0 1.0
0 -1.53137 4.88137 0.70000 0.00000 0.00000 -1.00000 -0.27565 0.87865 1 0 1.0
bag_strap
0 -1.53137 4.88137 0.70000 -0.00000 0.00000 -1.00000 -0.27565 0.87865 1 0 1.0
0 -1.01229 5.22821 0.70000 -0.00000 0.00000 -1.00000 -0.18221 0.94108 1 0 1.0
0 -0.40000 5.35000 0.70000 -0.00000 0.00000 -1.00000 -0.07200 0.96300 1 0 1.0
bag_strap
0 -0.40000 5.35000 0.70000 0.00000 0.00000 -1.00000 -0.07200 0.96300 1 0 1.0
0 0.40000 5.35000 0.70000 0.00000 0.00000 -1.00000 0.07200 0.96300 1 0 1.0
0 1.01229 5.22821 0.70000 0.00000 0.00000 -1.00000 0.18221 0.94108 1 0 1.0
bag_strap
0 1.01229 5.22821 0.70000 0.00000 0.00000 -1.00000 0.18221 0.94108 1 0 1.0
0 1.53137 4.88137 0.70000 0.00000 0.00000 -1.00000 0.27565 0.87865 1 0 1.0
0 1.87821 4.36229 0.70000 0.00000 0.00000 -1.00000 0.33808 0.78521 1 0 1.0
bag_strap
0 1.87821 4.36229 0.70000 -0.00000 -0.00000 -1.00000 0.33808 0.78521 1 0 1.0
0 2.00000 3.75000 0.70000 -0.00000 -0.00000 -1.00000 0.36000 0.67500 1 0 1.0
0 2.00000 -3.75000 0.70000 -0.00000 -0.00000 -1.00000 0.36000 -0.67500 1 0 1.0
bag_strap
0 2.00000 -3.75000 0.70000 0.00000 0.00000 -1.00000 0.36000 -0.67500 1 0 1.0
0 1.87821 -4.36229 0.70000 0.00000 0.00000 -1.00000 0.33808 -0.78521 1 0 1.0
0 1.53137 -4.88137 0.70000 0.00000 0.00000 -1.00000 0.27565 -0.87865 1 0 1.0
bag_strap
0 1.53137 -4.88137 0.70000 0.00000 -0.00000 -1.00000 0.27565 -0.87865 1 0 1.0
0 1.01229 -5.22821 0.70000 0.00000 -0.00000 -1.00000 0.18221 -0.94108 1 0 1.0
0 0.40000 -5.35000 0.70000 0.00000 -0.00000 -1.00000 0.07200 -0.96300 1 0 1.0
bag_strap
0 0.40000 -5.35000 0.70000 -0.00000 -0.00000 -1.00000 0.07200 -0.96300 1 0 1.0
0 -0.40000 -5.35000 0.70000 -0.00000 -0.00000 -1.00000 -0.07200 -0.96300 1 0 1.0
0 -1.01229 -5.22821 0.70000 -0.00000 -0.00000 -1.00000 -0.18221 -0.94108 1 0 1.0
bag_strap
0 -1.01229 -5.22821 0.70000 0.00000 0.00000 -1.00000 -0.18221 -0.94108 1 0 1.0
0 -1.53137 -4.88137 0.70000 0.00000 0.00000 -1.00000 -0.27565 -0.87865 1 0 1.0
0 -1.87821 -4.36229 0.70000 0.00000 0.00000 -1.00000 -0.33808 -0.78521 1 0 1.0
bag_strap
0 -1.87821 -4.36229 0.70000 0.00000 0.00000 -1.00000 -0.33808 -0.78521 1 0 1.0
0 -2.00000 -3.75000 0.70000 0.00000 0.00000 -1.00000 -0.36000 -0.67500 1 0 1.0
0 -2.00000 3.75000 0.70000 0.00000 0.00000 -1.00000 -0.36000 0.67500 1 0 1.0
bag_strap
0 -2.00000 3.75000 0.70000 -0.00000 0.00000 -1.00000 -0.36000 0.67500 1 0 1.0
0 -1.53137 4.88137 0.70000 -0.00000 0.00000 -1.00000 -0.27565 0.87865 1 0 1.0
0 -0.40000 5.35000 0.70000 -0.00000 0.00000 -1.00000 -0.07200 0.96300 1 0 1.0
bag_strap
0 -0.40000 5.35000 0.70000 0.00000 0.00000 -1.00000 -0.07200 0.96300 1 0 1.0
0 1.01229 5.22821 0.70000 0.00000 0.00000 -1.00000 0.18221 0.94108 1 0 1.0
0 1.87821 4.36229 0.70000 0.00000 0.00000 -1.00000 0.33808 0.78521 1 0 1.0
bag_strap
0 1.87821 4.36229 0.70000 0.00000 0.00000 -1.00000 0.33808 0.78521 1 0 1.0
0 2.00000 -3.75000 0.70000 0.00000 0.00000 -1.00000 0.36000 -0.67500 1 0 1.0
0 1.53137 -4.88137 0.70000 0.00000 0.00000 -1.00000 0.27565 -0.87865 1 0 1.0
bag_strap
0 1.53137 -4.88137 0.70000 0.00000 0.00000 -1.00000 0.27565 -0.87865 1 0 1.0
0 0.40000 -5.35000 0.70000 0.00000 0.00000 -1.00000 0.07200 -0.96300 1 0 1.0
0 -1.01229 -5.22821 0.70000 0.00000 0.00000 -1.00000 -0.18221 -0.94108 1 0 1.0
bag_strap
0 -1.01229 -5.22821 0.70000 0.00000 0.00000 -1.00000 -0.18221 -0.94108 1 0 1.0
0 -1.87821 -4.36229 0.70000 0.00000 0.00000 -1.00000 -0.33808 -0.78521 1 0 1.0
0 -2.00000 3.75000 0.70000 0.00000 0.00000 -1.00000 -0.36000 0.67500 1 0 1.0
bag_strap
0 -2.00000 3.75000 0.70000 0.00000 -0.00000 -1.00000 -0.36000 0.67500 1 0 1.0
0 -0.40000 5.35000 0.70000 0.00000 -0.00000 -1.00000 -0.07200 0.96300 1 0 1.0
0 1.87821 4.36229 0.70000 0.00000 -0.00000 -1.00000 0.33808 0.78521 1 0 1.0
bag_strap
0 1.87821 4.36229 0.70000 0.00000 -0.00000 -1.00000 0.33808 0.78521 1 0 1.0
0 1.53137 -4.88137 0.70000 0.00000 -0.00000 -1.00000 0.27565 -0.87865 1 0 1.0
0 -1.01229 -5.22821 0.70000 0.00000 -0.00000 -1.00000 -0.18221 -0.94108 1 0 1.0
bag_strap
0 1.87821 4.36229 0.70000 -0.00000 0.00000 -1.00000 0.33808 0.78521 1 0 1.0
0 -1.01229 -5.22821 0.70000 -0.00000 0.00000 -1.00000 -0.18221 -0.94108 1 0 1.0
0 -2.00000 3.75000 0.70000 -0.00000 0.00000 -1.00000 -0.36000 0.67500 1 0 1.0
bag_strap
0 1.87821 -4.36229 1.10000 0.98079 -0.19509 0.00000 -0.78521 0.19800 1 0 1.0
0 1.87821 -4.36229 0.70000 0.98079 -0.19509 0.00000 -0.78521 0.12600 1 0 1.0
0 2.00000 -3.75000 0.70000 0.98079 -0.19509 0.00000 -0.67500 0.12600 1 0 1.0
bag_strap
0 1.87821 -4.36229 1.10000 0.98079 -0.19509 0.00000 -0.78521 0.19800 1 0 1.0
0 2.00000 -3.75000 0.70000 0.98079 -0.19509 0.00000 -0.67500 0.12600 1 0 1.0
0 2.00000 -3.75000 1.10000 0.98079 -0.19509 0.00000 -0.67500 0.19800 1 0 1.0
bag_strap
0 1.53137 -4.88137 1.10000 0.83147 -0.55557 0.00000 -0.87865 0.19800 1 0 1.0
0 1.53137 -4.88137 0.70000 0.83147 -0.55557 0.00000 -0.87865 0.12600 1 0 1.0
0 1.87821 -4.36229 0.70000 0.83147 -0.55557 0.00000 -0.78521 0.12600 1 0 1.0
bag_strap
0 1.53137 -4.88137 1.10000 0.83147 -0.55557 0.00000 -0.87865 0.19800 1 0 1.0
0 1.87821 -4.36229 0.70000 0.83147 -0.55557 0.00000 -0.78521 0.12600 1 0 1.0
0 1.87821 -4.36229 1.10000 0.83147 -0.55557 0.00000 -0.78521 0.19800 1 0 1.0
bag_strap
0 -1.01229 5.22821 1.10000 -0.55557 0.83147 0.00000 -0.18221 0.19800 1 0 1.0
0 -1.01229 5.22821 0.70000 -0.55557 0.83147 0.00000 -0.18221 0.12600 1 0 1.0
0 -1.53137 4.88137 0.70000 -0.55557 0.83147 0.00000 -0.27565 0.12600 1 0 1.0
bag_strap
0 -1.01229 5.22821 1.10000 -0.55557 0.83147 0.00000 -0.18221 0.19800 1 0 1.0
0 -1.53137 4.88137 0.70000 -0.55557 0.83147 0.00000 -0.27565 0.12600 1 0 1.0
0 -1.53137 4.88137 1.10000 -0.55557 0.83147 0.00000 -0.27565 0.19800 1 0 1.0
bag_strap
0 1.01229 5.22821 1.10000 0.19509 0.98079 0.00000 0.18221 0.19800 1 0 1.0
0 1.01229 5.22821 0.70000 0.19509 0.98079 0.00000 0.18221 0.12600 1 0 1.0
0 0.40000 5.35000 0.70000 0.19509 0.98079 0.00000 0.07200 0.12600 1 0 1.0
bag_strap
0 1.01229 5.22821 1.10000 0.19509 0.98079 0.00000 0.18221 0.19800 1 0 1.0
0 0.40000 5.35000 0.70000 0.19509 0.98079 0.00000 0.07200 0.12600 1 0 1.0
0 0.40000 5.35000 1.10000 0.19509 0.98079 0.00000 0.07200 0.19800 1 0 1.0
bag_strap
0 0.40000 -5.35000 1.10000 0.19509 -0.98079 0.00000 0.07200 0.19800 1 0 1.0
0 0.40000 -5.35000 0.70000 0.19509 -0.98079 0.00000 0.07200 0.12600 1 0 1.0
0 1.01229 -5.22821 0.70000 0.19509 -0.98079 0.00000 0.18221 0.12600 1 0 1.0
bag_strap
0 0.40000 -5.35000 1.10000 0.19509 -0.98079 0.00000 0.07200 0.19800 1 0 1.0
0 1.01229 -5.22821 0.70000 0.19509 -0.98079 0.00000 0.18221 0.12600 1 0 1.0
0 1.01229 -5.22821 1.10000 0.19509 -0.98079 0.00000 0.18221 0.19800 1 0 1.0
bag_strap
0 1.01229 -5.22821 1.10000 0.55557 -0.83147 0.00000 0.18221 0.19800 1 0 1.0
0 1.01229 -5.22821 0.70000 0.55557 -0.83147 0.00000 0.18221 0.12600 1 0 1.0
0 1.53137 -4.88137 0.70000 0.55557 -0.83147 0.00000 0.27565 0.12600 1 0 1.0
bag_strap
0 1.01229 -5.22821 1.10000 0.55557 -0.83147 0.00000 0.18221 0.19800 1 0 1.0
0 1.53137 -4.88137 0.70000 0.55557 -0.83147 0.00000 0.27565 0.12600 1 0 1.0
0 1.53137 -4.88137 1.10000 0.55557 -0.83147 0.00000 0.27565 0.19800 1 0 1.0
bag_strap
0 1.53137 4.88137 1.10000 0.55557 0.83147 0.00000 0.27565 0.19800 1 0 1.0
0 1.53137 4.88137 0.70000 0.55557 0.83147 0.00000 0.27565 0.12600 1 0 1.0
0 1.01229 5.22821 0.70000 0.55557 0.83147 0.00000 0.18221 0.12600 1 0 1.0
bag_strap
0 1.53137 4.88137 1.10000 0.55557 0.83147 0.00000 0.27565 0.19800 1 0 1.0
0 1.01229 5.22821 0.70000 0.55557 0.83147 0.00000 0.18221 0.12600 1 0 1.0
0 1.01229 5.22821 1.10000 0.55557 0.83147 0.00000 0.18221 0.19800 1 0 1.0
bag_strap
0 -1.53137 4.88137 1.10000 -0.83147 0.55557 0.00000 0.87865 0.19800 1 0 1.0
0 -1.53137 4.88137 0.70000 -0.83147 0.55557 0.00000 0.87865 0.12600 1 0 1.0
0 -1.87821 4.36229 0.70000 -0.83147 0.55557 0.00000 0.78521 0.12600 1 0 1.0
bag_strap
0 -1.53137 4.88137 1.10000 -0.83147 0.55557 0.00000 0.87865 0.19800 1 0 1.0
0 -1.87821 4.36229 0.70000 -0.83147 0.55557 0.00000 0.78521 0.12600 1 0 1.0
0 -1.87821 4.36229 1.10000 -0.83147 0.55557 0.00000 0.78521 0.19800 1 0 1.0
bag_strap
0 1.87821 4.36229 1.10000 0.83147 0.55557 0.00000 0.78521 0.19800 1 0 1.0
0 1.87821 4.36229 0.70000 0.83147 0.55557 0.00000 0.78521 0.12600 1 0 1.0
0 1.53137 4.88137 0.70000 0.83147 0.55557 0.00000 0.87865 0.12600 1 0 1.0
bag_strap
0 1.87821 4.36229 1.10000 0.83147 0.55557 0.00000 0.78521 0.19800 1 0 1.0
0 1.53137 4.88137 0.70000 0.83147 0.55557 0.00000 0.87865 0.12600 1 0 1.0
0 1.53137 4.88137 1.10000 0.83147 0.55557 0.00000 0.87865 0.19800 1 0 1.0
bag_strap
0 1.53137 -4.88137 1.10000 0.00000 0.00000 1.00000 0.27565 -0.87865 1 0 1.0
0 1.87821 -4.36229 1.10000 0.00000 0.00000 1.00000 0.33808 -0.78521 1 0 1.0
0 2.00000 -3.75000 1.10000 0.00000 0.00000 1.00000 0.36000 -0.67500 1 0 1.0
bag_strap
0 2.00000 -3.75000 1.10000 0.00000 0.00000 1.00000 0.36000 -0.67500 1 0 1.0
0 2.00000 3.75000 1.10000 0.00000 0.00000 1.00000 0.36000 0.67500 1 0 1.0
0 1.87821 4.36229 1.10000 0.00000 0.00000 1.00000 0.33808 0.78521 1 0 1.0
bag_strap
0 1.87821 4.36229 1.10000 0.00000 0.00000 1.00000 0.33808 0.78521 1 0 1.0
0 1.53137 4.88137 1.10000 0.00000 0.00000 1.00000 0.27565 0.87865 1 0 1.0
0 1.01229 5.22821 1.10000 0.00000 0.00000 1.00000 0.18221 0.94108 1 0 1.0
bag_strap
0 1.01229 5.22821 1.10000 0.00000 0.00000 1.00000 0.18221 0.94108 1 0 1.0
0 0.40000 5.35000 1.10000 0.00000 0.00000 1.00000 0.07200 0.96300 1 0 1.0
0 -0.40000 5.35000 1.10000 0.00000 0.00000 1.00000 -0.07200 0.96300 1 0 1.0
bag_strap
0 -0.40000 5.35000 1.10000 0.00000 0.00000 1.00000 -0.07200 0.96300 1 0 1.0
0 -1.01229 5.22821 1.10000 0.00000 0.00000 1.00000 -0.18221 0.94108 1 0 1.0
0 -1.53137 4.88137 1.10000 0.00000 0.00000 1.00000 -0.27565 0.87865 1 0 1.0
bag_strap
0 -1.53137 4.88137 1.10000 0.00000 0.00000 1.00000 -0.27565 0.87865 1 0 1.0
0 -1.87821 4.36229 1.10000 0.00000 0.00000 1.00000 -0.33808 0.78521 1 0 1.0
0 -2.00000 3.75000 1.10000 0.00000 0.00000 1.00000 -0.36000 0.67500 1 0 1.0
bag_strap
0 -2.00000 3.75000 1.10000 0.00000 0.00000 1.00000 -0.36000 0.67500 1 0 1.0
0 -2.00000 -3.75000 1.10000 0.00000 0.00000 1.00000 -0.36000 -0.67500 1 0 1.0
0 -1.87821 -4.36229 1.10000 0.00000 0.00000 1.00000 -0.33808 -0.78521 1 0 1.0
bag_strap
0 -1.87821 -4.36229 1.10000 0.00000 0.00000 1.00000 -0.33808 -0.78521 1 0 1.0
0 -1.53137 -4.88137 1.10000 0.00000 0.00000 1.00000 -0.27565 -0.87865 1 0 1.0
0 -1.01229 -5.22821 1.10000 0.00000 0.00000 1.00000 -0.18221 -0.94108 1 0 1.0
bag_strap
0 -1.01229 -5.22821 1.10000 0.00000 0.00000 1.00000 -0.18221 -0.94108 1 0 1.0
0 -0.40000 -5.35000 1.10000 0.00000 0.00000 1.00000 -0.07200 -0.96300 1 0 1.0
0 0.40000 -5.35000 1.10000 0.00000 0.00000 1.00000 0.07200 -0.96300 1 0 1.0
bag_strap
0 0.40000 -5.35000 1.10000 0.00000 0.00000 1.00000 0.07200 -0.96300 1 0 1.0
0 1.01229 -5.22821 1.10000 0.00000 0.00000 1.00000 0.18221 -0.94108 1 0 1.0
0 1.53137 -4.88137 1.10000 0.00000 0.00000 1.00000 0.27565 -0.87865 1 0 1.0
bag_strap
0 1.53137 -4.88137 1.10000 0.00000 0.00000 1.00000 0.27565 -0.87865 1 0 1.0
0 2.00000 -3.75000 1.10000 0.00000 0.00000 1.00000 0.36000 -0.67500 1 0 1.0
0 1.87821 4.36229 1.10000 0.00000 0.00000 1.00000 0.33808 0.78521 1 0 1.0
bag_strap
0 1.87821 4.36229 1.10000 0.00000 0.00000 1.00000 0.33808 0.78521 1 0 1.0
0 1.01229 5.22821 1.10000 0.00000 0.00000 1.00000 0.18221 0.94108 1 0 1.0
0 -0.40000 5.35000 1.10000 0.00000 0.00000 1.00000 -0.07200 0.96300 1 0 1.0
bag_strap
0 -0.40000 5.35000 1.10000 0.00000 0.00000 1.00000 -0.07200 0.96300 1 0 1.0
0 -1.53137 4.88137 1.10000 0.00000 0.00000 1.00000 -0.27565 0.87865 1 0 1.0
0 -2.00000 3.75000 1.10000 0.00000 0.00000 1.00000 -0.36000 0.67500 1 0 1.0
bag_strap
0 -2.00000 3.75000 1.10000 0.00000 0.00000 1.00000 -0.36000 0.67500 1 0 1.0
0 -1.87821 -4.36229 1.10000 0.00000 0.00000 1.00000 -0.33808 -0.78521 1 0 1.0
0 -1.01229 -5.22821 1.10000 0.00000 0.00000 1.00000 -0.18221 -0.94108 1 0 1.0
bag_strap
0 -1.01229 -5.22821 1.10000 0.00000 0.00000 1.00000 -0.18221 -0.94108 1 0 1.0
0 0.40000 -5.35000 1.10000 0.00000 0.00000 1.00000 0.07200 -0.96300 1 0 1.0
0 1.53137 -4.88137 1.10000 0.00000 0.00000 1.00000 0.27565 -0.87865 1 0 1.0
bag_strap
0 1.53137 -4.88137 1.10000 0.00000 0.00000 1.00000 0.27565 -0.87865 1 0 1.0
0 1.87821 4.36229 1.10000 0.00000 0.00000 1.00000 0.33808 0.78521 1 0 1.0
0 -0.40000 5.35000 1.10000 0.00000 0.00000 1.00000 -0.07200 0.96300 1 0 1.0
bag_strap
0 -0.40000 5.35000 1.10000 0.00000 0.00000 1.00000 -0.07200 0.96300 1 0 1.0
0 -2.00000 3.75000 1.10000 0.00000 0.00000 1.00000 -0.36000 0.67500 1 0 1.0
0 -1.01229 -5.22821 1.10000 0.00000 0.00000 1.00000 -0.18221 -0.94108 1 0 1.0
bag_strap
0 -0.40000 5.35000 1.10000 0.00000 0.00000 1.00000 -0.07200 0.96300 1 0 1.0
0 -1.01229 -5.22821 1.10000 0.00000 0.00000 1.00000 -0.18221 -0.94108 1 0 1.0
0 1.53137 -4.88137 1.10000 0.00000 0.00000 1.00000 0.27565 -0.87865 1 0 1.0
bag_strap
0 -1.87821 4.36229 1.10000 -0.98079 0.19509 0.00000 0.78521 0.19800 1 0 1.0
0 -1.87821 4.36229 0.70000 -0.98079 0.19509 0.00000 0.78521 0.12600 1 0 1.0
0 -2.00000 3.75000 0.70000 -0.98079 0.19509 0.00000 0.67500 0.12600 1 0 1.0
bag_strap
0 -1.87821 4.36229 1.10000 -0.98079 0.19509 0.00000 0.78521 0.19800 1 0 1.0
0 -2.00000 3.75000 0.70000 -0.98079 0.19509 0.00000 0.67500 0.12600 1 0 1.0
0 -2.00000 3.75000 1.10000 -0.98079 0.19509 0.00000 0.67500 0.19800 1 0 1.0
bag_strap
0 -0.40000 5.35000 1.10000 -0.19509 0.98079 0.00000 -0.07200 0.19800 1 0 1.0
0 -0.40000 5.35000 0.70000 -0.19509 0.98079 0.00000 -0.07200 0.12600 1 0 1.0
0 -1.01229 5.22821 0.70000 -0.19509 0.98079 0.00000 -0.18221 0.12600 1 0 1.0
bag_strap
0 -0.40000 5.35000 1.10000 -0.19509 0.98079 0.00000 -0.07200 0.19800 1 0 1.0
0 -1.01229 5.22821 0.70000 -0.19509 0.98079 0.00000 -0.18221 0.12600 1 0 1.0
0 -1.01229 5.22821 1.10000 -0.19509 0.98079 0.00000 -0.18221 0.19800 1 0 1.0
bag_strap
0 2.00000 3.75000 0.70000 1.00000 0.00000 0.00000 0.67500 0.12600 1 0 1.0
0 2.00000 3.75000 1.10000 1.00000 0.00000 0.00000 0.67500 0.19800 1 0 1.0
0 2.00000 -3.75000 1.10000 1.00000 0.00000 0.00000 -0.67500 0.19800 1 0 1.0
bag_strap
0 2.00000 3.75000 0.70000 1.00000 0.00000 0.00000 0.67500 0.12600 1 0 1.0
0 2.00000 -3.75000 1.10000 1.00000 0.00000 0.00000 -0.67500 0.19800 1 0 1.0
0 2.00000 -3.75000 0.70000 1.00000 0.00000 0.00000 -0.67500 0.12600 1 0 1.0
bag_strap
0 2.00000 3.75000 1.10000 0.98079 0.19509 0.00000 0.67500 0.19800 1 0 1.0
0 2.00000 3.75000 0.70000 0.98079 0.19509 0.00000 0.67500 0.12600 1 0 1.0
0 1.87821 4.36229 0.70000 0.98079 0.19509 0.00000 0.78521 0.12600 1 0 1.0
bag_strap
0 2.00000 3.75000 1.10000 0.98079 0.19509 0.00000 0.67500 0.19800 1 0 1.0
0 1.87821 4.36229 0.70000 0.98079 0.19509 0.00000 0.78521 0.12600 1 0 1.0
0 1.87821 4.36229 1.10000 0.98079 0.19509 0.00000 0.78521 0.19800 1 0 1.0
bag_strap
0 -0.40000 5.35000 0.70000 0.00000 1.00000 0.00000 -0.07200 0.12600 1 0 1.0
0 -0.40000 5.35000 1.10000 0.00000 1.00000 0.00000 -0.07200 0.19800 1 0 1.0
0 0.40000 5.35000 1.10000 0.00000 1.00000 0.00000 0.07200 0.19800 1 0 1.0
bag_strap
0 -0.40000 5.35000 0.70000 0.00000 1.00000 0.00000 -0.07200 0.12600 1 0 1.0
0 0.40000 5.35000 1.10000 0.00000 1.00000 0.00000 0.07200 0.19800 1 0 1.0
0 0.40000 5.35000 0.70000 0.00000 1.00000 0.00000 0.07200 0.12600 1 0 1.0
bag_strap
0 -2.00000 -3.75000 0.70000 -1.00000 0.00000 0.00000 -0.67500 0.12600 1 0 1.0
0 -2.00000 -3.75000 1.10000 -1.00000 0.00000 0.00000 -0.67500 0.19800 1 0 1.0
0 -2.00000 3.75000 1.10000 -1.00000 0.00000 0.00000 0.67500 0.19800 1 0 1.0
bag_strap
0 -2.00000 -3.75000 0.70000 -1.00000 0.00000 0.00000 -0.67500 0.12600 1 0 1.0
0 -2.00000 3.75000 1.10000 -1.00000 0.00000 0.00000 0.67500 0.19800 1 0 1.0
0 -2.00000 3.75000 0.70000 -1.00000 0.00000 0.00000 0.67500 0.12600 1 0 1.0
bag_strap
0 -1.87821 -4.36229 0.70000 -0.98079 -0.19509 0.00000 -0.78521 0.12600 1 0 1.0
0 -1.87821 -4.36229 1.10000 -0.98079 -0.19509 0.00000 -0.78521 0.19800 1 0 1.0
0 -2.00000 -3.75000 1.10000 -0.98079 -0.19509 0.00000 -0.67500 0.19800 1 0 1.0
bag_strap
0 -1.87821 -4.36229 0.70000 -0.98079 -0.19509 0.00000 -0.78521 0.12600 1 0 1.0
0 -2.00000 -3.75000 1.10000 -0.98079 -0.19509 0.00000 -0.67500 0.19800 1 0 1.0
0 -2.00000 -3.75000 0.70000 -0.98079 -0.19509 0.00000 -0.67500 0.12600 1 0 1.0
bag_strap
0 -1.53137 -4.88137 0.70000 -0.83147 -0.55557 0.00000 -0.87865 0.12600 1 0 1.0
0 -1.53137 -4.88137 1.10000 -0.83147 -0.55557 0.00000 -0.87865 0.19800 1 0 1.0
0 -1.87821 -4.36229 1.10000 -0.83147 -0.55557 0.00000 -0.78521 0.19800 1 0 1.0
bag_strap
0 -1.53137 -4.88137 0.70000 -0.83147 -0.55557 0.00000 -0.87865 0.12600 1 0 1.0
0 -1.87821 -4.36229 1.10000 -0.83147 -0.55557 0.00000 -0.78521 0.19800 1 0 1.0
0 -1.87821 -4.36229 0.70000 -0.83147 -0.55557 0.00000 -0.78521 0.12600 1 0 1.0
bag_strap
0 -1.01229 -5.22821 0.70000 -0.55557 -0.83147 0.00000 -0.18221 0.12600 1 0 1.0
0 -1.01229 -5.22821 1.10000 -0.55557 -0.83147 0.00000 -0.18221 0.19800 1 0 1.0
0 -1.53137 -4.88137 1.10000 -0.55557 -0.83147 0.00000 -0.27565 0.19800 1 0 1.0
bag_strap
0 -1.01229 -5.22821 0.70000 -0.55557 -0.83147 0.00000 -0.18221 0.12600 1 0 1.0
0 -1.53137 -4.88137 1.10000 -0.55557 -0.83147 0.00000 -0.27565 0.19800 1 0 1.0
0 -1.53137 -4.88137 0.70000 -0.55557 -0.83147 0.00000 -0.27565 0.12600 1 0 1.0
bag_strap
0 -0.40000 -5.35000 0.70000 -0.19509 -0.98079 0.00000 -0.07200 0.12600 1 0 1.0
0 -0.40000 -5.35000 1.10000 -0.19509 -0.98079 0.00000 -0.07200 0.19800 1 0 1.0
0 -1.01229 -5.22821 1.10000 -0.19509 -0.98079 0.00000 -0.18221 0.19800 1 0 1.0
bag_strap
0 -0.40000 -5.35000 0.70000 -0.19509 -0.98079 0.00000 -0.07200 0.12600 1 0 1.0
0 -1.01229 -5.22821 1.10000 -0.19509 -0.98079 0.00000 -0.18221 0.19800 1 0 1.0
0 -1.01229 -5.22821 0.70000 -0.19509 -0.98079 0.00000 -0.18221 0.12600 1 0 1.0
bag_strap
0 0.40000 -5.35000 0.70000 0.00000 -1.00000 0.00000 0.07200 0.12600 1 0 1.0
0 0.40000 -5.35000 1.10000 0.00000 -1.00000 0.00000 0.07200 0.19800 1 0 1.0
0 -0.40000 -5.35000 1.10000 0.00000 -1.00000 0.00000 -0.07200 0.19800 1 0 1.0
bag_strap
0 0.40000 -5.35000 0.70000 0.00000 -1.00000 0.00000 0.07200 0.12600 1 0 1.0
0 -0.40000 -5.35000 1.10000 0.00000 -1.00000 0.00000 -0.07200 0.19800 1 0 1.0
0 -0.40000 -5.35000 0.70000 0.00000 -1.00000 0.00000 -0.07200 0.12600 1 0 1.0
bag_fabric
0 -0.40000 -3.75000 -2.70000 -0.21944 -0.19034 -0.95688 -0.07200 -0.67500 1 0 1.0
0 -0.40000 -4.32403 -2.58582 -0.21944 -0.19034 -0.95688 -0.07200 -0.77832 1 0 1.0
0 -0.98841 -4.33841 -2.44802 -0.21944 -0.19034 -0.95688 -0.17791 -0.78091 1 0 1.0
bag_fabric
0 -0.40000 -3.75000 -2.70000 -0.19034 -0.21944 -0.95688 -0.07200 -0.67500 1 0 1.0
0 -0.98841 -4.33841 -2.44802 -0.19034 -0.21944 -0.95688 -0.17791 -0.78091 1 0 1.0
0 -0.97403 -3.75000 -2.58582 -0.19034 -0.21944 -0.95688 -0.17532 -0.67500 1 0 1.0
bag_fabric
0 -0.40000 -4.32403 -2.58582 -0.18611 -0.54586 -0.81694 -0.07200 -0.77832 1 0 1.0
0 -0.40000 -4.81066 -2.26066 -0.18611 -0.54586 -0.81694 -0.07200 -0.86592 1 0 1.0
0 -0.95856 -4.73438 -2.18438 -0.18611 -0.54586 -0.81694 -0.17254 -0.85219 1 0 1.0
bag_fabric
0 -0.40000 -4.32403 -2.58582 -0.17685 -0.55467 -0.81306 -0.07200 -0.77832 1 0 1.0
0 -0.95856 -4.73438 -2.18438 -0.17685 -0.55467 -0.81306 -0.17254 -0.85219 1 0 1.0
0 -0.98841 -4.33841 -2.44802 -0.17685 -0.55467 -0.81306 -0.17791 -0.78091 1 0 1.0
bag_fabric
0 -0.97403 -3.75000 -2.58582 -0.55467 -0.17685 -0.81306 -0.17532 -0.67500 1 0 1.0
0 -0.98841 -4.33841 -2.44802 -0.55467 -0.17685 -0.81306 -0.17791 -0.78091 1 0 1.0
0 -1.38438 -4.30856 -2.18438 -0.55467 -0.17685 -0.81306 -0.24919 -0.77554 1 0 1.0
bag_fabric
0 -0.97403 -3.75000 -2.58582 -0.54586 -0.18611 -0.81694 -0.17532 -0.67500 1 0 1.0
0 -1.38438 -4.30856 -2.18438 -0.54586 -0.18611 -0.81694 -0.24919 -0.77554 1 0 1.0
0 -1.46066 -3.75000 -2.26066 -0.54586 -0.18611 -0.81694 -0.26292 -0.67500 1 0 1.0
bag_fabric
0 -0.98841 -4.33841 -2.44802 -0.47314 -0.51268 -0.71645 -0.17791 -0.78091 1 0 1.0
0 -0.95856 -4.73438 -2.18438 -0.47314 -0.51268 -0.71645 -0.17254 -0.85219 1 0 1.0
0 -1.26603 -4.61603 -2.06603 -0.47314 -0.51268 -0.71645 -0.22788 -0.83088 1 0 1.0
bag_fabric
0 -0.98841 -4.33841 -2.44802 -0.51268 -0.47314 -0.71645 -0.17791 -0.78091 1 0 1.0
0 -1.26603 -4.61603 -2.06603 -0.51268 -0.47314 -0.71645 -0.22788 -0.83088 1 0 1.0
0 -1.38438 -4.30856 -2.18438 -0.51268 -0.47314 -0.71645 -0.24919 -0.77554 1 0 1.0
bag_fabric
0 -0.40000 -5.25000 -1.20000 -0.19033 -0.95688 -0.21944 -0.07200 -0.21600 1 0 1.0
0 -0.97403 -5.13582 -1.20000 -0.19033 -0.95688 -0.21944 -0.17532 -0.21600 1 0 1.0
0 -0.98841 -4.99802 -1.78841 -0.19033 -0.95688 -0.21944 -0.17791 -0.32191 1 0 1.0
bag_fabric
0 -0.40000 -5.25000 -1.20000 -0.21944 -0.95688 -0.19033 -0.07200 -0.21600 1 0 1.0
0 -0.98841 -4.99802 -1.78841 -0.21944 -0.95688 -0.19033 -0.17791 -0.32191 1 0 1.0
0 -0.40000 -5.13582 -1.77403 -0.21944 -0.95688 -0.19033 -0.07200 -0.31932 1 0 1.0
bag_fabric
0 -0.97403 -5.13582 -1.20000 -0.54586 -0.81694 -0.18611 -0.17532 -0.21600 1 0 1.0
0 -1.46066 -4.81066 -1.20000 -0.54586 -0.81694 -0.18611 -0.26292 -0.21600 1 0 1.0
0 -1.38438 -4.73438 -1.75856 -0.54586 -0.81694 -0.18611 -0.24919 -0.31654 1 0 1.0
bag_fabric
0 -0.97403 -5.13582 -1.20000 -0.55466 -0.81306 -0.17685 -0.17532 -0.21600 1 0 1.0
0 -1.38438 -4.73438 -1.75856 -0.55466 -0.81306 -0.17685 -0.24919 -0.31654 1 0 1.0
0 -0.98841 -4.99802 -1.78841 -0.55466 -0.81306 -0.17685 -0.17791 -0.32191 1 0 1.0
bag_fabric
0 -0.40000 -5.13582 -1.77403 -0.17685 -0.81306 -0.55466 -0.07200 -0.31932 1 0 1.0
0 -0.98841 -4.99802 -1.78841 -0.17685 -0.81306 -0.55466 -0.17791 -0.32191 1 0 1.0
0 -0.95856 -4.73438 -2.18438 -0.17685 -0.81306 -0.55466 -0.17254 -0.39319 1 0 1.0
bag_fabric
0 -0.40000 -5.13582 -1.77403 -0.18611 -0.81694 -0.54586 -0.07200 -0.31932 1 0 1.0
0 -0.95856 -4.73438 -2.18438 -0.18611 -0.81694 -0.54586 -0.17254 -0.39319 1 0 1.0
0 -0.40000 -4.81066 -2.26066 -0.18611 -0.81694 -0.54586 -0.07200 -0.40692 1 0 1.0
bag_fabric
0 -0.98841 -4.99802 -1.78841 -0.51268 -0.71645 -0.47314 -0.17791 -0.32191 1 0 1.0
0 -1.38438 -4.73438 -1.75856 -0.51268 -0.71645 -0.47314 -0.24919 -0.31654 1 0 1.0
0 -1.26603 -4.61603 -2.06603 -0.51268 -0.71645 -0.47314 -0.22788 -0.37188 1 0 1.0
bag_fabric
0 -0.98841 -4.99802 -1.78841 -0.47314 -0.71645 -0.51268 -0.17791 -0.32191 1 0 1.0
0 -1.26603 -4.61603 -2.06603 -0.47314 -0.71645 -0.51268 -0.22788 -0.37188 1 0 1.0
0 -0.95856 -4.73438 -2.18438 -0.47314 -0.71645 -0.51268 -0.17254 -0.39319 1 0 1.0
bag_fabric
0 -1.90000 -3.75000 -1.20000 -0.95688 -0.21944 -0.19034 -0.67500 -0.21600 1 0 1.0
0 -1.78582 -3.75000 -1.77402 -0.95688 -0.21944 -0.19034 -0.67500 -0.31932 1 0 1.0
0 -1.64802 -4.33841 -1.78841 -0.95688 -0.21944 -0.19034 -0.78091 -0.32191 1 0 1.0
bag_fabric
0 -1.90000 -3.75000 -1.20000 -0.95688 -0.19034 -0.21944 -0.67500 -0.21600 1 0 1.0
0 -1.64802 -4.33841 -1.78841 -0.95688 -0.19034 -0.21944 -0.78091 -0.32191 1 0 1.0
0 -1.78582 -4.32403 -1.20000 -0.95688 -0.19034 -0.21944 -0.77832 -0.21600 1 0 1.0
bag_fabric
0 -1.78582 -3.75000 -1.77402 -0.81694 -0.18611 -0.54586 -0.67500 -0.31932 1 0 1.0
0 -1.46066 -3.75000 -2.26066 -0.81694 -0.18611 -0.54586 -0.67500 -0.40692 1 0 1.0
0 -1.38438 -4.30856 -2.18438 -0.81694 -0.18611 -0.54586 -0.77554 -0.39319 1 0 1.0
bag_fabric
0 -1.78582 -3.75000 -1.77402 -0.81306 -0.17685 -0.55467 -0.67500 -0.31932 1 0 1.0
0 -1.38438 -4.30856 -2.18438 -0.81306 -0.17685 -0.55467 -0.77554 -0.39319 1 0 1.0
0 -1.64802 -4.33841 -1.78841 -0.81306 -0.17685 -0.55467 -0.78091 -0.32191 1 0 1.0
bag_fabric
0 -1.78582 -4.32403 -1.20000 -0.81306 -0.55467 -0.17685 -0.77832 -0.21600 1 0 1.0
0 -1.64802 -4.33841 -1.78841 -0.81306 -0.55467 -0.17685 -0.78091 -0.32191 1 0 1.0
0 -1.38438 -4.73438 -1.75856 -0.81306 -0.55467 -0.17685 -0.85219 -0.31654 1 0 1.0
bag_fabric
0 -1.78582 -4.32403 -1.20000 -0.81694 -0.54586 -0.18611 -0.77832 -0.21600 1 0 1.0
0 -1.38438 -4.73438 -1.75856 -0.81694 -0.54586 -0.18611 -0.85219 -0.31654 1 0 1.0
0 -1.46066 -4.81066 -1.20000 -0.81694 -0.54586 -0.18611 -0.86592 -0.21600 1 0 1.0
bag_fabric
0 -1.64802 -4.33841 -1.78841 -0.71645 -0.47314 -0.51268 -0.78091 -0.32191 1 0 1.0
0 -1.38438 -4.30856 -2.18438 -0.71645 -0.47314 -0.51268 -0.77554 -0.39319 1 0 1.0
0 -1.26603 -4.61603 -2.06603 -0.71645 -0.47314 -0.51268 -0.83088 -0.37188 1 0 1.0
bag_fabric
0 -1.64802 -4.33841 -1.78841 -0.71645 -0.51268 -0.47314 -0.78091 -0.32191 1 0 1.0
0 -1.26603 -4.61603 -2.06603 -0.71645 -0.51268 -0.47314 -0.83088 -0.37188 1 0 1.0
0 -1.38438 -4.73438 -1.75856 -0.71645 -0.51268 -0.47314 -0.85219 -0.31654 1 0 1.0
bag_fabric
0 -0.40000 3.75000 -2.70000 -0.19033 0.21944 -0.95688 -0.07200 0.67500 1 0 1.0
0 -0.97403 3.75000 -2.58582 -0.19033 0.21944 -0.95688 -0.17532 0.67500 1 0 1.0
0 -0.98841 4.33841 -2.44802 -0.19033 0.21944 -0.95688 -0.17791 0.78091 1 0 1.0
bag_fabric
0 -0.40000 3.75000 -2.70000 -0.21944 0.19033 -0.95688 -0.07200 0.67500 1 0 1.0
0 -0.98841 4.33841 -2.44802 -0.21944 0.19033 -0.95688 -0.17791 0.78091 1 0 1.0
0 -0.40000 4.32403 -2.58582 -0.21944 0.19033 -0.95688 -0.07200 0.77832 1 0 1.0
bag_fabric
0 -0.97403 3.75000 -2.58582 -0.54586 0.18611 -0.81694 -0.17532 0.67500 1 0 1.0
0 -1.46066 3.75000 -2.26066 -0.54586 0.18611 -0.81694 -0.26292 0.67500 1 0 1.0
0 -1.38438 4.30856 -2.18438 -0.54586 0.18611 -0.81694 -0.24919 0.77554 1 0 1.0
bag_fabric
0 -0.97403 3.75000 -2.58582 -0.55466 0.17685 -0.81306 -0.17532 0.67500 1 0 1.0
0 -1.38438 4.30856 -2.18438 -0.55466 0.17685 -0.81306 -0.24919 0.77554 1 0 1.0
0 -0.98841 4.33841 -2.44802 -0.55466 0.17685 -0.81306 -0.17791 0.78091 1 0 1.0
bag_fabric
0 -0.40000 4.32403 -2.58582 -0.17685 0.55467 -0.81306 -0.07200 0.77832 1 0 1.0
0 -0.98841 4.33841 -2.44802 -0.17685 0.55467 -0.81306 -0.17791 0.78091 1 0 1.0
0 -0.95856 4.73438 -2.18438 -0.17685 0.55467 -0.81306 -0.17254 0.85219 1 0 1.0
bag_fabric
0 -0.40000 4.32403 -2.58582 -0.18611 0.54586 -0.81694 -0.07200 0.77832 1 0 1.0
0 -0.95856 4.73438 -2.18438 -0.18611 0.54586 -0.81694 -0.17254 0.85219 1 0 1.0
0 -0.40000 4.81066 -2.26066 -0.18611 0.54586 -0.81694 -0.07200 0.86592 1 0 1.0
bag_fabric
0 -0.98841 4.33841 -2.44802 -0.51268 0.47314 -0.71645 -0.17791 0.78091 1 0 1.0
0 -1.38438 4.30856 -2.18438 -0.51268 0.47314 -0.71645 -0.24919 0.77554 1 0 1.0
0 -1.26603 4.61603 -2.06603 -0.51268 0.47314 -0.71645 -0.22788 0.83088 1 0 1.0
bag_fabric
0 -0.98841 4.33841 -2.44802 -0.47314 0.51268 -0.71645 -0.17791 0.78091 1 0 1.0
0 -1.26603 4.61603 -2.06603 -0.47314 0.51268 -0.71645 -0.22788 0.83088 1 0 1.0
0 -0.95856 4.73438 -2.18438 -0.47314 0.51268 -0.71645 -0.17254 0.85219 1 0 1.0
bag_fabric
0 -1.90000 3.75000 -1.20000 -0.95688 0.19034 -0.21944 0.67500 -0.21600 1 0 1.0
0 -1.78582 4.32403 -1.20000 -0.95688 0.19034 -0.21944 0.77832 -0.21600 1 0 1.0
0 -1.64802 4.33841 -1.78841 -0.95688 0.19034 -0.21944 0.78091 -0.32191 1 0 1.0
bag_fabric
0 -1.90000 3.75000 -1.20000 -0.95688 0.21944 -0.19034 0.67500 -0.21600 1 0 1.0
0 -1.64802 4.33841 -1.78841 -0.95688 0.21944 -0.19034 0.78091 -0.32191 1 0 1.0
0 -1.78582 3.75000 -1.77403 -0.95688 0.21944 -0.19034 0.67500 -0.31932 1 0 1.0
bag_fabric
0 -1.78582 4.32403 -1.20000 -0.81694 0.54586 -0.18611 0.77832 -0.21600 1 0 1.0
0 -1.46066 4.81066 -1.20000 -0.81694 0.54586 -0.18611 0.86592 -0.21600 1 0 1.0
0 -1.38438 4.73438 -1.75856 -0.81694 0.54586 -0.18611 0.85219 -0.31654 1 0 1.0
bag_fabric
0 -1.78582 4.32403 -1.20000 -0.81306 0.55467 -0.17685 0.77832 -0.21600 1 0 1.0
0 -1.38438 4.73438 -1.75856 -0.81306 0.55467 -0.17685 0.85219 -0.31654 1 0 1.0
0 -1.64802 4.33841 -1.78841 -0.81306 0.55467 -0.17685 0.78091 -0.32191 1 0 1.0
bag_fabric
0 -1.78582 3.75000 -1.77403 -0.81306 0.17685 -0.55467 0.67500 -0.31932 1 0 1.0
0 -1.64802 4.33841 -1.78841 -0.81306 0.17685 -0.55467 0.78091 -0.32191 1 0 1.0
0 -1.38438 4.30856 -2.18438 -0.81306 0.17685 -0.55467 0.77554 -0.39319 1 0 1.0
bag_fabric
0 -1.78582 3.75000 -1.77403 -0.81694 0.18611 -0.54586 0.67500 -0.31932 1 0 1.0
0 -1.38438 4.30856 -2.18438 -0.81694 0.18611 -0.54586 0.77554 -0.39319 1 0 1.0
0 -1.46066 3.75000 -2.26066 -0.81694 0.18611 -0.54586 0.67500 -0.40692 1 0 1.0
bag_fabric
0 -1.64802 4.33841 -1.78841 -0.71645 0.51268 -0.47314 0.78091 -0.32191 1 0 1.0
0 -1.38438 4.73438 -1.75856 -0.71645 0.51268 -0.47314 0.85219 -0.31654 1 0 1.0
0 -1.26603 4.61603 -2.06603 -0.71645 0.51268 -0.47314 0.83088 -0.37188 1 0 1.0
bag_fabric
0 -1.64802 4.33841 -1.78841 -0.71645 0.47314 -0.51268 0.78091 -0.32191 1 0 1.0
0 -1.26603 4.61603 -2.06603 -0.71645 0.47314 -0.51268 0.83088 -0.37188 1 0 1.0
0 -1.38438 4.30856 -2.18438 -0.71645 0.47314 -0.51268 0.77554 -0.39319 1 0 1.0
bag_fabric
0 -0.40000 5.25000 -1.20000 -0.21944 0.95688 -0.19033 -0.07200 -0.21600 1 0 1.0
0 -0.40000 5.13582 -1.77403 -0.21944 0.95688 -0.19033 -0.07200 -0.31932 1 0 1.0
0 -0.98841 4.99802 -1.78841 -0.21944 0.95688 -0.19033 -0.17791 -0.32191 1 0 1.0
bag_fabric
0 -0.40000 5.25000 -1.20000 -0.19033 0.95688 -0.21944 -0.07200 -0.21600 1 0 1.0
0 -0.98841 4.99802 -1.78841 -0.19033 0.95688 -0.21944 -0.17791 -0.32191 1 0 1.0
0 -0.97403 5.13582 -1.20000 -0.19033 0.95688 -0.21944 -0.17532 -0.21600 1 0 1.0
bag_fabric
0 -0.40000 5.13582 -1.77403 -0.18611 0.81694 -0.54586 -0.07200 -0.31932 1 0 1.0
0 -0.40000 4.81066 -2.26066 -0.18611 0.81694 -0.54586 -0.07200 -0.40692 1 0 1.0
0 -0.95856 4.73438 -2.18438 -0.18611 0.81694 -0.54586 -0.17254 -0.39319 1 0 1.0
bag_fabric
0 -0.40000 5.13582 -1.77403 -0.17685 0.81306 -0.55466 -0.07200 -0.31932 1 0 1.0
0 -0.95856 4.73438 -2.18438 -0.17685 0.81306 -0.55466 -0.17254 -0.39319 1 0 1.0
0 -0.98841 4.99802 -1.78841 -0.17685 0.81306 -0.55466 -0.17791 -0.32191 1 0 1.0
bag_fabric
0 -0.97403 5.13582 -1.20000 -0.55466 0.81306 -0.17685 -0.17532 -0.21600 1 0 1.0
0 -0.98841 4.99802 -1.78841 -0.55466 0.81306 -0.17685 -0.17791 -0.32191 1 0 1.0
0 -1.38438 4.73438 -1.75856 -0.55466 0.81306 -0.17685 -0.24919 -0.31654 1 0 1.0
bag_fabric
0 -0.97403 5.13582 -1.20000 -0.54586 0.81694 -0.18611 -0.17532 -0.21600 1 0 1.0
0 -1.38438 4.73438 -1.75856 -0.54586 0.81694 -0.18611 -0.24919 -0.31654 1 0 1.0
0 -1.46066 4.81066 -1.20000 -0.54586 0.81694 -0.18611 -0.26292 -0.21600 1 0 1.0
bag_fabric
0 -0.98841 4.99802 -1.78841 -0.47314 0.71645 -0.51268 -0.17791 -0.32191 1 0 1.0
0 -0.95856 4.73438 -2.18438 -0.47314 0.71645 -0.51268 -0.17254 -0.39319 1 0 1.0
0 -1.26603 4.61603 -2.06603 -0.47314 0.71645 -0.51268 -0.22788 -0.37188 1 0 1.0
bag_fabric
0 -0.98841 4.99802 -1.78841 -0.51268 0.71645 -0.47314 -0.17791 -0.32191 1 0 1.0
0 -1.26603 4.61603 -2.06603 -0.51268 0.71645 -0.47314 -0.22788 -0.37188 1 0 1.0
0 -1.38438 4.73438 -1.75856 -0.51268 0.71645 -0.47314 -0.24919 -0.31654 1 0 1.0
bag_fabric
0 0.40000 -3.75000 -2.70000 0.19033 -0.21944 -0.95688 0.07200 -0.67500 1 0 1.0
0 0.97403 -3.75000 -2.58582 0.19033 -0.21944 -0.95688 0.17532 -0.67500 1 0 1.0
0 0.98841 -4.33841 -2.44802 0.19033 -0.21944 -0.95688 0.17791 -0.78091 1 0 1.0
bag_fabric
0 0.40000 -3.75000 -2.70000 0.21944 -0.19033 -0.95688 0.07200 -0.67500 1 0 1.0
0 0.98841 -4.33841 -2.44802 0.21944 -0.19033 -0.95688 0.17791 -0.78091 1 0 1.0
0 0.40000 -4.32403 -2.58582 0.21944 -0.19033 -0.95688 0.07200 -0.77832 1 0 1.0
bag_fabric
0 0.97403 -3.75000 -2.58582 0.54586 -0.18611 -0.81694 0.17532 -0.67500 1 0 1.0
0 1.46066 -3.75000 -2.26066 0.54586 -0.18611 -0.81694 0.26292 -0.67500 1 0 1.0
0 1.38438 -4.30856 -2.18438 0.54586 -0.18611 -0.81694 0.24919 -0.77554 1 0 1.0
bag_fabric
0 0.97403 -3.75000 -2.58582 0.55466 -0.17685 -0.81306 0.17532 -0.67500 1 0 1.0
0 1.38438 -4.30856 -2.18438 0.55466 -0.17685 -0.81306 0.24919 -0.77554 1 0 1.0
0 0.98841 -4.33841 -2.44802 0.55466 -0.17685 -0.81306 0.17791 -0.78091 1 0 1.0
bag_fabric
0 0.40000 -4.32403 -2.58582 0.17685 -0.55467 -0.81306 0.07200 -0.77832 1 0 1.0
0 0.98841 -4.33841 -2.44802 0.17685 -0.55467 -0.81306 0.17791 -0.78091 1 0 1.0
0 0.95856 -4.73438 -2.18438 0.17685 -0.55467 -0.81306 0.17254 -0.85219 1 0 1.0
bag_fabric
0 0.40000 -4.32403 -2.58582 0.18611 -0.54586 -0.81694 0.07200 -0.77832 1 0 1.0
0 0.95856 -4.73438 -2.18438 0.18611 -0.54586 -0.81694 0.17254 -0.85219 1 0 1.0
0 0.40000 -4.81066 -2.26066 0.18611 -0.54586 -0.81694 0.07200 -0.86592 1 0 1.0
bag_fabric
0 0.98841 -4.33841 -2.44802 0.51268 -0.47314 -0.71645 0.17791 -0.78091 1 0 1.0
0 1.38438 -4.30856 -2.18438 0.51268 -0.47314 -0.71645 0.24919 -0.77554 1 0 1.0
0 1.26603 -4.61603 -2.06603 0.51268 -0.47314 -0.71645 0.22788 -0.83088 1 0 1.0
bag_fabric
0 0.98841 -4.33841 -2.44802 0.47314 -0.51268 -0.71645 0.17791 -0.78091 1 0 1.0
0 1.26603 -4.61603 -2.06603 0.47314 -0.51268 -0.71645 0.22788 -0.83088 1 0 1.0
0 0.95856 -4.73438 -2.18438 0.47314 -0.51268 -0.71645 0.17254 -0.85219 1 0 1.0
bag_fabric
0 1.90000 -3.75000 -1.20000 0.95688 -0.19034 -0.21944 -0.67500 -0.21600 1 0 1.0
0 1.78582 -4.32403 -1.20000 0.95688 -0.19034 -0.21944 -0.77832 -0.21600 1 0 1.0
0 1.64802 -4.33841 -1.78841 0.95688 -0.19034 -0.21944 -0.78091 -0.32191 1 0 1.0
bag_fabric
0 1.90000 -3.75000 -1.20000 0.95688 -0.21944 -0.19034 -0.67500 -0.21600 1 0 1.0
0 1.64802 -4.33841 -1.78841 0.95688 -0.21944 -0.19034 -0.78091 -0.32191 1 0 1.0
0 1.78582 -3.75000 -1.77403 0.95688 -0.21944 -0.19034 -0.67500 -0.31932 1 0 1.0
bag_fabric
0 1.78582 -4.32403 -1.20000 0.81694 -0.54586 -0.18611 -0.77832 -0.21600 1 0 1.0
0 1.46066 -4.81066 -1.20000 0.81694 -0.54586 -0.18611 -0.86592 -0.21600 1 0 1.0
0 1.38438 -4.73438 -1.75856 0.81694 -0.54586 -0.18611 -0.85219 -0.31654 1 0 1.0
bag_fabric
0 1.78582 -4.32403 -1.20000 0.81306 -0.55467 -0.17685 -0.77832 -0.21600 1 0 1.0
0 1.38438 -4.73438 -1.75856 0.81306 -0.55467 -0.17685 -0.85219 -0.31654 1 0 1.0
0 1.64802 -4.33841 -1.78841 0.81306 -0.55467 -0.17685 -0.78091 -0.32191 1 0 1.0
bag_fabric
0 1.78582 -3.75000 -1.77403 0.81306 -0.17685 -0.55467 -0.67500 -0.31932 1 0 1.0
0 1.64802 -4.33841 -1.78841 0.81306 -0.17685 -0.55467 -0.78091 -0.32191 1 0 1.0
0 1.38438 -4.30856 -2.18438 0.81306 -0.17685 -0.55467 -0.77554 -0.39319 1 0 1.0
bag_fabric
0 1.78582 -3.75000 -1.77403 0.81694 -0.18611 -0.54586 -0.67500 -0.31932 1 0 1.0
0 1.38438 -4.30856 -2.18438 0.81694 -0.18611 -0.54586 -0.77554 -0.39319 1 0 1.0
0 1.46066 -3.75000 -2.26066 0.81694 -0.18611 -0.54586 -0.67500 -0.40692 1 0 1.0
bag_fabric
0 1.64802 -4.33841 -1.78841 0.71645 -0.51268 -0.47314 -0.78091 -0.32191 1 0 1.0
0 1.38438 -4.73438 -1.75856 0.71645 -0.51268 -0.47314 -0.85219 -0.31654 1 0 1.0
0 1.26603 -4.61603 -2.06603 0.71645 -0.51268 -0.47314 -0.83088 -0.37188 1 0 1.0
bag_fabric
0 1.64802 -4.33841 -1.78841 0.71645 -0.47314 -0.51268 -0.78091 -0.32191 1 0 1.0
0 1.26603 -4.61603 -2.06603 0.71645 -0.47314 -0.51268 -0.83088 -0.37188 1 0 1.0
0 1.38438 -4.30856 -2.18438 0.71645 -0.47314 -0.51268 -0.77554 -0.39319 1 0 1.0
bag_fabric
0 0.40000 -5.25000 -1.20000 0.21944 -0.95688 -0.19033 0.07200 -0.21600 1 0 1.0
0 0.40000 -5.13582 -1.77403 0.21944 -0.95688 -0.19033 0.07200 -0.31932 1 0 1.0
0 0.98841 -4.99802 -1.78841 0.21944 -0.95688 -0.19033 0.17791 -0.32191 1 0 1.0
bag_fabric
0 0.40000 -5.25000 -1.20000 0.19033 -0.95688 -0.21944 0.07200 -0.21600 1 0 1.0
0 0.98841 -4.99802 -1.78841 0.19033 -0.95688 -0.21944 0.17791 -0.32191 1 0 1.0
0 0.97403 -5.13582 -1.20000 0.19033 -0.95688 -0.21944 0.17532 -0.21600 1 0 1.0
bag_fabric
0 0.40000 -5.13582 -1.77403 0.18611 -0.81694 -0.54586 0.07200 -0.31932 1 0 1.0
0 0.40000 -4.81066 -2.26066 0.18611 -0.81694 -0.54586 0.07200 -0.40692 1 0 1.0
0 0.95856 -4.73438 -2.18438 0.18611 -0.81694 -0.54586 0.17254 -0.39319 1 0 1.0
bag_fabric
0 0.40000 -5.13582 -1.77403 0.17685 -0.81306 -0.55466 0.07200 -0.31932 1 0 1.0
0 0.95856 -4.73438 -2.18438 0.17685 -0.81306 -0.55466 0.17254 -0.39319 1 0 1.0
0 0.98841 -4.99802 -1.78841 0.17685 -0.81306 -0.55466 0.17791 -0.32191 1 0 1.0
bag_fabric
0 0.97403 -5.13582 -1.20000 0.55466 -0.81306 -0.17685 0.17532 -0.21600 1 0 1.0
0 0.98841 -4.99802 -1.78841 0.55466 -0.81306 -0.17685 0.17791 -0.32191 1 0 1.0
0 1.38438 -4.73438 -1.75856 0.55466 -0.81306 -0.17685 0.24919 -0.31654 1 0 1.0
bag_fabric
0 0.97403 -5.13582 -1.20000 0.54586 -0.81694 -0.18611 0.17532 -0.21600 1 0 1.0
0 1.38438 -4.73438 -1.75856 0.54586 -0.81694 -0.18611 0.24919 -0.31654 1 0 1.0
0 1.46066 -4.81066 -1.20000 0.54586 -0.81694 -0.18611 0.26292 -0.21600 1 0 1.0
bag_fabric
0 0.98841 -4.99802 -1.78841 0.47314 -0.71645 -0.51268 0.17791 -0.32191 1 0 1.0
0 0.95856 -4.73438 -2.18438 0.47314 -0.71645 -0.51268 0.17254 -0.39319 1 0 1.0
0 1.26603 -4.61603 -2.06603 0.47314 -0.71645 -0.51268 0.22788 -0.37188 1 0 1.0
bag_fabric
0 0.98841 -4.99802 -1.78841 0.51268 -0.71645 -0.47314 0.17791 -0.32191 1 0 1.0
0 1.26603 -4.61603 -2.06603 0.51268 -0.71645 -0.47314 0.22788 -0.37188 1 0 1.0
0 1.38438 -4.73438 -1.75856 0.51268 -0.71645 -0.47314 0.24919 -0.31654 1 0 1.0
bag_fabric
0 0.40000 3.75000 -2.70000 0.21944 0.19034 -0.95688 0.07200 0.67500 1 0 1.0
0 0.40000 4.32403 -2.58582 0.21944 0.19034 -0.95688 0.07200 0.77832 1 0 1.0
0 0.98841 4.33841 -2.44802 0.21944 0.19034 -0.95688 0.17791 0.78091 1 0 1.0
bag_fabric
0 0.40000 3.75000 -2.70000 0.19034 0.21944 -0.95688 0.07200 0.67500 1 0 1.0
0 0.98841 4.33841 -2.44802 0.19034 0.21944 -0.95688 0.17791 0.78091 1 0 1.0
0 0.97403 3.75000 -2.58582 0.19034 0.21944 -0.95688 0.17532 0.67500 1 0 1.0
bag_fabric
0 0.40000 4.32403 -2.58582 0.18611 0.54586 -0.81694 0.07200 0.77832 1 0 1.0
0 0.40000 4.81066 -2.26066 0.18611 0.54586 -0.81694 0.07200 0.86592 1 0 1.0
0 0.95856 4.73438 -2.18438 0.18611 0.54586 -0.81694 0.17254 0.85219 1 0 1.0
bag_fabric
0 0.40000 4.32403 -2.58582 0.17685 0.55467 -0.81306 0.07200 0.77832 1 0 1.0
0 0.95856 4.73438 -2.18438 0.17685 0.55467 -0.81306 0.17254 0.85219 1 0 1.0
0 0.98841 4.33841 -2.44802 0.17685 0.55467 -0.81306 0.17791 0.78091 1 0 1.0
bag_fabric
0 0.97403 3.75000 -2.58582 0.55467 0.17685 -0.81306 0.17532 0.67500 1 0 1.0
0 0.98841 4.33841 -2.44802 0.55467 0.17685 -0.81306 0.17791 0.78091 1 0 1.0
0 1.38438 4.30856 -2.18438 0.55467 0.17685 -0.81306 0.24919 0.77554 1 0 1.0
bag_fabric
0 0.97403 3.75000 -2.58582 0.54586 0.18611 -0.81694 0.17532 0.67500 1 0 1.0
0 1.38438 4.30856 -2.18438 0.54586 0.18611 -0.81694 0.24919 0.77554 1 0 1.0
0 1.46066 3.75000 -2.26066 0.54586 0.18611 -0.81694 0.26292 0.67500 1 0 1.0
bag_fabric
0 0.98841 4.33841 -2.44802 0.47314 0.51268 -0.71645 0.17791 0.78091 1 0 1.0
0 0.95856 4.73438 -2.18438 0.47314 0.51268 -0.71645 0.17254 0.85219 1 0 1.0
0 1.26603 4.61603 -2.06603 0.47314 0.51268 -0.71645 0.22788 0.83088 1 0 1.0
bag_fabric
0 0.98841 4.33841 -2.44802 0.51268 0.47314 -0.71645 0.17791 0.78091 1 0 1.0
0 1.26603 4.61603 -2.06603 0.51268 0.47314 -0.71645 0.22788 0.83088 1 0 1.0
0 1.38438 4.30856 -2.18438 0.51268 0.47314 -0.71645 0.24919 0.77554 1 0 1.0
bag_fabric
0 0.40000 5.25000 -1.20000 0.19033 0.95688 -0.21944 0.07200 -0.21600 1 0 1.0
0 0.97403 5.13582 -1.20000 0.19033 0.95688 -0.21944 0.17532 -0.21600 1 0 1.0
0 0.98841 4.99802 -1.78841 0.19033 0.95688 -0.21944 0.17791 -0.32191 1 0 1.0
bag_fabric
0 0.40000 5.25000 -1.20000 0.21944 0.95688 -0.19033 0.07200 -0.21600 1 0 1.0
0 0.98841 4.99802 -1.78841 0.21944 0.95688 -0.19033 0.17791 -0.32191 1 0 1.0
0 0.40000 5.13582 -1.77403 0.21944 0.95688 -0.19033 0.07200 -0.31932 1 0 1.0
bag_fabric
0 0.97403 5.13582 -1.20000 0.54586 0.81694 -0.18611 0.17532 -0.21600 1 0 1.0
0 1.46066 4.81066 -1.20000 0.54586 0.81694 -0.18611 0.26292 -0.21600 1 0 1.0
0 1.38438 4.73438 -1.75856 0.54586 0.81694 -0.18611 0.24919 -0.31654 1 0 1.0
bag_fabric
0 0.97403 5.13582 -1.20000 0.55466 0.81306 -0.17685 0.17532 -0.21600 1 0 1.0
0 1.38438 4.73438 -1.75856 0.55466 0.81306 -0.17685 0.24919 -0.31654 1 0 1.0
0 0.98841 4.99802 -1.78841 0.55466 0.81306 -0.17685 0.17791 -0.32191 1 0 1.0
bag_fabric
0 0.40000 5.13582 -1.77403 0.17685 0.81306 -0.55466 0.07200 -0.31932 1 0 1.0
0 0.98841 4.99802 -1.78841 0.17685 0.81306 -0.55466 0.17791 -0.32191 1 0 1.0
0 0.95856 4.73438 -2.18438 0.17685 0.81306 -0.55466 0.17254 -0.39319 1 0 1.0
bag_fabric
0 0.40000 5.13582 -1.77403 0.18611 0.81694 -0.54586 0.07200 -0.31932 1 0 1.0
0 0.95856 4.73438 -2.18438 0.18611 0.81694 -0.54586 0.17254 -0.39319 1 0 1.0
0 0.40000 4.81066 -2.26066 0.18611 0.81694 -0.54586 0.07200 -0.40692 1 0 1.0
bag_fabric
0 0.98841 4.99802 -1.78841 0.51268 0.71645 -0.47314 0.17791 -0.32191 1 0 1.0
0 1.38438 4.73438 -1.75856 0.51268 0.71645 -0.47314 0.24919 -0.31654 1 0 1.0
0 1.26603 4.61603 -2.06603 0.51268 0.71645 -0.47314 0.22788 -0.37188 1 0 1.0
bag_fabric
0 0.98841 4.99802 -1.78841 0.47314 0.71645 -0.51268 0.17791 -0.32191 1 0 1.0
0 1.26603 4.61603 -2.06603 0.47314 0.71645 -0.51268 0.22788 -0.37188 1 0 1.0
0 0.95856 4.73438 -2.18438 0.47314 0.71645 -0.51268 0.17254 -0.39319 1 0 1.0
bag_fabric
0 1.90000 3.75000 -1.20000 0.95688 0.21944 -0.19034 0.67500 -0.21600 1 0 1.0
0 1.78582 3.75000 -1.77402 0.95688 0.21944 -0.19034 0.67500 -0.31932 1 0 1.0
0 1.64802 4.33841 -1.78841 0.95688 0.21944 -0.19034 0.78091 -0.32191 1 0 1.0
bag_fabric
0 1.90000 3.75000 -1.20000 0.95688 0.19034 -0.21944 0.67500 -0.21600 1 0 1.0
0 1.64802 4.33841 -1.78841 0.95688 0.19034 -0.21944 0.78091 -0.32191 1 0 1.0
0 1.78582 4.32403 -1.20000 0.95688 0.19034 -0.21944 0.77832 -0.21600 1 0 1.0
bag_fabric
0 1.78582 3.75000 -1.77402 0.81694 0.18611 -0.54586 0.67500 -0.31932 1 0 1.0
0 1.46066 3.75000 -2.26066 0.81694 0.18611 -0.54586 0.67500 -0.40692 1 0 1.0
0 1.38438 4.30856 -2.18438 0.81694 0.18611 -0.54586 0.77554 -0.39319 1 0 1.0
bag_fabric
0 1.78582 3.75000 -1.77402 0.81306 0.17685 -0.55467 0.67500 -0.31932 1 0 1.0
0 1.38438 4.30856 -2.18438 0.81306 0.17685 -0.55467 0.77554 -0.39319 1 0 1.0
0 1.64802 4.33841 -1.78841 0.81306 0.17685 -0.55467 0.78091 -0.32191 1 0 1.0
bag_fabric
0 1.78582 4.32403 -1.20000 0.81306 0.55467 -0.17685 0.77832 -0.21600 1 0 1.0
0 1.64802 4.33841 -1.78841 0.81306 0.55467 -0.17685 0.78091 -0.32191 1 0 1.0
0 1.38438 4.73438 -1.75856 0.81306 0.55467 -0.17685 0.85219 -0.31654 1 0 1.0
bag_fabric
0 1.78582 4.32403 -1.20000 0.81694 0.54586 -0.18611 0.77832 -0.21600 1 0 1.0
0 1.38438 4.73438 -1.75856 0.81694 0.54586 -0.18611 0.85219 -0.31654 1 0 1.0
0 1.46066 4.81066 -1.20000 0.81694 0.54586 -0.18611 0.86592 -0.21600 1 0 1.0
bag_fabric
0 1.64802 4.33841 -1.78841 0.71645 0.47314 -0.51268 0.78091 -0.32191 1 0 1.0
0 1.38438 4.30856 -2.18438 0.71645 0.47314 -0.51268 0.77554 -0.39319 1 0 1.0
0 1.26603 4.61603 -2.06603 0.71645 0.47314 -0.51268 0.83088 -0.37188 1 0 1.0
bag_fabric
0 1.64802 4.33841 -1.78841 0.71645 0.51268 -0.47314 0.78091 -0.32191 1 0 1.0
0 1.26603 4.61603 -2.06603 0.71645 0.51268 -0.47314 0.83088 -0.37188 1 0 1.0
0 1.38438 4.73438 -1.75856 0.71645 0.51268 -0.47314 0.85219 -0.31654 1 0 1.0
bag_fabric
0 -0.40000 3.75000 -2.70000 -0.19509 0.00000 -0.98079 -0.07200 0.67500 1 0 1.0
0 -0.40000 -3.75000 -2.70000 -0.19509 0.00000 -0.98079 -0.07200 -0.67500 1 0 1.0
0 -0.97403 -3.75000 -2.58582 -0.19509 0.00000 -0.98079 -0.17532 -0.67500 1 0 1.0
bag_fabric
0 -0.40000 3.75000 -2.70000 -0.19509 -0.00000 -0.98079 -0.07200 0.67500 1 0 1.0
0 -0.97403 -3.75000 -2.58582 -0.19509 -0.00000 -0.98079 -0.17532 -0.67500 1 0 1.0
0 -0.97403 3.75000 -2.58582 -0.19509 -0.00000 -0.98079 -0.17532 0.67500 1 0 1.0
bag_fabric
0 -0.97403 3.75000 -2.58582 -0.55557 -0.00000 -0.83147 -0.17532 0.67500 1 0 1.0
0 -0.97403 -3.75000 -2.58582 -0.55557 -0.00000 -0.83147 -0.17532 -0.67500 1 0 1.0
0 -1.46066 -3.75000 -2.26066 -0.55557 -0.00000 -0.83147 -0.26292 -0.67500 1 0 1.0
bag_fabric
0 -0.97403 3.75000 -2.58582 -0.55557 0.00000 -0.83147 -0.17532 0.67500 1 0 1.0
0 -1.46066 -3.75000 -2.26066 -0.55557 0.00000 -0.83147 -0.26292 -0.67500 1 0 1.0
0 -1.46066 3.75000 -2.26066 -0.55557 0.00000 -0.83147 -0.26292 0.67500 1 0 1.0
bag_fabric
0 -1.46066 3.75000 -2.26066 -0.83147 0.00000 -0.55557 0.67500 -0.40692 1 0 1.0
0 -1.46066 -3.75000 -2.26066 -0.83147 0.00000 -0.55557 -0.67500 -0.40692 1 0 1.0
0 -1.78582 -3.75000 -1.77402 -0.83147 0.00000 -0.55557 -0.67500 -0.31932 1 0 1.0
bag_fabric
0 -1.46066 3.75000 -2.26066 -0.83147 -0.00000 -0.55557 0.67500 -0.40692 1 0 1.0
0 -1.78582 -3.75000 -1.77402 -0.83147 -0.00000 -0.55557 -0.67500 -0.31932 1 0 1.0
0 -1.78582 3.75000 -1.77403 -0.83147 -0.00000 -0.55557 0.67500 -0.31932 1 0 1.0
bag_fabric
0 -1.78582 3.75000 -1.77403 -0.98079 -0.00000 -0.19509 0.67500 -0.31932 1 0 1.0
0 -1.78582 -3.75000 -1.77402 -0.98079 -0.00000 -0.19509 -0.67500 -0.31932 1 0 1.0
0 -1.90000 -3.75000 -1.20000 -0.98079 -0.00000 -0.19509 -0.67500 -0.21600 1 0 1.0
bag_fabric
0 -1.78582 3.75000 -1.77403 -0.98079 -0.00000 -0.19509 0.67500 -0.31932 1 0 1.0
0 -1.90000 -3.75000 -1.20000 -0.98079 -0.00000 -0.19509 -0.67500 -0.21600 1 0 1.0
0 -1.90000 3.75000 -1.20000 -0.98079 -0.00000 -0.19509 0.67500 -0.21600 1 0 1.0
bag_fabric
0 1.46066 -4.81066 0.90000 -0.00000 0.00000 1.00000 0.26292 -0.86592 1 0 1.0
0 1.78582 -4.32403 0.90000 -0.00000 0.00000 1.00000 0.32145 -0.77832 1 0 1.0
0 1.90000 -3.75000 0.90000 -0.00000 0.00000 1.00000 0.34200 -0.67500 1 0 1.0
bag_fabric
0 1.90000 -3.75000 0.90000 -0.00000 0.00000 1.00000 0.34200 -0.67500 1 0 1.0
0 1.90000 3.75000 0.90000 -0.00000 0.00000 1.00000 0.34200 0.67500 1 0 1.0
0 1.78582 4.32403 0.90000 -0.00000 0.00000 1.00000 0.32145 0.77832 1 0 1.0
bag_fabric
0 1.78582 4.32403 0.90000 0.00000 -0.00000 1.00000 0.32145 0.77832 1 0 1.0
0 1.46066 4.81066 0.90000 0.00000 -0.00000 1.00000 0.26292 0.86592 1 0 1.0
0 0.97403 5.13582 0.90000 0.00000 -0.00000 1.00000 0.17532 0.92445 1 0 1.0
bag_fabric
0 0.97403 5.13582 0.90000 0.00000 0.00000 1.00000 0.17532 0.92445 1 0 1.0
0 0.40000 5.25000 0.90000 0.00000 0.00000 1.00000 0.07200 0.94500 1 0 1.0
0 -0.40000 5.25000 0.90000 0.00000 0.00000 1.00000 -0.07200 0.94500 1 0 1.0
bag_fabric
0 -0.40000 5.25000 0.90000 -0.00000 0.00000 1.00000 -0.07200 0.94500 1 0 1.0
0 -0.97403 5.13582 0.90000 -0.00000 0.00000 1.00000 -0.17532 0.92445 1 0 1.0
0 -1.46066 4.81066 0.90000 -0.00000 0.00000 1.00000 -0.26292 0.86592 1 0 1.0
bag_fabric
0 -1.46066 4.81066 0.90000 0.00000 -0.00000 1.00000 -0.26292 0.86592 1 0 1.0
0 -1.78582 4.32403 0.90000 0.00000 -0.00000 1.00000 -0.32145 0.77832 1 0 1.0
0 -1.90000 3.75000 0.90000 0.00000 -0.00000 1.00000 -0.34200 0.67500 1 0 1.0
bag_fabric
0 -1.90000 3.75000 0.90000 -0.00000 -0.00000 1.00000 -0.34200 0.67500 1 0 1.0
0 -1.90000 -3.75000 0.90000 -0.00000 -0.00000 1.00000 -0.34200 -0.67500 1 0 1.0
0 -1.78582 -4.32403 0.90000 -0.00000 -0.00000 1.00000 -0.32145 -0.77832 1 0 1.0
bag_fabric
0 -1.78582 -4.32403 0.90000 0.00000 0.00000 1.00000 -0.32145 -0.77832 1 0 1.0
0 -1.46066 -4.81066 0.90000 0.00000 0.00000 1.00000 -0.26292 -0.86592 1 0 1.0
0 -0.97403 -5.13582 0.90000 0.00000 0.00000 1.00000 -0.17532 -0.92445 1 0 1.0
bag_fabric
0 -0.97403 -5.13582 0.90000 -0.00000 -0.00000 1.00000 -0.17532 -0.92445 1 0 1.0
0 -0.40000 -5.25000 0.90000 -0.00000 -0.00000 1.00000 -0.07200 -0.94500 1 0 1.0
0 0.40000 -5.25000 0.90000 -0.00000 -0.00000 1.00000 0.07200 -0.94500 1 0 1.0
bag_fabric
0 0.40000 -5.25000 0.90000 0.00000 -0.00000 1.00000 0.07200 -0.94500 1 0 1.0
0 0.97403 -5.13582 0.90000 0.00000 -0.00000 1.00000 0.17532 -0.92445 1 0 1.0
0 1.46066 -4.81066 0.90000 0.00000 -0.00000 1.00000 0.26292 -0.86592 1 0 1.0
bag_fabric
0 1.46066 -4.81066 0.90000 -0.00000 0.00000 1.00000 0.26292 -0.86592 1 0 1.0
0 1.90000 -3.75000 0.90000 -0.00000 0.00000 1.00000 0.34200 -0.67500 1 0 1.0
0 1.78582 4.32403 0.90000 -0.00000 0.00000 1.00000 0.32145 0.77832 1 0 1.0
bag_fabric
0 1.78582 4.32403 0.90000 -0.00000 -0.00000 1.00000 0.32145 0.77832 1 0 1.0
0 0.97403 5.13582 0.90000 -0.00000 -0.00000 1.00000 0.17532 0.92445 1 0 1.0
0 -0.40000 5.25000 0.90000 -0.00000 -0.00000 1.00000 -0.07200 0.94500 1 0 1.0
bag_fabric
0 -0.40000 5.25000 0.90000 -0.00000 0.00000 1.00000 -0.07200 0.94500 1 0 1.0
0 -1.46066 4.81066 0.90000 -0.00000 0.00000 1.00000 -0.26292 0.86592 1 0 1.0
0 -1.90000 3.75000 0.90000 -0.00000 0.00000 1.00000 -0.34200 0.67500 1 0 1.0
bag_fabric
0 -1.90000 3.75000 0.90000 -0.00000 -0.00000 1.00000 -0.34200 0.67500 1 0 1.0
0 -1.78582 -4.32403 0.90000 -0.00000 -0.00000 1.00000 -0.32145 -0.77832 1 0 1.0
0 -0.97403 -5.13582 0.90000 -0.00000 -0.00000 1.00000 -0.17532 -0.92445 1 0 1.0
bag_fabric
0 -0.97403 -5.13582 0.90000 0.00000 0.00000 1.00000 -0.17532 -0.92445 1 0 1.0
0 0.40000 -5.25000 0.90000 0.00000 0.00000 1.00000 0.07200 -0.94500 1 0 1.0
0 1.46066 -4.81066 0.90000 0.00000 0.00000 1.00000 0.26292 -0.86592 1 0 1.0
bag_fabric
0 1.46066 -4.81066 0.90000 0.00000 0.00000 1.00000 0.26292 -0.86592 1 0 1.0
0 1.78582 4.32403 0.90000 0.00000 0.00000 1.00000 0.32145 0.77832 1 0 1.0
0 -0.40000 5.25000 0.90000 0.00000 0.00000 1.00000 -0.07200 0.94500 1 0 1.0
bag_fabric
0 -0.40000 5.25000 0.90000 0.00000 -0.00000 1.00000 -0.07200 0.94500 1 0 1.0
0 -1.90000 3.75000 0.90000 0.00000 -0.00000 1.00000 -0.34200 0.67500 1 0 1.0
0 -0.97403 -5.13582 0.90000 0.00000 -0.00000 1.00000 -0.17532 -0.92445 1 0 1.0
bag_fabric
0 -0.40000 5.25000 0.90000 0.00000 0.00000 1.00000 -0.07200 0.94500 1 0 1.0
0 -0.97403 -5.13582 0.90000 0.00000 0.00000 1.00000 -0.17532 -0.92445 1 0 1.0
0 1.46066 -4.81066 0.90000 0.00000 0.00000 1.00000 0.26292 -0.86592 1 0 1.0
bag_fabric
0 -0.40000 5.25000 0.90000 -0.19509 0.98079 0.00000 -0.07200 0.16200 1 0 1.0
0 -0.40000 5.25000 -1.20000 -0.19509 0.98079 0.00000 -0.07200 -0.21600 1 0 1.0
0 -0.97403 5.13582 -1.20000 -0.19509 0.98079 0.00000 -0.17532 -0.21600 1 0 1.0
bag_fabric
0 -0.40000 5.25000 0.90000 -0.19509 0.98079 0.00000 -0.07200 0.16200 1 0 1.0
0 -0.97403 5.13582 -1.20000 -0.19509 0.98079 0.00000 -0.17532 -0.21600 1 0 1.0
0 -0.97403 5.13582 0.90000 -0.19509 0.98079 0.00000 -0.17532 0.16200 1 0 1.0
bag_fabric
0 -0.97403 5.13582 0.90000 -0.55557 0.83147 0.00000 -0.17532 0.16200 1 0 1.0
0 -0.97403 5.13582 -1.20000 -0.55557 0.83147 0.00000 -0.17532 -0.21600 1 0 1.0
0 -1.46066 4.81066 -1.20000 -0.55557 0.83147 0.00000 -0.26292 -0.21600 1 0 1.0
bag_fabric
0 -0.97403 5.13582 0.90000 -0.55557 0.83147 0.00000 -0.17532 0.16200 1 0 1.0
0 -1.46066 4.81066 -1.20000 -0.55557 0.83147 0.00000 -0.26292 -0.21600 1 0 1.0
0 -1.46066 4.81066 0.90000 -0.55557 0.83147 0.00000 -0.26292 0.16200 1 0 1.0
bag_fabric
0 -1.46066 4.81066 0.90000 -0.83147 0.55557 0.00000 0.86592 0.16200 1 0 1.0
0 -1.46066 4.81066 -1.20000 -0.83147 0.55557 0.00000 0.86592 -0.21600 1 0 1.0
0 -1.78582 4.32403 -1.20000 -0.83147 0.55557 0.00000 0.77832 -0.21600 1 0 1.0
bag_fabric
0 -1.46066 4.81066 0.90000 -0.83147 0.55557 0.00000 0.86592 0.16200 1 0 1.0
0 -1.78582 4.32403 -1.20000 -0.83147 0.55557 0.00000 0.77832 -0.21600 1 0 1.0
0 -1.78582 4.32403 0.90000 -0.83147 0.55557 0.00000 0.77832 0.16200 1 0 1.0
bag_fabric
0 -1.78582 4.32403 0.90000 -0.98079 0.19509 0.00000 0.77832 0.16200 1 0 1.0
0 -1.78582 4.32403 -1.20000 -0.98079 0.19509 0.00000 0.77832 -0.21600 1 0 1.0
0 -1.90000 3.75000 -1.20000 -0.98079 0.19509 0.00000 0.67500 -0.21600 1 0 1.0
bag_fabric
0 -1.78582 4.32403 0.90000 -0.98079 0.19509 0.00000 0.77832 0.16200 1 0 1.0
0 -1.90000 3.75000 -1.20000 -0.98079 0.19509 0.00000 0.67500 -0.21600 1 0 1.0
0 -1.90000 3.75000 0.90000 -0.98079 0.19509 0.00000 0.67500 0.16200 1 0 1.0
bag_fabric
0 0.40000 3.75000 -2.70000 0.00000 0.19509 -0.98079 0.07200 0.67500 1 0 1.0
0 -0.40000 3.75000 -2.70000 0.00000 0.19509 -0.98079 -0.07200 0.67500 1 0 1.0
0 -0.40000 4.32403 -2.58582 0.00000 0.19509 -0.98079 -0.07200 0.77832 1 0 1.0
bag_fabric
0 0.40000 3.75000 -2.70000 0.00000 0.19509 -0.98079 0.07200 0.67500 1 0 1.0
0 -0.40000 4.32403 -2.58582 0.00000 0.19509 -0.98079 -0.07200 0.77832 1 0 1.0
0 0.40000 4.32403 -2.58582 0.00000 0.19509 -0.98079 0.07200 0.77832 1 0 1.0
bag_fabric
0 0.40000 4.32403 -2.58582 0.00000 0.55557 -0.83147 0.07200 0.77832 1 0 1.0
0 -0.40000 4.32403 -2.58582 0.00000 0.55557 -0.83147 -0.07200 0.77832 1 0 1.0
0 -0.40000 4.81066 -2.26066 0.00000 0.55557 -0.83147 -0.07200 0.86592 1 0 1.0
bag_fabric
0 0.40000 4.32403 -2.58582 0.00000 0.55557 -0.83147 0.07200 0.77832 1 0 1.0
0 -0.40000 4.81066 -2.26066 0.00000 0.55557 -0.83147 -0.07200 0.86592 1 0 1.0
0 0.40000 4.81066 -2.26066 0.00000 0.55557 -0.83147 0.07200 0.86592 1 0 1.0
bag_fabric
0 0.40000 4.81066 -2.26066 0.00000 0.83147 -0.55557 0.07200 -0.40692 1 0 1.0
0 -0.40000 4.81066 -2.26066 0.00000 0.83147 -0.55557 -0.07200 -0.40692 1 0 1.0
0 -0.40000 5.13582 -1.77403 0.00000 0.83147 -0.55557 -0.07200 -0.31932 1 0 1.0
bag_fabric
0 0.40000 4.81066 -2.26066 0.00000 0.83147 -0.55557 0.07200 -0.40692 1 0 1.0
0 -0.40000 5.13582 -1.77403 0.00000 0.83147 -0.55557 -0.07200 -0.31932 1 0 1.0
0 0.40000 5.13582 -1.77403 0.00000 0.83147 -0.55557 0.07200 -0.31932 1 0 1.0
bag_fabric
0 0.40000 5.13582 -1.77403 0.00000 0.98079 -0.19509 0.07200 -0.31932 1 0 1.0
0 -0.40000 5.13582 -1.77403 0.00000 0.98079 -0.19509 -0.07200 -0.31932 1 0 1.0
0 -0.40000 5.25000 -1.20000 0.00000 0.98079 -0.19509 -0.07200 -0.21600 1 0 1.0
bag_fabric
0 0.40000 5.13582 -1.77403 0.00000 0.98079 -0.19509 0.07200 -0.31932 1 0 1.0
0 -0.40000 5.25000 -1.20000 0.00000 0.98079 -0.19509 -0.07200 -0.21600 1 0 1.0
0 0.40000 5.25000 -1.20000 0.00000 0.98079 -0.19509 0.07200 -0.21600 1 0 1.0
bag_fabric
0 1.90000 3.75000 0.90000 0.98079 0.19509 0.00000 0.67500 0.16200 1 0 1.0
0 1.90000 3.75000 -1.20000 0.98079 0.19509 0.00000 0.67500 -0.21600 1 0 1.0
0 1.78582 4.32403 -1.20000 0.98079 0.19509 0.00000 0.77832 -0.21600 1 0 1.0
bag_fabric
0 1.90000 3.75000 0.90000 0.98079 0.19509 0.00000 0.67500 0.16200 1 0 1.0
0 1.78582 4.32403 -1.20000 0.98079 0.19509 0.00000 0.77832 -0.21600 1 0 1.0
0 1.78582 4.32403 0.90000 0.98079 0.19509 0.00000 0.77832 0.16200 1 0 1.0
bag_fabric
0 1.78582 4.32403 0.90000 0.83147 0.55557 0.00000 0.77832 0.16200 1 0 1.0
0 1.78582 4.32403 -1.20000 0.83147 0.55557 0.00000 0.77832 -0.21600 1 0 1.0
0 1.46066 4.81066 -1.20000 0.83147 0.55557 0.00000 0.86592 -0.21600 1 0 1.0
bag_fabric
0 1.78582 4.32403 0.90000 0.83147 0.55557 0.00000 0.77832 0.16200 1 0 1.0
0 1.46066 4.81066 -1.20000 0.83147 0.55557 0.00000 0.86592 -0.21600 1 0 1.0
0 1.46066 4.81066 0.90000 0.83147 0.55557 0.00000 0.86592 0.16200 1 0 1.0
bag_fabric
0 1.46066 4.81066 0.90000 0.55557 0.83147 0.00000 0.26292 0.16200 1 0 1.0
0 1.46066 4.81066 -1.20000 0.55557 0.83147 0.00000 0.26292 -0.21600 1 0 1.0
0 0.97403 5.13582 -1.20000 0.55557 0.83147 0.00000 0.17532 -0.21600 1 0 1.0
bag_fabric
0 1.46066 4.81066 0.90000 0.55557 0.83147 0.00000 0.26292 0.16200 1 0 1.0
0 0.97403 5.13582 -1.20000 0.55557 0.83147 0.00000 0.17532 -0.21600 1 0 1.0
0 0.97403 5.13582 0.90000 0.55557 0.83147 0.00000 0.17532 0.16200 1 0 1.0
bag_fabric
0 0.97403 5.13582 0.90000 0.19509 0.98079 0.00000 0.17532 0.16200 1 0 1.0
0 0.97403 5.13582 -1.20000 0.19509 0.98079 0.00000 0.17532 -0.21600 1 0 1.0
0 0.40000 5.25000 -1.20000 0.19509 0.98079 0.00000 0.07200 -0.21600 1 0 1.0
bag_fabric
0 0.97403 5.13582 0.90000 0.19509 0.98079 0.00000 0.17532 0.16200 1 0 1.0
0 0.40000 5.25000 -1.20000 0.19509 0.98079 0.00000 0.07200 -0.21600 1 0 1.0
0 0.40000 5.25000 0.90000 0.19509 0.98079 0.00000 0.07200 0.16200 1 0 1.0
bag_fabric
0 0.40000 -3.75000 -2.70000 0.19509 0.00000 -0.98079 0.07200 -0.67500 1 0 1.0
0 0.40000 3.75000 -2.70000 0.19509 0.00000 -0.98079 0.07200 0.67500 1 0 1.0
0 0.97403 3.75000 -2.58582 0.19509 0.00000 -0.98079 0.17532 0.67500 1 0 1.0
bag_fabric
0 0.40000 -3.75000 -2.70000 0.19509 0.00000 -0.98079 0.07200 -0.67500 1 0 1.0
0 0.97403 3.75000 -2.58582 0.19509 0.00000 -0.98079 0.17532 0.67500 1 0 1.0
0 0.97403 -3.75000 -2.58582 0.19509 0.00000 -0.98079 0.17532 -0.67500 1 0 1.0
bag_fabric
0 0.97403 -3.75000 -2.58582 0.55557 0.00000 -0.83147 0.17532 -0.67500 1 0 1.0
0 0.97403 3.75000 -2.58582 0.55557 0.00000 -0.83147 0.17532 0.67500 1 0 1.0
0 1.46066 3.75000 -2.26066 0.55557 0.00000 -0.83147 0.26292 0.67500 1 0 1.0
bag_fabric
0 0.97403 -3.75000 -2.58582 0.55557 0.00000 -0.83147 0.17532 -0.67500 1 0 1.0
0 1.46066 3.75000 -2.26066 0.55557 0.00000 -0.83147 0.26292 0.67500 1 0 1.0
0 1.46066 -3.75000 -2.26066 0.55557 0.00000 -0.83147 0.26292 -0.67500 1 0 1.0
bag_fabric
0 1.46066 -3.75000 -2.26066 0.83147 0.00000 -0.55557 -0.67500 -0.40692 1 0 1.0
0 1.46066 3.75000 -2.26066 0.83147 0.00000 -0.55557 0.67500 -0.40692 1 0 1.0
0 1.78582 3.75000 -1.77402 0.83147 0.00000 -0.55557 0.67500 -0.31932 1 0 1.0
bag_fabric
0 1.46066 -3.75000 -2.26066 0.83147 0.00000 -0.55557 -0.67500 -0.40692 1 0 1.0
0 1.78582 3.75000 -1.77402 0.83147 0.00000 -0.55557 0.67500 -0.31932 1 0 1.0
0 1.78582 -3.75000 -1.77403 0.83147 0.00000 -0.55557 -0.67500 -0.31932 1 0 1.0
bag_fabric
0 1.78582 -3.75000 -1.77403 0.98079 0.00000 -0.19509 -0.67500 -0.31932 1 0 1.0
0 1.78582 3.75000 -1.77402 0.98079 0.00000 -0.19509 0.67500 -0.31932 1 0 1.0
0 1.90000 3.75000 -1.20000 0.98079 0.00000 -0.19509 0.67500 -0.21600 1 0 1.0
bag_fabric
0 1.78582 -3.75000 -1.77403 0.98079 0.00000 -0.19509 -0.67500 -0.31932 1 0 1.0
0 1.90000 3.75000 -1.20000 0.98079 0.00000 -0.19509 0.67500 -0.21600 1 0 1.0
0 1.90000 -3.75000 -1.20000 0.98079 0.00000 -0.19509 -0.67500 -0.21600 1 0 1.0
bag_fabric
0 0.40000 -5.25000 0.90000 0.19509 -0.98079 0.00000 0.07200 0.16200 1 0 1.0
0 0.40000 -5.25000 -1.20000 0.19509 -0.98079 0.00000 0.07200 -0.21600 1 0 1.0
0 0.97403 -5.13582 -1.20000 0.19509 -0.98079 0.00000 0.17532 -0.21600 1 0 1.0
bag_fabric
0 0.40000 -5.25000 0.90000 0.19509 -0.98079 0.00000 0.07200 0.16200 1 0 1.0
0 0.97403 -5.13582 -1.20000 0.19509 -0.98079 0.00000 0.17532 -0.21600 1 0 1.0
0 0.97403 -5.13582 0.90000 0.19509 -0.98079 0.00000 0.17532 0.16200 1 0 1.0
bag_fabric
0 0.97403 -5.13582 0.90000 0.55557 -0.83147 0.00000 0.17532 0.16200 1 0 1.0
0 0.97403 -5.13582 -1.20000 0.55557 -0.83147 0.00000 0.17532 -0.21600 1 0 1.0
0 1.46066 -4.81066 -1.20000 0.55557 -0.83147 0.00000 0.26292 -0.21600 1 0 1.0
bag_fabric
0 0.97403 -5.13582 0.90000 0.55557 -0.83147 0.00000 0.17532 0.16200 1 0 1.0
0 1.46066 -4.81066 -1.20000 0.55557 -0.83147 0.00000 0.26292 -0.21600 1 0 1.0
0 1.46066 -4.81066 0.90000 0.55557 -0.83147 0.00000 0.26292 0.16200 1 0 1.0
bag_fabric
0 1.46066 -4.81066 0.90000 0.83147 -0.55557 0.00000 -0.86592 0.16200 1 0 1.0
0 1.46066 -4.81066 -1.20000 0.83147 -0.55557 0.00000 -0.86592 -0.21600 1 0 1.0
0 1.78582 -4.32403 -1.20000 0.83147 -0.55557 0.00000 -0.77832 -0.21600 1 0 1.0
bag_fabric
0 1.46066 -4.81066 0.90000 0.83147 -0.55557 0.00000 -0.86592 0.16200 1 0 1.0
0 1.78582 -4.32403 -1.20000 0.83147 -0.55557 0.00000 -0.77832 -0.21600 1 0 1.0
0 1.78582 -4.32403 0.90000 0.83147 -0.55557 0.00000 -0.77832 0.16200 1 0 1.0
bag_fabric
0 1.78582 -4.32403 0.90000 0.98079 -0.19509 0.00000 -0.77832 0.16200 1 0 1.0
0 1.78582 -4.32403 -1.20000 0.98079 -0.19509 0.00000 -0.77832 -0.21600 1 0 1.0
0 1.90000 -3.75000 -1.20000 0.98079 -0.19509 0.00000 -0.67500 -0.21600 1 0 1.0
bag_fabric
0 1.78582 -4.32403 0.90000 0.98079 -0.19509 0.00000 -0.77832 0.16200 1 0 1.0
0 1.90000 -3.75000 -1.20000 0.98079 -0.19509 0.00000 -0.67500 -0.21600 1 0 1.0
0 1.90000 -3.75000 0.90000 0.98079 -0.19509 0.00000 -0.67500 0.16200 1 0 1.0
bag_fabric
0 -0.40000 -3.75000 -2.70000 0.00000 -0.19509 -0.98079 -0.07200 -0.67500 1 0 1.0
0 0.40000 -3.75000 -2.70000 0.00000 -0.19509 -0.98079 0.07200 -0.67500 1 0 1.0
0 0.40000 -4.32403 -2.58582 0.00000 -0.19509 -0.98079 0.07200 -0.77832 1 0 1.0
bag_fabric
0 -0.40000 -3.75000 -2.70000 -0.00000 -0.19509 -0.98079 -0.07200 -0.67500 1 0 1.0
0 0.40000 -4.32403 -2.58582 -0.00000 -0.19509 -0.98079 0.07200 -0.77832 1 0 1.0
0 -0.40000 -4.32403 -2.58582 -0.00000 -0.19509 -0.98079 -0.07200 -0.77832 1 0 1.0
bag_fabric
0 -0.40000 -4.32403 -2.58582 -0.00000 -0.55557 -0.83147 -0.07200 -0.77832 1 0 1.0
0 0.40000 -4.32403 -2.58582 -0.00000 -0.55557 -0.83147 0.07200 -0.77832 1 0 1.0
0 0.40000 -4.81066 -2.26066 -0.00000 -0.55557 -0.83147 0.07200 -0.86592 1 0 1.0
bag_fabric
0 -0.40000 -4.32403 -2.58582 -0.00000 -0.55557 -0.83147 -0.07200 -0.77832 1 0 1.0
0 0.40000 -4.81066 -2.26066 -0.00000 -0.55557 -0.83147 0.07200 -0.86592 1 0 1.0
0 -0.40000 -4.81066 -2.26066 -0.00000 -0.55557 -0.83147 -0.07200 -0.86592 1 0 1.0
bag_fabric
0 -0.40000 -4.81066 -2.26066 -0.00000 -0.83147 -0.55557 -0.07200 -0.40692 1 0 1.0
0 0.40000 -4.81066 -2.26066 -0.00000 -0.83147 -0.55557 0.07200 -0.40692 1 0 1.0
0 0.40000 -5.13582 -1.77403 -0.00000 -0.83147 -0.55557 0.07200 -0.31932 1 0 1.0
bag_fabric
0 -0.40000 -4.81066 -2.26066 -0.00000 -0.83147 -0.55557 -0.07200 -0.40692 1 0 1.0
0 0.40000 -5.13582 -1.77403 -0.00000 -0.83147 -0.55557 0.07200 -0.31932 1 0 1.0
0 -0.40000 -5.13582 -1.77403 -0.00000 -0.83147 -0.55557 -0.07200 -0.31932 1 0 1.0
bag_fabric
0 -0.40000 -5.13582 -1.77403 -0.00000 -0.98079 -0.19509 -0.07200 -0.31932 1 0 1.0
0 0.40000 -5.13582 -1.77403 -0.00000 -0.98079 -0.19509 0.07200 -0.31932 1 0 1.0
0 0.40000 -5.25000 -1.20000 -0.00000 -0.98079 -0.19509 0.07200 -0.21600 1 0 1.0
bag_fabric
0 -0.40000 -5.13582 -1.77403 -0.00000 -0.98079 -0.19509 -0.07200 -0.31932 1 0 1.0
0 0.40000 -5.25000 -1.20000 -0.00000 -0.98079 -0.19509 0.07200 -0.21600 1 0 1.0
0 -0.40000 -5.25000 -1.20000 -0.00000 -0.98079 -0.19509 -0.07200 -0.21600 1 0 1.0
bag_fabric
0 -0.40000 3.75000 -2.70000 0.00000 0.00000 -1.00000 -0.07200 0.67500 1 0 1.0
0 0.40000 3.75000 -2.70000 0.00000 0.00000 -1.00000 0.07200 0.67500 1 0 1.0
0 0.40000 -3.75000 -2.70000 0.00000 0.00000 -1.00000 0.07200 -0.67500 1 0 1.0
bag_fabric
0 -0.40000 3.75000 -2.70000 0.00000 0.00000 -1.00000 -0.07200 0.67500 1 0 1.0
0 0.40000 -3.75000 -2.70000 0.00000 0.00000 -1.00000 0.07200 -0.67500 1 0 1.0
0 -0.40000 -3.75000 -2.70000 0.00000 0.00000 -1.00000 -0.07200 -0.67500 1 0 1.0
bag_fabric
0 1.90000 3.75000 -1.20000 1.00000 0.00000 0.00000 0.67500 -0.21600 1 0 1.0
0 1.90000 3.75000 0.90000 1.00000 0.00000 0.00000 0.67500 0.16200 1 0 1.0
0 1.90000 -3.75000 0.90000 1.00000 0.00000 0.00000 -0.67500 0.16200 1 0 1.0
bag_fabric
0 1.90000 3.75000 -1.20000 1.00000 0.00000 0.00000 0.67500 -0.21600 1 0 1.0
0 1.90000 -3.75000 0.90000 1.00000 0.00000 0.00000 -0.67500 0.16200 1 0 1.0
0 1.90000 -3.75000 -1.20000 1.00000 0.00000 0.00000 -0.67500 -0.21600 1 0 1.0
bag_fabric
0 -0.40000 5.25000 -1.20000 0.00000 1.00000 0.00000 -0.07200 -0.21600 1 0 1.0
0 -0.40000 5.25000 0.90000 0.00000 1.00000 0.00000 -0.07200 0.16200 1 0 1.0
0 0.40000 5.25000 0.90000 0.00000 1.00000 0.00000 0.07200 0.16200 1 0 1.0
bag_fabric
0 -0.40000 5.25000 -1.20000 0.00000 1.00000 0.00000 -0.07200 -0.21600 1 0 1.0
0 0.40000 5.25000 0.90000 0.00000 1.00000 0.00000 0.07200 0.16200 1 0 1.0
0 0.40000 5.25000 -1.20000 0.00000 1.00000 0.00000 0.07200 -0.21600 1 0 1.0
bag_fabric
0 -1.90000 -3.75000 -1.20000 -1.00000 0.00000 0.00000 -0.67500 -0.21600 1 0 1.0
0 -1.90000 -3.75000 0.90000 -1.00000 0.00000 0.00000 -0.67500 0.16200 1 0 1.0
0 -1.90000 3.75000 0.90000 -1.00000 0.00000 0.00000 0.67500 0.16200 1 0 1.0
bag_fabric
0 -1.90000 -3.75000 -1.20000 -1.00000 0.00000 0.00000 -0.67500 -0.21600 1 0 1.0
0 -1.90000 3.75000 0.90000 -1.00000 0.00000 0.00000 0.67500 0.16200 1 0 1.0
0 -1.90000 3.75000 -1.20000 -1.00000 0.00000 0.00000 0.67500 -0.21600 1 0 1.0
bag_fabric
0 -1.78582 -4.32403 -1.20000 -0.98079 -0.19509 0.00000 -0.77832 -0.21600 1 0 1.0
0 -1.78582 -4.32403 0.90000 -0.98079 -0.19509 0.00000 -0.77832 0.16200 1 0 1.0
0 -1.90000 -3.75000 0.90000 -0.98079 -0.19509 0.00000 -0.67500 0.16200 1 0 1.0
bag_fabric
0 -1.78582 -4.32403 -1.20000 -0.98079 -0.19509 0.00000 -0.77832 -0.21600 1 0 1.0
0 -1.90000 -3.75000 0.90000 -0.98079 -0.19509 0.00000 -0.67500 0.16200 1 0 1.0
0 -1.90000 -3.75000 -1.20000 -0.98079 -0.19509 0.00000 -0.67500 -0.21600 1 0 1.0
bag_fabric
0 -1.46066 -4.81066 -1.20000 -0.83147 -0.55557 0.00000 -0.86592 -0.21600 1 0 1.0
0 -1.46066 -4.81066 0.90000 -0.83147 -0.55557 0.00000 -0.86592 0.16200 1 0 1.0
0 -1.78582 -4.32403 0.90000 -0.83147 -0.55557 0.00000 -0.77832 0.16200 1 0 1.0
bag_fabric
0 -1.46066 -4.81066 -1.20000 -0.83147 -0.55557 0.00000 -0.86592 -0.21600 1 0 1.0
0 -1.78582 -4.32403 0.90000 -0.83147 -0.55557 0.00000 -0.77832 0.16200 1 0 1.0
0 -1.78582 -4.32403 -1.20000 -0.83147 -0.55557 0.00000 -0.77832 -0.21600 1 0 1.0
bag_fabric
0 -0.97403 -5.13582 -1.20000 -0.55557 -0.83147 0.00000 -0.17532 -0.21600 1 0 1.0
0 -0.97403 -5.13582 0.90000 -0.55557 -0.83147 0.00000 -0.17532 0.16200 1 0 1.0
0 -1.46066 -4.81066 0.90000 -0.55557 -0.83147 0.00000 -0.26292 0.16200 1 0 1.0
bag_fabric
0 -0.97403 -5.13582 -1.20000 -0.55557 -0.83147 0.00000 -0.17532 -0.21600 1 0 1.0
0 -1.46066 -4.81066 0.90000 -0.55557 -0.83147 0.00000 -0.26292 0.16200 1 0 1.0
0 -1.46066 -4.81066 -1.20000 -0.55557 -0.83147 0.00000 -0.26292 -0.21600 1 0 1.0
bag_fabric
0 -0.40000 -5.25000 -1.20000 -0.19509 -0.98079 0.00000 -0.07200 -0.21600 1 0 1.0
0 -0.40000 -5.25000 0.90000 -0.19509 -0.98079 0.00000 -0.07200 0.16200 1 0 1.0
0 -0.97403 -5.13582 0.90000 -0.19509 -0.98079 0.00000 -0.17532 0.16200 1 0 1.0
bag_fabric
0 -0.40000 -5.25000 -1.20000 -0.19509 -0.98079 0.00000 -0.07200 -0.21600 1 0 1.0
0 -0.97403 -5.13582 0.90000 -0.19509 -0.98079 0.00000 -0.17532 0.16200 1 0 1.0
0 -0.97403 -5.13582 -1.20000 -0.19509 -0.98079 0.00000 -0.17532 -0.21600 1 0 1.0
bag_fabric
0 0.40000 -5.25000 -1.20000 0.00000 -1.00000 0.00000 0.07200 -0.21600 1 0 1.0
0 0.40000 -5.25000 0.90000 0.00000 -1.00000 0.00000 0.07200 0.16200 1 0 1.0
0 -0.40000 -5.25000 0.90000 0.00000 -1.00000 0.00000 -0.07200 0.16200 1 0 1.0
bag_fabric
0 0.40000 -5.25000 -1.20000 0.00000 -1.00000 0.00000 0.07200 -0.21600 1 0 1.0
0 -0.40000 -5.25000 0.90000 0.00000 -1.00000 0.00000 -0.07200 0.16200 1 0 1.0
0 -0.40000 -5.25000 -1.20000 0.00000 -1.00000 0.00000 -0.07200 -0.21600 1 0 1.0
bag_fabric
0 2.00000 -2.90500 -2.53000 -0.28175 -0.36718 -0.88645 0.36000 -0.52290 1 0 1.0
0 2.00000 -3.15249 -2.42749 -0.28175 -0.36718 -0.88645 0.36000 -0.56745 1 0 1.0
0 1.79793 -3.10707 -2.38207 -0.28175 -0.36718 -0.88645 0.32363 -0.55927 1 0 1.0
bag_fabric
0 2.00000 -2.90500 -2.53000 -0.36718 -0.28175 -0.88645 0.36000 -0.52290 1 0 1.0
0 1.79793 -3.10707 -2.38207 -0.36718 -0.28175 -0.88645 0.32363 -0.55927 1 0 1.0
0 1.75251 -2.90500 -2.42749 -0.36718 -0.28175 -0.88645 0.31545 -0.52290 1 0 1.0
bag_fabric
0 2.00000 -3.25500 -2.18000 -0.36718 -0.88645 -0.28175 0.36000 -0.39240 1 0 1.0
0 1.75251 -3.15249 -2.18000 -0.36718 -0.88645 -0.28175 0.31545 -0.39240 1 0 1.0
0 1.79793 -3.10707 -2.38207 -0.36718 -0.88645 -0.28175 0.32363 -0.42877 1 0 1.0
bag_fabric
0 2.00000 -3.25500 -2.18000 -0.28175 -0.88645 -0.36718 0.36000 -0.39240 1 0 1.0
0 1.79793 -3.10707 -2.38207 -0.28175 -0.88645 -0.36718 0.32363 -0.42877 1 0 1.0
0 2.00000 -3.15249 -2.42749 -0.28175 -0.88645 -0.36718 0.36000 -0.43695 1 0 1.0
bag_fabric
0 1.65000 -2.90500 -2.18000 -0.88645 -0.28175 -0.36718 -0.52290 -0.39240 1 0 1.0
0 1.75251 -2.90500 -2.42749 -0.88645 -0.28175 -0.36718 -0.52290 -0.43695 1 0 1.0
0 1.79793 -3.10707 -2.38207 -0.88645 -0.28175 -0.36718 -0.55927 -0.42877 1 0 1.0
bag_fabric
0 1.65000 -2.90500 -2.18000 -0.88645 -0.36718 -0.28175 -0.52290 -0.39240 1 0 1.0
0 1.79793 -3.10707 -2.38207 -0.88645 -0.36718 -0.28175 -0.55927 -0.42877 1 0 1.0
0 1.75251 -3.15249 -2.18000 -0.88645 -0.36718 -0.28175 -0.56745 -0.39240 1 0 1.0
bag_fabric
0 2.00000 -3.25500 -0.72000 -0.28175 -0.88645 0.36718 0.36000 -0.12960 1 0 1.0
0 2.00000 -3.15249 -0.47251 -0.28175 -0.88645 0.36718 0.36000 -0.08505 1 0 1.0
0 1.79793 -3.10707 -0.51793 -0.28175 -0.88645 0.36718 0.32363 -0.09323 1 0 1.0
bag_fabric
0 2.00000 -3.25500 -0.72000 -0.36718 -0.88645 0.28175 0.36000 -0.12960 1 0 1.0
0 1.79793 -3.10707 -0.51793 -0.36718 -0.88645 0.28175 0.32363 -0.09323 1 0 1.0
0 1.75251 -3.15249 -0.72000 -0.36718 -0.88645 0.28175 0.31545 -0.12960 1 0 1.0
bag_fabric
0 2.00000 -2.90500 -0.37000 -0.36718 -0.28175 0.88645 0.36000 -0.52290 1 0 1.0
0 1.75251 -2.90500 -0.47251 -0.36718 -0.28175 0.88645 0.31545 -0.52290 1 0 1.0
0 1.79793 -3.10707 -0.51793 -0.36718 -0.28175 0.88645 0.32363 -0.55927 1 0 1.0
bag_fabric
0 2.00000 -2.90500 -0.37000 -0.28175 -0.36718 0.88645 0.36000 -0.52290 1 0 1.0
0 1.79793 -3.10707 -0.51793 -0.28175 -0.36718 0.88645 0.32363 -0.55927 1 0 1.0
0 2.00000 -3.15249 -0.47251 -0.28175 -0.36718 0.88645 0.36000 -0.56745 1 0 1.0
bag_fabric
0 1.65000 -2.90500 -0.72000 -0.88645 -0.36718 0.28175 -0.52290 -0.12960 1 0 1.0
0 1.75251 -3.15249 -0.72000 -0.88645 -0.36718 0.28175 -0.56745 -0.12960 1 0 1.0
0 1.79793 -3.10707 -0.51793 -0.88645 -0.36718 0.28175 -0.55927 -0.09323 1 0 1.0
bag_fabric
0 1.65000 -2.90500 -0.72000 -0.88645 -0.28175 0.36718 -0.52290 -0.12960 1 0 1.0
0 1.79793 -3.10707 -0.51793 -0.88645 -0.28175 0.36718 -0.55927 -0.09323 1 0 1.0
0 1.75251 -2.90500 -0.47251 -0.88645 -0.28175 0.36718 -0.52290 -0.08505 1 0 1.0
bag_fabric
0 2.00000 2.90500 -2.53000 -0.36718 0.28175 -0.88645 0.36000 0.52290 1 0 1.0
0 1.75251 2.90500 -2.42749 -0.36718 0.28175 -0.88645 0.31545 0.52290 1 0 1.0
0 1.79793 3.10707 -2.38207 -0.36718 0.28175 -0.88645 0.32363 0.55927 1 0 1.0
bag_fabric
0 2.00000 2.90500 -2.53000 -0.28175 0.36718 -0.88645 0.36000 0.52290 1 0 1.0
0 1.79793 3.10707 -2.38207 -0.28175 0.36718 -0.88645 0.32363 0.55927 1 0 1.0
0 2.00000 3.15249 -2.42749 -0.28175 0.36718 -0.88645 0.36000 0.56745 1 0 1.0
bag_fabric
0 1.65000 2.90500 -2.18000 -0.88645 0.36718 -0.28175 0.52290 -0.39240 1 0 1.0
0 1.75251 3.15249 -2.18000 -0.88645 0.36718 -0.28175 0.56745 -0.39240 1 0 1.0
0 1.79793 3.10707 -2.38207 -0.88645 0.36718 -0.28175 0.55927 -0.42877 1 0 1.0
bag_fabric
0 1.65000 2.90500 -2.18000 -0.88645 0.28175 -0.36718 0.52290 -0.39240 1 0 1.0
0 1.79793 3.10707 -2.38207 -0.88645 0.28175 -0.36718 0.55927 -0.42877 1 0 1.0
0 1.75251 2.90500 -2.42749 -0.88645 0.28175 -0.36718 0.52290 -0.43695 1 0 1.0
bag_fabric
0 2.00000 3.25500 -2.18000 -0.28175 0.88645 -0.36718 0.36000 -0.39240 1 0 1.0
0 2.00000 3.15249 -2.42749 -0.28175 0.88645 -0.36718 0.36000 -0.43695 1 0 1.0
0 1.79793 3.10707 -2.38207 -0.28175 0.88645 -0.36718 0.32363 -0.42877 1 0 1.0
bag_fabric
0 2.00000 3.25500 -2.18000 -0.36718 0.88645 -0.28175 0.36000 -0.39240 1 0 1.0
0 1.79793 3.10707 -2.38207 -0.36718 0.88645 -0.28175 0.32363 -0.42877 1 0 1.0
0 1.75251 3.15249 -2.18000 -0.36718 0.88645 -0.28175 0.31545 -0.39240 1 0 1.0
bag_fabric
0 2.00000 2.90500 -0.37000 -0.28175 0.36718 0.88645 0.36000 0.52290 1 0 1.0
0 2.00000 3.15249 -0.47251 -0.28175 0.36718 0.88645 0.36000 0.56745 1 0 1.0
0 1.79793 3.10707 -0.51793 -0.28175 0.36718 0.88645 0.32363 0.55927 1 0 1.0
bag_fabric
0 2.00000 2.90500 -0.37000 -0.36718 0.28175 0.88645 0.36000 0.52290 1 0 1.0
0 1.79793 3.10707 -0.51793 -0.36718 0.28175 0.88645 0.32363 0.55927 1 0 1.0
0 1.75251 2.90500 -0.47251 -0.36718 0.28175 0.88645 0.31545 0.52290 1 0 1.0
bag_fabric
0 2.00000 3.25500 -0.72000 -0.36718 0.88645 0.28175 0.36000 -0.12960 1 0 1.0
0 1.75251 3.15249 -0.72000 -0.36718 0.88645 0.28175 0.31545 -0.12960 1 0 1.0
0 1.79793 3.10707 -0.51793 -0.36718 0.88645 0.28175 0.32363 -0.09323 1 0 1.0
bag_fabric
0 2.00000 3.25500 -0.72000 -0.28175 0.88645 0.36718 0.36000 -0.12960 1 0 1.0
0 1.79793 3.10707 -0.51793 -0.28175 0.88645 0.36718 0.32363 -0.09323 1 0 1.0
0 2.00000 3.15249 -0.47251 -0.28175 0.88645 0.36718 0.36000 -0.08505 1 0 1.0
bag_fabric
0 1.65000 2.90500 -0.72000 -0.88645 0.28175 0.36718 0.52290 -0.12960 1 0 1.0
0 1.75251 2.90500 -0.47251 -0.88645 0.28175 0.36718 0.52290 -0.08505 1 0 1.0
0 1.79793 3.10707 -0.51793 -0.88645 0.28175 0.36718 0.55927 -0.09323 1 0 1.0
bag_fabric
0 1.65000 2.90500 -0.72000 -0.88645 0.36718 0.28175 0.52290 -0.12960 1 0 1.0
0 1.79793 3.10707 -0.51793 -0.88645 0.36718 0.28175 0.55927 -0.09323 1 0 1.0
0 1.75251 3.15249 -0.72000 -0.88645 0.36718 0.28175 0.56745 -0.12960 1 0 1.0
bag_fabric
0 2.20000 -2.90500 -2.53000 0.36718 -0.28175 -0.88645 0.39600 -0.52290 1 0 1.0
0 2.44749 -2.90500 -2.42749 0.36718 -0.28175 -0.88645 0.44055 -0.52290 1 0 1.0
0 2.40207 -3.10707 -2.38207 0.36718 -0.28175 -0.88645 0.43237 -0.55927 1 0 1.0
bag_fabric
0 2.20000 -2.90500 -2.53000 0.28175 -0.36718 -0.88645 0.39600 -0.52290 1 0 1.0
0 2.40207 -3.10707 -2.38207 0.28175 -0.36718 -0.88645 0.43237 -0.55927 1 0 1.0
0 2.20000 -3.15249 -2.42749 0.28175 -0.36718 -0.88645 0.39600 -0.56745 1 0 1.0
bag_fabric
0 2.55000 -2.90500 -2.18000 0.88645 -0.36718 -0.28175 -0.52290 -0.39240 1 0 1.0
0 2.44749 -3.15249 -2.18000 0.88645 -0.36718 -0.28175 -0.56745 -0.39240 1 0 1.0
0 2.40207 -3.10707 -2.38207 0.88645 -0.36718 -0.28175 -0.55927 -0.42877 1 0 1.0
bag_fabric
0 2.55000 -2.90500 -2.18000 0.88645 -0.28175 -0.36718 -0.52290 -0.39240 1 0 1.0
0 2.40207 -3.10707 -2.38207 0.88645 -0.28175 -0.36718 -0.55927 -0.42877 1 0 1.0
0 2.44749 -2.90500 -2.42749 0.88645 -0.28175 -0.36718 -0.52290 -0.43695 1 0 1.0
bag_fabric
0 2.20000 -3.25500 -2.18000 0.28175 -0.88645 -0.36718 0.39600 -0.39240 1 0 1.0
0 2.20000 -3.15249 -2.42749 0.28175 -0.88645 -0.36718 0.39600 -0.43695 1 0 1.0
0 2.40207 -3.10707 -2.38207 0.28175 -0.88645 -0.36718 0.43237 -0.42877 1 0 1.0
bag_fabric
0 2.20000 -3.25500 -2.18000 0.36718 -0.88645 -0.28175 0.39600 -0.39240 1 0 1.0
0 2.40207 -3.10707 -2.38207 0.36718 -0.88645 -0.28175 0.43237 -0.42877 1 0 1.0
0 2.44749 -3.15249 -2.18000 0.36718 -0.88645 -0.28175 0.44055 -0.39240 1 0 1.0
bag_fabric
0 2.20000 -2.90500 -0.37000 0.28175 -0.36718 0.88645 0.39600 -0.52290 1 0 1.0
0 2.20000 -3.15249 -0.47251 0.28175 -0.36718 0.88645 0.39600 -0.56745 1 0 1.0
0 2.40207 -3.10707 -0.51793 0.28175 -0.36718 0.88645 0.43237 -0.55927 1 0 1.0
bag_fabric
0 2.20000 -2.90500 -0.37000 0.36718 -0.28175 0.88645 0.39600 -0.52290 1 0 1.0
0 2.40207 -3.10707 -0.51793 0.36718 -0.28175 0.88645 0.43237 -0.55927 1 0 1.0
0 2.44749 -2.90500 -0.47251 0.36718 -0.28175 0.88645 0.44055 -0.52290 1 0 1.0
bag_fabric
0 2.20000 -3.25500 -0.72000 0.36718 -0.88645 0.28175 0.39600 -0.12960 1 0 1.0
0 2.44749 -3.15249 -0.72000 0.36718 -0.88645 0.28175 0.44055 -0.12960 1 0 1.0
0 2.40207 -3.10707 -0.51793 0.36718 -0.88645 0.28175 0.43237 -0.09323 1 0 1.0
bag_fabric
0 2.20000 -3.25500 -0.72000 0.28175 -0.88645 0.36718 0.39600 -0.12960 1 0 1.0
0 2.40207 -3.10707 -0.51793 0.28175 -0.88645 0.36718 0.43237 -0.09323 1 0 1.0
0 2.20000 -3.15249 -0.47251 0.28175 -0.88645 0.36718 0.39600 -0.08505 1 0 1.0
bag_fabric
0 2.55000 -2.90500 -0.72000 0.88645 -0.28175 0.36718 -0.52290 -0.12960 1 0 1.0
0 2.44749 -2.90500 -0.47251 0.88645 -0.28175 0.36718 -0.52290 -0.08505 1 0 1.0
0 2.40207 -3.10707 -0.51793 0.88645 -0.28175 0.36718 -0.55927 -0.09323 1 0 1.0
bag_fabric
0 2.55000 -2.90500 -0.72000 0.88645 -0.36718 0.28175 -0.52290 -0.12960 1 0 1.0
0 2.40207 -3.10707 -0.51793 0.88645 -0.36718 0.28175 -0.55927 -0.09323 1 0 1.0
0 2.44749 -3.15249 -0.72000 0.88645 -0.36718 0.28175 -0.56745 -0.12960 1 0 1.0
bag_fabric
0 2.20000 2.90500 -2.53000 0.28175 0.36718 -0.88645 0.39600 0.52290 1 0 1.0
0 2.20000 3.15249 -2.42749 0.28175 0.36718 -0.88645 0.39600 0.56745 1 0 1.0
0 2.40207 3.10707 -2.38207 0.28175 0.36718 -0.88645 0.43237 0.55927 1 0 1.0
bag_fabric
0 2.20000 2.90500 -2.53000 0.36718 0.28175 -0.88645 0.39600 0.52290 1 0 1.0
0 2.40207 3.10707 -2.38207 0.36718 0.28175 -0.88645 0.43237 0.55927 1 0 1.0
0 2.44749 2.90500 -2.42749 0.36718 0.28175 -0.88645 0.44055 0.52290 1 0 1.0
bag_fabric
0 2.20000 3.25500 -2.18000 0.36718 0.88645 -0.28175 0.39600 -0.39240 1 0 1.0
0 2.44749 3.15249 -2.18000 0.36718 0.88645 -0.28175 0.44055 -0.39240 1 0 1.0
0 2.40207 3.10707 -2.38207 0.36718 0.88645 -0.28175 0.43237 -0.42877 1 0 1.0
bag_fabric
0 2.20000 3.25500 -2.18000 0.28175 0.88645 -0.36718 0.39600 -0.39240 1 0 1.0
0 2.40207 3.10707 -2.38207 0.28175 0.88645 -0.36718 0.43237 -0.42877 1 0 1.0
0 2.20000 3.15249 -2.42749 0.28175 0.88645 -0.36718 0.39600 -0.43695 1 0 1.0
bag_fabric
0 2.55000 2.90500 -2.18000 0.88645 0.28175 -0.36718 0.52290 -0.39240 1 0 1.0
0 2.44749 2.90500 -2.42749 0.88645 0.28175 -0.36718 0.52290 -0.43695 1 0 1.0
0 2.40207 3.10707 -2.38207 0.88645 0.28175 -0.36718 0.55927 -0.42877 1 0 1.0
bag_fabric
0 2.55000 2.90500 -2.18000 0.88645 0.36718 -0.28175 0.52290 -0.39240 1 0 1.0
0 2.40207 3.10707 -2.38207 0.88645 0.36718 -0.28175 0.55927 -0.42877 1 0 1.0
0 2.44749 3.15249 -2.18000 0.88645 0.36718 -0.28175 0.56745 -0.39240 1 0 1.0
bag_fabric
0 2.20000 2.90500 -0.37000 0.36718 0.28175 0.88645 0.39600 0.52290 1 0 1.0
0 2.44749 2.90500 -0.47251 0.36718 0.28175 0.88645 0.44055 0.52290 1 0 1.0
0 2.40207 3.10707 -0.51793 0.36718 0.28175 0.88645 0.43237 0.55927 1 0 1.0
bag_fabric
0 2.20000 2.90500 -0.37000 0.28175 0.36718 0.88645 0.39600 0.52290 1 0 1.0
0 2.40207 3.10707 -0.51793 0.28175 0.36718 0.88645 0.43237 0.55927 1 0 1.0
0 2.20000 3.15249 -0.47251 0.28175 0.36718 0.88645 0.39600 0.56745 1 0 1.0
bag_fabric
0 2.55000 2.90500 -0.72000 0.88645 0.36718 0.28175 0.52290 -0.12960 1 0 1.0
0 2.44749 3.15249 -0.72000 0.88645 0.36718 0.28175 0.56745 -0.12960 1 0 1.0
0 2.40207 3.10707 -0.51793 0.88645 0.36718 0.28175 0.55927 -0.09323 1 0 1.0
bag_fabric
0 2.55000 2.90500 -0.72000 0.88645 0.28175 0.36718 0.52290 -0.12960 1 0 1.0
0 2.40207 3.10707 -0.51793 0.88645 0.28175 0.36718 0.55927 -0.09323 1 0 1.0
0 2.44749 2.90500 -0.47251 0.88645 0.28175 0.36718 0.52290 -0.08505 1 0 1.0
bag_fabric
0 2.20000 3.25500 -0.72000 0.28175 0.88645 0.36718 0.39600 -0.12960 1 0 1.0
0 2.20000 3.15249 -0.47251 0.28175 0.88645 0.36718 0.39600 -0.08505 1 0 1.0
0 2.40207 3.10707 -0.51793 0.28175 0.88645 0.36718 0.43237 -0.09323 1 0 1.0
bag_fabric
0 2.20000 3.25500 -0.72000 0.36718 0.88645 0.28175 0.39600 -0.12960 1 0 1.0
0 2.40207 3.10707 -0.51793 0.36718 0.88645 0.28175 0.43237 -0.09323 1 0 1.0
0 2.44749 3.15249 -0.72000 0.36718 0.88645 0.28175 0.44055 -0.12960 1 0 1.0
bag_fabric
0 2.00000 2.90500 -2.53000 -0.38268 0.00000 -0.92388 0.36000 0.52290 1 0 1.0
0 2.00000 -2.90500 -2.53000 -0.38268 0.00000 -0.92388 0.36000 -0.52290 1 0 1.0
0 1.75251 -2.90500 -2.42749 -0.38268 0.00000 -0.92388 0.31545 -0.52290 1 0 1.0
bag_fabric
0 2.00000 2.90500 -2.53000 -0.38268 0.00000 -0.92388 0.36000 0.52290 1 0 1.0
0 1.75251 -2.90500 -2.42749 -0.38268 0.00000 -0.92388 0.31545 -0.52290 1 0 1.0
0 1.75251 2.90500 -2.42749 -0.38268 0.00000 -0.92388 0.31545 0.52290 1 0 1.0
bag_fabric
0 1.75251 2.90500 -2.42749 -0.92388 0.00000 -0.38268 0.52290 -0.43695 1 0 1.0
0 1.75251 -2.90500 -2.42749 -0.92388 0.00000 -0.38268 -0.52290 -0.43695 1 0 1.0
0 1.65000 -2.90500 -2.18000 -0.92388 0.00000 -0.38268 -0.52290 -0.39240 1 0 1.0
bag_fabric
0 1.75251 2.90500 -2.42749 -0.92388 0.00000 -0.38268 0.52290 -0.43695 1 0 1.0
0 1.65000 -2.90500 -2.18000 -0.92388 0.00000 -0.38268 -0.52290 -0.39240 1 0 1.0
0 1.65000 2.90500 -2.18000 -0.92388 0.00000 -0.38268 0.52290 -0.39240 1 0 1.0
bag_fabric
0 2.00000 -3.25500 -2.18000 -0.38268 -0.92388 0.00000 0.36000 -0.39240 1 0 1.0
0 2.00000 -3.25500 -0.72000 -0.38268 -0.92388 0.00000 0.36000 -0.12960 1 0 1.0
0 1.75251 -3.15249 -0.72000 -0.38268 -0.92388 0.00000 0.31545 -0.12960 1 0 1.0
bag_fabric
0 2.00000 -3.25500 -2.18000 -0.38268 -0.92388 0.00000 0.36000 -0.39240 1 0 1.0
0 1.75251 -3.15249 -0.72000 -0.38268 -0.92388 0.00000 0.31545 -0.12960 1 0 1.0
0 1.75251 -3.15249 -2.18000 -0.38268 -0.92388 0.00000 0.31545 -0.39240 1 0 1.0
bag_fabric
0 1.75251 -3.15249 -2.18000 -0.92388 -0.38268 0.00000 -0.56745 -0.39240 1 0 1.0
0 1.75251 -3.15249 -0.72000 -0.92388 -0.38268 0.00000 -0.56745 -0.12960 1 0 1.0
0 1.65000 -2.90500 -0.72000 -0.92388 -0.38268 0.00000 -0.52290 -0.12960 1 0 1.0
bag_fabric
0 1.75251 -3.15249 -2.18000 -0.92388 -0.38268 0.00000 -0.56745 -0.39240 1 0 1.0
0 1.65000 -2.90500 -0.72000 -0.92388 -0.38268 0.00000 -0.52290 -0.12960 1 0 1.0
0 1.65000 -2.90500 -2.18000 -0.92388 -0.38268 0.00000 -0.52290 -0.39240 1 0 1.0
bag_fabric
0 2.00000 -2.90500 -0.37000 -0.38268 -0.00000 0.92388 0.36000 -0.52290 1 0 1.0
0 2.00000 2.90500 -0.37000 -0.38268 -0.00000 0.92388 0.36000 0.52290 1 0 1.0
0 1.75251 2.90500 -0.47251 -0.38268 -0.00000 0.92388 0.31545 0.52290 1 0 1.0
bag_fabric
0 2.00000 -2.90500 -0.37000 -0.38268 0.00000 0.92388 0.36000 -0.52290 1 0 1.0
0 1.75251 2.90500 -0.47251 -0.38268 0.00000 0.92388 0.31545 0.52290 1 0 1.0
0 1.75251 -2.90500 -0.47251 -0.38268 0.00000 0.92388 0.31545 -0.52290 1 0 1.0
bag_fabric
0 1.75251 -2.90500 -0.47251 -0.92388 0.00000 0.38268 -0.52290 -0.08505 1 0 1.0
0 1.75251 2.90500 -0.47251 -0.92388 0.00000 0.38268 0.52290 -0.08505 1 0 1.0
0 1.65000 2.90500 -0.72000 -0.92388 0.00000 0.38268 0.52290 -0.12960 1 0 1.0
bag_fabric
0 1.75251 -2.90500 -0.47251 -0.92388 0.00000 0.38268 -0.52290 -0.08505 1 0 1.0
0 1.65000 2.90500 -0.72000 -0.92388 0.00000 0.38268 0.52290 -0.12960 1 0 1.0
0 1.65000 -2.90500 -0.72000 -0.92388 0.00000 0.38268 -0.52290 -0.12960 1 0 1.0
bag_fabric
0 2.00000 3.25500 -0.72000 -0.38268 0.92388 0.00000 0.36000 -0.12960 1 0 1.0
0 2.00000 3.25500 -2.18000 -0.38268 0.92388 0.00000 0.36000 -0.39240 1 0 1.0
0 1.75251 3.15249 -2.18000 -0.38268 0.92388 0.00000 0.31545 -0.39240 1 0 1.0
bag_fabric
0 2.00000 3.25500 -0.72000 -0.38268 0.92388 0.00000 0.36000 -0.12960 1 0 1.0
0 1.75251 3.15249 -2.18000 -0.38268 0.92388 0.00000 0.31545 -0.39240 1 0 1.0
0 1.75251 3.15249 -0.72000 -0.38268 0.92388 0.00000 0.31545 -0.12960 1 0 1.0
bag_fabric
0 1.75251 3.15249 -0.72000 -0.92388 0.38268 0.00000 0.56745 -0.12960 1 0 1.0
0 1.75251 3.15249 -2.18000 -0.92388 0.38268 0.00000 0.56745 -0.39240 1 0 1.0
0 1.65000 2.90500 -2.18000 -0.92388 0.38268 0.00000 0.52290 -0.39240 1 0 1.0
bag_fabric
0 1.75251 3.15249 -0.72000 -0.92388 0.38268 0.00000 0.56745 -0.12960 1 0 1.0
0 1.65000 2.90500 -2.18000 -0.92388 0.38268 0.00000 0.52290 -0.39240 1 0 1.0
0 1.65000 2.90500 -0.72000 -0.92388 0.38268 0.00000 0.52290 -0.12960 1 0 1.0
bag_fabric
0 2.20000 2.90500 -2.53000 0.00000 0.38268 -0.92388 0.39600 0.52290 1 0 1.0
0 2.00000 2.90500 -2.53000 0.00000 0.38268 -0.92388 0.36000 0.52290 1 0 1.0
0 2.00000 3.15249 -2.42749 0.00000 0.38268 -0.92388 0.36000 0.56745 1 0 1.0
bag_fabric
0 2.20000 2.90500 -2.53000 0.00000 0.38268 -0.92388 0.39600 0.52290 1 0 1.0
0 2.00000 3.15249 -2.42749 0.00000 0.38268 -0.92388 0.36000 0.56745 1 0 1.0
0 2.20000 3.15249 -2.42749 0.00000 0.38268 -0.92388 0.39600 0.56745 1 0 1.0
bag_fabric
0 2.20000 3.15249 -2.42749 0.00000 0.92388 -0.38268 0.39600 -0.43695 1 0 1.0
0 2.00000 3.15249 -2.42749 0.00000 0.92388 -0.38268 0.36000 -0.43695 1 0 1.0
0 2.00000 3.25500 -2.18000 0.00000 0.92388 -0.38268 0.36000 -0.39240 1 0 1.0
bag_fabric
0 2.20000 3.15249 -2.42749 0.00000 0.92388 -0.38268 0.39600 -0.43695 1 0 1.0
0 2.00000 3.25500 -2.18000 0.00000 0.92388 -0.38268 0.36000 -0.39240 1 0 1.0
0 2.20000 3.25500 -2.18000 0.00000 0.92388 -0.38268 0.39600 -0.39240 1 0 1.0
bag_fabric
0 2.00000 2.90500 -0.37000 0.00000 0.38268 0.92388 0.36000 0.52290 1 0 1.0
0 2.20000 2.90500 -0.37000 0.00000 0.38268 0.92388 0.39600 0.52290 1 0 1.0
0 2.20000 3.15249 -0.47251 0.00000 0.38268 0.92388 0.39600 0.56745 1 0 1.0
bag_fabric
0 2.00000 2.90500 -0.37000 0.00000 0.38268 0.92388 0.36000 0.52290 1 0 1.0
0 2.20000 3.15249 -0.47251 0.00000 0.38268 0.92388 0.39600 0.56745 1 0 1.0
0 2.00000 3.15249 -0.47251 0.00000 0.38268 0.92388 0.36000 0.56745 1 0 1.0
bag_fabric
0 2.00000 3.15249 -0.47251 0.00000 0.92388 0.38268 0.36000 -0.08505 1 0 1.0
0 2.20000 3.15249 -0.47251 0.00000 0.92388 0.38268 0.39600 -0.08505 1 0 1.0
0 2.20000 3.25500 -0.72000 0.00000 0.92388 0.38268 0.39600 -0.12960 1 0 1.0
bag_fabric
0 2.00000 3.15249 -0.47251 0.00000 0.92388 0.38268 0.36000 -0.08505 1 0 1.0
0 2.20000 3.25500 -0.72000 0.00000 0.92388 0.38268 0.39600 -0.12960 1 0 1.0
0 2.00000 3.25500 -0.72000 0.00000 0.92388 0.38268 0.36000 -0.12960 1 0 1.0
bag_fabric
0 2.55000 2.90500 -0.72000 0.92388 0.38268 0.00000 0.52290 -0.12960 1 0 1.0
0 2.55000 2.90500 -2.18000 0.92388 0.38268 0.00000 0.52290 -0.39240 1 0 1.0
0 2.44749 3.15249 -2.18000 0.92388 0.38268 0.00000 0.56745 -0.39240 1 0 1.0
bag_fabric
0 2.55000 2.90500 -0.72000 0.92388 0.38268 0.00000 0.52290 -0.12960 1 0 1.0
0 2.44749 3.15249 -2.18000 0.92388 0.38268 0.00000 0.56745 -0.39240 1 0 1.0
0 2.44749 3.15249 -0.72000 0.92388 0.38268 0.00000 0.56745 -0.12960 1 0 1.0
bag_fabric
0 2.44749 3.15249 -0.72000 0.38268 0.92388 0.00000 0.44055 -0.12960 1 0 1.0
0 2.44749 3.15249 -2.18000 0.38268 0.92388 0.00000 0.44055 -0.39240 1 0 1.0
0 2.20000 3.25500 -2.18000 0.38268 0.92388 0.00000 0.39600 -0.39240 1 0 1.0
bag_fabric
0 2.44749 3.15249 -0.72000 0.38268 0.92388 0.00000 0.44055 -0.12960 1 0 1.0
0 2.20000 3.25500 -2.18000 0.38268 0.92388 0.00000 0.39600 -0.39240 1 0 1.0
0 2.20000 3.25500 -0.72000 0.38268 0.92388 0.00000 0.39600 -0.12960 1 0 1.0
bag_fabric
0 2.20000 -2.90500 -2.53000 0.38268 0.00000 -0.92388 0.39600 -0.52290 1 0 1.0
0 2.20000 2.90500 -2.53000 0.38268 0.00000 -0.92388 0.39600 0.52290 1 0 1.0
0 2.44749 2.90500 -2.42749 0.38268 0.00000 -0.92388 0.44055 0.52290 1 0 1.0
bag_fabric
0 2.20000 -2.90500 -2.53000 0.38268 0.00000 -0.92388 0.39600 -0.52290 1 0 1.0
0 2.44749 2.90500 -2.42749 0.38268 0.00000 -0.92388 0.44055 0.52290 1 0 1.0
0 2.44749 -2.90500 -2.42749 0.38268 0.00000 -0.92388 0.44055 -0.52290 1 0 1.0
bag_fabric
0 2.44749 -2.90500 -2.42749 0.92388 0.00000 -0.38268 -0.52290 -0.43695 1 0 1.0
0 2.44749 2.90500 -2.42749 0.92388 0.00000 -0.38268 0.52290 -0.43695 1 0 1.0
0 2.55000 2.90500 -2.18000 0.92388 0.00000 -0.38268 0.52290 -0.39240 1 0 1.0
bag_fabric
0 2.44749 -2.90500 -2.42749 0.92388 0.00000 -0.38268 -0.52290 -0.43695 1 0 1.0
0 2.55000 2.90500 -2.18000 0.92388 0.00000 -0.38268 0.52290 -0.39240 1 0 1.0
0 2.55000 -2.90500 -2.18000 0.92388 0.00000 -0.38268 -0.52290 -0.39240 1 0 1.0
bag_fabric
0 2.20000 2.90500 -0.37000 0.38268 0.00000 0.92388 0.39600 0.52290 1 0 1.0
0 2.20000 -2.90500 -0.37000 0.38268 0.00000 0.92388 0.39600 -0.52290 1 0 1.0
0 2.44749 -2.90500 -0.47251 0.38268 0.00000 0.92388 0.44055 -0.52290 1 0 1.0
bag_fabric
0 2.20000 2.90500 -0.37000 0.38268 -0.00000 0.92388 0.39600 0.52290 1 0 1.0
0 2.44749 -2.90500 -0.47251 0.38268 -0.00000 0.92388 0.44055 -0.52290 1 0 1.0
0 2.44749 2.90500 -0.47251 0.38268 -0.00000 0.92388 0.44055 0.52290 1 0 1.0
bag_fabric
0 2.44749 2.90500 -0.47251 0.92388 -0.00000 0.38268 0.52290 -0.08505 1 0 1.0
0 2.44749 -2.90500 -0.47251 0.92388 -0.00000 0.38268 -0.52290 -0.08505 1 0 1.0
0 2.55000 -2.90500 -0.72000 0.92388 -0.00000 0.38268 -0.52290 -0.12960 1 0 1.0
bag_fabric
0 2.44749 2.90500 -0.47251 0.92388 -0.00000 0.38268 0.52290 -0.08505 1 0 1.0
0 2.55000 -2.90500 -0.72000 0.92388 -0.00000 0.38268 -0.52290 -0.12960 1 0 1.0
0 2.55000 2.90500 -0.72000 0.92388 -0.00000 0.38268 0.52290 -0.12960 1 0 1.0
bag_fabric
0 2.20000 -3.25500 -0.72000 0.38268 -0.92388 0.00000 0.39600 -0.12960 1 0 1.0
0 2.20000 -3.25500 -2.18000 0.38268 -0.92388 0.00000 0.39600 -0.39240 1 0 1.0
0 2.44749 -3.15249 -2.18000 0.38268 -0.92388 0.00000 0.44055 -0.39240 1 0 1.0
bag_fabric
0 2.20000 -3.25500 -0.72000 0.38268 -0.92388 0.00000 0.39600 -0.12960 1 0 1.0
0 2.44749 -3.15249 -2.18000 0.38268 -0.92388 0.00000 0.44055 -0.39240 1 0 1.0
0 2.44749 -3.15249 -0.72000 0.38268 -0.92388 0.00000 0.44055 -0.12960 1 0 1.0
bag_fabric
0 2.44749 -3.15249 -0.72000 0.92388 -0.38268 0.00000 -0.56745 -0.12960 1 0 1.0
0 2.44749 -3.15249 -2.18000 0.92388 -0.38268 0.00000 -0.56745 -0.39240 1 0 1.0
0 2.55000 -2.90500 -2.18000 0.92388 -0.38268 0.00000 -0.52290 -0.39240 1 0 1.0
bag_fabric
0 2.44749 -3.15249 -0.72000 0.92388 -0.38268 0.00000 -0.56745 -0.12960 1 0 1.0
0 2.55000 -2.90500 -2.18000 0.92388 -0.38268 0.00000 -0.52290 -0.39240 1 0 1.0
0 2.55000 -2.90500 -0.72000 0.92388 -0.38268 0.00000 -0.52290 -0.12960 1 0 1.0
bag_fabric
0 2.00000 -2.90500 -2.53000 0.00000 -0.38268 -0.92388 0.36000 -0.52290 1 0 1.0
0 2.20000 -2.90500 -2.53000 0.00000 -0.38268 -0.92388 0.39600 -0.52290 1 0 1.0
0 2.20000 -3.15249 -2.42749 0.00000 -0.38268 -0.92388 0.39600 -0.56745 1 0 1.0
bag_fabric
0 2.00000 -2.90500 -2.53000 0.00000 -0.38268 -0.92388 0.36000 -0.52290 1 0 1.0
0 2.20000 -3.15249 -2.42749 0.00000 -0.38268 -0.92388 0.39600 -0.56745 1 0 1.0
0 2.00000 -3.15249 -2.42749 0.00000 -0.38268 -0.92388 0.36000 -0.56745 1 0 1.0
bag_fabric
0 2.00000 -3.15249 -2.42749 0.00000 -0.92388 -0.38268 0.36000 -0.43695 1 0 1.0
0 2.20000 -3.15249 -2.42749 0.00000 -0.92388 -0.38268 0.39600 -0.43695 1 0 1.0
0 2.20000 -3.25500 -2.18000 0.00000 -0.92388 -0.38268 0.39600 -0.39240 1 0 1.0
bag_fabric
0 2.00000 -3.15249 -2.42749 0.00000 -0.92388 -0.38268 0.36000 -0.43695 1 0 1.0
0 2.20000 -3.25500 -2.18000 0.00000 -0.92388 -0.38268 0.39600 -0.39240 1 0 1.0
0 2.00000 -3.25500 -2.18000 0.00000 -0.92388 -0.38268 0.36000 -0.39240 1 0 1.0
bag_fabric
0 2.20000 -2.90500 -0.37000 0.00000 -0.38268 0.92388 0.39600 -0.52290 1 0 1.0
0 2.00000 -2.90500 -0.37000 0.00000 -0.38268 0.92388 0.36000 -0.52290 1 0 1.0
0 2.00000 -3.15249 -0.47251 0.00000 -0.38268 0.92388 0.36000 -0.56745 1 0 1.0
bag_fabric
0 2.20000 -2.90500 -0.37000 0.00000 -0.38268 0.92388 0.39600 -0.52290 1 0 1.0
0 2.00000 -3.15249 -0.47251 0.00000 -0.38268 0.92388 0.36000 -0.56745 1 0 1.0
0 2.20000 -3.15249 -0.47251 0.00000 -0.38268 0.92388 0.39600 -0.56745 1 0 1.0
bag_fabric
0 2.20000 -3.15249 -0.47251 0.00000 -0.92388 0.38268 0.39600 -0.08505 1 0 1.0
0 2.00000 -3.15249 -0.47251 0.00000 -0.92388 0.38268 0.36000 -0.08505 1 0 1.0
0 2.00000 -3.25500 -0.72000 0.00000 -0.92388 0.38268 0.36000 -0.12960 1 0 1.0
bag_fabric
0 2.20000 -3.15249 -0.47251 0.00000 -0.92388 0.38268 0.39600 -0.08505 1 0 1.0
0 2.00000 -3.25500 -0.72000 0.00000 -0.92388 0.38268 0.36000 -0.12960 1 0 1.0
0 2.20000 -3.25500 -0.72000 0.00000 -0.92388 0.38268 0.39600 -0.12960 1 0 1.0
bag_fabric
0 2.00000 2.90500 -2.53000 0.00000 0.00000 -1.00000 0.36000 0.52290 1 0 1.0
0 2.20000 2.90500 -2.53000 0.00000 0.00000 -1.00000 0.39600 0.52290 1 0 1.0
0 2.20000 -2.90500 -2.53000 0.00000 0.00000 -1.00000 0.39600 -0.52290 1 0 1.0
bag_fabric
0 2.00000 2.90500 -2.53000 0.00000 0.00000 -1.00000 0.36000 0.52290 1 0 1.0
0 2.20000 -2.90500 -2.53000 0.00000 0.00000 -1.00000 0.39600 -0.52290 1 0 1.0
0 2.00000 -2.90500 -2.53000 0.00000 0.00000 -1.00000 0.36000 -0.52290 1 0 1.0
bag_fabric
0 1.65000 -2.90500 -2.18000 -1.00000 0.00000 0.00000 -0.52290 -0.39240 1 0 1.0
0 1.65000 -2.90500 -0.72000 -1.00000 0.00000 0.00000 -0.52290 -0.12960 1 0 1.0
0 1.65000 2.90500 -0.72000 -1.00000 0.00000 0.00000 0.52290 -0.12960 1 0 1.0
bag_fabric
0 1.65000 -2.90500 -2.18000 -1.00000 0.00000 0.00000 -0.52290 -0.39240 1 0 1.0
0 1.65000 2.90500 -0.72000 -1.00000 0.00000 0.00000 0.52290 -0.12960 1 0 1.0
0 1.65000 2.90500 -2.18000 -1.00000 0.00000 0.00000 0.52290 -0.39240 1 0 1.0
bag_fabric
0 2.20000 -3.25500 -2.18000 0.00000 -1.00000 0.00000 0.39600 -0.39240 1 0 1.0
0 2.20000 -3.25500 -0.72000 0.00000 -1.00000 0.00000 0.39600 -0.12960 1 0 1.0
0 2.00000 -3.25500 -0.72000 0.00000 -1.00000 0.00000 0.36000 -0.12960 1 0 1.0
bag_fabric
0 2.20000 -3.25500 -2.18000 0.00000 -1.00000 0.00000 0.39600 -0.39240 1 0 1.0
0 2.00000 -3.25500 -0.72000 0.00000 -1.00000 0.00000 0.36000 -0.12960 1 0 1.0
0 2.00000 -3.25500 -2.18000 0.00000 -1.00000 0.00000 0.36000 -0.39240 1 0 1.0
bag_fabric
0 2.20000 2.90500 -0.37000 0.00000 0.00000 1.00000 0.39600 0.52290 1 0 1.0
0 2.00000 2.90500 -0.37000 0.00000 0.00000 1.00000 0.36000 0.52290 1 0 1.0
0 2.00000 -2.90500 -0.37000 0.00000 0.00000 1.00000 0.36000 -0.52290 1 0 1.0
bag_fabric
0 2.20000 2.90500 -0.37000 0.00000 0.00000 1.00000 0.39600 0.52290 1 0 1.0
0 2.00000 -2.90500 -0.37000 0.00000 0.00000 1.00000 0.36000 -0.52290 1 0 1.0
0 2.20000 -2.90500 -0.37000 0.00000 0.00000 1.00000 0.39600 -0.52290 1 0 1.0
bag_fabric
0 2.00000 3.25500 -2.18000 0.00000 1.00000 0.00000 0.36000 -0.39240 1 0 1.0
0 2.00000 3.25500 -0.72000 0.00000 1.00000 0.00000 0.36000 -0.12960 1 0 1.0
0 2.20000 3.25500 -0.72000 0.00000 1.00000 0.00000 0.39600 -0.12960 1 0 1.0
bag_fabric
0 2.00000 3.25500 -2.18000 0.00000 1.00000 0.00000 0.36000 -0.39240 1 0 1.0
0 2.20000 3.25500 -0.72000 0.00000 1.00000 0.00000 0.39600 -0.12960 1 0 1.0
0 2.20000 3.25500 -2.18000 0.00000 1.00000 0.00000 0.39600 -0.39240 1 0 1.0
bag_fabric
0 2.55000 2.90500 -2.18000 1.00000 0.00000 0.00000 0.52290 -0.39240 1 0 1.0
0 2.55000 2.90500 -0.72000 1.00000 0.00000 0.00000 0.52290 -0.12960 1 0 1.0
0 2.55000 -2.90500 -0.72000 1.00000 0.00000 0.00000 -0.52290 -0.12960 1 0 1.0
bag_fabric
0 2.55000 2.90500 -2.18000 1.00000 0.00000 0.00000 0.52290 -0.39240 1 0 1.0
0 2.55000 -2.90500 -0.72000 1.00000 0.00000 0.00000 -0.52290 -0.12960 1 0 1.0
0 2.55000 -2.90500 -2.18000 1.00000 0.00000 0.00000 -0.52290 -0.39240 1 0 1.0
bag_metal
0 -13.28000 -0.53000 -0.70000 -0.28175 -0.36718 -0.88645 -2.39040 -0.09540 1 0 1.0
0 -13.28000 -0.61485 -0.66485 -0.28175 -0.36718 -0.88645 -2.39040 -0.11067 1 0 1.0
0 -13.34928 -0.59928 -0.64928 -0.28175 -0.36718 -0.88645 -2.40287 -0.10787 1 0 1.0
bag_metal
0 -13.28000 -0.53000 -0.70000 -0.36718 -0.28175 -0.88645 -2.39040 -0.09540 1 0 1.0
0 -13.34928 -0.59928 -0.64928 -0.36718 -0.28175 -0.88645 -2.40287 -0.10787 1 0 1.0
0 -13.36485 -0.53000 -0.66485 -0.36718 -0.28175 -0.88645 -2.40567 -0.09540 1 0 1.0
bag_metal
0 -13.28000 -0.65000 -0.58000 -0.36718 -0.88645 -0.28175 -2.39040 -0.10440 1 0 1.0
0 -13.36485 -0.61485 -0.58000 -0.36718 -0.88645 -0.28175 -2.40567 -0.10440 1 0 1.0
0 -13.34928 -0.59928 -0.64928 -0.36718 -0.88645 -0.28175 -2.40287 -0.11687 1 0 1.0
bag_metal
0 -13.28000 -0.65000 -0.58000 -0.28175 -0.88645 -0.36718 -2.39040 -0.10440 1 0 1.0
0 -13.34928 -0.59928 -0.64928 -0.28175 -0.88645 -0.36718 -2.40287 -0.11687 1 0 1.0
0 -13.28000 -0.61485 -0.66485 -0.28175 -0.88645 -0.36718 -2.39040 -0.11967 1 0 1.0
bag_metal
0 -13.40000 -0.53000 -0.58000 -0.88645 -0.28176 -0.36718 -0.09540 -0.10440 1 0 1.0
0 -13.36485 -0.53000 -0.66485 -0.88645 -0.28176 -0.36718 -0.09540 -0.11967 1 0 1.0
0 -13.34928 -0.59928 -0.64928 -0.88645 -0.28176 -0.36718 -0.10787 -0.11687 1 0 1.0
bag_metal
0 -13.40000 -0.53000 -0.58000 -0.88645 -0.36718 -0.28176 -0.09540 -0.10440 1 0 1.0
0 -13.34928 -0.59928 -0.64928 -0.88645 -0.36718 -0.28176 -0.10787 -0.11687 1 0 1.0
0 -13.36485 -0.61485 -0.58000 -0.88645 -0.36718 -0.28176 -0.11067 -0.10440 1 0 1.0
bag_metal
0 -13.28000 -0.65000 0.88000 -0.28175 -0.88645 0.36718 -2.39040 0.15840 1 0 1.0
0 -13.28000 -0.61485 0.96485 -0.28175 -0.88645 0.36718 -2.39040 0.17367 1 0 1.0
0 -13.34928 -0.59928 0.94928 -0.28175 -0.88645 0.36718 -2.40287 0.17087 1 0 1.0
bag_metal
0 -13.28000 -0.65000 0.88000 -0.36718 -0.88645 0.28175 -2.39040 0.15840 1 0 1.0
0 -13.34928 -0.59928 0.94928 -0.36718 -0.88645 0.28175 -2.40287 0.17087 1 0 1.0
0 -13.36485 -0.61485 0.88000 -0.36718 -0.88645 0.28175 -2.40567 0.15840 1 0 1.0
bag_metal
0 -13.28000 -0.53000 1.00000 -0.36718 -0.28175 0.88645 -2.39040 -0.09540 1 0 1.0
0 -13.36485 -0.53000 0.96485 -0.36718 -0.28175 0.88645 -2.40567 -0.09540 1 0 1.0
0 -13.34928 -0.59928 0.94928 -0.36718 -0.28175 0.88645 -2.40287 -0.10787 1 0 1.0
bag_metal
0 -13.28000 -0.53000 1.00000 -0.28175 -0.36718 0.88645 -2.39040 -0.09540 1 0 1.0
0 -13.34928 -0.59928 0.94928 -0.28175 -0.36718 0.88645 -2.40287 -0.10787 1 0 1.0
0 -13.28000 -0.61485 0.96485 -0.28175 -0.36718 0.88645 -2.39040 -0.11067 1 0 1.0
bag_metal
0 -13.40000 -0.53000 0.88000 -0.88645 -0.36718 0.28176 -0.09540 0.15840 1 0 1.0
0 -13.36485 -0.61485 0.88000 -0.88645 -0.36718 0.28176 -0.11067 0.15840 1 0 1.0
0 -13.34928 -0.59928 0.94928 -0.88645 -0.36718 0.28176 -0.10787 0.17087 1 0 1.0
bag_metal
0 -13.40000 -0.53000 0.88000 -0.88645 -0.28176 0.36718 -0.09540 0.15840 1 0 1.0
0 -13.34928 -0.59928 0.94928 -0.88645 -0.28176 0.36718 -0.10787 0.17087 1 0 1.0
0 -13.36485 -0.53000 0.96485 -0.88645 -0.28176 0.36718 -0.09540 0.17367 1 0 1.0
bag_metal
0 -13.28000 0.53000 -0.70000 -0.36718 0.28175 -0.88645 -2.39040 0.09540 1 0 1.0
0 -13.36485 0.53000 -0.66485 -0.36718 0.28175 -0.88645 -2.40567 0.09540 1 0 1.0
0 -13.34928 0.59928 -0.64928 -0.36718 0.28175 -0.88645 -2.40287 0.10787 1 0 1.0
bag_metal
0 -13.28000 0.53000 -0.70000 -0.28175 0.36718 -0.88645 -2.39040 0.09540 1 0 1.0
0 -13.34928 0.59928 -0.64928 -0.28175 0.36718 -0.88645 -2.40287 0.10787 1 0 1.0
0 -13.28000 0.61485 -0.66485 -0.28175 0.36718 -0.88645 -2.39040 0.11067 1 0 1.0
bag_metal
0 -13.40000 0.53000 -0.58000 -0.88645 0.36718 -0.28176 0.09540 -0.10440 1 0 1.0
0 -13.36485 0.61485 -0.58000 -0.88645 0.36718 -0.28176 0.11067 -0.10440 1 0 1.0
0 -13.34928 0.59928 -0.64928 -0.88645 0.36718 -0.28176 0.10787 -0.11687 1 0 1.0
bag_metal
0 -13.40000 0.53000 -0.58000 -0.88645 0.28176 -0.36718 0.09540 -0.10440 1 0 1.0
0 -13.34928 0.59928 -0.64928 -0.88645 0.28176 -0.36718 0.10787 -0.11687 1 0 1.0
0 -13.36485 0.53000 -0.66485 -0.88645 0.28176 -0.36718 0.09540 -0.11967 1 0 1.0
bag_metal
0 -13.28000 0.65000 -0.58000 -0.28175 0.88645 -0.36718 -2.39040 -0.10440 1 0 1.0
0 -13.28000 0.61485 -0.66485 -0.28175 0.88645 -0.36718 -2.39040 -0.11967 1 0 1.0
0 -13.34928 0.59928 -0.64928 -0.28175 0.88645 -0.36718 -2.40287 -0.11687 1 0 1.0
bag_metal
0 -13.28000 0.65000 -0.58000 -0.36718 0.88645 -0.28175 -2.39040 -0.10440 1 0 1.0
0 -13.34928 0.59928 -0.64928 -0.36718 0.88645 -0.28175 -2.40287 -0.11687 1 0 1.0
0 -13.36485 0.61485 -0.58000 -0.36718 0.88645 -0.28175 -2.40567 -0.10440 1 0 1.0
bag_metal
0 -13.28000 0.53000 1.00000 -0.28175 0.36718 0.88645 -2.39040 0.09540 1 0 1.0
0 -13.28000 0.61485 0.96485 -0.28175 0.36718 0.88645 -2.39040 0.11067 1 0 1.0
0 -13.34928 0.59928 0.94928 -0.28175 0.36718 0.88645 -2.40287 0.10787 1 0 1.0
bag_metal
0 -13.28000 0.53000 1.00000 -0.36718 0.28175 0.88645 -2.39040 0.09540 1 0 1.0
0 -13.34928 0.59928 0.94928 -0.36718 0.28175 0.88645 -2.40287 0.10787 1 0 1.0
0 -13.36485 0.53000 0.96485 -0.36718 0.28175 0.88645 -2.40567 0.09540 1 0 1.0
bag_metal
0 -13.28000 0.65000 0.88000 -0.36718 0.88645 0.28175 -2.39040 0.15840 1 0 1.0
0 -13.36485 0.61485 0.88000 -0.36718 0.88645 0.28175 -2.40567 0.15840 1 0 1.0
0 -13.34928 0.59928 0.94928 -0.36718 0.88645 0.28175 -2.40287 0.17087 1 0 1.0
bag_metal
0 -13.28000 0.65000 0.88000 -0.28175 0.88645 0.36718 -2.39040 0.15840 1 0 1.0
0 -13.34928 0.59928 0.94928 -0.28175 0.88645 0.36718 -2.40287 0.17087 1 0 1.0
0 -13.28000 0.61485 0.96485 -0.28175 0.88645 0.36718 -2.39040 0.17367 1 0 1.0
bag_metal
0 -13.40000 0.53000 0.88000 -0.88645 0.28176 0.36718 0.09540 0.15840 1 0 1.0
0 -13.36485 0.53000 0.96485 -0.88645 0.28176 0.36718 0.09540 0.17367 1 0 1.0
0 -13.34928 0.59928 0.94928 -0.88645 0.28176 0.36718 0.10787 0.17087 1 0 1.0
bag_metal
0 -13.40000 0.53000 0.88000 -0.88645 0.36718 0.28176 0.09540 0.15840 1 0 1.0
0 -13.34928 0.59928 0.94928 -0.88645 0.36718 0.28176 0.10787 0.17087 1 0 1.0
0 -13.36485 0.61485 0.88000 -0.88645 0.36718 0.28176 0.11067 0.15840 1 0 1.0
bag_metal
0 -13.12000 -0.53000 -0.70000 0.36718 -0.28175 -0.88645 -2.36160 -0.09540 1 0 1.0
0 -13.03515 -0.53000 -0.66485 0.36718 -0.28175 -0.88645 -2.34633 -0.09540 1 0 1.0
0 -13.05072 -0.59928 -0.64928 0.36718 -0.28175 -0.88645 -2.34913 -0.10787 1 0 1.0
bag_metal
0 -13.12000 -0.53000 -0.70000 0.28175 -0.36718 -0.88645 -2.36160 -0.09540 1 0 1.0
0 -13.05072 -0.59928 -0.64928 0.28175 -0.36718 -0.88645 -2.34913 -0.10787 1 0 1.0
0 -13.12000 -0.61485 -0.66485 0.28175 -0.36718 -0.88645 -2.36160 -0.11067 1 0 1.0
bag_metal
0 -13.00000 -0.53000 -0.58000 0.88646 -0.36717 -0.28176 -0.09540 -0.10440 1 0 1.0
0 -13.03515 -0.61485 -0.58000 0.88646 -0.36717 -0.28176 -0.11067 -0.10440 1 0 1.0
0 -13.05072 -0.59928 -0.64928 0.88646 -0.36717 -0.28176 -0.10787 -0.11687 1 0 1.0
bag_metal
0 -13.00000 -0.53000 -0.58000 0.88646 -0.28176 -0.36717 -0.09540 -0.10440 1 0 1.0
0 -13.05072 -0.59928 -0.64928 0.88646 -0.28176 -0.36717 -0.10787 -0.11687 1 0 1.0
0 -13.03515 -0.53000 -0.66485 0.88646 -0.28176 -0.36717 -0.09540 -0.11967 1 0 1.0
bag_metal
0 -13.12000 -0.65000 -0.58000 0.28175 -0.88645 -0.36718 -2.36160 -0.10440 1 0 1.0
0 -13.12000 -0.61485 -0.66485 0.28175 -0.88645 -0.36718 -2.36160 -0.11967 1 0 1.0
0 -13.05072 -0.59928 -0.64928 0.28175 -0.88645 -0.36718 -2.34913 -0.11687 1 0 1.0
bag_metal
0 -13.12000 -0.65000 -0.58000 0.36718 -0.88645 -0.28175 -2.36160 -0.10440 1 0 1.0
0 -13.05072 -0.59928 -0.64928 0.36718 -0.88645 -0.28175 -2.34913 -0.11687 1 0 1.0
0 -13.03515 -0.61485 -0.58000 0.36718 -0.88645 -0.28175 -2.34633 -0.10440 1 0 1.0
bag_metal
0 -13.12000 -0.53000 1.00000 0.28175 -0.36718 0.88645 -2.36160 -0.09540 1 0 1.0
0 -13.12000 -0.61485 0.96485 0.28175 -0.36718 0.88645 -2.36160 -0.11067 1 0 1.0
0 -13.05072 -0.59928 0.94928 0.28175 -0.36718 0.88645 -2.34913 -0.10787 1 0 1.0
bag_metal
0 -13.12000 -0.53000 1.00000 0.36718 -0.28175 0.88645 -2.36160 -0.09540 1 0 1.0
0 -13.05072 -0.59928 0.94928 0.36718 -0.28175 0.88645 -2.34913 -0.10787 1 0 1.0
0 -13.03515 -0.53000 0.96485 0.36718 -0.28175 0.88645 -2.34633 -0.09540 1 0 1.0
bag_metal
0 -13.12000 -0.65000 0.88000 0.36718 -0.88645 0.28175 -2.36160 0.15840 1 0 1.0
0 -13.03515 -0.61485 0.88000 0.36718 -0.88645 0.28175 -2.34633 0.15840 1 0 1.0
0 -13.05072 -0.59928 0.94928 0.36718 -0.88645 0.28175 -2.34913 0.17087 1 0 1.0
bag_metal
0 -13.12000 -0.65000 0.88000 0.28175 -0.88645 0.36718 -2.36160 0.15840 1 0 1.0
0 -13.05072 -0.59928 0.94928 0.28175 -0.88645 0.36718 -2.34913 0.17087 1 0 1.0
0 -13.12000 -0.61485 0.96485 0.28175 -0.88645 0.36718 -2.36160 0.17367 1 0 1.0
bag_metal
0 -13.00000 -0.53000 0.88000 0.88646 -0.28176 0.36717 -0.09540 0.15840 1 0 1.0
0 -13.03515 -0.53000 0.96485 0.88646 -0.28176 0.36717 -0.09540 0.17367 1 0 1.0
0 -13.05072 -0.59928 0.94928 0.88646 -0.28176 0.36717 -0.10787 0.17087 1 0 1.0
bag_metal
0 -13.00000 -0.53000 0.88000 0.88646 -0.36717 0.28176 -0.09540 0.15840 1 0 1.0
0 -13.05072 -0.59928 0.94928 0.88646 -0.36717 0.28176 -0.10787 0.17087 1 0 1.0
0 -13.03515 -0.61485 0.88000 0.88646 -0.36717 0.28176 -0.11067 0.15840 1 0 1.0
bag_metal
0 -13.12000 0.53000 -0.70000 0.28175 0.36718 -0.88645 -2.36160 0.09540 1 0 1.0
0 -13.12000 0.61485 -0.66485 0.28175 0.36718 -0.88645 -2.36160 0.11067 1 0 1.0
0 -13.05072 0.59928 -0.64928 0.28175 0.36718 -0.88645 -2.34913 0.10787 1 0 1.0
bag_metal
0 -13.12000 0.53000 -0.70000 0.36718 0.28175 -0.88645 -2.36160 0.09540 1 0 1.0
0 -13.05072 0.59928 -0.64928 0.36718 0.28175 -0.88645 -2.34913 0.10787 1 0 1.0
0 -13.03515 0.53000 -0.66485 0.36718 0.28175 -0.88645 -2.34633 0.09540 1 0 1.0
bag_metal
0 -13.12000 0.65000 -0.58000 0.36718 0.88645 -0.28175 -2.36160 -0.10440 1 0 1.0
0 -13.03515 0.61485 -0.58000 0.36718 0.88645 -0.28175 -2.34633 -0.10440 1 0 1.0
0 -13.05072 0.59928 -0.64928 0.36718 0.88645 -0.28175 -2.34913 -0.11687 1 0 1.0
bag_metal
0 -13.12000 0.65000 -0.58000 0.28175 0.88645 -0.36718 -2.36160 -0.10440 1 0 1.0
0 -13.05072 0.59928 -0.64928 0.28175 0.88645 -0.36718 -2.34913 -0.11687 1 0 1.0
0 -13.12000 0.61485 -0.66485 0.28175 0.88645 -0.36718 -2.36160 -0.11967 1 0 1.0
bag_metal
0 -13.00000 0.53000 -0.58000 0.88646 0.28176 -0.36717 0.09540 -0.10440 1 0 1.0
0 -13.03515 0.53000 -0.66485 0.88646 0.28176 -0.36717 0.09540 -0.11967 1 0 1.0
0 -13.05072 0.59928 -0.64928 0.88646 0.28176 -0.36717 0.10787 -0.11687 1 0 1.0
bag_metal
0 -13.00000 0.53000 -0.58000 0.88646 0.36717 -0.28176 0.09540 -0.10440 1 0 1.0
0 -13.05072 0.59928 -0.64928 0.88646 0.36717 -0.28176 0.10787 -0.11687 1 0 1.0
0 -13.03515 0.61485 -0.58000 0.88646 0.36717 -0.28176 0.11067 -0.10440 1 0 1.0
bag_metal
0 -13.12000 0.53000 1.00000 0.36718 0.28175 0.88645 -2.36160 0.09540 1 0 1.0
0 -13.03515 0.53000 0.96485 0.36718 0.28175 0.88645 -2.34633 0.09540 1 0 1.0
0 -13.05072 0.59928 0.94928 0.36718 0.28175 0.88645 -2.34913 0.10787 1 0 1.0
bag_metal
0 -13.12000 0.53000 1.00000 0.28175 0.36718 0.88645 -2.36160 0.09540 1 0 1.0
0 -13.05072 0.59928 0.94928 0.28175 0.36718 0.88645 -2.34913 0.10787 1 0 1.0
0 -13.12000 0.61485 0.96485 0.28175 0.36718 0.88645 -2.36160 0.11067 1 0 1.0
bag_metal
0 -13.00000 0.53000 0.88000 0.88646 0.36717 0.28176 0.09540 0.15840 1 0 1.0
0 -13.03515 0.61485 0.88000 0.88646 0.36717 0.28176 0.11067 0.15840 1 0 1.0
0 -13.05072 0.59928 0.94928 0.88646 0.36717 0.28176 0.10787 0.17087 1 0 1.0
bag_metal
0 -13.00000 0.53000 0.88000 0.88646 0.28176 0.36717 0.09540 0.15840 1 0 1.0
0 -13.05072 0.59928 0.94928 0.88646 0.28176 0.36717 0.10787 0.17087 1 0 1.0
0 -13.03515 0.53000 0.96485 0.88646 0.28176 0.36717 0.09540 0.17367 1 0 1.0
bag_metal
0 -13.12000 0.65000 0.88000 0.28175 0.88645 0.36718 -2.36160 0.15840 1 0 1.0
0 -13.12000 0.61485 0.96485 0.28175 0.88645 0.36718 -2.36160 0.17367 1 0 1.0
0 -13.05072 0.59928 0.94928 0.28175 0.88645 0.36718 -2.34913 0.17087 1 0 1.0
bag_metal
0 -13.12000 0.65000 0.88000 0.36718 0.88645 0.28175 -2.36160 0.15840 1 0 1.0
0 -13.05072 0.59928 0.94928 0.36718 0.88645 0.28175 -2.34913 0.17087 1 0 1.0
0 -13.03515 0.61485 0.88000 0.36718 0.88645 0.28175 -2.34633 0.15840 1 0 1.0
bag_metal
0 -13.28000 0.53000 -0.70000 -0.38268 0.00000 -0.92388 -2.39040 0.09540 1 0 1.0
0 -13.28000 -0.53000 -0.70000 -0.38268 0.00000 -0.92388 -2.39040 -0.09540 1 0 1.0
0 -13.36485 -0.53000 -0.66485 -0.38268 0.00000 -0.92388 -2.40567 -0.09540 1 0 1.0
bag_metal
0 -13.28000 0.53000 -0.70000 -0.38268 0.00000 -0.92388 -2.39040 0.09540 1 0 1.0
0 -13.36485 -0.53000 -0.66485 -0.38268 0.00000 -0.92388 -2.40567 -0.09540 1 0 1.0
0 -13.36485 0.53000 -0.66485 -0.38268 0.00000 -0.92388 -2.40567 0.09540 1 0 1.0
bag_metal
0 -13.36485 0.53000 -0.66485 -0.92388 0.00000 -0.38268 0.09540 -0.11967 1 0 1.0
0 -13.36485 -0.53000 -0.66485 -0.92388 0.00000 -0.38268 -0.09540 -0.11967 1 0 1.0
0 -13.40000 -0.53000 -0.58000 -0.92388 0.00000 -0.38268 -0.09540 -0.10440 1 0 1.0
bag_metal
0 -13.36485 0.53000 -0.66485 -0.92388 0.00000 -0.38268 0.09540 -0.11967 1 0 1.0
0 -13.40000 -0.53000 -0.58000 -0.92388 0.00000 -0.38268 -0.09540 -0.10440 1 0 1.0
0 -13.40000 0.53000 -0.58000 -0.92388 0.00000 -0.38268 0.09540 -0.10440 1 0 1.0
bag_metal
0 -13.28000 -0.65000 -0.58000 -0.38268 -0.92388 0.00000 -2.39040 -0.10440 1 0 1.0
0 -13.28000 -0.65000 0.88000 -0.38268 -0.92388 0.00000 -2.39040 0.15840 1 0 1.0
0 -13.36485 -0.61485 0.88000 -0.38268 -0.92388 0.00000 -2.40567 0.15840 1 0 1.0
bag_metal
0 -13.28000 -0.65000 -0.58000 -0.38268 -0.92388 0.00000 -2.39040 -0.10440 1 0 1.0
0 -13.36485 -0.61485 0.88000 -0.38268 -0.92388 0.00000 -2.40567 0.15840 1 0 1.0
0 -13.36485 -0.61485 -0.58000 -0.38268 -0.92388 0.00000 -2.40567 -0.10440 1 0 1.0
bag_metal
0 -13.36485 -0.61485 -0.58000 -0.92388 -0.38268 0.00000 -0.11067 -0.10440 1 0 1.0
0 -13.36485 -0.61485 0.88000 -0.92388 -0.38268 0.00000 -0.11067 0.15840 1 0 1.0
0 -13.40000 -0.53000 0.88000 -0.92388 -0.38268 0.00000 -0.09540 0.15840 1 0 1.0
bag_metal
0 -13.36485 -0.61485 -0.58000 -0.92388 -0.38268 0.00000 -0.11067 -0.10440 1 0 1.0
0 -13.40000 -0.53000 0.88000 -0.92388 -0.38268 0.00000 -0.09540 0.15840 1 0 1.0
0 -13.40000 -0.53000 -0.58000 -0.92388 -0.38268 0.00000 -0.09540 -0.10440 1 0 1.0
bag_metal
0 -13.28000 -0.53000 1.00000 -0.38268 0.00000 0.92388 -2.39040 -0.09540 1 0 1.0
0 -13.28000 0.53000 1.00000 -0.38268 0.00000 0.92388 -2.39040 0.09540 1 0 1.0
0 -13.36485 0.53000 0.96485 -0.38268 0.00000 0.92388 -2.40567 0.09540 1 0 1.0
bag_metal
0 -13.28000 -0.53000 1.00000 -0.38268 0.00000 0.92388 -2.39040 -0.09540 1 0 1.0
0 -13.36485 0.53000 0.96485 -0.38268 0.00000 0.92388 -2.40567 0.09540 1 0 1.0
0 -13.36485 -0.53000 0.96485 -0.38268 0.00000 0.92388 -2.40567 -0.09540 1 0 1.0
bag_metal
0 -13.36485 -0.53000 0.96485 -0.92388 0.00000 0.38268 -0.09540 0.17367 1 0 1.0
0 -13.36485 0.53000 0.96485 -0.92388 0.00000 0.38268 0.09540 0.17367 1 0 1.0
0 -13.40000 0.53000 0.88000 -0.92388 0.00000 0.38268 0.09540 0.15840 1 0 1.0
bag_metal
0 -13.36485 -0.53000 0.96485 -0.92388 0.00000 0.38268 -0.09540 0.17367 1 0 1.0
0 -13.40000 0.53000 0.88000 -0.92388 0.00000 0.38268 0.09540 0.15840 1 0 1.0
0 -13.40000 -0.53000 0.88000 -0.92388 0.00000 0.38268 -0.09540 0.15840 1 0 1.0
bag_metal
0 -13.28000 0.65000 0.88000 -0.38268 0.92388 0.00000 -2.39040 0.15840 1 0 1.0
0 -13.28000 0.65000 -0.58000 -0.38268 0.92388 0.00000 -2.39040 -0.10440 1 0 1.0
0 -13.36485 0.61485 -0.58000 -0.38268 0.92388 0.00000 -2.40567 -0.10440 1 0 1.0
bag_metal
0 -13.28000 0.65000 0.88000 -0.38268 0.92388 0.00000 -2.39040 0.15840 1 0 1.0
0 -13.36485 0.61485 -0.58000 -0.38268 0.92388 0.00000 -2.40567 -0.10440 1 0 1.0
0 -13.36485 0.61485 0.88000 -0.38268 0.92388 0.00000 -2.40567 0.15840 1 0 1.0
bag_metal
0 -13.36485 0.61485 0.88000 -0.92388 0.38268 0.00000 0.11067 0.15840 1 0 1.0
0 -13.36485 0.61485 -0.58000 -0.92388 0.38268 0.00000 0.11067 -0.10440 1 0 1.0
0 -13.40000 0.53000 -0.58000 -0.92388 0.38268 0.00000 0.09540 -0.10440 1 0 1.0
bag_metal
0 -13.36485 0.61485 0.88000 -0.92388 0.38268 0.00000 0.11067 0.15840 1 0 1.0
0 -13.40000 0.53000 -0.58000 -0.92388 0.38268 0.00000 0.09540 -0.10440 1 0 1.0
0 -13.40000 0.53000 0.88000 -0.92388 0.38268 0.00000 0.09540 0.15840 1 0 1.0
bag_metal
0 -13.12000 0.53000 -0.70000 0.00000 0.38268 -0.92388 -2.36160 0.09540 1 0 1.0
0 -13.28000 0.53000 -0.70000 0.00000 0.38268 -0.92388 -2.39040 0.09540 1 0 1.0
0 -13.28000 0.61485 -0.66485 0.00000 0.38268 -0.92388 -2.39040 0.11067 1 0 1.0
bag_metal
0 -13.12000 0.53000 -0.70000 0.00000 0.38268 -0.92388 -2.36160 0.09540 1 0 1.0
0 -13.28000 0.61485 -0.66485 0.00000 0.38268 -0.92388 -2.39040 0.11067 1 0 1.0
0 -13.12000 0.61485 -0.66485 0.00000 0.38268 -0.92388 -2.36160 0.11067 1 0 1.0
bag_metal
0 -13.12000 0.61485 -0.66485 0.00000 0.92388 -0.38268 -2.36160 -0.11967 1 0 1.0
0 -13.28000 0.61485 -0.66485 0.00000 0.92388 -0.38268 -2.39040 -0.11967 1 0 1.0
0 -13.28000 0.65000 -0.58000 0.00000 0.92388 -0.38268 -2.39040 -0.10440 1 0 1.0
bag_metal
0 -13.12000 0.61485 -0.66485 0.00000 0.92388 -0.38268 -2.36160 -0.11967 1 0 1.0
0 -13.28000 0.65000 -0.58000 0.00000 0.92388 -0.38268 -2.39040 -0.10440 1 0 1.0
0 -13.12000 0.65000 -0.58000 0.00000 0.92388 -0.38268 -2.36160 -0.10440 1 0 1.0
bag_metal
0 -13.28000 0.53000 1.00000 0.00000 0.38268 0.92388 -2.39040 0.09540 1 0 1.0
0 -13.12000 0.53000 1.00000 0.00000 0.38268 0.92388 -2.36160 0.09540 1 0 1.0
0 -13.12000 0.61485 0.96485 0.00000 0.38268 0.92388 -2.36160 0.11067 1 0 1.0
bag_metal
0 -13.28000 0.53000 1.00000 0.00000 0.38268 0.92388 -2.39040 0.09540 1 0 1.0
0 -13.12000 0.61485 0.96485 0.00000 0.38268 0.92388 -2.36160 0.11067 1 0 1.0
0 -13.28000 0.61485 0.96485 0.00000 0.38268 0.92388 -2.39040 0.11067 1 0 1.0
bag_metal
0 -13.28000 0.61485 0.96485 0.00000 0.92388 0.38268 -2.39040 0.17367 1 0 1.0
0 -13.12000 0.61485 0.96485 0.00000 0.92388 0.38268 -2.36160 0.17367 1 0 1.0
0 -13.12000 0.65000 0.88000 0.00000 0.92388 0.38268 -2.36160 0.15840 1 0 1.0
bag_metal
0 -13.28000 0.61485 0.96485 0.00000 0.92388 0.38268 -2.39040 0.17367 1 0 1.0
0 -13.12000 0.65000 0.88000 0.00000 0.92388 0.38268 -2.36160 0.15840 1 0 1.0
0 -13.28000 0.65000 0.88000 0.00000 0.92388 0.38268 -2.39040 0.15840 1 0 1.0
bag_metal
0 -13.00000 0.53000 0.88000 0.92389 0.38267 0.00000 0.09540 0.15840 1 0 1.0
0 -13.00000 0.53000 -0.58000 0.92389 0.38267 0.00000 0.09540 -0.10440 1 0 1.0
0 -13.03515 0.61485 -0.58000 0.92389 0.38267 0.00000 0.11067 -0.10440 1 0 1.0
bag_metal
0 -13.00000 0.53000 0.88000 0.92389 0.38267 0.00000 0.09540 0.15840 1 0 1.0
0 -13.03515 0.61485 -0.58000 0.92389 0.38267 0.00000 0.11067 -0.10440 1 0 1.0
0 -13.03515 0.61485 0.88000 0.92389 0.38267 0.00000 0.11067 0.15840 1 0 1.0
bag_metal
0 -13.03515 0.61485 0.88000 0.38268 0.92388 0.00000 -2.34633 0.15840 1 0 1.0
0 -13.03515 0.61485 -0.58000 0.38268 0.92388 0.00000 -2.34633 -0.10440 1 0 1.0
0 -13.12000 0.65000 -0.58000 0.38268 0.92388 0.00000 -2.36160 -0.10440 1 0 1.0
bag_metal
0 -13.03515 0.61485 0.88000 0.38268 0.92388 0.00000 -2.34633 0.15840 1 0 1.0
0 -13.12000 0.65000 -0.58000 0.38268 0.92388 0.00000 -2.36160 -0.10440 1 0 1.0
0 -13.12000 0.65000 0.88000 0.38268 0.92388 0.00000 -2.36160 0.15840 1 0 1.0
bag_metal
0 -13.12000 -0.53000 -0.70000 0.38268 0.00000 -0.92388 -2.36160 -0.09540 1 0 1.0
0 -13.12000 0.53000 -0.70000 0.38268 0.00000 -0.92388 -2.36160 0.09540 1 0 1.0
0 -13.03515 0.53000 -0.66485 0.38268 0.00000 -0.92388 -2.34633 0.09540 1 0 1.0
bag_metal
0 -13.12000 -0.53000 -0.70000 0.38268 0.00000 -0.92388 -2.36160 -0.09540 1 0 1.0
0 -13.03515 0.53000 -0.66485 0.38268 0.00000 -0.92388 -2.34633 0.09540 1 0 1.0
0 -13.03515 -0.53000 -0.66485 0.38268 0.00000 -0.92388 -2.34633 -0.09540 1 0 1.0
bag_metal
0 -13.03515 -0.53000 -0.66485 0.92389 0.00000 -0.38267 -0.09540 -0.11967 1 0 1.0
0 -13.03515 0.53000 -0.66485 0.92389 0.00000 -0.38267 0.09540 -0.11967 1 0 1.0
0 -13.00000 0.53000 -0.58000 0.92389 0.00000 -0.38267 0.09540 -0.10440 1 0 1.0
bag_metal
0 -13.03515 -0.53000 -0.66485 0.92389 0.00000 -0.38267 -0.09540 -0.11967 1 0 1.0
0 -13.00000 0.53000 -0.58000 0.92389 0.00000 -0.38267 0.09540 -0.10440 1 0 1.0
0 -13.00000 -0.53000 -0.58000 0.92389 0.00000 -0.38267 -0.09540 -0.10440 1 0 1.0
bag_metal
0 -13.12000 0.53000 1.00000 0.38268 0.00000 0.92388 -2.36160 0.09540 1 0 1.0
0 -13.12000 -0.53000 1.00000 0.38268 0.00000 0.92388 -2.36160 -0.09540 1 0 1.0
0 -13.03515 -0.53000 0.96485 0.38268 0.00000 0.92388 -2.34633 -0.09540 1 0 1.0
bag_metal
0 -13.12000 0.53000 1.00000 0.38268 0.00000 0.92388 -2.36160 0.09540 1 0 1.0
0 -13.03515 -0.53000 0.96485 0.38268 0.00000 0.92388 -2.34633 -0.09540 1 0 1.0
0 -13.03515 0.53000 0.96485 0.38268 0.00000 0.92388 -2.34633 0.09540 1 0 1.0
bag_metal
0 -13.03515 0.53000 0.96485 0.92389 0.00000 0.38267 0.09540 0.17367 1 0 1.0
0 -13.03515 -0.53000 0.96485 0.92389 0.00000 0.38267 -0.09540 0.17367 1 0 1.0
0 -13.00000 -0.53000 0.88000 0.92389 0.00000 0.38267 -0.09540 0.15840 1 0 1.0
bag_metal
0 -13.03515 0.53000 0.96485 0.92389 0.00000 0.38267 0.09540 0.17367 1 0 1.0
0 -13.00000 -0.53000 0.88000 0.92389 0.00000 0.38267 -0.09540 0.15840 1 0 1.0
0 -13.00000 0.53000 0.88000 0.92389 0.00000 0.38267 0.09540 0.15840 1 0 1.0
bag_metal
0 -13.12000 -0.65000 0.88000 0.38268 -0.92388 0.00000 -2.36160 0.15840 1 0 1.0
0 -13.12000 -0.65000 -0.58000 0.38268 -0.92388 0.00000 -2.36160 -0.10440 1 0 1.0
0 -13.03515 -0.61485 -0.58000 0.38268 -0.92388 0.00000 -2.34633 -0.10440 1 0 1.0
bag_metal
0 -13.12000 -0.65000 0.88000 0.38268 -0.92388 0.00000 -2.36160 0.15840 1 0 1.0
0 -13.03515 -0.61485 -0.58000 0.38268 -0.92388 0.00000 -2.34633 -0.10440 1 0 1.0
0 -13.03515 -0.61485 0.88000 0.38268 -0.92388 0.00000 -2.34633 0.15840 1 0 1.0
bag_metal
0 -13.03515 -0.61485 0.88000 0.92389 -0.38267 0.00000 -0.11067 0.15840 1 0 1.0
0 -13.03515 -0.61485 -0.58000 0.92389 -0.38267 0.00000 -0.11067 -0.10440 1 0 1.0
0 -13.00000 -0.53000 -0.58000 0.92389 -0.38267 0.00000 -0.09540 -0.10440 1 0 1.0
bag_metal
0 -13.03515 -0.61485 0.88000 0.92389 -0.38267 0.00000 -0.11067 0.15840 1 0 1.0
0 -13.00000 -0.53000 -0.58000 0.92389 -0.38267 0.00000 -0.09540 -0.10440 1 0 1.0
0 -13.00000 -0.53000 0.88000 0.92389 -0.38267 0.00000 -0.09540 0.15840 1 0 1.0
bag_metal
0 -13.28000 -0.53000 -0.70000 0.00000 -0.38268 -0.92388 -2.39040 -0.09540 1 0 1.0
0 -13.12000 -0.53000 -0.70000 0.00000 -0.38268 -0.92388 -2.36160 -0.09540 1 0 1.0
0 -13.12000 -0.61485 -0.66485 0.00000 -0.38268 -0.92388 -2.36160 -0.11067 1 0 1.0
bag_metal
0 -13.28000 -0.53000 -0.70000 0.00000 -0.38268 -0.92388 -2.39040 -0.09540 1 0 1.0
0 -13.12000 -0.61485 -0.66485 0.00000 -0.38268 -0.92388 -2.36160 -0.11067 1 0 1.0
0 -13.28000 -0.61485 -0.66485 0.00000 -0.38268 -0.92388 -2.39040 -0.11067 1 0 1.0
bag_metal
0 -13.28000 -0.61485 -0.66485 0.00000 -0.92388 -0.38268 -2.39040 -0.11967 1 0 1.0
0 -13.12000 -0.61485 -0.66485 0.00000 -0.92388 -0.38268 -2.36160 -0.11967 1 0 1.0
0 -13.12000 -0.65000 -0.58000 0.00000 -0.92388 -0.38268 -2.36160 -0.10440 1 0 1.0
bag_metal
0 -13.28000 -0.61485 -0.66485 0.00000 -0.92388 -0.38268 -2.39040 -0.11967 1 0 1.0
0 -13.12000 -0.65000 -0.58000 0.00000 -0.92388 -0.38268 -2.36160 -0.10440 1 0 1.0
0 -13.28000 -0.65000 -0.58000 0.00000 -0.92388 -0.38268 -2.39040 -0.10440 1 0 1.0
bag_metal
0 -13.12000 -0.53000 1.00000 0.00000 -0.38268 0.92388 -2.36160 -0.09540 1 0 1.0
0 -13.28000 -0.53000 1.00000 0.00000 -0.38268 0.92388 -2.39040 -0.09540 1 0 1.0
0 -13.28000 -0.61485 0.96485 0.00000 -0.38268 0.92388 -2.39040 -0.11067 1 0 1.0
bag_metal
0 -13.12000 -0.53000 1.00000 0.00000 -0.38268 0.92388 -2.36160 -0.09540 1 0 1.0
0 -13.28000 -0.61485 0.96485 0.00000 -0.38268 0.92388 -2.39040 -0.11067 1 0 1.0
0 -13.12000 -0.61485 0.96485 0.00000 -0.38268 0.92388 -2.36160 -0.11067 1 0 1.0
bag_metal
0 -13.12000 -0.61485 0.96485 0.00000 -0.92388 0.38268 -2.36160 0.17367 1 0 1.0
0 -13.28000 -0.61485 0.96485 0.00000 -0.92388 0.38268 -2.39040 0.17367 1 0 1.0
0 -13.28000 -0.65000 0.88000 0.00000 -0.92388 0.38268 -2.39040 0.15840 1 0 1.0
bag_metal
0 -13.12000 -0.61485 0.96485 0.00000 -0.92388 0.38268 -2.36160 0.17367 1 0 1.0
0 -13.28000 -0.65000 0.88000 0.00000 -0.92388 0.38268 -2.39040 0.15840 1 0 1.0
0 -13.12000 -0.65000 0.88000 0.00000 -0.92388 0.38268 -2.36160 0.15840 1 0 1.0
bag_metal
0 -13.28000 0.53000 -0.70000 0.00000 0.00000 -1.00000 -2.39040 0.09540 1 0 1.0
0 -13.12000 0.53000 -0.70000 0.00000 0.00000 -1.00000 -2.36160 0.09540 1 0 1.0
0 -13.12000 -0.53000 -0.70000 0.00000 0.00000 -1.00000 -2.36160 -0.09540 1 0 1.0
bag_metal
0 -13.28000 0.53000 -0.70000 0.00000 0.00000 -1.00000 -2.39040 0.09540 1 0 1.0
0 -13.12000 -0.53000 -0.70000 0.00000 0.00000 -1.00000 -2.36160 -0.09540 1 0 1.0
0 -13.28000 -0.53000 -0.70000 0.00000 0.00000 -1.00000 -2.39040 -0.09540 1 0 1.0
bag_metal
0 -13.40000 -0.53000 -0.58000 -1.00000 0.00000 0.00000 -0.09540 -0.10440 1 0 1.0
0 -13.40000 -0.53000 0.88000 -1.00000 0.00000 0.00000 -0.09540 0.15840 1 0 1.0
0 -13.40000 0.53000 0.88000 -1.00000 0.00000 0.00000 0.09540 0.15840 1 0 1.0
bag_metal
0 -13.40000 -0.53000 -0.58000 -1.00000 0.00000 0.00000 -0.09540 -0.10440 1 0 1.0
0 -13.40000 0.53000 0.88000 -1.00000 0.00000 0.00000 0.09540 0.15840 1 0 1.0
0 -13.40000 0.53000 -0.58000 -1.00000 0.00000 0.00000 0.09540 -0.10440 1 0 1.0
bag_metal
0 -13.12000 -0.65000 -0.58000 0.00000 -1.00000 0.00000 -2.36160 -0.10440 1 0 1.0
0 -13.12000 -0.65000 0.88000 0.00000 -1.00000 0.00000 -2.36160 0.15840 1 0 1.0
0 -13.28000 -0.65000 0.88000 0.00000 -1.00000 0.00000 -2.39040 0.15840 1 0 1.0
bag_metal
0 -13.12000 -0.65000 -0.58000 0.00000 -1.00000 0.00000 -2.36160 -0.10440 1 0 1.0
0 -13.28000 -0.65000 0.88000 0.00000 -1.00000 0.00000 -2.39040 0.15840 1 0 1.0
0 -13.28000 -0.65000 -0.58000 0.00000 -1.00000 0.00000 -2.39040 -0.10440 1 0 1.0
bag_metal
0 -13.12000 0.53000 1.00000 0.00000 0.00000 1.00000 -2.36160 0.09540 1 0 1.0
0 -13.28000 0.53000 1.00000 0.00000 0.00000 1.00000 -2.39040 0.09540 1 0 1.0
0 -13.28000 -0.53000 1.00000 0.00000 0.00000 1.00000 -2.39040 -0.09540 1 0 1.0
bag_metal
0 -13.12000 0.53000 1.00000 0.00000 0.00000 1.00000 -2.36160 0.09540 1 0 1.0
0 -13.28000 -0.53000 1.00000 0.00000 0.00000 1.00000 -2.39040 -0.09540 1 0 1.0
0 -13.12000 -0.53000 1.00000 0.00000 0.00000 1.00000 -2.36160 -0.09540 1 0 1.0
bag_metal
0 -13.28000 0.65000 -0.58000 0.00000 1.00000 0.00000 -2.39040 -0.10440 1 0 1.0
0 -13.28000 0.65000 0.88000 0.00000 1.00000 0.00000 -2.39040 0.15840 1 0 1.0
0 -13.12000 0.65000 0.88000 0.00000 1.00000 0.00000 -2.36160 0.15840 1 0 1.0
bag_metal
0 -13.28000 0.65000 -0.58000 0.00000 1.00000 0.00000 -2.39040 -0.10440 1 0 1.0
0 -13.12000 0.65000 0.88000 0.00000 1.00000 0.00000 -2.36160 0.15840 1 0 1.0
0 -13.12000 0.65000 -0.58000 0.00000 1.00000 0.00000 -2.36160 -0.10440 1 0 1.0
bag_metal
0 -13.00000 0.53000 -0.58000 1.00000 0.00000 0.00000 0.09540 -0.10440 1 0 1.0
0 -13.00000 0.53000 0.88000 1.00000 0.00000 0.00000 0.09540 0.15840 1 0 1.0
0 -13.00000 -0.53000 0.88000 1.00000 0.00000 0.00000 -0.09540 0.15840 1 0 1.0
bag_metal
0 -13.00000 0.53000 -0.58000 1.00000 0.00000 0.00000 0.09540 -0.10440 1 0 1.0
0 -13.00000 -0.53000 0.88000 1.00000 0.00000 0.00000 -0.09540 0.15840 1 0 1.0
0 -13.00000 -0.53000 -0.58000 1.00000 0.00000 0.00000 -0.09540 -0.10440 1 0 1.0
bag_inner
0 -1.44000 -4.79000 0.72500 -0.57735 -0.57735 -0.57735 -0.86220 0.13050 1 0 1.0
0 -1.44000 -4.85000 0.78500 -0.57735 -0.57735 -0.57735 -0.87300 0.14130 1 0 1.0
0 -1.50000 -4.79000 0.78500 -0.57735 -0.57735 -0.57735 -0.86220 0.14130 1 0 1.0
bag_inner
0 -1.44000 -4.85000 0.81500 -0.57735 -0.57735 0.57735 -0.87300 0.14670 1 0 1.0
0 -1.44000 -4.79000 0.87500 -0.57735 -0.57735 0.57735 -0.86220 0.15750 1 0 1.0
0 -1.50000 -4.79000 0.81500 -0.57735 -0.57735 0.57735 -0.86220 0.14670 1 0 1.0
bag_inner
0 -1.44000 4.79000 0.72500 -0.57735 0.57735 -0.57735 0.86220 0.13050 1 0 1.0
0 -1.50000 4.79000 0.78500 -0.57735 0.57735 -0.57735 0.86220 0.14130 1 0 1.0
0 -1.44000 4.85000 0.78500 -0.57735 0.57735 -0.57735 0.87300 0.14130 1 0 1.0
bag_inner
0 -1.44000 4.79000 0.87500 -0.57735 0.57735 0.57735 0.86220 0.15750 1 0 1.0
0 -1.44000 4.85000 0.81500 -0.57735 0.57735 0.57735 0.87300 0.14670 1 0 1.0
0 -1.50000 4.79000 0.81500 -0.57735 0.57735 0.57735 0.86220 0.14670 1 0 1.0
bag_inner
0 1.44000 -4.79000 0.72500 0.57735 -0.57735 -0.57735 -0.86220 0.13050 1 0 1.0
0 1.50000 -4.79000 0.78500 0.57735 -0.57735 -0.57735 -0.86220 0.14130 1 0 1.0
0 1.44000 -4.85000 0.78500 0.57735 -0.57735 -0.57735 -0.87300 0.14130 1 0 1.0
bag_inner
0 1.44000 -4.79000 0.87500 0.57735 -0.57735 0.57735 -0.86220 0.15750 1 0 1.0
0 1.44000 -4.85000 0.81500 0.57735 -0.57735 0.57735 -0.87300 0.14670 1 0 1.0
0 1.50000 -4.79000 0.81500 0.57735 -0.57735 0.57735 -0.86220 0.14670 1 0 1.0
bag_inner
0 1.44000 4.79000 0.72500 0.57735 0.57735 -0.57735 0.86220 0.13050 1 0 1.0
0 1.44000 4.85000 0.78500 0.57735 0.57735 -0.57735 0.87300 0.14130 1 0 1.0
0 1.50000 4.79000 0.78500 0.57735 0.57735 -0.57735 0.86220 0.14130 1 0 1.0
bag_inner
0 1.44000 4.79000 0.87500 0.57735 0.57735 0.57735 0.86220 0.15750 1 0 1.0
0 1.50000 4.79000 0.81500 0.57735 0.57735 0.57735 0.86220 0.14670 1 0 1.0
0 1.44000 4.85000 0.81500 0.57735 0.57735 0.57735 0.87300 0.14670 1 0 1.0
bag_inner
0 -1.44000 4.79000 0.72500 -0.70711 0.00000 -0.70711 0.86220 0.13050 1 0 1.0
0 -1.44000 -4.79000 0.72500 -0.70711 0.00000 -0.70711 -0.86220 0.13050 1 0 1.0
0 -1.50000 -4.79000 0.78500 -0.70711 0.00000 -0.70711 -0.86220 0.14130 1 0 1.0
bag_inner
0 -1.44000 4.79000 0.72500 -0.70711 0.00000 -0.70711 0.86220 0.13050 1 0 1.0
0 -1.50000 -4.79000 0.78500 -0.70711 0.00000 -0.70711 -0.86220 0.14130 1 0 1.0
0 -1.50000 4.79000 0.78500 -0.70711 0.00000 -0.70711 0.86220 0.14130 1 0 1.0
bag_inner
0 -1.44000 -4.85000 0.78500 -0.70711 -0.70711 0.00000 -0.87300 0.14130 1 0 1.0
0 -1.44000 -4.85000 0.81500 -0.70711 -0.70711 0.00000 -0.87300 0.14670 1 0 1.0
0 -1.50000 -4.79000 0.81500 -0.70711 -0.70711 0.00000 -0.86220 0.14670 1 0 1.0
bag_inner
0 -1.44000 -4.85000 0.78500 -0.70711 -0.70711 0.00000 -0.87300 0.14130 1 0 1.0
0 -1.50000 -4.79000 0.81500 -0.70711 -0.70711 0.00000 -0.86220 0.14670 1 0 1.0
0 -1.50000 -4.79000 0.78500 -0.70711 -0.70711 0.00000 -0.86220 0.14130 1 0 1.0
bag_inner
0 -1.44000 -4.79000 0.87500 -0.70711 0.00000 0.70711 -0.86220 0.15750 1 0 1.0
0 -1.44000 4.79000 0.87500 -0.70711 0.00000 0.70711 0.86220 0.15750 1 0 1.0
0 -1.50000 4.79000 0.81500 -0.70711 0.00000 0.70711 0.86220 0.14670 1 0 1.0
bag_inner
0 -1.44000 -4.79000 0.87500 -0.70711 0.00000 0.70711 -0.86220 0.15750 1 0 1.0
0 -1.50000 4.79000 0.81500 -0.70711 0.00000 0.70711 0.86220 0.14670 1 0 1.0
0 -1.50000 -4.79000 0.81500 -0.70711 0.00000 0.70711 -0.86220 0.14670 1 0 1.0
bag_inner
0 -1.44000 4.85000 0.81500 -0.70711 0.70711 0.00000 0.87300 0.14670 1 0 1.0
0 -1.44000 4.85000 0.78500 -0.70711 0.70711 0.00000 0.87300 0.14130 1 0 1.0
0 -1.50000 4.79000 0.78500 -0.70711 0.70711 0.00000 0.86220 0.14130 1 0 1.0
bag_inner
0 -1.44000 4.85000 0.81500 -0.70711 0.70711 0.00000 0.87300 0.14670 1 0 1.0
0 -1.50000 4.79000 0.78500 -0.70711 0.70711 0.00000 0.86220 0.14130 1 0 1.0
0 -1.50000 4.79000 0.81500 -0.70711 0.70711 0.00000 0.86220 0.14670 1 0 1.0
bag_inner
0 1.44000 4.79000 0.72500 0.00000 0.70711 -0.70711 0.25920 0.13050 1 0 1.0
0 -1.44000 4.79000 0.72500 0.00000 0.70711 -0.70711 -0.25920 0.13050 1 0 1.0
0 -1.44000 4.85000 0.78500 0.00000 0.70711 -0.70711 -0.25920 0.14130 1 0 1.0
bag_inner
0 1.44000 4.79000 0.72500 0.00000 0.70711 -0.70711 0.25920 0.13050 1 0 1.0
0 -1.44000 4.85000 0.78500 0.00000 0.70711 -0.70711 -0.25920 0.14130 1 0 1.0
0 1.44000 4.85000 0.78500 0.00000 0.70711 -0.70711 0.25920 0.14130 1 0 1.0
bag_inner
0 -1.44000 4.79000 0.87500 0.00000 0.70711 0.70711 -0.25920 0.15750 1 0 1.0
0 1.44000 4.79000 0.87500 0.00000 0.70711 0.70711 0.25920 0.15750 1 0 1.0
0 1.44000 4.85000 0.81500 0.00000 0.70711 0.70711 0.25920 0.14670 1 0 1.0
bag_inner
0 -1.44000 4.79000 0.87500 0.00000 0.70711 0.70711 -0.25920 0.15750 1 0 1.0
0 1.44000 4.85000 0.81500 0.00000 0.70711 0.70711 0.25920 0.14670 1 0 1.0
0 -1.44000 4.85000 0.81500 0.00000 0.70711 0.70711 -0.25920 0.14670 1 0 1.0
bag_inner
0 1.50000 4.79000 0.81500 0.70711 0.70711 0.00000 0.86220 0.14670 1 0 1.0
0 1.50000 4.79000 0.78500 0.70711 0.70711 0.00000 0.86220 0.14130 1 0 1.0
0 1.44000 4.85000 0.78500 0.70711 0.70711 0.00000 0.87300 0.14130 1 0 1.0
bag_inner
0 1.50000 4.79000 0.81500 0.70711 0.70711 0.00000 0.86220 0.14670 1 0 1.0
0 1.44000 4.85000 0.78500 0.70711 0.70711 0.00000 0.87300 0.14130 1 0 1.0
0 1.44000 4.85000 0.81500 0.70711 0.70711 0.00000 0.87300 0.14670 1 0 1.0
bag_inner
0 1.44000 -4.79000 0.72500 0.70711 0.00000 -0.70711 -0.86220 0.13050 1 0 1.0
0 1.44000 4.79000 0.72500 0.70711 0.00000 -0.70711 0.86220 0.13050 1 0 1.0
0 1.50000 4.79000 0.78500 0.70711 0.00000 -0.70711 0.86220 0.14130 1 0 1.0
bag_inner
0 1.44000 -4.79000 0.72500 0.70711 0.00000 -0.70711 -0.86220 0.13050 1 0 1.0
0 1.50000 4.79000 0.78500 0.70711 0.00000 -0.70711 0.86220 0.14130 1 0 1.0
0 1.50000 -4.79000 0.78500 0.70711 0.00000 -0.70711 -0.86220 0.14130 1 0 1.0
bag_inner
0 1.44000 4.79000 0.87500 0.70711 0.00000 0.70711 0.86220 0.15750 1 0 1.0
0 1.44000 -4.79000 0.87500 0.70711 0.00000 0.70711 -0.86220 0.15750 1 0 1.0
0 1.50000 -4.79000 0.81500 0.70711 0.00000 0.70711 -0.86220 0.14670 1 0 1.0
bag_inner
0 1.44000 4.79000 0.87500 0.70711 0.00000 0.70711 0.86220 0.15750 1 0 1.0
0 1.50000 -4.79000 0.81500 0.70711 0.00000 0.70711 -0.86220 0.14670 1 0 1.0
0 1.50000 4.79000 0.81500 0.70711 0.00000 0.70711 0.86220 0.14670 1 0 1.0
bag_inner
0 1.44000 -4.85000 0.81500 0.70711 -0.70711 0.00000 -0.87300 0.14670 1 0 1.0
0 1.44000 -4.85000 0.78500 0.70711 -0.70711 0.00000 -0.87300 0.14130 1 0 1.0
0 1.50000 -4.79000 0.78500 0.70711 -0.70711 0.00000 -0.86220 0.14130 1 0 1.0
bag_inner
0 1.44000 -4.85000 0.81500 0.70711 -0.70711 0.00000 -0.87300 0.14670 1 0 1.0
0 1.50000 -4.79000 0.78500 0.70711 -0.70711 0.00000 -0.86220 0.14130 1 0 1.0
0 1.50000 -4.79000 0.81500 0.70711 -0.70711 0.00000 -0.86220 0.14670 1 0 1.0
bag_inner
0 -1.44000 -4.79000 0.72500 0.00000 -0.70711 -0.70711 -0.25920 0.13050 1 0 1.0
0 1.44000 -4.79000 0.72500 0.00000 -0.70711 -0.70711 0.25920 0.13050 1 0 1.0
0 1.44000 -4.85000 0.78500 0.00000 -0.70711 -0.70711 0.25920 0.14130 1 0 1.0
bag_inner
0 -1.44000 -4.79000 0.72500 0.00000 -0.70711 -0.70711 -0.25920 0.13050 1 0 1.0
0 1.44000 -4.85000 0.78500 0.00000 -0.70711 -0.70711 0.25920 0.14130 1 0 1.0
0 -1.44000 -4.85000 0.78500 0.00000 -0.70711 -0.70711 -0.25920 0.14130 1 0 1.0
bag_inner
0 1.44000 -4.79000 0.87500 0.00000 -0.70711 0.70711 0.25920 0.15750 1 0 1.0
0 -1.44000 -4.79000 0.87500 0.00000 -0.70711 0.70711 -0.25920 0.15750 1 0 1.0
0 -1.44000 -4.85000 0.81500 0.00000 -0.70711 0.70711 -0.25920 0.14670 1 0 1.0
bag_inner
0 1.44000 -4.79000 0.87500 0.00000 -0.70711 0.70711 0.25920 0.15750 1 0 1.0
0 -1.44000 -4.85000 0.81500 0.00000 -0.70711 0.70711 -0.25920 0.14670 1 0 1.0
0 1.44000 -4.85000 0.81500 0.00000 -0.70711 0.70711 0.25920 0.14670 1 0 1.0
bag_inner
0 -1.44000 4.79000 0.72500 0.00000 0.00000 -1.00000 -0.25920 0.86220 1 0 1.0
0 1.44000 4.79000 0.72500 0.00000 0.00000 -1.00000 0.25920 0.86220 1 0 1.0
0 1.44000 -4.79000 0.72500 0.00000 0.00000 -1.00000 0.25920 -0.86220 1 0 1.0
bag_inner
0 -1.44000 4.79000 0.72500 0.00000 0.00000 -1.00000 -0.25920 0.86220 1 0 1.0
0 1.44000 -4.79000 0.72500 0.00000 0.00000 -1.00000 0.25920 -0.86220 1 0 1.0
0 -1.44000 -4.79000 0.72500 0.00000 0.00000 -1.00000 -0.25920 -0.86220 1 0 1.0
bag_inner
0 -1.50000 -4.79000 0.78500 -1.00000 0.00000 0.00000 -0.86220 0.14130 1 0 1.0
0 -1.50000 -4.79000 0.81500 -1.00000 0.00000 0.00000 -0.86220 0.14670 1 0 1.0
0 -1.50000 4.79000 0.81500 -1.00000 0.00000 0.00000 0.86220 0.14670 1 0 1.0
bag_inner
0 -1.50000 -4.79000 0.78500 -1.00000 0.00000 0.00000 -0.86220 0.14130 1 0 1.0
0 -1.50000 4.79000 0.81500 -1.00000 0.00000 0.00000 0.86220 0.14670 1 0 1.0
0 -1.50000 4.79000 0.78500 -1.00000 0.00000 0.00000 0.86220 0.14130 1 0 1.0
bag_inner
0 1.44000 -4.85000 0.78500 0.00000 -1.00000 0.00000 0.25920 0.14130 1 0 1.0
0 1.44000 -4.85000 0.81500 0.00000 -1.00000 0.00000 0.25920 0.14670 1 0 1.0
0 -1.44000 -4.85000 0.81500 0.00000 -1.00000 0.00000 -0.25920 0.14670 1 0 1.0
bag_inner
0 1.44000 -4.85000 0.78500 0.00000 -1.00000 0.00000 0.25920 0.14130 1 0 1.0
0 -1.44000 -4.85000 0.81500 0.00000 -1.00000 0.00000 -0.25920 0.14670 1 0 1.0
0 -1.44000 -4.85000 0.78500 0.00000 -1.00000 0.00000 -0.25920 0.14130 1 0 1.0
bag_inner
0 1.44000 4.79000 0.87500 0.00000 0.00000 1.00000 0.25920 0.86220 1 0 1.0
0 -1.44000 4.79000 0.87500 0.00000 0.00000 1.00000 -0.25920 0.86220 1 0 1.0
0 -1.44000 -4.79000 0.87500 0.00000 0.00000 1.00000 -0.25920 -0.86220 1 0 1.0
bag_inner
0 1.44000 4.79000 0.87500 0.00000 0.00000 1.00000 0.25920 0.86220 1 0 1.0
0 -1.44000 -4.79000 0.87500 0.00000 0.00000 1.00000 -0.25920 -0.86220 1 0 1.0
0 1.44000 -4.79000 0.87500 0.00000 0.00000 1.00000 0.25920 -0.86220 1 0 1.0
bag_inner
0 -1.44000 4.85000 0.78500 0.00000 1.00000 0.00000 -0.25920 0.14130 1 0 1.0
0 -1.44000 4.85000 0.81500 0.00000 1.00000 0.00000 -0.25920 0.14670 1 0 1.0
0 1.44000 4.85000 0.81500 0.00000 1.00000 0.00000 0.25920 0.14670 1 0 1.0
bag_inner
0 -1.44000 4.85000 0.78500 0.00000 1.00000 0.00000 -0.25920 0.14130 1 0 1.0
0 1.44000 4.85000 0.81500 0.00000 1.00000 0.00000 0.25920 0.14670 1 0 1.0
0 1.44000 4.85000 0.78500 0.00000 1.00000 0.00000 0.25920 0.14130 1 0 1.0
bag_inner
0 1.50000 4.79000 0.78500 1.00000 0.00000 0.00000 0.86220 0.14130 1 0 1.0
0 1.50000 4.79000 0.81500 1.00000 0.00000 0.00000 0.86220 0.14670 1 0 1.0
0 1.50000 -4.79000 0.81500 1.00000 0.00000 0.00000 -0.86220 0.14670 1 0 1.0
bag_inner
0 1.50000 4.79000 0.78500 1.00000 0.00000 0.00000 0.86220 0.14130 1 0 1.0
0 1.50000 -4.79000 0.81500 1.00000 0.00000 0.00000 -0.86220 0.14670 1 0 1.0
0 1.50000 -4.79000 0.78500 1.00000 0.00000 0.00000 -0.86220 0.14130 1 0 1.0
bag_accent
0 2.56000 -1.27000 -1.70000 -0.57735 -0.57735 -0.57735 -0.22860 -0.30600 1 0 1.0
0 2.56000 -1.30000 -1.67000 -0.57735 -0.57735 -0.57735 -0.23400 -0.30060 1 0 1.0
0 2.53000 -1.27000 -1.67000 -0.57735 -0.57735 -0.57735 -0.22860 -0.30060 1 0 1.0
bag_accent
0 2.56000 -1.30000 -1.03000 -0.57735 -0.57735 0.57735 -0.23400 -0.18540 1 0 1.0
0 2.56000 -1.27000 -1.00000 -0.57735 -0.57735 0.57735 -0.22860 -0.18000 1 0 1.0
0 2.53000 -1.27000 -1.03000 -0.57735 -0.57735 0.57735 -0.22860 -0.18540 1 0 1.0
bag_accent
0 2.56000 1.27000 -1.70000 -0.57735 0.57735 -0.57735 0.22860 -0.30600 1 0 1.0
0 2.53000 1.27000 -1.67000 -0.57735 0.57735 -0.57735 0.22860 -0.30060 1 0 1.0
0 2.56000 1.30000 -1.67000 -0.57735 0.57735 -0.57735 0.23400 -0.30060 1 0 1.0
bag_accent
0 2.56000 1.27000 -1.00000 -0.57735 0.57735 0.57735 0.22860 -0.18000 1 0 1.0
0 2.56000 1.30000 -1.03000 -0.57735 0.57735 0.57735 0.23400 -0.18540 1 0 1.0
0 2.53000 1.27000 -1.03000 -0.57735 0.57735 0.57735 0.22860 -0.18540 1 0 1.0
bag_accent
0 2.60000 -1.27000 -1.70000 0.57735 -0.57735 -0.57735 -0.22860 -0.30600 1 0 1.0
0 2.63000 -1.27000 -1.67000 0.57735 -0.57735 -0.57735 -0.22860 -0.30060 1 0 1.0
0 2.60000 -1.30000 -1.67000 0.57735 -0.57735 -0.57735 -0.23400 -0.30060 1 0 1.0
bag_accent
0 2.60000 -1.27000 -1.00000 0.57735 -0.57735 0.57735 -0.22860 -0.18000 1 0 1.0
0 2.60000 -1.30000 -1.03000 0.57735 -0.57735 0.57735 -0.23400 -0.18540 1 0 1.0
0 2.63000 -1.27000 -1.03000 0.57735 -0.57735 0.57735 -0.22860 -0.18540 1 0 1.0
bag_accent
0 2.60000 1.27000 -1.70000 0.57735 0.57735 -0.57735 0.22860 -0.30600 1 0 1.0
0 2.60000 1.30000 -1.67000 0.57735 0.57735 -0.57735 0.23400 -0.30060 1 0 1.0
0 2.63000 1.27000 -1.67000 0.57735 0.57735 -0.57735 0.22860 -0.30060 1 0 1.0
bag_accent
0 2.60000 1.27000 -1.00000 0.57735 0.57735 0.57735 0.22860 -0.18000 1 0 1.0
0 2.63000 1.27000 -1.03000 0.57735 0.57735 0.57735 0.22860 -0.18540 1 0 1.0
0 2.60000 1.30000 -1.03000 0.57735 0.57735 0.57735 0.23400 -0.18540 1 0 1.0
bag_accent
0 2.56000 1.27000 -1.70000 -0.70711 0.00000 -0.70711 0.22860 -0.30600 1 0 1.0
0 2.56000 -1.27000 -1.70000 -0.70711 0.00000 -0.70711 -0.22860 -0.30600 1 0 1.0
0 2.53000 -1.27000 -1.67000 -0.70711 0.00000 -0.70711 -0.22860 -0.30060 1 0 1.0
bag_accent
0 2.56000 1.27000 -1.70000 -0.70711 0.00000 -0.70711 0.22860 -0.30600 1 0 1.0
0 2.53000 -1.27000 -1.67000 -0.70711 0.00000 -0.70711 -0.22860 -0.30060 1 0 1.0
0 2.53000 1.27000 -1.67000 -0.70711 0.00000 -0.70711 0.22860 -0.30060 1 0 1.0
bag_accent
0 2.56000 -1.30000 -1.67000 -0.70711 -0.70711 0.00000 -0.23400 -0.30060 1 0 1.0
0 2.56000 -1.30000 -1.03000 -0.70711 -0.70711 0.00000 -0.23400 -0.18540 1 0 1.0
0 2.53000 -1.27000 -1.03000 -0.70711 -0.70711 0.00000 -0.22860 -0.18540 1 0 1.0
bag_accent
0 2.56000 -1.30000 -1.67000 -0.70711 -0.70711 0.00000 -0.23400 -0.30060 1 0 1.0
0 2.53000 -1.27000 -1.03000 -0.70711 -0.70711 0.00000 -0.22860 -0.18540 1 0 1.0
0 2.53000 -1.27000 -1.67000 -0.70711 -0.70711 0.00000 -0.22860 -0.30060 1 0 1.0
bag_accent
0 2.56000 -1.27000 -1.00000 -0.70711 0.00000 0.70711 -0.22860 -0.18000 1 0 1.0
0 2.56000 1.27000 -1.00000 -0.70711 0.00000 0.70711 0.22860 -0.18000 1 0 1.0
0 2.53000 1.27000 -1.03000 -0.70711 0.00000 0.70711 0.22860 -0.18540 1 0 1.0
bag_accent
0 2.56000 -1.27000 -1.00000 -0.70711 0.00000 0.70711 -0.22860 -0.18000 1 0 1.0
0 2.53000 1.27000 -1.03000 -0.70711 0.00000 0.70711 0.22860 -0.18540 1 0 1.0
0 2.53000 -1.27000 -1.03000 -0.70711 0.00000 0.70711 -0.22860 -0.18540 1 0 1.0
bag_accent
0 2.56000 1.30000 -1.03000 -0.70711 0.70711 0.00000 0.23400 -0.18540 1 0 1.0
0 2.56000 1.30000 -1.67000 -0.70711 0.70711 0.00000 0.23400 -0.30060 1 0 1.0
0 2.53000 1.27000 -1.67000 -0.70711 0.70711 0.00000 0.22860 -0.30060 1 0 1.0
bag_accent
0 2.56000 1.30000 -1.03000 -0.70711 0.70711 0.00000 0.23400 -0.18540 1 0 1.0
0 2.53000 1.27000 -1.67000 -0.70711 0.70711 0.00000 0.22860 -0.30060 1 0 1.0
0 2.53000 1.27000 -1.03000 -0.70711 0.70711 0.00000 0.22860 -0.18540 1 0 1.0
bag_accent
0 2.60000 1.27000 -1.70000 0.00000 0.70711 -0.70711 0.46800 -0.30600 1 0 1.0
0 2.56000 1.27000 -1.70000 0.00000 0.70711 -0.70711 0.46080 -0.30600 1 0 1.0
0 2.56000 1.30000 -1.67000 0.00000 0.70711 -0.70711 0.46080 -0.30060 1 0 1.0
bag_accent
0 2.60000 1.27000 -1.70000 0.00000 0.70711 -0.70711 0.46800 -0.30600 1 0 1.0
0 2.56000 1.30000 -1.67000 0.00000 0.70711 -0.70711 0.46080 -0.30060 1 0 1.0
0 2.60000 1.30000 -1.67000 0.00000 0.70711 -0.70711 0.46800 -0.30060 1 0 1.0
bag_accent
0 2.56000 1.27000 -1.00000 0.00000 0.70711 0.70711 0.46080 -0.18000 1 0 1.0
0 2.60000 1.27000 -1.00000 0.00000 0.70711 0.70711 0.46800 -0.18000 1 0 1.0
0 2.60000 1.30000 -1.03000 0.00000 0.70711 0.70711 0.46800 -0.18540 1 0 1.0
bag_accent
0 2.56000 1.27000 -1.00000 0.00000 0.70711 0.70711 0.46080 -0.18000 1 0 1.0
0 2.60000 1.30000 -1.03000 0.00000 0.70711 0.70711 0.46800 -0.18540 1 0 1.0
0 2.56000 1.30000 -1.03000 0.00000 0.70711 0.70711 0.46080 -0.18540 1 0 1.0
bag_accent
0 2.63000 1.27000 -1.03000 0.70711 0.70711 0.00000 0.22860 -0.18540 1 0 1.0
0 2.63000 1.27000 -1.67000 0.70711 0.70711 0.00000 0.22860 -0.30060 1 0 1.0
0 2.60000 1.30000 -1.67000 0.70711 0.70711 0.00000 0.23400 -0.30060 1 0 1.0
bag_accent
0 2.63000 1.27000 -1.03000 0.70711 0.70711 0.00000 0.22860 -0.18540 1 0 1.0
0 2.60000 1.30000 -1.67000 0.70711 0.70711 0.00000 0.23400 -0.30060 1 0 1.0
0 2.60000 1.30000 -1.03000 0.70711 0.70711 0.00000 0.23400 -0.18540 1 0 1.0
bag_accent
0 2.60000 -1.27000 -1.70000 0.70711 0.00000 -0.70711 -0.22860 -0.30600 1 0 1.0
0 2.60000 1.27000 -1.70000 0.70711 0.00000 -0.70711 0.22860 -0.30600 1 0 1.0
0 2.63000 1.27000 -1.67000 0.70711 0.00000 -0.70711 0.22860 -0.30060 1 0 1.0
bag_accent
0 2.60000 -1.27000 -1.70000 0.70711 0.00000 -0.70711 -0.22860 -0.30600 1 0 1.0
0 2.63000 1.27000 -1.67000 0.70711 0.00000 -0.70711 0.22860 -0.30060 1 0 1.0
0 2.63000 -1.27000 -1.67000 0.70711 0.00000 -0.70711 -0.22860 -0.30060 1 0 1.0
bag_accent
0 2.60000 1.27000 -1.00000 0.70711 0.00000 0.70711 0.22860 -0.18000 1 0 1.0
0 2.60000 -1.27000 -1.00000 0.70711 0.00000 0.70711 -0.22860 -0.18000 1 0 1.0
0 2.63000 -1.27000 -1.03000 0.70711 0.00000 0.70711 -0.22860 -0.18540 1 0 1.0
bag_accent
0 2.60000 1.27000 -1.00000 0.70711 0.00000 0.70711 0.22860 -0.18000 1 0 1.0
0 2.63000 -1.27000 -1.03000 0.70711 0.00000 0.70711 -0.22860 -0.18540 1 0 1.0
0 2.63000 1.27000 -1.03000 0.70711 0.00000 0.70711 0.22860 -0.18540 1 0 1.0
bag_accent
0 2.60000 -1.30000 -1.03000 0.70711 -0.70711 0.00000 -0.23400 -0.18540 1 0 1.0
0 2.60000 -1.30000 -1.67000 0.70711 -0.70711 0.00000 -0.23400 -0.30060 1 0 1.0
0 2.63000 -1.27000 -1.67000 0.70711 -0.70711 0.00000 -0.22860 -0.30060 1 0 1.0
bag_accent
0 2.60000 -1.30000 -1.03000 0.70711 -0.70711 0.00000 -0.23400 -0.18540 1 0 1.0
0 2.63000 -1.27000 -1.67000 0.70711 -0.70711 0.00000 -0.22860 -0.30060 1 0 1.0
0 2.63000 -1.27000 -1.03000 0.70711 -0.70711 0.00000 -0.22860 -0.18540 1 0 1.0
bag_accent
0 2.56000 -1.27000 -1.70000 0.00000 -0.70711 -0.70711 0.46080 -0.30600 1 0 1.0
0 2.60000 -1.27000 -1.70000 0.00000 -0.70711 -0.70711 0.46800 -0.30600 1 0 1.0
0 2.60000 -1.30000 -1.67000 0.00000 -0.70711 -0.70711 0.46800 -0.30060 1 0 1.0
bag_accent
0 2.56000 -1.27000 -1.70000 0.00000 -0.70711 -0.70711 0.46080 -0.30600 1 0 1.0
0 2.60000 -1.30000 -1.67000 0.00000 -0.70711 -0.70711 0.46800 -0.30060 1 0 1.0
0 2.56000 -1.30000 -1.67000 0.00000 -0.70711 -0.70711 0.46080 -0.30060 1 0 1.0
bag_accent
0 2.60000 -1.27000 -1.00000 0.00000 -0.70711 0.70711 0.46800 -0.18000 1 0 1.0
0 2.56000 -1.27000 -1.00000 0.00000 -0.70711 0.70711 0.46080 -0.18000 1 0 1.0
0 2.56000 -1.30000 -1.03000 0.00000 -0.70711 0.70711 0.46080 -0.18540 1 0 1.0
bag_accent
0 2.60000 -1.27000 -1.00000 0.00000 -0.70711 0.70711 0.46800 -0.18000 1 0 1.0
0 2.56000 -1.30000 -1.03000 0.00000 -0.70711 0.70711 0.46080 -0.18540 1 0 1.0
0 2.60000 -1.30000 -1.03000 0.00000 -0.70711 0.70711 0.46800 -0.18540 1 0 1.0
bag_accent
0 2.56000 1.27000 -1.70000 0.00000 0.00000 -1.00000 0.46080 0.22860 1 0 1.0
0 2.60000 1.27000 -1.70000 0.00000 0.00000 -1.00000 0.46800 0.22860 1 0 1.0
0 2.60000 -1.27000 -1.70000 0.00000 0.00000 -1.00000 0.46800 -0.22860 1 0 1.0
bag_accent
0 2.56000 1.27000 -1.70000 0.00000 0.00000 -1.00000 0.46080 0.22860 1 0 1.0
0 2.60000 -1.27000 -1.70000 0.00000 0.00000 -1.00000 0.46800 -0.22860 1 0 1.0
0 2.56000 -1.27000 -1.70000 0.00000 0.00000 -1.00000 0.46080 -0.22860 1 0 1.0
bag_accent
0 2.53000 -1.27000 -1.67000 -1.00000 0.00000 0.00000 -0.22860 -0.30060 1 0 1.0
0 2.53000 -1.27000 -1.03000 -1.00000 0.00000 0.00000 -0.22860 -0.18540 1 0 1.0
0 2.53000 1.27000 -1.03000 -1.00000 0.00000 0.00000 0.22860 -0.18540 1 0 1.0
bag_accent
0 2.53000 -1.27000 -1.67000 -1.00000 0.00000 0.00000 -0.22860 -0.30060 1 0 1.0
0 2.53000 1.27000 -1.03000 -1.00000 0.00000 0.00000 0.22860 -0.18540 1 0 1.0
0 2.53000 1.27000 -1.67000 -1.00000 0.00000 0.00000 0.22860 -0.30060 1 0 1.0
bag_accent
0 2.60000 -1.30000 -1.67000 0.00000 -1.00000 0.00000 0.46800 -0.30060 1 0 1.0
0 2.60000 -1.30000 -1.03000 0.00000 -1.00000 0.00000 0.46800 -0.18540 1 0 1.0
0 2.56000 -1.30000 -1.03000 0.00000 -1.00000 0.00000 0.46080 -0.18540 1 0 1.0
bag_accent
0 2.60000 -1.30000 -1.67000 0.00000 -1.00000 0.00000 0.46800 -0.30060 1 0 1.0
0 2.56000 -1.30000 -1.03000 0.00000 -1.00000 0.00000 0.46080 -0.18540 1 0 1.0
0 2.56000 -1.30000 -1.67000 0.00000 -1.00000 0.00000 0.46080 -0.30060 1 0 1.0
bag_accent
0 2.60000 1.27000 -1.00000 0.00000 0.00000 1.00000 0.46800 0.22860 1 0 1.0
0 2.56000 1.27000 -1.00000 0.00000 0.00000 1.00000 0.46080 0.22860 1 0 1.0
0 2.56000 -1.27000 -1.00000 0.00000 0.00000 1.00000 0.46080 -0.22860 1 0 1.0
bag_accent
0 2.60000 1.27000 -1.00000 0.00000 0.00000 1.00000 0.46800 0.22860 1 0 1.0
0 2.56000 -1.27000 -1.00000 0.00000 0.00000 1.00000 0.46080 -0.22860 1 0 1.0
0 2.60000 -1.27000 -1.00000 0.00000 0.00000 1.00000 0.46800 -0.22860 1 0 1.0
bag_accent
0 2.56000 1.30000 -1.67000 0.00000 1.00000 0.00000 0.46080 -0.30060 1 0 1.0
0 2.56000 1.30000 -1.03000 0.00000 1.00000 0.00000 0.46080 -0.18540 1 0 1.0
0 2.60000 1.30000 -1.03000 0.00000 1.00000 0.00000 0.46800 -0.18540 1 0 1.0
bag_accent
0 2.56000 1.30000 -1.67000 0.00000 1.00000 0.00000 0.46080 -0.30060 1 0 1.0
0 2.60000 1.30000 -1.03000 0.00000 1.00000 0.00000 0.46800 -0.18540 1 0 1.0
0 2.60000 1.30000 -1.67000 0.00000 1.00000 0.00000 0.46800 -0.30060 1 0 1.0
bag_accent
0 2.63000 1.27000 -1.67000 1.00000 0.00000 0.00000 0.22860 -0.30060 1 0 1.0
0 2.63000 1.27000 -1.03000 1.00000 0.00000 0.00000 0.22860 -0.18540 1 0 1.0
0 2.63000 -1.27000 -1.03000 1.00000 0.00000 0.00000 -0.22860 -0.18540 1 0 1.0
bag_accent
0 2.63000 1.27000 -1.67000 1.00000 0.00000 0.00000 0.22860 -0.30060 1 0 1.0
0 2.63000 -1.27000 -1.03000 1.00000 0.00000 0.00000 -0.22860 -0.18540 1 0 1.0
0 2.63000 -1.27000 -1.67000 1.00000 0.00000 0.00000 -0.22860 -0.30060 1 0 1.0
end
